{
  "molecule_type": 2,
  "distance": 1.0,
  "ham_name": "H2_sto-3g_singlet_distance_100_charge_0",
  "num_qubits": 4,
  "epsilon_total": 0.001,
  "random_prefactor": 1.0,
  "ld_values": [
    0,
    2,
    4
  ],
  "pf_labels": [
    "2nd",
    "8th(Morales)"
  ],
  "total_terms": 14,
  "best": {
    "pf_label": "2nd",
    "order": 2,
    "ld": 4,
    "deterministic_step_cost": 7,
    "lambda_r": 0.9443059731867639,
    "c_gs": 0.0,
    "fit_slope": null,
    "fit_coeff": null,
    "eps_qpe": 0.001,
    "eps_trot": 0.0,
    "g_det": 0.0,
    "g_rand": 891713.7709962013,
    "g_total": 891713.7709962013,
    "t_values": [
      0.73,
      0.732,
      0.734,
      0.736,
      0.738
    ],
    "perturbation_errors": [
      2.3286799264155695e-17,
      7.545334569054962e-17,
      9.628151348000998e-17,
      9.533611553910067e-18,
      5.743751108028694e-17
    ]
  },
  "candidates": [
    {
      "pf_label": "2nd",
      "order": 2,
      "ld": 0,
      "deterministic_step_cost": 0,
      "lambda_r": 1.575027666364643,
      "c_gs": 0.0,
      "fit_slope": null,
      "fit_coeff": null,
      "eps_qpe": 0.001,
      "eps_trot": 0.0,
      "g_det": 0.0,
      "g_rand": 2480712.1498140534,
      "g_total": 2480712.1498140534,
      "t_values": [],
      "perturbation_errors": []
    },
    {
      "pf_label": "8th(Morales)",
      "order": 8,
      "ld": 0,
      "deterministic_step_cost": 0,
      "lambda_r": 1.575027666364643,
      "c_gs": 0.0,
      "fit_slope": null,
      "fit_coeff": null,
      "eps_qpe": 0.001,
      "eps_trot": 0.0,
      "g_det": 0.0,
      "g_rand": 2480712.1498140534,
      "g_total": 2480712.1498140534,
      "t_values": [],
      "perturbation_errors": []
    },
    {
      "pf_label": "2nd",
      "order": 2,
      "ld": 2,
      "deterministic_step_cost": 3,
      "lambda_r": 1.25515935474662,
      "c_gs": 0.0,
      "fit_slope": null,
      "fit_coeff": null,
      "eps_qpe": 0.001,
      "eps_trot": 0.0,
      "g_det": 0.0,
      "g_rand": 1575425.0058079516,
      "g_total": 1575425.0058079516,
      "t_values": [
        0.73,
        0.732,
        0.734,
        0.736,
        0.738
      ],
      "perturbation_errors": [
        2.4178357983837877e-16,
        1.9912733984271904e-16,
        3.6170688179560917e-16,
        2.323307256250966e-16,
        2.4942700464322e-16
      ]
    },
    {
      "pf_label": "8th(Morales)",
      "order": 8,
      "ld": 2,
      "deterministic_step_cost": 35,
      "lambda_r": 1.25515935474662,
      "c_gs": 0.0,
      "fit_slope": null,
      "fit_coeff": null,
      "eps_qpe": 0.001,
      "eps_trot": 0.0,
      "g_det": 0.0,
      "g_rand": 1575425.0058079516,
      "g_total": 1575425.0058079516,
      "t_values": [
        2.21,
        2.212,
        2.214,
        2.216,
        2.218
      ],
      "perturbation_errors": [
        2.4275503317838575e-16,
        1.7062436379907166e-16,
        1.912561702609848e-16,
        1.2822496729722e-16,
        8.036257624220557e-17
      ]
    },
    {
      "pf_label": "2nd",
      "order": 2,
      "ld": 4,
      "deterministic_step_cost": 7,
      "lambda_r": 0.9443059731867639,
      "c_gs": 0.0,
      "fit_slope": null,
      "fit_coeff": null,
      "eps_qpe": 0.001,
      "eps_trot": 0.0,
      "g_det": 0.0,
      "g_rand": 891713.7709962013,
      "g_total": 891713.7709962013,
      "t_values": [
        0.73,
        0.732,
        0.734,
        0.736,
        0.738
      ],
      "perturbation_errors": [
        2.3286799264155695e-17,
        7.545334569054962e-17,
        9.628151348000998e-17,
        9.533611553910067e-18,
        5.743751108028694e-17
      ]
    },
    {
      "pf_label": "8th(Morales)",
      "order": 8,
      "ld": 4,
      "deterministic_step_cost": 103,
      "lambda_r": 0.9443059731867639,
      "c_gs": 0.0,
      "fit_slope": null,
      "fit_coeff": null,
      "eps_qpe": 0.001,
      "eps_trot": 0.0,
      "g_det": 0.0,
      "g_rand": 891713.7709962013,
      "g_total": 891713.7709962013,
      "t_values": [
        2.21,
        2.212,
        2.214,
        2.216,
        2.218
      ],
      "perturbation_errors": [
        8.094228702603955e-16,
        4.948430072891141e-15,
        2.920938318344877e-15,
        2.8300008228003762e-15,
        1.896925805795854e-15
      ]
    }
  ]
}