{
  "molecule_type": 2,
  "distance": 1.0,
  "ham_name": "H2_sto-3g_singlet_distance_100_charge_0",
  "num_qubits": 4,
  "epsilon_total": 0.001,
  "random_prefactor": null,
  "randomized_method": "qdrift",
  "g_rand_input": 1.0,
  "b0": 3.070543591450022,
  "kappa_mode": "sweep",
  "kappa_value": 2.0,
  "kappa_min": 1.0,
  "kappa_max": 32.0,
  "kappa_grid": [
    1.0,
    2.0,
    4.0
  ],
  "ld_values": [
    0,
    10
  ],
  "pf_labels": [
    "2nd"
  ],
  "total_terms": 14,
  "best": {
    "pf_label": "2nd",
    "order": 2,
    "ld": 10,
    "deterministic_step_cost": 19,
    "lambda_r": 0.19679058348547018,
    "c_gs": 0.0,
    "fit_slope": null,
    "fit_coeff": null,
    "q_opt": 0.999999,
    "eps_qpe_opt": 0.000999999,
    "eps_trot_opt": 1.4142132088478148e-06,
    "eps_qpe": 0.000999999,
    "eps_trot": 1.4142132088478148e-06,
    "kappa_opt": 2.0,
    "b_opt": 16.693205696259938,
    "boundary_hit_kappa": false,
    "boundary_hit_q": true,
    "randomized_method": "qdrift",
    "g_rand_input": 1.0,
    "b0": 3.070543591450022,
    "g_det": 0.0,
    "g_rand": 646471.286709655,
    "g_total": 646471.286709655,
    "t_values": [
      0.73,
      0.732,
      0.734,
      0.736,
      0.738
    ],
    "perturbation_errors": [
      3.948482482957953e-16,
      1.6436105909520874e-16,
      2.3107362366448764e-16,
      2.6062545880169813e-16,
      5.888066234283221e-16
    ],
    "kappa_sweep": [
      {
        "kappa": 1.0,
        "q_opt": 0.999999,
        "eps_qpe_opt": 0.000999999,
        "eps_trot_opt": 1.4142132088478148e-06,
        "b_value": 22.688418851436207,
        "boundary_hit_q": true,
        "g_det": 0.0,
        "g_rand": 878645.5756416961,
        "g_total": 878645.5756416961
      },
      {
        "kappa": 2.0,
        "q_opt": 0.999999,
        "eps_qpe_opt": 0.000999999,
        "eps_trot_opt": 1.4142132088478148e-06,
        "b_value": 16.693205696259938,
        "boundary_hit_q": true,
        "g_det": 0.0,
        "g_rand": 646471.286709655,
        "g_total": 646471.286709655
      },
      {
        "kappa": 4.0,
        "q_opt": 0.999999,
        "eps_qpe_opt": 0.000999999,
        "eps_trot_opt": 1.4142132088478148e-06,
        "b_value": 20.249882127342463,
        "boundary_hit_q": true,
        "g_det": 0.0,
        "g_rand": 784209.312026564,
        "g_total": 784209.312026564
      }
    ],
    "legacy_random_prefactor": null
  },
  "candidates": [
    {
      "pf_label": "2nd",
      "order": 2,
      "ld": 0,
      "deterministic_step_cost": 0,
      "lambda_r": 1.575027666364643,
      "c_gs": 0.0,
      "fit_slope": null,
      "fit_coeff": null,
      "q_opt": 0.999999,
      "eps_qpe_opt": 0.000999999,
      "eps_trot_opt": 1.4142132088478148e-06,
      "eps_qpe": 0.000999999,
      "eps_trot": 1.4142132088478148e-06,
      "kappa_opt": 2.0,
      "b_opt": 16.693205696259938,
      "boundary_hit_kappa": false,
      "boundary_hit_q": true,
      "randomized_method": "qdrift",
      "g_rand_input": 1.0,
      "b0": 3.070543591450022,
      "g_det": 0.0,
      "g_rand": 41411121.012257814,
      "g_total": 41411121.012257814,
      "t_values": [],
      "perturbation_errors": [],
      "kappa_sweep": [
        {
          "kappa": 1.0,
          "q_opt": 0.999999,
          "eps_qpe_opt": 0.000999999,
          "eps_trot_opt": 1.4142132088478148e-06,
          "b_value": 22.688418851436207,
          "boundary_hit_q": true,
          "g_det": 0.0,
          "g_rand": 56283548.87186948,
          "g_total": 56283548.87186948
        },
        {
          "kappa": 2.0,
          "q_opt": 0.999999,
          "eps_qpe_opt": 0.000999999,
          "eps_trot_opt": 1.4142132088478148e-06,
          "b_value": 16.693205696259938,
          "boundary_hit_q": true,
          "g_det": 0.0,
          "g_rand": 41411121.012257814,
          "g_total": 41411121.012257814
        },
        {
          "kappa": 4.0,
          "q_opt": 0.999999,
          "eps_qpe_opt": 0.000999999,
          "eps_trot_opt": 1.4142132088478148e-06,
          "b_value": 20.249882127342463,
          "boundary_hit_q": true,
          "g_det": 0.0,
          "g_rand": 50234229.094008856,
          "g_total": 50234229.094008856
        }
      ],
      "legacy_random_prefactor": null
    },
    {
      "pf_label": "2nd",
      "order": 2,
      "ld": 10,
      "deterministic_step_cost": 19,
      "lambda_r": 0.19679058348547018,
      "c_gs": 0.0,
      "fit_slope": null,
      "fit_coeff": null,
      "q_opt": 0.999999,
      "eps_qpe_opt": 0.000999999,
      "eps_trot_opt": 1.4142132088478148e-06,
      "eps_qpe": 0.000999999,
      "eps_trot": 1.4142132088478148e-06,
      "kappa_opt": 2.0,
      "b_opt": 16.693205696259938,
      "boundary_hit_kappa": false,
      "boundary_hit_q": true,
      "randomized_method": "qdrift",
      "g_rand_input": 1.0,
      "b0": 3.070543591450022,
      "g_det": 0.0,
      "g_rand": 646471.286709655,
      "g_total": 646471.286709655,
      "t_values": [
        0.73,
        0.732,
        0.734,
        0.736,
        0.738
      ],
      "perturbation_errors": [
        3.948482482957953e-16,
        1.6436105909520874e-16,
        2.3107362366448764e-16,
        2.6062545880169813e-16,
        5.888066234283221e-16
      ],
      "kappa_sweep": [
        {
          "kappa": 1.0,
          "q_opt": 0.999999,
          "eps_qpe_opt": 0.000999999,
          "eps_trot_opt": 1.4142132088478148e-06,
          "b_value": 22.688418851436207,
          "boundary_hit_q": true,
          "g_det": 0.0,
          "g_rand": 878645.5756416961,
          "g_total": 878645.5756416961
        },
        {
          "kappa": 2.0,
          "q_opt": 0.999999,
          "eps_qpe_opt": 0.000999999,
          "eps_trot_opt": 1.4142132088478148e-06,
          "b_value": 16.693205696259938,
          "boundary_hit_q": true,
          "g_det": 0.0,
          "g_rand": 646471.286709655,
          "g_total": 646471.286709655
        },
        {
          "kappa": 4.0,
          "q_opt": 0.999999,
          "eps_qpe_opt": 0.000999999,
          "eps_trot_opt": 1.4142132088478148e-06,
          "b_value": 20.249882127342463,
          "boundary_hit_q": true,
          "g_det": 0.0,
          "g_rand": 784209.312026564,
          "g_total": 784209.312026564
        }
      ],
      "legacy_random_prefactor": null
    }
  ]
}