{
  "molecule_type": 2,
  "distance": 1.0,
  "ham_name": "H2_sto-3g_singlet_distance_100_charge_0",
  "num_qubits": 4,
  "epsilon_total": 0.001,
  "random_prefactor": 1.0,
  "ld_values": [
    0,
    2,
    4,
    6,
    8,
    10
  ],
  "pf_labels": [
    "2nd",
    "4th(new_2)",
    "8th(Morales)"
  ],
  "total_terms": 14,
  "best": {
    "pf_label": "2nd",
    "order": 2,
    "ld": 10,
    "deterministic_step_cost": 19,
    "lambda_r": 0.19679058348547018,
    "c_gs": 0.0,
    "fit_slope": null,
    "fit_coeff": null,
    "eps_qpe": 0.001,
    "eps_trot": 0.0,
    "g_det": 0.0,
    "g_rand": 38726.53374855181,
    "g_total": 38726.53374855181,
    "t_values": [
      0.73,
      0.732,
      0.734,
      0.736,
      0.738
    ],
    "perturbation_errors": [
      1.03163766479144e-15,
      3.961418472884362e-16,
      9.474424266069742e-16,
      3.1622832750217387e-16,
      7.867579067093087e-16
    ]
  },
  "candidates": [
    {
      "pf_label": "2nd",
      "order": 2,
      "ld": 0,
      "deterministic_step_cost": 0,
      "lambda_r": 1.575027666364643,
      "c_gs": 0.0,
      "fit_slope": null,
      "fit_coeff": null,
      "eps_qpe": 0.001,
      "eps_trot": 0.0,
      "g_det": 0.0,
      "g_rand": 2480712.1498140534,
      "g_total": 2480712.1498140534,
      "t_values": [],
      "perturbation_errors": []
    },
    {
      "pf_label": "4th(new_2)",
      "order": 4,
      "ld": 0,
      "deterministic_step_cost": 0,
      "lambda_r": 1.575027666364643,
      "c_gs": 0.0,
      "fit_slope": null,
      "fit_coeff": null,
      "eps_qpe": 0.001,
      "eps_trot": 0.0,
      "g_det": 0.0,
      "g_rand": 2480712.1498140534,
      "g_total": 2480712.1498140534,
      "t_values": [],
      "perturbation_errors": []
    },
    {
      "pf_label": "8th(Morales)",
      "order": 8,
      "ld": 0,
      "deterministic_step_cost": 0,
      "lambda_r": 1.575027666364643,
      "c_gs": 0.0,
      "fit_slope": null,
      "fit_coeff": null,
      "eps_qpe": 0.001,
      "eps_trot": 0.0,
      "g_det": 0.0,
      "g_rand": 2480712.1498140534,
      "g_total": 2480712.1498140534,
      "t_values": [],
      "perturbation_errors": []
    },
    {
      "pf_label": "2nd",
      "order": 2,
      "ld": 2,
      "deterministic_step_cost": 3,
      "lambda_r": 1.25515935474662,
      "c_gs": 0.0,
      "fit_slope": null,
      "fit_coeff": null,
      "eps_qpe": 0.001,
      "eps_trot": 0.0,
      "g_det": 0.0,
      "g_rand": 1575425.0058079516,
      "g_total": 1575425.0058079516,
      "t_values": [
        0.73,
        0.732,
        0.734,
        0.736,
        0.738
      ],
      "perturbation_errors": [
        2.4178357983837877e-16,
        1.9912733984271904e-16,
        3.6170688179560917e-16,
        2.323307256250966e-16,
        2.4942700464322e-16
      ]
    },
    {
      "pf_label": "4th(new_2)",
      "order": 4,
      "ld": 2,
      "deterministic_step_cost": 11,
      "lambda_r": 1.25515935474662,
      "c_gs": 0.0,
      "fit_slope": null,
      "fit_coeff": null,
      "eps_qpe": 0.001,
      "eps_trot": 0.0,
      "g_det": 0.0,
      "g_rand": 1575425.0058079516,
      "g_total": 1575425.0058079516,
      "t_values": [
        0.73,
        0.732,
        0.734,
        0.736,
        0.738
      ],
      "perturbation_errors": [
        1.608276200263767e-16,
        2.353065690364641e-16,
        4.0820069971931923e-16,
        8.155708529694652e-17,
        2.1956531704897441e-16
      ]
    },
    {
      "pf_label": "8th(Morales)",
      "order": 8,
      "ld": 2,
      "deterministic_step_cost": 35,
      "lambda_r": 1.25515935474662,
      "c_gs": 0.0,
      "fit_slope": null,
      "fit_coeff": null,
      "eps_qpe": 0.001,
      "eps_trot": 0.0,
      "g_det": 0.0,
      "g_rand": 1575425.0058079516,
      "g_total": 1575425.0058079516,
      "t_values": [
        2.21,
        2.212,
        2.214,
        2.216,
        2.218
      ],
      "perturbation_errors": [
        7.034757869746991e-16,
        6.411615055652525e-16,
        8.4995233782618295e-16,
        7.831784260481671e-16,
        7.526229791856004e-16
      ]
    },
    {
      "pf_label": "2nd",
      "order": 2,
      "ld": 4,
      "deterministic_step_cost": 7,
      "lambda_r": 0.9443059731867639,
      "c_gs": 0.0,
      "fit_slope": null,
      "fit_coeff": null,
      "eps_qpe": 0.001,
      "eps_trot": 0.0,
      "g_det": 0.0,
      "g_rand": 891713.7709962013,
      "g_total": 891713.7709962013,
      "t_values": [
        0.73,
        0.732,
        0.734,
        0.736,
        0.738
      ],
      "perturbation_errors": [
        1.9876255512836746e-15,
        2.328371625668923e-15,
        1.920548161492379e-15,
        2.3375133243440028e-15,
        2.1246314626643514e-15
      ]
    },
    {
      "pf_label": "4th(new_2)",
      "order": 4,
      "ld": 4,
      "deterministic_step_cost": 31,
      "lambda_r": 0.9443059731867639,
      "c_gs": 0.0,
      "fit_slope": null,
      "fit_coeff": null,
      "eps_qpe": 0.001,
      "eps_trot": 0.0,
      "g_det": 0.0,
      "g_rand": 891713.7709962013,
      "g_total": 891713.7709962013,
      "t_values": [
        0.73,
        0.732,
        0.734,
        0.736,
        0.738
      ],
      "perturbation_errors": [
        1.1222231396428862e-16,
        5.089433120276113e-16,
        7.228895805159242e-16,
        6.275103188202387e-17,
        5.54886278529684e-16
      ]
    },
    {
      "pf_label": "8th(Morales)",
      "order": 8,
      "ld": 4,
      "deterministic_step_cost": 103,
      "lambda_r": 0.9443059731867639,
      "c_gs": 0.0,
      "fit_slope": null,
      "fit_coeff": null,
      "eps_qpe": 0.001,
      "eps_trot": 0.0,
      "g_det": 0.0,
      "g_rand": 891713.7709962013,
      "g_total": 891713.7709962013,
      "t_values": [
        2.21,
        2.212,
        2.214,
        2.216,
        2.218
      ],
      "perturbation_errors": [
        1.0790817766242317e-15,
        1.1184937999260242e-15,
        1.973114894038375e-15,
        1.191754922662223e-15,
        5.951829813865387e-16
      ]
    },
    {
      "pf_label": "2nd",
      "order": 2,
      "ld": 6,
      "deterministic_step_cost": 11,
      "lambda_r": 0.6699745144447738,
      "c_gs": 0.0,
      "fit_slope": null,
      "fit_coeff": null,
      "eps_qpe": 0.001,
      "eps_trot": 0.0,
      "g_det": 0.0,
      "g_rand": 448865.8500055105,
      "g_total": 448865.8500055105,
      "t_values": [
        0.73,
        0.732,
        0.734,
        0.736,
        0.738
      ],
      "perturbation_errors": [
        1.0287129965269538e-16,
        1.9926921703099337e-16,
        1.046639960529989e-17,
        1.6391260225747434e-16,
        2.7494494487485028e-17
      ]
    },
    {
      "pf_label": "4th(new_2)",
      "order": 4,
      "ld": 6,
      "deterministic_step_cost": 51,
      "lambda_r": 0.6699745144447738,
      "c_gs": 0.0,
      "fit_slope": null,
      "fit_coeff": null,
      "eps_qpe": 0.001,
      "eps_trot": 0.0,
      "g_det": 0.0,
      "g_rand": 448865.8500055105,
      "g_total": 448865.8500055105,
      "t_values": [
        0.73,
        0.732,
        0.734,
        0.736,
        0.738
      ],
      "perturbation_errors": [
        2.388965875728845e-16,
        9.767162650243637e-16,
        1.1190490384740053e-15,
        3.231948007400519e-16,
        2.752672042332915e-16
      ]
    },
    {
      "pf_label": "8th(Morales)",
      "order": 8,
      "ld": 6,
      "deterministic_step_cost": 171,
      "lambda_r": 0.6699745144447738,
      "c_gs": 0.0,
      "fit_slope": null,
      "fit_coeff": null,
      "eps_qpe": 0.001,
      "eps_trot": 0.0,
      "g_det": 0.0,
      "g_rand": 448865.8500055105,
      "g_total": 448865.8500055105,
      "t_values": [
        2.21,
        2.212,
        2.214,
        2.216,
        2.218
      ],