{
  "molecule_type": 3,
  "distance": 1.0,
  "ham_name": "H3_sto-3g_triplet_1+_distance_100_charge_1",
  "num_qubits": 6,
  "epsilon_total": 0.001,
  "random_prefactor": 1.0,
  "ld_values": [
    0,
    10,
    20,
    30,
    40,
    50,
    61
  ],
  "pf_labels": [
    "2nd",
    "4th(new_2)",
    "8th(Morales)"
  ],
  "total_terms": 61,
  "best": {
    "pf_label": "4th(new_2)",
    "order": 4,
    "ld": 50,
    "deterministic_step_cost": 491,
    "lambda_r": 0.13866209756926792,
    "c_gs": 2.6902958531486816e-05,
    "fit_slope": 3.8972179419841533,
    "fit_coeff": 2.6133387172989e-05,
    "eps_qpe": 0.0009078105526573874,
    "eps_trot": 0.0004193804960699637,
    "g_det": 272197.55421362125,
    "g_rand": 23330.55539678514,
    "g_total": 295528.1096104064,
    "t_values": [
      0.75,
      0.752,
      0.754,
      0.756,
      0.758
    ],
    "perturbation_errors": [
      8.516898652271298e-06,
      8.60577565660634e-06,
      8.695325629558955e-06,
      8.78555158044081e-06,
      8.876456559424931e-06
    ]
  },
  "candidates": [
    {
      "pf_label": "2nd",
      "order": 2,
      "ld": 0,
      "deterministic_step_cost": 0,
      "lambda_r": 3.7505889255802383,
      "c_gs": 0.0,
      "fit_slope": null,
      "fit_coeff": null,
      "eps_qpe": 0.001,
      "eps_trot": 0.0,
      "g_det": 0.0,
      "g_rand": 14066917.288685126,
      "g_total": 14066917.288685126,
      "t_values": [],
      "perturbation_errors": []
    },
    {
      "pf_label": "4th(new_2)",
      "order": 4,
      "ld": 0,
      "deterministic_step_cost": 0,
      "lambda_r": 3.7505889255802383,
      "c_gs": 0.0,
      "fit_slope": null,
      "fit_coeff": null,
      "eps_qpe": 0.001,
      "eps_trot": 0.0,
      "g_det": 0.0,
      "g_rand": 14066917.288685126,
      "g_total": 14066917.288685126,
      "t_values": [],
      "perturbation_errors": []
    },
    {
      "pf_label": "8th(Morales)",
      "order": 8,
      "ld": 0,
      "deterministic_step_cost": 0,
      "lambda_r": 3.7505889255802383,
      "c_gs": 0.0,
      "fit_slope": null,
      "fit_coeff": null,
      "eps_qpe": 0.001,
      "eps_trot": 0.0,
      "g_det": 0.0,
      "g_rand": 14066917.288685126,
      "g_total": 14066917.288685126,
      "t_values": [],
      "perturbation_errors": []
    },
    {
      "pf_label": "2nd",
      "order": 2,
      "ld": 10,
      "deterministic_step_cost": 19,
      "lambda_r": 2.0602459521420586,
      "c_gs": 0.0,
      "fit_slope": null,
      "fit_coeff": null,
      "eps_qpe": 0.001,
      "eps_trot": 0.0,
      "g_det": 0.0,
      "g_rand": 4244613.383317738,
      "g_total": 4244613.383317738,
      "t_values": [
        0.75,
        0.752,
        0.754,
        0.756,
        0.758
      ],
      "perturbation_errors": [
        8.387054000485715e-16,
        8.643285005473385e-16,
        8.370345624432507e-16,
        2.428708659501194e-16,
        2.1696755997613656e-16
      ]
    },
    {
      "pf_label": "4th(new_2)",
      "order": 4,
      "ld": 10,
      "deterministic_step_cost": 91,
      "lambda_r": 2.0602459521420586,
      "c_gs": 0.0,
      "fit_slope": null,
      "fit_coeff": null,
      "eps_qpe": 0.001,
      "eps_trot": 0.0,
      "g_det": 0.0,
      "g_rand": 4244613.383317738,
      "g_total": 4244613.383317738,
      "t_values": [
        0.75,
        0.752,
        0.754,
        0.756,
        0.758
      ],
      "perturbation_errors": [
        7.35858296734923e-15,
        5.001760673196647e-15,
        6.592138704591794e-15,
        6.273049005189063e-15,
        6.527401105056625e-15
      ]
    },
    {
      "pf_label": "8th(Morales)",
      "order": 8,
      "ld": 10,
      "deterministic_step_cost": 307,
      "lambda_r": 2.0602459521420586,
      "c_gs": 0.0,
      "fit_slope": null,
      "fit_coeff": null,
      "eps_qpe": 0.001,
      "eps_trot": 0.0,
      "g_det": 0.0,
      "g_rand": 4244613.383317738,
      "g_total": 4244613.383317738,
      "t_values": [
        2.27,
        2.272,
        2.274,
        2.276,
        2.278
      ],
      "perturbation_errors": [
        1.8545545722547326e-15,
        2.014554301302006e-15,
        1.0312274080180866e-15,
        6.948070929435491e-16,
        6.558105416390351e-16
      ]
    },
    {
      "pf_label": "2nd",
      "order": 2,
      "ld": 20,
      "deterministic_step_cost": 39,
      "lambda_r": 1.083197862597661,
      "c_gs": 0.00029030791607080863,
      "fit_slope": 2.3091114840720226,
      "fit_coeff": 0.00031678583069409737,
      "eps_qpe": 0.0009936113140849023,
      "eps_trot": 0.00011285635348740237,
      "g_det": 62952.7217137674,
      "g_rand": 1188454.4265138186,
      "g_total": 1251407.148227586,
      "t_values": [
        0.75,
        0.752,
        0.754,
        0.756,
        0.758
      ],
      "perturbation_errors": [
        0.00016303149219414943,
        0.00016403530374567963,
        0.00016504382442384232,
        0.00016605708507176783,
        0.00016707511695615373
      ]
    },
    {
      "pf_label": "4th(new_2)",
      "order": 4,
      "ld": 20,
      "deterministic_step_cost": 191,
      "lambda_r": 1.083197862597661,
      "c_gs": 2.8109914824645926e-06,
      "fit_slope": 3.86446747916183,
      "fit_coeff": 2.705446466885153e-06,
      "eps_qpe": 0.0009959098632545836,
      "eps_trot": 9.035233407188081e-05,
      "g_det": 80545.88766705072,
      "g_rand": 1182974.8773200873,
      "g_total": 1263520.764987138,
      "t_values": [
        0.75,
        0.752,
        0.754,
        0.756,
        0.758
      ],
      "perturbation_errors": [
        8.900536071927321e-07,
        8.992643258304799e-07,
        9.085432311423867e-07,
        9.178905989903382e-07,
        9.273067124817794e-07
      ]
    },
    {
      "pf_label": "8th(Morales)",
      "order": 8,
      "ld": 20,
      "deterministic_step_cost": 647,
      "lambda_r": 1.083197862597661,
      "c_gs": 2.217294238612769e-09,
      "fit_slope": 7.9196947110126645,
      "fit_coeff": 2.3685113083232408e-09,
      "eps_qpe": 0.0009957904831714762,
      "eps_trot": 9.165868003150651e-05,
      "g_det": 172064.99472910143,
      "g_rand": 1183258.535593258,
      "g_total": 1355323.5303223594,
      "t_values": [
        2.27,
        2.272,
        2.274,
        2.276,
        2.278
      ],
      "perturbation_errors": [
        1.5634770648706577e-06,
        1.5744201096390727e-06,
        1.5854298488998687e-06,
        1.596506627458121e-06,
        1.6076507959335574e-06
      ]
    },
    {
      "pf_label": "2nd",
      "order": 2,
      "ld": 30,
      "deterministic_step_cost": 59,
      "lambda_r": 0.7115453956786201,
      "c_gs": 0.0007800675123617492,
      "fit_slope": 2.066275636470943,
      "fit_coeff": 0.0007948033441460794,
      "eps_qpe": 0.0009764523251226735,
      "eps_trot": 0.00021573330007795417,
      "g_det": 114896.94195057999,
      "g_rand": 531010.5353778563,
      "g_total": 645907.4773284363,
      "t_values": [
        0.75,
        0.752,
        0.754,
        0.756,
        0.758
      ],
      "perturbation_errors": [
        0.0004386341894777431,
        0.00044105352190073395,
        0.0004434803911651928,
        0.00044591481254352514,
        0.00044835680148597857
      ]
    },
    {
      "pf_label": "4th(new_2)",
      "order": 4,
      "ld": 30,
      "deterministic_step_cost": 291,
      "lambda_r": 0.7115453956786201,
      "c_gs": 2.0649730421064428e-06,
      "fit_slope": 3.967537912556262,
      "fit_coeff": 2.0461313292207277e-06,
      "eps_qpe": 0.0009890509393981983,
      "eps_trot": 0.00014757452109202888,
      "g_det": 101192.90885782735,
      "g_rand": 517568.5825435809,
      "g_total": 618761.4914014082,
      "t_values": [
        0.75,
        0.752,
        0.754,
        0.756,
        0.758
      ],