dataset,candidate_id,candidate_fingerprint,epsilon,epsilon_min,accuracy_eligible,axis_bias_real,axis_bias_imag,normalization,allowance_real,allowance_imag,N_real,N_imag,N_total,primary_RZ_P0,primary_SE,point_frontier,rz_count,rz_depth,cx_count,cx_depth,total_depth,circuit_size,missing_reason,method
development,B0-rank9-q4-r0-K0,1348cf85115c90d38103b1942cca71ee6016a96d26d693e03d9338694b91166f,0.005,0.0005991963740114494,True,0.0004236958193258866,6.864859276278779e-05,1.0,0.0031118380866068506,0.0034668853131699495,905047,729166,1634213,100513904778.0,0.0,False,100513904778.0,45916482661.0,58204130208.0,49791201684.0,99925588098.0,191773261337.0,MISSING,B0
development,B1-rank12-q4-r0-K0,41297e3c4eaa8a92d3f960610688e26c3bcb721f3b26189125dd7e3b8f44dea8,0.005,0.0005992872373833854,True,0.000423760069432344,6.865908947362165e-05,1.0,0.0031117738365003932,0.0034668748164591156,905085,729170,1634255,130214169890.0,0.0,False,130214169890.0,57285540515.0,75437210800.0,64226221500.0,127194066650.0,248970577975.0,MISSING,B1
development,B2-rank3-q4-r4-K4,e5f5dfeb10d27592d7f6aa4514b976aee460d580a61e9b8f51713210ac01851e,0.005,0.0005981042231714734,True,0.00042292355206086096,6.852418488279e-05,1.013694674661216,0.0031126103538718763,0.0034670097210499472,929544,749220,1678764,40969763267.62501,128356767.37378308,True,40969763267.62501,17146370882.250004,22140903627.750008,18051486985.124992,37367555414.625,78230140093.12502,MISSING,B2
development,B3-rank0-q8-r32-K4,9feb7b75a61651992917ebc41e6b410eb6c6942213237eb566c049cd884377a8,0.005,0.00012828672563865807,True,9.071241363531324e-05,1.4812500512273452e-05,1.6005852772940825,0.003444821492297424,0.003520721405420464,1892036,1811338,3703374,118484011799.43753,2059622636.536206,False,118484011799.43753,27148277489.625,39117697988.062515,18192361853.25,59640176469.9375,229919461302.93753,MISSING,B3
development,B0-rank9-q4-r0-K0,1348cf85115c90d38103b1942cca71ee6016a96d26d693e03d9338694b91166f,0.0050501789923016885,0.0005991963740114494,True,0.0004236958193258866,6.864859276278779e-05,1.0,0.003147319992336482,0.003502367218899581,884756,714467,1599223,98361809838.0,0.0,False,98361809838.0,44933368631.0,56957926368.0,48725126364.0,97786089558.0,187667219827.0,MISSING,B0
development,B1-rank12-q4-r0-K0,41297e3c4eaa8a92d3f960610688e26c3bcb721f3b26189125dd7e3b8f44dea8,0.0050501789923016885,0.0005992872373833854,True,0.000423760069432344,6.865908947362165e-05,1.0,0.0031472557422300247,0.003502356722188747,884792,714471,1599263,127426077314.0,0.0,False,127426077314.0,56058965939.0,73821980080.0,62851035900.0,124470639290.0,243639721735.0,MISSING,B1
development,B2-rank3-q4-r4-K4,e5f5dfeb10d27592d7f6aa4514b976aee460d580a61e9b8f51713210ac01851e,0.0050501789923016885,0.0005981042231714734,True,0.00042292355206086096,6.852418488279e-05,1.013694674661216,0.0031480922596015077,0.0035024916267795787,908709,734117,1642826,40092706485.18751,125608980.60573289,True,40092706485.18751,16779311380.875004,21666924084.125008,17665051286.437492,36567612595.6875,76555434908.43752,MISSING,B2
development,B3-rank0-q8-r32-K4,9feb7b75a61651992917ebc41e6b410eb6c6942213237eb566c049cd884377a8,0.0050501789923016885,0.00012828672563865807,True,9.071241363531324e-05,1.4812500512273452e-05,1.6005852772940825,0.0034803033980270555,0.0035562033111500952,1853653,1775373,3629026,116105356738.06253,2018274173.2750843,False,116105356738.06253,26603255535.375,38332380974.437515,17827136596.75,58442855367.5625,225303656334.56253,MISSING,B3
development,B0-rank9-q4-r0-K0,1348cf85115c90d38103b1942cca71ee6016a96d26d693e03d9338694b91166f,0.0051008615708570595,0.0005991963740114494,True,0.0004236958193258866,6.864859276278779e-05,1.0,0.003183157987321005,0.003538205213884104,864946,700066,1565012,96257628072.0,0.0,False,96257628072.0,43972142164.0,55739467392.0,47682785616.0,95694223752.0,183652593188.0,MISSING,B0
development,B1-rank12-q4-r0-K0,41297e3c4eaa8a92d3f960610688e26c3bcb721f3b26189125dd7e3b8f44dea8,0.0051008615708570595,0.0005992872373833854,True,0.000423760069432344,6.865908947362165e-05,1.0,0.0031830937372145478,0.00353819471717327,864981,700071,1565052,124700213256.0,0.0,False,124700213256.0,54859767756.0,72242800320.0,61506543600.0,121807997160.0,238427846940.0,MISSING,B1
development,B2-rank3-q4-r4-K4,e5f5dfeb10d27592d7f6aa4514b976aee460d580a61e9b8f51713210ac01851e,0.0051008615708570595,0.0005981042231714734,True,0.00042292355206086096,6.852418488279e-05,1.013694674661216,0.003183930254586031,0.003538329621764102,888367,719322,1607689,39235197882.46876,122922437.56858614,True,39235197882.46876,16420433043.187504,21203508779.312508,17287228615.593742,35785499210.71875,74918056198.59377,MISSING,B2
development,B3-rank0-q8-r32-K4,9feb7b75a61651992917ebc41e6b410eb6c6942213237eb566c049cd884377a8,0.0051008615708570595,0.00012828672563865807,True,9.071241363531324e-05,1.4812500512273452e-05,1.6005852772940825,0.0035161413930115785,0.0035920413061346183,1816060,1740124,3556184,113774883934.75003,1977763268.3298721,False,113774883934.75003,26069273596.5,37562971415.250015,17469309377.0,57269787312.75,220781349540.75003,MISSING,B3
development,B0-rank9-q4-r0-K0,1348cf85115c90d38103b1942cca71ee6016a96d26d693e03d9338694b91166f,0.005152052789556263,0.0005991963740114494,True,0.0004236958193258866,6.864859276278779e-05,1.0,0.0032193556452004154,0.003574402871763514,845605,685959,1531564,94200375384.0,0.0,False,94200375384.0,43032353708.0,54548183424.0,46663691952.0,93649012344.0,179727503836.0,MISSING,B0
development,B1-rank12-q4-r0-K0,41297e3c4eaa8a92d3f960610688e26c3bcb721f3b26189125dd7e3b8f44dea8,0.005152052789556263,0.0005992872373833854,True,0.000423760069432344,6.865908947362165e-05,1.0,0.003219291395093958,0.0035743923750526803,845638,685963,1531601,122034904478.0,0.0,False,122034904478.0,53687209853.0,70698702160.0,60191919300.0,119204505830.0,233331754345.0,MISSING,B1
development,B2-rank3-q4-r4-K4,e5f5dfeb10d27592d7f6aa4514b976aee460d580a61e9b8f51713210ac01851e,0.005152052789556263,0.0005981042231714734,True,0.00042292355206086096,6.852418488279e-05,1.013694674661216,0.003220127912465441,0.003574527279643512,868507,704827,1573334,38396773769.81251,120295685.53963727,True,38396773769.81251,16069541809.125004,20750407125.875008,16917814668.562492,35020792339.3125,73317118566.56252,MISSING,B2
development,B3-rank0-q8-r32-K4,9feb7b75a61651992917ebc41e6b410eb6c6942213237eb566c049cd884377a8,0.005152052789556263,0.00012828672563865807,True,9.071241363531324e-05,1.4812500512273452e-05,1.6005852772940825,0.0035523390508909887,0.0036282389640140285,1779238,1705576,3484814,111491505609.43753,1938071012.6814852,False,111491505609.43753,25546082429.625,36809110178.062515,17118713173.25,56120424759.9375,216350430072.93753,MISSING,B3
development,B0-rank9-q4-r0-K0,1348cf85115c90d38103b1942cca71ee6016a96d26d693e03d9338694b91166f,0.005203757753009269,0.0005991963740114494,True,0.0004236958193258866,6.864859276278779e-05,1.0,0.0032559165754790387,0.0036109638020421376,826721,672139,1498860,92188883160.0,0.0,False,92188883160.0,42113469420.0,53383397760.0,45667266480.0,91649293560.0,175889722140.0,MISSING,B0
development,B1-rank12-q4-r0-K0,41297e3c4eaa8a92d3f960610688e26c3bcb721f3b26189125dd7e3b8f44dea8,0.005203757753009269,0.0005992872373833854,True,0.000423760069432344,6.865908947362165e-05,1.0,0.0032558523253725814,0.0036109533053313037,826753,672143,1498896,119429035488.0,0.0,False,119429035488.0,52540801488.0,69189039360.0,58906612800.0,116659075680.0,228349311120.0,MISSING,B1
development,B2-rank3-q4-r4-K4,e5f5dfeb10d27592d7f6aa4514b976aee460d580a61e9b8f51713210ac01851e,0.005203757753009269,0.0005981042231714734,True,0.00042292355206086096,6.852418488279e-05,1.013694674661216,0.0032566888427440644,0.0036110882099221354,849116,690627,1539743,37576994862.28126,117727348.25527048,True,37576994862.28126,15726453832.312504,20307381725.187508,16556615894.156242,34273091320.03125,71751783215.15627,MISSING,B2
development,B3-rank0-q8-r32-K4,9feb7b75a61651992917ebc41e6b410eb6c6942213237eb566c049cd884377a8,0.005203757753009269,0.00012828672563865807,True,9.071241363531324e-05,1.4812500512273452e-05,1.6005852772940825,0.003588899981169612,0.003664799894292652,1743171,1671715,3414886,109254261956.18753,1899180721.90132,False,109254261956.18753,25033462114.125,36070480381.312515,16775200614.25,54994284580.6875,212009035417.68753,MISSING,B3
development,B0-rank9-q4-r0-K0,1348cf85115c90d38103b1942cca71ee6016a96d26d693e03d9338694b91166f,0.0052559816170548905,0.0005991963740114494,True,0.0004236958193258866,6.864859276278779e-05,1.0,0.003292844423885462,0.003647891650448561,808282,658600,1466882,90222044292.0,0.0,False,90222044292.0,41214983554.0,52244469312.0,44692960776.0,89693966772.0,172137135818.0,MISSING,B0
development,B1-rank12-q4-r0-K0,41297e3c4eaa8a92d3f960610688e26c3bcb721f3b26189125dd7e3b8f44dea8,0.0052559816170548905,0.0005992872373833854,True,0.000423760069432344,6.865908947362165e-05,1.0,0.0032927801737790046,0.003647881153737727,808313,658603,1466916,116880933048.0,0.0,False,116880933048.0,51419806548.0,67712842560.0,57649798800.0,114170072280.0,223477318020.0,MISSING,B1
development,B2-rank3-q4-r4-K4,e5f5dfeb10d27592d7f6aa4514b976aee460d580a61e9b8f51713210ac01851e,0.0052559816170548905,0.0005981042231714734,True,0.00042292355206086096,6.852418488279e-05,1.013694674661216,0.0032936166911504876,0.0036480160583285586,830182,676716,1506898,36775421874.93751,115216049.45186993,True,36775421874.93751,15390985266.375004,19874195178.625008,16203438741.187492,33541995491.4375,70221211347.18752,MISSING,B2
development,B3-rank0-q8-r32-K4,9feb7b75a61651992917ebc41e6b410eb6c6942213237eb566c049cd884377a8,0.0052559816170548905,0.00012828672563865807,True,9.071241363531324e-05,1.4812500512273452e-05,1.6005852772940825,0.0036258278295760353,0.003701727742699075,1707845,1638528,3346373,107062289149.65628,1861077380.0036328,False,107062289149.65628,24531214721.4375,35346796831.593765,16438639065.875,53890931959.40625,207755489312.90628,MISSING,B3
development,B0-rank9-q2-r0-K0,830a01f9ea6cd9075c324a30b81b282e9a7e91bf8a90d5a2f3abeefc028dfdcd,0.0053087295892748935,0.0024255322146783053,True,0.0017151102769854543,0.00026890492035402946,1.0,0.002038728415076498,0.0034849337717079228,2108562,721633,2830195,87475667060.0,0.0,False,87475667060.0,39851975795.0,50535961920.0,43171794530.0,86722835190.0,166865467005.0,MISSING,B0
development,B1-rank12-q2-r0-K0,6d94925db9107eb619526d6987146a036344e8fb9af2ffd5c6dfe57fa2f8c48c,0.0053087295892748935,0.002425623046237577,True,0.0017151745045969613,0.0002689153389350274,1.0,0.002038664187464991,0.003484923353126925,2108695,721637,2830332,113196298008.0,0.0,False,113196298008.0,49697799588.0,65459918496.0,55672630440.0,110337662688.0,216398693724.0,MISSING,B1
development,B2-rank3-q4-r4-K4,e5f5dfeb10d27592d7f6aa4514b976aee460d580a61e9b8f51713210ac01851e,0.0053087295892748935,0.0005981042231714734,True,0.00042292355206086096,6.852418488279e-05,1.013694674661216,0.0033309151400010913,0.0036853145071791622,811694,663087,1474781,35991615522.84376,112760412.86581984,True,35991615522.84376,15062952264.937504,19450610087.562508,15858089658.468742,32827104192.09375,68724564165.46877,MISSING,B2
development,B3-rank0-q8-r32-K4,9feb7b75a61651992917ebc41e6b410eb6c6942213237eb566c049cd884377a8,0.0053087295892748935,0.00012828672563865807,True,9.071241363531324e-05,1.4812500512273452e-05,1.6005852772940825,0.003663126278426639,0.003739026191549679,1673243,1606001,3279244,104914595390.37503,1823743746.4122,False,104914595390.37503,24039113000.25,34637732084.625015,16108876244.5,52809867663.375,203587867161.37503,MISSING,B3
development,B0-rank9-q2-r0-K0,830a01f9ea6cd9075c324a30b81b282e9a7e91bf8a90d5a2f3abeefc028dfdcd,0.005362006929513287,0.0024255322146783053,True,0.0017151102769854543,0.00026890492035402946,1.0,0.002076401183642649,0.003522606540274074,2032743,706280,2739023,84657722884.0,0.0,False,84657722884.0,38568182863.0,48907994688.0,41781056842.0,83929142766.0,161490057057.0,MISSING,B0
development,B1-rank12-q2-r0-K0,6d94925db9107eb619526d6987146a036344e8fb9af2ffd5c6dfe57fa2f8c48c,0.005362006929513287,0.002425623046237577,True,0.0017151745045969613,0.0002689153389350274,1.0,0.002076336956031142,0.003522596121693076,2032869,706284,2739153,109549685082.0,0.0,False,109549685082.0,48096787527.0,63351130584.0,53879139510.0,106783140552.0,209427420921.0,MISSING,B1
development,B2-rank3-q4-r4-K4,e5f5dfeb10d27592d7f6aa4514b976aee460d580a61e9b8f51713210ac01851e,0.005362006929513287,0.0005981042231714734,True,0.00042292355206086096,6.852418488279e-05,1.013694674661216,0.0033685879085672424,0.0037229872757453134,793641,649735,1443376,35225185330.50001,110359215.15168393,True,35225185330.50001,14742191409.000004,19036415431.000008,15520396600.499996,32128061278.5,67261096072.500015,MISSING,B2
development,B3-rank0-q8-r32-K4,9feb7b75a61651992917ebc41e6b410eb6c6942213237eb566c049cd884377a8,0.005362006929513287,0.00012828672563865807,True,9.071241363531324e-05,1.4812500512273452e-05,1.6005852772940825,0.00370079904699279,0.00377669896011583,1639350,1574121,3213471,102810284859.46878,1787164248.9936578,False,102810284859.46878,23556951691.3125,33942990384.281265,15785774603.625,51750640772.71875,199504430617.21878,MISSING,B3
development,B0-rank9-q2-r0-K0,830a01f9ea6cd9075c324a30b81b282e9a7e91bf8a90d5a2f3abeefc028dfdcd,0.005415818950400817,0.0024255322146783053,True,0.0017151102769854543,0.00026890492035402946,1.0,0.0021144520285215737,0.0035606573851529985,1960241,691266,2651507,81952778356.0,0.0,False,81952778356.0,37335870067.0,47345308992.0,40446087778.0,81247477494.0,156330201213.0,MISSING,B0
development,B1-rank12-q2-r0-K0,6d94925db9107eb619526d6987146a036344e8fb9af2ffd5c6dfe57fa2f8c48c,0.005415818950400817,0.002425623046237577,True,0.0017151745045969613,0.0002689153389350274,1.0,0.0021143878009100667,0.0035606469665720006,1960360,691270,2651630,106049290220.0,0.0,False,106049290220.0,46559971170.0,61326898640.0,52157562100.0,103371143920.0,202735674910.0,MISSING,B1
development,B2-rank3-q4-r4-K4,e5f5dfeb10d27592d7f6aa4514b976aee460d580a61e9b8f51713210ac01851e,0.005415818950400817,0.0005981042231714734,True,0.00042292355206086096,6.852418488279e-05,1.013694674661216,0.003406638753446167,0.003761038120624238,776010,636655,1412665,34475692012.96876,108011080.04584639,True,34475692012.96876,14428518852.187502,18631373810.312504,15190166016.093746,31444466089.21875,65829968271.093765,MISSING,B2
development,B3-rank0-q8-r32-K4,9feb7b75a61651992917ebc41e6b410eb6c6942213237eb566c049cd884377a8,0.005415818950400817,0.00012828672563865807,True,9.071241363531324e-05,1.4812500512273452e-05,1.6005852772940825,0.0037388498918717148,0.0038147498049947545,1606152,1542875,3149027,100748493731.59378,1751323871.7622633,False,100748493731.59378,23084532866.0625,33262286537.15626,15469201509.125,50712816471.84375,195503503418.34378,MISSING,B3
development,B0-rank9-q2-r0-K0,830a01f9ea6cd9075c324a30b81b282e9a7e91bf8a90d5a2f3abeefc028dfdcd,0.005470171017884717,0.0024255322146783053,True,0.0017151102769854543,0.00026890492035402946,1.0,0.002152884744010948,0.003599090100642373,1890878,676581,2567459,79355022772.0,0.0,False,79355022772.0,36152390179.0,45844547904.0,39164019586.0,78672078678.0,151374815181.0,MISSING,B0
development,B1-rank12-q2-r0-K0,6d94925db9107eb619526d6987146a036344e8fb9af2ffd5c6dfe57fa2f8c48c,0.005470171017884717,0.002425623046237577,True,0.0017151745045969613,0.0002689153389350274,1.0,0.002152820516399441,0.003599079682061375,1890991,676585,2567576,102687634544.0,0.0,False,102687634544.0,45084066984.0,59382897728.0,50504219920.0,100094382784.0,196309158232.0,MISSING,B1
development,B2-rank3-q2-r4-K4,127236c66fd1401664dfc9aa26f9ae80b813a1c7a5b23c089cb3e68c3a7dbffc,0.005470171017884717,0.0024207792897476465,True,0.001711749451536515,0.00026838900843739744,1.0275373871668176,0.0021562455694598874,0.003599606012559005,1990233,714152,2704385,33472088632.968742,171064224.7351937,True,33472088632.968742,13908060470.781244,17980103672.5,14600383030.781256,30303901605.468754,63857628860.625,MISSING,B2
development,B3-rank0-q8-r32-K4,9feb7b75a61651992917ebc41e6b410eb6c6942213237eb566c049cd884377a8,0.005470171017884717,0.00012828672563865807,True,9.071241363531324e-05,1.4812500512273452e-05,1.6005852772940825,0.0037772826073610892,0.003853182520484129,1573634,1512250,3085884,98728326187.87503,1716207042.5846524,False,98728326187.87503,22621651265.25,32595324787.12501,15159019414.5,49695943840.875,191583347218.87503,MISSING,B3
development,B0-rank9-q2-r0-K0,830a01f9ea6cd9075c324a30b81b282e9a7e91bf8a90d5a2f3abeefc028dfdcd,0.005525068551763788,0.0024255322146783053,True,0.0017151102769854543,0.00026890492035402946,1.0,0.002191703162487257,0.0036379085191186817,1824491,662219,2486710,76859232680.0,0.0,False,76859232680.0,35015363510.0,44402693760.0,37932274340.0,76197767820.0,146613934890.0,MISSING,B0
development,B1-rank12-q2-r0-K0,6d94925db9107eb619526d6987146a036344e8fb9af2ffd5c6dfe57fa2f8c48c,0.005525068551763788,0.002425623046237577,True,0.0017151745045969613,0.0002689153389350274,1.0,0.00219163893487575,0.0036378981005376837,1824598,662223,2486821,99457919074.0,0.0,False,99457919074.0,43666089939.0,57515196088.0,48915769070.0,96946229864.0,190134873197.0,MISSING,B1
development,B2-rank3-q2-r4-K4,127236c66fd1401664dfc9aa26f9ae80b813a1c7a5b23c089cb3e68c3a7dbffc,0.005525068551763788,0.0024207792897476465,True,0.001711749451536515,0.00026838900843739744,1.0275373871668176,0.002195063987936196,0.0036384244310353137,1920463,698995,2619458,32420949807.937492,165692219.11687908,True,32420949807.937492,13471299487.562494,17415466513.0,14141880735.562506,29352254760.937504,61852279457.25,MISSING,B2
development,B3-rank0-q8-r32-K4,9feb7b75a61651992917ebc41e6b410eb6c6942213237eb566c049cd884377a8,0.005525068551763788,0.00012828672563865807,True,9.071241363531324e-05,1.4812500512273452e-05,1.6005852772940825,0.003816101025837398,0.0038920009389604377,1541782,1482235,3024017,96748982390.03127,1681799857.770322,False,96748982390.03127,22168123621.6875,31941841066.21876,14855105510.375,48699620272.78125,187742409924.28128,MISSING,B3
development,B0-rank9-q2-r0-K0,830a01f9ea6cd9075c324a30b81b282e9a7e91bf8a90d5a2f3abeefc028dfdcd,0.0055805170262288395,0.0024255322146783053,True,0.0017151102769854543,0.00026890492035402946,1.0,0.002230911154787944,0.003677116511419369,1760924,648172,2409096,74460339168.0,0.0,False,74460339168.0,33922480776.0,43016818176.0,36748350384.0,73819519632.0,142037891064.0,MISSING,B0
development,B1-rank12-q2-r0-K0,6d94925db9107eb619526d6987146a036344e8fb9af2ffd5c6dfe57fa2f8c48c,0.0055805170262288395,0.002425623046237577,True,0.0017151745045969613,0.0002689153389350274,1.0,0.002230846927176437,0.003677106092838371,1761025,648176,2409201,96353584794.0,0.0,False,96353584794.0,42303160359.0,55720000728.0,47388983670.0,93920291784.0,184200280857.0,MISSING,B1
development,B2-rank3-q2-r4-K4,127236c66fd1401664dfc9aa26f9ae80b813a1c7a5b23c089cb3e68c3a7dbffc,0.0055805170262288395,0.0024207792897476465,True,0.001711749451536515,0.00026838900843739744,1.0275373871668176,0.0022342719802368833,0.003677632423336001,1853652,684170,2537822,31410543587.06249,160528383.6975574,True,31410543587.06249,13051463397.437494,16872709567.0,13701145829.437506,28437485114.062504,59924639202.75,MISSING,B2
development,B3-rank0-q8-r32-K4,9feb7b75a61651992917ebc41e6b410eb6c6942213237eb566c049cd884377a8,0.0055805170262288395,0.00012828672563865807,True,9.071241363531324e-05,1.4812500512273452e-05,1.6005852772940825,0.003855309018138085,0.003931208931261125,1510582,1452816,2963398,94809566519.18752,1648086745.1859088,False,94809566519.18752,21723744676.125,31301539618.31251,14557322250.25,47723394847.6875,183978953188.68753,MISSING,B3
development,B0-rank9-q2-r0-K0,830a01f9ea6cd9075c324a30b81b282e9a7e91bf8a90d5a2f3abeefc028dfdcd,0.005636521970408555,0.0024255322146783053,True,0.0017151102769854543,0.00026890492035402946,1.0,0.002270512630597395,0.00371671798722882,1700033,634434,2334467,72153706036.0,0.0,False,72153706036.0,32871629827.0,41684242752.0,35609959618.0,71532737814.0,137637839853.0,MISSING,B0
development,B1-rank12-q2-r0-K0,6d94925db9107eb619526d6987146a036344e8fb9af2ffd5c6dfe57fa2f8c48c,0.005636521970408555,0.002425623046237577,True,0.0017151745045969613,0.0002689153389350274,1.0,0.002270448402985888,0.003716707568647822,1700129,634437,2334566,93368632604.0,0.0,False,93368632604.0,40992644394.0,53993842448.0,45920913220.0,91010720944.0,178493912662.0,MISSING,B1
development,B2-rank3-q2-r4-K4,127236c66fd1401664dfc9aa26f9ae80b813a1c7a5b23c089cb3e68c3a7dbffc,0.005636521970408555,0.0024207792897476465,True,0.001711749451536515,0.00026838900843739744,1.0275373871668176,0.0022738734560463344,0.003717233899145452,1789649,669670,2459319,30438914409.28124,155562724.2835365,True,30438914409.28124,12647739640.968744,16350782371.5,13277325304.968756,27557822200.781254,58070977302.375,MISSING,B2
development,B3-rank0-q8-r32-K4,9feb7b75a61651992917ebc41e6b410eb6c6942213237eb566c049cd884377a8,0.005636521970408555,0.00012828672563865807,True,9.071241363531324e-05,1.4812500512273452e-05,1.6005852772940825,0.003894910493947536,0.003970810407070576,1480021,1423982,2904003,92909310730.59377,1615054357.2885299,False,92909310730.59377,21288338492.0625,30674166938.15626,14265551737.125,46766881062.84375,180291487001.34378,MISSING,B3
development,B0-rank9-q2-r0-K0,830a01f9ea6cd9075c324a30b81b282e9a7e91bf8a90d5a2f3abeefc028dfdcd,0.005693088968920841,0.0024255322146783053,True,0.0017151102769854543,0.00026890492035402946,1.0,0.002310511538836802,0.0037567168954682267,1641681,620995,2262676,69934789808.0,0.0,False,69934789808.0,31860740756.0,40402342656.0,34514859704.0,69332917992.0,133405114284.0,MISSING,B0
development,B1-rank12-q2-r0-K0,6d94925db9107eb619526d6987146a036344e8fb9af2ffd5c6dfe57fa2f8c48c,0.005693088968920841,0.002425623046237577,True,0.0017151745045969613,0.0002689153389350274,1.0,0.002310447311225295,0.0037567064768872288,1641773,620999,2262772,90497303368.0,0.0,False,90497303368.0,39732013548.0,52333390816.0,44508725240.0,88211903648.0,173004758804.0,MISSING,B1
development,B2-rank3-q2-r4-K4,127236c66fd1401664dfc9aa26f9ae80b813a1c7a5b23c089cb3e68c3a7dbffc,0.005693088968920841,0.0024207792897476465,True,0.001711749451536515,0.00026838900843739744,1.0275373871668176,0.002313872364285741,0.0037572328073848587,1728310,655487,2383797,29504180975.34374,150785626.20746696,True,29504180975.34374,12259346515.406244,15848674354.5,12869598547.406256,26711562789.843754,56287704637.125,MISSING,B2
development,B3-rank0-q8-r32-K4,9feb7b75a61651992917ebc41e6b410eb6c6942213237eb566c049cd884377a8,0.005693088968920841,0.00012828672563865807,True,9.071241363531324e-05,1.4812500512273452e-05,1.6005852772940825,0.003934909402186943,0.004010809315309983,1450085,1395722,2845807,91047415185.96877,1582688790.387682,False,91047415185.96877,20861721802.3125,30059458957.78126,13979671161.625,45829676311.21875,176678459267.71878,MISSING,B3
development,B0-rank9-q2-r0-K0,830a01f9ea6cd9075c324a30b81b282e9a7e91bf8a90d5a2f3abeefc028dfdcd,0.005750223662429702,0.0024255322146783053,True,0.0017151102769854543,0.00026890492035402946,1.0,0.0023509118680579326,0.0037971172246893574,1585742,607851,2193593,67799572444.0,0.0,False,67799572444.0,30887983033.0,39168796608.0,33461067622.0,67216076706.0,129332049687.0,MISSING,B0
development,B1-rank12-q2-r0-K0,6d94925db9107eb619526d6987146a036344e8fb9af2ffd5c6dfe57fa2f8c48c,0.005750223662429702,0.002425623046237577,True,0.0017151745045969613,0.0002689153389350274,1.0,0.0023508476404464256,0.0037971068061083595,1585828,607855,2193683,87734157902.0,0.0,False,87734157902.0,38518879797.0,50735500424.0,43149744610.0,85518538072.0,167722421131.0,MISSING,B1
development,B2-rank3-q2-r4-K4,127236c66fd1401664dfc9aa26f9ae80b813a1c7a5b23c089cb3e68c3a7dbffc,0.005750223662429702,0.0024207792897476465,True,0.001711749451536515,0.00026838900843739744,1.0275373871668176,0.002354272693506872,0.0037976331366059895,1669502,641615,2311117,28604622886.593742,146188297.1090753,True,28604622886.593742,11885569174.156246,15365461374.5,12477215126.156254,25897149321.093754,54571539052.125,MISSING,B2
development,B3-rank0-q8-r32-K4,9feb7b75a61651992917ebc41e6b410eb6c6942213237eb566c049cd884377a8,0.005750223662429702,0.00012828672563865807,True,9.071241363531324e-05,1.4812500512273452e-05,1.6005852772940825,0.003975309731408074,0.0040512096445311134,1420760,1368023,2788783,89223016059.96877,1550975028.4976215,False,89223016059.96877,20443696678.3125,29457130483.78126,13699547889.625,44911345777.21875,173138193725.71878,MISSING,B3
development,B0-rank9-q2-r0-K0,830a01f9ea6cd9075c324a30b81b282e9a7e91bf8a90d5a2f3abeefc028dfdcd,0.0058079317482077125,0.0024255322146783053,True,0.0017151102769854543,0.00026890492035402946,1.0,0.0023917176468408585,0.0038379230034722833,1532094,594994,2127088,65744035904.0,0.0,False,65744035904.0,29951526128.0,37981283328.0,32446600352.0,65178230496.0,125410981392.0,MISSING,B0
development,B1-rank12-q2-r0-K0,6d94925db9107eb619526d6987146a036344e8fb9af2ffd5c6dfe57fa2f8c48c,0.0058079317482077125,0.002425623046237577,True,0.0017151745045969613,0.0002689153389350274,1.0,0.0023916534192293514,0.0038379125848912853,1532176,594998,2127174,85074196956.0,0.0,False,85074196956.0,37351048266.0,49197280272.0,41841512580.0,82925751216.0,162637342518.0,MISSING,B1
development,B2-rank3-q2-r4-K4,127236c66fd1401664dfc9aa26f9ae80b813a1c7a5b23c089cb3e68c3a7dbffc,0.0058079317482077125,0.0024207792897476465,True,0.001711749451536515,0.00026838900843739744,1.0275373871668176,0.0023950784722897977,0.0038384389153889153,1613099,628046,2241145,27738581629.218742,141762260.90004036,True,27738581629.218742,11525718484.531246,14900252532.5,12099451604.531254,25113080261.718754,52919316455.625,MISSING,B2
development,B3-rank0-q8-r32-K4,9feb7b75a61651992917ebc41e6b410eb6c6942213237eb566c049cd884377a8,0.0058079317482077125,0.00012828672563865807,True,9.071241363531324e-05,1.4812500512273452e-05,1.6005852772940825,0.0040161155101909995,0.004092015423314039,1392036,1340875,2732911,87435473481.96877,1519901948.665946,False,87435473481.96877,20034116506.3125,28866970261.78126,13425083673.625,44011567375.21875,169669448699.71878,MISSING,B3
development,B0-rank9-q2-r0-K0,830a01f9ea6cd9075c324a30b81b282e9a7e91bf8a90d5a2f3abeefc028dfdcd,0.0058662189807041215,0.0024255322146783053,True,0.0017151102769854543,0.00026890492035402946,1.0,0.0024329329441956666,0.0038791383008270914,1480624,582418,2063042,63764502136.0,0.0,False,63764502136.0,29049694402.0,36837677952.0,31469642668.0,63215732964.0,121634893278.0,MISSING,B0
development,B1-rank12-q2-r0-K0,6d94925db9107eb619526d6987146a036344e8fb9af2ffd5c6dfe57fa2f8c48c,0.0058662189807041215,0.002425623046237577,True,0.0017151745045969613,0.0002689153389350274,1.0,0.0024328687165841596,0.0038791278822460935,1480702,582421,2063123,82512541262.0,0.0,False,82512541262.0,36226376757.0,47715908744.0,40581629410.0,80428787032.0,157740195211.0,MISSING,B1
development,B2-rank3-q2-r4-K4,127236c66fd1401664dfc9aa26f9ae80b813a1c7a5b23c089cb3e68c3a7dbffc,0.0058662189807041215,0.0024207792897476465,True,0.001711749451536515,0.00026838900843739744,1.0275373871668176,0.002436293769644606,0.0038796542127437234,1558982,614773,2173755,26904497705.156242,137499547.52716458,True,26904497705.156242,11179146456.093746,14452210117.5,11735627736.093754,24357943722.656254,51328061656.875,MISSING,B2
development,B3-rank0-q8-r32-K4,9feb7b75a61651992917ebc41e6b410eb6c6942213237eb566c049cd884377a8,0.0058662189807041215,0.00012828672563865807,True,9.071241363531324e-05,1.4812500512273452e-05,1.6005852772940825,0.004057330807545808,0.004133230720668847,1363898,1314267,2678165,85683955620.15627,1489455091.0545325,False,85683955620.15627,19632790688.4375,28288703661.09376,13156150791.875,43129922393.90625,166270610011.40628,MISSING,B3
development,B0-rank9-q2-r0-K0,830a01f9ea6cd9075c324a30b81b282e9a7e91bf8a90d5a2f3abeefc028dfdcd,0.005925091172118675,0.0024255322146783053,True,0.0017151102769854543,0.00026890492035402946,1.0,0.0024745618699682096,0.003920767226599634,1431227,570116,2001343,61857509444.0,0.0,False,61857509444.0,28180910783.0,35735980608.0,30528486122.0,61325152206.0,117997181937.0,MISSING,B0
development,B1-rank12-q2-r0-K0,6d94925db9107eb619526d6987146a036344e8fb9af2ffd5c6dfe57fa2f8c48c,0.005925091172118675,0.002425623046237577,True,0.0017151745045969613,0.0002689153389350274,1.0,0.0024744976423567025,0.0039207568080186364,1431301,570119,2001420,80044791480.0,0.0,False,80044791480.0,35142933780.0,46288841760.0,39367931400.0,78023357280.0,153022568940.0,MISSING,B1
development,B2-rank3-q2-r4-K4,127236c66fd1401664dfc9aa26f9ae80b813a1c7a5b23c089cb3e68c3a7dbffc,0.005925091172118675,0.0024207792897476465,True,0.001711749451536515,0.00026838900843739744,1.0275373871668176,0.002477922695417149,0.003921283138516266,1507040,601789,2108829,26100910632.093742,133392692.97237405,True,26100910632.093742,10845246240.656246,14020549606.5,11385106464.656254,23630417458.593754,49794988366.125,MISSING,B2
development,B3-rank0-q8-r32-K4,9feb7b75a61651992917ebc41e6b410eb6c6942213237eb566c049cd884377a8,0.005925091172118675,0.00012828672563865807,True,9.071241363531324e-05,1.4812500512273452e-05,1.6005852772940825,0.004098959733318351,0.00417485964644139,1336335,1288187,2624522,83967726623.31252,1459621664.268118,False,83967726623.31252,19239550618.875,27722087739.187508,12892636259.75,42266040434.8125,162940249733.81253,MISSING,B3
development,B0-rank9-q2-r0-K0,830a01f9ea6cd9075c324a30b81b282e9a7e91bf8a90d5a2f3abeefc028dfdcd,0.005984554192981184,0.0024255322146783053,True,0.0017151102769854543,0.00026890492035402946,1.0,0.0025166085752499276,0.003962813931881352,1383802,558082,1941884,60019750672.0,0.0,False,60019750672.0,27343668604.0,34674280704.0,29621498536.0,59503209528.0,114491538756.0,MISSING,B0
development,B1-rank12-q2-r0-K0,6d94925db9107eb619526d6987146a036344e8fb9af2ffd5c6dfe57fa2f8c48c,0.005984554192981184,0.002425623046237577,True,0.0017151745045969613,0.0002689153389350274,1.0,0.0025165443476384206,0.0039628035133003545,1383872,558085,1941957,77666628258.0,0.0,False,77666628258.0,34098822963.0,44913581496.0,38198294190.0,75705251688.0,148476206349.0,MISSING,B1
development,B2-rank3-q2-r4-K4,127236c66fd1401664dfc9aa26f9ae80b813a1c7a5b23c089cb3e68c3a7dbffc,0.005984554192981184,0.0024207792897476465,True,0.001711749451536515,0.00026838900843739744,1.0275373871668176,0.002519969400698867,0.003963329843797984,1457169,589088,2046257,25326458943.468742,129434739.25271855,True,25326458943.468742,10523452132.281246,13604539664.5,11047293924.281254,22929268867.968754,48317499194.625,MISSING,B2
development,B3-rank0-q8-r32-K4,9feb7b75a61651992917ebc41e6b410eb6c6942213237eb566c049cd884377a8,0.005984554192981184,0.00012828672563865807,True,9.071241363531324e-05,1.4812500512273452e-05,1.6005852772940825,0.004141006438600069,0.004216906351723108,1309336,1262627,2571963,82286178614.34377,1430391101.5019197,False,82286178614.34377,18854257014.5625,27166921804.406258,12634446742.125,41419615516.59375,159677188275.09378,MISSING,B3
development,B0-rank9-q2-r0-K0,830a01f9ea6cd9075c324a30b81b282e9a7e91bf8a90d5a2f3abeefc028dfdcd,0.006044613972736912,0.0024255322146783053,True,0.0017151102769854543,0.00026890492035402946,1.0,0.0025590772527917726,0.0040052826094231974,1338253,546310,1884563,58248073204.0,0.0,False,58248073204.0,26536531603.0,33650756928.0,28747124002.0,57746779446.0,111111949917.0,MISSING,B0
development,B1-rank12-q2-r0-K0,6d94925db9107eb619526d6987146a036344e8fb9af2ffd5c6dfe57fa2f8c48c,0.006044613972736912,0.002425623046237577,True,0.0017151745045969613,0.0002689153389350274,1.0,0.0025590130251802656,0.0040052721908421995,1338321,546313,1884634,75374052196.0,0.0,False,75374052196.0,33092288406.0,43587815152.0,37070750780.0,73470571856.0,144093461738.0,MISSING,B1
development,B2-rank3-q2-r4-K4,127236c66fd1401664dfc9aa26f9ae80b813a1c7a5b23c089cb3e68c3a7dbffc,0.006044613972736912,0.0024207792897476465,True,0.001711749451536515,0.00026838900843739744,1.0275373871668176,0.002562438078240712,0.0040057985213398295,1409268,576663,1985931,24579805926.656242,125618854.89402875,True,24579805926.656242,10213208710.593746,13203462253.5,10721607046.593754,22253287760.156254,46893043978.875,MISSING,B2
development,B3-rank0-q8-r32-K4,9feb7b75a61651992917ebc41e6b410eb6c6942213237eb566c049cd884377a8,0.006044613972736912,0.00012828672563865807,True,9.071241363531324e-05,1.4812500512273452e-05,1.6005852772940825,0.004183475116141914,0.0042593750292649534,1282887,1237574,2520461,80638447767.90627,1401748386.7701945,False,80638447767.90627,18476711946.9375,26622920663.343758,12381449604.875,40590212823.65625,156479749373.15628,MISSING,B3
development,B0-rank9-q2-r0-K0,830a01f9ea6cd9075c324a30b81b282e9a7e91bf8a90d5a2f3abeefc028dfdcd,0.00610527650033784,0.0024255322146783053,True,0.0017151102769854543,0.00026890492035402946,1.0,0.0026019721374223054,0.00404817749405373,1294494,534794,1829288,56539633504.0,0.0,False,56539633504.0,25758204328.0,32663766528.0,27903959152.0,56053042896.0,107852991192.0,MISSING,B0
development,B1-rank12-q2-r0-K0,6d94925db9107eb619526d6987146a036344e8fb9af2ffd5c6dfe57fa2f8c48c,0.00610527650033784,0.002425623046237577,True,0.0017151745045969613,0.0002689153389350274,1.0,0.0026019079098107984,0.004048167075472732,1294557,534797,1829354,73163183876.0,0.0,False,73163183876.0,32121626886.0,42309299312.0,35983393180.0,71315536336.0,139866918778.0,MISSING,B1
development,B2-rank3-q2-r4-K4,127236c66fd1401664dfc9aa26f9ae80b813a1c7a5b23c089cb3e68c3a7dbffc,0.00610527650033784,0.0024207792897476465,True,0.001711749451536515,0.00026838900843739744,1.0275373871668176,0.0026053329628712447,0.004048693405970362,1363245,564509,1927754,23859751015.687492,121938904.22043037,True,23859751015.687492,9914017125.812496,12816672469.0,10407522149.812504,21601387204.687504,45519332294.25,MISSING,B2
development,B3-rank0-q8-r32-K4,9feb7b75a61651992917ebc41e6b410eb6c6942213237eb566c049cd884377a8,0.00610527650033784,0.00012828672563865807,True,9.071241363531324e-05,1.4812500512273452e-05,1.6005852772940825,0.0042263700007724465,0.004302269913895486,1256978,1213019,2469997,79023926206.90627,1373682953.26816,False,79023926206.90627,18106776132.9375,26089883624.343758,12133551512.875,39777526374.65625,153346753436.15628,MISSING,B3
development,B0-rank9-q2-r0-K0,830a01f9ea6cd9075c324a30b81b282e9a7e91bf8a90d5a2f3abeefc028dfdcd,0.006166547824839868,0.0024255322146783053,True,0.0017151102769854543,0.00026890492035402946,1.0,0.0026452975064699706,0.004091502863101395,1252438,523528,1775966,54891557128.0,0.0,False,54891557128.0,25007377246.0,31711648896.0,27090585364.0,54419150172.0,104709179394.0,MISSING,B0
development,B1-rank12-q2-r0-K0,6d94925db9107eb619526d6987146a036344e8fb9af2ffd5c6dfe57fa2f8c48c,0.006166547824839868,0.002425623046237577,True,0.0017151745045969613,0.0002689153389350274,1.0,0.0026452332788584635,0.0040914924445203974,1252499,523530,1776029,71030503826.0,0.0,False,71030503826.0,31185293211.0,41075998712.0,34934490430.0,69236714536.0,135789849253.0,MISSING,B1
development,B2-rank3-q2-r4-K4,127236c66fd1401664dfc9aa26f9ae80b813a1c7a5b23c089cb3e68c3a7dbffc,0.006166547824839868,0.0024207792897476465,True,0.001711749451536515,0.00026838900843739744,1.0275373871668176,0.00264865833191891,0.004092018775018027,1319011,552619,1871630,23165106021.562492,118388814.81043956,True,23165106021.562492,9625383670.937496,12443532055.0,10104520950.937504,20972491476.562504,44194097328.75,MISSING,B2
development,B3-rank0-q8-r32-K4,9feb7b75a61651992917ebc41e6b410eb6c6942213237eb566c049cd884377a8,0.006166547824839868,0.00012828672563865807,True,9.071241363531324e-05,1.4812500512273452e-05,1.6005852772940825,0.004269695369820112,0.004345595282943151,1231598,1188952,2420550,77441942067.18752,1346183121.895794,False,77441942067.18752,17744295628.125,25567588870.312508,11890649306.25,38981217979.6875,150276896704.68753,MISSING,B3
development,B0-rank9-q2-r0-K0,830a01f9ea6cd9075c324a30b81b282e9a7e91bf8a90d5a2f3abeefc028dfdcd,0.006228434056005994,0.0024255322146783053,True,0.0017151102769854543,0.00026890492035402946,1.0,0.0026890576801896163,0.004135263036821041,1212007,512506,1724513,53301247804.0,0.0,False,53301247804.0,24282867553.0,30792904128.0,26305721302.0,52842527346.0,101675561967.0,MISSING,B0
development,B1-rank12-q2-r0-K0,6d94925db9107eb619526d6987146a036344e8fb9af2ffd5c6dfe57fa2f8c48c,0.006228434056005994,0.002425623046237577,True,0.0017151745045969613,0.0002689153389350274,1.0,0.0026889934525781093,0.004135252618240043,1212064,512509,1724573,68972572562.0,0.0,False,68972572562.0,30281777307.0,39885924344.0,33922350910.0,67230753832.0,131855677861.0,MISSING,B1
development,B2-rank3-q2-r4-K4,127236c66fd1401664dfc9aa26f9ae80b813a1c7a5b23c089cb3e68c3a7dbffc,0.006228434056005994,0.0024207792897476465,True,0.001711749451536515,0.00026838900843739744,1.0275373871668176,0.0026924185056385556,0.004135778948737673,1276484,540986,1817470,22494769394.062492,114962957.02330565,True,22494769394.062492,9346850638.437496,12083449295.0,9812122958.437504,20365603289.062504,42915237558.75,MISSING,B2
development,B3-rank0-q8-r32-K4,9feb7b75a61651992917ebc41e6b410eb6c6942213237eb566c049cd884377a8,0.006228434056005994,0.00012828672563865807,True,9.071241363531324e-05,1.4812500512273452e-05,1.6005852772940825,0.004313455543539757,0.004389355456662797,1206736,1165363,2372099,75891823484.59377,1319237213.553073,False,75891823484.59377,17389116488.0625,25055814584.156258,11652639825.125,38200949448.84375,147268875419.34378,MISSING,B3
development,B0-rank9-q2-r0-K0,830a01f9ea6cd9075c324a30b81b282e9a7e91bf8a90d5a2f3abeefc028dfdcd,0.006290941364915573,0.0024255322146783053,True,0.0017151102769854543,0.00026890492035402946,1.0,0.002733257022193302,0.004179462378824727,1173125,501724,1674849,51766232892.0,0.0,False,51766232892.0,23583548769.0,29906103744.0,25548146646.0,51320723058.0,98747422191.0,MISSING,B0
development,B1-rank12-q2-r0-K0,6d94925db9107eb619526d6987146a036344e8fb9af2ffd5c6dfe57fa2f8c48c,0.006290941364915573,0.002425623046237577,True,0.0017151745045969613,0.0002689153389350274,1.0,0.002733192794581795,0.004179451960243729,1173180,501726,1674906,66986190564.0,0.0,False,66986190564.0,29409674454.0,38737225968.0,32945401020.0,65294535504.0,128058288042.0,MISSING,B1
development,B2-rank3-q2-r4-K4,127236c66fd1401664dfc9aa26f9ae80b813a1c7a5b23c089cb3e68c3a7dbffc,0.006290941364915573,0.0024207792897476465,True,0.001711749451536515,0.00026838900843739744,1.0275373871668176,0.0027366178476422413,0.004179978290741359,1235584,529606,1765190,21847701467.812492,111656017.49023034,True,21847701467.812492,9077986034.687496,11735865715.0,9529874674.687504,19779781382.812504,41680769523.75,MISSING,B2
development,B3-rank0-q8-r32-K4,9feb7b75a61651992917ebc41e6b410eb6c6942213237eb566c049cd884377a8,0.006290941364915573,0.00012828672563865807,True,9.071241363531324e-05,1.4812500512273452e-05,1.6005852772940825,0.004357654885543443,0.004433554798666483,1182380,1142243,2324623,74372898594.96877,1292833549.1399748,False,74372898594.96877,17041084768.3125,24554338948.781258,11419419909.625,37436382592.21875,144321385820.71878,MISSING,B3
development,B0-rank9-q2-r0-K0,830a01f9ea6cd9075c324a30b81b282e9a7e91bf8a90d5a2f3abeefc028dfdcd,0.0063540759845796685,0.0024255322146783053,True,0.0017151102769854543,0.00026890492035402946,1.0,0.0027778999398854172,0.004224105296516842,1135722,491175,1626897,50284132476.0,0.0,False,50284132476.0,22908336657.0,29049872832.0,24816686838.0,49851377874.0,95920220223.0,MISSING,B0
development,B1-rank12-q2-r0-K0,6d94925db9107eb619526d6987146a036344e8fb9af2ffd5c6dfe57fa2f8c48c,0.0063540759845796685,0.002425623046237577,True,0.0017151745045969613,0.0002689153389350274,1.0,0.00277783571227391,0.004224094877935844,1135774,491177,1626951,65068278294.0,0.0,False,65068278294.0,28567632609.0,37628122728.0,32002126170.0,63425057784.0,124391792607.0,MISSING,B1
development,B2-rank3-q2-r4-K4,127236c66fd1401664dfc9aa26f9ae80b813a1c7a5b23c089cb3e68c3a7dbffc,0.0063540759845796685,0.0024207792897476465,True,0.001711749451536515,0.00026838900843739744,1.0275373871668176,0.0027812607653343565,0.004224621208433474,1196236,518472,1714708,21222887331.374992,108462809.35119613,True,21222887331.374992,8818368151.624996,11400236138.0,9257333399.625004,19214106909.375004,40488756988.5,MISSING,B2
development,B3-rank0-q8-r32-K4,9feb7b75a61651992917ebc41e6b410eb6c6942213237eb566c049cd884377a8,0.0063540759845796685,0.00012828672563865807,True,9.071241363531324e-05,1.4812500512273452e-05,1.6005852772940825,0.004402297803235558,0.004478197716358598,1158521,1119583,2278104,72884591514.75002,1266962117.9993372,False,72884591514.75002,16700068516.5,24062971835.250008,11190901137.0,36687227532.75,141433310400.75003,MISSING,B3
development,B0-rank9-q2-r0-K0,830a01f9ea6cd9075c324a30b81b282e9a7e91bf8a90d5a2f3abeefc028dfdcd,0.006417844210562581,0.0024255322146783053,True,0.0017151102769854543,0.00026890492035402946,1.0,0.0028229908849021716,0.004269196241533596,1099730,480854,1580584,48852690272.0,0.0,False,48852690272.0,22256203304.0,28222907904.0,24110228336.0,48432254928.0,93189652056.0,MISSING,B0
development,B1-rank12-q2-r0-K0,6d94925db9107eb619526d6987146a036344e8fb9af2ffd5c6dfe57fa2f8c48c,0.006417844210562581,0.002425623046237577,True,0.0017151745045969613,0.0002689153389350274,1.0,0.0028229266572906645,0.004269185822952598,1099781,480856,1580637,63215996178.0,0.0,False,63215996178.0,27754405083.0,36556972536.0,31091129790.0,61619552808.0,120850763109.0,MISSING,B1
development,B2-rank3-q2-r4-K4,127236c66fd1401664dfc9aa26f9ae80b813a1c7a5b23c089cb3e68c3a7dbffc,0.006417844210562581,0.0024207792897476465,True,0.001711749451536515,0.00026838900843739744,1.0275373871668176,0.0028263517103511108,0.004269712153450228,1158372,507579,1665951,20619423466.031242,105378715.03569967,True,20619423466.031242,8567621566.218747,11076075223.5,8994105022.218754,18667761869.531254,39337476231.375,MISSING,B2
development,B3-rank0-q8-r32-K4,9feb7b75a61651992917ebc41e6b410eb6c6942213237eb566c049cd884377a8,0.006417844210562581,0.00012828672563865807,True,9.071241363531324e-05,1.4812500512273452e-05,1.6005852772940825,0.004447388748252313,0.004523288661375352,1135148,1097373,2232521,71426230379.78127,1241611241.0311372,False,71426230379.78127,16365913788.1875,23581491426.468758,10966980347.375,35953146080.53125,138603345400.03128,MISSING,B3
development,B0-rank9-q2-r0-K0,830a01f9ea6cd9075c324a30b81b282e9a7e91bf8a90d5a2f3abeefc028dfdcd,0.006482252401609633,0.0024255322146783053,True,0.0017151102769854543,0.00026890492035402946,1.0,0.0028685343535555,0.004314739710186925,1065087,470756,1535843,47469835444.0,0.0,False,47469835444.0,21626205283.0,27424012608.0,23427749122.0,47061301206.0,90551767437.0,MISSING,B0
development,B1-rank12-q2-r0-K0,6d94925db9107eb619526d6987146a036344e8fb9af2ffd5c6dfe57fa2f8c48c,0.006482252401609633,0.002425623046237577,True,0.0017151745045969613,0.0002689153389350274,1.0,0.0028684701259439928,0.004314729291605927,1065135,470759,1535894,61426544636.0,0.0,False,61426544636.0,26968762746.0,35522156432.0,30211034980.0,59875291696.0,117429847558.0,MISSING,B1
development,B2-rank3-q2-r4-K4,127236c66fd1401664dfc9aa26f9ae80b813a1c7a5b23c089cb3e68c3a7dbffc,0.006482252401609633,0.0024207792897476465,True,0.001711749451536515,0.00026838900843739744,1.0275373871668176,0.002871895179004439,0.004315255622103557,1121924,496921,1618845,20036393976.093742,102399053.71884722,True,20036393976.093742,8325365712.656247,10762890982.5,8739790032.656254,18139917058.593754,38225179918.125,MISSING,B2
development,B3-rank0-q8-r32-K4,9feb7b75a61651992917ebc41e6b410eb6c6942213237eb566c049cd884377a8,0.006482252401609633,0.00012828672563865807,True,9.071241363531324e-05,1.4812500512273452e-05,1.6005852772940825,0.004492932216905641,0.004568832130028681,1112252,1075604,2187856,69997239306.50002,1216770907.5782132,False,69997239306.50002,16038488631.0,23109707593.500008,10747569118.0,35233848358.5,135830373310.50003,MISSING,B3
development,B0-rank9-q2-r0-K0,830a01f9ea6cd9075c324a30b81b282e9a7e91bf8a90d5a2f3abeefc028dfdcd,0.006547306980281227,0.0024255322146783053,True,0.0017151102769854543,0.00026890492035402946,1.0,0.0029145348872814184,0.004360740243912843,1031732,460877,1492609,46133558972.0,0.0,False,46133558972.0,21017427329.0,26652026304.0,22768257686.0,45736524978.0,88002734031.0,MISSING,B0
development,B1-rank12-q2-r0-K0,6d94925db9107eb619526d6987146a036344e8fb9af2ffd5c6dfe57fa2f8c48c,0.006547306980281227,0.002425623046237577,True,0.0017151745045969613,0.0002689153389350274,1.0,0.0029144706596699113,0.004360729825331845,1031777,460879,1492656,59697284064.0,0.0,False,59697284064.0,26209546704.0,34522147968.0,29360543520.0,58189701504.0,114123999792.0,MISSING,B1
development,B2-rank3-q2-r4-K4,127236c66fd1401664dfc9aa26f9ae80b813a1c7a5b23c089cb3e68c3a7dbffc,0.006547306980281227,0.0024207792897476465,True,0.001711749451536515,0.00026838900843739744,1.0275373871668176,0.0029178957127303576,0.004361256155829475,1086828,486494,1573322,19472957227.687492,99519524.10208769,True,19472957227.687492,8091250881.812497,10460231317.0,8494021313.812503,17629810504.687504,37150262390.25,MISSING,B2
development,B3-rank0-q8-r32-K4,9feb7b75a61651992917ebc41e6b410eb6c6942213237eb566c049cd884377a8,0.006547306980281227,0.00012828672563865807,True,9.071241363531324e-05,1.4812500512273452e-05,1.6005852772940825,0.004538932750631559,0.004614832663754599,1089821,1054268,2144089,68596978424.281265,1192429994.688162,False,68596978424.281265,15717646431.1875,22647409081.968758,10532569201.375,34529012281.03125,133113152456.53127,MISSING,B3
development,B0-rank9-q2-r0-K0,830a01f9ea6cd9075c324a30b81b282e9a7e91bf8a90d5a2f3abeefc028dfdcd,0.006613014433593292,0.0024255322146783053,True,0.0017151102769854543,0.00026890492035402946,1.0,0.002960997073092878,0.004407202429724303,999607,451211,1450818,44841882744.0,0.0,False,44841882744.0,20428968258.0,25905806208.0,22130777772.0,44455965156.0,85538778462.0,MISSING,B0
development,B1-rank12-q2-r0-K0,6d94925db9107eb619526d6987146a036344e8fb9af2ffd5c6dfe57fa2f8c48c,0.006613014433593292,0.002425623046237577,True,0.0017151745045969613,0.0002689153389350274,1.0,0.002960932845481371,0.004407192011143305,999650,451213,1450863,58025814822.0,0.0,False,58025814822.0,25475703417.0,33555559464.0,28538475210.0,56560443192.0,110928632391.0,MISSING,B1
development,B2-rank3-q2-r4-K4,127236c66fd1401664dfc9aa26f9ae80b813a1c7a5b23c089cb3e68c3a7dbffc,0.006613014433593292,0.0024207792897476465,True,0.001711749451536515,0.00026838900843739744,1.0275373871668176,0.0029643578985418173,0.004407718341640935,1053026,476292,1529318,18928321094.812492,96736077.90443186,True,18928321094.812492,7864947935.687497,10167670723.0,8256453343.687503,17136725057.812504,36111212439.75,MISSING,B2
development,B3-rank0-q8-r32-K4,9feb7b75a61651992917ebc41e6b410eb6c6942213237eb566c049cd884377a8,0.006613014433593292,0.00012828672563865807,True,9.071241363531324e-05,1.4812500512273452e-05,1.6005852772940825,0.004585394936443019,0.004661294849566059,1067848,1033355,2101203,67224903843.093765,1168579047.8514419,False,67224903843.093765,15403262567.0625,22194416325.656258,10321897087.125,33838364075.34375,130450627413.84377,MISSING,B3
development,B0-rank9-q2-r0-K0,830a01f9ea6cd9075c324a30b81b282e9a7e91bf8a90d5a2f3abeefc028dfdcd,0.006679381313664138,0.0024255322146783053,True,0.0017151102769854543,0.00026890492035402946,1.0,0.0030079255440371676,0.004454130900668592,968659,441753,1410412,43593014096.0,0.0,False,43593014096.0,19860011372.0,25184316672.0,21514424648.0,43217844504.0,83156481108.0,MISSING,B0
development,B1-rank12-q2-r0-K0,6d94925db9107eb619526d6987146a036344e8fb9af2ffd5c6dfe57fa2f8c48c,0.006679381313664138,0.002425623046237577,True,0.0017151745045969613,0.0002689153389350274,1.0,0.0030078613164256605,0.0044541204820875945,968701,441755,1410456,56409777264.0,0.0,False,56409777264.0,24766196904.0,32621026368.0,27743669520.0,54985216704.0,107839234392.0,MISSING,B1
development,B2-rank3-q2-r4-K4,127236c66fd1401664dfc9aa26f9ae80b813a1c7a5b23c089cb3e68c3a7dbffc,0.006679381313664138,0.0024207792897476465,True,0.001711749451536515,0.00026838900843739744,1.0275373871668176,0.003011286369486107,0.004454646812585224,1020461,466309,1486770,18401705828.437492,94044730.09928095,True,18401705828.437492,7646132879.062497,9884790345.0,8026745999.062503,16659954773.437504,35106542471.25,MISSING,B2
development,B3-rank0-q8-r32-K4,9feb7b75a61651992917ebc41e6b410eb6c6942213237eb566c049cd884377a8,0.006679381313664138,0.00012828672563865807,True,9.071241363531324e-05,1.4812500512273452e-05,1.6005852772940825,0.004632323407387309,0.004708223320510348,1046321,1012858,2059179,65880407685.843765,1145207500.2632704,False,65880407685.843765,15095197755.5625,21750528632.906258,10115459440.125,33161597760.09375,127841618590.59377,MISSING,B3
development,B0-rank9-q2-r0-K0,830a01f9ea6cd9075c324a30b81b282e9a7e91bf8a90d5a2f3abeefc028dfdcd,0.006746414238367818,0.0024255322146783053,True,0.0017151102769854543,0.00026890492035402946,1.0,0.0030553249796579068,0.0045015303362893316,938837,432499,1371336,42385253088.0,0.0,False,42385253088.0,19309782216.0,24486575616.0,20918359344.0,42020477712.0,80852599224.0,MISSING,B0
development,B1-rank12-q2-r0-K0,6d94925db9107eb619526d6987146a036344e8fb9af2ffd5c6dfe57fa2f8c48c,0.006746414238367818,0.002425623046237577,True,0.0017151745045969613,0.0002689153389350274,1.0,0.0030552607520463997,0.004501519917708334,938877,432501,1371378,54846891732.0,0.0,False,54846891732.0,24080026302.0,31717230384.0,26975005260.0,53461799952.0,104851447746.0,MISSING,B1
development,B2-rank3-q2-r4-K4,127236c66fd1401664dfc9aa26f9ae80b813a1c7a5b23c089cb3e68c3a7dbffc,0.006746414238367818,0.0024207792897476465,True,0.001711749451536515,0.00026838900843739744,1.0275373871668176,0.003058685805106846,0.004502046248205964,989078,456542,1445620,17892393564.374992,91441811.9319885,True,17892393564.374992,7434507430.624997,9611204570.0,7804586150.625003,16198849734.375004,34134882952.5,MISSING,B2
development,B3-rank0-q8-r32-K4,9feb7b75a61651992917ebc41e6b410eb6c6942213237eb566c049cd884377a8,0.006746414238367818,0.00012828672563865807,True,9.071241363531324e-05,1.4812500512273452e-05,1.6005852772940825,0.004679722843008048,0.004755622756131088,1025233,992769,2018002,64563010049.562515,1122307009.709345,False,64563010049.562515,14793342036.375,21315587562.937508,9913182574.75,32498471771.0625,125285194730.06252,MISSING,B3
development,B0-rank9-q2-r0-K0,830a01f9ea6cd9075c324a30b81b282e9a7e91bf8a90d5a2f3abeefc028dfdcd,0.0068141198919940285,0.0024255322146783053,True,0.0017151102769854543,0.00026890492035402946,1.0,0.003103200106461668,0.004549405463093093,910093,423444,1333537,41216961596.0,0.0,False,41216961596.0,18777534497.0,23811636672.0,20341773398.0,40862240754.0,78624007983.0,MISSING,B0
development,B1-rank12-q2-r0-K0,6d94925db9107eb619526d6987146a036344e8fb9af2ffd5c6dfe57fa2f8c48c,0.0068141198919940285,0.002425623046237577,True,0.0017151745045969613,0.0002689153389350274,1.0,0.003103135878850161,0.004549395044512095,910130,423446,1333576,53335038544.0,0.0,False,53335038544.0,23416260984.0,30842945728.0,26231439920.0,51988126784.0,101961220232.0,MISSING,B1
development,B2-rank3-q2-r4-K4,127236c66fd1401664dfc9aa26f9ae80b813a1c7a5b23c089cb3e68c3a7dbffc,0.0068141198919940285,0.0024207792897476465,True,0.001711749451536515,0.00026838900843739744,1.0275373871668176,0.0031065609319106072,0.004549921375009725,958828,446985,1405813,17399703569.343742,88923844.41107936,True,17399703569.343742,7229788737.406247,9346547730.5,7589676865.406253,15752793639.843754,33194935189.125,MISSING,B2
development,B3-rank0-q8-r32-K4,9feb7b75a61651992917ebc41e6b410eb6c6942213237eb566c049cd884377a8,0.0068141198919940285,0.00012828672563865807,True,9.071241363531324e-05,1.4812500512273452e-05,1.6005852772940825,0.004727597969811809,0.004803497882934849,1004574,973078,1977652,63272071063.625015,1099866453.2372644,False,63272071063.625015,14497548795.75,20889381861.375008,9714968243.5,31848664022.625,122780114156.62502,MISSING,B3
development,B0-rank9-q2-r0-K0,830a01f9ea6cd9075c324a30b81b282e9a7e91bf8a90d5a2f3abeefc028dfdcd,0.006882505025914659,0.0024255322146783053,True,0.0017151102769854543,0.00026890492035402946,1.0,0.0031515556983892955,0.00459776105502072,882379,414584,1296963,40086532404.0,0.0,False,40086532404.0,18262536003.0,23158571328.0,19783873602.0,39741540246.0,76467641517.0,MISSING,B0
development,B1-rank12-q2-r0-K0,6d94925db9107eb619526d6987146a036344e8fb9af2ffd5c6dfe57fa2f8c48c,0.006882505025914659,0.002425623046237577,True,0.0017151745045969613,0.0002689153389350274,1.0,0.0031514914707777885,0.004597750636439722,882415,414586,1297001,51872257994.0,0.0,False,51872257994.0,22774040559.0,29997039128.0,25512009670.0,50562286984.0,99164805457.0,MISSING,B1
development,B2-rank3-q2-r4-K4,127236c66fd1401664dfc9aa26f9ae80b813a1c7a5b23c089cb3e68c3a7dbffc,0.006882505025914659,0.0024207792897476465,True,0.001711749451536515,0.00026838900843739744,1.0275373871668176,0.0031549165238382347,0.004598276966937352,929661,437633,1367294,16922955110.062494,86487348.54507843,True,16922955110.062494,7031693946.437497,9090454159.0,7381721210.437503,15321170189.062504,32285400486.75,MISSING,B2
development,B3-rank0-q8-r32-K4,9feb7b75a61651992917ebc41e6b410eb6c6942213237eb566c049cd884377a8,0.006882505025914659,0.00012828672563865807,True,9.071241363531324e-05,1.4812500512273452e-05,1.6005852772940825,0.0047759535617394365,0.004851853474862476,984334,953778,1938112,62007046838.000015,1077876376.3374856,False,62007046838.000015,14207693412.0,20471731962.000008,9520732936.0,31211900742.0,120325321446.00002,MISSING,B3
development,B0-rank9-q2-r0-K0,830a01f9ea6cd9075c324a30b81b282e9a7e91bf8a90d5a2f3abeefc028dfdcd,0.006951576459257,0.0024255322146783053,True,0.0017151102769854543,0.00026890492035402946,1.0,0.0032003965772919394,0.004646601933923364,855653,405915,1261568,38992543744.0,0.0,False,38992543744.0,17764139008.0,22526558208.0,19243958272.0,38656966656.0,74380787712.0,MISSING,B0
development,B1-rank12-q2-r0-K0,6d94925db9107eb619526d6987146a036344e8fb9af2ffd5c6dfe57fa2f8c48c,0.006951576459257,0.002425623046237577,True,0.0017151745045969613,0.0002689153389350274,1.0,0.0032003323496804324,0.004646591515342366,855687,405916,1261603,50456550382.0,0.0,False,50456550382.0,22152487077.0,29178354184.0,24815731010.0,49182331352.0,96458380571.0,MISSING,B1
development,B2-rank3-q2-r4-K4,127236c66fd1401664dfc9aa26f9ae80b813a1c7a5b23c089cb3e68c3a7dbffc,0.006951576459257,0.0024207792897476465,True,0.001711749451536515,0.00026838900843739744,1.0275373871668176,0.0032037574027408786,0.004647117845839996,901532,428483,1330015,16461554092.031244,84129288.12324378,True,16461554092.031244,6839976204.218747,8842604727.5,7180460044.218753,14903441519.531254,31405145439.375,MISSING,B2
development,B3-rank0-q8-r32-K4,9feb7b75a61651992917ebc41e6b410eb6c6942213237eb566c049cd884377a8,0.006951576459257,0.00012828672563865807,True,9.071241363531324e-05,1.4812500512273452e-05,1.6005852772940825,0.00482479444064208,0.00490069435376512,964507,934862,1899369,60767521456.781265,1056329549.0909472,False,60767521456.781265,13923680586.1875,20062500549.468758,9330412791.375,30587972573.53125,117920009509.03127,MISSING,B3
development,B0-rank9-q2-r0-K0,830a01f9ea6cd9075c324a30b81b282e9a7e91bf8a90d5a2f3abeefc028dfdcd,0.007021341079583731,0.0024255322146783053,True,0.0017151102769854543,0.00026890492035402946,1.0,0.003249727613411876,0.004695932970043301,829872,397431,1227303,37933481124.0,0.0,False,37933481124.0,17281653543.0,21914722368.0,18721279962.0,37607018526.0,72360557577.0,MISSING,B0
development,B1-rank12-q2-r0-K0,6d94925db9107eb619526d6987146a036344e8fb9af2ffd5c6dfe57fa2f8c48c,0.007021341079583731,0.002425623046237577,True,0.0017151745045969613,0.0002689153389350274,1.0,0.003249663385800369,0.004695922551462303,829905,397433,1227338,49086155972.0,0.0,False,49086155972.0,21550827942.0,28385873264.0,24141738460.0,47846544592.0,93838581466.0,MISSING,B1
development,B2-rank3-q2-r4-K4,127236c66fd1401664dfc9aa26f9ae80b813a1c7a5b23c089cb3e68c3a7dbffc,0.007021341079583731,0.0024207792897476465,True,0.001711749451536515,0.00026838900843739744,1.0275373871668176,0.003253088438860815,0.004696448881959933,874397,419529,1293926,16014881666.812494,81846500.42605259,True,16014881666.812494,6654378371.687497,8602667011.0,6985623427.687503,14499047357.812504,30552989415.75,MISSING,B2
development,B3-rank0-q8-r32-K4,9feb7b75a61651992917ebc41e6b410eb6c6942213237eb566c049cd884377a8,0.007021341079583731,0.00012828672563865807,True,9.071241363531324e-05,1.4812500512273452e-05,1.6005852772940825,0.004874125476762017,0.004950025389885057,945082,916322,1861404,59552887042.875015,1035215404.6928666,False,59552887042.875015,13645371035.25,19661486932.125008,9143914474.5,29976573535.875,115562998753.87502,MISSING,B3
development,B0-rank9-q2-r0-K0,830a01f9ea6cd9075c324a30b81b282e9a7e91bf8a90d5a2f3abeefc028dfdcd,0.007091805843579723,0.0024255322146783053,True,0.0017151102769854543,0.00026890492035402946,1.0,0.0032995537258681514,0.004745759082499576,804998,389130,1194128,36908108224.0,0.0,False,36908108224.0,16814516368.0,21322349568.0,18215228512.0,36590470176.0,70404592752.0,MISSING,B0
development,B1-rank12-q2-r0-K0,6d94925db9107eb619526d6987146a036344e8fb9af2ffd5c6dfe57fa2f8c48c,0.007091805843579723,0.002425623046237577,True,0.0017151745045969613,0.0002689153389350274,1.0,0.0032994894982566443,0.004745748663918578,805029,389131,1194160,47759235040.0,0.0,False,47759235040.0,20968255440.0,27618532480.0,23489127200.0,46553133440.0,91301891120.0,MISSING,B1
development,B2-rank3-q2-r4-K4,127236c66fd1401664dfc9aa26f9ae80b813a1c7a5b23c089cb3e68c3a7dbffc,0.007091805843579723,0.0024207792897476465,True,0.001711749451536515,0.00026838900843739744,1.0275373871668176,0.0033029145513170906,0.004746274994416208,848215,410766,1258981,15582368493.843744,79636075.75154383,True,15582368493.843744,6474663880.906247,8370335178.5,6796963016.906253,14107472252.343754,29727846235.125,MISSING,B2
development,B3-rank0-q8-r32-K4,9feb7b75a61651992917ebc41e6b410eb6c6942213237eb566c049cd884377a8,0.007091805843579723,0.00012828672563865807,True,9.071241363531324e-05,1.4812500512273452e-05,1.6005852772940825,0.004923951589218292,0.004999851502341332,926052,898150,1824202,58362663693.312515,1014525600.9289422,False,58362663693.312515,13372654798.875,19268532669.187508,8961164299.75,29377462064.8125,113253357923.81252,MISSING,B3
development,B0-rank9-q2-r0-K0,830a01f9ea6cd9075c324a30b81b282e9a7e91bf8a90d5a2f3abeefc028dfdcd,0.007162977777745734,0.0024255322146783053,True,0.0017151102769854543,0.00026890492035402946,1.0,0.0033498798831471006,0.0047960852397785254,780992,381006,1161998,35915034184.0,0.0,False,35915034184.0,16362093838.0,20748636288.0,17725117492.0,35605942716.0,68510240082.0,MISSING,B0
development,B1-rank12-q2-r0-K0,6d94925db9107eb619526d6987146a036344e8fb9af2ffd5c6dfe57fa2f8c48c,0.007162977777745734,0.002425623046237577,True,0.0017151745045969613,0.0002689153389350274,1.0,0.0033498156555355936,0.0047960748211975275,781022,381008,1162030,46474227820.0,0.0,False,46474227820.0,20404084770.0,26875429840.0,22857130100.0,45300577520.0,88845327710.0,MISSING,B1
development,B2-rank3-q2-r4-K4,127236c66fd1401664dfc9aa26f9ae80b813a1c7a5b23c089cb3e68c3a7dbffc,0.007162977777745734,0.0024207792897476465,True,0.001711749451536515,0.00026838900843739744,1.0275373871668176,0.00335324070859604,0.0047966011516951575,822946,402192,1225138,15163494740.437494,77495357.41531835,True,15163494740.437494,6300616735.062498,8145329993.0,6614252063.062503,13728245573.437504,28928724167.25,MISSING,B2
development,B3-rank0-q8-r32-K4,9feb7b75a61651992917ebc41e6b410eb6c6942213237eb566c049cd884377a8,0.007162977777745734,0.00012828672563865807,True,9.071241363531324e-05,1.4812500512273452e-05,1.6005852772940825,0.004974277746497242,0.0050501776596202815,907408,880338,1787746,57196307518.062515,994250683.2896316,False,57196307518.062515,13105407255.375,18883458194.437508,8782078756.75,28790364387.5625,110990031594.56252,MISSING,B3
development,B0-rank9-q2-r0-K0,830a01f9ea6cd9075c324a30b81b282e9a7e91bf8a90d5a2f3abeefc028dfdcd,0.007234863979099068,0.0024255322146783053,True,0.0017151102769854543,0.00026890492035402946,1.0,0.0034007111035977847,0.0048469164602292095,757820,373056,1130876,34953115408.0,0.0,False,34953115408.0,15923864956.0,20192921856.0,17250382504.0,34652302392.0,66675318084.0,MISSING,B0
development,B1-rank12-q2-r0-K0,6d94925db9107eb619526d6987146a036344e8fb9af2ffd5c6dfe57fa2f8c48c,0.007234863979099068,0.002425623046237577,True,0.0017151745045969613,0.0002689153389350274,1.0,0.0034006468759862777,0.004846906041648212,757848,373058,1130906,45229454564.0,0.0,False,45229454564.0,19857578454.0,26155593968.0,22244921020.0,44087239504.0,86465680042.0,MISSING,B1
development,B2-rank3-q2-r4-K4,127236c66fd1401664dfc9aa26f9ae80b813a1c7a5b23c089cb3e68c3a7dbffc,0.007234863979099068,0.0024207792897476465,True,0.001711749451536515,0.00026838900843739744,1.0275373871668176,0.003404071929046724,0.0048474323721458415,798552,393801,1192353,14757715819.968744,75421562.22419605,True,14757715819.968744,6132010651.781248,7927358920.5,6437253019.781253,13360874280.468754,28154584256.625,MISSING,B2
development,B3-rank0-q8-r32-K4,9feb7b75a61651992917ebc41e6b410eb6c6942213237eb566c049cd884377a8,0.007234863979099068,0.00012828672563865807,True,9.071241363531324e-05,1.4812500512273452e-05,1.6005852772940825,0.005025108966947926,0.0051010088800709655,889144,862881,1752025,56053466588.281265,974384534.1511136,False,56053466588.281265,12843547767.1875,18506147317.968758,8606603809.375,28215103357.03125,108772336844.53127,MISSING,B3
development,B0-rank9-q2-r0-K0,830a01f9ea6cd9075c324a30b81b282e9a7e91bf8a90d5a2f3abeefc028dfdcd,0.007307471615881263,0.0024255322146783053,True,0.0017151102769854543,0.00026890492035402946,1.0,0.0034520524559324044,0.004898257812563829,735446,365277,1100723,34021146484.0,0.0,False,34021146484.0,15499280563.0,19654509888.0,16790428642.0,33728354166.0,64897527357.0,MISSING,B0
development,B1-rank12-q2-r0-K0,6d94925db9107eb619526d6987146a036344e8fb9af2ffd5c6dfe57fa2f8c48c,0.007307471615881263,0.002425623046237577,True,0.0017151745045969613,0.0002689153389350274,1.0,0.0034519882283208974,0.004898247393982831,735473,365279,1100752,44023475488.0,0.0,False,44023475488.0,19328104368.0,25458192256.0,21651791840.0,42911715968.0,84160195664.0,MISSING,B1
development,B2-rank3-q2-r4-K4,127236c66fd1401664dfc9aa26f9ae80b813a1c7a5b23c089cb3e68c3a7dbffc,0.007307471615881263,0.0024207792897476465,True,0.001711749451536515,0.00026838900843739744,1.0275373871668176,0.0034554132813813436,0.004898773724480461,774998,385590,1160588,14364561407.624996,73412286.51133955,True,14364561407.624996,5968650205.374998,7716169318.0,6265760733.375002,13004932565.625004,27404529223.5,MISSING,B2
development,B3-rank0-q8-r32-K4,9feb7b75a61651992917ebc41e6b410eb6c6942213237eb566c049cd884377a8,0.007307471615881263,0.00012828672563865807,True,9.071241363531324e-05,1.4812500512273452e-05,1.6005852772940825,0.005076450319282545,0.005152350232405585,871250,845770,1717020,54933533026.875015,954916586.7086059,False,54933533026.875015,12586937051.25,18136399348.125008,8434646122.5,27651372991.875,106599094081.87502,MISSING,B3
development,B0-rank9-q2-r0-K0,830a01f9ea6cd9075c324a30b81b282e9a7e91bf8a90d5a2f3abeefc028dfdcd,0.007380807928272885,0.0024255322146783053,True,0.0017151102769854543,0.00026890492035402946,1.0,0.0035039090597317355,0.00495011441636316,713838,357664,1071502,33117983816.0,0.0,False,33117983816.0,15087819662.0,19132739712.0,16344691508.0,32832964284.0,63174686418.0,MISSING,B0
development,B1-rank12-q2-r0-K0,6d94925db9107eb619526d6987146a036344e8fb9af2ffd5c6dfe57fa2f8c48c,0.007380807928272885,0.002425623046237577,True,0.0017151745045969613,0.0002689153389350274,1.0,0.0035038448321202285,0.004950103997782162,713864,357665,1071529,42854730826.0,0.0,False,42854730826.0,18814977711.0,24782322712.0,21076975430.0,41772486536.0,81925892753.0,MISSING,B1
development,B2-rank3-q2-r4-K4,127236c66fd1401664dfc9aa26f9ae80b813a1c7a5b23c089cb3e68c3a7dbffc,0.007380807928272885,0.0024207792897476465,True,0.001711749451536515,0.00026838900843739744,1.0275373871668176,0.0035072698851806748,0.004950630328279792,752250,377555,1129805,13983561178.593746,71465126.6099115,True,13983561178.593746,5810339970.156248,7511508542.5,6099570050.156252,12659994621.093752,26677661788.125,MISSING,B2
development,B3-rank0-q8-r32-K4,9feb7b75a61651992917ebc41e6b410eb6c6942213237eb566c049cd884377a8,0.007380807928272885,0.00012828672563865807,True,9.071241363531324e-05,1.4812500512273452e-05,1.6005852772940825,0.005128306923081877,0.005204206836204916,853719,828999,1682718,53836090917.937515,935839611.0430466,False,53836090917.937515,12335479808.625,17774076969.562508,8266141835.25,27098963936.4375,104469496217.43752,MISSING,B3
development,B0-rank9-q2-r0-K0,830a01f9ea6cd9075c324a30b81b282e9a7e91bf8a90d5a2f3abeefc028dfdcd,0.0074548802291154945,0.0024255322146783053,True,0.0017151102769854543,0.00026890492035402946,1.0,0.0035562860859556346,0.005002491442587059,692966,350214,1043180,32242607440.0,0.0,False,32242607440.0,14689017580.0,18627022080.0,15912667720.0,31965121560.0,61504849620.0,MISSING,B0
development,B1-rank12-q2-r0-K0,6d94925db9107eb619526d6987146a036344e8fb9af2ffd5c6dfe57fa2f8c48c,0.0074548802291154945,0.002425623046237577,True,0.0017151745045969613,0.0002689153389350274,1.0,0.0035562218583441276,0.0050024810240060615,692991,350215,1043206,41721980764.0,0.0,False,41721980764.0,18317654154.0,24127268368.0,20519862020.0,40668342704.0,79760401142.0,MISSING,B1
development,B2-rank3-q2-r4-K4,127236c66fd1401664dfc9aa26f9ae80b813a1c7a5b23c089cb3e68c3a7dbffc,0.0074548802291154945,0.0024207792897476465,True,0.001711749451536515,0.00026838900843739744,1.0275373871668176,0.003559646911404574,0.0050030073545036914,730275,369691,1099966,13614244808.062496,69577678.85307457,True,13614244808.062496,5656884520.437498,7313123951.0,5938475816.437502,12325634639.062502,25973084670.75,MISSING,B2
development,B3-rank0-q8-r32-K4,9feb7b75a61651992917ebc41e6b410eb6c6942213237eb566c049cd884377a8,0.0074548802291154945,0.00012828672563865807,True,9.071241363531324e-05,1.4812500512273452e-05,1.6005852772940825,0.005180683949305776,0.005256583862428815,836544,812561,1649105,52760692352.031265,917145821.0877541,False,52760692352.031265,12089073409.6875,17419032304.218758,8101022174.375,26557650730.78125,102382674078.28127,MISSING,B3
development,B0-rank9-q2-r0-K0,830a01f9ea6cd9075c324a30b81b282e9a7e91bf8a90d5a2f3abeefc028dfdcd,0.007529695904640853,0.0024255322146783053,True,0.0017151102769854543,0.00026890492035402946,1.0,0.003609188757458668,0.005055394114090093,672800,342922,1015722,31393935576.0,0.0,False,31393935576.0,14302381482.0,18136732032.0,15493823388.0,31123753524.0,59885953398.0,MISSING,B0
development,B1-rank12-q2-r0-K0,6d94925db9107eb619526d6987146a036344e8fb9af2ffd5c6dfe57fa2f8c48c,0.007529695904640853,0.002425623046237577,True,0.0017151745045969613,0.0002689153389350274,1.0,0.003609124529847161,0.005055383695509095,672824,342924,1015748,40623825512.0,0.0,False,40623825512.0,17835519132.0,23492219744.0,19979763160.0,39597920032.0,77661044836.0,MISSING,B1
development,B2-rank3-q2-r4-K4,127236c66fd1401664dfc9aa26f9ae80b813a1c7a5b23c089cb3e68c3a7dbffc,0.007529695904640853,0.0024207792897476465,True,0.001711749451536515,0.00026838900843739744,1.0275373871668176,0.0036125495829076072,0.005055910026006725,709044,361995,1071039,13256216233.031246,67747919.10033412,True,13256216233.031246,5508119287.218748,7120802791.5,5782305271.218752,12001494044.531252,25290042267.375,MISSING,B2
development,B3-rank0-q8-r32-K4,9feb7b75a61651992917ebc41e6b410eb6c6942213237eb566c049cd884377a8,0.007529695904640853,0.00012828672563865807,True,9.071241363531324e-05,1.4812500512273452e-05,1.6005852772940825,0.005233586620808809,0.005309486533931849,819717,796449,1616166,51706857426.187515,898826874.6284264,False,51706857426.187515,11847607894.125,17071106911.312508,7939213454.25,26027191810.6875,100337696407.68752,MISSING,B3
development,B0-rank9-q2-r0-K0,830a01f9ea6cd9075c324a30b81b282e9a7e91bf8a90d5a2f3abeefc028dfdcd,0.00760526241520746,0.0024255322146783053,True,0.0017151102769854543,0.00026890492035402946,1.0,0.003662622349510921,0.005108827706142346,653313,335786,989099,30571071892.0,0.0,False,30571071892.0,13927503019.0,17661351744.0,15087716146.0,30307971558.0,58316287941.0,MISSING,B0
development,B1-rank12-q2-r0-K0,6d94925db9107eb619526d6987146a036344e8fb9af2ffd5c6dfe57fa2f8c48c,0.00760526241520746,0.002425623046237577,True,0.0017151745045969613,0.0002689153389350274,1.0,0.003662558121899414,0.005108817287561348,653336,335788,989124,39559025256.0,0.0,False,39559025256.0,17368028316.0,22876459872.0,19456069080.0,38560010016.0,75625453668.0,MISSING,B1
development,B2-rank3-q2-r4-K4,127236c66fd1401664dfc9aa26f9ae80b813a1c7a5b23c089cb3e68c3a7dbffc,0.00760526241520746,0.0024207792897476465,True,0.001711749451536515,0.00026838900843739744,1.0275373871668176,0.0036659831749598602,0.005109343618058978,688525,354463,1042988,12909029882.624996,65973570.19363375,True,12909029882.624996,5363859130.374998,6934305718.0,5630864058.375002,11687169440.625002,24627684523.5,MISSING,B2
development,B3-rank0-q8-r32-K4,9feb7b75a61651992917ebc41e6b410eb6c6942213237eb566c049cd884377a8,0.00760526241520746,0.00012828672563865807,True,9.071241363531324e-05,1.4812500512273452e-05,1.6005852772940825,0.005287020212861062,0.005362920125984102,803232,780657,1583889,50674202218.031265,880876097.8936222,False,50674202218.031265,11610995293.6875,16730174038.218756,7780656726.375,25507393924.78125,98333818200.28127,MISSING,B3
development,B0-rank9-q2-r0-K0,830a01f9ea6cd9075c324a30b81b282e9a7e91bf8a90d5a2f3abeefc028dfdcd,0.007681587296044463,0.0024255322146783053,True,0.0017151102769854543,0.00026890492035402946,1.0,0.0037165921903240208,0.0051627975469554456,634476,328803,963279,29773027332.0,0.0,False,29773027332.0,13563931599.0,17200309824.0,14693857866.0,29516795118.0,56793966561.0,MISSING,B0
development,B1-rank12-q2-r0-K0,6d94925db9107eb619526d6987146a036344e8fb9af2ffd5c6dfe57fa2f8c48c,0.007681587296044463,0.002425623046237577,True,0.0017151745045969613,0.0002689153389350274,1.0,0.0037165279627125137,0.005162787128374448,634498,328804,963302,38526300188.0,0.0,False,38526300188.0,16914619818.0,22279248656.0,18948150340.0,37553365168.0,73651181014.0,MISSING,B1
development,B2-rank3-q2-r4-K4,127236c66fd1401664dfc9aa26f9ae80b813a1c7a5b23c089cb3e68c3a7dbffc,0.007681587296044463,0.0024207792897476465,True,0.001711749451536515,0.00026838900843739744,1.0275373871668176,0.00371995301577296,0.005163313458872078,668691,347091,1015782,12572302070.812496,64252671.24686926,True,12572302070.812496,5223944623.687498,6753426627.0,5483984815.687502,11382313457.812502,23985279447.75,MISSING,B2
development,B3-rank0-q8-r32-K4,9feb7b75a61651992917ebc41e6b410eb6c6942213237eb566c049cd884377a8,0.007681587296044463,0.00012828672563865807,True,9.071241363531324e-05,1.4812500512273452e-05,1.6005852772940825,0.005340990053674162,0.005416889966797202,787081,765179,1552260,49662278818.125015,863285704.8166595,False,49662278818.125015,11379132978.75,16396085806.875006,7625283217.5,24998031613.125,96370170283.12502,MISSING,B3
development,B0-rank9-q2-r0-K0,830a01f9ea6cd9075c324a30b81b282e9a7e91bf8a90d5a2f3abeefc028dfdcd,0.007758678158003055,0.0024255322146783053,True,0.0017151102769854543,0.00026890492035402946,1.0,0.003771103661582457,0.005217309018213882,616266,321968,938234,28998936472.0,0.0,False,28998936472.0,13211272954.0,16753106304.0,14311821436.0,28749366228.0,55317338406.0,MISSING,B0
development,B1-rank12-q2-r0-K0,6d94925db9107eb619526d6987146a036344e8fb9af2ffd5c6dfe57fa2f8c48c,0.007758678158003055,0.002425623046237577,True,0.0017151745045969613,0.0002689153389350274,1.0,0.00377103943397095,0.005217298599632884,616287,321969,938256,37524610464.0,0.0,False,37524610464.0,16474837104.0,21699984768.0,18455495520.0,36576971904.0,71736238992.0,MISSING,B1
development,B2-rank3-q2-r4-K4,127236c66fd1401664dfc9aa26f9ae80b813a1c7a5b23c089cb3e68c3a7dbffc,0.007758678158003055,0.0024207792897476465,True,0.001711749451536515,0.00026838900843739744,1.0275373871668176,0.003774464487031396,0.005217824930130514,649516,339877,989393,12245686242.468746,62583451.13710788,True,12245686242.468746,5088231769.281248,6577979360.5,5341516377.281252,11086612342.968752,23362165886.625,MISSING,B2
development,B3-rank0-q8-r32-K4,9feb7b75a61651992917ebc41e6b410eb6c6942213237eb566c049cd884377a8,0.007758678158003055,0.00012828672563865807,True,9.071241363531324e-05,1.4812500512273452e-05,1.6005852772940825,0.005395501524932598,0.005471401438055638,771257,750008,1521265,48670639317.03126,846047909.3308566,False,48670639317.03126,11151918319.6875,16068694339.218756,7473024154.375,24498879415.78125,94445883483.28127,MISSING,B3
development,B0-rank9-q2-r0-K0,830a01f9ea6cd9075c324a30b81b282e9a7e91bf8a90d5a2f3abeefc028dfdcd,0.007836542688315398,0.0024255322146783053,True,0.0017151102769854543,0.00026890492035402946,1.0,0.0038261621989802205,0.005272367555611645,598658,315278,913936,28247933888.0,0.0,False,28247933888.0,12869132816.0,16319241216.0,13941179744.0,28004826912.0,53884752624.0,MISSING,B0
development,B1-rank12-q2-r0-K0,6d94925db9107eb619526d6987146a036344e8fb9af2ffd5c6dfe57fa2f8c48c,0.007836542688315398,0.002425623046237577,True,0.0017151745045969613,0.0002689153389350274,1.0,0.0038260979713687134,0.005272357137030647,598678,315280,913958,36552836252.0,0.0,False,36552836252.0,16048188522.0,21138020624.0,17977553860.0,35629738672.0,69878486806.0,MISSING,B1
development,B2-rank3-q2-r4-K4,127236c66fd1401664dfc9aa26f9ae80b813a1c7a5b23c089cb3e68c3a7dbffc,0.007836542688315398,0.0024207792897476465,True,0.001711749451536515,0.00026838900843739744,1.0275373871668176,0.0038295230244291597,0.005272883467528277,630974,332816,963790,11928798711.562496,60963948.97824545,True,11928798711.562496,4956561140.937498,6407757815.0,5203291380.937502,10799718726.562502,22757611848.75,MISSING,B2
development,B3-rank0-q8-r32-K4,9feb7b75a61651992917ebc41e6b410eb6c6942213237eb566c049cd884377a8,0.007836542688315398,0.00012828672563865807,True,9.071241363531324e-05,1.4812500512273452e-05,1.6005852772940825,0.0054505600623303615,0.005526459975453401,755754,735138,1490892,47698899792.37501,829156037.664772,False,47698899792.37501,10929263348.25,15747872882.625006,7323820588.5,24009744081.375,92560212795.37502,MISSING,B3
development,B0-rank9-q2-r0-K0,830a01f9ea6cd9075c324a30b81b282e9a7e91bf8a90d5a2f3abeefc028dfdcd,0.007915188651361163,0.0024255322146783053,True,0.0017151102769854543,0.00026890492035402946,1.0,0.0038817732927628277,0.0053279786493942525,581628,308731,890359,27519215972.0,0.0,False,27519215972.0,12537145079.0,15898250304.0,13581536186.0,27282380478.0,52494676281.0,MISSING,B0
development,B1-rank12-q2-r0-K0,6d94925db9107eb619526d6987146a036344e8fb9af2ffd5c6dfe57fa2f8c48c,0.007915188651361163,0.002425623046237577,True,0.0017151745045969613,0.0002689153389350274,1.0,0.0038817090651513207,0.0053279682308132546,581647,308733,890380,35609857720.0,0.0,False,35609857720.0,15634182420.0,20592708640.0,17513774600.0,34710573920.0,68075783660.0,MISSING,B1
development,B2-rank3-q2-r4-K4,127236c66fd1401664dfc9aa26f9ae80b813a1c7a5b23c089cb3e68c3a7dbffc,0.007915188651361163,0.0024207792897476465,True,0.001711749451536515,0.00026838900843739744,1.0275373871668176,0.003885134118211767,0.0053284945613108845,613040,325906,938946,11621305299.937496,59392456.90173965,True,11621305299.937496,4828793883.562498,6242582481.0,5069164059.562502,10521330060.937502,22170979793.25,MISSING,B2
development,B3-rank0-q8-r32-K4,9feb7b75a61651992917ebc41e6b410eb6c6942213237eb566c049cd884377a8,0.007915188651361163,0.00012828672563865807,True,9.071241363531324e-05,1.4812500512273452e-05,1.6005852772940825,0.005506171156112969,0.0055820710692360085,740566,720563,1461129,46746676321.78126,812603416.0469643,False,46746676321.78126,10711080096.1875,15433494684.468756,7177613571.375,23530432358.53125,90712413214.03127,MISSING,B3
development,B0-rank9-q2-r0-K0,830a01f9ea6cd9075c324a30b81b282e9a7e91bf8a90d5a2f3abeefc028dfdcd,0.007994623889441776,0.0024255322146783053,True,0.0017151102769854543,0.00026890492035402946,1.0,0.003937942488274797,0.005384147844906222,565154,302323,867477,26811979116.0,0.0,False,26811979116.0,12214943637.0,15489669312.0,13232494158.0,26581230234.0,51145576443.0,MISSING,B0
development,B1-rank12-q2-r0-K0,6d94925db9107eb619526d6987146a036344e8fb9af2ffd5c6dfe57fa2f8c48c,0.007994623889441776,0.002425623046237577,True,0.0017151745045969613,0.0002689153389350274,1.0,0.00393787826066329,0.005384137426325224,565172,302325,867497,34694675018.0,0.0,False,34694675018.0,15232379823.0,20063470616.0,17063665990.0,33818503048.0,66326218129.0,MISSING,B1
development,B2-rank3-q2-r4-K4,127236c66fd1401664dfc9aa26f9ae80b813a1c7a5b23c089cb3e68c3a7dbffc,0.007994623889441776,0.0024207792897476465,True,0.001711749451536515,0.00026838900843739744,1.0275373871668176,0.003941303313723736,0.005384663756822854,595691,319142,914833,11322859452.468746,57867203.78465768,True,11322859452.468746,4704785999.281248,6082267200.5,4938983247.281252,10251132592.968752,21601608566.625,MISSING,B2
development,B3-rank0-q8-r32-K4,9feb7b75a61651992917ebc41e6b410eb6c6942213237eb566c049cd884377a8,0.007994623889441776,0.00012828672563865807,True,9.071241363531324e-05,1.4812500512273452e-05,1.6005852772940825,0.005562340351624938,0.005638240264747978,725684,706278,1431962,45813520995.81251,796382258.4107516,False,45813520995.81251,10497265933.875,15125411866.687506,7034334329.75,23060718787.3125,88901615566.31252,MISSING,B3
development,B0-rank9-q2-r0-K0,830a01f9ea6cd9075c324a30b81b282e9a7e91bf8a90d5a2f3abeefc028dfdcd,0.008074856323562416,0.0024255322146783053,True,0.0017151102769854543,0.00026890492035402946,1.0,0.0039946753865126045,0.005440880743144029,549215,296052,845267,26125512436.0,0.0,False,26125512436.0,11902204627.0,15093087552.0,12893702818.0,25900671414.0,49836097053.0,MISSING,B0
development,B1-rank12-q2-r0-K0,6d94925db9107eb619526d6987146a036344e8fb9af2ffd5c6dfe57fa2f8c48c,0.008074856323562416,0.002425623046237577,True,0.0017151745045969613,0.0002689153389350274,1.0,0.0039946111589010975,0.005440870324563031,549233,296053,845286,33806368284.0,0.0,False,33806368284.0,14842376874.0,19549774608.0,16626775620.0,32952629424.0,64628031702.0,MISSING,B1
development,B2-rank3-q2-r4-K4,127236c66fd1401664dfc9aa26f9ae80b813a1c7a5b23c089cb3e68c3a7dbffc,0.008074856323562416,0.0024207792897476465,True,0.001711749451536515,0.00026838900843739744,1.0275373871668176,0.003998036211961544,0.005441396655060661,578905,312522,891427,11033164121.906246,56386671.52162858,True,11033164121.906246,4584414061.343748,5926652409.5,4812619373.343752,9988857391.406252,21048931465.875,MISSING,B2
development,B3-rank0-q8-r32-K4,9feb7b75a61651992917ebc41e6b410eb6c6942213237eb566c049cd884377a8,0.008074856323562416,0.00012828672563865807,True,9.071241363531324e-05,1.4812500512273452e-05,1.6005852772940825,0.0056190732498627455,0.005694973162985785,711105,692277,1403382,44899145872.68751,780487559.4275528,False,44899145872.68751,10287754885.125,14823529364.812506,6893938652.25,22600458429.1875,87127261098.18752,MISSING,B3
development,B0-rank9-q2-r0-K0,830a01f9ea6cd9075c324a30b81b282e9a7e91bf8a90d5a2f3abeefc028dfdcd,0.00815589395422187,0.0024255322146783053,True,0.0017151102769854543,0.00026890492035402946,1.0,0.004051977644683196,0.0054981830013146205,533791,289913,823704,25459043232.0,0.0,False,25459043232.0,11598576024.0,14708058624.0,12564780816.0,25239937968.0,48564764136.0,MISSING,B0
development,B1-rank12-q2-r0-K0,6d94925db9107eb619526d6987146a036344e8fb9af2ffd5c6dfe57fa2f8c48c,0.00815589395422187,0.002425623046237577,True,0.0017151745045969613,0.0002689153389350274,1.0,0.004051913417071689,0.005498172582733623,533808,289914,823722,32943937668.0,0.0,False,32943937668.0,14463734598.0,19051042416.0,16202611740.0,32111978448.0,62979312954.0,MISSING,B1
development,B2-rank3-q2-r4-K4,127236c66fd1401664dfc9aa26f9ae80b813a1c7a5b23c089cb3e68c3a7dbffc,0.00815589395422187,0.0024207792897476465,True,0.001711749451536515,0.00026838900843739744,1.0275373871668176,0.004055338470132135,0.0054986989132312526,562661,306042,868703,10751909884.031246,54949278.752890944,True,10751909884.031246,4467549500.218748,5775571895.5,4689937468.218752,9734224319.531252,20512358175.375,MISSING,B2
development,B3-rank0-q8-r32-K4,9feb7b75a61651992917ebc41e6b410eb6c6942213237eb566c049cd884377a8,0.00815589395422187,0.00012828672563865807,True,9.071241363531324e-05,1.4812500512273452e-05,1.6005852772940825,0.005676375508033337,0.0057522754211563765,696820,678553,1375373,44003039055.90626,764910420.735446,False,44003039055.90626,10082429658.9375,14527678175.343756,6756347940.875,22149393615.65625,85388356469.15627,MISSING,B3
development,B0-rank9-q2-r0-K0,830a01f9ea6cd9075c324a30b81b282e9a7e91bf8a90d5a2f3abeefc028dfdcd,0.008237744862210327,0.0024255322146783053,True,0.0017151102769854543,0.00026890492035402946,1.0,0.0041098549767681096,0.005556060333399534,518863,283904,802767,24811922436.0,0.0,False,24811922436.0,11303762127.0,14334207552.0,12245407818.0,24598386414.0,47330339553.0,MISSING,B0
development,B1-rank12-q2-r0-K0,6d94925db9107eb619526d6987146a036344e8fb9af2ffd5c6dfe57fa2f8c48c,0.008237744862210327,0.002425623046237577,True,0.0017151745045969613,0.0002689153389350274,1.0,0.0041097907491566025,0.005556049914818536,518879,283905,802784,32106543296.0,0.0,False,32106543296.0,14096084256.0,18566788352.0,15790761280.0,31295731456.0,61378456288.0,MISSING,B1
development,B2-rank3-q2-r4-K4,127236c66fd1401664dfc9aa26f9ae80b813a1c7a5b23c089cb3e68c3a7dbffc,0.008237744862210327,0.0024207792897476465,True,0.001711749451536515,0.00026838900843739744,1.0275373871668176,0.004113215802217049,0.005556576245316166,546937,299700,846637,10478799691.593746,53553507.3730738,True,10478799691.593746,4354068889.156248,5628866094.5,4570807961.156252,9486964446.093752,19991321992.125,MISSING,B2
development,B3-rank0-q8-r32-K4,9feb7b75a61651992917ebc41e6b410eb6c6942213237eb566c049cd884377a8,0.008237744862210327,0.00012828672563865807,True,9.071241363531324e-05,1.4812500512273452e-05,1.6005852772940825,0.005734252840118251,0.00581015275324129,682825,665101,1347926,43124912603.68751,749645837.0058498,False,43124912603.68751,9881224279.125,14237763233.812506,6621517984.25,21707379408.1875,83684342925.18752,MISSING,B3
development,B0-rank9-q2-r0-K0,830a01f9ea6cd9075c324a30b81b282e9a7e91bf8a90d5a2f3abeefc028dfdcd,0.008320417209415154,0.0024255322146783053,True,0.0017151102769854543,0.00026890492035402946,1.0,0.004168313154093251,0.005614518510724676,504411,278023,782434,24183470072.0,0.0,False,24183470072.0,11017453154.0,13971141504.0,11935248236.0,23975342628.0,46131526206.0,MISSING,B0
development,B1-rank12-q2-r0-K0,6d94925db9107eb619526d6987146a036344e8fb9af2ffd5c6dfe57fa2f8c48c,0.008320417209415154,0.002425623046237577,True,0.0017151745045969613,0.0002689153389350274,1.0,0.004168248926481744,0.005614508092143678,504427,278024,782451,31293345294.0,0.0,False,31293345294.0,13739057109.0,18096526728.0,15390811170.0,30503069784.0,59823856107.0,MISSING,B1
development,B2-rank3-q2-r4-K4,127236c66fd1401664dfc9aa26f9ae80b813a1c7a5b23c089cb3e68c3a7dbffc,0.008320417209415154,0.0024207792897476465,True,0.001711749451536515,0.00026838900843739744,1.0275373871668176,0.00417167397954219,0.005615034422641308,531716,293492,825208,10213573628.249996,52198029.039977565,True,10213573628.249996,4243864229.7499986,5486395388.0,4455117477.750002,9246842456.250002,19485327051.0,MISSING,B2
development,B3-rank0-q8-r32-K4,9feb7b75a61651992917ebc41e6b410eb6c6942213237eb566c049cd884377a8,0.008320417209415154,0.00012828672563865807,True,9.071241363531324e-05,1.4812500512273452e-05,1.6005852772940825,0.005792711017443392,0.005868610930566432,669113,651917,1321030,42264414587.18751,734687690.6149431,False,42264414587.18751,9684058108.125,13953668350.312504,6489394746.25,21274238659.6875,82014537544.68752,MISSING,B3
development,B0-rank9-q2-r0-K0,830a01f9ea6cd9075c324a30b81b282e9a7e91bf8a90d5a2f3abeefc028dfdcd,0.00840391923963477,0.0024255322146783053,True,0.0017151102769854543,0.00026890492035402946,1.0,0.004227358005904385,0.00567356336253581,490419,272266,762685,23573067980.0,0.0,False,23573067980.0,10739367485.0,13618503360.0,11633996990.0,23370193770.0,44967144915.0,MISSING,B0
development,B1-rank12-q2-r0-K0,6d94925db9107eb619526d6987146a036344e8fb9af2ffd5c6dfe57fa2f8c48c,0.00840391923963477,0.002425623046237577,True,0.0017151745045969613,0.0002689153389350274,1.0,0.004227293778292878,0.005673552943954812,490434,272267,762701,30503463794.0,0.0,False,30503463794.0,13392266859.0,17639748728.0,15002328670.0,29733135784.0,58313830357.0,MISSING,B1
development,B2-rank3-q2-r4-K4,127236c66fd1401664dfc9aa26f9ae80b813a1c7a5b23c089cb3e68c3a7dbffc,0.00840391923963477,0.0024207792897476465,True,0.001711749451536515,0.00026838900843739744,1.0275373871668176,0.004230718831353324,0.005674079274452442,516978,287416,804394,9955959400.687496,50881452.15701219,True,9955959400.687496,4136822380.8124986,5348013509.0,4342747244.812502,9013611829.687502,18993853874.25,MISSING,B2
development,B3-rank0-q8-r32-K4,9feb7b75a61651992917ebc41e6b410eb6c6942213237eb566c049cd884377a8,0.00840391923963477,0.00012828672563865807,True,9.071241363531324e-05,1.4812500512273452e-05,1.6005852772940825,0.005851755869254526,0.005927655782377566,655678,638994,1294672,41421129090.50001,720028751.6436641,False,41421129090.50001,9490835847.0,13675256209.500004,6359914366.0,20849762014.5,80378133238.50002,MISSING,B3
development,B0-rank9-q2-r0-K0,830a01f9ea6cd9075c324a30b81b282e9a7e91bf8a90d5a2f3abeefc028dfdcd,0.008488259279400698,0.0024255322146783053,True,0.0017151102769854543,0.00026890492035402946,1.0,0.004286995419948416,0.005733200776579841,476869,266632,743501,22980128908.0,0.0,False,22980128908.0,10469237581.0,13275953856.0,11341364254.0,22782357642.0,43836075459.0,MISSING,B0
development,B1-rank12-q2-r0-K0,6d94925db9107eb619526d6987146a036344e8fb9af2ffd5c6dfe57fa2f8c48c,0.008488259279400698,0.002425623046237577,True,0.0017151745045969613,0.0002689153389350274,1.0,0.004286931192336909,0.005733190357998843,476884,266633,743517,29736218898.0,0.0,False,29736218898.0,13055415003.0,17196061176.0,14624979390.0,28985266728.0,56847079269.0,MISSING,B1
development,B2-rank3-q2-r4-K4,127236c66fd1401664dfc9aa26f9ae80b813a1c7a5b23c089cb3e68c3a7dbffc,0.008488259279400698,0.0024207792897476465,True,0.001711749451536515,0.00026838900843739744,1.0275373871668176,0.004290356245397356,0.005733716688496473,502706,281468,784174,9705697092.562496,49602448.38197808,True,9705697092.562496,4032835343.9374986,5213580839.0,4233583887.9375014,8787037251.562502,18516406596.75,MISSING,B2
development,B3-rank0-q8-r32-K4,9feb7b75a61651992917ebc41e6b410eb6c6942213237eb566c049cd884377a8,0.008488259279400698,0.00012828672563865807,True,9.071241363531324e-05,1.4812500512273452e-05,1.6005852772940825,0.005911393283298557,0.005987293196421597,642515,626328,1268843,40594768171.84376,705664014.7634318,False,40594768171.84376,9301491519.5625,13402431746.906254,6233032632.125,20433804534.09375,78774571252.59377,MISSING,B3
development,B0-rank9-q2-r0-K0,830a01f9ea6cd9075c324a30b81b282e9a7e91bf8a90d5a2f3abeefc028dfdcd,0.008573445738807854,0.0024255322146783053,True,0.0017151102769854543,0.00026890492035402946,1.0,0.004347231343060489,0.005793436699691914,463746,261116,724862,22404034696.0,0.0,False,22404034696.0,10206781822.0,12943135872.0,11057044948.0,22211221404.0,42737138658.0,MISSING,B0
development,B1-rank12-q2-r0-K0,6d94925db9107eb619526d6987146a036344e8fb9af2ffd5c6dfe57fa2f8c48c,0.008573445738807854,0.002425623046237577,True,0.0017151745045969613,0.0002689153389350274,1.0,0.004347167115448982,0.005793426281110916,463759,261117,724876,28990690744.0,0.0,False,28990690744.0,12728097684.0,16764932128.0,14258310920.0,28258565984.0,55421844332.0,MISSING,B1
development,B2-rank3-q2-r4-K4,127236c66fd1401664dfc9aa26f9ae80b813a1c7a5b23c089cb3e68c3a7dbffc,0.008573445738807854,0.0024207792897476465,True,0.001711749451536515,0.00026838900843739744,1.0275373871668176,0.004350592168509428,0.005793952611608546,488882,275646,764528,9462539164.499996,48359752.627066106,True,9462539164.499996,3931800263.4999986,5082964408.0,4127519431.5000014,8566894612.500002,18052512966.0,MISSING,B2
development,B3-rank0-q8-r32-K4,9feb7b75a61651992917ebc41e6b410eb6c6942213237eb566c049cd884377a8,0.008573445738807854,0.00012828672563865807,True,9.071241363531324e-05,1.4812500512273452e-05,1.6005852772940825,0.00597162920641063,0.00604752911953367,629618,613913,1243531,39784947908.84376,691586806.2028044,False,39784947908.84376,9115937157.5625,13135068209.906254,6108690596.125,20026172967.09375,77203106581.59377,MISSING,B3
development,B0-rank9-q2-r0-K0,830a01f9ea6cd9075c324a30b81b282e9a7e91bf8a90d5a2f3abeefc028dfdcd,0.008659487112353172,0.0024255322146783053,True,0.0017151102769854543,0.00026890492035402946,1.0,0.0044080717817569885,0.005854277138388413,451033,255717,706750,21844229000.0,0.0,False,21844229000.0,9951746750.0,12619728000.0,10780764500.0,21656233500.0,41669273250.0,MISSING,B0
development,B1-rank12-q2-r0-K0,6d94925db9107eb619526d6987146a036344e8fb9af2ffd5c6dfe57fa2f8c48c,0.008659487112353172,0.002425623046237577,True,0.0017151745045969613,0.0002689153389350274,1.0,0.0044080075541454815,0.005854266719807415,451046,255718,706764,28266319416.0,0.0,False,28266319416.0,12410069076.0,16346037792.0,13902047880.0,27552487776.0,54037055148.0,MISSING,B1
development,B2-rank3-q2-r4-K4,127236c66fd1401664dfc9aa26f9ae80b813a1c7a5b23c089cb3e68c3a7dbffc,0.008659487112353172,0.0024207792897476465,True,0.001711749451536515,0.00026838900843739744,1.0275373871668176,0.004411432607205928,0.005854793050305045,475490,269947,745437,9226250454.093746,47152163.05885759,True,9226250454.093746,3833619426.6562486,4956037894.5,4024451298.6562514,8352971008.593752,17601724342.125,MISSING,B2
development,B3-rank0-q8-r32-K4,9feb7b75a61651992917ebc41e6b410eb6c6942213237eb566c049cd884377a8,0.008659487112353172,0.00012828672563865807,True,9.071241363531324e-05,1.4812500512273452e-05,1.6005852772940825,0.0060324696451071295,0.006108369558230169,616982,601745,1218727,38991380359.71876,677792120.6332012,False,38991380359.71876,8934106784.8125,12873070534.031254,5986844046.625,19626722374.96875,75663180471.46877,MISSING,B3
development,B0-rank9-q2-r0-K0,830a01f9ea6cd9075c324a30b81b282e9a7e91bf8a90d5a2f3abeefc028dfdcd,0.00874639197978264,0.0024255322146783053,True,0.0017151102769854543,0.00026890492035402946,1.0,0.004469522802834482,0.005915728159465907,438716,250432,689148,21300186384.0,0.0,False,21300186384.0,9703892988.0,12305426688.0,10512263592.0,21116873016.0,40631476932.0,MISSING,B0
development,B1-rank12-q2-r0-K0,6d94925db9107eb619526d6987146a036344e8fb9af2ffd5c6dfe57fa2f8c48c,0.00874639197978264,0.002425623046237577,True,0.0017151745045969613,0.0002689153389350274,1.0,0.004469458575222975,0.005915717740884909,438728,250433,689161,27562305034.0,0.0,False,27562305034.0,12100977999.0,15938915608.0,13555796870.0,26866252424.0,52691182577.0,MISSING,B1
development,B2-rank3-q2-r4-K4,127236c66fd1401664dfc9aa26f9ae80b813a1c7a5b23c089cb3e68c3a7dbffc,0.00874639197978264,0.0024207792897476465,True,0.001711749451536515,0.00026838900843739744,1.0275373871668176,0.004472883628283421,0.005916244071382539,462515,264368,726883,8996608175.906246,45978541.098324314,True,8996608175.906246,3738200263.3437486,4832681625.5,3924282311.3437514,8145064741.406252,17163615697.875,MISSING,B2
development,B3-rank0-q8-r32-K4,9feb7b75a61651992917ebc41e6b410eb6c6942213237eb566c049cd884377a8,0.00874639197978264,0.00012828672563865807,True,9.071241363531324e-05,1.4812500512273452e-05,1.6005852772940825,0.006093920666184623,0.006169820579307663,604602,589818,1194420,38213713595.62501,664273840.4308006,False,38213713595.62501,8755919763.75,12616322529.375004,5867438947.5,19235275610.625,74154110000.62502,MISSING,B3
development,B0-rank9-q2-r0-K0,830a01f9ea6cd9075c324a30b81b282e9a7e91bf8a90d5a2f3abeefc028dfdcd,0.008834169006946852,0.0024255322146783053,True,0.0017151102769854543,0.00026890492035402946,1.0,0.004531590533974693,0.005977795890606118,426780,245258,672038,20771350504.0,0.0,False,20771350504.0,9462967078.0,11999910528.0,10251267652.0,20592588396.0,39622688442.0,MISSING,B0
development,B1-rank12-q2-r0-K0,6d94925db9107eb619526d6987146a036344e8fb9af2ffd5c6dfe57fa2f8c48c,0.008834169006946852,0.002425623046237577,True,0.0017151745045969613,0.0002689153389350274,1.0,0.004531526306363186,0.00597778547202512,426792,245259,672051,26878007694.0,0.0,False,26878007694.0,11800543509.0,15543195528.0,13219243170.0,26199236184.0,51383003307.0,MISSING,B1
development,B2-rank3-q2-r4-K4,127236c66fd1401664dfc9aa26f9ae80b813a1c7a5b23c089cb3e68c3a7dbffc,0.008834169006946852,0.0024207792897476465,True,0.001711749451536515,0.00026838900843739744,1.0275373871668176,0.004534951359423632,0.00597831180252275,449941,258907,708848,8773389544.499996,44837748.16643806,True,8773389544.499996,3645450203.4999986,4712775928.0,3826915291.5000014,7942974112.500002,16737762006.0,MISSING,B2
development,B3-rank0-q8-r32-K4,9feb7b75a61651992917ebc41e6b410eb6c6942213237eb566c049cd884377a8,0.008834169006946852,0.00012828672563865807,True,9.071241363531324e-05,1.4812500512273452e-05,1.6005852772940825,0.006155988397324834,0.006231888310447874,592471,578128,1170599,37451595687.71876,651025847.9717809,False,37451595687.71876,8581295456.8125,12364708006.031254,5750421262.625,18851655526.96875,72675212247.46877,MISSING,B3
development,B0-rank9-q2-r0-K0,830a01f9ea6cd9075c324a30b81b282e9a7e91bf8a90d5a2f3abeefc028dfdcd,0.008922826946665132,0.0024255322146783053,True,0.0017151102769854543,0.00026890492035402946,1.0,0.004594281164355517,0.006040486520986941,415212,240194,655406,20257288648.0,0.0,False,20257288648.0,9228771886.0,11702929536.0,9997563124.0,20082950652.0,38642082354.0,MISSING,B0
development,B1-rank12-q2-r0-K0,6d94925db9107eb619526d6987146a036344e8fb9af2ffd5c6dfe57fa2f8c48c,0.008922826946665132,0.002425623046237577,True,0.0017151745045969613,0.0002689153389350274,1.0,0.0045942169367440095,0.0060404761024059435,415224,240195,655419,26212827486.0,0.0,False,26212827486.0,11508502221.0,15158530632.0,12892091730.0,25550854296.0,50111370483.0,MISSING,B1
development,B2-rank3-q2-r4-K4,127236c66fd1401664dfc9aa26f9ae80b813a1c7a5b23c089cb3e68c3a7dbffc,0.008922826946665132,0.0024207792897476465,True,0.001711749451536515,0.00026838900843739744,1.0275373871668176,0.004597641989804456,0.006041002432903573,437754,253561,691315,8556384151.406247,43728708.93856105,True,8556384151.406247,3555281819.8437486,4596207777.5,3732258459.8437514,7746508628.906252,16323761851.875,MISSING,B2
development,B3-rank0-q8-r32-K4,9feb7b75a61651992917ebc41e6b410eb6c6942213237eb566c049cd884377a8,0.008922826946665132,0.00012828672563865807,True,9.071241363531324e-05,1.4812500512273452e-05,1.6005852772940825,0.006218679027705658,0.006294578940828697,580586,566669,1147255,36704738694.21876,638043137.9275614,False,36704738694.21876,8410167887.8125,12118131899.531254,5635746780.625,18475717185.46875,71225928457.96877,MISSING,B3
development,B0-rank9-q2-r0-K0,830a01f9ea6cd9075c324a30b81b282e9a7e91bf8a90d5a2f3abeefc028dfdcd,0.009012374639598334,0.0024255322146783053,True,0.0017151102769854543,0.00026890492035402946,1.0,0.004657600945268195,0.00610380630189962,404000,235236,639236,19757506288.0,0.0,False,19757506288.0,9001082116.0,11414198016.0,9750905944.0,19587469512.0,37688715324.0,MISSING,B0
development,B1-rank12-q2-r0-K0,6d94925db9107eb619526d6987146a036344e8fb9af2ffd5c6dfe57fa2f8c48c,0.009012374639598334,0.002425623046237577,True,0.0017151745045969613,0.0002689153389350274,1.0,0.004657536717656688,0.006103795883318622,404011,235237,639248,25566084512.0,0.0,False,25566084512.0,11224555632.0,14784527744.0,12574008160.0,24920444032.0,48874984336.0,MISSING,B1
development,B2-rank3-q2-r4-K4,127236c66fd1401664dfc9aa26f9ae80b813a1c7a5b23c089cb3e68c3a7dbffc,0.009012374639598334,0.0024207792897476465,True,0.001711749451536515,0.00026838900843739744,1.0275373871668176,0.004660961770717134,0.006104322213816252,425941,248328,674269,8345406342.093747,42650474.59883645,True,8345406342.093747,3467617970.6562486,4482877446.5,3640230834.6562514,7555500208.593752,15921261046.125,MISSING,B2
development,B3-rank0-q8-r32-K4,9feb7b75a61651992917ebc41e6b410eb6c6942213237eb566c049cd884377a8,0.009012374639598334,0.00012828672563865807,True,9.071241363531324e-05,1.4812500512273452e-05,1.6005852772940825,0.006281998808618336,0.006357898721741376,568941,555438,1124379,35972854673.34376,625320704.969561,False,35972854673.34376,8242471080.5625,11876499145.406254,5523371290.125,18107315647.59375,69805699878.09377,MISSING,B3
development,B0-rank9-q2-r0-K0,830a01f9ea6cd9075c324a30b81b282e9a7e91bf8a90d5a2f3abeefc028dfdcd,0.009102821015130401,0.0024255322146783053,True,0.0017151102769854543,0.00026890492035402946,1.0,0.004721556190740664,0.0061677615473720885,393129,230383,623512,19271508896.0,0.0,False,19271508896.0,8779672472.0,11133430272.0,9511052048.0,19105654704.0,36761644008.0,MISSING,B0
development,B1-rank12-q2-r0-K0,6d94925db9107eb619526d6987146a036344e8fb9af2ffd5c6dfe57fa2f8c48c,0.009102821015130401,0.002425623046237577,True,0.0017151745045969613,0.0002689153389350274,1.0,0.004721491963129157,0.006167751128791091,393140,230384,623524,24937218856.0,0.0,False,24937218856.0,10948457916.0,14420863072.0,12264717080.0,24307459616.0,47672774468.0,MISSING,B1
development,B2-rank3-q2-r4-K4,127236c66fd1401664dfc9aa26f9ae80b813a1c7a5b23c089cb3e68c3a7dbffc,0.009102821015130401,0.0024207792897476465,True,0.001711749451536515,0.00026838900843739744,1.0275373871668176,0.004724917016189603,0.0061682774592887206,414488,243205,657693,8140245708.093747,41601969.822626494,True,8140245708.093747,3382371228.656249,4372671910.5,3550740636.6562514,7369758358.593752,15529858174.125,MISSING,B2
development,B3-rank0-q8-r32-K4,9feb7b75a61651992917ebc41e6b410eb6c6942213237eb566c049cd884377a8,0.009102821015130401,0.00012828672563865807,True,9.071241363531324e-05,1.4812500512273452e-05,1.6005852772940825,0.006345954054090805,0.0064218539672138445,557531,544430,1101961,35255623689.78126,612852987.6215781,False,35255623689.78126,8078131728.1875,11639704116.468754,5413245667.375,17746289870.53125,68413905670.031265,MISSING,B3
development,B0-rank9-q2-r0-K0,830a01f9ea6cd9075c324a30b81b282e9a7e91bf8a90d5a2f3abeefc028dfdcd,0.009194175092258776,0.0024255322146783053,True,0.0017151102769854543,0.00026890492035402946,1.0,0.004786153278167177,0.006232358634798602,382589,225632,608221,18798894668.0,0.0,False,18798894668.0,8564359901.0,10860394176.0,9277803134.0,18637107882.0,35860101939.0,MISSING,B0
development,B1-rank12-q2-r0-K0,6d94925db9107eb619526d6987146a036344e8fb9af2ffd5c6dfe57fa2f8c48c,0.009194175092258776,0.002425623046237577,True,0.0017151745045969613,0.0002689153389350274,1.0,0.00478608905055567,0.006232348216217604,382599,225633,608232,24325630608.0,0.0,False,24325630608.0,10679945688.0,14067189696.0,11963923440.0,23711316288.0,46503594024.0,MISSING,B1
development,B2-rank3-q2-r4-K4,127236c66fd1401664dfc9aa26f9ae80b813a1c7a5b23c089cb3e68c3a7dbffc,0.009194175092258776,0.0024207792897476465,True,0.001711749451536515,0.00026838900843739744,1.0275373871668176,0.0047895141036161165,0.006232874546715234,403383,238190,641573,7940728971.843747,40582309.048464775,True,7940728971.843747,3299469594.906249,4265498090.5,3463712282.9062514,7189126202.343752,15149222659.125,MISSING,B2
development,B3-rank0-q8-r32-K4,9feb7b75a61651992917ebc41e6b410eb6c6942213237eb566c049cd884377a8,0.009194175092258776,0.00012828672563865807,True,9.071241363531324e-05,1.4812500512273452e-05,1.6005852772940825,0.006410551141517318,0.006486451054640358,546352,533640,1079992,34552757801.75001,600634980.5550318,False,34552757801.75001,7917083854.5,11407651748.250004,5305325701.0,17392494915.75,67049987079.75001,MISSING,B3
development,B0-rank9-q2-r0-K0,830a01f9ea6cd9075c324a30b81b282e9a7e91bf8a90d5a2f3abeefc028dfdcd,0.009286445980493743,0.0024255322146783053,True,0.0017151102769854543,0.00026890492035402946,1.0,0.004851398648944228,0.006297604005575653,372367,220981,593348,18339199984.0,0.0,False,18339199984.0,8354933188.0,10594821888.0,9050930392.0,18181369416.0,34983204732.0,MISSING,B0
development,B1-rank12-q2-r0-K0,6d94925db9107eb619526d6987146a036344e8fb9af2ffd5c6dfe57fa2f8c48c,0.009286445980493743,0.002425623046237577,True,0.0017151745045969613,0.0002689153389350274,1.0,0.004851334421332721,0.006297593586994655,372377,220982,593359,23730799846.0,0.0,False,23730799846.0,10418790681.0,13723206952.0,11671371530.0,23131507256.0,45366449063.0,MISSING,B1
development,B2-rank3-q2-r4-K4,127236c66fd1401664dfc9aa26f9ae80b813a1c7a5b23c089cb3e68c3a7dbffc,0.009286445980493743,0.0024207792897476465,True,0.001711749451536515,0.00026838900843739744,1.0275373871668176,0.004854759474393167,0.006298119917492285,392614,233281,625895,7746682855.781248,39590606.71488492,True,7746682855.781248,3218841070.468749,4161262907.5,3379070190.468751,7013446863.281252,14779023924.375,MISSING,B2
development,B3-rank0-q8-r32-K4,9feb7b75a61651992917ebc41e6b410eb6c6942213237eb566c049cd884377a8,0.009286445980493743,0.00012828672563865807,True,9.071241363531324e-05,1.4812500512273452e-05,1.6005852772940825,0.006475796512294369,0.006551696425417409,535398,523065,1058463,33863969067.468758,588661678.4413409,False,33863969067.468758,7759261483.3125,11180246976.281254,5199567179.625,17045785844.71875,65713385353.21876,MISSING,B3
development,B0-rank9-q2-r0-K0,830a01f9ea6cd9075c324a30b81b282e9a7e91bf8a90d5a2f3abeefc028dfdcd,0.009379642880766792,0.0024255322146783053,True,0.0017151102769854543,0.00026890492035402946,1.0,0.0049172988091128675,0.006363504165744292,362454,216428,578882,17892084856.0,0.0,False,17892084856.0,8151237442.0,10336516992.0,8830266028.0,17738102244.0,34130303838.0,MISSING,B0
development,B1-rank12-q2-r0-K0,6d94925db9107eb619526d6987146a036344e8fb9af2ffd5c6dfe57fa2f8c48c,0.009379642880766792,0.002425623046237577,True,0.0017151745045969613,0.0002689153389350274,1.0,0.0049172345815013604,0.006363493747163294,362463,216429,578892,23152206648.0,0.0,False,23152206648.0,10164764628.0,13388614176.0,11386805640.0,22567525728.0,44260345644.0,MISSING,B1
development,B2-rank3-q2-r4-K4,127236c66fd1401664dfc9aa26f9ae80b813a1c7a5b23c089cb3e68c3a7dbffc,0.009379642880766792,0.0024207792897476465,True,0.001711749451536515,0.00026838900843739744,1.0275373871668176,0.004920659634561807,0.006364020077660924,382168,228475,610643,7557909328.406248,38625850.751639605,True,7557909328.406248,3140403370.843749,4059859985.5,3296727978.843751,6842541053.906251,14418884167.875,MISSING,B2
development,B3-rank0-q8-r32-K4,9feb7b75a61651992917ebc41e6b410eb6c6942213237eb566c049cd884377a8,0.009379642880766792,0.00012828672563865807,True,9.071241363531324e-05,1.4812500512273452e-05,1.6005852772940825,0.0065416966724630085,0.006617596585586048,524665,512699,1037364,33188937551.625008,576927519.8043041,False,33188937551.625008,7604591307.75,10957384173.375004,5095920979.5,16706001614.625,64403479652.62501,MISSING,B3
development,B0-rank9-q2-r0-K0,830a01f9ea6cd9075c324a30b81b282e9a7e91bf8a90d5a2f3abeefc028dfdcd,0.009473775086348108,0.0024255322146783053,True,0.0017151102769854543,0.00026890492035402946,1.0,0.004983860330007462,0.006430065686638887,352837,211970,564807,17457054756.0,0.0,False,17457054756.0,7953047367.0,10085193792.0,8615565978.0,17306816094.0,33300455913.0,MISSING,B0
development,B1-rank12-q2-r0-K0,6d94925db9107eb619526d6987146a036344e8fb9af2ffd5c6dfe57fa2f8c48c,0.009473775086348108,0.002425623046237577,True,0.0017151745045969613,0.0002689153389350274,1.0,0.004983796102395955,0.006430055268057889,352846,211971,564817,22589291098.0,0.0,False,22589291098.0,9917621703.0,13063087576.0,11109950390.0,22018825928.0,43184213369.0,MISSING,B1
development,B2-rank3-q2-r4-K4,127236c66fd1401664dfc9aa26f9ae80b813a1c7a5b23c089cb3e68c3a7dbffc,0.009473775086348108,0.0024207792897476465,True,0.001711749451536515,0.00026838900843739744,1.0275373871668176,0.004987221155456401,0.006430581598555519,372035,223769,595804,7374247489.124998,37687218.851652905,True,7374247489.124998,3064089639.874999,3961202894.0,3216615463.875001,6676263103.125001,14068496425.5,MISSING,B2
development,B3-rank0-q8-r32-K4,9feb7b75a61651992917ebc41e6b410eb6c6942213237eb566c049cd884377a8,0.009473775086348108,0.00012828672563865807,True,9.071241363531324e-05,1.4812500512273452e-05,1.6005852772940825,0.006608258193357603,0.006684158106480643,514149,502539,1016688,32527439299.500008,565428611.6105806,False,32527439299.500008,7453022013.0,10738989400.500004,4994352714.0,16373029495.5,63119835391.50001,MISSING,B3
development,B0-rank9-q2-r0-K0,830a01f9ea6cd9075c324a30b81b282e9a7e91bf8a90d5a2f3abeefc028dfdcd,0.009568851983773266,0.0024255322146783053,True,0.0017151102769854543,0.00026890492035402946,1.0,0.005051089848910969,0.006497295205542394,343507,207606,551113,17033800604.0,0.0,False,17033800604.0,7760222153.0,9840673728.0,8406677702.0,16887204546.0,32493071367.0,MISSING,B0
development,B1-rank12-q2-r0-K0,6d94925db9107eb619526d6987146a036344e8fb9af2ffd5c6dfe57fa2f8c48c,0.009568851983773266,0.002425623046237577,True,0.0017151745045969613,0.0002689153389350274,1.0,0.005051025621299462,0.006497284786961396,343516,207607,551123,22041613262.0,0.0,False,22041613262.0,9677168757.0,12746372744.0,10840589410.0,21484979032.0,42137211211.0,MISSING,B1
development,B2-rank3-q2-r4-K4,127236c66fd1401664dfc9aa26f9ae80b813a1c7a5b23c089cb3e68c3a7dbffc,0.009568851983773266,0.0024207792897476465,True,0.001711749451536515,0.00026838900843739744,1.0275373871668176,0.0050544506743599085,0.006497811117459026,362204,219163,581367,7195561191.281248,36774015.21662979,True,7195561191.281248,2989843306.968749,3865218499.5,3138673258.968751,6514489750.781251,13727600958.375,MISSING,B2
development,B3-rank0-q8-r32-K4,9feb7b75a61651992917ebc41e6b410eb6c6942213237eb566c049cd884377a8,0.009568851983773266,0.00012828672563865807,True,9.071241363531324e-05,1.4812500512273452e-05,1.6005852772940825,0.00667548771226111,0.00675138762538415,503845,492580,996425,31879154375.781258,554159392.3839691,False,31879154375.781258,7304480292.1875,10524957030.468754,4894813259.375,16046708444.53125,61861831732.03126,MISSING,B3
development,B0-rank9-q2-r0-K0,830a01f9ea6cd9075c324a30b81b282e9a7e91bf8a90d5a2f3abeefc028dfdcd,0.009664883053779216,0.0024255322146783053,True,0.0017151102769854543,0.00026890492035402946,1.0,0.005118994069716777,0.006565199426348201,334454,203334,537788,16621951504.0,0.0,False,16621951504.0,7572592828.0,9602742528.0,8203418152.0,16478899896.0,31707442692.0,MISSING,B0
development,B1-rank12-q2-r0-K0,6d94925db9107eb619526d6987146a036344e8fb9af2ffd5c6dfe57fa2f8c48c,0.009664883053779216,0.002425623046237577,True,0.0017151745045969613,0.0002689153389350274,1.0,0.0051189298421052696,0.0065651890077672035,334462,203335,537797,21508653218.0,0.0,False,21508653218.0,9443177523.0,12438169016.0,10578466990.0,20965478248.0,41118345229.0,MISSING,B1
development,B2-rank3-q2-r4-K4,127236c66fd1401664dfc9aa26f9ae80b813a1c7a5b23c089cb3e68c3a7dbffc,0.009664883053779216,0.0024207792897476465,True,0.001711749451536515,0.00026838900843739744,1.0275373871668176,0.005122354895165716,0.006565715338264833,352664,214653,567317,7021664780.343748,35885291.03071341,True,7021664780.343748,2917587230.406249,3771807074.5,3062820382.406251,6357052914.843751,13395843577.125,MISSING,B2
development,B3-rank0-q8-r32-K4,9feb7b75a61651992917ebc41e6b410eb6c6942213237eb566c049cd884377a8,0.009664883053779216,0.00012828672563865807,True,9.071241363531324e-05,1.4812500512273452e-05,1.6005852772940825,0.006743391933066918,0.006819291846189957,493749,482819,976568,31243858825.750008,543115969.0911287,False,31243858825.750008,7158914830.5,10315213124.250004,4797268229.0,15726925731.75,60629034087.75001,MISSING,B3
development,B0-rank9-q2-r0-K0,830a01f9ea6cd9075c324a30b81b282e9a7e91bf8a90d5a2f3abeefc028dfdcd,0.009761877872249677,0.0024255322146783053,True,0.0017151102769854543,0.00026890492035402946,1.0,0.005187579763597198,0.006633785120228623,325669,199151,524820,16221136560.0,0.0,False,16221136560.0,7389990420.0,9371185920.0,8005604280.0,16081534440.0,30942862380.0,MISSING,B0
development,B1-rank12-q2-r0-K0,6d94925db9107eb619526d6987146a036344e8fb9af2ffd5c6dfe57fa2f8c48c,0.009761877872249677,0.002425623046237577,True,0.0017151745045969613,0.0002689153389350274,1.0,0.005187515535985691,0.006633774701647625,325677,199152,524829,20990011026.0,0.0,False,20990011026.0,9215472411.0,12138245112.0,10323386430.0,20459933736.0,40126850853.0,MISSING,B1
development,B2-rank3-q2-r4-K4,127236c66fd1401664dfc9aa26f9ae80b813a1c7a5b23c089cb3e68c3a7dbffc,0.009761877872249677,0.0024207792897476465,True,0.001711749451536515,0.00026838900843739744,1.0275373871668176,0.005190940589046137,0.006634301032145255,343407,210238,553645,6852446863.593748,35020477.00438965,True,6852446863.593748,2847275125.156249,3680908782.5,2989008245.156251,6203851746.093751,13073011768.125,MISSING,B2
development,B3-rank0-q8-r32-K4,9feb7b75a61651992917ebc41e6b410eb6c6942213237eb566c049cd884377a8,0.009761877872249677,0.00012828672563865807,True,9.071241363531324e-05,1.4812500512273452e-05,1.6005852772940825,0.006811977626947339,0.006887877540070379,483857,473252,957109,30621296701.156258,532293892.55109847,False,30621296701.156258,7016266982.4375,10109673180.093754,4701678323.875,15413552522.90625,59420945788.40626,MISSING,B3
development,B0-rank9-q2-r0-K0,830a01f9ea6cd9075c324a30b81b282e9a7e91bf8a90d5a2f3abeefc028dfdcd,0.009859846111170006,0.0024255322146783053,True,0.0017151102769854543,0.00026890492035402946,1.0,0.005256853769678666,0.006703059126310091,317142,195056,512198,15831015784.0,0.0,False,15831015784.0,7212260038.0,9145807488.0,7813068292.0,15694771116.0,30198681882.0,MISSING,B0
development,B1-rank12-q2-r0-K0,6d94925db9107eb619526d6987146a036344e8fb9af2ffd5c6dfe57fa2f8c48c,0.009859846111170006,0.002425623046237577,True,0.0017151745045969613,0.0002689153389350274,1.0,0.005256789542067159,0.006703048707729093,317150,195057,512207,20485206758.0,0.0,False,20485206758.0,8993842713.0,11846323496.0,10075111690.0,19967877688.0,39161810599.0,MISSING,B1
development,B2-rank3-q2-r4-K4,127236c66fd1401664dfc9aa26f9ae80b813a1c7a5b23c089cb3e68c3a7dbffc,0.009859846111170006,0.0024207792897476465,True,0.001711749451536515,0.00026838900843739744,1.0275373871668176,0.005260214595127605,0.006703575038226723,334421,205915,540336,6687721786.499998,34178624.32180168,True,6687721786.499998,2778829849.499999,3592423896.0,2917155865.500001,6054718162.500001,12758751342.0,MISSING,B2
development,B3-rank0-q8-r32-K4,9feb7b75a61651992917ebc41e6b410eb6c6942213237eb566c049cd884377a8,0.009859846111170006,0.00012828672563865807,True,9.071241363531324e-05,1.4812500512273452e-05,1.6005852772940825,0.006881251633028807,0.006957151546151847,474164,463874,938038,30011148066.687508,521687601.28767705,False,30011148066.687508,6876463441.125,9908231570.812504,4607994420.25,15106427775.1875,58236945996.18751,MISSING,B3
development,B0-rank9-q2-r0-K0,830a01f9ea6cd9075c324a30b81b282e9a7e91bf8a90d5a2f3abeefc028dfdcd,0.009958797539591653,0.0024255322146783053,True,0.0017151102769854543,0.00026890492035402946,1.0,0.005326822995723708,0.006773028352355132,308865,191047,499912,15451280096.0,0.0,False,15451280096.0,7039260872.0,8926428672.0,7625657648.0,15318303504.0,29474311608.0,MISSING,B0
development,B1-rank12-q2-r0-K0,6d94925db9107eb619526d6987146a036344e8fb9af2ffd5c6dfe57fa2f8c48c,0.009958797539591653,0.002425623046237577,True,0.0017151745045969613,0.0002689153389350274,1.0,0.005326758768112201,0.0067730179337741345,308873,191048,499921,19993840474.0,0.0,False,19993840474.0,8778112839.0,11562172888.0,9833446070.0,19488920264.0,38222459897.0,MISSING,B1
development,B2-rank3-q2-r4-K4,127236c66fd1401664dfc9aa26f9ae80b813a1c7a5b23c089cb3e68c3a7dbffc,0.009958797539591653,0.0024207792897476465,True,0.001711749451536515,0.00026838900843739744,1.0275373871668176,0.005330183821172647,0.0067735442642717645,325699,201683,527382,6527390533.312498,33359226.947825816,True,6527390533.312498,2712210261.187499,3506299227.0,2847220053.187501,5909562520.312501,12452873397.75,MISSING,B2
development,B3-rank0-q8-r32-K4,9feb7b75a61651992917ebc41e6b410eb6c6942213237eb566c049cd884377a8,0.009958797539591653,0.00012828672563865807,True,9.071241363531324e-05,1.4812500512273452e-05,1.6005852772940825,0.006951220859073849,0.0070271207721968884,464666,454683,919349,29413220961.156258,511293758.4151437,False,29413220961.156258,6739460222.4375,9710824920.093754,4516187043.875,14805454862.90625,57076662208.40626,MISSING,B3
development,B0-rank9-q2-r0-K0,830a01f9ea6cd9075c324a30b81b282e9a7e91bf8a90d5a2f3abeefc028dfdcd,0.0100587420246063,0.0024255322146783053,True,0.0017151102769854543,0.00026890492035402946,1.0,0.005397494418819763,0.006843699775451188,300830,187122,487952,15081620416.0,0.0,False,15081620416.0,6870852112.0,8712870912.0,7443219808.0,14951825184.0,28769161968.0,MISSING,B0
development,B1-rank12-q2-r0-K0,6d94925db9107eb619526d6987146a036344e8fb9af2ffd5c6dfe57fa2f8c48c,0.0100587420246063,0.002425623046237577,True,0.0017151745045969613,0.0002689153389350274,1.0,0.005397430191208256,0.00684368935687019,300837,187122,487959,19515432246.0,0.0,False,19515432246.0,8568072081.0,11285515752.0,9598153530.0,19022593656.0,37307881263.0,MISSING,B1
development,B2-rank3-q2-r4-K4,127236c66fd1401664dfc9aa26f9ae80b813a1c7a5b23c089cb3e68c3a7dbffc,0.0100587420246063,0.0024207792897476465,True,0.001711749451536515,0.00026838900843739744,1.0275373871668176,0.005400855244268702,0.00684421568736782,317231,197540,514771,6371304580.406248,32561525.8297766,True,6371304580.406248,2647354646.843749,3422454993.5,2779136022.843751,5768250353.906251,12155094583.875,MISSING,B2
development,B3-rank0-q8-r32-K4,9feb7b75a61651992917ebc41e6b410eb6c6942213237eb566c049cd884377a8,0.0100587420246063,0.00012828672563865807,True,9.071241363531324e-05,1.4812500512273452e-05,1.6005852772940825,0.007021892282169904,0.007097792195292944,455360,445673,901033,28827227442.781258,501107358.6049174,False,28827227442.781258,6605191350.1875,9517358163.468754,4426211983.375,14510488847.53125,55939535671.03126,MISSING,B3
development,B0-rank9-q2-r0-K0,830a01f9ea6cd9075c324a30b81b282e9a7e91bf8a90d5a2f3abeefc028dfdcd,0.010159689532329779,0.0024255322146783053,True,0.0017151102769854543,0.00026890492035402946,1.0,0.005468875086074915,0.00691508044270634,293028,183279,476307,14721696756.0,0.0,False,14721696756.0,6706878867.0,8504937792.0,7265586978.0,14594999094.0,28082584413.0,MISSING,B0
development,B1-rank12-q2-r0-K0,6d94925db9107eb619526d6987146a036344e8fb9af2ffd5c6dfe57fa2f8c48c,0.010159689532329779,0.002425623046237577,True,0.0017151745045969613,0.0002689153389350274,1.0,0.005468810858463408,0.006915070024125342,293035,183279,476314,19049702116.0,0.0,False,19049702116.0,8363597526.0,11016190192.0,9369096380.0,18568624976.0,36417539498.0,MISSING,B1
development,B2-rank3-q2-r4-K4,127236c66fd1401664dfc9aa26f9ae80b813a1c7a5b23c089cb3e68c3a7dbffc,0.010159689532329779,0.0024207792897476465,True,0.001711749451536515,0.00026838900843739744,1.0275373871668176,0.005472235911523854,0.006915596354622972,309009,193483,502492,6219327781.124998,31784825.169359002,True,6219327781.124998,2584206435.874999,3340818062.0,2712844387.875001,5630658403.125001,11865155161.5,MISSING,B2
development,B3-rank0-q8-r32-K4,9feb7b75a61651992917ebc41e6b410eb6c6942213237eb566c049cd884377a8,0.010159689532329779,0.00012828672563865807,True,9.071241363531324e-05,1.4812500512273452e-05,1.6005852772940825,0.007093272949425056,0.007169172862548096,446241,436843,883084,28252975550.375008,491125064.9712773,False,28252975550.375008,6473612840.25,9327767924.625004,4338039764.5,14221433103.375,54825193881.37501,MISSING,B3
development,B0-rank9-q2-r0-K0,830a01f9ea6cd9075c324a30b81b282e9a7e91bf8a90d5a2f3abeefc028dfdcd,0.010261650128895843,0.0024255322146783053,True,0.0017151102769854543,0.00026890492035402946,1.0,0.005540972115320605,0.00698717747195203,285452,179516,464968,14371230944.0,0.0,False,14371230944.0,6547214408.0,8302468608.0,7092621872.0,14247549456.0,27414048312.0,MISSING,B0
development,B1-rank12-q2-r0-K0,6d94925db9107eb619526d6987146a036344e8fb9af2ffd5c6dfe57fa2f8c48c,0.010261650128895843,0.002425623046237577,True,0.0017151745045969613,0.0002689153389350274,1.0,0.005540907887709098,0.006987167053371032,285459,179516,464975,18596210150.0,0.0,False,18596210150.0,8164496025.0,10753941800.0,9146058250.0,18126585400.0,35550593575.0,MISSING,B1
development,B2-rank3-q2-r4-K4,127236c66fd1401664dfc9aa26f9ae80b813a1c7a5b23c089cb3e68c3a7dbffc,0.010261650128895843,0.0024207792897476465,True,0.001711749451536515,0.00026838900843739744,1.0275373871668176,0.005544332940769545,0.006987693383868662,301025,189511,490536,6071348742.749998,31028555.677058913,True,6071348742.749998,2522719343.249999,3261328596.0,2648296559.250001,5496685818.750001,11582842617.0,MISSING,B2
development,B3-rank0-q8-r32-K4,9feb7b75a61651992917ebc41e6b410eb6c6942213237eb566c049cd884377a8,0.010261650128895843,0.00012828672563865807,True,9.071241363531324e-05,1.4812500512273452e-05,1.6005852772940825,0.007165369978670746,0.007241269891793786,437306,428187,865493,27690177342.156258,481341872.18564224,False,27690177342.156258,6344658716.4375,9141959139.093754,4251626175.875,13938142691.90625,53733078085.40626,MISSING,B3
development,B0-rank9-q2-r0-K0,830a01f9ea6cd9075c324a30b81b282e9a7e91bf8a90d5a2f3abeefc028dfdcd,0.010364633981459941,0.0024255322146783053,True,0.0017151102769854543,0.00026890492035402946,1.0,0.005613792695821395,0.0070599980524528195,278095,175832,453927,14029975716.0,0.0,False,14029975716.0,6391746087.0,8105320512.0,6924202458.0,13909231134.0,26763081993.0,MISSING,B0
development,B1-rank12-q2-r0-K0,6d94925db9107eb619526d6987146a036344e8fb9af2ffd5c6dfe57fa2f8c48c,0.010364633981459941,0.002425623046237577,True,0.0017151745045969613,0.0002689153389350274,1.0,0.005613728468209888,0.0070599876338718216,278101,175832,453933,18154596402.0,0.0,False,18154596402.0,7970609547.0,10498562424.0,8928862110.0,17696124072.0,34706355381.0,MISSING,B1
development,B2-rank3-q2-r4-K4,127236c66fd1401664dfc9aa26f9ae80b813a1c7a5b23c089cb3e68c3a7dbffc,0.010364633981459941,0.0024207792897476465,True,0.001711749451536515,0.00026838900843739744,1.0275373871668176,0.005617153521270334,0.0070605139643694515,293271,185622,478893,5927243695.593748,30292084.80897177,True,5927243695.593748,2462841941.156249,3183920110.5,2585438549.156251,5366220546.093751,11307920824.125,MISSING,B2
development,B3-rank0-q8-r32-K4,9feb7b75a61651992917ebc41e6b410eb6c6942213237eb566c049cd884377a8,0.010364633981459941,0.00012828672563865807,True,9.071241363531324e-05,1.4812500512273452e-05,1.6005852772940825,0.007238190559171536,0.0073140904722945755,428552,419703,848255,27138672850.468758,471754999.5099116,False,27138672850.468758,6218292325.3125,8959878993.281254,4166946655.625,13660537091.71875,52662877864.21876,MISSING,B3
development,B0-rank9-q2-r0-K0,830a01f9ea6cd9075c324a30b81b282e9a7e91bf8a90d5a2f3abeefc028dfdcd,0.01046865135921304,0.0024255322146783053,True,0.0017151102769854543,0.00026890492035402946,1.0,0.005687344088991853,0.007133549445623278,270949,172224,443173,13697591084.0,0.0,False,13697591084.0,6240319013.0,7913297088.0,6760160942.0,13579707066.0,26129036907.0,MISSING,B0
development,B1-rank12-q2-r0-K0,6d94925db9107eb619526d6987146a036344e8fb9af2ffd5c6dfe57fa2f8c48c,0.01046865135921304,0.002425623046237577,True,0.0017151745045969613,0.0002689153389350274,1.0,0.005687279861380346,0.00713353902704228,270955,172225,443180,17724540920.0,0.0,False,17724540920.0,7781797620.0,10249867040.0,8717350600.0,17276929120.0,33884213260.0,MISSING,B1
development,B2-rank3-q2-r4-K4,127236c66fd1401664dfc9aa26f9ae80b813a1c7a5b23c089cb3e68c3a7dbffc,0.01046865135921304,0.0024207792897476465,True,0.001711749451536515,0.00026838900843739744,1.0275373871668176,0.005690704914440793,0.00713406535753991,285739,181814,467553,5786888869.968748,29574780.021192994,True,5786888869.968748,2404522801.781249,3108526120.5,2524216369.781251,5239150530.468751,11040153656.625,MISSING,B2
development,B3-rank0-q8-r32-K4,9feb7b75a61651992917ebc41e6b410eb6c6942213237eb566c049cd884377a8,0.01046865135921304,0.00012828672563865807,True,9.071241363531324e-05,1.4812500512273452e-05,1.6005852772940825,0.007311741952341994,0.007387641865465034,419973,411388,831361,26598174133.531258,462359441.6155044,False,26598174133.531258,6094447690.6875,8781432422.718754,4083956992.375,13388471364.28125,51614034463.78126,MISSING,B3
development,B0-rank9-q2-r0-K0,830a01f9ea6cd9075c324a30b81b282e9a7e91bf8a90d5a2f3abeefc028dfdcd,0.010573712634405642,0.0024255322146783053,True,0.0017151102769854543,0.00026890492035402946,1.0,0.005761633629120648,0.007207838985752073,264006,168693,432699,13373860692.0,0.0,False,13373860692.0,6092834619.0,7726273344.0,6600390546.0,13258762758.0,25511500341.0,MISSING,B0
development,B1-rank12-q2-r0-K0,6d94925db9107eb619526d6987146a036344e8fb9af2ffd5c6dfe57fa2f8c48c,0.010573712634405642,0.002425623046237577,True,0.0017151745045969613,0.0002689153389350274,1.0,0.005761569401509141,0.007207828567171075,264012,168693,432705,17305603770.0,0.0,False,17305603770.0,7597867095.0,10007601240.0,8511307350.0,16868571720.0,33083326185.0,MISSING,B1
development,B2-rank3-q2-r4-K4,127236c66fd1401664dfc9aa26f9ae80b813a1c7a5b23c089cb3e68c3a7dbffc,0.010573712634405642,0.0024207792897476465,True,0.001711749451536515,0.00026838900843739744,1.0275373871668176,0.0057649944545695875,0.007208354897668705,278422,178086,456508,5650185250.124998,28876135.278598946,True,5650185250.124998,2347720782.874999,3035093438.0,2464586830.875001,5115386128.125001,10779352213.5,MISSING,B2
development,B3-rank0-q8-r32-K4,9feb7b75a61651992917ebc41e6b410eb6c6942213237eb566c049cd884377a8,0.010573712634405642,0.00012828672563865807,True,9.071241363531324e-05,1.4812500512273452e-05,1.6005852772940825,0.007386031492470789,0.007461931405593829,411567,403237,814804,26068457236.625008,453151305.4690795,False,26068457236.625008,5973073497.75,8606545488.375004,4002622799.5,13121832779.625,50586113297.62501,MISSING,B3
development,B0-rank9-q2-r0-K0,830a01f9ea6cd9075c324a30b81b282e9a7e91bf8a90d5a2f3abeefc028dfdcd,0.010679828283382063,0.0024255322146783053,True,0.0017151102769854543,0.00026890492035402946,1.0,0.0058366687241018875,0.007282874080733312,257262,165234,422496,13058506368.0,0.0,False,13058506368.0,5949166176.0,7544088576.0,6444753984.0,12946122432.0,24909941664.0,MISSING,B0
development,B1-rank12-q2-r0-K0,6d94925db9107eb619526d6987146a036344e8fb9af2ffd5c6dfe57fa2f8c48c,0.010679828283382063,0.002425623046237577,True,0.0017151745045969613,0.0002689153389350274,1.0,0.0058366044964903805,0.007282863662152314,257268,165235,422503,16897584982.0,0.0,False,16897584982.0,7418730177.0,9771649384.0,8310634010.0,16470856952.0,32303311871.0,MISSING,B1
development,B2-rank3-q2-r4-K4,127236c66fd1401664dfc9aa26f9ae80b813a1c7a5b23c089cb3e68c3a7dbffc,0.010679828283382063,0.0024207792897476465,True,0.001711749451536515,0.00026838900843739744,1.0275373871668176,0.005840029549550827,0.007283389992649944,271313,174435,445748,5517009066.374998,28195518.037285045,True,5517009066.374998,2292384456.624999,2963555578.0,2406495944.625001,4994815284.375001,10525280368.5,MISSING,B2
development,B3-rank0-q8-r32-K4,9feb7b75a61651992917ebc41e6b410eb6c6942213237eb566c049cd884377a8,0.010679828283382063,0.00012828672563865807,True,9.071241363531324e-05,1.4812500512273452e-05,1.6005852772940825,0.007461066587452029,0.007536966500575068,403331,395248,798579,25549362192.093758,444127810.33253646,False,25549362192.093758,5854133093.0625,8435165376.656253,3922919515.125,12860540816.34375,49578803946.84376,MISSING,B3
development,B0-rank9-q2-r0-K0,830a01f9ea6cd9075c324a30b81b282e9a7e91bf8a90d5a2f3abeefc028dfdcd,0.010787008887625097,0.0024255322146783053,True,0.0017151102769854543,0.00026890492035402946,1.0,0.005912456856173808,0.007358662212805233,250709,161848,412557,12751311756.0,0.0,False,12751311756.0,5809215117.0,7366617792.0,6293144478.0,12641571594.0,24323948163.0,MISSING,B0
development,B1-rank12-q2-r0-K0,6d94925db9107eb619526d6987146a036344e8fb9af2ffd5c6dfe57fa2f8c48c,0.010787008887625097,0.002425623046237577,True,0.0017151745045969613,0.0002689153389350274,1.0,0.005912392628562301,0.007358651794224235,250714,161849,412563,16500044622.0,0.0,False,16500044622.0,7244193717.0,9541757064.0,8115114210.0,16083355992.0,31543329291.0,MISSING,B1
development,B2-rank3-q2-r4-K4,127236c66fd1401664dfc9aa26f9ae80b813a1c7a5b23c089cb3e68c3a7dbffc,0.010787008887625097,0.0024207792897476465,True,0.001711749451536515,0.00026838900843739744,1.0275373871668176,0.005915817681622747,0.007359178124721865,264406,170861,435267,5387286056.906248,27532548.770908564,True,5387286056.906248,2238482966.343749,2893872649.5,2349911318.343751,4877370766.406251,10277796445.875,MISSING,B2
development,B3-rank0-q8-r32-K4,9feb7b75a61651992917ebc41e6b410eb6c6942213237eb566c049cd884377a8,0.010787008887625097,0.00012828672563865807,True,9.071241363531324e-05,1.4812500512273452e-05,1.6005852772940825,0.007536854719523949,0.007612754632646989,395260,387418,782678,25040633051.687508,435284507.02491426,False,25040633051.687508,5737567831.125,8267207585.812503,3844807840.25,12604466640.1875,48591609741.18751,MISSING,B3
development,B0-rank9-q2-r0-K0,830a01f9ea6cd9075c324a30b81b282e9a7e91bf8a90d5a2f3abeefc028dfdcd,0.010895265134811176,0.0024255322146783053,True,0.0017151102769854543,0.00026890492035402946,1.0,0.0059890055826648915,0.007435210939296316,244341,158533,402874,12452029592.0,0.0,False,12452029592.0,5672868794.0,7193718144.0,6145439996.0,12344865108.0,23753048166.0,MISSING,B0
development,B1-rank12-q2-r0-K0,6d94925db9107eb619526d6987146a036344e8fb9af2ffd5c6dfe57fa2f8c48c,0.010895265134811176,0.002425623046237577,True,0.0017151745045969613,0.0002689153389350274,1.0,0.0059889413550533845,0.007435200520715318,244346,158533,402879,16112742726.0,0.0,False,16112742726.0,7074152361.0,9317785512.0,7924629930.0,15705834936.0,30802919703.0,MISSING,B1
development,B2-rank3-q2-r4-K4,127236c66fd1401664dfc9aa26f9ae80b813a1c7a5b23c089cb3e68c3a7dbffc,0.010895265134811176,0.0024207792897476465,True,0.001711749451536515,0.00026838900843739744,1.0275373871668176,0.005992366408113831,0.007435726851212948,257694,167361,425055,5260892452.031248,26886594.935564928,True,5260892452.031248,2185964884.218749,2825978167.5,2294778964.218751,4762940519.531251,10036664319.375,MISSING,B2
development,B3-rank0-q8-r32-K4,9feb7b75a61651992917ebc41e6b410eb6c6942213237eb566c049cd884377a8,0.010895265134811176,0.00012828672563865807,True,9.071241363531324e-05,1.4812500512273452e-05,1.6005852772940825,0.0076134034460150326,0.007689303359138072,387352,379743,767095,24542077854.218754,426618058.660492,False,24542077854.218754,5623333727.8125,8102608739.531253,3768258300.625,12353513625.46875,47624158177.96876,MISSING,B3
development,B0-rank9-q2-r0-K0,830a01f9ea6cd9075c324a30b81b282e9a7e91bf8a90d5a2f3abeefc028dfdcd,0.011004607819876085,0.0024255322146783053,True,0.0017151102769854543,0.00026890492035402946,1.0,0.006066322536747434,0.0075125278933788585,238152,155287,393439,12160412612.0,0.0,False,12160412612.0,5540014559.0,7025246784.0,6001518506.0,12055757838.0,23196770001.0,MISSING,B0
development,B1-rank12-q2-r0-K0,6d94925db9107eb619526d6987146a036344e8fb9af2ffd5c6dfe57fa2f8c48c,0.011004607819876085,0.002425623046237577,True,0.0017151745045969613,0.0002689153389350274,1.0,0.006066258309135927,0.0075125174747978606,238157,155287,393444,15735399336.0,0.0,False,15735399336.0,6908483196.0,9099572832.0,7739043480.0,15338020896.0,30081547908.0,MISSING,B1
development,B2-rank3-q2-r4-K4,127236c66fd1401664dfc9aa26f9ae80b813a1c7a5b23c089cb3e68c3a7dbffc,0.011004607819876085,0.0024207792897476465,True,0.001711749451536515,0.00026838900843739744,1.0275373871668176,0.006069683362196373,0.0075130438052954905,251171,163934,415105,5137741612.968748,26257213.750520945,True,5137741612.968748,2134794210.781249,2759825592.5,2241061090.781251,4651446105.468751,9801718700.625,MISSING,B2
development,B3-rank0-q8-r32-K4,9feb7b75a61651992917ebc41e6b410eb6c6942213237eb566c049cd884377a8,0.011004607819876085,0.00012828672563865807,True,9.071241363531324e-05,1.4812500512273452e-05,1.6005852772940825,0.007690720400097575,0.0077666203132206145,379603,372219,751822,24053440651.437504,418124016.05830884,False,24053440651.437504,5511372137.625,7941284336.062503,3693231597.25,12107552937.9375,46675952586.93751,MISSING,B3
development,B0-rank9-q2-r0-K0,830a01f9ea6cd9075c324a30b81b282e9a7e91bf8a90d5a2f3abeefc028dfdcd,0.011115047846091417,0.0024255322146783053,True,0.0017151102769854543,0.00026890492035402946,1.0,0.006144415428198715,0.007590620784830139,232137,152108,384245,11876244460.0,0.0,False,11876244460.0,5410553845.0,6861078720.0,5861273230.0,11774035290.0,22654700955.0,MISSING,B0
development,B1-rank12-q2-r0-K0,6d94925db9107eb619526d6987146a036344e8fb9af2ffd5c6dfe57fa2f8c48c,0.011115047846091417,0.002425623046237577,True,0.0017151745045969613,0.0002689153389350274,1.0,0.006144351200587208,0.0075906103662491415,232142,152108,384250,15367694500.0,0.0,False,15367694500.0,6747045750.0,8886934000.0,7558197500.0,14979602000.0,29378602250.0,MISSING,B1
development,B2-rank3-q2-r4-K4,127236c66fd1401664dfc9aa26f9ae80b813a1c7a5b23c089cb3e68c3a7dbffc,0.011115047846091417,0.0024207792897476465,True,0.001711749451536515,0.00026838900843739744,1.0275373871668176,0.006147776253647654,0.0075911366967467715,244830,160579,405409,5017734523.968748,25643899.180652954,True,5017734523.968748,2084929803.7812493,2695361736.5,2188714507.781251,4542797880.468751,9572770688.625,MISSING,B2
development,B3-rank0-q8-r32-K4,9feb7b75a61651992917ebc41e6b410eb6c6942213237eb566c049cd884377a8,0.011115047846091417,0.00012828672563865807,True,9.071241363531324e-05,1.4812500512273452e-05,1.6005852772940825,0.007768813291548856,0.007844713204671895,372009,364846,736855,23574593469.218754,409800154.6278842,False,23574593469.218754,5401653737.8125,7783192124.531253,3619708080.625,11866520160.46875,45746744632.96876,MISSING,B3
development,B0-rank9-q2-r0-K0,830a01f9ea6cd9075c324a30b81b282e9a7e91bf8a90d5a2f3abeefc028dfdcd,0.011226596226151802,0.0024255322146783053,True,0.0017151102769854543,0.00026890492035402946,1.0,0.006223292044169788,0.0076694974008012125,226290,148995,375285,11599308780.0,0.0,False,11599308780.0,5284388085.0,6701088960.0,5724597390.0,11499482970.0,22126428315.0,MISSING,B0
development,B1-rank12-q2-r0-K0,6d94925db9107eb619526d6987146a036344e8fb9af2ffd5c6dfe57fa2f8c48c,0.011226596226151802,0.002425623046237577,True,0.0017151745045969613,0.0002689153389350274,1.0,0.006223227816558281,0.0076694869822202145,226295,148996,375291,15009388254.0,0.0,False,15009388254.0,6589734669.0,8679730248.0,7381973970.0,14630344344.0,28693623987.0,MISSING,B1
development,B2-rank3-q2-r4-K4,127236c66fd1401664dfc9aa26f9ae80b813a1c7a5b23c089cb3e68c3a7dbffc,0.011226596226151802,0.0024207792897476465,True,0.001711749451536515,0.00026838900843739744,1.0275373871668176,0.006226652869618727,0.0076700133127178445,238667,157293,395960,4900784546.249998,25046208.44522777,True,4900784546.249998,2036335663.7499993,2632540060.0,2137701423.7500007,4436917406.250001,9349654995.0,MISSING,B2
development,B3-rank0-q8-r32-K4,9feb7b75a61651992917ebc41e6b410eb6c6942213237eb566c049cd884377a8,0.011226596226151802,0.00012828672563865807,True,9.071241363531324e-05,1.4812500512273452e-05,1.6005852772940825,0.007847689907519929,0.007923589820642968,364569,357618,722187,23105312352.843754,401642581.33587724,False,23105312352.843754,5294127213.5625,7628258165.906253,3547653364.125,11630302563.09375,44836099729.59376,MISSING,B3
development,B0-rank9-q2-r0-K0,830a01f9ea6cd9075c324a30b81b282e9a7e91bf8a90d5a2f3abeefc028dfdcd,0.011339264083273048,0.0024255322146783053,True,0.0017151102769854543,0.00026890492035402946,1.0,0.006302960249961978,0.007749165606593403,220606,145947,366553,11329420124.0,0.0,False,11329420124.0,5161432793.0,6545170368.0,5591399462.0,11231917026.0,21611598327.0,MISSING,B0
development,B1-rank12-q2-r0-K0,6d94925db9107eb619526d6987146a036344e8fb9af2ffd5c6dfe57fa2f8c48c,0.011339264083273048,0.002425623046237577,True,0.0017151745045969613,0.0002689153389350274,1.0,0.006302896022350471,0.007749155188012405,220610,145948,366558,14660120652.0,0.0,False,14660120652.0,6436391922.0,8477753424.0,7210195860.0,14289897072.0,28025925006.0,MISSING,B1
development,B2-rank3-q2-r4-K4,127236c66fd1401664dfc9aa26f9ae80b813a1c7a5b23c089cb3e68c3a7dbffc,0.011339264083273048,0.0024207792897476465,True,0.001711749451536515,0.00026838900843739744,1.0275373871668176,0.006306321075410917,0.007749681518510035,232675,154076,386751,4786805041.031248,24463698.763512187,True,4786805041.031248,1988975791.2187493,2571314023.5,2087984047.2187507,4333726244.531251,9132206331.375,MISSING,B2
development,B3-rank0-q8-r32-K4,9feb7b75a61651992917ebc41e6b410eb6c6942213237eb566c049cd884377a8,0.011339264083273048,0.00012828672563865807,True,9.071241363531324e-05,1.4812500512273452e-05,1.6005852772940825,0.007927358113312119,0.008003258026435159,357278,350534,707812,22645405341.125004,393647959.2965672,False,22645405341.125004,5188748580.75,7476419083.875003,3477037973.5,11398803520.125,43943645374.12501,MISSING,B3
development,B0-rank9-q2-r0-K0,830a01f9ea6cd9075c324a30b81b282e9a7e91bf8a90d5a2f3abeefc028dfdcd,0.011453062652301322,0.0024255322146783053,True,0.0017151102769854543,0.00026890492035402946,1.0,0.006383427989811195,0.00782963334644262,215079,142963,358042,11066362136.0,0.0,False,11066362136.0,5041589402.0,6393197952.0,5461572668.0,10971122964.0,21109798278.0,MISSING,B0
development,B1-rank12-q2-r0-K0,6d94925db9107eb619526d6987146a036344e8fb9af2ffd5c6dfe57fa2f8c48c,0.011453062652301322,0.002425623046237577,True,0.0017151745045969613,0.0002689153389350274,1.0,0.006383363762199688,0.007829622927861622,215083,142963,358046,14319691724.0,0.0,False,14319691724.0,6286929714.0,8280887888.0,7042764820.0,13958065264.0,27375123022.0,MISSING,B1
development,B2-rank3-q2-r4-K4,127236c66fd1401664dfc9aa26f9ae80b813a1c7a5b23c089cb3e68c3a7dbffc,0.011453062652301322,0.0024207792897476465,True,0.001711749451536515,0.00026838900843739744,1.0275373871668176,0.006386788815260135,0.007830149258359252,226849,150925,377774,4675696992.562498,23895864.100382548,True,4675696992.562498,1942809043.9374993,2511630439.0,2039519187.9375007,4233134751.562501,8920235796.75,MISSING,B2
development,B3-rank0-q8-r32-K4,9feb7b75a61651992917ebc41e6b410eb6c6942213237eb566c049cd884377a8,0.011453062652301322,0.00012828672563865807,True,9.071241363531324e-05,1.4812500512273452e-05,1.6005852772940825,0.008007825853161336,0.008083725766284376,350134,343590,693724,22194680472.875004,385812951.6242332,False,22194680472.875004,5085473855.25,7327611502.125003,3407832434.5,11171926405.875,43069009063.87501,MISSING,B3
development,B0-rank9-q2-r0-K0,830a01f9ea6cd9075c324a30b81b282e9a7e91bf8a90d5a2f3abeefc028dfdcd,0.011568003280833442,0.0024255322146783053,True,0.0017151102769854543,0.00026890492035402946,1.0,0.006464703287680102,0.007910908644311527,209705,140041,349746,10809949368.0,0.0,False,10809949368.0,4924773426.0,6245064576.0,5335025484.0,10716916932.0,20620674414.0,MISSING,B0
development,B1-rank12-q2-r0-K0,6d94925db9107eb619526d6987146a036344e8fb9af2ffd5c6dfe57fa2f8c48c,0.011568003280833442,0.002425623046237577,True,0.0017151745045969613,0.0002689153389350274,1.0,0.006464639060068595,0.00791089822573053,209709,140041,349750,13987901500.0,0.0,False,13987901500.0,6141260250.0,8089018000.0,6879582500.0,13634654000.0,26740835750.0,MISSING,B1
development,B2-rank3-q2-r4-K4,127236c66fd1401664dfc9aa26f9ae80b813a1c7a5b23c089cb3e68c3a7dbffc,0.011568003280833442,0.0024207792897476465,True,0.001711749451536515,0.00026838900843739744,1.0275373871668176,0.006468064113129042,0.00791142455622816,221183,147840,369023,4567386139.031248,23342324.929496128,True,4567386139.031248,1897804565.2187493,2453449415.5,1992274453.2187507,4135075694.531251,8713601715.375,MISSING,B2
development,B3-rank0-q8-r32-K4,9feb7b75a61651992917ebc41e6b410eb6c6942213237eb566c049cd884377a8,0.011568003280833442,0.00012828672563865807,True,9.071241363531324e-05,1.4812500512273452e-05,1.6005852772940825,0.008089101151030243,0.008165001064153283,343133,336783,679916,21752913793.375004,378133665.2855345,False,21752913793.375004,4984251722.25,7181761481.625003,3340002360.5,10949558490.375,42211756212.37501,MISSING,B3
development,B0-rank9-q2-r0-K0,830a01f9ea6cd9075c324a30b81b282e9a7e91bf8a90d5a2f3abeefc028dfdcd,0.011684097430348409,0.0024255322146783053,True,0.0017151102769854543,0.00026890492035402946,1.0,0.00654679424805822,0.007992999604689644,204479,137179,341658,10559965464.0,0.0,False,10559965464.0,4810886298.0,6100645248.0,5211651132.0,10469084436.0,20143814022.0,MISSING,B0
development,B1-rank12-q2-r0-K0,6d94925db9107eb619526d6987146a036344e8fb9af2ffd5c6dfe57fa2f8c48c,0.011684097430348409,0.002425623046237577,True,0.0017151745045969613,0.0002689153389350274,1.0,0.006546730020446713,0.007992989186108647,204483,137179,341662,13664430028.0,0.0,False,13664430028.0,5999243058.0,7901958736.0,6720491540.0,13319351408.0,26122451534.0,MISSING,B1
development,B2-rank3-q2-r4-K4,127236c66fd1401664dfc9aa26f9ae80b813a1c7a5b23c089cb3e68c3a7dbffc,0.011684097430348409,0.0024207792897476465,True,0.001711749451536515,0.00026838900843739744,1.0275373871668176,0.006550155073507159,0.007993515516606277,215674,144819,360493,4461810595.593748,22802764.97890063,True,4461810595.593748,1853936641.1562493,2396737710.5,1946222849.1562507,4039493046.093751,8512186024.125,MISSING,B2
development,B3-rank0-q8-r32-K4,9feb7b75a61651992917ebc41e6b410eb6c6942213237eb566c049cd884377a8,0.011684097430348409,0.00012828672563865807,True,9.071241363531324e-05,1.4812500512273452e-05,1.6005852772940825,0.00817119211140836,0.0082470920245314,336273,330112,666385,21320009322.031254,370608431.8376107,False,21320009322.031254,4885060189.6875,7038837334.218753,3273533014.375,10731651460.78125,41371700568.28126,MISSING,B3
development,B0-rank9-q2-r0-K0,830a01f9ea6cd9075c324a30b81b282e9a7e91bf8a90d5a2f3abeefc028dfdcd,0.011801356677350336,0.0024255322146783053,True,0.0017151102769854543,0.00026890492035402946,1.0,0.0066297090567701104,0.008075914413401535,199396,134376,333772,10316224976.0,0.0,False,10316224976.0,4699843532.0,5959832832.0,5091358088.0,10227441624.0,19678863348.0,MISSING,B0
development,B1-rank12-q2-r0-K0,6d94925db9107eb619526d6987146a036344e8fb9af2ffd5c6dfe57fa2f8c48c,0.011801356677350336,0.002425623046237577,True,0.0017151745045969613,0.0002689153389350274,1.0,0.006629644829158603,0.008075903994820537,199400,134377,333777,13349077338.0,0.0,False,13349077338.0,5860790343.0,7719594456.0,6565393590.0,13011962568.0,25519588089.0,MISSING,B1
development,B2-rank3-q2-r4-K4,127236c66fd1401664dfc9aa26f9ae80b813a1c7a5b23c089cb3e68c3a7dbffc,0.011801356677350336,0.0024207792897476465,True,0.001711749451536515,0.00026838900843739744,1.0275373871668176,0.00663306988221905,0.008076430325318167,210316,141861,352177,4358883723.468748,22276741.467862863,True,4358883723.468748,1811169272.2812493,2341448784.5,1901326584.2812507,3946308367.968751,8315823434.625,MISSING,B2
development,B3-rank0-q8-r32-K4,9feb7b75a61651992917ebc41e6b410eb6c6942213237eb566c049cd884377a8,0.011801356677350336,0.00012828672563865807,True,9.071241363531324e-05,1.4812500512273452e-05,1.6005852772940825,0.008254106920120251,0.008330006833243291,329551,323573,653124,20895743104.125004,363233358.2471209,False,20895743104.125004,4787847942.75,6898765120.875002,3208390009.5,10518092587.125,40548407545.12501,MISSING,B3
development,B0-rank9-q2-r0-K0,830a01f9ea6cd9075c324a30b81b282e9a7e91bf8a90d5a2f3abeefc028dfdcd,0.011919792714522783,0.0024255322146783053,True,0.0017151102769854543,0.00026890492035402946,1.0,0.00671345598179161,0.008159661338423035,194453,131632,326085,10078635180.0,0.0,False,10078635180.0,4591602885.0,5822573760.0,4974100590.0,9991896570.0,19225645515.0,MISSING,B0
development,B1-rank12-q2-r0-K0,6d94925db9107eb619526d6987146a036344e8fb9af2ffd5c6dfe57fa2f8c48c,0.011919792714522783,0.002425623046237577,True,0.0017151745045969613,0.0002689153389350274,1.0,0.006713391754180103,0.008159650919842037,194456,131633,326089,13041603466.0,0.0,False,13041603466.0,5725796751.0,7541786392.0,6414170630.0,12712253576.0,24931786673.0,MISSING,B1
development,B2-rank3-q2-r4-K4,127236c66fd1401664dfc9aa26f9ae80b813a1c7a5b23c089cb3e68c3a7dbffc,0.011919792714522783,0.0024207792897476465,True,0.001711749451536515,0.00026838900843739744,1.0275373871668176,0.006716816807240549,0.008160177250339667,205104,138964,344068,4258518883.8749986,21763811.61564963,True,4258518883.8749986,1769466459.1249995,2287536098.0,1857547867.1250007,3855443221.875001,8124348658.5,MISSING,B2
development,B3-rank0-q8-r32-K4,9feb7b75a61651992917ebc41e6b410eb6c6942213237eb566c049cd884377a8,0.011919792714522783,0.00012828672563865807,True,9.071241363531324e-05,1.4812500512273452e-05,1.6005852772940825,0.008337853845141751,0.00841375375826479,322964,317164,640128,20479955172.000004,356005663.77596444,False,20479955172.000004,4692578328.0,6761492028.000002,3144548784.0,10308801348.0,39741566724.00001,MISSING,B3
development,B0-rank9-q2-r0-K0,830a01f9ea6cd9075c324a30b81b282e9a7e91bf8a90d5a2f3abeefc028dfdcd,0.012039417351894737,0.0024255322146783053,True,0.0017151102769854543,0.00026890492035402946,1.0,0.006798043374074301,0.008244248730705726,189644,128945,318589,9846948812.0,0.0,False,9846948812.0,4486051709.0,5688725184.0,4859756606.0,9762204138.0,18783688851.0,MISSING,B0
development,B1-rank12-q2-r0-K0,6d94925db9107eb619526d6987146a036344e8fb9af2ffd5c6dfe57fa2f8c48c,0.012039417351894737,0.002425623046237577,True,0.0017151745045969613,0.0002689153389350274,1.0,0.006797979146462794,0.008244238312124728,189647,128945,318592,12741768448.0,0.0,False,12741768448.0,5594156928.0,7368395776.0,6266704640.0,12419990528.0,24358588544.0,MISSING,B1
development,B2-rank3-q2-r4-K4,127236c66fd1401664dfc9aa26f9ae80b813a1c7a5b23c089cb3e68c3a7dbffc,0.012039417351894737,0.0024207792897476465,True,0.001711749451536515,0.00026838900843739744,1.0275373871668176,0.00680140419952324,0.008244764642622358,200034,136127,336161,4160654191.9687486,21263659.150308646,True,4160654191.9687486,1728802487.7812495,2234966408.5,1814859703.7812507,3766841580.468751,7937643632.625,MISSING,B2
development,B3-rank0-q8-r32-K4,9feb7b75a61651992917ebc41e6b410eb6c6942213237eb566c049cd884377a8,0.012039417351894737,0.00012828672563865807,True,9.071241363531324e-05,1.4812500512273452e-05,1.6005852772940825,0.008422441237424442,0.008498341150547482,316510,310882,627392,20072485558.000004,348922567.68604076,False,20072485558.000004,4599214692.0,6626965242.000002,3081984776.0,10103697222.0,38950867686.00001,MISSING,B3
development,B0-rank9-q2-r0-K0,830a01f9ea6cd9075c324a30b81b282e9a7e91bf8a90d5a2f3abeefc028dfdcd,0.012160242518018245,0.0024255322146783053,True,0.0017151102769854543,0.00026890492035402946,1.0,0.006883479668378224,0.008329685025009649,184965,126313,311278,9620980424.0,0.0,False,9620980424.0,4383105518.0,5558179968.0,4748234612.0,9538180476.0,18352639602.0,MISSING,B0
development,B1-rank12-q2-r0-K0,6d94925db9107eb619526d6987146a036344e8fb9af2ffd5c6dfe57fa2f8c48c,0.012160242518018245,0.002425623046237577,True,0.0017151745045969613,0.0002689153389350274,1.0,0.006883415440766717,0.00832967460642865,184969,126314,311283,12449452302.0,0.0,False,12449452302.0,5465818197.0,7199353224.0,6122936610.0,12135056472.0,23799764331.0,MISSING,B1
development,B2-rank3-q2-r4-K4,127236c66fd1401664dfc9aa26f9ae80b813a1c7a5b23c089cb3e68c3a7dbffc,0.012160242518018245,0.0024207792897476465,True,0.001711749451536515,0.00026838900843739744,1.0275373871668176,0.006886840493827163,0.00833020093692628,195102,133349,328451,4065227762.906249,20775967.79988763,True,4065227762.906249,1689151644.3437495,2183706473.5,1773235100.3437505,3680447416.406251,7755590293.875,MISSING,B2
development,B3-rank0-q8-r32-K4,9feb7b75a61651992917ebc41e6b410eb6c6942213237eb566c049cd884377a8,0.012160242518018245,0.00012828672563865807,True,9.071241363531324e-05,1.4812500512273452e-05,1.6005852772940825,0.008507877531728365,0.008583777444851405,310185,304724,614909,19673110307.406254,341980176.9440089,False,19673110307.406254,4507705719.9375,6495110823.843752,3020663598.875,9902667479.15625,38175875844.65626,MISSING,B3
development,B0-rank9-q2-r0-K0,830a01f9ea6cd9075c324a30b81b282e9a7e91bf8a90d5a2f3abeefc028dfdcd,0.012282280261157904,0.0024255322146783053,True,0.0017151102769854543,0.00026890492035402946,1.0,0.0069697733841129796,0.008415978740744404,180413,123736,304149,9400637292.0,0.0,False,9400637292.0,4282722069.0,5430884544.0,4639488846.0,9319733658.0,17932320891.0,MISSING,B0
development,B1-rank12-q2-r0-K0,6d94925db9107eb619526d6987146a036344e8fb9af2ffd5c6dfe57fa2f8c48c,0.012282280261157904,0.002425623046237577,True,0.0017151745045969613,0.0002689153389350274,1.0,0.0069697091565014725,0.008415968322163406,180417,123737,304154,12164335076.0,0.0,False,12164335076.0,5340640086.0,7034473712.0,5982709180.0,11857139536.0,23254702378.0,MISSING,B1
development,B2-rank3-q2-r4-K4,127236c66fd1401664dfc9aa26f9ae80b813a1c7a5b23c089cb3e68c3a7dbffc,0.012282280261157904,0.0024207792897476465,True,0.001711749451536515,0.00026838900843739744,1.0275373871668176,0.006973134209561919,0.008416494652661036,190303,130629,320932,3972165334.874999,20300358.038043838,True,3972165334.874999,1650483072.1249995,2133716402.0,1732641664.1250005,3596193496.8750005,7578046966.5,MISSING,B2
development,B3-rank0-q8-r32-K4,9feb7b75a61651992917ebc41e6b410eb6c6942213237eb566c049cd884377a8,0.012282280261157904,0.00012828672563865807,True,9.071241363531324e-05,1.4812500512273452e-05,1.6005852772940825,0.00859417124746312,0.00867007116058616,303987,298688,602675,19281701446.093754,335176266.9593884,False,19281701446.093754,4418022089.0625,6365886522.656252,2960565603.125,9705647702.34375,37416342864.84376,MISSING,B3
development,B0-rank9-q2-r0-K0,830a01f9ea6cd9075c324a30b81b282e9a7e91bf8a90d5a2f3abeefc028dfdcd,0.01240554275049227,0.0024255322146783053,True,0.0017151102769854543,0.00026890492035402946,1.0,0.0070569331261872426,0.008503138482818667,175984,121213,297197,9185764876.0,0.0,False,9185764876.0,4184830957.0,5306749632.0,4533443038.0,9106710474.0,17522437923.0,MISSING,B0
development,B1-rank12-q2-r0-K0,6d94925db9107eb619526d6987146a036344e8fb9af2ffd5c6dfe57fa2f8c48c,0.01240554275049227,0.002425623046237577,True,0.0017151745045969613,0.0002689153389350274,1.0,0.0070568688985757355,0.00850312806423767,175988,121213,297201,11886256794.0,0.0,False,11886256794.0,5218552359.0,6873664728.0,5845943670.0,11586083784.0,22723096857.0,MISSING,B1
development,B2-rank3-q2-r4-K4,127236c66fd1401664dfc9aa26f9ae80b813a1c7a5b23c089cb3e68c3a7dbffc,0.01240554275049227,0.0024207792897476465,True,0.001711749451536515,0.00026838900843739744,1.0275373871668176,0.007060293951636182,0.0085036543947353,185633,127965,313598,3881392646.062499,19836450.338434532,True,3881392646.062499,1612765914.4374995,2084956303.0,1693047002.4375005,3514012589.0625005,7404871974.75,MISSING,B2
development,B3-rank0-q8-r32-K4,9feb7b75a61651992917ebc41e6b410eb6c6942213237eb566c049cd884377a8,0.01240554275049227,0.00012828672563865807,True,9.071241363531324e-05,1.4812500512273452e-05,1.6005852772940825,0.008681330989537384,0.008757230902660423,297914,292772,590686,18898130999.937504,328508613.1416988,False,18898130999.937504,4330134476.625,6239250087.562502,2901671139.25,9512573474.4375,36672020411.43751,MISSING,B3
development,B0-rank9-q2-r0-K0,830a01f9ea6cd9075c324a30b81b282e9a7e91bf8a90d5a2f3abeefc028dfdcd,0.012530042277327312,0.0024255322146783053,True,0.0017151102769854543,0.00026890492035402946,1.0,0.007144967585866819,0.008591172942498244,171674,118741,290415,8976146820.0,0.0,False,8976146820.0,4089333615.0,5185650240.0,4429990410.0,8898896430.0,17122577985.0,MISSING,B0
development,B1-rank12-q2-r0-K0,6d94925db9107eb619526d6987146a036344e8fb9af2ffd5c6dfe57fa2f8c48c,0.012530042277327312,0.002425623046237577,True,0.0017151745045969613,0.0002689153389350274,1.0,0.007144903358255312,0.008591162523917246,171678,118742,290420,11615057480.0,0.0,False,11615057480.0,5099484780.0,6716833760.0,5712561400.0,11321733280.0,22204641940.0,MISSING,B1
development,B2-rank3-q2-r4-K4,127236c66fd1401664dfc9aa26f9ae80b813a1c7a5b23c089cb3e68c3a7dbffc,0.012530042277327312,0.0024207792897476465,True,0.001711749451536515,0.00026838900843739744,1.0275373871668176,0.007148328411315758,0.008591688854414876,181089,125356,306445,3792860188.593749,19383991.683497887,True,3792860188.593749,1575979600.1562495,2037399582.5,1654429520.1562505,3433859871.0937505,7235970868.125,MISSING,B2
development,B3-rank0-q8-r32-K4,9feb7b75a61651992917ebc41e6b410eb6c6942213237eb566c049cd884377a8,0.012530042277327312,0.00012828672563865807,True,9.071241363531324e-05,1.4812500512273452e-05,1.6005852772940825,0.00876936544921696,0.00884526536234,291962,286973,578935,18522175014.218754,321973322.4575991,False,18522175014.218754,4243991567.8125,6115127579.531252,2843945820.625,9323332065.46875,35942473897.96876,MISSING,B3
development,B0-rank9-q2-r0-K0,830a01f9ea6cd9075c324a30b81b282e9a7e91bf8a90d5a2f3abeefc028dfdcd,0.01265579125632208,0.0024255322146783053,True,0.0017151102769854543,0.00026890492035402946,1.0,0.007233885541641304,0.008680090898272728,167480,116321,283801,8771721308.0,0.0,False,8771721308.0,3996201881.0,5067550656.0,4329100454.0,8696230242.0,16732623159.0,MISSING,B0
development,B1-rank12-q2-r0-K0,6d94925db9107eb619526d6987146a036344e8fb9af2ffd5c6dfe57fa2f8c48c,0.01265579125632208,0.002425623046237577,True,0.0017151745045969613,0.0002689153389350274,1.0,0.007233821314029797,0.00868008047969173,167483,116321,283804,11350457176.0,0.0,False,11350457176.0,4983314436.0,6563818912.0,5582424680.0,11063815136.0,21698802428.0,MISSING,B1
development,B2-rank3-q2-r4-K4,127236c66fd1401664dfc9aa26f9ae80b813a1c7a5b23c089cb3e68c3a7dbffc,0.01265579125632208,0.0024207792897476465,True,0.001711749451536515,0.00026838900843739744,1.0275373871668176,0.007237246367090243,0.00868060681018936,176667,122801,299468,3706506077.624999,18942665.801281616,True,3706506077.624999,1540098415.3749995,1991012998.0,1616762223.3750005,3355679315.6250005,7071225583.5,MISSING,B2
development,B3-rank0-q8-r32-K4,9feb7b75a61651992917ebc41e6b410eb6c6942213237eb566c049cd884377a8,0.01265579125632208,0.00012828672563865807,True,9.071241363531324e-05,1.4812500512273452e-05,1.6005852772940825,0.008858283404991445,0.008934183318114484,286131,281290,567421,18153801495.406254,315569838.7594692,False,18153801495.406254,4159586031.9375,5993508435.843752,2787384734.875,9137907371.15625,35227641240.65626,MISSING,B3
development,B0-rank9-q2-r0-K0,830a01f9ea6cd9075c324a30b81b282e9a7e91bf8a90d5a2f3abeefc028dfdcd,0.012782802226726633,0.0024255322146783053,True,0.0017151102769854543,0.00026890492035402946,1.0,0.007323695860099446,0.008769901216730871,163398,113951,277349,8572302892.0,0.0,False,8572302892.0,3905351269.0,4952343744.0,4230681646.0,8498528058.0,16352219691.0,MISSING,B0
development,B1-rank12-q2-r0-K0,6d94925db9107eb619526d6987146a036344e8fb9af2ffd5c6dfe57fa2f8c48c,0.012782802226726633,0.002425623046237577,True,0.0017151745045969613,0.0002689153389350274,1.0,0.007323631632487939,0.008769890798149873,163400,113951,277351,11092375894.0,0.0,False,11092375894.0,4870006209.0,6414573928.0,5455494170.0,10812251384.0,21205425407.0,MISSING,B1
development,B2-rank3-q2-r4-K4,127236c66fd1401664dfc9aa26f9ae80b813a1c7a5b23c089cb3e68c3a7dbffc,0.012782802226726633,0.0024207792897476465,True,0.001711749451536515,0.00026838900843739744,1.0275373871668176,0.007327056685548386,0.008770417128647503,172362,120299,292661,3622256051.343749,18512093.165442985,True,3622256051.343749,1505091503.4062495,1945756658.5,1580012719.4062505,3279403689.8437505,6910494445.125,MISSING,B2
development,B3-rank0-q8-r32-K4,9feb7b75a61651992917ebc41e6b410eb6c6942213237eb566c049cd884377a8,0.012782802226726633,0.00012828672563865807,True,9.071241363531324e-05,1.4812500512273452e-05,1.6005852772940825,0.008948093723449587,0.009023993636572627,280416,275718,556134,17792690508.187504,309292600.571108,False,17792690508.187504,4076844562.125,5874287029.312502,2731938758.25,8956138348.6875,34526901601.68751,MISSING,B3
development,B0-rank9-q2-r0-K0,830a01f9ea6cd9075c324a30b81b282e9a7e91bf8a90d5a2f3abeefc028dfdcd,0.012911087853632416,0.0024255322146783053,True,0.0017151102769854543,0.00026890492035402946,1.0,0.007414407496813293,0.008860612853444718,159424,111630,271054,8377737032.0,0.0,False,8377737032.0,3816711374.0,4839940224.0,4134657716.0,8305636668.0,15981072786.0,MISSING,B0
development,B1-rank12-q2-r0-K0,6d94925db9107eb619526d6987146a036344e8fb9af2ffd5c6dfe57fa2f8c48c,0.012911087853632416,0.002425623046237577,True,0.0017151745045969613,0.0002689153389350274,1.0,0.007414343269201786,0.00886060243486372,159427,111630,271057,10840653658.0,0.0,False,10840653658.0,4759489863.0,6269006296.0,5331691190.0,10566886088.0,20724205049.0,MISSING,B1
development,B2-rank3-q2-r4-K4,127236c66fd1401664dfc9aa26f9ae80b813a1c7a5b23c089cb3e68c3a7dbffc,0.012911087853632416,0.0024207792897476465,True,0.001711749451536515,0.00026838900843739744,1.0275373871668176,0.0074177683222622325,0.00886112876536135,168173,117848,286021,3540072978.843749,18092084.012810618,True,3540072978.843749,1470943435.9062495,1901610618.5,1544164811.9062505,3204999377.3437505,6753706615.125,MISSING,B2
development,B3-rank0-q8-r32-K4,9feb7b75a61651992917ebc41e6b410eb6c6942213237eb566c049cd884377a8,0.012911087853632416,0.00012828672563865807,True,9.071241363531324e-05,1.4812500512273452e-05,1.6005852772940825,0.009038805360163434,0.009114705273286474,274816,270258,545074,17438842052.562504,303141607.8925153,False,17438842052.562504,3995767158.375,5757463359.937502,2677607890.75,8778024998.0625,33840254981.062504,MISSING,B3
development,B0-rank9-q2-r0-K0,830a01f9ea6cd9075c324a30b81b282e9a7e91bf8a90d5a2f3abeefc028dfdcd,0.013040660929235186,0.0024255322146783053,True,0.0017151102769854543,0.00026890492035402946,1.0,0.00750602949723121,0.008952234853862635,155556,109356,264912,8187900096.0,0.0,False,8187900096.0,3730225872.0,4730268672.0,4040967648.0,8117433504.0,15618946608.0,MISSING,B0
development,B1-rank12-q2-r0-K0,6d94925db9107eb619526d6987146a036344e8fb9af2ffd5c6dfe57fa2f8c48c,0.013040660929235186,0.002425623046237577,True,0.0017151745045969613,0.0002689153389350274,1.0,0.007505965269619703,0.008952224435281637,155558,109357,264915,10595010510.0,0.0,False,10595010510.0,4651642485.0,6126954120.0,5210878050.0,10327446360.0,20254606155.0,MISSING,B1
development,B2-rank3-q2-r4-K4,127236c66fd1401664dfc9aa26f9ae80b813a1c7a5b23c089cb3e68c3a7dbffc,0.013040660929235186,0.0024207792897476465,True,0.001711749451536515,0.00026838900843739744,1.0275373871668176,0.007509390322680149,0.008952750765779267,164094,115449,279543,3459894975.281249,17682322.071432233,True,3459894975.281249,1437628498.9687495,1858541635.5,1509191506.9687505,3132410350.7812505,6600744030.375,MISSING,B2
development,B3-rank0-q8-r32-K4,9feb7b75a61651992917ebc41e6b410eb6c6942213237eb566c049cd884377a8,0.013040660929235186,0.00012828672563865807,True,9.071241363531324e-05,1.4812500512273452e-05,1.6005852772940825,0.009130427360581351,0.009206327273704391,269328,264905,534233,17092000180.281254,297112411.5427302,False,17092000180.281254,3916295175.1875,5642952925.968752,2624352833.375,8603438485.03125,33167204708.531254,MISSING,B3
development,B0-rank9-q2-r0-K0,830a01f9ea6cd9075c324a30b81b282e9a7e91bf8a90d5a2f3abeefc028dfdcd,0.01317153437411059,0.0024255322146783053,True,0.0017151102769854543,0.00026890492035402946,1.0,0.007598570997579851,0.009044776354211276,151790,107130,258920,8002699360.0,0.0,False,8002699360.0,3645852520.0,4623275520.0,3949565680.0,7933826640.0,15265664280.0,MISSING,B0
development,B1-rank12-q2-r0-K0,6d94925db9107eb619526d6987146a036344e8fb9af2ffd5c6dfe57fa2f8c48c,0.01317153437411059,0.002425623046237577,True,0.0017151745045969613,0.0002689153389350274,1.0,0.007598506769968344,0.009044765935630278,151792,107130,258922,10355326468.0,0.0,False,10355326468.0,4546411398.0,5988348016.0,5092995740.0,10093815248.0,19796399354.0,MISSING,B1
development,B2-rank3-q2-r4-K4,127236c66fd1401664dfc9aa26f9ae80b813a1c7a5b23c089cb3e68c3a7dbffc,0.01317153437411059,0.0024207792897476465,True,0.001711749451536515,0.00026838900843739744,1.0275373871668176,0.00760193182302879,0.009045292266127908,160123,113099,273222,3381660155.812499,17282491.069355544,True,3381660155.812499,1405120978.6874995,1816516467.0,1475065810.6875005,3061580582.8125005,6451488627.75,MISSING,B2
development,B3-rank0-q8-r32-K4,9feb7b75a61651992917ebc41e6b410eb6c6942213237eb566c049cd884377a8,0.01317153437411059,0.00012828672563865807,True,9.071241363531324e-05,1.4812500512273452e-05,1.6005852772940825,0.009222968860929992,0.009298868774053032,263950,259659,523609,16752100904.281254,291203899.22651243,False,16752100904.281254,3838413951.1875,5530734601.968752,2572163761.375,8432346601.03125,32507626616.531254,MISSING,B3
development,B0-rank9-q2-r0-K0,830a01f9ea6cd9075c324a30b81b282e9a7e91bf8a90d5a2f3abeefc028dfdcd,0.013303721238502573,0.0024255322146783053,True,0.0017151102769854543,0.00026890492035402946,1.0,0.0076920412257752094,0.009138246582406634,148123,104950,253073,7821980284.0,0.0,False,7821980284.0,3563520913.0,4518871488.0,3860375542.0,7754662866.0,14920931007.0,MISSING,B0
development,B1-rank12-q2-r0-K0,6d94925db9107eb619526d6987146a036344e8fb9af2ffd5c6dfe57fa2f8c48c,0.013303721238502573,0.002425623046237577,True,0.0017151745045969613,0.0002689153389350274,1.0,0.007691976998163702,0.009138236163825636,148126,104950,253076,10121521544.0,0.0,False,10121521544.0,4443761484.0,5853141728.0,4978004920.0,9865914784.0,19349431732.0,MISSING,B1
development,B2-rank3-q2-r4-K4,127236c66fd1401664dfc9aa26f9ae80b813a1c7a5b23c089cb3e68c3a7dbffc,0.013303721238502573,0.0024207792897476465,True,0.001711749451536515,0.00026838900843739744,1.0275373871668176,0.007695402051224149,0.009138762494323266,156257,110797,267054,3305319012.562499,16892337.989018727,True,3305319012.562499,1373400303.9374995,1775508519.0,1441766127.9375005,2992465251.5625005,6305845956.75,MISSING,B2
development,B3-rank0-q8-r32-K4,9feb7b75a61651992917ebc41e6b410eb6c6942213237eb566c049cd884377a8,0.013303721238502573,0.00012828672563865807,True,9.071241363531324e-05,1.4812500512273452e-05,1.6005852772940825,0.00931643908912535,0.00939233900224839,258680,254517,513197,16418984256.906254,285413290.2057614,False,16418984256.906254,3762086832.9375,5420755574.343752,2521016112.875,8264668824.65625,31861210286.156254,MISSING,B3
development,B0-rank9-q2-r0-K0,830a01f9ea6cd9075c324a30b81b282e9a7e91bf8a90d5a2f3abeefc028dfdcd,0.013437234703624701,0.0024255322146783053,True,0.0017151102769854543,0.00026890492035402946,1.0,0.007786449502342779,0.009232654858974204,144553,102814,247367,7645619236.0,0.0,False,7645619236.0,3483174727.0,4416985152.0,3773336218.0,7579819614.0,14584510953.0,MISSING,B0
development,B1-rank12-q2-r0-K0,6d94925db9107eb619526d6987146a036344e8fb9af2ffd5c6dfe57fa2f8c48c,0.013437234703624701,0.002425623046237577,True,0.0017151745045969613,0.0002689153389350274,1.0,0.007786385274731272,0.009232644440393206,144556,102815,247371,9893355774.0,0.0,False,9893355774.0,4343587389.0,5721196488.0,4865787570.0,9643511064.0,18913244547.0,MISSING,B1
development,B2-rank3-q2-r4-K4,127236c66fd1401664dfc9aa26f9ae80b813a1c7a5b23c089cb3e68c3a7dbffc,0.013437234703624701,0.0024207792897476465,True,0.001711749451536515,0.00026838900843739744,1.0275373871668176,0.0077898103277917186,0.009233170770890836,152492,108543,261035,3230822037.656249,16511609.81285996,True,3230822037.656249,1342445903.5937495,1735491197.5,1409270863.5937505,2925019535.1562505,6163721566.875,MISSING,B2
development,B3-rank0-q8-r32-K4,9feb7b75a61651992917ebc41e6b410eb6c6942213237eb566c049cd884377a8,0.013437234703624701,0.00012828672563865807,True,9.071241363531324e-05,1.4812500512273452e-05,1.6005852772940825,0.00941084736569292,0.00948674727881596,253516,249476,502992,16092490270.500004,279737803.7423764,False,16092490270.500004,3687277167.0,5312963029.500002,2470885326.0,8100324634.5,31227645298.500004,MISSING,B3
development,B0-rank9-q2-r0-K0,830a01f9ea6cd9075c324a30b81b282e9a7e91bf8a90d5a2f3abeefc028dfdcd,0.013572088082974531,0.0024255322146783053,True,0.0017151102769854543,0.00026890492035402946,1.0,0.007881805241346965,0.00932801059797839,141077,100723,241800,7473554400.0,0.0,False,7473554400.0,3404785800.0,4317580800.0,3688417200.0,7409235600.0,14256286200.0,MISSING,B0
development,B1-rank12-q2-r0-K0,6d94925db9107eb619526d6987146a036344e8fb9af2ffd5c6dfe57fa2f8c48c,0.013572088082974531,0.002425623046237577,True,0.0017151745045969613,0.0002689153389350274,1.0,0.007881741013735458,0.009328000179397392,141079,100723,241802,9670629188.0,0.0,False,9670629188.0,4245801318.0,5592396656.0,4756245340.0,9426409168.0,18487455514.0,MISSING,B1
development,B2-rank3-q2-r4-K4,127236c66fd1401664dfc9aa26f9ae80b813a1c7a5b23c089cb3e68c3a7dbffc,0.013572088082974531,0.0024207792897476465,True,0.001711749451536515,0.00026838900843739744,1.0275373871668176,0.007885166066795905,0.009328526509895022,148826,106335,255161,3158119723.218749,16140053.523317412,True,3158119723.218749,1312237206.5312495,1696437908.5,1377558422.5312505,2859198611.7187505,6025021007.625,MISSING,B2
development,B3-rank0-q8-r32-K4,9feb7b75a61651992917ebc41e6b410eb6c6942213237eb566c049cd884377a8,0.013572088082974531,0.00012828672563865807,True,9.071241363531324e-05,1.4812500512273452e-05,1.6005852772940825,0.009506203104697106,0.009582103017820146,248456,244535,492991,15772522964.468754,274175771.39349705,False,15772522964.468754,3613962961.3125,5207325279.281252,2421756663.625,7939265717.71875,30606745402.218754,MISSING,B3
development,B0-rank9-q2-r0-K0,830a01f9ea6cd9075c324a30b81b282e9a7e91bf8a90d5a2f3abeefc028dfdcd,0.013708294823661217,0.0024255322146783053,True,0.0017151102769854543,0.00026890492035402946,1.0,0.00797811795132984,0.009424323307961264,137691,98675,236366,7305600328.0,0.0,False,7305600328.0,3328269646.0,4220551296.0,3605526964.0,7242726972.0,13935902994.0,MISSING,B0
development,B1-rank12-q2-r0-K0,6d94925db9107eb619526d6987146a036344e8fb9af2ffd5c6dfe57fa2f8c48c,0.013708294823661217,0.002425623046237577,True,0.0017151745045969613,0.0002689153389350274,1.0,0.007978053723718332,0.009424312889380266,137693,98675,236368,9453301792.0,0.0,False,9453301792.0,4150385712.0,5466719104.0,4649358560.0,9214570112.0,18071988176.0,MISSING,B1
development,B2-rank3-q2-r4-K4,127236c66fd1401664dfc9aa26f9ae80b813a1c7a5b23c089cb3e68c3a7dbffc,0.013708294823661217,0.0024207792897476465,True,0.001711749451536515,0.00026838900843739744,1.0275373871668176,0.007981478776778779,0.009424839219877896,145256,104173,249429,3087174938.343749,15777479.357219711,True,3087174938.343749,1282758784.4062495,1658328706.5,1346612608.4062505,2794968864.8437505,5889673441.125,MISSING,B2
development,B3-rank0-q8-r32-K4,9feb7b75a61651992917ebc41e6b410eb6c6942213237eb566c049cd884377a8,0.013708294823661217,0.00012828672563865807,True,9.071241363531324e-05,1.4812500512273452e-05,1.6005852772940825,0.00960251581467998,0.00967841572780302,243497,239693,483190,15458954364.687504,268724968.5686429,False,15458954364.687504,3542114893.125,5103800072.812502,2373610476.25,7781427657.1875,29998262262.187504,MISSING,B3
development,B0-rank9-q2-r0-K0,830a01f9ea6cd9075c324a30b81b282e9a7e91bf8a90d5a2f3abeefc028dfdcd,0.01384586850774637,0.0024255322146783053,True,0.0017151102769854543,0.00026890492035402946,1.0,0.008075397236259267,0.009521602592890692,134394,96669,231063,7141695204.0,0.0,False,7141695204.0,3253598103.0,4125860928.0,3524635002.0,7080232446.0,13623243417.0,MISSING,B0
development,B1-rank12-q2-r0-K0,6d94925db9107eb619526d6987146a036344e8fb9af2ffd5c6dfe57fa2f8c48c,0.01384586850774637,0.002425623046237577,True,0.0017151745045969613,0.0002689153389350274,1.0,0.00807533300864776,0.009521592174309694,134396,96669,231065,9241213610.0,0.0,False,9241213610.0,4057270335.0,5344071320.0,4545048550.0,9007837960.0,17666536705.0,MISSING,B1
development,B2-rank3-q2-r4-K4,127236c66fd1401664dfc9aa26f9ae80b813a1c7a5b23c089cb3e68c3a7dbffc,0.01384586850774637,0.0024207792897476465,True,0.001711749451536515,0.00026838900843739744,1.0275373871668176,0.008078758061708206,0.009522118504807324,141779,102055,243834,3017925798.187499,15423571.042614575,True,3017925798.187499,1253984923.3124995,1621130349.0,1316406427.3125005,2732274267.1875005,5757560804.25,MISSING,B2
development,B3-rank0-q8-r32-K4,9feb7b75a61651992917ebc41e6b410eb6c6942213237eb566c049cd884377a8,0.01384586850774637,0.00012828672563865807,True,9.071241363531324e-05,1.4812500512273452e-05,1.6005852772940825,0.009699795099609408,0.009775695012732448,238637,234946,473583,15151592509.968754,263382058.38209322,False,15151592509.968754,3471688978.3125,5002324033.781252,2326417289.625,7626713827.21875,29401823375.718754,MISSING,B3
development,B0-rank9-q2-r0-K0,830a01f9ea6cd9075c324a30b81b282e9a7e91bf8a90d5a2f3abeefc028dfdcd,0.01398482285359845,0.0024255322146783053,True,0.0017151102769854543,0.00026890492035402946,1.0,0.008173652796486613,0.009619858153118038,131182,94704,225886,6981684488.0,0.0,False,6981684488.0,3180700766.0,4033420416.0,3445665044.0,6921598812.0,13318012674.0,MISSING,B0
development,B1-rank12-q2-r0-K0,6d94925db9107eb619526d6987146a036344e8fb9af2ffd5c6dfe57fa2f8c48c,0.01398482285359845,0.002425623046237577,True,0.0017151745045969613,0.0002689153389350274,1.0,0.008173588568875106,0.00961984773453704,131184,94705,225889,9034204666.0,0.0,False,9034204666.0,3966384951.0,5224360792.0,4443236630.0,8806056776.0,17270795273.0,MISSING,B1
development,B2-rank3-q2-r4-K4,127236c66fd1401664dfc9aa26f9ae80b813a1c7a5b23c089cb3e68c3a7dbffc,0.01398482285359845,0.0024207792897476465,True,0.001711749451536515,0.00026838900843739744,1.0275373871668176,0.008177013621935552,0.00962037406503467,138392,99981,238373,2950335171.843749,15078138.816330636,True,2950335171.843749,1225900194.9062495,1584822890.5,1286923682.9062505,2671081202.3437505,5628612259.125,MISSING,B2
development,B3-rank0-q8-r32-K4,9feb7b75a61651992917ebc41e6b410eb6c6942213237eb566c049cd884377a8,0.01398482285359845,0.00012828672563865807,True,9.071241363531324e-05,1.4812500512273452e-05,1.6005852772940825,0.009798050659836754,0.009873950572959794,233875,230294,464169,14850405406.781254,258146484.68622783,False,14850405406.781254,3402677886.1875,4902886599.468752,2280172191.375,7475108123.53125,28817366659.031254,MISSING,B3
development,B0-rank9-q2-r0-K0,830a01f9ea6cd9075c324a30b81b282e9a7e91bf8a90d5a2f3abeefc028dfdcd,0.014125171717260689,0.0024255322146783053,True,0.0017151102769854543,0.00026890492035402946,1.0,0.008272894429714009,0.009719099786345433,128054,92780,220834,6825537272.0,0.0,False,6825537272.0,3109563554.0,3943211904.0,3368601836.0,6766795428.0,13020151806.0,MISSING,B0
development,B1-rank12-q2-r0-K0,6d94925db9107eb619526d6987146a036344e8fb9af2ffd5c6dfe57fa2f8c48c,0.014125171717260689,0.002425623046237577,True,0.0017151745045969613,0.0002689153389350274,1.0,0.008272830202102502,0.009719089367764435,128056,92780,220836,8832114984.0,0.0,False,8832114984.0,3877659324.0,5107495008.0,4343844120.0,8609070624.0,16884458052.0,MISSING,B1
development,B2-rank3-q2-r4-K4,127236c66fd1401664dfc9aa26f9ae80b813a1c7a5b23c089cb3e68c3a7dbffc,0.014125171717260689,0.0024207792897476465,True,0.001711749451536515,0.00026838900843739744,1.0275373871668176,0.008276255255162948,0.009719615698262065,135093,97950,233043,2884365928.406249,14740992.915196521,True,2884365928.406249,1198489170.8437495,1549386385.5,1258148178.8437505,2611356053.9062505,5502756967.875,MISSING,B2
development,B3-rank0-q8-r32-K4,9feb7b75a61651992917ebc41e6b410eb6c6942213237eb566c049cd884377a8,0.014125171717260689,0.00012828672563865807,True,9.071241363531324e-05,1.4812500512273452e-05,1.6005852772940825,0.00989729229306415,0.00997319220618719,229209,225733,454942,14555201093.937504,253014910.59532595,False,14555201093.937504,3335037632.625,4805424393.562502,2234845707.25,7326513920.4375,28244519609.437504,MISSING,B3
development,B0-rank9-q2-r0-K0,830a01f9ea6cd9075c324a30b81b282e9a7e91bf8a90d5a2f3abeefc028dfdcd,0.01426692909383278,0.0024255322146783053,True,0.0017151102769854543,0.00026890492035402946,1.0,0.00837313203197135,0.009819337388602774,125006,90896,215902,6673099016.0,0.0,False,6673099016.0,3040116062.0,3855146112.0,3293369108.0,6615669084.0,12729366018.0,MISSING,B0
development,B1-rank12-q2-r0-K0,6d94925db9107eb619526d6987146a036344e8fb9af2ffd5c6dfe57fa2f8c48c,0.01426692909383278,0.002425623046237577,True,0.0017151745045969613,0.0002689153389350274,1.0,0.008373067804359842,0.009819326970021776,125008,90896,215904,8634864576.0,0.0,False,8634864576.0,3791058336.0,4993427712.0,4246831680.0,8416801536.0,16507372128.0,MISSING,B1
development,B2-rank3-q2-r4-K4,127236c66fd1401664dfc9aa26f9ae80b813a1c7a5b23c089cb3e68c3a7dbffc,0.01426692909383278,0.0024207792897476465,True,0.001711749451536515,0.00026838900843739744,1.0275373871668176,0.008376492857420289,0.009819853300519406,131880,95961,227841,2819980936.968749,14411943.576040862,True,2819980936.968749,1171736422.7812495,1514800888.5,1230063718.7812505,2553065205.4687505,5379924092.625,MISSING,B2
development,B3-rank0-q8-r32-K4,9feb7b75a61651992917ebc41e6b410eb6c6942213237eb566c049cd884377a8,0.01426692909383278,0.00012828672563865807,True,9.071241363531324e-05,1.4812500512273452e-05,1.6005852772940825,0.00999752989532149,0.01007342980844453,224635,221263,445898,14265851597.312504,247985111.51890716,False,14265851597.312504,3268738894.875,4709895165.187502,2190418187.75,7180866800.8125,27683033891.812504,MISSING,B3
development,B0-rank9-q2-r0-K0,830a01f9ea6cd9075c324a30b81b282e9a7e91bf8a90d5a2f3abeefc028dfdcd,0.014410109118866412,0.0024255322146783053,True,0.0017151102769854543,0.00026890492035402946,1.0,0.00847437559860309,0.009920580955234515,122037,89050,211087,6524276996.0,0.0,False,6524276996.0,2972316047.0,3769169472.0,3219921098.0,6468127854.0,12445478433.0,MISSING,B0
development,B1-rank12-q2-r0-K0,6d94925db9107eb619526d6987146a036344e8fb9af2ffd5c6dfe57fa2f8c48c,0.014410109118866412,0.002425623046237577,True,0.0017151745045969613,0.0002689153389350274,1.0,0.008474311370991583,0.009920570536653517,122039,89050,211089,8442293466.0,0.0,False,8442293466.0,3706511751.0,4882066392.0,4152120630.0,8229093576.0,16139231673.0,MISSING,B1
development,B2-rank3-q2-r4-K4,127236c66fd1401664dfc9aa26f9ae80b813a1c7a5b23c089cb3e68c3a7dbffc,0.014410109118866412,0.0024207792897476465,True,0.001711749451536515,0.00026838900843739744,1.0275373871668176,0.00847773642405203,0.009921096867151147,128748,94012,222760,2757093558.749999,14090548.01813046,True,2757093558.749999,1145605951.2499995,1481019860.0,1202632511.2500005,2496130218.7500005,5259948345.0,MISSING,B2
development,B3-rank0-q8-r32-K4,9feb7b75a61651992917ebc41e6b410eb6c6942213237eb566c049cd884377a8,0.014410109118866412,0.00012828672563865807,True,9.071241363531324e-05,1.4812500512273452e-05,1.6005852772940825,0.010098773461953231,0.01017467337507627,220154,216882,437036,13982324923.375004,243056531.30935127,False,13982324923.375004,3203774342.25,4616288351.625002,2146884720.5,7038150660.375,27132847422.375004,MISSING,B3
development,B0-rank9-q2-r0-K0,830a01f9ea6cd9075c324a30b81b282e9a7e91bf8a90d5a2f3abeefc028dfdcd,0.01455472606977483,0.0024255322146783053,True,0.0017151102769854543,0.00026890492035402946,1.0,0.008576635225264955,0.01002284058189638,119144,87242,206386,6378978488.0,0.0,False,6378978488.0,2906121266.0,3685228416.0,3148212044.0,6324079812.0,12168312174.0,MISSING,B0
development,B1-rank12-q2-r0-K0,6d94925db9107eb619526d6987146a036344e8fb9af2ffd5c6dfe57fa2f8c48c,0.01455472606977483,0.002425623046237577,True,0.0017151745045969613,0.0002689153389350274,1.0,0.008576570997653448,0.010022830163315382,119146,87242,206388,8254281672.0,0.0,False,8254281672.0,3623966892.0,4773341664.0,4059651960.0,8045829792.0,15779807316.0,MISSING,B1
development,B2-rank3-q2-r4-K4,127236c66fd1401664dfc9aa26f9ae80b813a1c7a5b23c089cb3e68c3a7dbffc,0.01455472606977483,0.0024207792897476465,True,0.001711749451536515,0.00026838900843739744,1.0275373871668176,0.008579996050713894,0.010023356493813012,125698,92104,217802,2695728547.687499,13776932.750246232,True,2695728547.687499,1120108041.8124995,1448056597.0,1175865353.8125005,2440573504.6875005,5142876950.25,MISSING,B2
development,B3-rank0-q8-r32-K4,9feb7b75a61651992917ebc41e6b410eb6c6942213237eb566c049cd884377a8,0.01455472606977483,0.00012828672563865807,True,9.071241363531324e-05,1.4812500512273452e-05,1.6005852772940825,0.010201033088615096,0.010276933001738136,215762,212587,428349,13704397117.406254,238225276.9333174,False,13704397117.406254,3140092659.9375,4524530013.843752,2104210918.875,6898252769.15625,26593525614.656254,MISSING,B3
development,B0-rank9-q2-r0-K0,830a01f9ea6cd9075c324a30b81b282e9a7e91bf8a90d5a2f3abeefc028dfdcd,0.014700794367256513,0.0024255322146783053,True,0.0017151102769854543,0.00026890492035402946,1.0,0.008679921108930627,0.010126126465562052,116326,85471,201797,6237141676.0,0.0,False,6237141676.0,2841503557.0,3603287232.0,3078211438.0,6183463674.0,11897749323.0,MISSING,B0
development,B1-rank12-q2-r0-K0,6d94925db9107eb619526d6987146a036344e8fb9af2ffd5c6dfe57fa2f8c48c,0.014700794367256513,0.002425623046237577,True,0.0017151745045969613,0.0002689153389350274,1.0,0.00867985688131912,0.010126116046981054,116327,85472,201799,8070749206.0,0.0,False,8070749206.0,3543388641.0,4667207272.0,3969386330.0,7866932216.0,15428946143.0,MISSING,B1
development,B2-rank3-q2-r4-K4,127236c66fd1401664dfc9aa26f9ae80b813a1c7a5b23c089cb3e68c3a7dbffc,0.014700794367256513,0.0024207792897476465,True,0.001711749451536515,0.00026838900843739744,1.0275373871668176,0.008683281934379566,0.010126642377478684,122725,90234,212959,2635786888.031249,13470591.737264521,True,2635786888.031249,1095201552.2187495,1415857911.5,1149719056.2187505,2386305419.5312505,5028521007.375,MISSING,B2
development,B3-rank0-q8-r32-K4,9feb7b75a61651992917ebc41e6b410eb6c6942213237eb566c049cd884377a8,0.014700794367256513,0.00012828672563865807,True,9.071241363531324e-05,1.4812500512273452e-05,1.6005852772940825,0.010304318972280768,0.010380218885403808,211458,208377,419835,13432004192.343754,233490236.09556532,False,13432004192.343754,3077679186.5625,4434599026.406252,2062386958.125,6761140918.59375,26064944301.093754,MISSING,B3
development,B0-rank9-q2-r0-K0,830a01f9ea6cd9075c324a30b81b282e9a7e91bf8a90d5a2f3abeefc028dfdcd,0.014848328576733167,0.0024255322146783053,True,0.0017151102769854543,0.00026890492035402946,1.0,0.008784243548908565,0.01023044890553999,113579,83737,197316,6098642928.0,0.0,False,6098642928.0,2778406596.0,3523274496.0,3009858264.0,6046156872.0,11633554044.0,MISSING,B0
development,B1-rank12-q2-r0-K0,6d94925db9107eb619526d6987146a036344e8fb9af2ffd5c6dfe57fa2f8c48c,0.014848328576733167,0.002425623046237577,True,0.0017151745045969613,0.0002689153389350274,1.0,0.008784179321297058,0.010230438486958992,113581,83737,197318,7891536092.0,0.0,False,7891536092.0,3464706762.0,4563570704.0,3881245060.0,7692244912.0,15086342326.0,MISSING,B1
development,B2-rank3-q2-r4-K4,127236c66fd1401664dfc9aa26f9ae80b813a1c7a5b23c089cb3e68c3a7dbffc,0.014848328576733167,0.0024207792897476465,True,0.001711749451536515,0.00026838900843739744,1.0275373871668176,0.008787604374357504,0.010230964817456622,119829,88404,208233,2577293333.718749,13171651.487966243,True,2577293333.718749,1070896768.0312495,1384437100.5,1124204416.0312505,2333348374.2187505,4916927741.625,MISSING,B2
development,B3-rank0-q8-r32-K4,9feb7b75a61651992917ebc41e6b410eb6c6942213237eb566c049cd884377a8,0.014848328576733167,0.00012828672563865807,True,9.071241363531324e-05,1.4812500512273452e-05,1.6005852772940825,0.010408641412258706,0.010484541325381746,207241,204251,411492,13165082161.125004,228850296.50085476,False,13165082161.125004,3016519260.75,4346474263.875002,2021403013.5,6626782900.125,25546979314.125004,MISSING,B3
development,B0-rank9-q2-r0-K0,830a01f9ea6cd9075c324a30b81b282e9a7e91bf8a90d5a2f3abeefc028dfdcd,0.014997343409802133,0.0024255322146783053,True,0.0017151102769854543,0.00026890492035402946,1.0,0.008889612947869012,0.010335818304500437,110902,82039,192941,5963420428.0,0.0,False,5963420428.0,2716802221.0,3445154496.0,2943122014.0,5912098122.0,11375608419.0,MISSING,B0
development,B1-rank12-q2-r0-K0,6d94925db9107eb619526d6987146a036344e8fb9af2ffd5c6dfe57fa2f8c48c,0.014997343409802133,0.002425623046237577,True,0.0017151745045969613,0.0002689153389350274,1.0,0.008889548720257505,0.01033580788591944,110904,82039,192943,7716562342.0,0.0,False,7716562342.0,3387886137.0,4462385704.0,3795188810.0,7521689912.0,14751842951.0,MISSING,B1
development,B2-rank3-q2-r4-K4,127236c66fd1401664dfc9aa26f9ae80b813a1c7a5b23c089cb3e68c3a7dbffc,0.014997343409802133,0.0024207792897476465,True,0.001711749451536515,0.00026838900843739744,1.0275373871668176,0.008892973773317952,0.01033633421641707,117006,86610,203616,2520148868.999999,12879605.967227742,True,2520148868.999999,1047152546.9999995,1353740976.0,1099278243.0000005,2281612725.0000005,4807908252.0,MISSING,B2
development,B3-rank0-q8-r32-K4,9feb7b75a61651992917ebc41e6b410eb6c6942213237eb566c049cd884377a8,0.014997343409802133,0.00012828672563865807,True,9.071241363531324e-05,1.4812500512273452e-05,1.6005852772940825,0.010514010811219153,0.010589910724342193,203108,200207,403315,12903471056.093754,224302677.4110851,False,12903471056.093754,2956576229.0625,4260102912.6562514,1981234523.125,6495098192.34375,25039320234.843754,MISSING,B3
development,B0-rank9-q2-r0-K0,830a01f9ea6cd9075c324a30b81b282e9a7e91bf8a90d5a2f3abeefc028dfdcd,0.015147853725703382,0.0024255322146783053,True,0.0017151102769854543,0.00026890492035402946,1.0,0.008996039812881315,0.01044224516951274,108294,80375,188669,5831381452.0,0.0,False,5831381452.0,2656648189.0,3368873664.0,2877956926.0,5781195498.0,11123735571.0,MISSING,B0
development,B1-rank12-q2-r0-K0,6d94925db9107eb619526d6987146a036344e8fb9af2ffd5c6dfe57fa2f8c48c,0.015147853725703382,0.002425623046237577,True,0.0017151745045969613,0.0002689153389350274,1.0,0.008995975585269808,0.010442234750931742,108296,80375,188671,7545707974.0,0.0,False,7545707974.0,3312874089.0,4363582888.0,3711158570.0,7355150264.0,14425218647.0,MISSING,B1
development,B2-rank3-q2-r4-K4,127236c66fd1401664dfc9aa26f9ae80b813a1c7a5b23c089cb3e68c3a7dbffc,0.015147853725703382,0.0024207792897476465,True,0.001711749451536515,0.00026838900843739744,1.0275373871668176,0.008999400638330254,0.010442761081429372,114255,84854,199109,2464365870.843749,12594518.429439478,True,2464365870.843749,1023974031.9062495,1323776186.5,1074945935.9062505,2231109677.3437505,4701486151.125,MISSING,B2
development,B3-rank0-q8-r32-K4,9feb7b75a61651992917ebc41e6b410eb6c6942213237eb566c049cd884377a8,0.015147853725703382,0.00012828672563865807,True,9.071241363531324e-05,1.4812500512273452e-05,1.6005852772940825,0.010620437676231456,0.010696337589354496,199058,196243,395301,12647074896.656254,219845710.38339603,False,12647074896.656254,2897828099.4375,4175453284.5937514,1941866749.875,6366038482.40625,24541780811.906254,MISSING,B3
development,B0-rank9-q2-r0-K0,830a01f9ea6cd9075c324a30b81b282e9a7e91bf8a90d5a2f3abeefc028dfdcd,0.015299874532801216,0.0024255322146783053,True,0.0017151102769854543,0.00026890492035402946,1.0,0.009103534756461645,0.01054974011309307,105752,78745,184497,5702433276.0,0.0,False,5702433276.0,2597902257.0,3294378432.0,2814317238.0,5653357074.0,10877758623.0,MISSING,B0
development,B1-rank12-q2-r0-K0,6d94925db9107eb619526d6987146a036344e8fb9af2ffd5c6dfe57fa2f8c48c,0.015299874532801216,0.002425623046237577,True,0.0017151745045969613,0.0002689153389350274,1.0,0.009103470528850138,0.010549729694512072,105753,78745,184498,7378813012.0,0.0,False,7378813012.0,3239600382.0,4267069744.0,3629075660.0,7192470032.0,14106163586.0,MISSING,B1
development,B2-rank3-q2-r4-K4,127236c66fd1401664dfc9aa26f9ae80b813a1c7a5b23c089cb3e68c3a7dbffc,0.015299874532801216,0.0024207792897476465,True,0.001711749451536515,0.00026838900843739744,1.0275373871668176,0.009106895581910584,0.010550256025009702,111574,83134,194708,2409894831.374999,12316135.857039621,True,2409894831.374999,1001340651.6249995,1294516138.0,1051185899.6250005,2181794409.3750005,4597566988.5,MISSING,B2
development,B3-rank0-q8-r32-K4,9feb7b75a61651992917ebc41e6b410eb6c6942213237eb566c049cd884377a8,0.015299874532801216,0.00012828672563865807,True,9.071241363531324e-05,1.4812500512273452e-05,1.6005852772940825,0.010727932619811786,0.010803832532934826,195089,192357,387446,12395765708.687502,215477170.82730693,False,12395765708.687502,2840245549.125,4092483128.8125014,1903280044.25,6239539353.1875,24054112710.187504,MISSING,B3
development,B0-rank9-q2-r0-K0,830a01f9ea6cd9075c324a30b81b282e9a7e91bf8a90d5a2f3abeefc028dfdcd,0.015453420990080862,0.0024255322146783053,True,0.0017151102769854543,0.00026890492035402946,1.0,0.009212108497631254,0.010658313854262679,103274,77149,180423,5576514084.0,0.0,False,5576514084.0,2540536263.0,3221633088.0,2752172442.0,5528521566.0,10637559657.0,MISSING,B0
development,B1-rank12-q2-r0-K0,6d94925db9107eb619526d6987146a036344e8fb9af2ffd5c6dfe57fa2f8c48c,0.015453420990080862,0.002425623046237577,True,0.0017151745045969613,0.0002689153389350274,1.0,0.009212044270019747,0.010658303435681681,103275,77149,180424,7215877456.0,0.0,False,7215877456.0,3168065016.0,4172846272.0,3548940080.0,7033649216.0,13794677768.0,MISSING,B1
development,B2-rank3-q2-r4-K4,127236c66fd1401664dfc9aa26f9ae80b813a1c7a5b23c089cb3e68c3a7dbffc,0.015453420990080862,0.0024207792897476465,True,0.001711749451536515,0.00026838900843739744,1.0275373871668176,0.009215469323080193,0.01065882976617931,108960,81449,190409,2356686242.718749,12044205.232466346,True,2356686242.718749,979231835.0312496,1265934236.5,1027976539.0312504,2133622099.2187505,4496056313.625,MISSING,B2
development,B3-rank0-q8-r32-K4,9feb7b75a61651992917ebc41e6b410eb6c6942213237eb566c049cd884377a8,0.015453420990080862,0.00012828672563865807,True,9.071241363531324e-05,1.4812500512273452e-05,1.6005852772940825,0.010836506360981395,0.010912406274104435,191199,188548,379747,12149447511.593752,211195390.29995745,False,12149447511.593752,2783806586.0625,4011160757.1562514,1865459669.125,6115552491.84375,23576129678.343754,MISSING,B3
development,B0-rank9-q2-r0-K0,830a01f9ea6cd9075c324a30b81b282e9a7e91bf8a90d5a2f3abeefc028dfdcd,0.015608508408660068,0.0024255322146783053,True,0.0017151102769854543,0.00026890492035402946,1.0,0.009321771862985327,0.010767977219616752,100858,75586,176444,5453531152.0,0.0,False,5453531152.0,2484507964.0,3150584064.0,2691476776.0,5406597048.0,10402961796.0,MISSING,B0
development,B1-rank12-q2-r0-K0,6d94925db9107eb619526d6987146a036344e8fb9af2ffd5c6dfe57fa2f8c48c,0.015608508408660068,0.002425623046237577,True,0.0017151745045969613,0.0002689153389350274,1.0,0.00932170763537382,0.010767966801035754,100859,75586,176445,7056741330.0,0.0,False,7056741330.0,3098197755.0,4080819960.0,3470673150.0,6878531880.0,13490455365.0,MISSING,B1
development,B2-rank3-q2-r4-K4,127236c66fd1401664dfc9aa26f9ae80b813a1c7a5b23c089cb3e68c3a7dbffc,0.015608508408660068,0.0024207792897476465,True,0.001711749451536515,0.00026838900843739744,1.0275373871668176,0.009325132688434266,0.010768493131533384,106412,79798,186210,2304715350.937499,11778600.046938738,True,2304715350.937499,957637296.5624996,1238017185.0,1005307056.5625004,2086570335.9375005,4396906901.25,MISSING,B2
development,B3-rank0-q8-r32-K4,9feb7b75a61651992917ebc41e6b410eb6c6942213237eb566c049cd884377a8,0.015608508408660068,0.00012828672563865807,True,9.071241363531324e-05,1.4812500512273452e-05,1.6005852772940825,0.010946169726335468,0.011022069639458508,187387,184815,372202,11908056318.312502,206999256.5061074,False,11908056318.312502,2728496548.875,3931465044.1875014,1828395799.75,5994045689.8125,23107707548.812504,MISSING,B3
development,B0-rank9-q2-r0-K0,830a01f9ea6cd9075c324a30b81b282e9a7e91bf8a90d5a2f3abeefc028dfdcd,0.015765152253315866,0.0024255322146783053,True,0.0017151102769854543,0.00026890492035402946,1.0,0.009432535787772573,0.010878741144403998,98503,74054,172557,5333391756.0,0.0,False,5333391756.0,2429775117.0,3081177792.0,2632184478.0,5287491594.0,10173788163.0,MISSING,B0
development,B1-rank12-q2-r0-K0,6d94925db9107eb619526d6987146a036344e8fb9af2ffd5c6dfe57fa2f8c48c,0.015765152253315866,0.002425623046237577,True,0.0017151745045969613,0.0002689153389350274,1.0,0.009432471560161066,0.010878730725823,98505,74055,172560,6901364640.0,0.0,False,6901364640.0,3029981040.0,3990967680.0,3394255200.0,6727079040.0,13193419920.0,MISSING,B1
development,B2-rank3-q2-r4-K4,127236c66fd1401664dfc9aa26f9ae80b813a1c7a5b23c089cb3e68c3a7dbffc,0.015765152253315866,0.0024207792897476465,True,0.001711749451536515,0.00026838900843739744,1.0275373871668176,0.009435896613221513,0.01087925705632063,103929,78182,182111,2253982156.031249,11519320.300456798,True,2253982156.031249,936557036.2187498,1210764983.5,983177452.2187504,2040639119.5312505,4300118751.375,MISSING,B2
development,B3-rank0-q8-r32-K4,9feb7b75a61651992917ebc41e6b410eb6c6942213237eb566c049cd884377a8,0.015765152253315866,0.00012828672563865807,True,9.071241363531324e-05,1.4812500512273452e-05,1.6005852772940825,0.011056933651122714,0.011132833564245754,183651,181156,364807,11671464154.718752,202886544.85527623,False,11671464154.718752,2674286114.8125,3853353739.0312514,1792068786.625,5874954529.96875,22648597986.468754,MISSING,B3
development,B0-rank9-q2-r0-K0,830a01f9ea6cd9075c324a30b81b282e9a7e91bf8a90d5a2f3abeefc028dfdcd,0.015923368144026683,0.0024255322146783053,True,0.0017151102769854543,0.00026890492035402946,1.0,0.009544411316985663,0.010990616673617087,96208,72554,168762,5216095896.0,0.0,False,5216095896.0,2376337722.0,3013414272.0,2574295548.0,5171205204.0,9950038758.0,MISSING,B0
development,B1-rank12-q2-r0-K0,6d94925db9107eb619526d6987146a036344e8fb9af2ffd5c6dfe57fa2f8c48c,0.015923368144026683,0.002425623046237577,True,0.0017151745045969613,0.0002689153389350274,1.0,0.009544347089374156,0.01099060625503609,96209,72555,168764,6749547416.0,0.0,False,6749547416.0,2963327076.0,3903173792.0,3319587880.0,6579095776.0,12903189148.0,MISSING,B1
development,B2-rank3-q2-r4-K4,127236c66fd1401664dfc9aa26f9ae80b813a1c7a5b23c089cb3e68c3a7dbffc,0.015923368144026683,0.0024207792897476465,True,0.001711749451536515,0.00026838900843739744,1.0275373871668176,0.009547772142434602,0.01099113258553372,101508,76598,178106,2204412396.187499,11265986.466677787,True,2204412396.187499,915960197.3124998,1184137741.0,961555333.3125004,1995761217.1875005,4205550188.25,MISSING,B2
development,B3-rank0-q8-r32-K4,9feb7b75a61651992917ebc41e6b410eb6c6942213237eb566c049cd884377a8,0.015923368144026683,0.00012828672563865807,True,9.071241363531324e-05,1.4812500512273452e-05,1.6005852772940825,0.011168809180335804,0.011244709093458843,179991,177569,357560,11439607033.750002,198856143.05222368,False,11439607033.750002,2621160622.5,3776805716.2500014,1756468805.0,5758246803.75,22198676823.750004,MISSING,B3
development,B0-rank9-q2-r0-K0,830a01f9ea6cd9075c324a30b81b282e9a7e91bf8a90d5a2f3abeefc028dfdcd,0.016083171857529898,0.0024255322146783053,True,0.0017151102769854543,0.00026890492035402946,1.0,0.009657409606462577,0.011103614963094002,93969,71085,165054,5101489032.0,0.0,False,5101489032.0,2324125374.0,2947204224.0,2517733716.0,5057584668.0,9731418786.0,MISSING,B0
development,B1-rank12-q2-r0-K0,6d94925db9107eb619526d6987146a036344e8fb9af2ffd5c6dfe57fa2f8c48c,0.016083171857529898,0.002425623046237577,True,0.0017151745045969613,0.0002689153389350274,1.0,0.00965734537885107,0.011103604544513004,93971,71085,165056,6601249664.0,0.0,False,6601249664.0,2898218304.0,3817415168.0,3246651520.0,6434543104.0,12619686592.0,MISSING,B1
development,B2-rank3-q2-r4-K4,127236c66fd1401664dfc9aa26f9ae80b813a1c7a5b23c089cb3e68c3a7dbffc,0.016083171857529898,0.0024207792897476465,True,0.001711749451536515,0.00026838900843739744,1.0275373871668176,0.009660770431911516,0.011104130875010634,99147,75047,174194,2155993694.437499,11018535.291211247,True,2155993694.437499,895841637.0624998,1158128809.0,940435301.0625002,1951925423.4375005,4113177599.25,MISSING,B2
development,B3-rank0-q8-r32-K4,9feb7b75a61651992917ebc41e6b410eb6c6942213237eb566c049cd884377a8,0.016083171857529898,0.00012828672563865807,True,9.071241363531324e-05,1.4812500512273452e-05,1.6005852772940825,0.011281807469812718,0.011357707382935758,176403,174053,350456,11212324987.750002,194905270.35884914,False,11212324987.750002,2569083418.5,3701768162.2500014,1721571293.0,5643841989.75,21757633641.750004,MISSING,B3
development,B0-rank9-q2-r0-K0,830a01f9ea6cd9075c324a30b81b282e9a7e91bf8a90d5a2f3abeefc028dfdcd,0.016244579328895038,0.0024255322146783053,True,0.0017151102769854543,0.00026890492035402946,1.0,0.009771541923999042,0.011217747280630467,91787,69646,161433,4989571164.0,0.0,False,4989571164.0,2273138073.0,2882547648.0,2462498982.0,4946629986.0,9517928247.0,MISSING,B0
development,B1-rank12-q2-r0-K0,6d94925db9107eb619526d6987146a036344e8fb9af2ffd5c6dfe57fa2f8c48c,0.016244579328895038,0.002425623046237577,True,0.0017151745045969613,0.0002689153389350274,1.0,0.009771477696387535,0.011217736862049469,91788,69646,161434,6456391396.0,0.0,False,6456391396.0,2834619606.0,3733645552.0,3175406780.0,6293343056.0,12342759338.0,MISSING,B1
development,B2-rank3-q2-r4-K4,127236c66fd1401664dfc9aa26f9ae80b813a1c7a5b23c089cb3e68c3a7dbffc,0.016244579328895038,0.0024207792897476465,True,0.001711749451536515,0.00026838900843739744,1.0275373871668176,0.009774902749447981,0.011218263192547099,96845,73528,170373,2108701296.8437495,10776840.265276266,True,2108701296.8437495,876191069.9062498,1132724890.5,919806557.9062502,1909109327.3437505,4022953759.125,MISSING,B2
development,B3-rank0-q8-r32-K4,9feb7b75a61651992917ebc41e6b410eb6c6942213237eb566c049cd884377a8,0.016244579328895038,0.00012828672563865807,True,9.071241363531324e-05,1.4812500512273452e-05,1.6005852772940825,0.011395939787349183,0.011471839700472223,172888,170607,343495,10989618016.718752,191033926.77515262,False,10989618016.718752,2518054502.8125,3628241077.0312514,1687376250.625,5531740087.96875,21325468440.468754,MISSING,B3
development,B0-rank9-q2-r0-K0,830a01f9ea6cd9075c324a30b81b282e9a7e91bf8a90d5a2f3abeefc028dfdcd,0.016407606653112798,0.0024255322146783053,True,0.0017151102769854543,0.00026890492035402946,1.0,0.009886819650472117,0.011333025007103542,89659,68236,157895,4880218660.0,0.0,False,4880218660.0,2223319495.0,2819373120.0,2408530330.0,4838218590.0,9309331305.0,MISSING,B0
development,B1-rank12-q2-r0-K0,6d94925db9107eb619526d6987146a036344e8fb9af2ffd5c6dfe57fa2f8c48c,0.016407606653112798,0.002425623046237577,True,0.0017151745045969613,0.0002689153389350274,1.0,0.00988675542286061,0.011333014588522544,89660,68237,157897,6314932618.0,0.0,False,6314932618.0,2772513423.0,3651841816.0,3105833990.0,6155456648.0,12072330929.0,MISSING,B1
development,B2-rank3-q2-r4-K4,127236c66fd1401664dfc9aa26f9ae80b813a1c7a5b23c089cb3e68c3a7dbffc,0.016407606653112798,0.0024207792897476465,True,0.001711749451536515,0.00026838900843739744,1.0275373871668176,0.009890180475921056,0.011333540919020174,94601,72040,166641,2062510449.4687495,10540774.88009193,True,2062510449.4687495,856998210.2812498,1107912688.5,899658306.2812502,1867290517.9687502,3934831442.625,MISSING,B2
development,B3-rank0-q8-r32-K4,9feb7b75a61651992917ebc41e6b410eb6c6942213237eb566c049cd884377a8,0.016407606653112798,0.00012828672563865807,True,9.071241363531324e-05,1.4812500512273452e-05,1.6005852772940825,0.011511217513822258,0.011587117426945298,169442,167230,336672,10771326153.000002,187239331.5630335,False,10771326153.000002,2468037222.0,3556171647.0000014,1653859116.0,5421860577.0,20901870801.000004,MISSING,B3
development,B0-rank9-q2-r0-K0,830a01f9ea6cd9075c324a30b81b282e9a7e91bf8a90d5a2f3abeefc028dfdcd,0.016572270086699935,0.0024255322146783053,True,0.0017151102769854543,0.00026890492035402946,1.0,0.010003254280975043,0.011449459637606468,87584,66856,154440,4773431520.0,0.0,False,4773431520.0,2174669640.0,2757680640.0,2355827760.0,4732350480.0,9105627960.0,MISSING,B0
development,B1-rank12-q2-r0-K0,6d94925db9107eb619526d6987146a036344e8fb9af2ffd5c6dfe57fa2f8c48c,0.016572270086699935,0.002425623046237577,True,0.0017151745045969613,0.0002689153389350274,1.0,0.010003190053363536,0.01144944921902547,87585,66856,154441,6176713354.0,0.0,False,6176713354.0,2711829519.0,3571911448.0,3037854470.0,6020727944.0,11808095537.0,MISSING,B1
development,B2-rank3-q2-r4-K4,127236c66fd1401664dfc9aa26f9ae80b813a1c7a5b23c089cb3e68c3a7dbffc,0.016572270086699935,0.0024207792897476465,True,0.001711749451536515,0.00026838900843739744,1.0275373871668176,0.010006615106423982,0.0114499755495231,92412,70582,162994,2017371644.4374995,10310086.118096411,True,2017371644.4374995,838242487.0624998,1083665609.0,879968951.0625002,1826424173.4375002,3848716199.25,MISSING,B2
development,B3-rank0-q8-r32-K4,9feb7b75a61651992917ebc41e6b410eb6c6942213237eb566c049cd884377a8,0.016572270086699935,0.00012828672563865807,True,9.071241363531324e-05,1.4812500512273452e-05,1.6005852772940825,0.011627652144325184,0.011703552057448224,166066,163919,329985,10557385409.531252,183520372.42725146,False,10557385409.531252,2419016914.6875,3485538746.7187514,1621010064.375,5314171248.28125,20486716555.781254,MISSING,B3
development,B0-rank9-q2-r0-K0,830a01f9ea6cd9075c324a30b81b282e9a7e91bf8a90d5a2f3abeefc028dfdcd,0.016738586049320336,0.0024255322146783053,True,0.0017151102769854543,0.00026890492035402946,1.0,0.010120857425963496,0.01156706278259492,85560,65503,151063,4669055204.0,0.0,False,4669055204.0,2127118103.0,2697380928.0,2304315002.0,4628872446.0,8906523417.0,MISSING,B0
development,B1-rank12-q2-r0-K0,6d94925db9107eb619526d6987146a036344e8fb9af2ffd5c6dfe57fa2f8c48c,0.016738586049320336,0.002425623046237577,True,0.0017151745045969613,0.0002689153389350274,1.0,0.010120793198351989,0.011567052364013923,85562,65503,151065,6041693610.0,0.0,False,6041693610.0,2652550335.0,3493831320.0,2971448550.0,5889117960.0,11549976705.0,MISSING,B1
development,B2-rank3-q2-r4-K4,127236c66fd1401664dfc9aa26f9ae80b813a1c7a5b23c089cb3e68c3a7dbffc,0.016738586049320336,0.0024207792897476465,True,0.001711749451536515,0.00026838900843739744,1.0275373871668176,0.010124218251412435,0.011567578694511553,90278,69154,159432,1973284881.7499995,10084773.97928971,True,1973284881.7499995,819923900.2499998,1059983652.0,860738492.2500002,1786510293.7500002,3764608029.0,MISSING,B2
development,B3-rank0-q8-r32-K4,9feb7b75a61651992917ebc41e6b410eb6c6942213237eb566c049cd884377a8,0.016738586049320336,0.00012828672563865807,True,9.071241363531324e-05,1.4812500512273452e-05,1.6005852772940825,0.011745255289313637,0.011821155202436677,162757,160673,323430,10347667812.187502,179874824.77732608,False,10347667812.187502,2370964258.125,3416300125.312501,1588809446.25,5208607684.6875,20079757369.687504,MISSING,B3
development,B0-rank9-q2-r0-K0,830a01f9ea6cd9075c324a30b81b282e9a7e91bf8a90d5a2f3abeefc028dfdcd,0.016906571125422338,0.0024255322146783053,True,0.0017151102769854543,0.00026890492035402946,1.0,0.01023964081241336,0.011685846169044785,83587,64178,147765,4567120620.0,0.0,False,4567120620.0,2080678965.0,2638491840.0,2254007310.0,4527815130.0,8712076635.0,MISSING,B0
development,B1-rank12-q2-r0-K0,6d94925db9107eb619526d6987146a036344e8fb9af2ffd5c6dfe57fa2f8c48c,0.016906571125422338,0.002425623046237577,True,0.0017151745045969613,0.0002689153389350274,1.0,0.010239576584801853,0.011685835750463787,83588,64178,147766,5909753404.0,0.0,False,5909753404.0,2594623194.0,3417532048.0,2906557220.0,5760509744.0,11297745062.0,MISSING,B1
development,B2-rank3-q2-r4-K4,127236c66fd1401664dfc9aa26f9ae80b813a1c7a5b23c089cb3e68c3a7dbffc,0.016906571125422338,0.0024207792897476465,True,0.001711749451536515,0.00026838900843739744,1.0275373871668176,0.0102430016378623,0.011686362080961417,88196,67756,155952,1930213030.4999995,9864648.700500457,True,1930213030.4999995,802027021.4999998,1036846872.0,841950733.5000002,1747515262.5000002,3682436094.0,MISSING,B2
development,B3-rank0-q8-r32-K4,9feb7b75a61651992917ebc41e6b410eb6c6942213237eb566c049cd884377a8,0.016906571125422338,0.00012828672563865807,True,9.071241363531324e-05,1.4812500512273452e-05,1.6005852772940825,0.011864038675763501,0.01193993858888654,159514,157492,317006,10142141367.437502,176302132.46563718,False,10142141367.437502,2323871921.625,3348445220.062501,1557252349.25,5105153781.9375,19680931158.937504,MISSING,B3
development,B0-rank9-q2-r0-K0,830a01f9ea6cd9075c324a30b81b282e9a7e91bf8a90d5a2f3abeefc028dfdcd,0.01707624206589244,0.0024255322146783053,True,0.0017151102769854543,0.00026890492035402946,1.0,0.010359616284990068,0.011805821641621493,81662,62881,144543,4467535044.0,0.0,False,4467535044.0,2035309983.0,2580959808.0,2204858922.0,4429086606.0,8522110737.0,MISSING,B0
development,B1-rank12-q2-r0-K0,6d94925db9107eb619526d6987146a036344e8fb9af2ffd5c6dfe57fa2f8c48c,0.01707624206589244,0.002425623046237577,True,0.0017151745045969613,0.0002689153389350274,1.0,0.010359552057378561,0.011805811223040495,81663,62881,144544,5780892736.0,0.0,False,5780892736.0,2538048096.0,3343013632.0,2843180480.0,5634903296.0,11051400608.0,MISSING,B1
development,B2-rank3-q2-r4-K4,127236c66fd1401664dfc9aa26f9ae80b813a1c7a5b23c089cb3e68c3a7dbffc,0.01707624206589244,0.0024207792897476465,True,0.001711749451536515,0.00026838900843739744,1.0275373871668176,0.010362977110439008,0.011806337553538125,86166,66385,152551,1888118959.7812495,9649520.518557282,True,1888118959.7812495,784536422.4687498,1014235323.5,823589478.4687502,1709405463.2812502,3602129556.375,MISSING,B2
development,B3-rank0-q8-r32-K4,9feb7b75a61651992917ebc41e6b410eb6c6942213237eb566c049cd884377a8,0.01707624206589244,0.00012828672563865807,True,9.071241363531324e-05,1.4812500512273452e-05,1.6005852772940825,0.01198401414834021,0.012059914061463249,156336,154375,310711,9940742088.218752,172801183.1969445,False,9940742088.218752,2277725243.8125,3281952905.531251,1526328948.625,5003777331.46875,19290113755.968754,MISSING,B3
development,B0-rank9-q2-r0-K0,830a01f9ea6cd9075c324a30b81b282e9a7e91bf8a90d5a2f3abeefc028dfdcd,0.017247615789725678,0.0024255322146783053,True,0.0017151102769854543,0.00026890492035402946,1.0,0.010480795807229742,0.011927001163861167,79785,61609,141394,4370205752.0,0.0,False,4370205752.0,1990968914.0,2524731264.0,2156824076.0,4332594948.0,8336448846.0,MISSING,B0
development,B1-rank12-q2-r0-K0,6d94925db9107eb619526d6987146a036344e8fb9af2ffd5c6dfe57fa2f8c48c,0.017247615789725678,0.002425623046237577,True,0.0017151745045969613,0.0002689153389350274,1.0,0.010480731579618235,0.01192699074528017,79786,61609,141395,5654951630.0,0.0,False,5654951630.0,2482754805.0,3270183560.0,2781239650.0,5512142680.0,10810637515.0,MISSING,B1
development,B2-rank3-q2-r4-K4,127236c66fd1401664dfc9aa26f9ae80b813a1c7a5b23c089cb3e68c3a7dbffc,0.017247615789725678,0.0024207792897476465,True,0.001711749451536515,0.00026838900843739744,1.0275373871668176,0.010484156632678682,0.0119275170757778,84185,65043,149228,1846990292.6249995,9439326.179069728,True,1846990292.6249995,767446960.3749998,992142358.0,805649328.3750002,1672169690.6250002,3523664803.5,MISSING,B2
development,B3-rank0-q8-r32-K4,9feb7b75a61651992917ebc41e6b410eb6c6942213237eb566c049cd884377a8,0.017247615789725678,0.00012828672563865807,True,9.071241363531324e-05,1.4812500512273452e-05,1.6005852772940825,0.012105193670579883,0.012181093583702923,153222,151318,304540,9743310006.875002,169369196.23314744,False,9743310006.875002,2232487571.25,3216770368.125001,1496014682.5,4904397811.875,18906994741.875004,MISSING,B3
development,B0-rank9-q2-r0-K0,830a01f9ea6cd9075c324a30b81b282e9a7e91bf8a90d5a2f3abeefc028dfdcd,0.017420709385712704,0.0024255322146783053,True,0.0017151102769854543,0.00026890492035402946,1.0,0.010603191462732134,0.012049396819363558,77953,60364,138317,4275101836.0,0.0,False,4275101836.0,1947641677.0,2469788352.0,2109887518.0,4238309514.0,8155032003.0,MISSING,B0
development,B1-rank12-q2-r0-K0,6d94925db9107eb619526d6987146a036344e8fb9af2ffd5c6dfe57fa2f8c48c,0.017420709385712704,0.002425623046237577,True,0.0017151745045969613,0.0002689153389350274,1.0,0.010603127235120626,0.01204938640078256,77954,60364,138318,5531890092.0,0.0,False,5531890092.0,2428725762.0,3199018704.0,2720715060.0,5392188912.0,10575379326.0,MISSING,B1
development,B2-rank3-q2-r4-K4,127236c66fd1401664dfc9aa26f9ae80b813a1c7a5b23c089cb3e68c3a7dbffc,0.017420709385712704,0.0024207792897476465,True,0.001711749451536515,0.00026838900843739744,1.0275373871668176,0.010606552288181073,0.01204991273128019,82254,63729,145983,1806827029.0312495,9234065.682037795,True,1806827029.0312495,750758635.2187498,970567975.5,788130283.2187502,1635807944.5312502,3447041835.375,MISSING,B2
development,B3-rank0-q8-r32-K4,9feb7b75a61651992917ebc41e6b410eb6c6942213237eb566c049cd884377a8,0.017420709385712704,0.00012828672563865807,True,9.071241363531324e-05,1.4812500512273452e-05,1.6005852772940825,0.012227589326082275,0.012303489239205314,150170,148323,298493,9549845123.406252,166006171.57424602,False,9549845123.406252,2188158903.9375,3152897607.843751,1466309550.875,4807015223.15625,18531574116.656254,MISSING,B3
development,B0-rank9-q2-r0-K0,830a01f9ea6cd9075c324a30b81b282e9a7e91bf8a90d5a2f3abeefc028dfdcd,0.017595540114143826,0.0024255322146783053,True,0.0017151102769854543,0.00026890492035402946,1.0,0.010726815456365562,0.012173020812996987,76167,59144,135311,4182192388.0,0.0,False,4182192388.0,1905314191.0,2416113216.0,2064033994.0,4146199662.0,7977801249.0,MISSING,B0
development,B1-rank12-q2-r0-K0,6d94925db9107eb619526d6987146a036344e8fb9af2ffd5c6dfe57fa2f8c48c,0.017595540114143826,0.002425623046237577,True,0.0017151745045969613,0.0002689153389350274,1.0,0.010726751228754055,0.01217301039441599,76168,59144,135312,5411668128.0,0.0,False,5411668128.0,2375943408.0,3129495936.0,2661587040.0,5275003008.0,10345549584.0,MISSING,B1
development,B2-rank3-q2-r4-K4,127236c66fd1401664dfc9aa26f9ae80b813a1c7a5b23c089cb3e68c3a7dbffc,0.017595540114143826,0.0024207792897476465,True,0.001711749451536515,0.00026838900843739744,1.0275373871668176,0.010730176281814502,0.01217353672491362,80369,62441,142810,1767554907.1874995,9033359.501118744,True,1767554907.1874995,734440590.3124998,949472285.0,770999950.3125002,1600252992.1875002,3372118976.25,MISSING,B2
development,B3-rank0-q8-r32-K4,9feb7b75a61651992917ebc41e6b410eb6c6942213237eb566c049cd884377a8,0.017595540114143826,0.00012828672563865807,True,9.071241363531324e-05,1.4812500512273452e-05,1.6005852772940825,0.012351213319715703,0.012427113232838743,147179,145386,292565,9360187470.156252,162709328.48213956,False,9360187470.156252,2144702588.4375,3090281811.093751,1437188991.875,4711549043.90625,18163541461.406254,MISSING,B3
development,B0-rank9-q2-r0-K0,830a01f9ea6cd9075c324a30b81b282e9a7e91bf8a90d5a2f3abeefc028dfdcd,0.01777212540853016,0.0024255322146783053,True,0.0017151102769854543,0.00026890492035402946,1.0,0.010851680115483963,0.012297885472115388,74424,57949,132373,4091384684.0,0.0,False,4091384684.0,1863944213.0,2363652288.0,2019217742.0,4056173466.0,7804579707.0,MISSING,B0
development,B1-rank12-q2-r0-K0,6d94925db9107eb619526d6987146a036344e8fb9af2ffd5c6dfe57fa2f8c48c,0.01777212540853016,0.002425623046237577,True,0.0017151745045969613,0.0002689153389350274,1.0,0.010851615887872456,0.01229787505353439,74425,57949,132374,5294165756.0,0.0,False,5294165756.0,2324355066.0,3061545872.0,2603796580.0,5160468016.0,10120918918.0,MISSING,B1
development,B2-rank3-q2-r4-K4,127236c66fd1401664dfc9aa26f9ae80b813a1c7a5b23c089cb3e68c3a7dbffc,0.01777212540853016,0.0024207792897476465,True,0.001711749451536515,0.00026838900843739744,1.0275373871668176,0.010855040940932903,0.01229840138403202,78531,61180,139711,1729198681.0312495,8837334.145093486,True,1729198681.0312495,718503111.2187498,928868583.5,754269127.2187502,1565527244.5312502,3298943451.375,MISSING,B2
development,B3-rank0-q8-r32-K4,9feb7b75a61651992917ebc41e6b410eb6c6942213237eb566c049cd884377a8,0.01777212540853016,0.00012828672563865807,True,9.071241363531324e-05,1.4812500512273452e-05,1.6005852772940825,0.012476077978834104,0.012551977891957144,144247,142508,286755,9174305053.593752,159478110.80920798,False,9174305053.593752,2102111294.0625,3028912415.156251,1408648093.125,4617983169.84375,17802834692.343754,MISSING,B3
development,B0-rank9-q2-r0-K0,830a01f9ea6cd9075c324a30b81b282e9a7e91bf8a90d5a2f3abeefc028dfdcd,0.01795048287734202,0.0024255322146783053,True,0.0017151102769854543,0.00026890492035402946,1.0,0.010977797891156096,0.01242400324778752,72724,56779,129503,4002678724.0,0.0,False,4002678724.0,1823531743.0,2312405568.0,1975438762.0,3968230926.0,7635367377.0,MISSING,B0
development,B1-rank12-q2-r0-K0,6d94925db9107eb619526d6987146a036344e8fb9af2ffd5c6dfe57fa2f8c48c,0.01795048287734202,0.002425623046237577,True,0.0017151745045969613,0.0002689153389350274,1.0,0.010977733663544589,0.012423992829206523,72725,56779,129504,5179382976.0,0.0,False,5179382976.0,2273960736.0,2995168512.0,2547343680.0,5048583936.0,9901487328.0,MISSING,B1
development,B2-rank3-q2-r4-K4,127236c66fd1401664dfc9aa26f9ae80b813a1c7a5b23c089cb3e68c3a7dbffc,0.01795048287734202,0.0024207792897476465,True,0.001711749451536515,0.00026838900843739744,1.0275373871668176,0.010981158716605035,0.012424519159704153,76737,59944,136681,1691696465.7187495,8645673.34200974,True,1691696465.7187495,702920484.0312498,908723628.5,737910820.0312502,1531574674.2187502,3227397197.625,MISSING,B2
development,B3-rank0-q8-r32-K4,9feb7b75a61651992917ebc41e6b410eb6c6942213237eb566c049cd884377a8,0.01795048287734202,0.00012828672563865807,True,9.071241363531324e-05,1.4812500512273452e-05,1.6005852772940825,0.012602195754506237,0.012678095667629277,141375,139687,281062,8992165880.187502,156311962.40783113,False,8992165880.187502,2060377690.125,2968778857.312501,1380681942.25,4526301496.6875,17449391725.687504,MISSING,B3
development,B0-rank9-q2-r0-K0,830a01f9ea6cd9075c324a30b81b282e9a7e91bf8a90d5a2f3abeefc028dfdcd,0.018130630305764762,0.0024255322146783053,True,0.0017151102769854543,0.00026890492035402946,1.0,0.011105181359407136,0.012551386716038561,71065,55632,126697,3915950876.0,0.0,False,3915950876.0,1784020457.0,2262301632.0,1932636038.0,3882249474.0,7469928423.0,MISSING,B0
development,B1-rank12-q2-r0-K0,6d94925db9107eb619526d6987146a036344e8fb9af2ffd5c6dfe57fa2f8c48c,0.018130630305764762,0.002425623046237577,True,0.0017151745045969613,0.0002689153389350274,1.0,0.01110511713179563,0.012551376297457563,71066,55632,126698,5067159812.0,0.0,False,5067159812.0,2224690182.0,2930271344.0,2492149660.0,4939194832.0,9686948986.0,MISSING,B1
development,B2-rank3-q2-r4-K4,127236c66fd1401664dfc9aa26f9ae80b813a1c7a5b23c089cb3e68c3a7dbffc,0.018130630305764762,0.0024207792897476465,True,0.001711749451536515,0.00026838900843739744,1.0275373871668176,0.011108542184856076,0.012551902627955193,74988,58733,133721,1655060638.2187495,8458440.34625796,True,1655060638.2187495,687697851.5312498,889044068.5,721930427.5312502,1498406486.7187502,3157503827.625,MISSING,B2
development,B3-rank0-q8-r32-K4,9feb7b75a61651992917ebc41e6b410eb6c6942213237eb566c049cd884377a8,0.018130630305764762,0.00012828672563865807,True,9.071241363531324e-05,1.4812500512273452e-05,1.6005852772940825,0.012729579222757277,0.012805479135880317,138559,136922,275481,8813609982.281252,153208102.53990835,False,8813609982.281252,2019465123.1875,2909828323.968751,1353265977.375,4436423503.03125,17102902142.531254,MISSING,B3
development,B0-rank9-q2-r0-K0,830a01f9ea6cd9075c324a30b81b282e9a7e91bf8a90d5a2f3abeefc028dfdcd,0.018312585657472312,0.0024255322146783053,True,0.0017151102769854543,0.00026890492035402946,1.0,0.011233843222472728,0.012680048579104153,69447,54509,123956,3831232048.0,0.0,False,3831232048.0,1745424436.0,2213358336.0,1890824824.0,3798259752.0,7308321804.0,MISSING,B0
development,B1-rank12-q2-r0-K0,6d94925db9107eb619526d6987146a036344e8fb9af2ffd5c6dfe57fa2f8c48c,0.018312585657472312,0.002425623046237577,True,0.0017151745045969613,0.0002689153389350274,1.0,0.011233778994861221,0.012680038160523155,69447,54509,123956,4957496264.0,0.0,False,4957496264.0,2176543404.0,2866854368.0,2438214520.0,4832300704.0,9477303892.0,MISSING,B1
development,B2-rank3-q2-r4-K4,127236c66fd1401664dfc9aa26f9ae80b813a1c7a5b23c089cb3e68c3a7dbffc,0.018312585657472312,0.0024207792897476465,True,0.001711749451536515,0.00026838900843739744,1.0275373871668176,0.011237204047921667,0.012680564491020785,73280,57548,130828,1619254067.6249995,8275445.394666781,True,1619254067.6249995,672819785.3749998,869809958.0,706311753.3750002,1465989065.6250002,3089192503.5,MISSING,B2
development,B3-rank0-q8-r32-K4,9feb7b75a61651992917ebc41e6b410eb6c6942213237eb566c049cd884377a8,0.018312585657472312,0.00012828672563865807,True,9.071241363531324e-05,1.4812500512273452e-05,1.6005852772940825,0.012858241085822869,0.012934140998945909,135800,134211,270011,8638605366.343752,150165975.0578196,False,8638605366.343752,1979366262.5625,2852050252.406251,1326395286.125,4348333084.59375,16763303859.093752,MISSING,B3
development,B0-rank9-q2-r0-K0,830a01f9ea6cd9075c324a30b81b282e9a7e91bf8a90d5a2f3abeefc028dfdcd,0.01849636707641837,0.0024255322146783053,True,0.0017151102769854543,0.00026890492035402946,1.0,0.011363796310065571,0.012810001666696996,67867,53409,121276,3748398608.0,0.0,False,3748398608.0,1707687356.0,2165504256.0,1849944104.0,3716139192.0,7150311684.0,MISSING,B0
development,B1-rank12-q2-r0-K0,6d94925db9107eb619526d6987146a036344e8fb9af2ffd5c6dfe57fa2f8c48c,0.01849636707641837,0.002425623046237577,True,0.0017151745045969613,0.0002689153389350274,1.0,0.011363732082454064,0.012809991248115998,67868,53409,121277,4850352338.0,0.0,False,4850352338.0,2129502843.0,2804894456.0,2385518590.0,4727862568.0,9272475589.0,MISSING,B1
development,B2-rank3-q2-r4-K4,127236c66fd1401664dfc9aa26f9ae80b813a1c7a5b23c089cb3e68c3a7dbffc,0.01849636707641837,0.0024207792897476465,True,0.001711749451536515,0.00026838900843739744,1.0275373871668176,0.01136715713551451,0.012810517578613628,71614,56386,128000,1584251999.9999995,8096561.978455284,True,1584251999.9999995,658275999.9999998,851008000.0,691044000.0000002,1434300000.0000002,3022416000.0,MISSING,B2
development,B3-rank0-q8-r32-K4,9feb7b75a61651992917ebc41e6b410eb6c6942213237eb566c049cd884377a8,0.01849636707641837,0.00012828672563865807,True,9.071241363531324e-05,1.4812500512273452e-05,1.6005852772940825,0.012988194173415712,0.013064094086538752,133097,131554,264651,8467120038.843752,147185023.81394467,False,8467120038.843752,1940073777.5625,2795434079.906251,1300064956.125,4262014137.09375,16430534791.593752,MISSING,B3
development,B0-rank9-q2-r0-K0,830a01f9ea6cd9075c324a30b81b282e9a7e91bf8a90d5a2f3abeefc028dfdcd,0.018681992888645735,0.0024255322146783053,True,0.0017151102769854543,0.00026890492035402946,1.0,0.011495053580654802,0.012941258937286227,66326,52331,118657,3667450556.0,0.0,False,3667450556.0,1670809217.0,2118739392.0,1809993878.0,3635887794.0,6995898063.0,MISSING,B0
development,B1-rank12-q2-r0-K0,6d94925db9107eb619526d6987146a036344e8fb9af2ffd5c6dfe57fa2f8c48c,0.018681992888645735,0.002425623046237577,True,0.0017151745045969613,0.0002689153389350274,1.0,0.011494989353043295,0.012941248518705229,66327,52331,118658,4745608052.0,0.0,False,4745608052.0,2083515822.0,2744322224.0,2334002860.0,4625763472.0,9072234706.0,MISSING,B1
development,B2-rank3-q2-r4-K4,127236c66fd1401664dfc9aa26f9ae80b813a1c7a5b23c089cb3e68c3a7dbffc,0.018681992888645735,0.0024207792897476465,True,0.001711749451536515,0.00026838900843739744,1.0275373871668176,0.011498414406103741,0.012941774849202859,69989,55248,125237,1550054435.3437495,7921790.097623472,True,1550054435.3437495,644066495.4062498,832638194.5,676127167.4062502,1403339289.8437502,2957174317.125,MISSING,B2
development,B3-rank0-q8-r32-K4,9feb7b75a61651992917ebc41e6b410eb6c6942213237eb566c049cd884377a8,0.018681992888645735,0.00012828672563865807,True,9.071241363531324e-05,1.4812500512273452e-05,1.6005852772940825,0.013119451444004943,0.013195351357127983,130447,128950,259397,8299026025.656252,144263024.21780306,False,8299026025.656252,1901558345.4375,2739937555.593751,1274255337.875,4177402243.40625,16104346604.906252,MISSING,B3
development,B0-rank9-q2-r0-K0,830a01f9ea6cd9075c324a30b81b282e9a7e91bf8a90d5a2f3abeefc028dfdcd,0.018869481604113645,0.0024255322146783053,True,0.0017151102769854543,0.00026890492035402946,1.0,0.011627628122758115,0.01307383347938954,64823,51275,116098,3588356984.0,0.0,False,3588356984.0,1634775938.0,2073045888.0,1770958892.0,3557474916.0,6845021982.0,MISSING,B0
development,B1-rank12-q2-r0-K0,6d94925db9107eb619526d6987146a036344e8fb9af2ffd5c6dfe57fa2f8c48c,0.018869481604113645,0.002425623046237577,True,0.0017151745045969613,0.0002689153389350274,1.0,0.011627563895146608,0.013073823060808542,64823,51275,116098,4643223412.0,0.0,False,4643223412.0,2038564782.0,2685114544.0,2283647660.0,4525964432.0,8876504786.0,MISSING,B1
development,B2-rank3-q2-r4-K4,127236c66fd1401664dfc9aa26f9ae80b813a1c7a5b23c089cb3e68c3a7dbffc,0.018869481604113645,0.0024207792897476465,True,0.001711749451536515,0.00026838900843739744,1.0275373871668176,0.011630988948207055,0.013074349391306172,68402,54133,122535,1516611865.7812495,7750876.734609517,True,1516611865.7812495,630170700.4687498,814673947.5,661539660.4687502,1373062113.2812502,2893373004.375,MISSING,B2
development,B3-rank0-q8-r32-K4,9feb7b75a61651992917ebc41e6b410eb6c6942213237eb566c049cd884377a8,0.018869481604113645,0.00012828672563865807,True,9.071241363531324e-05,1.4812500512273452e-05,1.6005852772940825,0.013252025986108256,0.013327925899231296,127850,126398,254248,8134291333.250002,141399420.1217747,False,8134291333.250002,1863812635.5,2685550116.750001,1248961519.0,4094481299.25,15784677215.250002,MISSING,B3
development,B0-rank9-q2-r0-K0,830a01f9ea6cd9075c324a30b81b282e9a7e91bf8a90d5a2f3abeefc028dfdcd,0.01905885191854358,0.0024255322146783053,True,0.0017151102769854543,0.00026890492035402946,1.0,0.01176153315624695,0.013207738512878375,63355,50240,113595,3510994260.0,0.0,False,3510994260.0,1599531195.0,2028352320.0,1732778130.0,3480777990.0,6697447605.0,MISSING,B0
development,B1-rank12-q2-r0-K0,6d94925db9107eb619526d6987146a036344e8fb9af2ffd5c6dfe57fa2f8c48c,0.01905885191854358,0.002425623046237577,True,0.0017151745045969613,0.0002689153389350274,1.0,0.011761468928635443,0.013207728094297377,63356,50240,113596,4543158424.0,0.0,False,4543158424.0,1994632164.0,2627248288.0,2234433320.0,4428426464.0,8685209372.0,MISSING,B1
development,B2-rank3-q2-r4-K4,127236c66fd1401664dfc9aa26f9ae80b813a1c7a5b23c089cb3e68c3a7dbffc,0.01905885191854358,0.0024207792897476465,True,0.001711749451536515,0.00026838900843739744,1.0275373871668176,0.01176489398169589,0.013208254424795007,66854,53041,119895,1483936668.2812495,7583885.143803877,True,1483936668.2812495,616593757.9687498,797121907.5,647286877.9687502,1343479675.7812502,2831035674.375,MISSING,B2
development,B3-rank0-q8-r32-K4,9feb7b75a61651992917ebc41e6b410eb6c6942213237eb566c049cd884377a8,0.01905885191854358,0.00012828672563865807,True,9.071241363531324e-05,1.4812500512273452e-05,1.6005852772940825,0.013385931019597092,0.013461830932720131,125305,123896,249201,7972819981.031252,138592543.0829992,False,7972819981.031252,1826814655.6875,2632240075.218751,1224168762.375,4013202991.78125,15471340371.281252,MISSING,B3
development,B0-rank9-q2-r0-K0,830a01f9ea6cd9075c324a30b81b282e9a7e91bf8a90d5a2f3abeefc028dfdcd,0.019250122715283504,0.0024255322146783053,True,0.0017151102769854543,0.00026890492035402946,1.0,0.011896782033664706,0.013342987390296131,61923,49227,111150,3435424200.0,0.0,False,3435424200.0,1565103150.0,1984694400.0,1695482100.0,3405858300.0,6553292850.0,MISSING,B0
development,B1-rank12-q2-r0-K0,6d94925db9107eb619526d6987146a036344e8fb9af2ffd5c6dfe57fa2f8c48c,0.019250122715283504,0.002425623046237577,True,0.0017151745045969613,0.0002689153389350274,1.0,0.0118967178060532,0.013342976971715133,61923,49227,111150,4445333100.0,0.0,False,4445333100.0,1951682850.0,2570677200.0,2186320500.0,4333071600.0,8498195550.0,MISSING,B1
development,B2-rank3-q2-r4-K4,127236c66fd1401664dfc9aa26f9ae80b813a1c7a5b23c089cb3e68c3a7dbffc,0.019250122715283504,0.0024207792897476465,True,0.001711749451536515,0.00026838900843739744,1.0275373871668176,0.011900142859113646,0.013343503302212763,65343,51971,117314,1451991711.9374995,7420625.562035182,True,1451991711.9374995,603320239.5624998,779962129.0,633352623.5625002,1314558360.9375002,2770091489.25,MISSING,B2
development,B3-rank0-q8-r32-K4,9feb7b75a61651992917ebc41e6b410eb6c6942213237eb566c049cd884377a8,0.019250122715283504,0.00012828672563865807,True,9.071241363531324e-05,1.4812500512273452e-05,1.6005852772940825,0.013521179897014847,0.013597079810137887,122810,121443,244253,7814515988.406252,135840724.65861616,False,7814515988.406252,1790542413.9375,2579975742.843751,1199862330.875,3933519008.15625,15164149821.656252,MISSING,B3
development,B0-rank9-q2-r0-K0,830a01f9ea6cd9075c324a30b81b282e9a7e91bf8a90d5a2f3abeefc028dfdcd,0.019443313067190854,0.0024255322146783053,True,0.0017151102769854543,0.00026890492035402946,1.0,0.012033388241558208,0.013479593598189633,60525,48234,108759,3361523172.0,0.0,False,3361523172.0,1531435479.0,1942000704.0,1659009786.0,3332593278.0,6412321881.0,MISSING,B0
development,B1-rank12-q2-r0-K0,6d94925db9107eb619526d6987146a036344e8fb9af2ffd5c6dfe57fa2f8c48c,0.019443313067190854,0.002425623046237577,True,0.0017151745045969613,0.0002689153389350274,1.0,0.012033324013946701,0.013479583179608635,60525,48234,108759,4349707446.0,0.0,False,4349707446.0,1909699281.0,2515378152.0,2139289530.0,4239860856.0,8315386863.0,MISSING,B1
development,B2-rank3-q2-r4-K4,127236c66fd1401664dfc9aa26f9ae80b813a1c7a5b23c089cb3e68c3a7dbffc,0.019443313067190854,0.0024207792897476465,True,0.001711749451536515,0.00026838900843739744,1.0275373871668176,0.012036749067007147,0.013480109510106265,63868,50923,114791,1420764619.7812495,7261034.734912973,True,1420764619.7812495,590345002.4687498,763187963.5,619731498.4687502,1286286963.2812502,2710516836.375,MISSING,B2
development,B3-rank0-q8-r32-K4,9feb7b75a61651992917ebc41e6b410eb6c6942213237eb566c049cd884377a8,0.019443313067190854,0.00012828672563865807,True,9.071241363531324e-05,1.4812500512273452e-05,1.6005852772940825,0.01365778610490835,0.013733686018031389,120366,119039,239405,7659411348.906252,133144520.9962457,False,7659411348.906252,1755003240.9375,2528767682.343751,1176047136.875,3855445452.65625,14863167650.156252,MISSING,B3
development,B0-rank9-q2-r0-K0,830a01f9ea6cd9075c324a30b81b282e9a7e91bf8a90d5a2f3abeefc028dfdcd,0.019638442238534434,0.0024255322146783053,True,0.0017151102769854543,0.00026890492035402946,1.0,0.012171365401822565,0.01361757075845399,59160,47262,106422,3289291176.0,0.0,False,3289291176.0,1498528182.0,1900271232.0,1623361188.0,3260982924.0,6274534698.0,MISSING,B0
development,B1-rank12-q2-r0-K0,6d94925db9107eb619526d6987146a036344e8fb9af2ffd5c6dfe57fa2f8c48c,0.019638442238534434,0.002425623046237577,True,0.0017151745045969613,0.0002689153389350274,1.0,0.012171301174211058,0.013617560339872992,59161,47262,106423,4256281462.0,0.0,False,4256281462.0,1868681457.0,2461351144.0,2093340410.0,4148794232.0,8136783311.0,MISSING,B1
development,B2-rank3-q2-r4-K4,127236c66fd1401664dfc9aa26f9ae80b813a1c7a5b23c089cb3e68c3a7dbffc,0.019638442238534434,0.0024207792897476465,True,0.001711749451536515,0.00026838900843739744,1.0275373871668176,0.012174726227271504,0.013618086670370622,62429,49897,112326,1390255391.8124995,7105112.662437252,True,1390255391.8124995,577668046.6874998,746799411.0,606423502.6875002,1258665482.8125002,2652311715.75,MISSING,B2
development,B3-rank0-q8-r32-K4,9feb7b75a61651992917ebc41e6b410eb6c6942213237eb566c049cd884377a8,0.019638442238534434,0.00012828672563865807,True,9.071241363531324e-05,1.4812500512273452e-05,1.6005852772940825,0.013795763265172706,0.013871663178295746,117970,116683,234653,7507378088.406252,130501707.50540733,False,7507378088.406252,1720167813.9375,2478573642.843751,1152703530.875,3778917908.15625,14568145521.656252,MISSING,B3
development,B0-rank9-q2-r0-K0,830a01f9ea6cd9075c324a30b81b282e9a7e91bf8a90d5a2f3abeefc028dfdcd,0.01983552968691535,0.0024255322146783053,True,0.0017151102769854543,0.00026890492035402946,1.0,0.012310727273059464,0.01375693262969089,57828,46309,104137,3218666396.0,0.0,False,3218666396.0,1466353097.0,1859470272.0,1588505798.0,3190965954.0,6139813383.0,MISSING,B0
development,B1-rank12-q2-r0-K0,6d94925db9107eb619526d6987146a036344e8fb9af2ffd5c6dfe57fa2f8c48c,0.01983552968691535,0.002425623046237577,True,0.0017151745045969613,0.0002689153389350274,1.0,0.012310663045447957,0.013756922211109891,57829,46309,104138,4164895172.0,0.0,False,4164895172.0,1828559142.0,2408503664.0,2048394460.0,4059715792.0,7962079066.0,MISSING,B1
development,B2-rank3-q2-r4-K4,127236c66fd1401664dfc9aa26f9ae80b813a1c7a5b23c089cb3e68c3a7dbffc,0.01983552968691535,0.0024207792897476465,True,0.001711749451536515,0.00026838900843739744,1.0275373871668176,0.012314088098508404,0.013757448541607521,61024,48891,109915,1360414520.1562495,6952606.327046191,True,1360414520.1562495,565268801.0937498,730769877.5,593407041.0937502,1231649097.6562502,2595381676.875,MISSING,B2
development,B3-rank0-q8-r32-K4,9feb7b75a61651992917ebc41e6b410eb6c6942213237eb566c049cd884377a8,0.01983552968691535,0.00012828672563865807,True,9.071241363531324e-05,1.4812500512273452e-05,1.6005852772940825,0.013935125136409605,0.014011025049532645,115623,114373,229996,7358384213.375002,127911728.03848092,False,7358384213.375002,1686028802.25,2429383061.625001,1129826600.5,3703920270.375,14279021352.375002,MISSING,B3
development,B0-rank9-q2-r0-K0,830a01f9ea6cd9075c324a30b81b282e9a7e91bf8a90d5a2f3abeefc028dfdcd,0.020034595065207276,0.0024255322146783053,True,0.0017151102769854543,0.00026890492035402946,1.0,0.012451487751949151,0.013897693108580576,56528,45376,101904,3149648832.0,0.0,False,3149648832.0,1434910224.0,1819597824.0,1554443616.0,3122542368.0,6008157936.0,MISSING,B0
development,B1-rank12-q2-r0-K0,6d94925db9107eb619526d6987146a036344e8fb9af2ffd5c6dfe57fa2f8c48c,0.020034595065207276,0.002425623046237577,True,0.0017151745045969613,0.0002689153389350274,1.0,0.012451423524337644,0.013897682689999578,56529,45376,101905,4075588570.0,0.0,False,4075588570.0,1789349895.0,2356858840.0,2004471350.0,3972664520.0,7791350585.0,MISSING,B1
development,B2-rank3-q2-r4-K4,127236c66fd1401664dfc9aa26f9ae80b813a1c7a5b23c089cb3e68c3a7dbffc,0.020034595065207276,0.0024207792897476465,True,0.001711749451536515,0.00026838900843739744,1.0275373871668176,0.01245484857739809,0.013898209020497208,59652,47906,107558,1331242004.8124995,6803515.7287397925,True,1331242004.8124995,553147265.6874998,715099363.0,580682113.6875002,1205237807.8125002,2539726719.75,MISSING,B2
development,B3-rank0-q8-r32-K4,9feb7b75a61651992917ebc41e6b410eb6c6942213237eb566c049cd884377a8,0.020034595065207276,0.00012828672563865807,True,9.071241363531324e-05,1.4812500512273452e-05,1.6005852772940825,0.014075885615299292,0.014151785528422332,113322,112109,225431,7212333743.218752,125372914.1526061,False,7212333743.218752,1652564213.8125,2381164250.531251,1107401608.625,3630404226.46875,13995608890.968752,MISSING,B3
development,B0-rank9-q2-r0-K0,830a01f9ea6cd9075c324a30b81b282e9a7e91bf8a90d5a2f3abeefc028dfdcd,0.02023565822351617,0.0024255322146783053,True,0.0017151102769854543,0.00026890492035402946,1.0,0.012593660874636155,0.01403986623126758,55259,44461,99720,3082145760.0,0.0,False,3082145760.0,1404157320.0,1780600320.0,1521128880.0,3055620240.0,5879391480.0,MISSING,B0
development,B1-rank12-q2-r0-K0,6d94925db9107eb619526d6987146a036344e8fb9af2ffd5c6dfe57fa2f8c48c,0.02023565822351617,0.002425623046237577,True,0.0017151745045969613,0.0002689153389350274,1.0,0.012593596647024648,0.014039855812686582,55260,44462,99722,3988281668.0,0.0,False,3988281668.0,1751018598.0,2306370416.0,1961531740.0,3887562448.0,7624444954.0,MISSING,B1
development,B2-rank3-q2-r4-K4,127236c66fd1401664dfc9aa26f9ae80b813a1c7a5b23c089cb3e68c3a7dbffc,0.02023565822351617,0.0024207792897476465,True,0.001711749451536515,0.00026838900843739744,1.0275373871668176,0.012597021700085094,0.014040382143184212,58313,46940,105253,1302713091.8437495,6657714.358737141,True,1302713091.8437495,541293154.9062498,699774570.5,568237922.9062502,1179409202.3437502,2485299619.125,MISSING,B2
development,B3-rank0-q8-r32-K4,9feb7b75a61651992917ebc41e6b410eb6c6942213237eb566c049cd884377a8,0.02023565822351617,0.00012828672563865807,True,9.071241363531324e-05,1.4812500512273452e-05,1.6005852772940825,0.014218058737986296,0.014293958651109336,111067,109890,220957,7069194684.406252,122884709.70016274,False,7069194684.406252,1619766717.9375,2333906646.843751,1085423642.875,3558353672.15625,13717846053.656252,MISSING,B3
development,B0-rank9-q2-r0-K0,830a01f9ea6cd9075c324a30b81b282e9a7e91bf8a90d5a2f3abeefc028dfdcd,0.020438739211159653,0.0024255322146783053,True,0.0017151102769854543,0.00026890492035402946,1.0,0.012737260818128922,0.014183466174760347,54020,43566,97586,3016188088.0,0.0,False,3016188088.0,1374108466.0,1742495616.0,1488576844.0,2990230212.0,5753572974.0,MISSING,B0
development,B1-rank12-q2-r0-K0,6d94925db9107eb619526d6987146a036344e8fb9af2ffd5c6dfe57fa2f8c48c,0.020438739211159653,0.002425623046237577,True,0.0017151745045969613,0.0002689153389350274,1.0,0.012737196590517415,0.01418345575617935,54021,43566,97587,3902894478.0,0.0,False,3902894478.0,1713530133.0,2256992136.0,1919536290.0,3804331608.0,7461209259.0,MISSING,B1
development,B2-rank3-q2-r4-K4,127236c66fd1401664dfc9aa26f9ae80b813a1c7a5b23c089cb3e68c3a7dbffc,0.020438739211159653,0.0024207792897476465,True,0.001711749451536515,0.00026838900843739744,1.0275373871668176,0.012740621643577862,0.01418398208667698,57006,45995,103001,1274840158.2187495,6515265.471428693,True,1274840158.2187495,529711611.53124976,684802148.5,556079867.5312502,1154174486.7187502,2432123987.625,MISSING,B2
development,B3-rank0-q8-r32-K4,9feb7b75a61651992917ebc41e6b410eb6c6942213237eb566c049cd884377a8,0.020438739211159653,0.00012828672563865807,True,9.071241363531324e-05,1.4812500512273452e-05,1.6005852772940825,0.014361658681479064,0.014437558594602103,108857,107715,216572,6928903049.875002,120446002.38591059,False,6928903049.875002,1587621653.25,2287589125.125001,1063882878.5,3487736398.875,13445608672.875002,MISSING,B3
development,B0-rank9-q2-r0-K0,830a01f9ea6cd9075c324a30b81b282e9a7e91bf8a90d5a2f3abeefc028dfdcd,0.020643858278666258,0.0024255322146783053,True,0.0017151102769854543,0.00026890492035402946,1.0,0.012882301901713505,0.01432850725834493,52811,42688,95499,2951683092.0,0.0,False,2951683092.0,1344721419.0,1705230144.0,1456741746.0,2926280358.0,5630525541.0,MISSING,B0
development,B1-rank12-q2-r0-K0,6d94925db9107eb619526d6987146a036344e8fb9af2ffd5c6dfe57fa2f8c48c,0.020643858278666258,0.002425623046237577,True,0.0017151745045969613,0.0002689153389350274,1.0,0.012882237674101998,0.014328496839763932,52811,42688,95499,3819387006.0,0.0,False,3819387006.0,1676866941.0,2208700872.0,1878465330.0,3722933016.0,7301567043.0,MISSING,B1
development,B2-rank3-q2-r4-K4,127236c66fd1401664dfc9aa26f9ae80b813a1c7a5b23c089cb3e68c3a7dbffc,0.020643858278666258,0.0024207792897476465,True,0.001711749451536515,0.00026838900843739744,1.0275373871668176,0.012885662727162444,0.014329023170261562,55730,45068,100798,1247573696.0624995,6375916.049252624,True,1247573696.0624995,518382064.43749976,670155503.0,544186352.4375002,1129488839.0625002,2380105374.75,MISSING,B2
development,B3-rank0-q8-r32-K4,9feb7b75a61651992917ebc41e6b410eb6c6942213237eb566c049cd884377a8,0.020643858278666258,0.00012828672563865807,True,9.071241363531324e-05,1.4812500512273452e-05,1.6005852772940825,0.014506699765063646,0.014582599678186686,106691,105583,212274,6791394852.562502,118055679.91460939,False,6791394852.562502,1556114358.375,2242190559.937501,1042769490.75,3418520198.0625,13178772581.062502,MISSING,B3
development,B0-rank9-q2-r0-K0,830a01f9ea6cd9075c324a30b81b282e9a7e91bf8a90d5a2f3abeefc028dfdcd,0.020851035879794724,0.0024255322146783053,True,0.0017151102769854543,0.00026890492035402946,1.0,0.013028798588381404,0.014475003945012829,51630,41829,93459,2888630772.0,0.0,False,2888630772.0,1315996179.0,1668803904.0,1425623586.0,2863770678.0,5510249181.0,MISSING,B0
development,B1-rank12-q2-r0-K0,6d94925db9107eb619526d6987146a036344e8fb9af2ffd5c6dfe57fa2f8c48c,0.020851035879794724,0.002425623046237577,True,0.0017151745045969613,0.0002689153389350274,1.0,0.013028734360769897,0.01447499352643183,51630,41829,93459,3737799246.0,0.0,False,3737799246.0,1641046581.0,2161519752.0,1838338530.0,3643405656.0,7145594763.0,MISSING,B1
development,B2-rank3-q2-r4-K4,127236c66fd1401664dfc9aa26f9ae80b813a1c7a5b23c089cb3e68c3a7dbffc,0.020851035879794724,0.0024207792897476465,True,0.001711749451536515,0.00026838900843739744,1.0275373871668176,0.013032159413830343,0.01447551985692946,54484,44161,98645,1220926082.3437495,6239729.346599386,True,1220926082.3437495,507309656.40624976,655841282.5,532562776.40625024,1105363464.8437502,2329267393.125,MISSING,B2
development,B3-rank0-q8-r32-K4,9feb7b75a61651992917ebc41e6b410eb6c6942213237eb566c049cd884377a8,0.020851035879794724,0.00012828672563865807,True,9.071241363531324e-05,1.4812500512273452e-05,1.6005852772940825,0.014653196451731545,0.014729096364854585,104568,103493,208061,6656606105.406252,115712629.99101889,False,6656606105.406252,1525230171.9375,2197689825.843751,1022073654.875,3350672861.15625,12917213610.656252,MISSING,B3
development,B0-rank9-q2-r0-K0,830a01f9ea6cd9075c324a30b81b282e9a7e91bf8a90d5a2f3abeefc028dfdcd,0.02106029267357361,0.0024255322146783053,True,0.0017151102769854543,0.00026890492035402946,1.0,0.013176765486271811,0.014622970842903236,50477,40986,91463,2826938404.0,0.0,False,2826938404.0,1287890503.0,1633163328.0,1395176602.0,2802609246.0,5392567017.0,MISSING,B0
development,B1-rank12-q2-r0-K0,6d94925db9107eb619526d6987146a036344e8fb9af2ffd5c6dfe57fa2f8c48c,0.02106029267357361,0.002425623046237577,True,0.0017151745045969613,0.0002689153389350274,1.0,0.013176701258660304,0.014622960424322238,50477,40986,91463,3657971222.0,0.0,False,3657971222.0,1605998817.0,2115356264.0,1799077210.0,3565593592.0,6992986591.0,MISSING,B1
development,B2-rank3-q2-r4-K4,127236c66fd1401664dfc9aa26f9ae80b813a1c7a5b23c089cb3e68c3a7dbffc,0.02106029267357361,0.0024207792897476465,True,0.001711749451536515,0.00026838900843739744,1.0275373871668176,0.01318012631172075,0.014623486754819868,53268,43272,96540,1194872563.1249995,6106578.854688072,True,1194872563.1249995,496484101.87499976,641846190.0,521198341.87500024,1081775953.1250002,2279562817.5,MISSING,B2
development,B3-rank0-q8-r32-K4,9feb7b75a61651992917ebc41e6b410eb6c6942213237eb566c049cd884377a8,0.02106029267357361,0.00012828672563865807,True,9.071241363531324e-05,1.4812500512273452e-05,1.6005852772940825,0.014801163349621952,0.014877063262744992,102488,101445,203933,6524536808.406252,113416852.61513908,False,6524536808.406252,1494969093.9375,2154086922.843751,1001795370.875,3284194388.15625,12660931761.656252,MISSING,B3
development,B0-rank9-q2-r0-K0,830a01f9ea6cd9075c324a30b81b282e9a7e91bf8a90d5a2f3abeefc028dfdcd,0.021271649526361323,0.0024255322146783053,True,0.0017151102769854543,0.00026890492035402946,1.0,0.013326217350128247,0.014772422706759672,49351,40161,89512,2766636896.0,0.0,False,2766636896.0,1260418472.0,1598326272.0,1365416048.0,2742826704.0,5277538008.0,MISSING,B0
development,B1-rank12-q2-r0-K0,6d94925db9107eb619526d6987146a036344e8fb9af2ffd5c6dfe57fa2f8c48c,0.021271649526361323,0.002425623046237577,True,0.0017151745045969613,0.0002689153389350274,1.0,0.01332615312251674,0.014772412288178674,49351,40161,89512,3579942928.0,0.0,False,3579942928.0,1571741208.0,2070233536.0,1760701040.0,3489535808.0,6843818984.0,MISSING,B1
development,B2-rank3-q2-r4-K4,127236c66fd1401664dfc9aa26f9ae80b813a1c7a5b23c089cb3e68c3a7dbffc,0.021271649526361323,0.0024207792897476465,True,0.001711749451536515,0.00026838900843739744,1.0275373871668176,0.013329578175577186,0.014772938618676304,52080,42401,94481,1169388384.4687495,5976338.064737763,True,1169388384.4687495,485895115.2812498,628156928.5,510082251.28125024,1058703892.9687502,2230944422.625,MISSING,B2
development,B3-rank0-q8-r32-K4,9feb7b75a61651992917ebc41e6b410eb6c6942213237eb566c049cd884377a8,0.021271649526361323,0.00012828672563865807,True,9.071241363531324e-05,1.4812500512273452e-05,1.6005852772940825,0.014950615213478388,0.015026515126601428,100449,99437,199886,6395058987.437502,111166123.1964895,False,6395058987.437502,1465301801.625,2111339600.0625007,981914989.25,3219020361.9375,12409678698.937502,MISSING,B3
development,B0-rank9-q2-r0-K0,830a01f9ea6cd9075c324a30b81b282e9a7e91bf8a90d5a2f3abeefc028dfdcd,0.021485127513926824,0.0024255322146783053,True,0.0017151102769854543,0.00026890492035402946,1.0,0.013477169082769871,0.014923374439401296,48252,39353,87605,2707695340.0,0.0,False,2707695340.0,1233566005.0,1564274880.0,1336326670.0,2684392410.0,5165103195.0,MISSING,B0
development,B1-rank12-q2-r0-K0,6d94925db9107eb619526d6987146a036344e8fb9af2ffd5c6dfe57fa2f8c48c,0.021485127513926824,0.002425623046237577,True,0.0017151745045969613,0.0002689153389350274,1.0,0.013477104855158364,0.014923364020820298,48252,39353,87605,3503674370.0,0.0,False,3503674370.0,1538256195.0,2026128440.0,1723190350.0,3415193320.0,6698015485.0,MISSING,B1
development,B2-rank3-q2-r4-K4,127236c66fd1401664dfc9aa26f9ae80b813a1c7a5b23c089cb3e68c3a7dbffc,0.021485127513926824,0.0024207792897476465,True,0.001711749451536515,0.00026838900843739744,1.0275373871668176,0.01348052990821881,0.014923890351317928,50920,41547,92467,1144461169.4062495,5848943.722358006,True,1144461169.4062495,475537553.8437498,614766849.5,499209105.84375024,1036136078.9062502,2183388595.875,MISSING,B2
development,B3-rank0-q8-r32-K4,9feb7b75a61651992917ebc41e6b410eb6c6942213237eb566c049cd884377a8,0.021485127513926824,0.00012828672563865807,True,9.071241363531324e-05,1.4812500512273452e-05,1.6005852772940825,0.015101566946120012,0.015177466859243052,98451,97469,195920,6268172642.500002,108960441.73507011,False,6268172642.500002,1436228295.0,2069447857.5000007,962432510.0,3155150782.5,12163454422.500002,MISSING,B3
development,B0-rank9-q2-r0-K0,830a01f9ea6cd9075c324a30b81b282e9a7e91bf8a90d5a2f3abeefc028dfdcd,0.02170074792355125,0.0024255322146783053,True,0.0017151102769854543,0.00026890492035402946,1.0,0.013629635736577522,0.015075841093208947,47178,38561,85739,2650021012.0,0.0,False,2650021012.0,1207290859.0,1530955584.0,1307862706.0,2627214438.0,5055085701.0,MISSING,B0
development,B1-rank12-q2-r0-K0,6d94925db9107eb619526d6987146a036344e8fb9af2ffd5c6dfe57fa2f8c48c,0.02170074792355125,0.002425623046237577,True,0.0017151745045969613,0.0002689153389350274,1.0,0.013629571508966015,0.015075830674627949,47179,38561,85740,3429085560.0,0.0,False,3429085560.0,1505508660.0,1982994720.0,1686505800.0,3342488160.0,6555423180.0,MISSING,B1
development,B2-rank3-q2-r4-K4,127236c66fd1401664dfc9aa26f9ae80b813a1c7a5b23c089cb3e68c3a7dbffc,0.02170074792355125,0.0024207792897476465,True,0.001711749451536515,0.00026838900843739744,1.0275373871668176,0.013632996562026461,0.015076357005125579,49788,40711,90499,1120103294.9062495,5724459.081939256,True,1120103294.9062495,465416560.3437499,601682601.5,488584304.3437502,1014083716.4062502,2136918949.875,MISSING,B2
development,B3-rank0-q8-r32-K4,9feb7b75a61651992917ebc41e6b410eb6c6942213237eb566c049cd884377a8,0.02170074792355125,0.00012828672563865807,True,9.071241363531324e-05,1.4812500512273452e-05,1.6005852772940825,0.015254033599927663,0.015329933513050703,96493,95540,192033,6143813786.531251,106798695.93564065,False,6143813786.531251,1407733912.6875,2028390569.7187507,943338108.375,3092553441.28125,11922134764.781252,MISSING,B3
development,B0-rank9-q2-r0-K0,830a01f9ea6cd9075c324a30b81b282e9a7e91bf8a90d5a2f3abeefc028dfdcd,0.0219185322561506,0.0024255322146783053,True,0.0017151102769854543,0.00026890492035402946,1.0,0.013783632514994712,0.015229837871626137,46130,37785,83915,2593644820.0,0.0,False,2593644820.0,1181607115.0,1498386240.0,1280039410.0,2571323430.0,4947544485.0,MISSING,B0
development,B1-rank12-q2-r0-K0,6d94925db9107eb619526d6987146a036344e8fb9af2ffd5c6dfe57fa2f8c48c,0.0219185322561506,0.002425623046237577,True,0.0017151745045969613,0.0002689153389350274,1.0,0.013783568287383205,0.01522982745304514,46130,37785,83915,3356096510.0,0.0,False,3356096510.0,1473463485.0,1940786120.0,1650608050.0,3271342360.0,6415889155.0,MISSING,B1
development,B2-rank3-q2-r4-K4,127236c66fd1401664dfc9aa26f9ae80b813a1c7a5b23c089cb3e68c3a7dbffc,0.0219185322561506,0.0024207792897476465,True,0.001711749451536515,0.00026838900843739744,1.0275373871668176,0.013786993340443652,0.01523035378354277,48682,39892,88574,1096277630.0624998,5602694.380310143,True,1096277630.0624998,455516706.4374999,588884239.0,478191650.4375001,992513189.0625002,2091464646.75,MISSING,B2
development,B3-rank0-q8-r32-K4,9feb7b75a61651992917ebc41e6b410eb6c6942213237eb566c049cd884377a8,0.0219185322561506,0.00012828672563865807,True,9.071241363531324e-05,1.4812500512273452e-05,1.6005852772940825,0.015408030378344853,0.015483930291467893,94574,93649,188223,6021918432.468751,104679773.50296089,False,6021918432.468751,1379803993.3125,1988146611.2812507,924621959.625,3031196129.71875,11685595558.218752,MISSING,B3
development,B0-rank9-q2-r0-K0,830a01f9ea6cd9075c324a30b81b282e9a7e91bf8a90d5a2f3abeefc028dfdcd,0.022138502228419735,0.0024255322146783053,True,0.0017151102769854543,0.00026890492035402946,1.0,0.013939174774043633,0.015385380130675058,45106,37025,82131,2538504948.0,0.0,False,2538504948.0,1156486611.0,1466531136.0,1252826274.0,2516658102.0,4842361629.0,MISSING,B0
development,B1-rank12-q2-r0-K0,6d94925db9107eb619526d6987146a036344e8fb9af2ffd5c6dfe57fa2f8c48c,0.022138502228419735,0.002425623046237577,True,0.0017151745045969613,0.0002689153389350274,1.0,0.013939110546432126,0.01538536971209406,45107,37025,82132,3284787208.0,0.0,False,3284787208.0,1442155788.0,1899548896.0,1615536440.0,3201833888.0,6279566324.0,MISSING,B1
development,B2-rank3-q2-r4-K4,127236c66fd1401664dfc9aa26f9ae80b813a1c7a5b23c089cb3e68c3a7dbffc,0.022138502228419735,0.0024207792897476465,True,0.001711749451536515,0.00026838900843739744,1.0275373871668176,0.013942535599492573,0.01538589604259169,47602,39090,86692,1072984174.8749998,5483649.617470668,True,1072984174.8749998,445837992.1249999,576371762.0,468031144.1250001,971424496.8750001,2047025686.5,MISSING,B2
development,B3-rank0-q8-r32-K4,9feb7b75a61651992917ebc41e6b410eb6c6942213237eb566c049cd884377a8,0.022138502228419735,0.00012828672563865807,True,9.071241363531324e-05,1.4812500512273452e-05,1.6005852772940825,0.015563572637393774,0.015639472550516814,92693,91795,184488,5902422593.250001,102602562.1417906,False,5902422593.250001,1352423875.5,1948694856.7500007,906274239.0,2971046639.25,11453712635.250002,MISSING,B3
development,B0-rank9-q1-r0-K0,9ec97d08a230b48e959eb7f5084fe00655cf97d80ba3307025097d092fd8d4d9,0.022360679774997897,0.010184552019249145,True,0.007201565796158216,0.0009729523927182182,1.0,0.00860982250468368,0.014838435908123677,118227,39805,158032,2466721488.0,0.0,False,2466721488.0,1117760336.0,1418495232.0,1208470704.0,2432112480.0,4703664448.0,MISSING,B0
development,B1-rank12-q1-r0-K0,5118c41031227fe7642bc243c875f815afae86eb716e4c1b31c31f7ea2c48c7c,0.022360679774997897,0.010184642692195597,True,0.007201629911613522,0.0009729624794152514,1.0,0.008609758389228374,0.014838425821426644,118229,39805,158034,3187229712.0,0.0,False,3187229712.0,1397020560.0,1837619352.0,1561217886.0,3101101182.0,6091420530.0,MISSING,B1
development,B2-rank3-q2-r4-K4,127236c66fd1401664dfc9aa26f9ae80b813a1c7a5b23c089cb3e68c3a7dbffc,0.022360679774997897,0.0024207792897476465,True,0.001711749451536515,0.00026838900843739744,1.0275373871668176,0.01409963884930538,0.015542999292404498,46547,38303,84850,1050185798.4374998,5367135.03024946,True,1050185798.4374998,436364989.0624999,564125225.0,458086589.0625001,950784023.4375001,2003531231.25,MISSING,B2
development,B3-rank0-q8-r32-K4,9feb7b75a61651992917ebc41e6b410eb6c6942213237eb566c049cd884377a8,0.022360679774997897,0.00012828672563865807,True,9.071241363531324e-05,1.4812500512273452e-05,1.6005852772940825,0.015720675887206582,0.015796575800329622,90850,89979,180829,5785358262.406251,100567617.99974985,False,5785358262.406251,1325600889.9375,1910045868.8437507,888299858.875,2912121074.15625,11226548079.656252,MISSING,B3
development,B0-rank9-q1-r0-K0,9ec97d08a230b48e959eb7f5084fe00655cf97d80ba3307025097d092fd8d4d9,0.02258508705065592,0.010184552019249145,True,0.007201565796158216,0.0009729523927182182,1.0,0.008768502411049067,0.014997115814489065,113987,38967,152954,2387458986.0,0.0,False,2387458986.0,1081843642.0,1372915104.0,1169639238.0,2353962060.0,4552522856.0,MISSING,B0
development,B1-rank12-q1-r0-K0,5118c41031227fe7642bc243c875f815afae86eb716e4c1b31c31f7ea2c48c7c,0.02258508705065592,0.010184642692195597,True,0.007201629911613522,0.0009729624794152514,1.0,0.008768438295593761,0.014997105727792032,113989,38967,152956,3084816608.0,0.0,False,3084816608.0,1352131040.0,1778572368.0,1511052324.0,3001455588.0,5895689020.0,MISSING,B1
development,B2-rank3-q2-r4-K4,127236c66fd1401664dfc9aa26f9ae80b813a1c7a5b23c089cb3e68c3a7dbffc,0.02258508705065592,0.0024207792897476465,True,0.001711749451536515,0.00026838900843739744,1.0275373871668176,0.014258318755670768,0.015701679198769886,45516,37533,83049,1027894877.7187498,5253213.873036976,True,1027894877.7187498,427102840.0312499,552151276.5,448363384.0312501,930602974.2187501,1961004893.625,MISSING,B2
development,B3-rank0-q8-r32-K4,9feb7b75a61651992917ebc41e6b410eb6c6942213237eb566c049cd884377a8,0.02258508705065592,0.00012828672563865807,True,9.071241363531324e-05,1.4812500512273452e-05,1.6005852772940825,0.01587935579357197,0.01595525570669501,89043,88198,177241,5670565472.281251,98572160.33873805,False,5670565472.281251,1299298383.1875,1872146833.9687507,870674257.375,2854338913.03125,11003791472.531252,MISSING,B3
development,B0-rank9-q1-r0-K0,9ec97d08a230b48e959eb7f5084fe00655cf97d80ba3307025097d092fd8d4d9,0.022811746432505494,0.010184552019249145,True,0.007201565796158216,0.0009729523927182182,1.0,0.008928774796974452,0.01515738820041445,109932,38147,148079,2311365111.0,0.0,False,2311365111.0,1047362767.0,1329157104.0,1132360113.0,2278935810.0,4407423356.0,MISSING,B0
development,B1-rank12-q1-r0-K0,5118c41031227fe7642bc243c875f815afae86eb716e4c1b31c31f7ea2c48c7c,0.022811746432505494,0.010184642692195597,True,0.007201629911613522,0.0009729624794152514,1.0,0.008928710681519146,0.015157378113717417,109933,38147,148080,2986477440.0,0.0,False,2986477440.0,1309027200.0,1721874240.0,1462882320.0,2905773840.0,5707743600.0,MISSING,B1
development,B2-rank3-q2-r4-K4,127236c66fd1401664dfc9aa26f9ae80b813a1c7a5b23c089cb3e68c3a7dbffc,0.022811746432505494,0.0024207792897476465,True,0.001711749451536515,0.00026838900843739744,1.0275373871668176,0.014418591141596153,0.01586195158469527,44510,36778,81288,1006099035.7499998,5141822.891442759,True,1006099035.7499998,418046402.2499999,540443268.0,438856130.2500001,910870143.7500001,1919423061.0,MISSING,B2
development,B3-rank0-q8-r32-K4,9feb7b75a61651992917ebc41e6b410eb6c6942213237eb566c049cd884377a8,0.022811746432505494,0.00012828672563865807,True,9.071241363531324e-05,1.4812500512273452e-05,1.6005852772940825,0.016039628179497355,0.016115528092620394,87272,86452,173724,5558044222.875001,96616189.1587552,False,5558044222.875001,1273516355.25,1834997752.1250007,853397434.5,2797700155.875,10785442813.875002,MISSING,B3
development,B0-rank9-q1-r0-K0,9ec97d08a230b48e959eb7f5084fe00655cf97d80ba3307025097d092fd8d4d9,0.023040680522230447,0.010184552019249145,True,0.007201565796158216,0.0009729523927182182,1.0,0.009090655644263736,0.015319269047703733,106051,37345,143396,2238268164.0,0.0,False,2238268164.0,1014239908.0,1287122496.0,1096549212.0,2206864440.0,4268038544.0,MISSING,B0
development,B1-rank12-q1-r0-K0,5118c41031227fe7642bc243c875f815afae86eb716e4c1b31c31f7ea2c48c7c,0.023040680522230447,0.010184642692195597,True,0.007201629911613522,0.0009729624794152514,1.0,0.00909059152880843,0.0153192589610067,106053,37345,143398,2892050864.0,0.0,False,2892050864.0,1267638320.0,1667431944.0,1416628842.0,2813898954.0,5527275910.0,MISSING,B1
development,B2-rank3-q2-r4-K4,127236c66fd1401664dfc9aa26f9ae80b813a1c7a5b23c089cb3e68c3a7dbffc,0.023040680522230447,0.0024207792897476465,True,0.001711749451536515,0.00026838900843739744,1.0275373871668176,0.014580471988885436,0.016023832431984554,43527,36039,79566,984785895.5624998,5032898.831076353,True,984785895.5624998,409190532.9374999,528994551.0,429559428.9375001,891574326.5625001,1878762120.75,MISSING,B2
development,B3-rank0-q8-r32-K4,9feb7b75a61651992917ebc41e6b410eb6c6942213237eb566c049cd884377a8,0.023040680522230447,0.00012828672563865807,True,9.071241363531324e-05,1.4812500512273452e-05,1.6005852772940825,0.016201509026786638,0.016277408939909678,85537,84741,170278,5447794514.187501,94699704.45980127,False,5447794514.187501,1248254806.125,1798598623.3125007,836469390.25,2742204802.6875,10571502103.687502,MISSING,B3
development,B0-rank9-q1-r0-K0,9ec97d08a230b48e959eb7f5084fe00655cf97d80ba3307025097d092fd8d4d9,0.02327191214834057,0.010184552019249145,True,0.007201565796158216,0.0009729523927182182,1.0,0.009254161095110996,0.015482774498550993,102337,36561,138898,2168058882.0,0.0,False,2168058882.0,982425554.0,1246748448.0,1062153006.0,2137640220.0,4134160072.0,MISSING,B0
development,B1-rank12-q1-r0-K0,5118c41031227fe7642bc243c875f815afae86eb716e4c1b31c31f7ea2c48c7c,0.02327191214834057,0.010184642692195597,True,0.007201629911613522,0.0009729624794152514,1.0,0.00925409697965569,0.01548276441185396,102338,36561,138899,2801315032.0,0.0,False,2801315032.0,1227867160.0,1615117572.0,1372183221.0,2725615077.0,5353861955.0,MISSING,B1
development,B2-rank3-q2-r4-K4,127236c66fd1401664dfc9aa26f9ae80b813a1c7a5b23c089cb3e68c3a7dbffc,0.02327191214834057,0.0024207792897476465,True,0.001711749451536515,0.00026838900843739744,1.0275373871668176,0.014743977439732697,0.016187337882831814,42567,35315,77882,963943080.1874998,4926378.4375473,True,963943080.1874998,400530089.3124999,517798477.0,420467881.3125001,872704317.1875001,1838998460.25,MISSING,B2
development,B3-rank0-q8-r32-K4,9feb7b75a61651992917ebc41e6b410eb6c6942213237eb566c049cd884377a8,0.02327191214834057,0.00012828672563865807,True,9.071241363531324e-05,1.4812500512273452e-05,1.6005852772940825,0.0163650144776339,0.016440914390756938,83836,83064,166900,5339720365.625001,92821037.79901592,False,5339720365.625001,1223491743.75,1762917759.3750007,819875387.5,2687804540.625,10361783090.625002,MISSING,B3
development,B0-rank9-q1-r0-K0,9ec97d08a230b48e959eb7f5084fe00655cf97d80ba3307025097d092fd8d4d9,0.02350546436844801,0.010184552019249145,True,0.007201565796158216,0.0009729523927182182,1.0,0.009419307453710137,0.015647920857150135,98780,35793,134573,2100549957.0,0.0,False,2100549957.0,951834829.0,1207927248.0,1029079731.0,2071078470.0,4005430772.0,MISSING,B0
development,B1-rank12-q1-r0-K0,5118c41031227fe7642bc243c875f815afae86eb716e4c1b31c31f7ea2c48c7c,0.02350546436844801,0.010184642692195597,True,0.007201629911613522,0.0009729624794152514,1.0,0.009419243338254831,0.0156479107704531,98781,35793,134574,2714088432.0,0.0,False,2714088432.0,1189634160.0,1564826472.0,1329456546.0,2640745602.0,5187154830.0,MISSING,B1
development,B2-rank3-q2-r4-K4,127236c66fd1401664dfc9aa26f9ae80b813a1c7a5b23c089cb3e68c3a7dbffc,0.02350546436844801,0.0024207792897476465,True,0.001711749451536515,0.00026838900843739744,1.0275373871668176,0.014909123798331838,0.016352484241430956,41630,34605,76235,943558212.6562498,4822198.456465146,True,943558212.6562498,392059928.5937499,506848397.5,411576088.5937501,854248910.1562501,1800108466.875,MISSING,B2
development,B3-rank0-q8-r32-K4,9feb7b75a61651992917ebc41e6b410eb6c6942213237eb566c049cd884377a8,0.02350546436844801,0.00012828672563865807,True,9.071241363531324e-05,1.4812500512273452e-05,1.6005852772940825,0.01653016083623304,0.01660606074935608,82170,81420,163590,5233821777.187501,90980189.17639913,False,5233821777.187501,1199227168.125,1727955160.3125005,803615426.25,2634499369.6875,10156285774.687502,MISSING,B3
development,B0-rank9-q1-r0-K0,9ec97d08a230b48e959eb7f5084fe00655cf97d80ba3307025097d092fd8d4d9,0.0237413604715664,0.010184552019249145,True,0.007201565796158216,0.0009729523927182182,1.0,0.009586111187880636,0.015814724591320634,95372,35042,130414,2035632126.0,0.0,False,2035632126.0,922418222.0,1170596064.0,997275858.0,2007071460.0,3881642296.0,MISSING,B0
development,B1-rank12-q1-r0-K0,5118c41031227fe7642bc243c875f815afae86eb716e4c1b31c31f7ea2c48c7c,0.0237413604715664,0.010184642692195597,True,0.007201629911613522,0.0009729624794152514,1.0,0.00958604707242533,0.0158147145046236,95374,35042,130416,2630229888.0,0.0,False,2630229888.0,1152877440.0,1516477248.0,1288379664.0,2559153168.0,5026884720.0,MISSING,B1
development,B2-rank3-q1-r4-K2,ff8e17f270d298339d53b9f47b8fc13189a91c30105498e405a642bfe5bf29ec,0.0237413604715664,0.01016372648211009,True,0.007186839917625337,0.0009698292933906227,1.0554795598765143,0.009600837066413515,0.01581784769064823,105923,39023,144946,921815793.9375,6631439.935035243,True,921815793.9375,377928576.75000006,489518878.50000006,394389006.87500006,823370282.5625001,1758502990.25,MISSING,B2
development,B3-rank0-q8-r32-K4,9feb7b75a61651992917ebc41e6b410eb6c6942213237eb566c049cd884377a8,0.0237413604715664,0.00012828672563865807,True,9.071241363531324e-05,1.4812500512273452e-05,1.6005852772940825,0.01669696457040354,0.01677286448352658,80536,79809,160345,5130002768.281251,89175490.14909053,False,5130002768.281251,1175439087.1875,1693679137.9687505,787674769.375,2582240977.03125,9954823904.531252,MISSING,B3
development,B0-rank9-q1-r0-K0,9ec97d08a230b48e959eb7f5084fe00655cf97d80ba3307025097d092fd8d4d9,0.023979623980433264,0.010184552019249145,True,0.007201565796158216,0.0009729523927182182,1.0,0.009754588930709695,0.015983202334149692,92106,34307,126413,1973180517.0,0.0,False,1973180517.0,894119149.0,1134683088.0,966680211.0,1945496070.0,3762556532.0,MISSING,B0
development,B1-rank12-q1-r0-K0,5118c41031227fe7642bc243c875f815afae86eb716e4c1b31c31f7ea2c48c7c,0.023979623980433264,0.010184642692195597,True,0.007201629911613522,0.0009729624794152514,1.0,0.009754524815254389,0.01598319224745266,92108,34307,126415,2549537720.0,0.0,False,2549537720.0,1117508600.0,1469953620.0,1248853785.0,2480641545.0,4872666175.0,MISSING,B1
development,B2-rank3-q1-r4-K2,ff8e17f270d298339d53b9f47b8fc13189a91c30105498e405a642bfe5bf29ec,0.023979623980433264,0.01016372648211009,True,0.007186839917625337,0.0009698292933906227,1.0554795598765143,0.009769314809242573,0.015986325433477288,102301,38204,140505,893572282.96875,6428259.269466744,True,893572282.96875,366349224.37500006,474520511.25000006,382305323.43750006,798143043.2812501,1704624223.125,MISSING,B2
development,B3-rank0-q8-r32-K4,9feb7b75a61651992917ebc41e6b410eb6c6942213237eb566c049cd884377a8,0.023979623980433264,0.00012828672563865807,True,9.071241363531324e-05,1.4812500512273452e-05,1.6005852772940825,0.016865442313232597,0.016941342226355637,78935,78229,157164,5028231345.375001,87406384.56946997,False,5028231345.375001,1152120170.25,1660079129.6250005,772048504.5,2531013258.375,9757335396.375002,MISSING,B3
development,B0-rank9-q1-r0-K0,9ec97d08a230b48e959eb7f5084fe00655cf97d80ba3307025097d092fd8d4d9,0.024220278653855575,0.010184552019249145,True,0.007201565796158216,0.0009729523927182182,1.0,0.009924757482210844,0.01615337088565084,88975,33588,122563,1913085867.0,0.0,False,1913085867.0,866888099.0,1100125488.0,937239261.0,1886244570.0,3647965132.0,MISSING,B0
development,B1-rank12-q1-r0-K0,5118c41031227fe7642bc243c875f815afae86eb716e4c1b31c31f7ea2c48c7c,0.024220278653855575,0.010184642692195597,True,0.007201629911613522,0.0009729624794152514,1.0,0.009924693366755537,0.016153360798953808,88976,33588,122564,2471870752.0,0.0,False,2471870752.0,1083465760.0,1425174192.0,1210809756.0,2405073372.0,4724229380.0,MISSING,B1
development,B2-rank3-q1-r4-K2,ff8e17f270d298339d53b9f47b8fc13189a91c30105498e405a642bfe5bf29ec,0.024220278653855575,0.01016372648211009,True,0.007186839917625337,0.0009698292933906227,1.0554795598765143,0.009939483360743722,0.016156493984978437,98828,37404,136232,866397204.75,6232764.789850849,True,866397204.75,355207911.00000006,460089522.00000006,370678757.50000006,773870133.2500001,1652783653.0,MISSING,B2
development,B3-rank0-q8-r32-K4,9feb7b75a61651992917ebc41e6b410eb6c6942213237eb566c049cd884377a8,0.024220278653855575,0.00012828672563865807,True,9.071241363531324e-05,1.4812500512273452e-05,1.6005852772940825,0.017035610864733746,0.017111510777856786,77366,76681,154047,4928507508.468751,85672872.43753749,False,4928507508.468751,1129270417.3125,1627155135.2812505,756736631.625,2480816213.71875,9563820250.218752,MISSING,B3
development,B0-rank9-q1-r0-K0,9ec97d08a230b48e959eb7f5084fe00655cf97d80ba3307025097d092fd8d4d9,0.02446334848907889,0.010184552019249145,True,0.007201565796158216,0.0009729523927182182,1.0,0.010096633810999147,0.016325247214439145,85971,32885,118856,1855223304.0,0.0,False,1855223304.0,840668488.0,1066851456.0,908891832.0,1829193840.0,3537629984.0,MISSING,B0
development,B1-rank12-q1-r0-K0,5118c41031227fe7642bc243c875f815afae86eb716e4c1b31c31f7ea2c48c7c,0.02446334848907889,0.010184642692195597,True,0.007201629911613522,0.0009729624794152514,1.0,0.010096569695543841,0.01632523712774211,85973,32885,118858,2397128144.0,0.0,False,2397128144.0,1050704720.0,1382080824.0,1174198182.0,2332350534.0,4581381610.0,MISSING,B1
development,B2-rank3-q1-r4-K2,ff8e17f270d298339d53b9f47b8fc13189a91c30105498e405a642bfe5bf29ec,0.02446334848907889,0.01016372648211009,True,0.007186839917625337,0.0009698292933906227,1.0554795598765143,0.010111359689532026,0.01632837031376674,95497,36621,132118,840233321.8125,6044544.73622581,True,840233321.8125,344481170.25000006,446195515.50000006,359484820.62500006,750500427.6875001,1602872090.75,MISSING,B2
development,B3-rank0-q8-r32-K4,9feb7b75a61651992917ebc41e6b410eb6c6942213237eb566c049cd884377a8,0.02446334848907889,0.00012828672563865807,True,9.071241363531324e-05,1.4812500512273452e-05,1.6005852772940825,0.01720748719352205,0.01728338710664509,75828,75164,150992,4830767270.500001,83973841.4580528,False,4830767270.500001,1106875167.0,1594886029.5000005,741729326.0,2431617634.5,9374154298.500002,MISSING,B3
development,B0-rank9-q1-r0-K0,9ec97d08a230b48e959eb7f5084fe00655cf97d80ba3307025097d092fd8d4d9,0.024708857724180293,0.010184552019249145,True,0.007201565796158216,0.0009729523927182182,1.0,0.010270235055983273,0.01649884845942327,83090,32196,115286,1799499174.0,0.0,False,1799499174.0,815417878.0,1034807136.0,881592042.0,1774251540.0,3431372504.0,MISSING,B0
development,B1-rank12-q1-r0-K0,5118c41031227fe7642bc243c875f815afae86eb716e4c1b31c31f7ea2c48c7c,0.024708857724180293,0.010184642692195597,True,0.007201629911613522,0.0009729624794152514,1.0,0.010270170940527967,0.016498838372726237,83091,32196,115287,2325108216.0,0.0,False,2325108216.0,1019137080.0,1340557236.0,1138920273.0,2262276801.0,4443737415.0,MISSING,B1
development,B2-rank3-q1-r4-K2,ff8e17f270d298339d53b9f47b8fc13189a91c30105498e405a642bfe5bf29ec,0.024708857724180293,0.01016372648211009,True,0.007186839917625337,0.0009698292933906227,1.0554795598765143,0.010284960934516151,0.016501971558750866,92300,35854,128154,815023396.6875,5863187.348629879,True,815023396.6875,334145535.75000006,432808096.50000006,348699024.37500006,727982801.8125001,1554780347.25,MISSING,B2
development,B3-rank0-q8-r32-K4,9feb7b75a61651992917ebc41e6b410eb6c6942213237eb566c049cd884377a8,0.024708857724180293,0.00012828672563865807,True,9.071241363531324e-05,1.4812500512273452e-05,1.6005852772940825,0.017381088438506175,0.017456988351629215,74321,73676,147997,4734946644.406251,82308179.33577567,False,4734946644.406251,1084919757.9375,1563250686.8437505,727016762.875,2383385312.15625,9188213373.656252,MISSING,B3
development,B0-rank9-q1-r0-K0,9ec97d08a230b48e959eb7f5084fe00655cf97d80ba3307025097d092fd8d4d9,0.024956830840485323,0.010184552019249145,True,0.007201565796158216,0.0009729523927182182,1.0,0.010445578528074519,0.016674191931514516,80324,31523,111847,1745819823.0,0.0,False,1745819823.0,791093831.0,1003938672.0,855294009.0,1721325330.0,3329014108.0,MISSING,B0
development,B1-rank12-q1-r0-K0,5118c41031227fe7642bc243c875f815afae86eb716e4c1b31c31f7ea2c48c7c,0.024956830840485323,0.010184642692195597,True,0.007201629911613522,0.0009729624794152514,1.0,0.010445514412619213,0.016674181844817483,80325,31523,111848,2255750464.0,0.0,False,2255750464.0,988736320.0,1300568544.0,1104946392.0,2194793304.0,4311181160.0,MISSING,B1
development,B2-rank3-q1-r4-K2,ff8e17f270d298339d53b9f47b8fc13189a91c30105498e405a642bfe5bf29ec,0.024956830840485323,0.01016372648211009,True,0.007186839917625337,0.0009698292933906227,1.0554795598765143,0.010460304406607397,0.01667731503084211,89232,35104,124336,790741990.5,5688509.622635615,True,790741990.5,324190578.00000006,419913756.00000006,338310485.00000006,706294533.5000001,1508459894.0,MISSING,B2
development,B3-rank0-q8-r32-K4,9feb7b75a61651992917ebc41e6b410eb6c6942213237eb566c049cd884377a8,0.024956830840485323,0.00012828672563865807,True,9.071241363531324e-05,1.4812500512273452e-05,1.6005852772940825,0.01755643191059742,0.01763233182372046,72844,72218,145062,4641045630.187501,80675886.0707061,False,4641045630.187501,1063404190.125,1532249107.3125005,712598942.25,2336119246.6875,9005997475.687502,MISSING,B3
development,B0-rank9-q1-r0-K0,9ec97d08a230b48e959eb7f5084fe00655cf97d80ba3307025097d092fd8d4d9,0.025207292565009178,0.010184552019249145,True,0.007201565796158216,0.0009729523927182182,1.0,0.010622681711913013,0.01685129511535301,77668,30864,108532,1694075988.0,0.0,False,1694075988.0,767646836.0,974183232.0,829944204.0,1670307480.0,3230346448.0,MISSING,B0
development,B1-rank12-q1-r0-K0,5118c41031227fe7642bc243c875f815afae86eb716e4c1b31c31f7ea2c48c7c,0.025207292565009178,0.010184642692195597,True,0.007201629911613522,0.0009729624794152514,1.0,0.010622617596457707,0.016851285028655977,77668,30864,108532,2188873376.0,0.0,False,2188873376.0,959422880.0,1262010096.0,1072187628.0,2129723436.0,4183365940.0,MISSING,B1
development,B2-rank3-q1-r4-K2,ff8e17f270d298339d53b9f47b8fc13189a91c30105498e405a642bfe5bf29ec,0.025207292565009178,0.01016372648211009,True,0.007186839917625337,0.0009698292933906227,1.0554795598765143,0.010637407590445892,0.016854418214680606,86285,34370,120655,767331865.78125,5520099.798281271,True,767331865.78125,314592830.62500006,407482098.75000006,328294714.06250006,685384497.9687501,1463801541.875,MISSING,B2
development,B3-rank0-q8-r32-K4,9feb7b75a61651992917ebc41e6b410eb6c6942213237eb566c049cd884377a8,0.025207292565009178,0.00012828672563865807,True,9.071241363531324e-05,1.4812500512273452e-05,1.6005852772940825,0.017733535094435916,0.017809435007558955,71396,70789,142185,4549000240.781251,79075849.36760382,False,4549000240.781251,1042313802.1875,1501860165.4687505,698466039.375,2289787229.53125,8827382437.031252,MISSING,B3
development,B0-rank9-q1-r0-K0,9ec97d08a230b48e959eb7f5084fe00655cf97d80ba3307025097d092fd8d4d9,0.025460267872922375,0.010184552019249145,True,0.007201565796158216,0.0009729523927182182,1.0,0.01080156226761119,0.01703017567105119,75116,30219,105335,1644174015.0,0.0,False,1644174015.0,745034455.0,945486960.0,805496745.0,1621105650.0,3135190940.0,MISSING,B0
development,B1-rank12-q1-r0-K0,5118c41031227fe7642bc243c875f815afae86eb716e4c1b31c31f7ea2c48c7c,0.025460267872922375,0.010184642692195597,True,0.007201629911613522,0.0009729624794152514,1.0,0.010801498152155885,0.017030165584354155,75117,30219,105336,2124416448.0,0.0,False,2124416448.0,931170240.0,1224847008.0,1040614344.0,2067008328.0,4060176120.0,MISSING,B1
development,B2-rank3-q1-r4-K2,ff8e17f270d298339d53b9f47b8fc13189a91c30105498e405a642bfe5bf29ec,0.025460267872922375,0.01016372648211009,True,0.007186839917625337,0.0009698292933906227,1.0554795598765143,0.01081628814614407,0.017033298770378784,83455,33652,117107,744767583.65625,5357774.871139404,True,744767583.65625,305341864.12500006,395499615.75000006,318640827.81250006,665229973.0937501,1420756762.375,MISSING,B2
development,B3-rank0-q8-r32-K4,9feb7b75a61651992917ebc41e6b410eb6c6942213237eb566c049cd884377a8,0.025460267872922375,0.00012828672563865807,True,9.071241363531324e-05,1.4812500512273452e-05,1.6005852772940825,0.017912415650134093,0.017988315563257133,69977,69388,139365,4458778482.656251,77507513.07884873,False,4458778482.656251,1021641263.4375,1472073298.5937505,684613141.875,2244373156.40625,8652306173.906252,MISSING,B3
development,B0-rank9-q1-r0-K0,9ec97d08a230b48e959eb7f5084fe00655cf97d80ba3307025097d092fd8d4d9,0.025715781990041233,0.010184552019249145,True,0.007201565796158216,0.0009729523927182182,1.0,0.01098223803251483,0.017210851435954827,72665,29587,102252,1596051468.0,0.0,False,1596051468.0,723228396.0,917813952.0,781921044.0,1573658280.0,3043428528.0,MISSING,B0
development,B1-rank12-q1-r0-K0,5118c41031227fe7642bc243c875f815afae86eb716e4c1b31c31f7ea2c48c7c,0.025715781990041233,0.010184642692195597,True,0.007201629911613522,0.0009729624794152514,1.0,0.010982173917059523,0.017210841349257794,72666,29587,102253,2062238504.0,0.0,False,2062238504.0,903916520.0,1188997884.0,1010157387.0,2006510619.0,3941341885.0,MISSING,B1
development,B2-rank3-q1-r4-K2,ff8e17f270d298339d53b9f47b8fc13189a91c30105498e405a642bfe5bf29ec,0.025715781990041233,0.01016372648211009,True,0.007186839917625337,0.0009698292933906227,1.0554795598765143,0.010996963911047708,0.017213974535282422,80735,32950,113685,723004626.09375,5201214.58346199,True,723004626.09375,296419426.87500006,383942666.25000006,309329779.68750006,645791195.1562501,1379240630.625,MISSING,B2
development,B3-rank0-q8-r32-K4,9feb7b75a61651992917ebc41e6b410eb6c6942213237eb566c049cd884377a8,0.025715781990041233,0.00012828672563865807,True,9.071241363531324e-05,1.4812500512273452e-05,1.6005852772940825,0.018093091415037732,0.018168991328160772,68587,68015,136602,4370380355.812501,75970877.20444082,False,4370380355.812501,1001386573.875,1442888506.6875005,671040249.75,2199877027.3125,8480768686.312501,MISSING,B3
development,B0-rank9-q1-r0-K0,9ec97d08a230b48e959eb7f5084fe00655cf97d80ba3307025097d092fd8d4d9,0.025973860395343277,0.010184552019249145,True,0.007201565796158216,0.0009729523927182182,1.0,0.011164727022981713,0.01739334042642171,70309,28970,99279,1549645911.0,0.0,False,1549645911.0,702200367.0,891128304.0,759186513.0,1527903810.0,2954940156.0,MISSING,B0
development,B1-rank12-q1-r0-K0,5118c41031227fe7642bc243c875f815afae86eb716e4c1b31c31f7ea2c48c7c,0.025973860395343277,0.010184642692195597,True,0.007201629911613522,0.0009729624794152514,1.0,0.011164662907526407,0.017393330339724677,70310,28970,99280,2002279040.0,0.0,False,2002279040.0,877635200.0,1154427840.0,980787120.0,1948171440.0,3826747600.0,MISSING,B1
development,B2-rank3-q1-r4-K2,ff8e17f270d298339d53b9f47b8fc13189a91c30105498e405a642bfe5bf29ec,0.025973860395343277,0.01016372648211009,True,0.007186839917625337,0.0009698292933906227,1.0554795598765143,0.011179452901514592,0.017396463525749306,78121,32262,110383,702004834.78125,5050144.4286078615,True,702004834.78125,287809874.62500006,372790986.75000006,300345244.06250006,627034080.9687501,1339180353.875,MISSING,B2
development,B3-rank0-q8-r32-K4,9feb7b75a61651992917ebc41e6b410eb6c6942213237eb566c049cd884377a8,0.025973860395343277,0.00012828672563865807,True,9.071241363531324e-05,1.4812500512273452e-05,1.6005852772940825,0.018275580405504616,0.018351480318627655,67224,66669,133893,4283709879.656251,74464273.3015197,False,4283709879.656251,981527741.4375,1414274101.5937505,657732625.875,2156250529.40625,8312583722.906251,MISSING,B3
development,B0-rank9-q1-r0-K0,9ec97d08a230b48e959eb7f5084fe00655cf97d80ba3307025097d092fd8d4d9,0.026234528823507883,0.010184552019249145,True,0.007201565796158216,0.0009729523927182182,1.0,0.011349047436178147,0.017577660839618144,68044,28366,96410,1504863690.0,0.0,False,1504863690.0,681907930.0,865376160.0,737247270.0,1483749900.0,2869547240.0,MISSING,B0
development,B1-rank12-q1-r0-K0,5118c41031227fe7642bc243c875f815afae86eb716e4c1b31c31f7ea2c48c7c,0.026234528823507883,0.010184642692195597,True,0.007201629911613522,0.0009729624794152514,1.0,0.01134898332072284,0.01757765075292111,68045,28366,96411,1944417048.0,0.0,False,1944417048.0,852273240.0,1121067108.0,952444269.0,1891873053.0,3716161995.0,MISSING,B1
development,B2-rank3-q1-r4-K2,ff8e17f270d298339d53b9f47b8fc13189a91c30105498e405a642bfe5bf29ec,0.026234528823507883,0.01016372648211009,True,0.007186839917625337,0.0009698292933906227,1.0554795598765143,0.011363773314711025,0.01758078393894574,75607,31589,107196,681736411.125,4904335.651042718,True,681736411.125,279500170.50000006,362027691.00000006,291673616.25000006,608930227.8750001,1300515271.5,MISSING,B2
development,B3-rank0-q8-r32-K4,9feb7b75a61651992917ebc41e6b410eb6c6942213237eb566c049cd884377a8,0.026234528823507883,0.00012828672563865807,True,9.071241363531324e-05,1.4812500512273452e-05,1.6005852772940825,0.01845990081870105,0.01853580073182409,65888,65350,131238,4198767054.187501,72987701.37008539,False,4198767054.187501,962064766.125,1386230083.3125005,644690270.25,2113493662.6875,8147751283.687501,MISSING,B3
development,B0-rank9-q1-r0-K0,9ec97d08a230b48e959eb7f5084fe00655cf97d80ba3307025097d092fd8d4d9,0.026497813267482524,0.010184552019249145,True,0.007201565796158216,0.0009729523927182182,1.0,0.011535217651893543,0.01776383105533354,65865,27774,93639,1461611151.0,0.0,False,1461611151.0,662308647.0,840503664.0,716057433.0,1441104210.0,2787071196.0,MISSING,B0
development,B1-rank12-q1-r0-K0,5118c41031227fe7642bc243c875f815afae86eb716e4c1b31c31f7ea2c48c7c,0.026497813267482524,0.010184642692195597,True,0.007201629911613522,0.0009729624794152514,1.0,0.011535153536438237,0.017763820968636507,65866,27774,93640,1888531520.0,0.0,False,1888531520.0,827777600.0,1088845920.0,925069560.0,1837497720.0,3609353800.0,MISSING,B1
development,B2-rank3-q1-r4-K2,ff8e17f270d298339d53b9f47b8fc13189a91c30105498e405a642bfe5bf29ec,0.026497813267482524,0.01016372648211009,True,0.007186839917625337,0.0009698292933906227,1.0554795598765143,0.011549943530426422,0.017766954154661136,73189,30930,104119,662167556.53125,4763559.495232255,True,662167556.53125,271477277.62500006,351635892.75000006,283301291.56250006,591451233.2187501,1263184722.875,MISSING,B2
development,B3-rank0-q8-r32-K4,9feb7b75a61651992917ebc41e6b410eb6c6942213237eb566c049cd884377a8,0.026497813267482524,0.00012828672563865807,True,9.071241363531324e-05,1.4812500512273452e-05,1.6005852772940825,0.018646071034416446,0.018721970947539485,64579,64056,128635,4115487892.343751,71540049.11489762,False,4115487892.343751,942982986.5625,1358735326.4062505,631903358.125,2071574218.59375,7986147201.093751,MISSING,B3
development,B0-rank9-q1-r0-K0,9ec97d08a230b48e959eb7f5084fe00655cf97d80ba3307025097d092fd8d4d9,0.02676373998107465,0.010184552019249145,True,0.007201565796158216,0.0009729523927182182,1.0,0.011723256234373189,0.017951869637813186,63769,27195,90964,1419857076.0,0.0,False,1419857076.0,643388372.0,816492864.0,695601708.0,1399935960.0,2707452496.0,MISSING,B0
development,B1-rank12-q1-r0-K0,5118c41031227fe7642bc243c875f815afae86eb716e4c1b31c31f7ea2c48c7c,0.02676373998107465,0.010184642692195597,True,0.007201629911613522,0.0009729624794152514,1.0,0.011723192118917883,0.017951859551116153,63770,27195,90965,1834582120.0,0.0,False,1834582120.0,804130600.0,1057741020.0,898643235.0,1785006195.0,3506245925.0,MISSING,B1
development,B2-rank3-q1-r4-K2,ff8e17f270d298339d53b9f47b8fc13189a91c30105498e405a642bfe5bf29ec,0.02676373998107465,0.01016372648211009,True,0.007186839917625337,0.0009698292933906227,1.0554795598765143,0.011737982112906067,0.017954992737140782,70863,30286,101149,643279191.84375,4627678.70785589,True,643279191.84375,263733373.87500006,341605460.25000006,275220107.18750006,574580055.4062501,1227152311.625,MISSING,B2
development,B3-rank0-q8-r32-K4,9feb7b75a61651992917ebc41e6b410eb6c6942213237eb566c049cd884377a8,0.02676373998107465,0.00012828672563865807,True,9.071241363531324e-05,1.4812500512273452e-05,1.6005852772940825,0.01883410961689609,0.01891000953001913,63296,62789,126085,4033904387.656251,70121872.68357652,False,4033904387.656251,924289733.4375,1331800393.5937505,619376801.875,2030508301.40625,7827833558.906251,MISSING,B3
development,B0-rank9-q1-r0-K0,9ec97d08a230b48e959eb7f5084fe00655cf97d80ba3307025097d092fd8d4d9,0.027032335481569594,0.010184552019249145,True,0.007201565796158216,0.0009729523927182182,1.0,0.011913181934169358,0.018141795337609356,61752,26629,88381,1379539029.0,0.0,False,1379539029.0,625118813.0,793307856.0,675849507.0,1360183590.0,2630572084.0,MISSING,B0
development,B1-rank12-q1-r0-K0,5118c41031227fe7642bc243c875f815afae86eb716e4c1b31c31f7ea2c48c7c,0.027032335481569594,0.010184642692195597,True,0.007201629911613522,0.0009729624794152514,1.0,0.011913117818714052,0.018141785250912323,61753,26629,88382,1782488176.0,0.0,False,1782488176.0,781296880.0,1027705896.0,873125778.0,1734319986.0,3406684190.0,MISSING,B1
development,B2-rank3-q1-r4-K2,ff8e17f270d298339d53b9f47b8fc13189a91c30105498e405a642bfe5bf29ec,0.027032335481569594,0.01016372648211009,True,0.007186839917625337,0.0009698292933906227,1.0554795598765143,0.011927907812702237,0.01814491843693695,68625,29655,98280,625033158.75,4496418.782272457,True,625033158.75,256252815.00000006,331916130.00000006,267413737.50000006,558282611.2500001,1192345245.0,MISSING,B2
development,B3-rank0-q8-r32-K4,9feb7b75a61651992917ebc41e6b410eb6c6942213237eb566c049cd884377a8,0.027032335481569594,0.00012828672563865807,True,9.071241363531324e-05,1.4812500512273452e-05,1.6005852772940825,0.01902403531669226,0.0190999352298153,62038,61546,123584,3953888566.000001,68730947.4856416,False,3953888566.000001,905955684.0,1305383034.0000005,607090952.0,1990231494.0,7672562022.000001,MISSING,B3
development,B0-rank9-q1-r0-K0,9ec97d08a230b48e959eb7f5084fe00655cf97d80ba3307025097d092fd8d4d9,0.027303626552374862,0.010184552019249145,True,0.007201565796158216,0.0009729523927182182,1.0,0.012105013690011122,0.01833362709345112,59811,26075,85886,1340594574.0,0.0,False,1340594574.0,607471678.0,770912736.0,656770242.0,1321785540.0,2556310904.0,MISSING,B0
development,B1-rank12-q1-r0-K0,5118c41031227fe7642bc243c875f815afae86eb716e4c1b31c31f7ea2c48c7c,0.027303626552374862,0.010184642692195597,True,0.007201629911613522,0.0009729624794152514,1.0,0.012104949574555816,0.018333617006754087,59811,26075,85886,1732148848.0,0.0,False,1732148848.0,759232240.0,998682408.0,848467794.0,1685340978.0,3310475870.0,MISSING,B1
development,B2-rank3-q1-r4-K2,ff8e17f270d298339d53b9f47b8fc13189a91c30105498e405a642bfe5bf29ec,0.027303626552374862,0.01016372648211009,True,0.007186839917625337,0.0009698292933906227,1.0554795598765143,0.012119739568544001,0.018336750192778715,66469,29038,95507,607397658.65625,4369550.9629476555,True,607397658.65625,249022564.12500006,322551015.75000006,259868577.81250006,542530498.0937501,1158702862.375,MISSING,B2
development,B3-rank0-q8-r32-K4,9feb7b75a61651992917ebc41e6b410eb6c6942213237eb566c049cd884377a8,0.027303626552374862,0.00012828672563865807,True,9.071241363531324e-05,1.4812500512273452e-05,1.6005852772940825,0.019215867072534025,0.019291766985657065,60806,60328,121134,3875504414.437501,67368385.8163331,False,3875504414.437501,887995499.625,1279504373.0625005,595055633.25,1950776004.9375,7520456757.937501,MISSING,B3
development,B0-rank9-q1-r0-K0,9ec97d08a230b48e959eb7f5084fe00655cf97d80ba3307025097d092fd8d4d9,0.027577640245690815,0.010184552019249145,True,0.007201565796158216,0.0009729523927182182,1.0,0.012298770630692804,0.0185273840341328,57941,25532,83473,1302930057.0,0.0,False,1302930057.0,590404529.0,749253648.0,638318031.0,1284649470.0,2484490372.0,MISSING,B0
development,B1-rank12-q1-r0-K0,5118c41031227fe7642bc243c875f815afae86eb716e4c1b31c31f7ea2c48c7c,0.027577640245690815,0.010184642692195597,True,0.007201629911613522,0.0009729624794152514,1.0,0.012298706515237498,0.01852737394743577,57942,25532,83474,1683503632.0,0.0,False,1683503632.0,737910160.0,970635672.0,824639646.0,1638010302.0,3217505330.0,MISSING,B1
development,B2-rank3-q1-r4-K2,ff8e17f270d298339d53b9f47b8fc13189a91c30105498e405a642bfe5bf29ec,0.027577640245690815,0.01016372648211009,True,0.007186839917625337,0.0009698292933906227,1.0554795598765143,0.012313496509225683,0.018530507133460397,64394,28434,92828,590359972.125,4246983.747667762,True,590359972.125,242037406.50000006,313503363.00000006,252579186.25000006,527312354.8750001,1126200899.5,MISSING,B2
development,B3-rank0-q8-r32-K4,9feb7b75a61651992917ebc41e6b410eb6c6942213237eb566c049cd884377a8,0.027577640245690815,0.00012828672563865807,True,9.071241363531324e-05,1.4812500512273452e-05,1.6005852772940825,0.019409624013215707,0.019485523926338746,59598,59135,118733,3798687945.906251,66033075.38041077,False,3798687945.906251,870394518.9375,1254143285.3437505,583261020.875,1912109625.65625,7371393599.156251,MISSING,B3
development,B0-rank9-q1-r0-K0,9ec97d08a230b48e959eb7f5084fe00655cf97d80ba3307025097d092fd8d4d9,0.02785440388520827,0.010184552019249145,True,0.007201565796158216,0.0009729523927182182,1.0,0.012494472076981466,0.018723085480421463,56140,25001,81141,1266529869.0,0.0,False,1266529869.0,573910293.0,728321616.0,620485227.0,1248759990.0,2415080724.0,MISSING,B0
development,B1-rank12-q1-r0-K0,5118c41031227fe7642bc243c875f815afae86eb716e4c1b31c31f7ea2c48c7c,0.02785440388520827,0.010184642692195597,True,0.007201629911613522,0.0009729624794152514,1.0,0.01249440796152616,0.01872307539372443,56141,25001,81142,1636471856.0,0.0,False,1636471856.0,717295280.0,943519176.0,801601818.0,1592249466.0,3127618390.0,MISSING,B1
development,B2-rank3-q1-r4-K2,ff8e17f270d298339d53b9f47b8fc13189a91c30105498e405a642bfe5bf29ec,0.02785440388520827,0.01016372648211009,True,0.007186839917625337,0.0009698292933906227,1.0554795598765143,0.012509197955514344,0.01872620857974906,62395,27843,90238,573888300.5625,4128488.380898474,True,573888300.5625,235284305.25000006,304756285.50000006,245531958.12500006,512599778.9375001,1094778695.75,MISSING,B2
development,B3-rank0-q8-r32-K4,9feb7b75a61651992917ebc41e6b410eb6c6942213237eb566c049cd884377a8,0.02785440388520827,0.00012828672563865807,True,9.071241363531324e-05,1.4812500512273452e-05,1.6005852772940825,0.01960532545950437,0.019681225372627408,58414,57965,116379,3723375173.343751,64723903.88263436,False,3723375173.343751,853138080.5625,1229278645.4062505,571697290.125,1874200147.59375,7225248378.093751,MISSING,B3
development,B0-rank9-q1-r0-K0,9ec97d08a230b48e959eb7f5084fe00655cf97d80ba3307025097d092fd8d4d9,0.028133945068833068,0.010184552019249145,True,0.007201565796158216,0.0009729523927182182,1.0,0.012692137543543473,0.01892075094698347,54405,24481,78886,1231331574.0,0.0,False,1231331574.0,557960678.0,708080736.0,603241242.0,1214055540.0,2347962904.0,MISSING,B0
development,B1-rank12-q1-r0-K0,5118c41031227fe7642bc243c875f815afae86eb716e4c1b31c31f7ea2c48c7c,0.028133945068833068,0.010184642692195597,True,0.007201629911613522,0.0009729624794152514,1.0,0.012692073428088167,0.018920740860286438,54406,24481,78887,1590993016.0,0.0,False,1590993016.0,697361080.0,917298036.0,779324673.0,1547999601.0,3040699415.0,MISSING,B1
development,B2-rank3-q1-r4-K2,ff8e17f270d298339d53b9f47b8fc13189a91c30105498e405a642bfe5bf29ec,0.028133945068833068,0.01016372648211009,True,0.007186839917625337,0.0009698292933906227,1.0554795598765143,0.012706863422076352,0.018923874046311066,60469,27264,87733,557957205.09375,4013881.8582123476,True,557957205.09375,228752830.87500006,296296274.25000006,238716009.68750006,498370048.1562501,1064387722.625,MISSING,B2
development,B3-rank0-q8-r32-K4,9feb7b75a61651992917ebc41e6b410eb6c6942213237eb566c049cd884377a8,0.028133945068833068,0.00012828672563865807,True,9.071241363531324e-05,1.4812500512273452e-05,1.6005852772940825,0.019802990926066376,0.019878890839189416,57254,56818,114072,3649566096.750001,63440871.323003866,False,3649566096.750001,836226184.5,1204910453.2500005,560364441.0,1837047570.75,7082021094.750001,MISSING,B3
development,B0-rank9-q1-r0-K0,9ec97d08a230b48e959eb7f5084fe00655cf97d80ba3307025097d092fd8d4d9,0.028416291671438082,0.010184552019249145,True,0.007201565796158216,0.0009729523927182182,1.0,0.012891786740890462,0.01912040014433046,52733,23973,76706,1197303954.0,0.0,False,1197303954.0,542541538.0,688513056.0,586570782.0,1180505340.0,2283077384.0,MISSING,B0
development,B1-rank12-q1-r0-K0,5118c41031227fe7642bc243c875f815afae86eb716e4c1b31c31f7ea2c48c7c,0.028416291671438082,0.010184642692195597,True,0.007201629911613522,0.0009729624794152514,1.0,0.012891722625435156,0.019120390057633427,52734,23973,76707,1547026776.0,0.0,False,1547026776.0,678089880.0,891948996.0,757788453.0,1505221461.0,2956671315.0,MISSING,B1
development,B2-rank3-q1-r4-K2,ff8e17f270d298339d53b9f47b8fc13189a91c30105498e405a642bfe5bf29ec,0.028416291671438082,0.01016372648211009,True,0.007186839917625337,0.0009698292933906227,1.0554795598765143,0.012906512619423341,0.019123523243658055,58613,26698,85311,542553966.28125,3903072.677395662,True,542553966.28125,222437768.62500006,288116574.75000006,232125899.06250006,484611801.4687501,1035003715.875,MISSING,B2
development,B3-rank0-q8-r32-K4,9feb7b75a61651992917ebc41e6b410eb6c6942213237eb566c049cd884377a8,0.028416291671438082,0.00012828672563865807,True,9.071241363531324e-05,1.4812500512273452e-05,1.6005852772940825,0.020002640123413365,0.020078540036536405,56117,55693,111810,3577196729.062501,62182865.406279035,False,3577196729.062501,819644169.375,1181017583.4375005,549252648.75,1800619686.5625,6941587581.562501,MISSING,B3
development,B0-rank9-q1-r0-K0,9ec97d08a230b48e959eb7f5084fe00655cf97d80ba3307025097d092fd8d4d9,0.028701471847642816,0.010184552019249145,True,0.007201565796158216,0.0009729523927182182,1.0,0.013093439577344806,0.019322052980784803,51121,23475,74596,1164368964.0,0.0,False,1164368964.0,527617508.0,669573696.0,570435612.0,1148032440.0,2220275344.0,MISSING,B0
development,B1-rank12-q1-r0-K0,5118c41031227fe7642bc243c875f815afae86eb716e4c1b31c31f7ea2c48c7c,0.028701471847642816,0.010184642692195597,True,0.007201629911613522,0.0009729624794152514,1.0,0.0130933754618895,0.01932204289408777,51122,23475,74597,1504472296.0,0.0,False,1504472296.0,659437480.0,867413916.0,736943763.0,1463816931.0,2875341365.0,MISSING,B1
development,B2-rank3-q1-r4-K2,ff8e17f270d298339d53b9f47b8fc13189a91c30105498e405a642bfe5bf29ec,0.028701471847642816,0.01016372648211009,True,0.007186839917625337,0.0009698292933906227,1.0554795598765143,0.013108165455877684,0.0193251760801124,56823,26144,82967,527646785.53125,3795832.0829141126,True,527646785.53125,216326081.62500006,280200300.75000006,225748021.56250006,471296636.2187501,1006566014.875,MISSING,B2
development,B3-rank0-q8-r32-K4,9feb7b75a61651992917ebc41e6b410eb6c6942213237eb566c049cd884377a8,0.028701471847642816,0.00012828672563865807,True,9.071241363531324e-05,1.4812500512273452e-05,1.6005852772940825,0.02020429295986771,0.020280192872990748,55002,54591,109593,3506267070.281251,60949886.13245987,False,3506267070.281251,803392035.1875,1157600035.9687505,538361913.375,1764916495.03125,6803947838.531251,MISSING,B3
development,B0-rank9-q1-r0-K0,9ec97d08a230b48e959eb7f5084fe00655cf97d80ba3307025097d092fd8d4d9,0.02898951403462081,0.010184552019249145,True,0.007201565796158216,0.0009729523927182182,1.0,0.01329711616102475,0.019525729564464748,49567,22988,72555,1132510995.0,0.0,False,1132510995.0,513181515.0,651253680.0,554828085.0,1116621450.0,2159527020.0,MISSING,B0
development,B1-rank12-q1-r0-K0,5118c41031227fe7642bc243c875f815afae86eb716e4c1b31c31f7ea2c48c7c,0.02898951403462081,0.010184642692195597,True,0.007201629911613522,0.0009729624794152514,1.0,0.013297052045569444,0.019525719477767715,49568,22988,72556,1463309408.0,0.0,False,1463309408.0,641395040.0,843681168.0,716780724.0,1423766388.0,2796671020.0,MISSING,B1
development,B2-rank3-q1-r4-K2,ff8e17f270d298339d53b9f47b8fc13189a91c30105498e405a642bfe5bf29ec,0.02898951403462081,0.01016372648211009,True,0.007186839917625337,0.0009698292933906227,1.0554795598765143,0.013311842039557629,0.019528852663792343,55098,25601,80699,513222943.40625,3692068.572553979,True,513222943.40625,210412555.12500006,272540697.75000006,219576935.31250006,458413191.3437501,979050355.375,MISSING,B2
development,B3-rank0-q8-r32-K4,9feb7b75a61651992917ebc41e6b410eb6c6942213237eb566c049cd884377a8,0.02898951403462081,0.00012828672563865807,True,9.071241363531324e-05,1.4812500512273452e-05,1.6005852772940825,0.020407969543547653,0.020483869456670693,53910,53511,107421,3436777120.406251,59741933.50154637,False,3436777120.406251,787469781.9375,1134657810.8437505,527692234.875,1729937996.15625,6669101865.656251,MISSING,B3
development,B0-rank9-q1-r0-K0,9ec97d08a230b48e959eb7f5084fe00655cf97d80ba3307025097d092fd8d4d9,0.029280446954935396,0.010184552019249145,True,0.007201565796158216,0.0009729523927182182,1.0,0.013502836801849598,0.019731450205289595,48068,22511,70579,1101667611.0,0.0,False,1101667611.0,499205267.0,633517104.0,539717613.0,1086210810.0,2100713356.0,MISSING,B0
development,B1-rank12-q1-r0-K0,5118c41031227fe7642bc243c875f815afae86eb716e4c1b31c31f7ea2c48c7c,0.029280446954935396,0.010184642692195597,True,0.007201629911613522,0.0009729624794152514,1.0,0.013502772686394292,0.019731440118592562,48069,22511,70580,1423457440.0,0.0,False,1423457440.0,623927200.0,820704240.0,697259820.0,1384991340.0,2720506100.0,MISSING,B1
development,B2-rank3-q1-r4-K2,ff8e17f270d298339d53b9f47b8fc13189a91c30105498e405a642bfe5bf29ec,0.029280446954935396,0.01016372648211009,True,0.007186839917625337,0.0009698292933906227,1.0554795598765143,0.013517562680382476,0.01973457330461719,53433,25070,78503,499257001.03125,3591599.141887818,True,499257001.03125,204686759.62500006,265124256.75000006,213601756.56250006,445938744.7187501,952408208.875,MISSING,B2
development,B3-rank0-q8-r32-K4,9feb7b75a61651992917ebc41e6b410eb6c6942213237eb566c049cd884377a8,0.029280446954935396,0.00012828672563865807,True,9.071241363531324e-05,1.4812500512273452e-05,1.6005852772940825,0.0206136901843725,0.02068959009749554,52839,52452,105291,3368630898.843751,58557339.07067817,False,3368630898.843751,771855417.5625,1112159219.9062505,517228876.125,1695635877.09375,6536863411.593751,MISSING,B3
development,B0-rank9-q1-r0-K0,9ec97d08a230b48e959eb7f5084fe00655cf97d80ba3307025097d092fd8d4d9,0.02957429961940374,0.010184552019249145,True,0.007201565796158216,0.0009729523927182182,1.0,0.013710622013564898,0.019939235417004895,46622,22044,68666,1071807594.0,0.0,False,1071807594.0,485674618.0,616346016.0,525088902.0,1056769740.0,2043774824.0,MISSING,B0
development,B1-rank12-q1-r0-K0,5118c41031227fe7642bc243c875f815afae86eb716e4c1b31c31f7ea2c48c7c,0.02957429961940374,0.010184642692195597,True,0.007201629911613522,0.0009729624794152514,1.0,0.013710557898109592,0.019939225330307862,46623,22044,68667,1384876056.0,0.0,False,1384876056.0,607016280.0,798459876.0,678361293.0,1347452541.0,2646769515.0,MISSING,B1
development,B2-rank3-q1-r4-K2,ff8e17f270d298339d53b9f47b8fc13189a91c30105498e405a642bfe5bf29ec,0.02957429961940374,0.01016372648211009,True,0.007186839917625337,0.0009698292933906227,1.0554795598765143,0.013725347892097776,0.01994235851633249,51828,24551,76379,485748958.40625,3494423.7909156294,True,485748958.40625,199148695.12500003,257950977.75000006,207822485.31250003,433873296.3437501,926639575.375,MISSING,B2
development,B3-rank0-q8-r32-K4,9feb7b75a61651992917ebc41e6b410eb6c6942213237eb566c049cd884377a8,0.02957429961940374,0.00012828672563865807,True,9.071241363531324e-05,1.4812500512273452e-05,1.6005852772940825,0.0208214753960878,0.02089737530921084,51790,51414,103204,3301860399.125001,57396658.98747537,False,3301860399.125001,756556272.75,1090114825.8750005,506976749.5,1662026242.125,6407294560.125001,MISSING,B3
development,B0-rank9-q1-r0-K0,9ec97d08a230b48e959eb7f5084fe00655cf97d80ba3307025097d092fd8d4d9,0.029871101329989713,0.010184552019249145,True,0.007201565796158216,0.0009729523927182182,1.0,0.013920492515788009,0.020149105919228007,45227,21588,66815,1042915335.0,0.0,False,1042915335.0,472582495.0,599731440.0,510934305.0,1028282850.0,1988681660.0,MISSING,B0
development,B1-rank12-q1-r0-K0,5118c41031227fe7642bc243c875f815afae86eb716e4c1b31c31f7ea2c48c7c,0.029871101329989713,0.010184642692195597,True,0.007201629911613522,0.0009729624794152514,1.0,0.013920428400332703,0.020149095832530974,45228,21588,66816,1347545088.0,0.0,False,1347545088.0,590653440.0,776936448.0,660075264.0,1311130368.0,2575422720.0,MISSING,B1
development,B2-rank3-q1-r4-K2,ff8e17f270d298339d53b9f47b8fc13189a91c30105498e405a642bfe5bf29ec,0.029871101329989713,0.01016372648211009,True,0.007186839917625337,0.0009698292933906227,1.0554795598765143,0.013935218394320888,0.020152229018555602,50278,24042,74320,472654297.5,3400222.261889388,True,472654297.5,193780110.00000003,250997220.00000006,202220075.00000003,422177082.5000001,901659530.0,MISSING,B2
development,B3-rank0-q8-r32-K4,9feb7b75a61651992917ebc41e6b410eb6c6942213237eb566c049cd884377a8,0.029871101329989713,0.00012828672563865807,True,9.071241363531324e-05,1.4812500512273452e-05,1.6005852772940825,0.02103134589831091,0.02110724581143395,50761,50397,101158,3236401634.187501,56258780.95669774,False,3236401634.187501,741557686.125,1068503503.3125004,496926030.25,1629076882.6875,6280271143.687501,MISSING,B3
development,B0-rank9-q1-r0-K0,9ec97d08a230b48e959eb7f5084fe00655cf97d80ba3307025097d092fd8d4d9,0.030170881682725813,0.010184552019249145,True,0.007201565796158216,0.0009729523927182182,1.0,0.0141324692360742,0.020361082639514198,43881,21140,65021,1014912789.0,0.0,False,1014912789.0,459893533.0,583628496.0,497215587.0,1000673190.0,1935285044.0,MISSING,B0
development,B1-rank12-q1-r0-K0,5118c41031227fe7642bc243c875f815afae86eb716e4c1b31c31f7ea2c48c7c,0.030170881682725813,0.010184642692195597,True,0.007201629911613522,0.0009729624794152514,1.0,0.014132405120618894,0.020361072552817164,43881,21140,65021,1311343528.0,0.0,False,1311343528.0,574785640.0,756064188.0,642342459.0,1275907083.0,2506234445.0,MISSING,B1
development,B2-rank3-q1-r4-K2,ff8e17f270d298339d53b9f47b8fc13189a91c30105498e405a642bfe5bf29ec,0.030170881682725813,0.01016372648211009,True,0.007186839917625337,0.0009698292933906227,1.0554795598765143,0.014147195114607079,0.020364205738841793,48783,23544,72327,459979378.03125,3309040.305915955,True,459979378.03125,188583611.62500003,244266360.75000006,196797246.56250003,410855783.71875006,877480204.875,MISSING,B2
development,B3-rank0-q8-r32-K4,9feb7b75a61651992917ebc41e6b410eb6c6942213237eb566c049cd884377a8,0.030170881682725813,0.00012828672563865807,True,9.071241363531324e-05,1.4812500512273452e-05,1.6005852772940825,0.021243322618597103,0.021319222531720142,49753,49400,99153,3172254604.031251,55143704.97834527,False,3172254604.031251,726859657.6875,1047325252.2187504,487076718.375,1596787798.78125,6155793162.281251,MISSING,B3
development,B0-rank9-q1-r0-K0,9ec97d08a230b48e959eb7f5084fe00655cf97d80ba3307025097d092fd8d4d9,0.03047367057066435,0.010184552019249145,True,0.007201565796158216,0.0009729523927182182,1.0,0.014346573312003473,0.02057518671544347,42581,20703,63284,987799956.0,0.0,False,987799956.0,447607732.0,568037184.0,483932748.0,973940760.0,1883584976.0,MISSING,B0
development,B1-rank12-q1-r0-K0,5118c41031227fe7642bc243c875f815afae86eb716e4c1b31c31f7ea2c48c7c,0.03047367057066435,0.010184642692195597,True,0.007201629911613522,0.0009729624794152514,1.0,0.014346509196548167,0.020575176628746437,42581,20703,63284,1276311712.0,0.0,False,1276311712.0,559430560.0,735866352.0,625182636.0,1241821932.0,2439281780.0,MISSING,B1
development,B2-rank3-q1-r4-K2,ff8e17f270d298339d53b9f47b8fc13189a91c30105498e405a642bfe5bf29ec,0.03047367057066435,0.01016372648211009,True,0.007186839917625337,0.0009698292933906227,1.0554795598765143,0.014361299190536352,0.020578309814771066,47339,23057,70396,447698761.125,3220694.918567887,True,447698761.125,183548770.50000003,237744891.00000006,191543116.25000003,399886677.87500006,854053071.5,MISSING,B2
development,B3-rank0-q8-r32-K4,9feb7b75a61651992917ebc41e6b410eb6c6942213237eb566c049cd884377a8,0.03047367057066435,0.00012828672563865807,True,9.071241363531324e-05,1.4812500512273452e-05,1.6005852772940825,0.021457426694526376,0.021533326607649415,48765,48422,97187,3109355321.5937505,54050318.75717771,False,3109355321.5937505,712447526.0625,1026558947.1562504,477418989.125,1565126781.84375,6033736448.343751,MISSING,B3
development,B0-rank9-q1-r0-K0,9ec97d08a230b48e959eb7f5084fe00655cf97d80ba3307025097d092fd8d4d9,0.03077949818685826,0.010184552019249145,True,0.007201565796158216,0.0009729523927182182,1.0,0.014562826093288302,0.0207914394967283,41326,20274,61600,961514400.0,0.0,False,961514400.0,435696800.0,552921600.0,471055200.0,948024000.0,1833462400.0,MISSING,B0
development,B1-rank12-q1-r0-K0,5118c41031227fe7642bc243c875f815afae86eb716e4c1b31c31f7ea2c48c7c,0.03077949818685826,0.010184642692195597,True,0.007201629911613522,0.0009729624794152514,1.0,0.014562761977832996,0.020791429410031266,41326,20274,61600,1242348800.0,0.0,False,1242348800.0,544544000.0,716284800.0,608546400.0,1208776800.0,2374372000.0,MISSING,B1
development,B2-rank3-q1-r4-K2,ff8e17f270d298339d53b9f47b8fc13189a91c30105498e405a642bfe5bf29ec,0.03077949818685826,0.01016372648211009,True,0.007186839917625337,0.0009698292933906227,1.0554795598765143,0.01457755197182118,0.020794562596055895,45945,22580,68525,435799727.34375,3135094.597631463,True,435799727.34375,178670371.87500003,231426056.25000006,186452242.18750003,389258403.90625006,831353865.625,MISSING,B2
development,B3-rank0-q8-r32-K4,9feb7b75a61651992917ebc41e6b410eb6c6942213237eb566c049cd884377a8,0.03077949818685826,0.00012828672563865807,True,9.071241363531324e-05,1.4812500512273452e-05,1.6005852772940825,0.021673679475811204,0.021749579388934244,47797,47464,95261,3047735780.4062505,52979178.440815195,False,3047735780.4062505,698328621.9375,1006215150.8437504,467957754.875,1534109936.15625,5914163085.656251,MISSING,B3
development,B0-rank9-q1-r0-K0,9ec97d08a230b48e959eb7f5084fe00655cf97d80ba3307025097d092fd8d4d9,0.031088395027371894,0.010184552019249145,True,0.007201565796158216,0.0009729523927182182,1.0,0.014781249143902594,0.021009862547342592,40113,19855,59968,936040512.0,0.0,False,936040512.0,424153664.0,538272768.0,458575296.0,922907520.0,1784887552.0,MISSING,B0
development,B1-rank12-q1-r0-K0,5118c41031227fe7642bc243c875f815afae86eb716e4c1b31c31f7ea2c48c7c,0.031088395027371894,0.010184642692195597,True,0.007201629911613522,0.0009729624794152514,1.0,0.014781185028447288,0.02100985246064556,40114,19855,59969,1209454792.0,0.0,False,1209454792.0,530125960.0,697319532.0,592433751.0,1176771687.0,2311505105.0,MISSING,B1
development,B2-rank3-q1-r4-K2,ff8e17f270d298339d53b9f47b8fc13189a91c30105498e405a642bfe5bf29ec,0.031088395027371894,0.01016372648211009,True,0.007186839917625337,0.0009698292933906227,1.0554795598765143,0.014795975022435473,0.021012985646670188,44599,22113,66712,424269557.25,3052147.840892961,True,424269557.25,173943201.00000003,225303102.00000006,181519182.50000003,378959600.75000006,809358323.0,MISSING,B2
development,B3-rank0-q8-r32-K4,9feb7b75a61651992917ebc41e6b410eb6c6942213237eb566c049cd884377a8,0.031088395027371894,0.00012828672563865807,True,9.071241363531324e-05,1.4812500512273452e-05,1.6005852772940825,0.021892102526425497,0.021968002439548537,46848,46525,93373,2987331993.4062505,51929171.734017454,False,2987331993.4062505,684488283.9375,986272737.8437504,458683190.875,1503705053.15625,5796948906.656251,MISSING,B3
development,B0-rank9-q1-r0-K0,9ec97d08a230b48e959eb7f5084fe00655cf97d80ba3307025097d092fd8d4d9,0.03140039189432196,0.010184552019249145,True,0.007201565796158216,0.0009729523927182182,1.0,0.015001864244231944,0.02123047764767194,38942,19444,58386,911347074.0,0.0,False,911347074.0,412964178.0,524072736.0,446477742.0,898560540.0,1737800904.0,MISSING,B0
development,B1-rank12-q1-r0-K0,5118c41031227fe7642bc243c875f815afae86eb716e4c1b31c31f7ea2c48c7c,0.03140039189432196,0.010184642692195597,True,0.007201629911613522,0.0009729624794152514,1.0,0.015001800128776638,0.02123046756097491,38943,19445,58388,1177569184.0,0.0,False,1177569184.0,516149920.0,678935664.0,576815052.0,1145747724.0,2250565460.0,MISSING,B1
development,B2-rank3-q1-r4-K2,ff8e17f270d298339d53b9f47b8fc13189a91c30105498e405a642bfe5bf29ec,0.03140039189432196,0.01016372648211009,True,0.007186839917625337,0.0009698292933906227,1.0554795598765143,0.015016590122764822,0.021233600746999537,43298,21655,64953,413082811.96875,2971671.643924938,True,413082811.96875,169356828.37500003,219362519.25000006,176733053.43750003,368967546.28125006,788017915.125,MISSING,B2
development,B3-rank0-q8-r32-K4,9feb7b75a61651992917ebc41e6b410eb6c6942213237eb566c049cd884377a8,0.03140039189432196,0.00012828672563865807,True,9.071241363531324e-05,1.4812500512273452e-05,1.6005852772940825,0.022112717626754846,0.022188617539877886,45918,45604,91522,2928111967.0625005,50899742.48916438,False,2928111967.0625005,670919181.375,966721145.4375004,449590384.75,1473896028.5625,5682031827.562501,MISSING,B3
development,B0-rank9-q1-r0-K0,9ec97d08a230b48e959eb7f5084fe00655cf97d80ba3307025097d092fd8d4d9,0.031715519898949,0.010184552019249145,True,0.007201565796158216,0.0009729523927182182,1.0,0.01522469339324551,0.021453306796685508,37811,19043,56854,887434086.0,0.0,False,887434086.0,402128342.0,510321504.0,434762538.0,874983060.0,1692202456.0,MISSING,B0
development,B1-rank12-q1-r0-K0,5118c41031227fe7642bc243c875f815afae86eb716e4c1b31c31f7ea2c48c7c,0.031715519898949,0.010184642692195597,True,0.007201629911613522,0.0009729624794152514,1.0,0.015224629277790204,0.021453296709988474,37811,19043,56854,1146631472.0,0.0,False,1146631472.0,502589360.0,661098312.0,561660666.0,1115646042.0,2191437430.0,MISSING,B1
development,B2-rank3-q1-r4-K2,ff8e17f270d298339d53b9f47b8fc13189a91c30105498e405a642bfe5bf29ec,0.031715519898949,0.01016372648211009,True,0.007186839917625337,0.0009698292933906227,1.0554795598765143,0.015239419271778389,0.021456429896013103,42041,21208,63249,402245851.21875,2893711.7578342557,True,402245851.21875,164913861.37500003,213607685.25000006,172096575.93750003,359287921.03125006,767344774.125,MISSING,B2
development,B3-rank0-q8-r32-K4,9feb7b75a61651992917ebc41e6b410eb6c6942213237eb566c049cd884377a8,0.031715519898949,0.00012828672563865807,True,9.071241363531324e-05,1.4812500512273452e-05,1.6005852772940825,0.022335546775768413,0.022411446688891452,45006,44702,89708,2870075701.3750005,49890890.706255965,False,2870075701.3750005,657621314.25,947560373.6250004,440679336.5,1444682862.375,5569411848.375001,MISSING,B3
development,B0-rank9-q1-r0-K0,9ec97d08a230b48e959eb7f5084fe00655cf97d80ba3307025097d092fd8d4d9,0.03203381046471968,0.010184552019249145,True,0.007201565796158216,0.0009729523927182182,1.0,0.015449758810689659,0.021678372214129656,36717,18649,55366,864207894.0,0.0,False,864207894.0,391603718.0,496965216.0,423383802.0,852082740.0,1647913624.0,MISSING,B0
development,B1-rank12-q1-r0-K0,5118c41031227fe7642bc243c875f815afae86eb716e4c1b31c31f7ea2c48c7c,0.03203381046471968,0.010184642692195597,True,0.007201629911613522,0.0009729624794152514,1.0,0.015449694695234353,0.021678362127432623,36717,18649,55366,1116621488.0,0.0,False,1116621488.0,489435440.0,643795848.0,546960714.0,1086447018.0,2134082470.0,MISSING,B1
development,B2-rank3-q1-r4-K2,ff8e17f270d298339d53b9f47b8fc13189a91c30105498e405a642bfe5bf29ec,0.03203381046471968,0.01016372648211009,True,0.007186839917625337,0.0009698292933906227,1.0554795598765143,0.015464484689222537,0.021681495313457252,40826,20770,61596,391733236.125,2818085.1781934705,True,391733236.125,160603870.50000003,208025091.00000006,167598866.25000003,349898002.87500006,747290371.5,MISSING,B2
development,B3-rank0-q8-r32-K4,9feb7b75a61651992917ebc41e6b410eb6c6942213237eb566c049cd884377a8,0.03203381046471968,0.00012828672563865807,True,9.071241363531324e-05,1.4812500512273452e-05,1.6005852772940825,0.02256061219321256,0.0226365121063356,44113,43818,87931,2813223196.3437505,48902616.38529221,False,2813223196.3437505,644594682.5625,928790422.4062504,431950046.125,1416065554.59375,5459088969.093751,MISSING,B3
development,B0-rank9-q1-r0-K0,9ec97d08a230b48e959eb7f5084fe00655cf97d80ba3307025097d092fd8d4d9,0.03235529533046026,0.010184552019249145,True,0.007201565796158216,0.0009729523927182182,1.0,0.01567708293930367,0.02190569634274367,35660,18264,53924,841699716.0,0.0,False,841699716.0,381404452.0,484021824.0,412356828.0,829890360.0,1604993936.0,MISSING,B0
development,B1-rank12-q1-r0-K0,5118c41031227fe7642bc243c875f815afae86eb716e4c1b31c31f7ea2c48c7c,0.03235529533046026,0.010184642692195597,True,0.007201629911613522,0.0009729624794152514,1.0,0.015677018823848365,0.021905686256046636,35660,18264,53924,1087539232.0,0.0,False,1087539232.0,476688160.0,627028272.0,532715196.0,1058150652.0,2078500580.0,MISSING,B1
development,B2-rank3-q1-r4-K2,ff8e17f270d298339d53b9f47b8fc13189a91c30105498e405a642bfe5bf29ec,0.03235529533046026,0.01016372648211009,True,0.007186839917625337,0.0009698292933906227,1.0554795598765143,0.01569180881783655,0.021908819442071265,39652,20341,59993,381538606.96875,2744746.153895722,True,381538606.96875,156424248.37500003,202611359.25000003,163237203.43750003,340792111.28125006,727842575.125,MISSING,B2
development,B3-rank0-q8-r32-K4,9feb7b75a61651992917ebc41e6b410eb6c6942213237eb566c049cd884377a8,0.03235529533046026,0.00012828672563865807,True,9.071241363531324e-05,1.4812500512273452e-05,1.6005852772940825,0.022787936321826574,0.022863836234949614,43237,42951,86188,2757458471.3750005,47933251.08341273,False,2757458471.3750005,631817294.25,910379603.6250004,423387776.5,1387995792.375,5350876938.375001,MISSING,B3
development,B0-rank9-q1-r0-K0,9ec97d08a230b48e959eb7f5084fe00655cf97d80ba3307025097d092fd8d4d9,0.032680006553521476,0.010184552019249145,True,0.007201565796158216,0.0009729523927182182,1.0,0.015906688447057633,0.02213530185049763,34638,17887,52525,819862725.0,0.0,False,819862725.0,371509325.0,471464400.0,401658675.0,808359750.0,1563354100.0,MISSING,B0
development,B1-rank12-q1-r0-K0,5118c41031227fe7642bc243c875f815afae86eb716e4c1b31c31f7ea2c48c7c,0.032680006553521476,0.010184642692195597,True,0.007201629911613522,0.0009729624794152514,1.0,0.015906624331602327,0.022135291763800597,34638,17887,52525,1059324200.0,0.0,False,1059324200.0,464321000.0,610760700.0,518894475.0,1030698075.0,2024576125.0,MISSING,B1
development,B2-rank3-q1-r4-K2,ff8e17f270d298339d53b9f47b8fc13189a91c30105498e405a642bfe5bf29ec,0.032680006553521476,0.01016372648211009,True,0.007186839917625337,0.0009698292933906227,1.0554795598765143,0.01592141432559051,0.022138424949825226,38517,19922,58439,371655604.03125,2673648.9338341486,True,371655604.03125,152372387.62500003,197363112.75000003,159008866.56250003,331964565.71875006,708989252.875,MISSING,B2
development,B3-rank0-q8-r32-K4,9feb7b75a61651992917ebc41e6b410eb6c6942213237eb566c049cd884377a8,0.032680006553521476,0.00012828672563865807,True,9.071241363531324e-05,1.4812500512273452e-05,1.6005852772940825,0.023017541829580535,0.023093441742703575,42379,42101,84480,2702813520.0000005,46983350.94823766,False,2702813520.0000005,619296480.0,892338480.0000004,414997440.0,1360489680.0,5244837840.000001,MISSING,B3
development,B0-rank9-q1-r0-K0,9ec97d08a230b48e959eb7f5084fe00655cf97d80ba3307025097d092fd8d4d9,0.03300797651297513,0.010184552019249145,True,0.007201565796158216,0.0009729523927182182,1.0,0.016138598229412788,0.022367211632852785,33650,17518,51168,798681312.0,0.0,False,798681312.0,361911264.0,459283968.0,391281696.0,787475520.0,1522964352.0,MISSING,B0
development,B1-rank12-q1-r0-K0,5118c41031227fe7642bc243c875f815afae86eb716e4c1b31c31f7ea2c48c7c,0.03300797651297513,0.010184642692195597,True,0.007201629911613522,0.0009729624794152514,1.0,0.016138534113957482,0.022367201546155752,33650,17518,51168,1031956224.0,0.0,False,1031956224.0,452325120.0,594981504.0,505488672.0,1004069664.0,1972270560.0,MISSING,B1
development,B2-rank3-q1-r4-K2,ff8e17f270d298339d53b9f47b8fc13189a91c30105498e405a642bfe5bf29ec,0.03300797651297513,0.01016372648211009,True,0.007186839917625337,0.0009698292933906227,1.0554795598765143,0.016153324107945666,0.02237033473218038,37419,19511,56930,362058788.4375,2604610.5135813085,True,362058788.4375,148437858.75000003,192266842.50000003,154902971.87500003,323392644.06250006,690681876.25,MISSING,B2
development,B3-rank0-q8-r32-K4,9feb7b75a61651992917ebc41e6b410eb6c6942213237eb566c049cd884377a8,0.03300797651297513,0.00012828672563865807,True,9.071241363531324e-05,1.4812500512273452e-05,1.6005852772940825,0.02324945161193569,0.02332535152505873,41538,41268,82806,2649256348.6875005,46052359.83214687,False,2649256348.6875005,607024909.125,874656488.8125004,406774124.25,1333531113.1875,5140909590.187501,MISSING,B3
development,B0-rank9-q1-r0-K0,9ec97d08a230b48e959eb7f5084fe00655cf97d80ba3307025097d092fd8d4d9,0.0333392379128429,0.010184552019249145,True,0.007201565796158216,0.0009729523927182182,1.0,0.016372835411604635,0.022601448815044632,32694,17157,49851,778124259.0,0.0,False,778124259.0,352596123.0,447462576.0,381210597.0,767206890.0,1483765164.0,MISSING,B0
development,B1-rank12-q1-r0-K0,5118c41031227fe7642bc243c875f815afae86eb716e4c1b31c31f7ea2c48c7c,0.0333392379128429,0.010184642692195597,True,0.007201629911613522,0.0009729624794152514,1.0,0.01637277129614933,0.0226014387283476,32694,17157,49851,1005394968.0,0.0,False,1005394968.0,440682840.0,579667428.0,492478029.0,978226173.0,1921506795.0,MISSING,B1
development,B2-rank3-q1-r4-K2,ff8e17f270d298339d53b9f47b8fc13189a91c30105498e405a642bfe5bf29ec,0.0333392379128429,0.01016372648211009,True,0.007186839917625337,0.0009698292933906227,1.0554795598765143,0.016387561290137513,0.022604571914372228,36356,19108,55464,352735440.75,2537539.3909234796,True,352735440.75,144615447.00000003,187315794.00000003,150914077.50000003,315064985.25000006,672896181.0,MISSING,B2
development,B3-rank0-q8-r32-K4,9feb7b75a61651992917ebc41e6b410eb6c6942213237eb566c049cd884377a8,0.0333392379128429,0.00012828672563865807,True,9.071241363531324e-05,1.4812500512273452e-05,1.6005852772940825,0.023483688794127537,0.023559588707250577,40713,40451,81164,2596722970.3750005,45139165.43990011,False,2596722970.3750005,594987920.25,857312504.6250002,398708004.5,1307087883.375,5038968021.375001,MISSING,B3
development,B0-rank9-q1-r0-K0,9ec97d08a230b48e959eb7f5084fe00655cf97d80ba3307025097d092fd8d4d9,0.03367382378535745,0.010184552019249145,True,0.007201565796158216,0.0009729523927182182,1.0,0.016609423350948893,0.02283803675438889,31769,16804,48573,758175957.0,0.0,False,758175957.0,343556829.0,435991248.0,371437731.0,747538470.0,1445726772.0,MISSING,B0
development,B1-rank12-q1-r0-K0,5118c41031227fe7642bc243c875f815afae86eb716e4c1b31c31f7ea2c48c7c,0.03367382378535745,0.010184642692195597,True,0.007201629911613522,0.0009729624794152514,1.0,0.016609359235493587,0.022838026667691858,31769,16804,48573,979620264.0,0.0,False,979620264.0,429385320.0,564806844.0,479852667.0,953147979.0,1872246285.0,MISSING,B1
development,B2-rank3-q1-r4-K2,ff8e17f270d298339d53b9f47b8fc13189a91c30105498e405a642bfe5bf29ec,0.03367382378535745,0.01016372648211009,True,0.007186839917625337,0.0009698292933906227,1.0554795598765143,0.01662414922948177,0.022841159853716486,35329,18715,54044,343704640.125,2472572.8191812444,True,343704640.125,140912974.50000003,182520099.00000003,147050346.25000003,306998630.87500006,655668563.5,MISSING,B2
development,B3-rank0-q8-r32-K4,9feb7b75a61651992917ebc41e6b410eb6c6942213237eb566c049cd884377a8,0.03367382378535745,0.00012828672563865807,True,9.071241363531324e-05,1.4812500512273452e-05,1.6005852772940825,0.023720276733471796,0.023796176646594835,39905,39651,79556,2545277372.1250005,44244880.06673764,False,2545277372.1250005,583200174.75,840327652.8750002,390808905.5,1281192199.125,4939137301.125001,MISSING,B3
development,B0-rank9-q1-r0-K0,9ec97d08a230b48e959eb7f5084fe00655cf97d80ba3307025097d092fd8d4d9,0.03401176749425622,0.010184552019249145,True,0.007201565796158216,0.0009729523927182182,1.0,0.016848385639170543,0.02307699904261054,30874,16457,47331,738789579.0,0.0,False,738789579.0,334772163.0,424843056.0,361940157.0,728424090.0,1408759884.0,MISSING,B0
development,B1-rank12-q1-r0-K0,5118c41031227fe7642bc243c875f815afae86eb716e4c1b31c31f7ea2c48c7c,0.03401176749425622,0.010184642692195597,True,0.007201629911613522,0.0009729624794152514,1.0,0.016848321523715237,0.023076988955913508,30874,16457,47331,954571608.0,0.0,False,954571608.0,418406040.0,550364868.0,467582949.0,928776213.0,1824373395.0,MISSING,B1
development,B2-rank3-q1-r4-K2,ff8e17f270d298339d53b9f47b8fc13189a91c30105498e405a642bfe5bf29ec,0.03401176749425622,0.01016372648211009,True,0.007186839917625337,0.0009698292933906227,1.0554795598765143,0.016863111517703422,0.023080122141938136,34335,18329,52664,334928228.25,2409436.2917134385,True,334928228.25,137314797.00000003,177859494.00000003,143295452.50000003,299159497.75000006,638926231.0,MISSING,B2
development,B3-rank0-q8-r32-K4,9feb7b75a61651992917ebc41e6b410eb6c6942213237eb566c049cd884377a8,0.03401176749425622,0.00012828672563865807,True,9.071241363531324e-05,1.4812500512273452e-05,1.6005852772940825,0.023959239021693446,0.024035138934816486,39113,38866,77979,2494823573.3437505,43367835.26979905,False,2494823573.3437505,571639680.5625,823670245.4062502,383062090.125,1255795747.59375,4841231178.093751,MISSING,B3
development,B0-rank9-q1-r0-K0,9ec97d08a230b48e959eb7f5084fe00655cf97d80ba3307025097d092fd8d4d9,0.03435310273810844,0.010184552019249145,True,0.007201565796158216,0.0009729523927182182,1.0,0.017089746104756415,0.023318359508196412,30008,16118,46126,719980734.0,0.0,False,719980734.0,326249198.0,414026976.0,352725522.0,709879140.0,1372894264.0,MISSING,B0
development,B1-rank12-q1-r0-K0,5118c41031227fe7642bc243c875f815afae86eb716e4c1b31c31f7ea2c48c7c,0.03435310273810844,0.010184642692195597,True,0.007201629911613522,0.0009729624794152514,1.0,0.01708968198930111,0.02331834942149938,30008,16118,46126,930269168.0,0.0,False,930269168.0,407753840.0,536353128.0,455678754.0,905130498.0,1777926670.0,MISSING,B1
development,B2-rank3-q1-r4-K2,ff8e17f270d298339d53b9f47b8fc13189a91c30105498e405a642bfe5bf29ec,0.03435310273810844,0.01016372648211009,True,0.007186839917625337,0.0009698292933906227,1.0554795598765143,0.017104471983289293,0.023321482607524008,33373,17952,51325,326412564.84375,2348175.559626922,True,326412564.84375,133823521.87500003,173337356.25000003,139652117.18750003,291553266.40625006,622681315.625,MISSING,B2
development,B3-rank0-q8-r32-K4,9feb7b75a61651992917ebc41e6b410eb6c6942213237eb566c049cd884377a8,0.03435310273810844,0.00012828672563865807,True,9.071241363531324e-05,1.4812500512273452e-05,1.6005852772940825,0.024200599487279317,0.024276499400402357,38337,38097,76434,2445393567.5625005,42508587.196704514,False,2445393567.5625005,560313768.375,807350844.9375002,375472470.75,1230914633.0625,4745311736.062501,MISSING,B3
development,B0-rank9-q1-r0-K0,9ec97d08a230b48e959eb7f5084fe00655cf97d80ba3307025097d092fd8d4d9,0.034697863553675365,0.010184552019249145,True,0.007201565796158216,0.0009729523927182182,1.0,0.017333528815331192,0.02356214221877119,29170,15787,44957,701733813.0,0.0,False,701733813.0,317980861.0,403534032.0,343786179.0,691888230.0,1338100148.0,MISSING,B0
development,B1-rank12-q1-r0-K0,5118c41031227fe7642bc243c875f815afae86eb716e4c1b31c31f7ea2c48c7c,0.034697863553675365,0.010184642692195597,True,0.007201629911613522,0.0009729624794152514,1.0,0.017333464699875886,0.023562132132074157,29170,15787,44957,906692776.0,0.0,False,906692776.0,397419880.0,522759996.0,444130203.0,882191211.0,1732867565.0,MISSING,B1
development,B2-rank3-q1-r4-K2,ff8e17f270d298339d53b9f47b8fc13189a91c30105498e405a642bfe5bf29ec,0.034697863553675365,0.01016372648211009,True,0.007186839917625337,0.0009698292933906227,1.0554795598765143,0.01734825469386407,0.023565265318098785,32441,17582,50023,318132211.03125,2288607.6184942527,True,318132211.03125,130428719.62500003,168940176.75000003,136109456.56250003,284157214.71875006,606885288.875,MISSING,B2
development,B3-rank0-q8-r32-K4,9feb7b75a61651992917ebc41e6b410eb6c6942213237eb566c049cd884377a8,0.034697863553675365,0.00012828672563865807,True,9.071241363531324e-05,1.4812500512273452e-05,1.6005852772940825,0.024444382197854095,0.024520282110977135,37576,37344,74920,2396955361.2500005,41666579.69983387,False,2396955361.2500005,549215107.5,791358888.7500002,368035135.0,1206532751.25,4651316891.250001,MISSING,B3
development,B0-rank9-q1-r0-K0,9ec97d08a230b48e959eb7f5084fe00655cf97d80ba3307025097d092fd8d4d9,0.03504608431930436,0.010184552019249145,True,0.007201565796158216,0.0009729523927182182,1.0,0.017579758080057423,0.02380837148349742,28359,15462,43821,684001989.0,0.0,False,684001989.0,309945933.0,393337296.0,335099187.0,674405190.0,1304288244.0,MISSING,B0
development,B1-rank12-q1-r0-K0,5118c41031227fe7642bc243c875f815afae86eb716e4c1b31c31f7ea2c48c7c,0.03504608431930436,0.010184642692195597,True,0.007201629911613522,0.0009729624794152514,1.0,0.017579693964602117,0.023808361396800388,28359,15462,43821,883781928.0,0.0,False,883781928.0,387377640.0,509550588.0,432907659.0,859899483.0,1689080445.0,MISSING,B1
development,B2-rank3-q1-r4-K2,ff8e17f270d298339d53b9f47b8fc13189a91c30105498e405a642bfe5bf29ec,0.03504608431930436,0.01016372648211009,True,0.007186839917625337,0.0009698292933906227,1.0554795598765143,0.017594483958590302,0.023811494582825016,31540,17220,48760,310099886.25,2230823.9705291516,True,310099886.25,127135605.00000003,164674710.00000003,132672912.50000003,276982703.75000006,591562415.0,MISSING,B2
development,B3-rank0-q8-r32-K4,9feb7b75a61651992917ebc41e6b410eb6c6942213237eb566c049cd884377a8,0.03504608431930436,0.00012828672563865807,True,9.071241363531324e-05,1.4812500512273452e-05,1.6005852772940825,0.024690611462580326,0.024766511375703366,36830,36605,73435,2349444967.3437505,40840700.483946875,False,2349444967.3437505,538329036.5625,775673251.4062502,360740258.125,1182617893.59375,4559122476.093751,MISSING,B3
development,B0-rank9-q1-r0-K0,9ec97d08a230b48e959eb7f5084fe00655cf97d80ba3307025097d092fd8d4d9,0.03539779975835689,0.010184552019249145,True,0.007201565796158216,0.0009729523927182182,1.0,0.017828458452059475,0.024057071855499473,27573,15144,42717,666769653.0,0.0,False,666769653.0,302137341.0,383427792.0,326656899.0,657414630.0,1271428788.0,MISSING,B0
development,B1-rank12-q1-r0-K0,5118c41031227fe7642bc243c875f815afae86eb716e4c1b31c31f7ea2c48c7c,0.03539779975835689,0.010184642692195597,True,0.007201629911613522,0.0009729624794152514,1.0,0.01782839433660417,0.02405706176880244,27573,15144,42717,861516456.0,0.0,False,861516456.0,377618280.0,496713276.0,422001243.0,838235691.0,1646526765.0,MISSING,B1
development,B2-rank3-q1-r4-K2,ff8e17f270d298339d53b9f47b8fc13189a91c30105498e405a642bfe5bf29ec,0.03539779975835689,0.01016372648211009,True,0.007186839917625337,0.0009698292933906227,1.0554795598765143,0.017843184330592354,0.024060194954827068,30667,16866,47533,302296511.34375,2174687.362411037,True,302296511.34375,123936355.87500003,160530824.25000003,129334322.18750003,270012691.90625006,576676297.625,MISSING,B2
development,B3-rank0-q8-r32-K4,9feb7b75a61651992917ebc41e6b410eb6c6942213237eb566c049cd884377a8,0.03539779975835689,0.00012828672563865807,True,9.071241363531324e-05,1.4812500512273452e-05,1.6005852772940825,0.024939311834582378,0.025015211747705417,36099,35881,71980,2302894379.3750005,40031505.69666367,False,2302894379.3750005,527662886.25,760304495.6250002,353592752.5,1159186164.375,4468790574.375001,MISSING,B3
development,B0-rank9-q1-r0-K0,9ec97d08a230b48e959eb7f5084fe00655cf97d80ba3307025097d092fd8d4d9,0.03575304494267115,0.010184552019249145,True,0.007201565796158216,0.0009729523927182182,1.0,0.01807965473087195,0.024308268134311948,26812,14832,41644,650021196.0,0.0,False,650021196.0,294548012.0,373796544.0,318451668.0,640901160.0,1239492016.0,MISSING,B0
development,B1-rank12-q1-r0-K0,5118c41031227fe7642bc243c875f815afae86eb716e4c1b31c31f7ea2c48c7c,0.03575304494267115,0.010184642692195597,True,0.007201629911613522,0.0009729624794152514,1.0,0.018079590615416644,0.024308258047614915,26812,14832,41644,839876192.0,0.0,False,839876192.0,368132960.0,484236432.0,411401076.0,817180212.0,1605167980.0,MISSING,B1
development,B2-rank3-q1-r4-K2,ff8e17f270d298339d53b9f47b8fc13189a91c30105498e405a642bfe5bf29ec,0.03575304494267115,0.01016372648211009,True,0.007186839917625337,0.0009698292933906227,1.0554795598765143,0.01809438060940483,0.024311391233639543,29821,16520,46341,294715726.59375,2120152.043033048,True,294715726.59375,120828364.87500003,156505142.25000003,126090964.68750003,263241498.65625006,562214804.625,MISSING,B2
development,B3-rank0-q8-r32-K4,9feb7b75a61651992917ebc41e6b410eb6c6942213237eb566c049cd884377a8,0.03575304494267115,0.00012828672563865807,True,9.071241363531324e-05,1.4812500512273452e-05,1.6005852772940825,0.025190508113394853,0.025266408026517893,35383,35171,70554,2257271603.8125005,39238439.19036411,False,2257271603.8125005,517209325.875,745242058.6875002,346587705.75,1136221459.3125,4380259102.312501,MISSING,B3
development,B0-rank9-q1-r0-K0,9ec97d08a230b48e959eb7f5084fe00655cf97d80ba3307025097d092fd8d4d9,0.036111855296059196,0.010184552019249145,True,0.007201565796158216,0.0009729523927182182,1.0,0.01833337196491258,0.02456198536835258,26075,14528,40603,633772227.0,0.0,False,633772227.0,287185019.0,364452528.0,310491141.0,624880170.0,1208507692.0,MISSING,B0
development,B1-rank12-q1-r0-K0,5118c41031227fe7642bc243c875f815afae86eb716e4c1b31c31f7ea2c48c7c,0.036111855296059196,0.010184642692195597,True,0.007201629911613522,0.0009729624794152514,1.0,0.018333307849457275,0.024561975281655546,26075,14528,40603,818881304.0,0.0,False,818881304.0,358930520.0,472131684.0,401117037.0,796752669.0,1565042635.0,MISSING,B1
development,B2-rank3-q1-r4-K2,ff8e17f270d298339d53b9f47b8fc13189a91c30105498e405a642bfe5bf29ec,0.036111855296059196,0.01016372648211009,True,0.007186839917625337,0.0009698292933906227,1.0554795598765143,0.01834809784344546,0.024565108467680175,29002,16180,45182,287344812.5625,2067126.510181463,True,287344812.5625,117806417.25000003,152590909.50000003,122937398.12500003,256657762.93750006,548153671.75,MISSING,B2
development,B3-rank0-q8-r32-K4,9feb7b75a61651992917ebc41e6b410eb6c6942213237eb566c049cd884377a8,0.036111855296059196,0.00012828672563865807,True,9.071241363531324e-05,1.4812500512273452e-05,1.6005852772940825,0.025444225347435484,0.025520125260558524,34681,34475,69156,2212544647.1250005,38460944.817428075,False,2212544647.1250005,506961024.75,730475377.8750002,339720205.5,1113707674.125,4293465976.125001,MISSING,B3
development,B0-rank9-q1-r0-K0,9ec97d08a230b48e959eb7f5084fe00655cf97d80ba3307025097d092fd8d4d9,0.036474266597839325,0.010184552019249145,True,0.007201565796158216,0.0009729523927182182,1.0,0.018589635453979955,0.024818248857419952,25361,14229,39590,617960310.0,0.0,False,617960310.0,280020070.0,355359840.0,302744730.0,609290100.0,1178356760.0,MISSING,B0
development,B1-rank12-q1-r0-K0,5118c41031227fe7642bc243c875f815afae86eb716e4c1b31c31f7ea2c48c7c,0.036474266597839325,0.010184642692195597,True,0.007201629911613522,0.0009729624794152514,1.0,0.01858957133852465,0.02481823877072292,25361,14229,39590,798451120.0,0.0,False,798451120.0,349975600.0,460352520.0,391109610.0,776874570.0,1525996550.0,MISSING,B1
development,B2-rank3-q1-r4-K2,ff8e17f270d298339d53b9f47b8fc13189a91c30105498e405a642bfe5bf29ec,0.036474266597839325,0.01016372648211009,True,0.007186839917625337,0.0009698292933906227,1.0554795598765143,0.018604361332512833,0.024821371956747548,28209,15848,44057,280190128.96875,2015656.5149631426,True,280190128.96875,114873120.37500003,148791503.25000003,119876343.43750003,250267165.28125006,534505031.125,MISSING,B2
development,B3-rank0-q8-r32-K4,9feb7b75a61651992917ebc41e6b410eb6c6942213237eb566c049cd884377a8,0.036474266597839325,0.00012828672563865807,True,9.071241363531324e-05,1.4812500512273452e-05,1.6005852772940825,0.025700488836502857,0.025776388749625897,33993,33793,67786,2168713509.3125005,37699022.577855565,False,2168713509.3125005,496917982.875,716004453.1875002,332990251.75,1091644808.8125,4208411195.8125005,MISSING,B3
development,B0-rank9-q1-r0-K0,9ec97d08a230b48e959eb7f5084fe00655cf97d80ba3307025097d092fd8d4d9,0.03684031498640387,0.010184552019249145,True,0.007201565796158216,0.0009729523927182182,1.0,0.01884847075177635,0.025077084155216346,24670,13937,38607,602616663.0,0.0,False,602616663.0,273067311.0,346536432.0,295227729.0,594161730.0,1149098748.0,MISSING,B0
development,B1-rank12-q1-r0-K0,5118c41031227fe7642bc243c875f815afae86eb716e4c1b31c31f7ea2c48c7c,0.03684031498640387,0.010184642692195597,True,0.007201629911613522,0.0009729624794152514,1.0,0.018848406636321043,0.025077074068519313,24670,13937,38607,778625976.0,0.0,False,778625976.0,341285880.0,448922196.0,381398553.0,757585161.0,1488106815.0,MISSING,B1
development,B2-rank3-q1-r4-K2,ff8e17f270d298339d53b9f47b8fc13189a91c30105498e405a642bfe5bf29ec,0.03684031498640387,0.01016372648211009,True,0.007186839917625337,0.0009698292933906227,1.0554795598765143,0.018863196630309227,0.02508020725454394,27440,15522,42962,273226236.9375,1965559.0529506444,True,273226236.9375,112018044.75000003,145093414.50000003,116896916.87500003,244046983.56250006,521220354.25,MISSING,B2
development,B3-rank0-q8-r32-K4,9feb7b75a61651992917ebc41e6b410eb6c6942213237eb566c049cd884377a8,0.03684031498640387,0.00012828672563865807,True,9.071241363531324e-05,1.4812500512273452e-05,1.6005852772940825,0.02595932413429925,0.02603522404742229,33318,33124,66442,2125714203.3125005,36951560.176406324,False,2125714203.3125005,487065538.875,701808159.1875002,326388019.75,1070000654.8125,4124970593.8125005,MISSING,B3
development,PM1-B0-rank5-q1-r0-K0,74b125a99f630afd0f2225aec88668f0d9f6d01cbf6cc480cd2f6d093e37e7db,0.037210036962822775,0.018630514795286126,True,0.013173763348743123,0.0024542199243681173,1.0,0.013137706115870944,0.02385724954024595,50777,15398,66175,586707550.0,0.0,False,586707550.0,262317700.0,334316100.0,282898125.0,571421125.0,1117960450.0,MISSING,B0
development,B1-rank12-q1-r0-K0,5118c41031227fe7642bc243c875f815afae86eb716e4c1b31c31f7ea2c48c7c,0.037210036962822775,0.010184642692195597,True,0.007201629911613522,0.0009729624794152514,1.0,0.019109839553000545,0.025338506985198815,23999,13651,37650,759325200.0,0.0,False,759325200.0,332826000.0,437794200.0,371944350.0,738805950.0,1451219250.0,MISSING,B1
development,B2-rank3-q1-r4-K2,ff8e17f270d298339d53b9f47b8fc13189a91c30105498e405a642bfe5bf29ec,0.037210036962822775,0.01016372648211009,True,0.007186839917625337,0.0009698292933906227,1.0554795598765143,0.01912462954698873,0.025341640171223444,26695,15204,41899,266465855.90625,1916925.626357689,True,266465855.90625,109246405.12500003,141503397.75000003,114004560.31250003,238008578.84375006,508323905.375,MISSING,B2
development,B3-rank0-q8-r32-K4,9feb7b75a61651992917ebc41e6b410eb6c6942213237eb566c049cd884377a8,0.037210036962822775,0.00012828672563865807,True,9.071241363531324e-05,1.4812500512273452e-05,1.6005852772940825,0.026220757050978753,0.026296656964101793,32657,32469,65126,2083610716.1875005,36219669.90832061,False,2083610716.1875005,477418354.125,687907621.3125002,319923334.25,1048807420.6875,4043268337.6875005,MISSING,B3
development,PM1-B0-rank5-q1-r0-K0,74b125a99f630afd0f2225aec88668f0d9f6d01cbf6cc480cd2f6d093e37e7db,0.03758346939448338,0.018630514795286126,True,0.013173763348743123,0.0024542199243681173,1.0,0.01340176272061314,0.024121306144988145,48796,15063,63859,566173894.0,0.0,False,566173894.0,253137076.0,322615668.0,272997225.0,551422465.0,1078833946.0,MISSING,B0
development,B1-rank12-q1-r0-K0,5118c41031227fe7642bc243c875f815afae86eb716e4c1b31c31f7ea2c48c7c,0.03758346939448338,0.010184642692195597,True,0.007201629911613522,0.0009729624794152514,1.0,0.01937389615774274,0.02560256358994101,23350,13371,36721,740589128.0,0.0,False,740589128.0,324613640.0,426991788.0,362766759.0,720576183.0,1415410945.0,MISSING,B1
development,B2-rank3-q1-r4-K2,ff8e17f270d298339d53b9f47b8fc13189a91c30105498e405a642bfe5bf29ec,0.03758346939448338,0.01016372648211009,True,0.007186839917625337,0.0009698292933906227,1.0554795598765143,0.019388686151730925,0.02560569677596564,25973,14892,40865,259889906.71875,1869618.9818636954,True,259889906.71875,106550379.37500003,138011321.25000003,111191110.93750003,232134909.53125006,495779288.125,MISSING,B2
development,B3-rank0-q8-r32-K4,9feb7b75a61651992917ebc41e6b410eb6c6942213237eb566c049cd884377a8,0.03758346939448338,0.00012828672563865807,True,9.071241363531324e-05,1.4812500512273452e-05,1.6005852772940825,0.02648481365572095,0.02656071356884399,32009,31827,63836,2042339060.8750005,35502239.47835818,False,2042339060.8750005,467961767.25,674281714.1250002,313586370.5,1028032897.875,3963180259.8750005,MISSING,B3
development,PM1-B0-rank5-q1-r0-K0,74b125a99f630afd0f2225aec88668f0d9f6d01cbf6cc480cd2f6d093e37e7db,0.03796064951876668,0.018630514795286126,True,0.013173763348743123,0.0024542199243681173,1.0,0.01366846934422265,0.024388012768597655,46910,14736,61646,546553436.0,0.0,False,546553436.0,244364744.0,311435592.0,263536650.0,532313210.0,1041447524.0,MISSING,B0
development,B1-rank12-q1-r0-K0,5118c41031227fe7642bc243c875f815afae86eb716e4c1b31c31f7ea2c48c7c,0.03796064951876668,0.010184642692195597,True,0.007201629911613522,0.0009729624794152514,1.0,0.01964060278135225,0.02586927021355052,22720,13096,35816,722337088.0,0.0,False,722337088.0,316613440.0,416468448.0,353826264.0,702817368.0,1380527720.0,MISSING,B1
development,B2-rank3-q1-r4-K2,ff8e17f270d298339d53b9f47b8fc13189a91c30105498e405a642bfe5bf29ec,0.03796064951876668,0.01016372648211009,True,0.007186839917625337,0.0009698292933906227,1.0554795598765143,0.019655392775340435,0.02587240339957515,25273,14586,39859,253492029.65625,1823593.3683618018,True,253492029.65625,103927360.12500003,134613807.75000003,108453847.81250003,226420295.09375006,483574370.375,MISSING,B2
development,B3-rank0-q8-r32-K4,9feb7b75a61651992917ebc41e6b410eb6c6942213237eb566c049cd884377a8,0.03796064951876668,0.00012828672563865807,True,9.071241363531324e-05,1.4812500512273452e-05,1.6005852772940825,0.02675152027933046,0.0268274201924535,31374,31197,62571,2001867243.8437505,34798712.738898896,False,2001867243.8437505,458688447.5625,660919874.9062502,307372216.125,1007660982.09375,3884644276.5937505,MISSING,B3
development,PM1-B0-rank5-q1-r0-K0,74b125a99f630afd0f2225aec88668f0d9f6d01cbf6cc480cd2f6d093e37e7db,0.03834161494676055,0.018630514795286126,True,0.013173763348743123,0.0024542199243681173,1.0,0.013937852581754746,0.02465739600612975,45115,14415,59530,527792980.0,0.0,False,527792980.0,235976920.0,300745560.0,254490750.0,514041550.0,1005699820.0,MISSING,B0
development,B1-rank12-q1-r0-K0,5118c41031227fe7642bc243c875f815afae86eb716e4c1b31c31f7ea2c48c7c,0.03834161494676055,0.010184642692195597,True,0.007201629911613522,0.0009729624794152514,1.0,0.019909986018884347,0.026138653451082617,22109,12828,34937,704609416.0,0.0,False,704609416.0,308843080.0,406247436.0,345142623.0,685568751.0,1346646665.0,MISSING,B1
development,B2-rank3-q1-r4-K2,ff8e17f270d298339d53b9f47b8fc13189a91c30105498e405a642bfe5bf29ec,0.03834161494676055,0.01016372648211009,True,0.007186839917625337,0.0009698292933906227,1.0554795598765143,0.01992477601287253,0.026141786637107246,24594,14287,38881,247272224.71875,1778848.7858520087,True,247272224.71875,101377347.37500003,131310857.25000003,105792770.93750003,220864735.53125006,471709152.125,MISSING,B2
development,B3-rank0-q8-r32-K4,9feb7b75a61651992917ebc41e6b410eb6c6942213237eb566c049cd884377a8,0.03834161494676055,0.00012828672563865807,True,9.071241363531324e-05,1.4812500512273452e-05,1.6005852772940825,0.027020903516862555,0.027096803429985595,30752,30580,61332,1962227258.6250005,34109645.837562874,False,1962227258.6250005,449605725.75,647832666.3750002,301285783.5,987707777.625,3807722471.6250005,MISSING,B3
development,PM1-B0-rank5-q1-r0-K0,74b125a99f630afd0f2225aec88668f0d9f6d01cbf6cc480cd2f6d093e37e7db,0.0387264036670101,0.018630514795286126,True,0.013173763348743123,0.0024542199243681173,1.0,0.014209939295167298,0.024929482719542304,43404,14102,57506,509848196.0,0.0,False,509848196.0,227953784.0,290520312.0,245838150.0,496564310.0,971506364.0,MISSING,B0
development,B1-rank12-q1-r0-K0,5118c41031227fe7642bc243c875f815afae86eb716e4c1b31c31f7ea2c48c7c,0.0387264036670101,0.010184642692195597,True,0.007201629911613522,0.0009729624794152514,1.0,0.0201820727322969,0.02641074016449517,21517,12565,34082,687365776.0,0.0,False,687365776.0,301284880.0,396305496.0,336696078.0,668791086.0,1313690690.0,MISSING,B1
development,B2-rank3-q1-r4-K2,ff8e17f270d298339d53b9f47b8fc13189a91c30105498e405a642bfe5bf29ec,0.0387264036670101,0.01016372648211009,True,0.007186839917625337,0.0009698292933906227,1.0554795598765143,0.020196862726285084,0.026413873350519798,23936,13994,37930,241224132.1875,1735339.4832274553,True,241224132.1875,98897733.75000001,128099092.50000003,103205159.37500001,215462550.31250006,460171501.25,MISSING,B2
development,B3-rank0-q8-r32-K4,9feb7b75a61651992917ebc41e6b410eb6c6942213237eb566c049cd884377a8,0.0387264036670101,0.00012828672563865807,True,9.071241363531324e-05,1.4812500512273452e-05,1.6005852772940825,0.027292990230275108,0.027368890143398147,30142,29975,60117,1923355118.1562505,33433926.479109887,False,1923355118.1562505,440698940.4375,634998963.0937502,295317247.875,968141075.90625,3732290677.4062505,MISSING,B3
development,PM1-B0-rank5-q1-r0-K0,74b125a99f630afd0f2225aec88668f0d9f6d01cbf6cc480cd2f6d093e37e7db,0.039115054049305896,0.018630514795286126,True,0.013173763348743123,0.0024542199243681173,1.0,0.014484756615999399,0.025204300040374404,41772,13797,55569,492674754.0,0.0,False,492674754.0,220275516.0,280734588.0,237557475.0,479838315.0,938782686.0,MISSING,B0
development,B1-rank12-q1-r0-K0,5118c41031227fe7642bc243c875f815afae86eb716e4c1b31c31f7ea2c48c7c,0.039115054049305896,0.010184642692195597,True,0.007201629911613522,0.0009729624794152514,1.0,0.020456890053129,0.02668555748532727,20943,12308,33251,670606168.0,0.0,False,670606168.0,293938840.0,386642628.0,328486629.0,652484373.0,1281659795.0,MISSING,B1
development,B2-rank3-q1-r4-K2,ff8e17f270d298339d53b9f47b8fc13189a91c30105498e405a642bfe5bf29ec,0.039115054049305896,0.01016372648211009,True,0.007186839917625337,0.0009698292933906227,1.0554795598765143,0.020471680047117184,0.0266886906713519,23297,13708,37005,235341392.34375,1693019.7093812812,True,235341392.34375,96485911.87500001,124975136.25000003,100688292.18750001,210208058.90625003,448949285.625,MISSING,B2
development,B3-rank0-q8-r32-K4,9feb7b75a61651992917ebc41e6b410eb6c6942213237eb566c049cd884377a8,0.039115054049305896,0.00012828672563865807,True,9.071241363531324e-05,1.4812500512273452e-05,1.6005852772940825,0.027567807551107208,0.027643707464230248,29544,29382,58926,1885250822.4375005,32771554.663539916,False,1885250822.4375005,431968091.625,622418765.0625002,289466609.25,948960876.9375,3658348893.9375005,MISSING,B3
development,PM1-B0-rank5-q1-r0-K0,74b125a99f630afd0f2225aec88668f0d9f6d01cbf6cc480cd2f6d093e37e7db,0.03950760484850994,0.018630514795286126,True,0.013173763348743123,0.0024542199243681173,1.0,0.014762331948076777,0.025481875372451782,40216,13498,53714,476228324.0,0.0,False,476228324.0,212922296.0,271363128.0,229627350.0,463820390.0,907444316.0,MISSING,B0
development,B1-rank12-q1-r0-K0,5118c41031227fe7642bc243c875f815afae86eb716e4c1b31c31f7ea2c48c7c,0.03950760484850994,0.010184642692195597,True,0.007201629911613522,0.0009729624794152514,1.0,0.020734465385206378,0.026963132817404648,20386,12055,32441,654270088.0,0.0,False,654270088.0,286778440.0,377223948.0,320484639.0,636589743.0,1250438345.0,MISSING,B1
development,B2-rank3-q1-r4-K2,ff8e17f270d298339d53b9f47b8fc13189a91c30105498e405a642bfe5bf29ec,0.03950760484850994,0.01016372648211009,True,0.007186839917625337,0.0009698292933906227,1.0554795598765143,0.020749255379194562,0.026966266003429277,22678,13427,36105,229617645.46875,1651843.7132066248,True,229617645.46875,94139274.37500001,121935611.25000003,98239448.43750001,205095580.78125003,438030373.125,MISSING,B2
development,B3-rank0-q8-r32-K4,9feb7b75a61651992917ebc41e6b410eb6c6942213237eb566c049cd884377a8,0.03950760484850994,0.00012828672563865807,True,9.071241363531324e-05,1.4812500512273452e-05,1.6005852772940825,0.027845382883184586,0.027921282796307626,28958,28800,57758,1847882377.9375005,32121974.243232846,False,1847882377.9375005,423405848.625,610081509.5625002,283728955.25,930151076.4375,3585835037.4375005,MISSING,B3
development,PM1-B0-rank5-q1-r0-K0,74b125a99f630afd0f2225aec88668f0d9f6d01cbf6cc480cd2f6d093e37e7db,0.039904095208420254,0.018630514795286126,True,0.013173763348743123,0.0024542199243681173,1.0,0.015042692970244454,0.02576223639461946,38731,13205,51936,460464576.0,0.0,False,460464576.0,205874304.0,262380672.0,222026400.0,448467360.0,877406784.0,MISSING,B0
development,B1-rank12-q1-r0-K0,5118c41031227fe7642bc243c875f815afae86eb716e4c1b31c31f7ea2c48c7c,0.039904095208420254,0.010184642692195597,True,0.007201629911613522,0.0009729624794152514,1.0,0.021014826407374055,0.027243493839572325,19846,11809,31655,638418040.0,0.0,False,638418040.0,279830200.0,368084340.0,312719745.0,621166065.0,1220141975.0,MISSING,B1
development,B2-rank3-q1-r4-K2,ff8e17f270d298339d53b9f47b8fc13189a91c30105498e405a642bfe5bf29ec,0.039904095208420254,0.01016372648211009,True,0.007186839917625337,0.0009698292933906227,1.0554795598765143,0.02102961640136224,0.027246627025596954,22078,13152,35230,224052891.5625,1611811.4947034868,True,224052891.5625,91857821.25000001,118980517.50000003,95858628.12500001,200125115.93750003,427414763.75,MISSING,B2
development,B3-rank0-q8-r32-K4,9feb7b75a61651992917ebc41e6b410eb6c6942213237eb566c049cd884377a8,0.039904095208420254,0.00012828672563865807,True,9.071241363531324e-05,1.4812500512273452e-05,1.6005852772940825,0.028125743905352264,0.028201643818475303,28383,28231,56614,1811281778.1875005,31485741.365808792,False,1811281778.1875005,415019542.125,597997759.3125002,278109198.25,911727778.6875,3514811191.6875005,MISSING,B3
development,PM1-B0-rank5-q1-r0-K0,74b125a99f630afd0f2225aec88668f0d9f6d01cbf6cc480cd2f6d093e37e7db,0.040304564665674086,0.018630514795286126,True,0.013173763348743123,0.0024542199243681173,1.0,0.015325867639126738,0.026045411063501743,37313,12920,50233,445365778.0,0.0,False,445365778.0,199123612.0,253777116.0,214746075.0,433761955.0,848636302.0,MISSING,B0
development,B1-rank12-q1-r0-K0,5118c41031227fe7642bc243c875f815afae86eb716e4c1b31c31f7ea2c48c7c,0.040304564665674086,0.010184642692195597,True,0.007201629911613522,0.0009729624794152514,1.0,0.02129800107625634,0.02752666850845461,19321,11567,30888,622949184.0,0.0,False,622949184.0,273049920.0,359165664.0,305142552.0,606115224.0,1190577960.0,MISSING,B1
development,B2-rank3-q1-r4-K2,ff8e17f270d298339d53b9f47b8fc13189a91c30105498e405a642bfe5bf29ec,0.040304564665674086,0.01016372648211009,True,0.007186839917625337,0.0009698292933906227,1.0554795598765143,0.021312791070244523,0.027529801694479238,21495,12883,34378,218634411.1875,1572831.5516581456,True,218634411.1875,89636337.75000001,116103100.50000003,93540389.37500001,195285303.31250003,417078193.25,MISSING,B2
development,B3-rank0-q8-r32-K4,9feb7b75a61651992917ebc41e6b410eb6c6942213237eb566c049cd884377a8,0.040304564665674086,0.00012828672563865807,True,9.071241363531324e-05,1.4812500512273452e-05,1.6005852772940825,0.028408918574234547,0.028484818487357587,27820,27672,55492,1775385036.1250005,30861743.73602751,False,1775385036.1250005,406794510.75,586146388.8750002,272597513.5,893658775.125,3445153189.1250005,MISSING,B3
development,PM1-B0-rank5-q1-r0-K0,74b125a99f630afd0f2225aec88668f0d9f6d01cbf6cc480cd2f6d093e37e7db,0.04070905315369044,0.018630514795286126,True,0.013173763348743123,0.0024542199243681173,1.0,0.01561188419191499,0.026331427616289996,35958,12641,48599,430878734.0,0.0,False,430878734.0,192646436.0,245522148.0,207760725.0,419652365.0,821031506.0,MISSING,B0
development,B1-rank12-q1-r0-K0,5118c41031227fe7642bc243c875f815afae86eb716e4c1b31c31f7ea2c48c7c,0.04070905315369044,0.010184642692195597,True,0.007201629911613522,0.0009729624794152514,1.0,0.02158401762904459,0.02781268506124286,18813,11330,30143,607924024.0,0.0,False,607924024.0,266464120.0,350502804.0,297782697.0,591496089.0,1161861935.0,MISSING,B1
development,B2-rank3-q1-r4-K2,ff8e17f270d298339d53b9f47b8fc13189a91c30105498e405a642bfe5bf29ec,0.04070905315369044,0.01016372648211009,True,0.007186839917625337,0.0009698292933906227,1.0554795598765143,0.021598807623032776,0.02781581824726749,20929,12619,33548,213355844.625,1534858.1329637405,True,213355844.625,87472216.50000001,113299983.00000003,91282011.25000001,190570462.37500003,407008529.5,MISSING,B2
development,B3-rank0-q8-r32-K4,9feb7b75a61651992917ebc41e6b410eb6c6942213237eb566c049cd884377a8,0.04070905315369044,0.00012828672563865807,True,9.071241363531324e-05,1.4812500512273452e-05,1.6005852772940825,0.0286949351270228,0.02877083504014584,27268,27125,54393,1740224145.2812505,30250537.50150913,False,1740224145.2812505,398738085.1875,574537960.9687502,267198813.375,875960170.03125,3376923113.5312505,MISSING,B3
development,PM1-B0-rank5-q1-r0-K0,74b125a99f630afd0f2225aec88668f0d9f6d01cbf6cc480cd2f6d093e37e7db,0.04111760100665206,0.018630514795286126,True,0.013173763348743123,0.0024542199243681173,1.0,0.015900771149183358,0.026620314573558363,34664,12368,47032,416985712.0,0.0,False,416985712.0,186434848.0,237605664.0,201061800.0,406121320.0,794558608.0,MISSING,B0
development,B1-rank12-q1-r0-K0,5118c41031227fe7642bc243c875f815afae86eb716e4c1b31c31f7ea2c48c7c,0.04111760100665206,0.010184642692195597,True,0.007201629911613522,0.0009729624794152514,1.0,0.02187290458631296,0.02810157201851123,18319,11098,29417,593282056.0,0.0,False,593282056.0,260046280.0,342060876.0,290610543.0,577249791.0,1133878265.0,MISSING,B1
development,B2-rank3-q1-r4-K2,ff8e17f270d298339d53b9f47b8fc13189a91c30105498e405a642bfe5bf29ec,0.04111760100665206,0.01016372648211009,True,0.007186839917625337,0.0009698292933906227,1.0554795598765143,0.021887694580301143,0.028104705204535858,20381,12361,32742,208229911.3125,1497982.7408339926,True,208229911.3125,85370672.25000001,110577919.50000003,89088935.62500001,185991954.18750003,397230036.75,MISSING,B2
development,B3-rank0-q8-r32-K4,9feb7b75a61651992917ebc41e6b410eb6c6942213237eb566c049cd884377a8,0.04111760100665206,0.00012828672563865807,True,9.071241363531324e-05,1.4812500512273452e-05,1.6005852772940825,0.028983822084291167,0.029059721997414207,26728,26588,53316,1705767112.1250005,29651566.514633514,False,1705767112.1250005,390842934.75,563161912.8750002,261908185.5,858615859.125,3310058881.1250005,MISSING,B3
development,PM1-B0-rank5-q1-r0-K0,74b125a99f630afd0f2225aec88668f0d9f6d01cbf6cc480cd2f6d093e37e7db,0.04153024896352739,0.018630514795286126,True,0.013173763348743123,0.0024542199243681173,1.0,0.01619255731773268,0.026912100742107686,33426,12101,45527,403642382.0,0.0,False,403642382.0,180469028.0,230002404.0,194627925.0,393125645.0,769133138.0,MISSING,B0
development,B1-rank12-q1-r0-K0,5118c41031227fe7642bc243c875f815afae86eb716e4c1b31c31f7ea2c48c7c,0.04153024896352739,0.010184642692195597,True,0.007201629911613522,0.0009729624794152514,1.0,0.02216469075486228,0.02839335818706055,17840,10872,28712,579063616.0,0.0,False,579063616.0,253814080.0,333863136.0,283645848.0,563415576.0,1106704040.0,MISSING,B1
development,B2-rank3-q1-r4-K2,ff8e17f270d298339d53b9f47b8fc13189a91c30105498e405a642bfe5bf29ec,0.04153024896352739,0.01016372648211009,True,0.007186839917625337,0.0009698292933906227,1.0554795598765143,0.022179480748850466,0.02839649137308518,19848,12109,31957,203237532.09375,1462068.1219483204,True,203237532.09375,83323882.87500001,107926778.25000001,86952999.68750001,181532737.15625003,387706318.625,MISSING,B2
development,B3-rank0-q8-r32-K4,9feb7b75a61651992917ebc41e6b410eb6c6942213237eb566c049cd884377a8,0.04153024896352739,0.00012828672563865807,True,9.071241363531324e-05,1.4812500512273452e-05,1.6005852772940825,0.02927560825284049,0.02935150816596353,26197,26062,52259,1671949949.5937505,29063718.48016041,False,1671949949.5937505,383094398.0625,551997119.1562502,256715805.125,841593633.84375,3244436324.3437505,MISSING,B3
development,PM1-B0-rank5-q1-r0-K0,74b125a99f630afd0f2225aec88668f0d9f6d01cbf6cc480cd2f6d093e37e7db,0.041947038172132994,0.018630514795286126,True,0.013173763348743123,0.0024542199243681173,1.0,0.016487271793463078,0.027206815217838083,32241,11840,44081,390822146.0,0.0,False,390822146.0,174737084.0,222697212.0,188446275.0,380639435.0,744704414.0,MISSING,B0
development,B1-rank12-q1-r0-K0,5118c41031227fe7642bc243c875f815afae86eb716e4c1b31c31f7ea2c48c7c,0.041947038172132994,0.010184642692195597,True,0.007201629911613522,0.0009729624794152514,1.0,0.02245940523059268,0.02868807266279095,17375,10649,28024,565188032.0,0.0,False,565188032.0,247732160.0,325863072.0,276849096.0,549914952.0,1080185080.0,MISSING,B1
development,B2-rank3-q1-r4-K2,ff8e17f270d298339d53b9f47b8fc13189a91c30105498e405a642bfe5bf29ec,0.041947038172132994,0.01016372648211009,True,0.007186839917625337,0.0009698292933906227,1.0554795598765143,0.022474195224580863,0.028691205848815578,19331,11861,31192,198372347.25,1427068.5251998627,True,198372347.25,81329241.00000001,105343182.00000001,84871482.50000001,177187130.75000003,378425243.0,MISSING,B2
development,B3-rank0-q8-r32-K4,9feb7b75a61651992917ebc41e6b410eb6c6942213237eb566c049cd884377a8,0.041947038172132994,0.00012828672563865807,True,9.071241363531324e-05,1.4812500512273452e-05,1.6005852772940825,0.029570322728570887,0.029646222641693927,25678,25547,51225,1638868638.2812505,28488661.840950213,False,1638868638.2812505,375514467.1875,541075267.9687502,251636409.375,824941807.03125,3180241694.5312505,MISSING,B3
development,PM1-B0-rank5-q1-r0-K0,74b125a99f630afd0f2225aec88668f0d9f6d01cbf6cc480cd2f6d093e37e7db,0.042368010193236626,0.018630514795286126,True,0.013173763348743123,0.0024542199243681173,1.0,0.01678494396427526,0.027504487388650266,31108,11586,42694,378525004.0,0.0,False,378525004.0,169239016.0,215690088.0,182516850.0,368662690.0,721272436.0,MISSING,B0
development,B1-rank12-q1-r0-K0,5118c41031227fe7642bc243c875f815afae86eb716e4c1b31c31f7ea2c48c7c,0.042368010193236626,0.010184642692195597,True,0.007201629911613522,0.0009729624794152514,1.0,0.02275707740140486,0.028985744833603132,16923,10432,27355,551695640.0,0.0,False,551695640.0,241818200.0,318083940.0,270240045.0,536787165.0,1054398475.0,MISSING,B1
development,B2-rank3-q1-r4-K2,ff8e17f270d298339d53b9f47b8fc13189a91c30105498e405a642bfe5bf29ec,0.042368010193236626,0.01016372648211009,True,0.007186839917625337,0.0009698292933906227,1.0554795598765143,0.022771867395393046,0.02898887801962776,18829,11619,30448,193640716.5,1393029.7016954802,True,193640716.5,79389354.00000001,102830508.00000001,82847105.00000001,172960815.50000003,369398942.0,MISSING,B2
development,B3-rank0-q8-r32-K4,9feb7b75a61651992917ebc41e6b410eb6c6942213237eb566c049cd884377a8,0.042368010193236626,0.00012828672563865807,True,9.071241363531324e-05,1.4812500512273452e-05,1.6005852772940825,0.02986799489938307,0.02994389481250611,25169,25041,50210,1606395204.0625005,27924172.006522406,False,1606395204.0625005,368073819.375,530354108.4375002,246650348.75,808595961.5625,3117226656.5625005,MISSING,B3
development,PM1-B0-rank5-q1-r0-K0,74b125a99f630afd0f2225aec88668f0d9f6d01cbf6cc480cd2f6d093e37e7db,0.04279320700470147,0.018630514795286126,True,0.013173763348743123,0.0024542199243681173,1.0,0.01708560351300095,0.027805146937375954,30023,11336,41359,366688894.0,0.0,False,366688894.0,163947076.0,208945668.0,176809725.0,357134965.0,698718946.0,MISSING,B0
development,B1-rank12-q1-r0-K0,5118c41031227fe7642bc243c875f815afae86eb716e4c1b31c31f7ea2c48c7c,0.04279320700470147,0.010184642692195597,True,0.007201629911613522,0.0009729624794152514,1.0,0.02305773695013055,0.02928640438232882,16485,10219,26704,538566272.0,0.0,False,538566272.0,236063360.0,310514112.0,263808816.0,524012592.0,1029305680.0,MISSING,B1
development,B2-rank3-q1-r4-K2,ff8e17f270d298339d53b9f47b8fc13189a91c30105498e405a642bfe5bf29ec,0.04279320700470147,0.01016372648211009,True,0.007186839917625337,0.0009698292933906227,1.0554795598765143,0.023072526944118734,0.02928953756835345,18341,11381,29722,189023560.6875,1359814.398114591,True,189023560.6875,77496399.75000001,100378624.50000001,80871704.37500001,168836749.81250003,360591019.25,MISSING,B2
development,B3-rank0-q8-r32-K4,9feb7b75a61651992917ebc41e6b410eb6c6942213237eb566c049cd884377a8,0.04279320700470147,0.00012828672563865807,True,9.071241363531324e-05,1.4812500512273452e-05,1.6005852772940825,0.030168654448108758,0.030244554361231798,24669,24546,49215,1574561640.4687505,27370805.124497116,False,1574561640.4687505,360779785.3125,519844203.2812502,241762535.625,792572201.71875,3055453294.2187505,MISSING,B3
development,PM1-B0-rank5-q1-r0-K0,74b125a99f630afd0f2225aec88668f0d9f6d01cbf6cc480cd2f6d093e37e7db,0.04322267100567216,0.018630514795286126,True,0.013173763348743123,0.0024542199243681173,1.0,0.01738928042036283,0.028108823844737837,28983,11093,40076,355313816.0,0.0,False,355313816.0,158861264.0,202463952.0,171324900.0,346056260.0,677043944.0,MISSING,B0
development,B1-rank12-q1-r0-K0,5118c41031227fe7642bc243c875f815afae86eb716e4c1b31c31f7ea2c48c7c,0.04322267100567216,0.010184642692195597,True,0.007201629911613522,0.0009729624794152514,1.0,0.023361413857492432,0.029590081289690703,16059,10010,26069,525759592.0,0.0,False,525759592.0,230449960.0,303130332.0,257535651.0,511551987.0,1004829605.0,MISSING,B1
development,B2-rank3-q1-r4-K2,ff8e17f270d298339d53b9f47b8fc13189a91c30105498e405a642bfe5bf29ec,0.04322267100567216,0.01016372648211009,True,0.007186839917625337,0.0009698292933906227,1.0554795598765143,0.023376203851480617,0.02959321447571533,17868,11149,29017,184539958.96875,1327559.867777777,True,184539958.96875,75658200.37500001,97997663.25000001,78953443.43750001,164831975.28125003,352037871.125,MISSING,B2
development,B3-rank0-q8-r32-K4,9feb7b75a61651992917ebc41e6b410eb6c6942213237eb566c049cd884377a8,0.04322267100567216,0.00012828672563865807,True,9.071241363531324e-05,1.4812500512273452e-05,1.6005852772940825,0.03047233135547064,0.03054823126859368,24180,24060,48240,1543367947.5000002,26828561.194874343,False,1543367947.5000002,353632365.0,509545552.5000002,236972970.0,776870527.5,2994921607.5000005,MISSING,B3
development,PM1-B0-rank5-q1-r0-K0,74b125a99f630afd0f2225aec88668f0d9f6d01cbf6cc480cd2f6d093e37e7db,0.04365644502080258,0.018630514795286126,True,0.013173763348743123,0.0024542199243681173,1.0,0.017696004967964064,0.02841554839233907,27987,10855,38842,344373172.0,0.0,False,344373172.0,153969688.0,196229784.0,166049550.0,335400670.0,656196748.0,MISSING,B0
development,B1-rank12-q1-r0-K0,5118c41031227fe7642bc243c875f815afae86eb716e4c1b31c31f7ea2c48c7c,0.04365644502080258,0.010184642692195597,True,0.007201629911613522,0.0009729624794152514,1.0,0.023668138405093665,0.029896805837291936,15646,9806,25452,513315936.0,0.0,False,513315936.0,224995680.0,295955856.0,251440308.0,499444596.0,981047340.0,MISSING,B1
development,B2-rank3-q1-r4-K2,ff8e17f270d298339d53b9f47b8fc13189a91c30105498e405a642bfe5bf29ec,0.04365644502080258,0.01016372648211009,True,0.007186839917625337,0.0009698292933906227,1.0554795598765143,0.02368292839908185,0.029899939023316564,17408,10922,28330,180170832.1875,1296128.857364456,True,180170832.1875,73866933.75000001,95677492.50000001,77084159.37500001,160929450.31250003,343703101.25,MISSING,B2
development,B3-rank0-q8-r32-K4,9feb7b75a61651992917ebc41e6b410eb6c6942213237eb566c049cd884377a8,0.04365644502080258,0.00012828672563865807,True,9.071241363531324e-05,1.4812500512273452e-05,1.6005852772940825,0.030779055903071874,0.030854955816194914,23701,23584,47285,1512814125.1562502,26297440.217654094,False,1512814125.1562502,346631558.4375,499458156.0937502,232281651.875,761490938.90625,2935631596.4062505,MISSING,B3
development,PM1-B0-rank5-q1-r0-K0,74b125a99f630afd0f2225aec88668f0d9f6d01cbf6cc480cd2f6d093e37e7db,0.04409457230452617,0.018630514795286126,True,0.013173763348743123,0.0024542199243681173,1.0,0.018005807741307858,0.028725351165682863,27033,10622,37655,333849230.0,0.0,False,333849230.0,149264420.0,190233060.0,160975125.0,325150925.0,636143570.0,MISSING,B0
development,B1-rank12-q1-r0-K0,5118c41031227fe7642bc243c875f815afae86eb716e4c1b31c31f7ea2c48c7c,0.04409457230452617,0.010184642692195597,True,0.007201629911613522,0.0009729624794152514,1.0,0.02397794117843746,0.03020660861063573,15244,9606,24850,501174800.0,0.0,False,501174800.0,219674000.0,288955800.0,245493150.0,487631550.0,957843250.0,MISSING,B1
development,B2-rank3-q1-r4-K2,ff8e17f270d298339d53b9f47b8fc13189a91c30105498e405a642bfe5bf29ec,0.04409457230452617,0.01016372648211009,True,0.007186839917625337,0.0009698292933906227,1.0554795598765143,0.023992731172425643,0.030209741796660357,16961,10699,27660,175909820.625,1265475.6157677674,True,175909820.625,72119992.50000001,93414735.00000001,75261131.25000001,157123494.37500003,335574577.5,MISSING,B2
development,B3-rank0-q8-r32-K4,9feb7b75a61651992917ebc41e6b410eb6c6942213237eb566c049cd884377a8,0.04409457230452617,0.00012828672563865807,True,9.071241363531324e-05,1.4812500512273452e-05,1.6005852772940825,0.031088858676415667,0.031164758589538707,23231,23118,46349,1482868179.9062502,25776886.045216233,False,1482868179.9062502,339770034.9375,489571451.3437502,227683668.875,746417331.65625,2877521177.1562505,MISSING,B3
development,PM1-B0-rank5-q1-r0-K0,74b125a99f630afd0f2225aec88668f0d9f6d01cbf6cc480cd2f6d093e37e7db,0.04453709654536917,0.018630514795286126,True,0.013173763348743123,0.0024542199243681173,1.0,0.018318719632847376,0.02903826305722238,26117,10394,36511,323706526.0,0.0,False,323706526.0,144729604.0,184453572.0,156084525.0,315272485.0,616816834.0,MISSING,B0
development,B1-rank12-q1-r0-K0,5118c41031227fe7642bc243c875f815afae86eb716e4c1b31c31f7ea2c48c7c,0.04453709654536917,0.010184642692195597,True,0.007201629911613522,0.0009729624794152514,1.0,0.024290853069976977,0.030519520502175247,14854,9410,24264,489356352.0,0.0,False,489356352.0,214493760.0,282141792.0,239704056.0,476132472.0,935255880.0,MISSING,B1
development,B2-rank3-q1-r4-K2,ff8e17f270d298339d53b9f47b8fc13189a91c30105498e405a642bfe5bf29ec,0.04453709654536917,0.01016372648211009,True,0.007186839917625337,0.0009698292933906227,1.0554795598765143,0.02430564306396516,0.030522653688199876,16527,10480,27007,171756924.28125,1235600.1429877111,True,171756924.28125,70417376.62500001,91209390.75000001,73484359.06250001,153414107.46875003,327652299.875,MISSING,B2
development,B3-rank0-q8-r32-K4,9feb7b75a61651992917ebc41e6b410eb6c6942213237eb566c049cd884377a8,0.04453709654536917,0.00012828672563865807,True,9.071241363531324e-05,1.4812500512273452e-05,1.6005852772940825,0.031401770567955185,0.031477670481078225,22770,22660,45430,1453466124.6875002,25265786.382320512,False,1453466124.6875002,333033133.125,479864312.8125002,223169196.25,731617497.1875,2820466182.1875005,MISSING,B3
development,PM1-B0-rank5-q1-r0-K0,74b125a99f630afd0f2225aec88668f0d9f6d01cbf6cc480cd2f6d093e37e7db,0.044984061870307096,0.018630514795286126,True,0.013173763348743123,0.0024542199243681173,1.0,0.018634771845066234,0.02935431526944124,25239,10171,35410,313945060.0,0.0,False,313945060.0,140365240.0,178891320.0,151377750.0,305765350.0,598216540.0,MISSING,B0
development,B1-rank12-q1-r0-K0,5118c41031227fe7642bc243c875f815afae86eb716e4c1b31c31f7ea2c48c7c,0.044984061870307096,0.010184642692195597,True,0.007201629911613522,0.0009729624794152514,1.0,0.024606905282195835,0.030835572714394105,14475,9218,23693,477840424.0,0.0,False,477840424.0,209446120.0,275502204.0,234063147.0,464927739.0,913246685.0,MISSING,B1
development,B2-rank3-q1-r4-K2,ff8e17f270d298339d53b9f47b8fc13189a91c30105498e405a642bfe5bf29ec,0.044984061870307096,0.01016372648211009,True,0.007186839917625337,0.0009698292933906227,1.0554795598765143,0.02462169527618402,0.030838705900418734,16106,10267,26373,167724862.59375,1206593.9412380091,True,167724862.59375,68764300.87500001,89068214.25000001,71759284.68750001,149812650.65625003,319960532.625,MISSING,B2
development,B3-rank0-q8-r32-K4,9feb7b75a61651992917ebc41e6b410eb6c6942213237eb566c049cd884377a8,0.044984061870307096,0.00012828672563865807,True,9.071241363531324e-05,1.4812500512273452e-05,1.6005852772940825,0.03171782278017404,0.03179372269329708,22319,22212,44531,1424703940.0937502,24765809.67182731,False,1424703940.0937502,326442845.0625,470368428.6562502,218752971.125,717139748.34375,2764652862.8437505,MISSING,B3
development,PM1-B0-rank5-q1-r0-K0,74b125a99f630afd0f2225aec88668f0d9f6d01cbf6cc480cd2f6d093e37e7db,0.04543551284916487,0.018630514795286126,True,0.013173763348743123,0.0024542199243681173,1.0,0.018953995893589863,0.02967353931796487,24396,9954,34350,304547100.0,0.0,False,304547100.0,136163400.0,173536200.0,146846250.0,296612250.0,580308900.0,MISSING,B0
development,B1-rank12-q1-r0-K0,5118c41031227fe7642bc243c875f815afae86eb716e4c1b31c31f7ea2c48c7c,0.04543551284916487,0.010184642692195597,True,0.007201629911613522,0.0009729624794152514,1.0,0.024926129330719464,0.031154796762917734,14106,9030,23136,466606848.0,0.0,False,466606848.0,204522240.0,269025408.0,228560544.0,453997728.0,891777120.0,MISSING,B1
development,B2-rank3-q1-r4-K2,ff8e17f270d298339d53b9f47b8fc13189a91c30105498e405a642bfe5bf29ec,0.04543551284916487,0.01016372648211009,True,0.007186839917625337,0.0009698292933906227,1.0554795598765143,0.02494091932470765,0.031157929948942363,15696,10057,25753,163781836.96875,1178228.254984357,True,163781836.96875,67147728.37500001,86974319.25000001,70072303.43750001,146290721.28125003,312438615.125,MISSING,B2
development,B3-rank0-q8-r32-K4,9feb7b75a61651992917ebc41e6b410eb6c6942213237eb566c049cd884377a8,0.04543551284916487,0.00012828672563865807,True,9.071241363531324e-05,1.4812500512273452e-05,1.6005852772940825,0.03203704682869767,0.03211294674182071,21876,21773,43649,1396485645.5312502,24275287.47087625,False,1396485645.5312502,319977178.6875,461052110.7187502,214420256.375,702935772.28125,2709894967.7812505,MISSING,B3
development,PM1-B0-rank5-q1-r0-K0,74b125a99f630afd0f2225aec88668f0d9f6d01cbf6cc480cd2f6d093e37e7db,0.045891494499061165,0.018630514795286126,True,0.013173763348743123,0.0024542199243681173,1.0,0.01927642361032817,0.029995967034703176,23586,9741,33327,295477182.0,0.0,False,295477182.0,132108228.0,168368004.0,142472925.0,287778645.0,563026338.0,MISSING,B0
development,B1-rank12-q1-r0-K0,5118c41031227fe7642bc243c875f815afae86eb716e4c1b31c31f7ea2c48c7c,0.045891494499061165,0.010184642692195597,True,0.007201629911613522,0.0009729624794152514,1.0,0.02524855704745777,0.03147722447965604,13748,8846,22594,455675792.0,0.0,False,455675792.0,199730960.0,262723032.0,223206126.0,443362062.0,870885730.0,MISSING,B1
development,B2-rank3-q1-r4-K2,ff8e17f270d298339d53b9f47b8fc13189a91c30105498e405a642bfe5bf29ec,0.045891494499061165,0.01016372648211009,True,0.007186839917625337,0.0009698292933906227,1.0554795598765143,0.025263347041445956,0.03148035766568067,15298,9853,25151,159953286.28125,1150686.088654198,True,159953286.28125,65578088.625000015,84941214.75000001,68434299.06250001,142871041.46875003,305135075.875,MISSING,B2
development,B3-rank0-q8-r32-K4,9feb7b75a61651992917ebc41e6b410eb6c6942213237eb566c049cd884377a8,0.045891494499061165,0.00012828672563865807,True,9.071241363531324e-05,1.4812500512273452e-05,1.6005852772940825,0.03235947454543598,0.03243537445855902,21442,21342,42784,1368811241.0000002,23794219.77946733,False,1368811241.0000002,313636134.0,451915359.0000002,210171052.0,689005569.0,2656192497.0000005,MISSING,B3
development,PM1-B0-rank5-q1-r0-K0,74b125a99f630afd0f2225aec88668f0d9f6d01cbf6cc480cd2f6d093e37e7db,0.04635205228889744,0.018630514795286126,True,0.013173763348743123,0.0024542199243681173,1.0,0.019602087146649683,0.030321630571024688,22809,9533,32342,286744172.0,0.0,False,286744172.0,128203688.0,163391784.0,138262050.0,279273170.0,546385748.0,MISSING,B0
development,B1-rank12-q1-r0-K0,5118c41031227fe7642bc243c875f815afae86eb716e4c1b31c31f7ea2c48c7c,0.04635205228889744,0.010184642692195597,True,0.007201629911613522,0.0009729624794152514,1.0,0.025574220583779284,0.031802888015977554,13400,8666,22066,445027088.0,0.0,False,445027088.0,195063440.0,256583448.0,217990014.0,433001118.0,850533970.0,MISSING,B1
development,B2-rank3-q1-r4-K2,ff8e17f270d298339d53b9f47b8fc13189a91c30105498e405a642bfe5bf29ec,0.04635205228889744,0.01016372648211009,True,0.007186839917625337,0.0009698292933906227,1.0554795598765143,0.025589010577767468,0.03180602120200218,14911,9652,24563,156213771.65625,1123784.4378200893,True,156213771.65625,64044952.125000015,82955391.75000001,66834387.812500015,139530889.09375003,298001386.375,MISSING,B2
development,B3-rank0-q8-r32-K4,9feb7b75a61651992917ebc41e6b410eb6c6942213237eb566c049cd884377a8,0.04635205228889744,0.00012828672563865807,True,9.071241363531324e-05,1.4812500512273452e-05,1.6005852772940825,0.03268513808175749,0.03276103799488053,21017,20920,41937,1341712720.0312502,23323162.745220676,False,1341712720.0312502,307427041.6875,442968736.2187502,206010270.375,675365242.78125,2603607534.2812505,MISSING,B3
development,PM1-B0-rank5-q1-r0-K0,74b125a99f630afd0f2225aec88668f0d9f6d01cbf6cc480cd2f6d093e37e7db,0.04681723214389186,0.018630514795286126,True,0.013173763348743123,0.0024542199243681173,1.0,0.01993101897658761,0.030650562400962617,22063,9329,31392,278321472.0,0.0,False,278321472.0,124437888.0,158592384.0,134200800.0,271069920.0,530336448.0,MISSING,B0
development,B1-rank12-q1-r0-K0,5118c41031227fe7642bc243c875f815afae86eb716e4c1b31c31f7ea2c48c7c,0.04681723214389186,0.010184642692195597,True,0.007201629911613522,0.0009729624794152514,1.0,0.025903152413717212,0.03213181984591548,13062,8489,21551,434640568.0,0.0,False,434640568.0,190510840.0,250595028.0,212902329.0,422895273.0,830683295.0,MISSING,B1
development,B2-rank3-q1-r4-K2,ff8e17f270d298339d53b9f47b8fc13189a91c30105498e405a642bfe5bf29ec,0.04681723214389186,0.01016372648211009,True,0.007186839917625337,0.0009698292933906227,1.0554795598765143,0.025917942407705397,0.03213495303194011,14535,9455,23990,152569652.8125,1097569.0535888914,True,152569652.8125,62550926.250000015,81020227.50000001,65275290.625000015,136275944.68750003,291049678.75,MISSING,B2
development,B3-rank0-q8-r32-K4,9feb7b75a61651992917ebc41e6b410eb6c6942213237eb566c049cd884377a8,0.04681723214389186,0.00012828672563865807,True,9.071241363531324e-05,1.4812500512273452e-05,1.6005852772940825,0.03301406991169542,0.03308996982481846,20600,20506,41106,1315126095.5625002,22861004.072896037,False,1315126095.5625002,301335240.375,434191116.9375002,201928086.75,661982585.0625,2552015912.0625005,MISSING,B3
development,PM1-B0-rank5-q1-r0-K0,74b125a99f630afd0f2225aec88668f0d9f6d01cbf6cc480cd2f6d093e37e7db,0.047287080450158794,0.018630514795286126,True,0.013173763348743123,0.0024542199243681173,1.0,0.02026325190007798,0.030982795324452986,21345,9130,30475,270191350.0,0.0,False,270191350.0,120802900.0,153959700.0,130280625.0,263151625.0,514844650.0,MISSING,B0
development,B1-rank12-q1-r0-K0,5118c41031227fe7642bc243c875f815afae86eb716e4c1b31c31f7ea2c48c7c,0.047287080450158794,0.010184642692195597,True,0.007201629911613522,0.0009729624794152514,1.0,0.02623538533720758,0.03246405276940585,12733,8316,21049,424516232.0,0.0,False,424516232.0,186073160.0,244757772.0,207943071.0,413044527.0,811333705.0,MISSING,B1
development,B2-rank3-q1-r4-K2,ff8e17f270d298339d53b9f47b8fc13189a91c30105498e405a642bfe5bf29ec,0.047287080450158794,0.01016372648211009,True,0.007186839917625337,0.0009698292933906227,1.0554795598765143,0.026250175331195766,0.03246718595543048,14170,9263,23433,149027289.46875,1072085.6870674654,True,149027289.46875,61098618.375000015,79139099.25000001,63759728.437500015,133111888.78125003,284292085.125,MISSING,B2
development,B3-rank0-q8-r32-K4,9feb7b75a61651992917ebc41e6b410eb6c6942213237eb566c049cd884377a8,0.047287080450158794,0.00012828672563865807,True,9.071241363531324e-05,1.4812500512273452e-05,1.6005852772940825,0.03334630283518579,0.03342220274830883,20192,20100,40292,1289083361.1250002,22408299.91011354,False,1289083361.1250002,295368060.75,425593063.8750001,197929413.5,648873700.125,2501479714.1250005,MISSING,B3
development,PM1-B0-rank5-q1-r0-K0,74b125a99f630afd0f2225aec88668f0d9f6d01cbf6cc480cd2f6d093e37e7db,0.04776164405933436,0.018630514795286126,True,0.013173763348743123,0.0024542199243681173,1.0,0.020598819046230385,0.03131836247060539,20655,8936,29591,262353806.0,0.0,False,262353806.0,117298724.0,149493732.0,126501525.0,255518285.0,499910354.0,MISSING,B0
development,B1-rank12-q1-r0-K0,5118c41031227fe7642bc243c875f815afae86eb716e4c1b31c31f7ea2c48c7c,0.04776164405933436,0.010184642692195597,True,0.007201629911613522,0.0009729624794152514,1.0,0.026570952483359986,0.032799619915558256,12414,8147,20561,414674248.0,0.0,False,414674248.0,181759240.0,239083308.0,203122119.0,403468503.0,792523745.0,MISSING,B1
development,B2-rank3-q1-r4-K2,ff8e17f270d298339d53b9f47b8fc13189a91c30105498e405a642bfe5bf29ec,0.04776164405933436,0.01016372648211009,True,0.007186839917625337,0.0009698292933906227,1.0554795598765143,0.02658574247734817,0.032802753101582885,13814,9074,22888,145561242.75,1047151.333828368,True,145561242.75,59677599.000000015,77298498.00000001,62276817.500000015,130015999.25000003,277680077.0,MISSING,B2
development,B3-rank0-q8-r32-K4,9feb7b75a61651992917ebc41e6b410eb6c6942213237eb566c049cd884377a8,0.04776164405933436,0.00012828672563865807,True,9.071241363531324e-05,1.4812500512273452e-05,1.6005852772940825,0.033681869981338194,0.033757769894461234,19792,19703,39495,1263584516.7187502,21965050.25687318,False,1263584516.7187502,289525502.8125,417174577.0312501,194014250.625,636038587.96875,2451998940.4687505,MISSING,B3
development,PM1-B0-rank5-q1-r0-K0,74b125a99f630afd0f2225aec88668f0d9f6d01cbf6cc480cd2f6d093e37e7db,0.048240970293248225,0.018630514795286126,True,0.013173763348743123,0.0024542199243681173,1.0,0.020937753876631486,0.03165729730100649,19992,8745,28737,254782242.0,0.0,False,254782242.0,113913468.0,145179324.0,122850675.0,248143995.0,485482878.0,MISSING,B0
development,B1-rank12-q1-r0-K0,5118c41031227fe7642bc243c875f815afae86eb716e4c1b31c31f7ea2c48c7c,0.048240970293248225,0.010184642692195597,True,0.007201629911613522,0.0009729624794152514,1.0,0.026909887313761087,0.03313855474595936,12103,7981,20084,405054112.0,0.0,False,405054112.0,177542560.0,233536752.0,198409836.0,394108332.0,774137780.0,MISSING,B1
development,B2-rank3-q1-r4-K2,ff8e17f270d298339d53b9f47b8fc13189a91c30105498e405a642bfe5bf29ec,0.048240970293248225,0.01016372648211009,True,0.007186839917625337,0.0009698292933906227,1.0554795598765143,0.02692467730774927,0.033141687931983986,13469,8890,22359,142196951.53125,1022948.9982990423,True,142196951.53125,58298297.625000015,75511932.75000001,60837441.562500015,127010998.21875003,271262182.875,MISSING,B2
development,B3-rank0-q8-r32-K4,9feb7b75a61651992917ebc41e6b410eb6c6942213237eb566c049cd884377a8,0.048240970293248225,0.00012828672563865807,True,9.071241363531324e-05,1.4812500512273452e-05,1.6005852772940825,0.034020804811739296,0.034096704724862335,19399,19313,38712,1238533581.7500002,21529586.670314588,False,1238533581.7500002,283785574.5,408903968.2500001,190167861.0,623428935.75,2403387339.7500005,MISSING,B3
development,PM1-B0-rank5-q1-r0-K0,74b125a99f630afd0f2225aec88668f0d9f6d01cbf6cc480cd2f6d093e37e7db,0.048725106948642405,0.018630514795286126,True,0.013173763348743123,0.0024542199243681173,1.0,0.021280090188681683,0.03199963361305669,19354,8559,27913,247476658.0,0.0,False,247476658.0,110647132.0,141016476.0,119328075.0,241028755.0,471562222.0,MISSING,B0
development,B1-rank12-q1-r0-K0,5118c41031227fe7642bc243c875f815afae86eb716e4c1b31c31f7ea2c48c7c,0.048725106948642405,0.010184642692195597,True,0.007201629911613522,0.0009729624794152514,1.0,0.027252223625811284,0.033480891058009554,11801,7819,19620,395696160.0,0.0,False,395696160.0,173440800.0,228141360.0,193825980.0,385003260.0,756252900.0,MISSING,B1
development,B2-rank3-q1-r4-K2,ff8e17f270d298339d53b9f47b8fc13189a91c30105498e405a642bfe5bf29ec,0.048725106948642405,0.01016372648211009,True,0.007186839917625337,0.0009698292933906227,1.0554795598765143,0.02726701361979947,0.03348402424403418,13132,8709,21841,138902617.21875,999249.9249451846,True,138902617.21875,56947677.375000015,73762517.25000001,59427995.937500015,124068483.03125003,264977742.125,MISSING,B2
development,B3-rank0-q8-r32-K4,9feb7b75a61651992917ebc41e6b410eb6c6942213237eb566c049cd884377a8,0.048725106948642405,0.00012828672563865807,True,9.071241363531324e-05,1.4812500512273452e-05,1.6005852772940825,0.03436314112378949,0.03443904103691253,19015,18931,37946,1214026536.8125002,21103577.59329813,False,1214026536.8125002,278170267.875,400812925.6875001,186404981.75,611093056.3125,2355831163.3125005,MISSING,B3
development,PM1-B0-rank5-q1-r0-K0,74b125a99f630afd0f2225aec88668f0d9f6d01cbf6cc480cd2f6d093e37e7db,0.04921410230193737,0.018630514795286126,True,0.013173763348743123,0.0024542199243681173,1.0,0.021625862118965264,0.03234540554334027,18740,8377,27117,240419322.0,0.0,False,240419322.0,107491788.0,136995084.0,115925175.0,234155295.0,458114598.0,MISSING,B0
development,B1-rank12-q1-r0-K0,5118c41031227fe7642bc243c875f815afae86eb716e4c1b31c31f7ea2c48c7c,0.04921410230193737,0.010184642692195597,True,0.007201629911613522,0.0009729624794152514,1.0,0.027597995556094865,0.033826662988293135,11507,7660,19167,386560056.0,0.0,False,386560056.0,169436280.0,222873876.0,189350793.0,376114041.0,738792015.0,MISSING,B1
development,B2-rank3-q1-r4-K2,ff8e17f270d298339d53b9f47b8fc13189a91c30105498e405a642bfe5bf29ec,0.04921410230193737,0.01016372648211009,True,0.007186839917625337,0.0009698292933906227,1.0554795598765143,0.02761278555008305,0.033829796174317764,12806,8532,21338,135703678.6875,976237.1181942379,True,135703678.6875,55636167.750000015,72063760.50000001,58059364.375000015,121211175.81250003,258875283.25,MISSING,B2
development,B3-rank0-q8-r32-K4,9feb7b75a61651992917ebc41e6b410eb6c6942213237eb566c049cd884377a8,0.04921410230193737,0.00012828672563865807,True,9.071241363531324e-05,1.4812500512273452e-05,1.6005852772940825,0.03470891305407307,0.03478481296719611,18638,18556,37194,1189967401.3125002,20685354.58296344,False,1189967401.3125002,272657590.875,392869761.1875001,182710875.75,598982636.8125,2309144159.8125005,MISSING,B3
development,PM1-B0-rank5-q1-r0-K0,74b125a99f630afd0f2225aec88668f0d9f6d01cbf6cc480cd2f6d093e37e7db,0.049708005114046064,0.018630514795286126,True,0.013173763348743123,0.0024542199243681173,1.0,0.021975104146654427,0.03269464757102943,18149,8199,26348,233601368.0,0.0,False,233601368.0,104443472.0,133110096.0,112637700.0,227514980.0,445123112.0,MISSING,B0
development,B1-rank12-q1-r0-K0,5118c41031227fe7642bc243c875f815afae86eb716e4c1b31c31f7ea2c48c7c,0.049708005114046064,0.010184642692195597,True,0.007201629911613522,0.0009729624794152514,1.0,0.027947237583784028,0.0341759050159823,11221,7504,18725,377645800.0,0.0,False,377645800.0,165529000.0,217734300.0,184984275.0,367440675.0,721755125.0,MISSING,B1
development,B2-rank3-q1-r4-K2,ff8e17f270d298339d53b9f47b8fc13189a91c30105498e405a642bfe5bf29ec,0.049708005114046064,0.01016372648211009,True,0.007186839917625337,0.0009698292933906227,1.0554795598765143,0.027962027577772212,0.03417903820200693,12488,8358,20846,132574697.0625,953727.5736187592,True,132574697.0625,54353339.250000015,70402153.50000001,56720663.125000015,118416354.43750003,252906277.75,MISSING,B2
development,B3-rank0-q8-r32-K4,9feb7b75a61651992917ebc41e6b410eb6c6942213237eb566c049cd884377a8,0.049708005114046064,0.00012828672563865807,True,9.071241363531324e-05,1.4812500512273452e-05,1.6005852772940825,0.035058155081762236,0.035134054994885276,18268,18189,36457,1166388168.7812502,20275473.78693064,False,1166388168.7812502,267254874.1875,385085037.4687501,179090455.375,587113781.53125,2263388413.0312505,MISSING,B3
development,PM1-B0-rank5-q1-r0-K0,74b125a99f630afd0f2225aec88668f0d9f6d01cbf6cc480cd2f6d093e37e7db,0.05,0.018630514795286126,True,0.013173763348743123,0.0024542199243681173,1.0,0.022181575710584253,0.03290111913495926,17813,8097,25910,229718060.0,0.0,False,229718060.0,102707240.0,130897320.0,110765250.0,223732850.0,437723540.0,MISSING,B0
development,B1-rank12-q1-r0-K0,5118c41031227fe7642bc243c875f815afae86eb716e4c1b31c31f7ea2c48c7c,0.05,0.010184642692195597,True,0.007201629911613522,0.0009729624794152514,1.0,0.028153709147713854,0.034382376579912124,11057,7414,18471,372523128.0,0.0,False,372523128.0,163283640.0,214780788.0,182475009.0,362456433.0,711964695.0,MISSING,B1
development,B2-rank3-q1-r4-K2,ff8e17f270d298339d53b9f47b8fc13189a91c30105498e405a642bfe5bf29ec,0.05,0.01016372648211009,True,0.007186839917625337,0.0009698292933906227,1.0554795598765143,0.02816849914170204,0.03438550976593675,12305,8258,20563,130774896.65625,940780.0103771728,True,130774896.65625,53615452.125000015,69446391.75000001,55950637.812500015,116808764.09375003,249472886.375,MISSING,B2
development,B3-rank0-q8-r32-K4,9feb7b75a61651992917ebc41e6b410eb6c6942213237eb566c049cd884377a8,0.05,0.00012828672563865807,True,9.071241363531324e-05,1.4812500512273452e-05,1.6005852772940825,0.03526462664569206,0.0353405265588151,18055,17977,36032,1152790918.0000002,20039111.048377123,False,1152790918.0000002,264139332.0,380595882.0000001,177002696.0,580269462.0,2237002806.0000005,MISSING,B3
development,PM1-B0-rank5-q1-r0-K0,74b125a99f630afd0f2225aec88668f0d9f6d01cbf6cc480cd2f6d093e37e7db,0.05020686463523607,0.018630514795286126,True,0.013173763348743123,0.0024542199243681173,1.0,0.022327851096947356,0.03304739452132236,17580,8025,25605,227013930.0,0.0,False,227013930.0,101498220.0,129356460.0,109461375.0,221099175.0,432570870.0,MISSING,B0
development,B1-rank12-q1-r0-K0,5118c41031227fe7642bc243c875f815afae86eb716e4c1b31c31f7ea2c48c7c,0.05020686463523607,0.010184642692195597,True,0.007201629911613522,0.0009729624794152514,1.0,0.028299984534076957,0.03452865196627523,10943,7351,18294,368953392.0,0.0,False,368953392.0,161718960.0,212722632.0,180726426.0,358983162.0,705142230.0,MISSING,B1
development,B2-rank3-q1-r4-K2,ff8e17f270d298339d53b9f47b8fc13189a91c30105498e405a642bfe5bf29ec,0.05020686463523607,0.01016372648211009,True,0.007186839917625337,0.0009698292933906227,1.0554795598765143,0.02831477452806514,0.034531785152299856,12179,8188,20367,129528391.78125,931812.79343247,True,129528391.78125,53104406.62500001,68784450.75000001,55417334.06250001,115695379.96875003,247094989.875,MISSING,B2
development,B3-rank0-q8-r32-K4,9feb7b75a61651992917ebc41e6b410eb6c6942213237eb566c049cd884377a8,0.05020686463523607,0.00012828672563865807,True,9.071241363531324e-05,1.4812500512273452e-05,1.6005852772940825,0.035410902032055165,0.035486801945178205,17906,17830,35736,1143320832.7500002,19874491.352819853,False,1143320832.7500002,261969448.5,377469317.2500001,175548633.0,575502594.75,2218626006.7500005,MISSING,B3
development,PM1-B0-rank5-q1-r0-K0,74b125a99f630afd0f2225aec88668f0d9f6d01cbf6cc480cd2f6d093e37e7db,0.05071073061004074,0.018630514795286126,True,0.013173763348743123,0.0024542199243681173,1.0,0.022684138144540913,0.03340368156891592,17032,7855,24887,220648142.0,0.0,False,220648142.0,98652068.0,125729124.0,106391925.0,214899245.0,420440978.0,MISSING,B0
development,B1-rank12-q1-r0-K0,5118c41031227fe7642bc243c875f815afae86eb716e4c1b31c31f7ea2c48c7c,0.05071073061004074,0.010184642692195597,True,0.007201629911613522,0.0009729624794152514,1.0,0.028656271581670514,0.034884939013868785,10673,7202,17875,360503000.0,0.0,False,360503000.0,158015000.0,207850500.0,176587125.0,350761125.0,688991875.0,MISSING,B1
development,B2-rank3-q1-r4-K2,ff8e17f270d298339d53b9f47b8fc13189a91c30105498e405a642bfe5bf29ec,0.05071073061004074,0.01016372648211009,True,0.007186839917625337,0.0009698292933906227,1.0554795598765143,0.0286710615756587,0.03488807219989341,11878,8022,19900,126558403.125,910447.0265285095,True,126558403.125,51886762.50000001,67207275.00000001,54146656.25000001,113042571.87500003,241429287.5,MISSING,B2
development,B3-rank0-q8-r32-K4,9feb7b75a61651992917ebc41e6b410eb6c6942213237eb566c049cd884377a8,0.05071073061004074,0.00012828672563865807,True,9.071241363531324e-05,1.4812500512273452e-05,1.6005852772940825,0.03576718907964872,0.03584308899277176,17551,17477,35028,1120669412.6250002,19480738.8377707,False,1120669412.6250002,256779321.75,369990912.3750001,172070671.5,564100763.625,2174670689.6250005,MISSING,B3
development,PM1-B0-rank5-q1-r0-K0,74b125a99f630afd0f2225aec88668f0d9f6d01cbf6cc480cd2f6d093e37e7db,0.051219653282219585,0.018630514795286126,True,0.013173763348743123,0.0024542199243681173,1.0,0.02304400081713815,0.033763544241513156,16505,7688,24193,214495138.0,0.0,False,214495138.0,95901052.0,122223036.0,103425075.0,208906555.0,408716542.0,MISSING,B0
development,B1-rank12-q1-r0-K0,5118c41031227fe7642bc243c875f815afae86eb716e4c1b31c31f7ea2c48c7c,0.051219653282219585,0.010184642692195597,True,0.007201629911613522,0.0009729624794152514,1.0,0.02901613425426775,0.03524480168646602,10410,7056,17466,352254288.0,0.0,False,352254288.0,154399440.0,203094648.0,172546614.0,342735318.0,673226970.0,MISSING,B1
development,B2-rank3-q1-r4-K2,ff8e17f270d298339d53b9f47b8fc13189a91c30105498e405a642bfe5bf29ec,0.051219653282219585,0.01016372648211009,True,0.007186839917625337,0.0009698292933906227,1.0554795598765143,0.029030924248255936,0.03524793487249065,11585,7859,19444,123658371.375,889584.521800017,True,123658371.375,50697799.50000001,65667249.000000015,52905908.75000001,110452249.62500001,235897038.5,MISSING,B2
development,B3-rank0-q8-r32-K4,9feb7b75a61651992917ebc41e6b410eb6c6942213237eb566c049cd884377a8,0.051219653282219585,0.00012828672563865807,True,9.071241363531324e-05,1.4812500512273452e-05,1.6005852772940825,0.03612705175224596,0.036202951665369,17203,17131,34334,1098465901.9375002,19094772.389403313,False,1098465901.9375002,251691824.625,362660385.5625001,168661483.25,552924392.4375,2131584545.4375002,MISSING,B3
development,PM1-B0-rank5-q1-r0-K0,74b125a99f630afd0f2225aec88668f0d9f6d01cbf6cc480cd2f6d093e37e7db,0.051733683399768325,0.018630514795286126,True,0.013173763348743123,0.0024542199243681173,1.0,0.023407474998990985,0.03412701842336599,15996,7526,23522,208546052.0,0.0,False,208546052.0,93241208.0,118833144.0,100556550.0,203112470.0,397380668.0,MISSING,B0
development,B1-rank12-q1-r0-K0,5118c41031227fe7642bc243c875f815afae86eb716e4c1b31c31f7ea2c48c7c,0.051733683399768325,0.010184642692195597,True,0.007201629911613522,0.0009729624794152514,1.0,0.029379608436120586,0.035608275868318856,10154,6912,17066,344187088.0,0.0,False,344187088.0,150863440.0,198443448.0,168595014.0,334886118.0,657808970.0,MISSING,B1
development,B2-rank3-q1-r4-K2,ff8e17f270d298339d53b9f47b8fc13189a91c30105498e405a642bfe5bf29ec,0.051733683399768325,0.01016372648211009,True,0.007186839917625337,0.0009698292933906227,1.0554795598765143,0.02939439843010877,0.035611409054343485,11300,7699,18999,120828296.53125,869225.2792469925,True,120828296.53125,49537517.62500001,64164372.750000015,51695091.56250001,107924413.21875001,230498242.875,MISSING,B2
development,B3-rank0-q8-r32-K4,9feb7b75a61651992917ebc41e6b410eb6c6942213237eb566c049cd884377a8,0.051733683399768325,0.00012828672563865807,True,9.071241363531324e-05,1.4812500512273452e-05,1.6005852772940825,0.036490525934098794,0.036566425847221834,16862,16792,33654,1076710300.6875002,18716592.007717688,False,1076710300.6875002,246706957.125,355477736.8125001,165321068.25,541973481.1875,2089367574.1875002,MISSING,B3
development,PM1-B0-rank5-q1-r0-K0,74b125a99f630afd0f2225aec88668f0d9f6d01cbf6cc480cd2f6d093e37e7db,0.05225287221997931,0.018630514795286126,True,0.013173763348743123,0.0024542199243681173,1.0,0.023774596934478413,0.03449414035885342,15506,7366,22872,202783152.0,0.0,False,202783152.0,90664608.0,115549344.0,97777800.0,197499720.0,386399568.0,MISSING,B0
development,B1-rank12-q1-r0-K0,5118c41031227fe7642bc243c875f815afae86eb716e4c1b31c31f7ea2c48c7c,0.05225287221997931,0.010184642692195597,True,0.007201629911613522,0.0009729624794152514,1.0,0.029746730371608014,0.035975397803806285,9905,6772,16677,336341736.0,0.0,False,336341736.0,147424680.0,193920156.0,164752083.0,327252771.0,642814965.0,MISSING,B1
development,B2-rank3-q1-r4-K2,ff8e17f270d298339d53b9f47b8fc13189a91c30105498e405a642bfe5bf29ec,0.05225287221997931,0.01016372648211009,True,0.007186839917625337,0.0009698292933906227,1.0554795598765143,0.0297615203655962,0.03597853098983091,11023,7543,18566,118074538.3125,849415.0499762967,True,118074538.3125,48408524.25000001,62702023.500000015,50516925.62500001,105464743.18750001,225245032.75,MISSING,B2
development,B3-rank0-q8-r32-K4,9feb7b75a61651992917ebc41e6b410eb6c6942213237eb566c049cd884377a8,0.05225287221997931,0.00012828672563865807,True,9.071241363531324e-05,1.4812500512273452e-05,1.6005852772940825,0.03685764786958622,0.03693354778270926,16528,16460,32988,1055402608.8750002,18346197.692713823,False,1055402608.8750002,241824719.25,348442966.1250001,162049426.5,531248029.875,2048019775.8750002,MISSING,B3
development,PM1-B0-rank5-q1-r0-K0,74b125a99f630afd0f2225aec88668f0d9f6d01cbf6cc480cd2f6d093e37e7db,0.052777271514552804,0.018630514795286126,True,0.013173763348743123,0.0024542199243681173,1.0,0.02414540323172077,0.034864946656095776,15033,7210,22243,197206438.0,0.0,False,197206438.0,88171252.0,112371636.0,95088825.0,192068305.0,375773242.0,MISSING,B0
development,B1-rank12-q1-r0-K0,5118c41031227fe7642bc243c875f815afae86eb716e4c1b31c31f7ea2c48c7c,0.052777271514552804,0.010184642692195597,True,0.007201629911613522,0.0009729624794152514,1.0,0.03011753666885037,0.03634620410104864,9662,6635,16297,328677896.0,0.0,False,328677896.0,144065480.0,189501516.0,160998063.0,319796031.0,628167865.0,MISSING,B1
development,B2-rank3-q1-r4-K2,ff8e17f270d298339d53b9f47b8fc13189a91c30105498e405a642bfe5bf29ec,0.052777271514552804,0.01016372648211009,True,0.007186839917625337,0.0009698292933906227,1.0554795598765143,0.030132326662838556,0.03634933728707327,10754,7390,18144,115390737.0,830108.082881069,True,115390737.0,47308212.00000001,61276824.000000015,49368690.00000001,103067559.00000001,220125276.0,MISSING,B2
development,B3-rank0-q8-r32-K4,9feb7b75a61651992917ebc41e6b410eb6c6942213237eb566c049cd884377a8,0.052777271514552804,0.00012828672563865807,True,9.071241363531324e-05,1.4812500512273452e-05,1.6005852772940825,0.03722845416682858,0.03730435407995162,16200,16135,32335,1034510832.9687502,17983033.296771597,False,1034510832.9687502,237037780.3125,341545510.7812501,158841645.625,520731934.21875,2007479066.7187502,MISSING,B3
development,PM1-B0-rank5-q1-r0-K0,74b125a99f630afd0f2225aec88668f0d9f6d01cbf6cc480cd2f6d093e37e7db,0.05330693357475939,0.018630514795286126,True,0.013173763348743123,0.0024542199243681173,1.0,0.024519930866230083,0.03523947429060509,14577,7058,21635,191815910.0,0.0,False,191815910.0,85761140.0,109300020.0,92489625.0,186818225.0,365501690.0,MISSING,B0
development,B1-rank12-q1-r0-K0,5118c41031227fe7642bc243c875f815afae86eb716e4c1b31c31f7ea2c48c7c,0.05330693357475939,0.010184642692195597,True,0.007201629911613522,0.0009729624794152514,1.0,0.030492064303359684,0.036720731735557954,9427,6500,15927,321215736.0,0.0,False,321215736.0,140794680.0,185199156.0,157342833.0,312535521.0,613906215.0,MISSING,B1
development,B2-rank3-q1-r4-K2,ff8e17f270d298339d53b9f47b8fc13189a91c30105498e405a642bfe5bf29ec,0.05330693357475939,0.01016372648211009,True,0.007186839917625337,0.0009698292933906227,1.0554795598765143,0.03050685429734787,0.03672386492158258,10491,7240,17731,112764173.15625,811212.875747588,True,112764173.15625,46231366.12500001,59882019.750000015,48244942.81250001,100721499.59375001,215114708.375,MISSING,B2
development,B3-rank0-q8-r32-K4,9feb7b75a61651992917ebc41e6b410eb6c6942213237eb566c049cd884377a8,0.05330693357475939,0.00012828672563865807,True,9.071241363531324e-05,1.4812500512273452e-05,1.6005852772940825,0.03760298180133789,0.03767888171446093,15879,15815,31694,1014002979.4375002,17626542.672270887,False,1014002979.4375002,232338809.625,334774808.0625001,155692813.25,510409089.9375,1967683362.9375002,MISSING,B3
development,PM1-B0-rank5-q1-r0-K0,74b125a99f630afd0f2225aec88668f0d9f6d01cbf6cc480cd2f6d093e37e7db,0.05384191121665428,0.018630514795286126,True,0.013173763348743123,0.0024542199243681173,1.0,0.02489821718459715,0.035617760608972156,14138,6909,21047,186602702.0,0.0,False,186602702.0,83430308.0,106329444.0,89975925.0,181740845.0,355568018.0,MISSING,B0
development,B1-rank12-q1-r0-K0,5118c41031227fe7642bc243c875f815afae86eb716e4c1b31c31f7ea2c48c7c,0.05384191121665428,0.010184642692195597,True,0.007201629911613522,0.0009729624794152514,1.0,0.03087035062172675,0.03709901805392502,9197,6368,15565,313914920.0,0.0,False,313914920.0,137594600.0,180989820.0,153766635.0,305431995.0,599952925.0,MISSING,B1
development,B2-rank3-q1-r4-K2,ff8e17f270d298339d53b9f47b8fc13189a91c30105498e405a642bfe5bf29ec,0.05384191121665428,0.01016372648211009,True,0.007186839917625337,0.0009698292933906227,1.0554795598765143,0.030885140615714936,0.03710215123994965,10236,7093,17329,110207566.21875,792820.9307895749,True,110207566.21875,45183201.37500001,58524365.250000015,47151125.93750001,98437926.03125001,210237594.125,MISSING,B2
development,B3-rank0-q8-r32-K4,9feb7b75a61651992917ebc41e6b410eb6c6942213237eb566c049cd884377a8,0.05384191121665428,0.00012828672563865807,True,9.071241363531324e-05,1.4812500512273452e-05,1.6005852772940825,0.03798126811970496,0.038057168032828,15565,15503,31068,993975028.8750002,17278394.262072057,False,993975028.8750002,227749799.25,328162546.1250001,152617666.5,500327809.875,1928818915.8750002,MISSING,B3
development,PM1-B0-rank5-q1-r0-K0,74b125a99f630afd0f2225aec88668f0d9f6d01cbf6cc480cd2f6d093e37e7db,0.05438225778634401,0.018630514795286126,True,0.013173763348743123,0.0024542199243681173,1.0,0.025280299908215648,0.03599984333259065,13714,6763,20477,181549082.0,0.0,False,181549082.0,81170828.0,103449804.0,87539175.0,176818895.0,345938438.0,MISSING,B0
development,B1-rank12-q1-r0-K0,5118c41031227fe7642bc243c875f815afae86eb716e4c1b31c31f7ea2c48c7c,0.05438225778634401,0.010184642692195597,True,0.007201629911613522,0.0009729624794152514,1.0,0.03125243334534525,0.03748110077754352,8973,6239,15212,306795616.0,0.0,False,306795616.0,134474080.0,176885136.0,150279348.0,298505076.0,586346540.0,MISSING,B1
development,B2-rank3-q1-r4-K2,ff8e17f270d298339d53b9f47b8fc13189a91c30105498e405a642bfe5bf29ec,0.05438225778634401,0.01016372648211009,True,0.007186839917625337,0.0009698292933906227,1.0554795598765143,0.03126722333933343,0.03748423396356815,9987,6949,16936,107708196.75,774840.7457933084,True,107708196.75,44158503.00000001,57197106.000000015,46081797.50000001,96205477.25000001,205469669.0,MISSING,B2
development,B3-rank0-q8-r32-K4,9feb7b75a61651992917ebc41e6b410eb6c6942213237eb566c049cd884377a8,0.05438225778634401,0.00012828672563865807,True,9.071241363531324e-05,1.4812500512273452e-05,1.6005852772940825,0.03836335084332346,0.0384392507564465,15256,15196,30452,974267013.6250002,16935807.328074493,False,974267013.6250002,223234095.75,321655911.3750001,149591643.5,490407572.625,1890575306.6250002,MISSING,B3
development,PM1-B0-rank5-q1-r0-K0,74b125a99f630afd0f2225aec88668f0d9f6d01cbf6cc480cd2f6d093e37e7db,0.0549280271653059,0.018630514795286126,True,0.013173763348743123,0.0024542199243681173,1.0,0.02566621713704357,0.036385760561418574,13304,6620,19924,176646184.0,0.0,False,176646184.0,78978736.0,100656048.0,85175100.0,172043740.0,336596056.0,MISSING,B0
development,B1-rank12-q1-r0-K0,5118c41031227fe7642bc243c875f815afae86eb716e4c1b31c31f7ea2c48c7c,0.0549280271653059,0.010184642692195597,True,0.007201629911613522,0.0009729624794152514,1.0,0.03163835057417317,0.03786701800637144,8756,6112,14868,299857824.0,0.0,False,299857824.0,131433120.0,172885104.0,146880972.0,291754764.0,573087060.0,MISSING,B1
development,B2-rank3-q1-r4-K2,ff8e17f270d298339d53b9f47b8fc13189a91c30105498e405a642bfe5bf29ec,0.0549280271653059,0.01016372648211009,True,0.007186839917625337,0.0009698292933906227,1.0554795598765143,0.031653140568161355,0.03787015119239607,9745,6808,16553,105272424.46875,757318.0718656491,True,105272424.46875,43159878.37500001,55903619.25000001,45039678.43750001,94029833.78125001,200823065.125,MISSING,B2
development,B3-rank0-q8-r32-K4,9feb7b75a61651992917ebc41e6b410eb6c6942213237eb566c049cd884377a8,0.0549280271653059,0.00012828672563865807,True,9.071241363531324e-05,1.4812500512273452e-05,1.6005852772940825,0.03874926807215138,0.03882516798527442,14954,14895,29849,954974914.2812502,16600450.313138563,False,954974914.2812502,218813691.1875,315286591.9687501,146629481.375,480696691.03125,1853138786.5312502,MISSING,B3
development,PM1-B0-rank5-q1-r0-K0,74b125a99f630afd0f2225aec88668f0d9f6d01cbf6cc480cd2f6d093e37e7db,0.055479273775760854,0.018630514795286126,True,0.013173763348743123,0.0024542199243681173,1.0,0.02605600735340237,0.036775550777777374,12909,6481,19390,171911740.0,0.0,False,171911740.0,76861960.0,97958280.0,82892250.0,167432650.0,327574660.0,MISSING,B0
development,B1-rank12-q1-r0-K0,5118c41031227fe7642bc243c875f815afae86eb716e4c1b31c31f7ea2c48c7c,0.055479273775760854,0.010184642692195597,True,0.007201629911613522,0.0009729624794152514,1.0,0.03202814079053197,0.03825680822273024,8544,5989,14533,293101544.0,0.0,False,293101544.0,128471720.0,168989724.0,143571507.0,285181059.0,560174485.0,MISSING,B1
development,B2-rank3-q1-r4-K2,ff8e17f270d298339d53b9f47b8fc13189a91c30105498e405a642bfe5bf29ec,0.055479273775760854,0.01016372648211009,True,0.007186839917625337,0.0009698292933906227,1.0554795598765143,0.032042930784520154,0.03825994140875487,9510,6670,16180,102900249.375,740252.9090065971,True,102900249.375,42187327.50000001,54643905.00000001,44024768.75000001,91910995.62500001,196297782.5,MISSING,B2
development,B3-rank0-q8-r32-K4,9feb7b75a61651992917ebc41e6b410eb6c6942213237eb566c049cd884377a8,0.055479273775760854,0.00012828672563865807,True,9.071241363531324e-05,1.4812500512273452e-05,1.6005852772940825,0.03913905828851018,0.03921495820163322,14657,14601,29258,936066737.3125002,16271767.069644146,False,936066737.3125002,214481254.875,309044025.1875001,143726267.75,471179060.8125,1816447271.8125002,MISSING,B3
development,PM1-B0-rank5-q1-r0-K0,74b125a99f630afd0f2225aec88668f0d9f6d01cbf6cc480cd2f6d093e37e7db,0.05603605258610028,0.018630514795286126,True,0.013173763348743123,0.0024542199243681173,1.0,0.026449709425814358,0.03716925285018936,12528,6344,18872,167319152.0,0.0,False,167319152.0,74808608.0,95341344.0,80677800.0,162959720.0,318823568.0,MISSING,B0
development,B1-rank12-q1-r0-K0,5118c41031227fe7642bc243c875f815afae86eb716e4c1b31c31f7ea2c48c7c,0.05603605258610028,0.010184642692195597,True,0.007201629911613522,0.0009729624794152514,1.0,0.03242184286294396,0.03865051029514223,8338,5867,14205,286486440.0,0.0,False,286486440.0,125572200.0,165175740.0,140331195.0,278744715.0,547531725.0,MISSING,B1
development,B2-rank3-q1-r4-K2,ff8e17f270d298339d53b9f47b8fc13189a91c30105498e405a642bfe5bf29ec,0.05603605258610028,0.01016372648211009,True,0.007186839917625337,0.0009698292933906227,1.0554795598765143,0.03243663285693214,0.03865364348116686,9280,6535,15815,100578952.03125,723553.755002431,True,100578952.03125,41235635.62500001,53411208.75000001,43031626.56250001,89837601.71875001,191869556.875,MISSING,B2
development,B3-rank0-q8-r32-K4,9feb7b75a61651992917ebc41e6b410eb6c6942213237eb566c049cd884377a8,0.05603605258610028,0.00012828672563865807,True,9.071241363531324e-05,1.4812500512273452e-05,1.6005852772940825,0.03953276036092217,0.03960866027404521,14367,14312,28679,917542482.7187502,15949757.597591238,False,917542482.7187502,210236786.8125,302928211.0312501,140882002.625,461854681.96875,1780500762.4687502,MISSING,B3
development,PM1-B0-rank5-q1-r0-K0,74b125a99f630afd0f2225aec88668f0d9f6d01cbf6cc480cd2f6d093e37e7db,0.05659841911636728,0.018630514795286126,True,0.013173763348743123,0.0024542199243681173,1.0,0.026847362612878505,0.03756690603725351,12160,6211,18371,162877286.0,0.0,False,162877286.0,72822644.0,92810292.0,78536025.0,158633585.0,310359674.0,MISSING,B0
development,B1-rank12-q1-r0-K0,5118c41031227fe7642bc243c875f815afae86eb716e4c1b31c31f7ea2c48c7c,0.05659841911636728,0.010184642692195597,True,0.007201629911613522,0.0009729624794152514,1.0,0.032819496050008105,0.039048163482206376,8137,5748,13885,280032680.0,0.0,False,280032680.0,122743400.0,161454780.0,137169915.0,272465355.0,535197325.0,MISSING,B1
development,B2-rank3-q1-r4-K2,ff8e17f270d298339d53b9f47b8fc13189a91c30105498e405a642bfe5bf29ec,0.05659841911636728,0.01016372648211009,True,0.007186839917625337,0.0009698292933906227,1.0554795598765143,0.03283428604399629,0.039051296668231004,9057,6403,15460,98321251.875,707312.1120668722,True,98321251.875,40310017.50000001,52212285.00000001,42065693.75000001,87821013.12500001,187562652.5,MISSING,B2
development,B3-rank0-q8-r32-K4,9feb7b75a61651992917ebc41e6b410eb6c6942213237eb566c049cd884377a8,0.05659841911636728,0.00012828672563865807,True,9.071241363531324e-05,1.4812500512273452e-05,1.6005852772940825,0.039930413547986314,0.040006313461109354,14082,14029,28111,899370156.9687502,15633865.749359716,False,899370156.9687502,206072956.3125,296928586.7812501,138091773.625,452707450.21875,1745237174.7187502,MISSING,B3
development,PM1-B0-rank5-q1-r0-K0,74b125a99f630afd0f2225aec88668f0d9f6d01cbf6cc480cd2f6d093e37e7db,0.05716642944379286,0.018630514795286126,True,0.013173763348743123,0.0024542199243681173,1.0,0.027249006567185124,0.03796854999156013,11804,6080,17884,158559544.0,0.0,False,158559544.0,70892176.0,90349968.0,76454100.0,154428340.0,302132296.0,MISSING,B0
development,B1-rank12-q1-r0-K0,5118c41031227fe7642bc243c875f815afae86eb716e4c1b31c31f7ea2c48c7c,0.05716642944379286,0.010184642692195597,True,0.007201629911613522,0.0009729624794152514,1.0,0.033221140004314725,0.039449807436512996,7942,5632,13574,273760432.0,0.0,False,273760432.0,119994160.0,157838472.0,134097546.0,266362602.0,523209830.0,MISSING,B1
development,B2-rank3-q1-r4-K2,ff8e17f270d298339d53b9f47b8fc13189a91c30105498e405a642bfe5bf29ec,0.05716642944379286,0.01016372648211009,True,0.007186839917625337,0.0009698292933906227,1.0554795598765143,0.03323592999830291,0.039452940622537624,8839,6273,15112,96108069.75,691390.7268793384,True,96108069.75,39402651.00000001,51037002.00000001,41118807.50000001,85844188.25000001,183340673.0,MISSING,B2
development,B3-rank0-q8-r32-K4,9feb7b75a61651992917ebc41e6b410eb6c6942213237eb566c049cd884377a8,0.05716642944379286,0.00012828672563865807,True,9.071241363531324e-05,1.4812500512273452e-05,1.6005852772940825,0.040332057502292934,0.040407957415415974,13803,13751,27554,881549760.0625002,15324091.52494958,False,881549760.0625002,201989763.375,291045152.4375001,135355580.75,443737365.5625,1710656508.5625002,MISSING,B3
development,PM1-B0-rank5-q1-r0-K0,74b125a99f630afd0f2225aec88668f0d9f6d01cbf6cc480cd2f6d093e37e7db,0.05774014020838788,0.018630514795286126,True,0.013173763348743123,0.0024542199243681173,1.0,0.027654681339269974,0.03837422476364498,11460,5952,17412,154374792.0,0.0,False,154374792.0,69021168.0,87965424.0,74436300.0,150352620.0,294158328.0,MISSING,B0
development,B1-rank12-q1-r0-K0,5118c41031227fe7642bc243c875f815afae86eb716e4c1b31c31f7ea2c48c7c,0.05774014020838788,0.010184642692195597,True,0.007201629911613522,0.0009729624794152514,1.0,0.033626814776399575,0.039855482208597845,7751,5518,13269,267609192.0,0.0,False,267609192.0,117297960.0,154291932.0,131084451.0,260377587.0,511453605.0,MISSING,B1
development,B2-rank3-q1-r4-K2,ff8e17f270d298339d53b9f47b8fc13189a91c30105498e405a642bfe5bf29ec,0.05774014020838788,0.01016372648211009,True,0.007186839917625337,0.0009698292933906227,1.0554795598765143,0.03364160477038776,0.039858615394622474,8627,6146,14773,93952125.09375,675881.1016535512,True,93952125.09375,38518750.87500001,49892114.25000001,40196409.68750001,83918488.15625001,179227882.625,MISSING,B2
development,B3-rank0-q8-r32-K4,9feb7b75a61651992917ebc41e6b410eb6c6942213237eb566c049cd884377a8,0.05774014020838788,0.00012828672563865807,True,9.071241363531324e-05,1.4812500512273452e-05,1.6005852772940825,0.04073773227437778,0.04081363218750082,13530,13479,27009,864113285.5312502,15020991.071980953,False,864113285.5312502,197994538.6875,285288470.7187501,132678336.375,434960532.28125,1676820847.7812502,MISSING,B3
development,PM1-B0-rank5-q1-r0-K0,74b125a99f630afd0f2225aec88668f0d9f6d01cbf6cc480cd2f6d093e37e7db,0.058319608618590896,0.018630514795286126,True,0.013173763348743123,0.0024542199243681173,1.0,0.028064427381607915,0.03878397080598292,11128,5827,16955,150323030.0,0.0,False,150323030.0,67209620.0,85656660.0,72482625.0,146406425.0,286437770.0,MISSING,B0
development,B1-rank12-q1-r0-K0,5118c41031227fe7642bc243c875f815afae86eb716e4c1b31c31f7ea2c48c7c,0.058319608618590896,0.010184642692195597,True,0.007201629911613522,0.0009729624794152514,1.0,0.034036560818737516,0.040265228250935786,7566,5406,12972,261619296.0,0.0,False,261619296.0,114672480.0,150838416.0,128150388.0,254549556.0,500005740.0,MISSING,B1
development,B2-rank3-q1-r4-K2,ff8e17f270d298339d53b9f47b8fc13189a91c30105498e405a642bfe5bf29ec,0.058319608618590896,0.01016372648211009,True,0.007186839917625337,0.0009698292933906227,1.0554795598765143,0.0340513508127257,0.040268361436960415,8421,6022,14443,91853417.90625,660783.2363895106,True,91853417.90625,37658317.12500001,48777621.75000001,39298500.31250001,82043912.84375001,175224281.375,MISSING,B2
development,B3-rank0-q8-r32-K4,9feb7b75a61651992917ebc41e6b410eb6c6942213237eb566c049cd884377a8,0.058319608618590896,0.00012828672563865807,True,9.071241363531324e-05,1.4812500512273452e-05,1.6005852772940825,0.041147478316715724,0.041223378229838764,13261,13213,26474,846996746.3125002,14723452.095213586,False,846996746.3125002,194072620.875,279637416.1875001,130050215.75,426344741.8125,1643606024.8125002,MISSING,B3
development,PM1-B0-rank5-q1-r0-K0,74b125a99f630afd0f2225aec88668f0d9f6d01cbf6cc480cd2f6d093e37e7db,0.058904892456972856,0.018630514795286126,True,0.013173763348743123,0.0024542199243681173,1.0,0.02847828555264669,0.0391978289770217,10807,5705,16512,146395392.0,0.0,False,146395392.0,65453568.0,83418624.0,70588800.0,142581120.0,278953728.0,MISSING,B0
development,B1-rank12-q1-r0-K0,5118c41031227fe7642bc243c875f815afae86eb716e4c1b31c31f7ea2c48c7c,0.058904892456972856,0.010184642692195597,True,0.007201629911613522,0.0009729624794152514,1.0,0.03445041898977629,0.04067908642197456,7385,5297,12682,255770576.0,0.0,False,255770576.0,112108880.0,147466296.0,125285478.0,248858886.0,488827690.0,MISSING,B1
development,B2-rank3-q1-r4-K2,ff8e17f270d298339d53b9f47b8fc13189a91c30105498e405a642bfe5bf29ec,0.058904892456972856,0.01016372648211009,True,0.007186839917625337,0.0009698292933906227,1.0554795598765143,0.03446520898376448,0.04068221960799919,8220,5900,14120,89799228.75,646005.6288734952,True,89799228.75,36816135.00000001,47686770.00000001,38419637.50000001,80209101.25000001,171305605.0,MISSING,B2
development,B3-rank0-q8-r32-K4,9feb7b75a61651992917ebc41e6b410eb6c6942213237eb566c049cd884377a8,0.058904892456972856,0.00012828672563865807,True,9.071241363531324e-05,1.4812500512273452e-05,1.6005852772940825,0.0415613364877545,0.04163723640087754,12999,12951,25950,830232135.9375002,14432030.742267605,False,830232135.9375002,190231340.625,274102551.5625001,127476131.25,417906098.4375,1611074123.4375002,MISSING,B3
development,PM1-B0-rank5-q1-r0-K0,74b125a99f630afd0f2225aec88668f0d9f6d01cbf6cc480cd2f6d093e37e7db,0.0594960500859989,0.018630514795286126,True,0.013173763348743123,0.0024542199243681173,1.0,0.028896297120881168,0.03961584054525617,10496,5585,16081,142574146.0,0.0,False,142574146.0,63745084.0,81241212.0,68746275.0,138859435.0,271672414.0,MISSING,B0
development,B1-rank12-q1-r0-K0,5118c41031227fe7642bc243c875f815afae86eb716e4c1b31c31f7ea2c48c7c,0.0594960500859989,0.010184642692195597,True,0.007201629911613522,0.0009729624794152514,1.0,0.03486843055801077,0.04109709799020904,7209,5189,12398,250042864.0,0.0,False,250042864.0,109598320.0,144163944.0,122479842.0,243285954.0,477880910.0,MISSING,B1
development,B2-rank3-q1-r4-K2,ff8e17f270d298339d53b9f47b8fc13189a91c30105498e405a642bfe5bf29ec,0.0594960500859989,0.01016372648211009,True,0.007186839917625337,0.0009698292933906227,1.0554795598765143,0.03488322055199895,0.04110023117623367,8024,5780,13804,87789557.625,631548.2791055047,True,87789557.625,35992204.50000001,46619559.00000001,37559821.25000001,78414053.37500001,167471853.5,MISSING,B2
development,B3-rank0-q8-r32-K4,9feb7b75a61651992917ebc41e6b410eb6c6942213237eb566c049cd884377a8,0.0594960500859989,0.00012828672563865807,True,9.071241363531324e-05,1.4812500512273452e-05,1.6005852772940825,0.04197934805598898,0.04205524796911202,12741,12695,25436,813787460.8750002,14146170.865522882,False,813787460.8750002,186463367.25,268673314.1250001,124951170.5,409628497.875,1579163059.8750002,MISSING,B3
development,PM1-B0-rank5-q1-r0-K0,74b125a99f630afd0f2225aec88668f0d9f6d01cbf6cc480cd2f6d093e37e7db,0.06009314045384813,0.018630514795286126,True,0.013173763348743123,0.0024542199243681173,1.0,0.02931850376896853,0.040038047193343536,10196,5468,15664,138877024.0,0.0,False,138877024.0,62092096.0,79134528.0,66963600.0,135258640.0,264627616.0,MISSING,B0
development,B1-rank12-q1-r0-K0,5118c41031227fe7642bc243c875f815afae86eb716e4c1b31c31f7ea2c48c7c,0.06009314045384813,0.010184642692195597,True,0.007201629911613522,0.0009729624794152514,1.0,0.03529063720609813,0.0415193046382964,7037,5084,12121,244456328.0,0.0,False,244456328.0,107149640.0,140942988.0,119743359.0,237850383.0,467203945.0,MISSING,B1
development,B2-rank3-q1-r4-K2,ff8e17f270d298339d53b9f47b8fc13189a91c30105498e405a642bfe5bf29ec,0.06009314045384813,0.01016372648211009,True,0.007186839917625337,0.0009698292933906227,1.0554795598765143,0.035305427200086316,0.04152243782432103,7833,5663,13496,85830764.25,617456.9381924002,True,85830764.25,35189133.00000001,45579366.00000001,36721772.50000001,76664449.75000001,163735159.0,MISSING,B2
development,B3-rank0-q8-r32-K4,9feb7b75a61651992917ebc41e6b410eb6c6942213237eb566c049cd884377a8,0.06009314045384813,0.00012828672563865807,True,9.071241363531324e-05,1.4812500512273452e-05,1.6005852772940825,0.04240155470407634,0.04247745461719938,12489,12444,24933,797694714.6562502,13866428.612599544,False,797694714.6562502,182776031.4375,263360266.5937501,122480245.875,401528044.40625,1547934917.9062502,MISSING,B3
development,PM1-B0-rank5-q1-r0-K0,74b125a99f630afd0f2225aec88668f0d9f6d01cbf6cc480cd2f6d093e37e7db,0.06069622310029173,0.018630514795286126,True,0.013173763348743123,0.0024542199243681173,1.0,0.02974494759788473,0.040464491022259734,9906,5353,15259,135286294.0,0.0,False,135286294.0,60486676.0,77088468.0,65232225.0,131761465.0,257785546.0,MISSING,B0
development,B1-rank12-q1-r0-K0,5118c41031227fe7642bc243c875f815afae86eb716e4c1b31c31f7ea2c48c7c,0.06069622310029173,0.010184642692195597,True,0.007201629911613522,0.0009729624794152514,1.0,0.03571708103501433,0.0419457484672126,6870,4982,11852,239031136.0,0.0,False,239031136.0,104771680.0,137815056.0,117085908.0,232571796.0,456835340.0,MISSING,B1
development,B2-rank3-q1-r4-K2,ff8e17f270d298339d53b9f47b8fc13189a91c30105498e405a642bfe5bf29ec,0.06069622310029173,0.01016372648211009,True,0.007186839917625337,0.0009698292933906227,1.0554795598765143,0.035731871029002514,0.04194888165323723,7648,5549,13197,83929208.34375,603777.3572410421,True,83929208.34375,34409527.87500001,44569568.25000001,35908212.18750001,74965970.90625001,160107653.625,MISSING,B2
development,B3-rank0-q8-r32-K4,9feb7b75a61651992917ebc41e6b410eb6c6942213237eb566c049cd884377a8,0.06069622310029173,0.00012828672563865807,True,9.071241363531324e-05,1.4812500512273452e-05,1.6005852772940825,0.04282799853299254,0.04290389844611558,12241,12198,24439,781889910.2187501,13591691.68825734,False,781889910.2187501,179154671.8125,258142283.5312501,120053532.625,393572529.46875,1517265529.9687502,MISSING,B3
development,PM1-B0-rank5-q1-r0-K0,74b125a99f630afd0f2225aec88668f0d9f6d01cbf6cc480cd2f6d093e37e7db,0.06130535816262994,0.018630514795286126,True,0.013173763348743123,0.0024542199243681173,1.0,0.030175671131122572,0.04089521455549758,9625,5241,14866,131801956.0,0.0,False,131801956.0,58928824.0,75103032.0,63552150.0,128367910.0,251146204.0,MISSING,B0
development,B1-rank12-q1-r0-K0,5118c41031227fe7642bc243c875f815afae86eb716e4c1b31c31f7ea2c48c7c,0.06130535816262994,0.010184642692195597,True,0.007201629911613522,0.0009729624794152514,1.0,0.03614780456825217,0.042376472000450444,6708,4881,11589,233726952.0,0.0,False,233726952.0,102446760.0,134756892.0,114487731.0,227410947.0,446698005.0,MISSING,B1
development,B2-rank3-q1-r4-K2,ff8e17f270d298339d53b9f47b8fc13189a91c30105498e405a642bfe5bf29ec,0.06130535816262994,0.01016372648211009,True,0.007186839917625337,0.0009698292933906227,1.0554795598765143,0.03616259456224036,0.04237960518647507,7466,5437,12903,82059451.03125,590326.5318239877,True,82059451.03125,33642959.62500001,43576656.75000001,35108256.56250001,73295894.71875001,156540808.875,MISSING,B2
development,B3-rank0-q8-r32-K4,9feb7b75a61651992917ebc41e6b410eb6c6942213237eb566c049cd884377a8,0.06130535816262994,0.00012828672563865807,True,9.071241363531324e-05,1.4812500512273452e-05,1.6005852772940825,0.04325872206623038,0.04333462197935342,11999,11957,23956,766437034.6250001,13323072.387736522,False,766437034.6250001,175613949.75,253040490.3750001,117680855.5,385794161.625,1487279063.6250002,MISSING,B3
development,PM1-B0-rank5-q1-r0-K0,74b125a99f630afd0f2225aec88668f0d9f6d01cbf6cc480cd2f6d093e37e7db,0.061920606381688906,0.018630514795286126,True,0.013173763348743123,0.0024542199243681173,1.0,0.030610717318932112,0.04133026074330712,9354,5131,14485,128424010.0,0.0,False,128424010.0,57418540.0,73178220.0,61923375.0,125077975.0,244709590.0,MISSING,B0
development,B1-rank12-q1-r0-K0,5118c41031227fe7642bc243c875f815afae86eb716e4c1b31c31f7ea2c48c7c,0.061920606381688906,0.010184642692195597,True,0.007201629911613522,0.0009729624794152514,1.0,0.03658285075606171,0.042811518188259984,6549,4782,11331,228523608.0,0.0,False,228523608.0,100166040.0,131756868.0,111938949.0,222348213.0,436753395.0,MISSING,B1
development,B2-rank3-q1-r4-K2,ff8e17f270d298339d53b9f47b8fc13189a91c30105498e405a642bfe5bf29ec,0.061920606381688906,0.01016372648211009,True,0.007186839917625337,0.0009698292933906227,1.0554795598765143,0.0365976407500499,0.04281465137428461,7290,5327,12617,80240571.46875,577241.7152618192,True,80240571.46875,32897250.375000007,42610763.25000001,34330068.43750001,71671262.78125001,153071021.125,MISSING,B2
development,B3-rank0-q8-r32-K4,9feb7b75a61651992917ebc41e6b410eb6c6942213237eb566c049cd884377a8,0.061920606381688906,0.00012828672563865807,True,9.071241363531324e-05,1.4812500512273452e-05,1.6005852772940825,0.04369376825403992,0.04376966816716296,11761,11720,23481,751240107.2812501,13058902.26817671,False,751240107.2812501,172131873.1875,248023198.9687501,115347477.375,378144628.03125,1457789267.5312502,MISSING,B3
development,PM1-B0-rank5-q1-r0-K0,74b125a99f630afd0f2225aec88668f0d9f6d01cbf6cc480cd2f6d093e37e7db,0.06254202910787746,0.018630514795286126,True,0.013173763348743123,0.0024542199243681173,1.0,0.031050129542603465,0.04176967296697847,9091,5024,14115,125143590.0,0.0,False,125143590.0,55951860.0,71308980.0,60341625.0,121883025.0,238458810.0,MISSING,B0
development,B1-rank12-q1-r0-K0,5118c41031227fe7642bc243c875f815afae86eb716e4c1b31c31f7ea2c48c7c,0.06254202910787746,0.010184642692195597,True,0.007201629911613522,0.0009729624794152514,1.0,0.037022262979733066,0.043250930411931336,6395,4686,11081,223481608.0,0.0,False,223481608.0,97956040.0,128849868.0,109469199.0,217442463.0,427117145.0,MISSING,B1
development,B2-rank3-q1-r4-K2,ff8e17f270d298339d53b9f47b8fc13189a91c30105498e405a642bfe5bf29ec,0.06254202910787746,0.01016372648211009,True,0.007186839917625337,0.0009698292933906227,1.0554795598765143,0.03703705297372125,0.043254063597955965,7118,5219,12337,78459850.21875,564431.4053408151,True,78459850.21875,32167185.375000007,41665133.25000001,33568205.93750001,70080714.03125001,149674026.125,MISSING,B2
development,B3-rank0-q8-r32-K4,9feb7b75a61651992917ebc41e6b410eb6c6942213237eb566c049cd884377a8,0.06254202910787746,0.00012828672563865807,True,9.071241363531324e-05,1.4812500512273452e-05,1.6005852772940825,0.044133180477711274,0.044209080390834314,11528,11488,23016,736363115.2500001,12800293.624818157,False,736363115.2500001,168723103.5,243111534.7500001,113063223.0,370656137.25,1428920309.2500002,MISSING,B3
development,PM1-B0-rank5-q1-r0-K0,74b125a99f630afd0f2225aec88668f0d9f6d01cbf6cc480cd2f6d093e37e7db,0.06316968830730468,0.018630514795286126,True,0.013173763348743123,0.0024542199243681173,1.0,0.03149395161879258,0.042213495043167584,8836,4919,13755,121951830.0,0.0,False,121951830.0,54524820.0,69490260.0,58802625.0,118774425.0,232376970.0,MISSING,B0
development,B1-rank12-q1-r0-K0,5118c41031227fe7642bc243c875f815afae86eb716e4c1b31c31f7ea2c48c7c,0.06316968830730468,0.010184642692195597,True,0.007201629911613522,0.0009729624794152514,1.0,0.03746608505592218,0.04369475248812045,6244,4591,10835,218520280.0,0.0,False,218520280.0,95781400.0,125989380.0,107038965.0,212615205.0,417635075.0,MISSING,B1
development,B2-rank3-q1-r4-K2,ff8e17f270d298339d53b9f47b8fc13189a91c30105498e405a642bfe5bf29ec,0.06316968830730468,0.01016372648211009,True,0.007186839917625337,0.0009698292933906227,1.0554795598765143,0.037480875049910364,0.04369788567414508,6951,5114,12065,76730006.71875,551987.1042746968,True,76730006.71875,31457979.375000007,40746521.25000001,32828110.937500007,68535609.53125001,146374088.125,MISSING,B2
development,B3-rank0-q8-r32-K4,9feb7b75a61651992917ebc41e6b410eb6c6942213237eb566c049cd884377a8,0.06316968830730468,0.00012828672563865807,True,9.071241363531324e-05,1.4812500512273452e-05,1.6005852772940825,0.04457700255390039,0.04465290246702343,11300,11261,22561,721806058.5312501,12547246.457660863,False,721806058.5312501,165387640.6875,238305497.7187501,110828092.375,363328689.28125,1400672188.7812502,MISSING,B3
development,PM1-B0-rank5-q1-r0-K0,74b125a99f630afd0f2225aec88668f0d9f6d01cbf6cc480cd2f6d093e37e7db,0.06380364656795913,0.018630514795286126,True,0.013173763348743123,0.0024542199243681173,1.0,0.03194222780389056,0.04266177122826557,8590,4816,13406,118857596.0,0.0,False,118857596.0,53141384.0,67727112.0,57310650.0,115760810.0,226480964.0,MISSING,B0
development,B1-rank12-q1-r0-K0,5118c41031227fe7642bc243c875f815afae86eb716e4c1b31c31f7ea2c48c7c,0.06380364656795913,0.010184642692195597,True,0.007201629911613522,0.0009729624794152514,1.0,0.03791436124102016,0.04414302867321843,6097,4498,10595,213679960.0,0.0,False,213679960.0,93659800.0,123198660.0,104668005.0,207905685.0,408384275.0,MISSING,B1
development,B2-rank3-q1-r4-K2,ff8e17f270d298339d53b9f47b8fc13189a91c30105498e405a642bfe5bf29ec,0.06380364656795913,0.01016372648211009,True,0.007186839917625337,0.0009698292933906227,1.0554795598765143,0.03792915123500835,0.04414616185924306,6787,5010,11797,75025602.09375,539725.8076360214,True,75025602.09375,30759202.875000007,39841418.25000001,32098899.687500007,67013227.156250015,143122678.625,MISSING,B2
development,B3-rank0-q8-r32-K4,9feb7b75a61651992917ebc41e6b410eb6c6942213237eb566c049cd884377a8,0.06380364656795913,0.00012828672563865807,True,9.071241363531324e-05,1.4812500512273452e-05,1.6005852772940825,0.04502527873899837,0.04510117865212141,11076,11038,22114,707504950.0625001,12298648.471464578,False,707504950.0625001,162110823.375,233583962.4375001,108632260.75,356130075.5625,1372920738.5625002,MISSING,B3
development,PM1-B0-rank5-q1-r0-K0,74b125a99f630afd0f2225aec88668f0d9f6d01cbf6cc480cd2f6d093e37e7db,0.06444396710594981,0.018630514795286126,True,0.013173763348743123,0.0024542199243681173,1.0,0.032395002798436795,0.0431145462228118,8352,4715,13067,115852022.0,0.0,False,115852022.0,51797588.0,66014484.0,55861425.0,112833545.0,220753898.0,MISSING,B0
development,B1-rank12-q1-r0-K0,5118c41031227fe7642bc243c875f815afae86eb716e4c1b31c31f7ea2c48c7c,0.06444396710594981,0.010184642692195597,True,0.007201629911613522,0.0009729624794152514,1.0,0.038367136235566396,0.044595803667764666,5954,4407,10361,208960648.0,0.0,False,208960648.0,91591240.0,120477708.0,102356319.0,203313903.0,399364745.0,MISSING,B1
development,B2-rank3-q1-r4-K2,ff8e17f270d298339d53b9f47b8fc13189a91c30105498e405a642bfe5bf29ec,0.06444396710594981,0.01016372648211009,True,0.007186839917625337,0.0009698292933906227,1.0554795598765143,0.03838192622955458,0.044598936853789295,6628,4909,11537,73372075.21875,527830.5198522318,True,73372075.21875,30081285.375000007,38963333.25000001,31391455.937500007,65536289.031250015,139968326.125,MISSING,B2
development,B3-rank0-q8-r32-K4,9feb7b75a61651992917ebc41e6b410eb6c6942213237eb566c049cd884377a8,0.06444396710594981,0.00012828672563865807,True,9.071241363531324e-05,1.4812500512273452e-05,1.6005852772940825,0.045478053733544604,0.045553953646667644,10856,10820,21676,693491783.3750001,12055055.813849427,False,693491783.3750001,158899982.25,228957491.6250001,106480640.5,349076400.375,1345728042.3750002,MISSING,B3
development,PM1-B0-rank5-q1-r0-K0,74b125a99f630afd0f2225aec88668f0d9f6d01cbf6cc480cd2f6d093e37e7db,0.06509071377180974,0.018630514795286126,True,0.013173763348743123,0.0024542199243681173,1.0,0.03285232175157614,0.043571865175951144,8121,4617,12738,112935108.0,0.0,False,112935108.0,50493432.0,64352376.0,54454950.0,109992630.0,215195772.0,MISSING,B0
development,B1-rank12-q1-r0-K0,5118c41031227fe7642bc243c875f815afae86eb716e4c1b31c31f7ea2c48c7c,0.06509071377180974,0.010184642692195597,True,0.007201629911613522,0.0009729624794152514,1.0,0.03882445518870574,0.04505312262090401,5815,4318,10133,204362344.0,0.0,False,204362344.0,89575720.0,117826524.0,100103907.0,198839859.0,390576485.0,MISSING,B1
development,B2-rank3-q1-r4-K2,ff8e17f270d298339d53b9f47b8fc13189a91c30105498e405a642bfe5bf29ec,0.06509071377180974,0.01016372648211009,True,0.007186839917625337,0.0009698292933906227,1.0554795598765143,0.038839245182693924,0.04505625580692864,6473,4810,11283,71756706.65625,516209.73870960664,True,71756706.65625,29419012.125000007,38105511.75000001,30700337.812500007,64093434.093750015,136886766.375,MISSING,B2
development,B3-rank0-q8-r32-K4,9feb7b75a61651992917ebc41e6b410eb6c6942213237eb566c049cd884377a8,0.06509071377180974,0.00012828672563865807,True,9.071241363531324e-05,1.4812500512273452e-05,1.6005852772940825,0.04593537268668395,0.04601127259980699,10641,10606,21247,679766558.4687501,11816468.484815406,False,679766558.4687501,155755117.3125,224426085.2812501,104373231.625,342167663.71875,1319094100.2187502,MISSING,B3
development,PM1-B0-rank5-q1-r0-K0,74b125a99f630afd0f2225aec88668f0d9f6d01cbf6cc480cd2f6d093e37e7db,0.06574395105686313,0.018630514795286126,True,0.013173763348743123,0.0024542199243681173,1.0,0.03331423026556128,0.04403377368993629,7897,4520,12417,110089122.0,0.0,False,110089122.0,49220988.0,62730684.0,53082675.0,107220795.0,209772798.0,MISSING,B0
development,B1-rank12-q1-r0-K0,5118c41031227fe7642bc243c875f815afae86eb716e4c1b31c31f7ea2c48c7c,0.06574395105686313,0.010184642692195597,True,0.007201629911613522,0.0009729624794152514,1.0,0.03928636370269088,0.04551503113488915,5679,4231,9910,199864880.0,0.0,False,199864880.0,87604400.0,115233480.0,97900890.0,194463930.0,381980950.0,MISSING,B1
development,B2-rank3-q1-r4-K2,ff8e17f270d298339d53b9f47b8fc13189a91c30105498e405a642bfe5bf29ec,0.06574395105686313,0.01016372648211009,True,0.007186839917625337,0.0009698292933906227,1.0554795598765143,0.03930115369667907,0.04551816432091378,6322,4713,11035,70179496.40625,504863.4642081458,True,70179496.40625,28772383.125000007,37267953.75000001,30025545.312500007,62684662.343750015,133877999.375,MISSING,B2
development,B3-rank0-q8-r32-K4,9feb7b75a61651992917ebc41e6b410eb6c6942213237eb566c049cd884377a8,0.06574395105686313,0.00012828672563865807,True,9.071241363531324e-05,1.4812500512273452e-05,1.6005852772940825,0.04639728120066909,0.04647318111379213,10430,10396,20826,666297281.8125001,11582330.336742394,False,666297281.8125001,152668897.875,219979180.6875001,102305121.75,335387761.3125,1292956828.3125002,MISSING,B3
development,PM1-B0-rank5-q1-r0-K0,74b125a99f630afd0f2225aec88668f0d9f6d01cbf6cc480cd2f6d093e37e7db,0.06640374409965612,0.018630514795286126,True,0.013173763348743123,0.0024542199243681173,1.0,0.03378077440029991,0.044500317824674916,7681,4426,12107,107340662.0,0.0,False,107340662.0,47992148.0,61164564.0,51757425.0,104543945.0,204535658.0,MISSING,B0
development,B1-rank12-q1-r0-K0,5118c41031227fe7642bc243c875f815afae86eb716e4c1b31c31f7ea2c48c7c,0.06640374409965612,0.010184642692195597,True,0.007201629911613522,0.0009729624794152514,1.0,0.03975290783742951,0.04598157526962778,5546,4146,9692,195468256.0,0.0,False,195468256.0,85677280.0,112698576.0,95747268.0,190186116.0,373578140.0,MISSING,B1
development,B2-rank3-q1-r4-K2,ff8e17f270d298339d53b9f47b8fc13189a91c30105498e405a642bfe5bf29ec,0.06640374409965612,0.01016372648211009,True,0.007186839917625337,0.0009698292933906227,1.0554795598765143,0.039767697831417696,0.04598470845565241,6174,4618,10792,68634084.75,493745.9452409886,True,68634084.75,28138791.000000007,36447282.00000001,29364357.500000007,61304293.250000015,130929893.0,MISSING,B2
development,B3-rank0-q8-r32-K4,9feb7b75a61651992917ebc41e6b410eb6c6942213237eb566c049cd884377a8,0.06640374409965612,0.00012828672563865807,True,9.071241363531324e-05,1.4812500512273452e-05,1.6005852772940825,0.04686382533540772,0.04693972524853076,10224,10191,20415,653147940.4687501,11353753.664870642,False,653147940.4687501,149655985.3125,215637903.28125006,100286135.625,328768901.71875,1267440394.2187502,MISSING,B3
development,PM1-B0-rank5-q1-r0-K0,74b125a99f630afd0f2225aec88668f0d9f6d01cbf6cc480cd2f6d093e37e7db,0.06707015869245213,0.018630514795286126,True,0.013173763348743123,0.0024542199243681173,1.0,0.03425200067794764,0.044971544102322646,7471,4334,11805,104663130.0,0.0,False,104663130.0,46795020.0,59638860.0,50466375.0,101936175.0,199433670.0,MISSING,B0
development,B1-rank12-q1-r0-K0,5118c41031227fe7642bc243c875f815afae86eb716e4c1b31c31f7ea2c48c7c,0.06707015869245213,0.010184642692195597,True,0.007201629911613522,0.0009729624794152514,1.0,0.04022413411507724,0.04645280154727551,5417,4062,9479,191172472.0,0.0,False,191172472.0,83794360.0,110221812.0,93643041.0,186006417.0,365368055.0,MISSING,B1
development,B2-rank3-q1-r4-K2,ff8e17f270d298339d53b9f47b8fc13189a91c30105498e405a642bfe5bf29ec,0.06707015869245213,0.01016372648211009,True,0.007186839917625337,0.0009698292933906227,1.0554795598765143,0.040238924109065426,0.04645593473330014,6030,4524,10554,67120471.6875,482857.18180813506,True,67120471.6875,27518235.750000004,35643496.50000001,28716774.375000004,59952326.812500015,128042447.25,MISSING,B2
development,B3-rank0-q8-r32-K4,9feb7b75a61651992917ebc41e6b410eb6c6942213237eb566c049cd884377a8,0.06707015869245213,0.00012828672563865807,True,9.071241363531324e-05,1.4812500512273452e-05,1.6005852772940825,0.04733505161305545,0.04741095152617849,10021,9989,20010,640190560.3125001,11128513.878719645,False,640190560.3125001,146687056.875,211360002.18750006,98296623.75,322246667.8125,1242296462.8125002,MISSING,B3
development,PM1-B0-rank5-q1-r0-K0,74b125a99f630afd0f2225aec88668f0d9f6d01cbf6cc480cd2f6d093e37e7db,0.06774326128779243,0.018630514795286126,True,0.013173763348743123,0.0024542199243681173,1.0,0.03472795608754703,0.045447499511922035,7267,4244,11511,102056526.0,0.0,False,102056526.0,45629604.0,58153572.0,49209525.0,99397485.0,194466834.0,MISSING,B0
development,B1-rank12-q1-r0-K0,5118c41031227fe7642bc243c875f815afae86eb716e4c1b31c31f7ea2c48c7c,0.06774326128779243,0.010184642692195597,True,0.007201629911613522,0.0009729624794152514,1.0,0.04070008952467663,0.0469287569568749,5291,3980,9271,186977528.0,0.0,False,186977528.0,81955640.0,107803188.0,91588209.0,181924833.0,357350695.0,MISSING,B1
development,B2-rank3-q1-r4-K2,ff8e17f270d298339d53b9f47b8fc13189a91c30105498e405a642bfe5bf29ec,0.06774326128779243,0.01016372648211009,True,0.007186839917625337,0.0009698292933906227,1.0554795598765143,0.040714879518664815,0.04693189014289953,5890,4433,10323,65651376.65625,472288.6761233067,True,65651376.65625,26915932.125000004,34863351.75000001,28088237.812500004,58640124.09375001,125239926.375,MISSING,B2
development,B3-rank0-q8-r32-K4,9feb7b75a61651992917ebc41e6b410eb6c6942213237eb566c049cd884377a8,0.06774326128779243,0.00012828672563865807,True,9.071241363531324e-05,1.4812500512273452e-05,1.6005852772940825,0.04781100702265484,0.04788690693577788,9823,9792,19615,627553115.4687501,10908835.568769908,False,627553115.4687501,143791435.3125,207187728.28125006,96356235.625,315885476.71875,1217773369.2187502,MISSING,B3
development,PM1-B0-rank5-q1-r0-K0,74b125a99f630afd0f2225aec88668f0d9f6d01cbf6cc480cd2f6d093e37e7db,0.06842311900512271,0.018630514795286126,True,0.013173763348743123,0.0024542199243681173,1.0,0.03520868808971328,0.045928231514088286,7070,4155,11225,99520850.0,0.0,False,99520850.0,44495900.0,56708700.0,47986875.0,96927875.0,189635150.0,MISSING,B0
development,B1-rank12-q1-r0-K0,5118c41031227fe7642bc243c875f815afae86eb716e4c1b31c31f7ea2c48c7c,0.06842311900512271,0.010184642692195597,True,0.007201629911613522,0.0009729624794152514,1.0,0.04118082152684288,0.04740948895904115,5168,3900,9068,182883424.0,0.0,False,182883424.0,80161120.0,105442704.0,89582772.0,177941364.0,349526060.0,MISSING,B1
development,B2-rank3-q1-r4-K2,ff8e17f270d298339d53b9f47b8fc13189a91c30105498e405a642bfe5bf29ec,0.06842311900512271,0.01016372648211009,True,0.007186839917625337,0.0009698292933906227,1.0554795598765143,0.041195611520831066,0.04741262214506578,5754,4344,10098,64220439.9375,461994.6770796426,True,64220439.9375,26329272.750000004,34103470.50000001,27476026.875000004,57362004.56250001,122510198.25,MISSING,B2
development,B3-rank0-q8-r32-K4,9feb7b75a61651992917ebc41e6b410eb6c6942213237eb566c049cd884377a8,0.06842311900512271,0.00012828672563865807,True,9.071241363531324e-05,1.4812500512273452e-05,1.6005852772940825,0.04829173902482109,0.04836763893794413,9628,9598,19226,615107631.8125001,10692494.144540923,False,615107631.8125001,140939797.875,203078830.68750006,94445321.75,309620911.3125,1193622778.3125002,MISSING,B3
development,PM1-B0-rank5-q1-r0-K0,74b125a99f630afd0f2225aec88668f0d9f6d01cbf6cc480cd2f6d093e37e7db,0.06910979963748584,0.018630514795286126,True,0.013173763348743123,0.0024542199243681173,1.0,0.035694244621366715,0.04641378804574172,6879,4069,10948,97064968.0,0.0,False,97064968.0,43397872.0,55309296.0,46802700.0,94535980.0,184955512.0,MISSING,B0
development,B1-rank12-q1-r0-K0,5118c41031227fe7642bc243c875f815afae86eb716e4c1b31c31f7ea2c48c7c,0.06910979963748584,0.010184642692195597,True,0.007201629911613522,0.0009729624794152514,1.0,0.041666378058496316,0.047895045490694586,5049,3821,8870,178890160.0,0.0,False,178890160.0,78410800.0,103140360.0,87626730.0,174056010.0,341894150.0,MISSING,B1
development,B2-rank3-q1-r4-K2,ff8e17f270d298339d53b9f47b8fc13189a91c30105498e405a642bfe5bf29ec,0.06910979963748584,0.01016372648211009,True,0.007186839917625337,0.0009698292933906227,1.0554795598765143,0.0416811680524845,0.047898178676719215,5620,4256,9876,62808582.375,451837.93135656073,True,62808582.375,25750435.500000004,33353721.000000007,26871978.750000004,56100926.62500001,119816866.5,MISSING,B2
development,B3-rank0-q8-r32-K4,9feb7b75a61651992917ebc41e6b410eb6c6942213237eb566c049cd884377a8,0.06910979963748584,0.00012828672563865807,True,9.071241363531324e-05,1.4812500512273452e-05,1.6005852772940825,0.048777295556474524,0.048853195469597564,9437,9408,18845,602918096.4062501,10480601.901272949,False,602918096.4062501,138146805.9375,199054434.84375006,92573706.875,303485180.15625,1169968857.6562502,MISSING,B3
development,PM1-B0-rank5-q1-r0-K0,74b125a99f630afd0f2225aec88668f0d9f6d01cbf6cc480cd2f6d093e37e7db,0.06980337165828196,0.018630514795286126,True,0.013173763348743123,0.0024542199243681173,1.0,0.03618467410051291,0.046904217524887916,6694,3984,10678,94671148.0,0.0,False,94671148.0,42327592.0,53945256.0,45648450.0,92204530.0,180394132.0,MISSING,B0
development,B1-rank12-q1-r0-K0,5118c41031227fe7642bc243c875f815afae86eb716e4c1b31c31f7ea2c48c7c,0.06980337165828196,0.010184642692195597,True,0.007201629911613522,0.0009729624794152514,1.0,0.04215680753764251,0.04838547496984078,4932,3744,8676,174977568.0,0.0,False,174977568.0,76695840.0,100884528.0,85710204.0,170249148.0,334416420.0,MISSING,B1
development,B2-rank3-q1-r4-K2,ff8e17f270d298339d53b9f47b8fc13189a91c30105498e405a642bfe5bf29ec,0.06980337165828196,0.01016372648211009,True,0.007186839917625337,0.0009698292933906227,1.0554795598765143,0.042171597531630696,0.04838860815586541,5490,4170,9660,61434883.125,441955.6922746433,True,61434883.125,25187242.500000004,32624235.000000007,26284256.250000004,54873931.87500001,117196327.5,MISSING,B2
development,B3-rank0-q8-r32-K4,9feb7b75a61651992917ebc41e6b410eb6c6942213237eb566c049cd884377a8,0.06980337165828196,0.00012828672563865807,True,9.071241363531324e-05,1.4812500512273452e-05,1.6005852772940825,0.04926772503562072,0.04934362494874376,9250,9222,18472,590984509.2500001,10273158.83896598,False,590984509.2500001,135412459.5,195114540.75000006,90741391.0,297478283.25,1146811607.2500002,MISSING,B3
development,PM1-B0-rank5-q1-r0-K0,74b125a99f630afd0f2225aec88668f0d9f6d01cbf6cc480cd2f6d093e37e7db,0.07050390422809652,0.018630514795286126,True,0.013173763348743123,0.0024542199243681173,1.0,0.03668002543107082,0.04739956885544583,6514,3901,10415,92339390.0,0.0,False,92339390.0,41285060.0,52616580.0,44524125.0,89933525.0,175951010.0,MISSING,B0
development,B1-rank12-q1-r0-K0,5118c41031227fe7642bc243c875f815afae86eb716e4c1b31c31f7ea2c48c7c,0.07050390422809652,0.010184642692195597,True,0.007201629911613522,0.0009729624794152514,1.0,0.042652158868200424,0.048880826300398694,4818,3668,8486,171145648.0,0.0,False,171145648.0,75016240.0,98675208.0,83833194.0,166520778.0,327092870.0,MISSING,B1
development,B2-rank3-q1-r4-K2,ff8e17f270d298339d53b9f47b8fc13189a91c30105498e405a642bfe5bf29ec,0.07050390422809652,0.01016372648211009,True,0.007186839917625337,0.0009698292933906227,1.0554795598765143,0.04266694886218861,0.04888395948642332,5364,4086,9450,60099342.1875,432347.95983389014,True,60099342.1875,24639693.750000004,31915012.500000007,25712859.375000004,53681020.31250001,114648581.25,MISSING,B2
development,B3-rank0-q8-r32-K4,9feb7b75a61651992917ebc41e6b410eb6c6942213237eb566c049cd884377a8,0.07050390422809652,0.00012828672563865807,True,9.071241363531324e-05,1.4812500512273452e-05,1.6005852772940825,0.04976307636617863,0.04983897627930167,9067,9040,18107,579306870.3437501,10070164.95762002,False,579306870.3437501,132736758.5625,191259148.40625006,88948374.125,291600220.59375,1124151027.0937502,MISSING,B3
development,PM1-B0-rank5-q1-r0-K0,74b125a99f630afd0f2225aec88668f0d9f6d01cbf6cc480cd2f6d093e37e7db,0.07121146720159666,0.018630514795286126,True,0.013173763348743123,0.0024542199243681173,1.0,0.03718034800774929,0.047899891432124295,6340,3820,10160,90078560.0,0.0,False,90078560.0,40274240.0,51328320.0,43434000.0,87731600.0,171643040.0,MISSING,B0
development,B1-rank12-q1-r0-K0,5118c41031227fe7642bc243c875f815afae86eb716e4c1b31c31f7ea2c48c7c,0.07121146720159666,0.010184642692195597,True,0.007201629911613522,0.0009729624794152514,1.0,0.04315248144487889,0.04938114887707716,4707,3595,8302,167434736.0,0.0,False,167434736.0,73389680.0,96535656.0,82015458.0,162910146.0,320000590.0,MISSING,B1
development,B2-rank3-q1-r4-K2,ff8e17f270d298339d53b9f47b8fc13189a91c30105498e405a642bfe5bf29ec,0.07121146720159666,0.01016372648211009,True,0.007186839917625337,0.0009698292933906227,1.0554795598765143,0.043167271438867075,0.04938428206310179,5240,4004,9244,58789240.125,422923.23182057997,True,58789240.125,24102574.500000004,31219299.000000007,25152346.250000004,52510830.87500001,112149363.5,MISSING,B2
development,B3-rank0-q8-r32-K4,9feb7b75a61651992917ebc41e6b410eb6c6942213237eb566c049cd884377a8,0.07121146720159666,0.00012828672563865807,True,9.071241363531324e-05,1.4812500512273452e-05,1.6005852772940825,0.0502633989428571,0.05033929885598014,8888,8861,17749,567853186.1562501,9871064.10961494,False,567853186.1562501,130112372.4375,187477695.09375006,87189743.875,285834887.90625,1101925033.4062502,MISSING,B3
development,PM1-B0-rank5-q1-r0-K0,74b125a99f630afd0f2225aec88668f0d9f6d01cbf6cc480cd2f6d093e37e7db,0.07192613113449682,0.018630514795286126,True,0.013173763348743123,0.0024542199243681173,1.0,0.03768569172097244,0.04840523514534745,6171,3741,9912,87879792.0,0.0,False,87879792.0,39291168.0,50075424.0,42373800.0,85590120.0,167453328.0,MISSING,B0
development,B1-rank12-q1-r0-K0,5118c41031227fe7642bc243c875f815afae86eb716e4c1b31c31f7ea2c48c7c,0.07192613113449682,0.010184642692195597,True,0.007201629911613522,0.0009729624794152514,1.0,0.04365782515810204,0.04988649259030031,4599,3522,8121,163784328.0,0.0,False,163784328.0,71789640.0,94430988.0,80227359.0,159358383.0,313023945.0,MISSING,B1
development,B2-rank3-q1-r4-K2,ff8e17f270d298339d53b9f47b8fc13189a91c30105498e405a642bfe5bf29ec,0.07192613113449682,0.01016372648211009,True,0.007186839917625337,0.0009698292933906227,1.0554795598765143,0.04367261515209023,0.04988962577632494,5120,3923,9043,57510936.65625,413727.2593415734,True,57510936.65625,23578492.125000004,30540471.750000007,24605437.812500004,51369044.09375001,109710806.375,MISSING,B2
development,B3-rank0-q8-r32-K4,9feb7b75a61651992917ebc41e6b410eb6c6942213237eb566c049cd884377a8,0.07192613113449682,0.00012828672563865807,True,9.071241363531324e-05,1.4812500512273452e-05,1.6005852772940825,0.05076874265608025,0.05084464256920329,8712,8686,17398,556623456.6875001,9675856.294950742,False,556623456.6875001,127539301.125,183770180.81250006,85465500.25,280182285.1875,1080133626.1875002,MISSING,B3
development,PM1-B0-rank5-q1-r0-K0,74b125a99f630afd0f2225aec88668f0d9f6d01cbf6cc480cd2f6d093e37e7db,0.07264796729059445,0.018630514795286126,True,0.013173763348743123,0.0024542199243681173,1.0,0.0381961069618547,0.048915650386229706,6008,3663,9671,85743086.0,0.0,False,85743086.0,38335844.0,48857892.0,41343525.0,83509085.0,163381874.0,MISSING,B0
development,B1-rank12-q1-r0-K0,5118c41031227fe7642bc243c875f815afae86eb716e4c1b31c31f7ea2c48c7c,0.07264796729059445,0.010184642692195597,True,0.007201629911613522,0.0009729624794152514,1.0,0.0441682403989843,0.05039690783118257,4493,3451,7944,160214592.0,0.0,False,160214592.0,70224960.0,92372832.0,78478776.0,155885112.0,306201480.0,MISSING,B1
development,B2-rank3-q1-r4-K2,ff8e17f270d298339d53b9f47b8fc13189a91c30105498e405a642bfe5bf29ec,0.07264796729059445,0.01016372648211009,True,0.007186839917625337,0.0009698292933906227,1.0554795598765143,0.044183030392972486,0.0504000410172072,5002,3844,8846,56258072.0625,404714.29129000974,True,56258072.0625,23064839.250000004,29875153.500000007,24069413.125000004,50249979.43750001,107320777.75,MISSING,B2
development,B3-rank0-q8-r32-K4,9feb7b75a61651992917ebc41e6b410eb6c6942213237eb566c049cd884377a8,0.07264796729059445,0.00012828672563865807,True,9.071241363531324e-05,1.4812500512273452e-05,1.6005852772940825,0.05127915789696251,0.05135505781008555,8539,8514,17053,545585688.4062501,9483985.366007302,False,545585688.4062501,125010213.9375,180126042.84375006,83770730.875,274626308.15625,1058714721.6562501,MISSING,B3
development,PM1-B0-rank5-q1-r0-K0,74b125a99f630afd0f2225aec88668f0d9f6d01cbf6cc480cd2f6d093e37e7db,0.07337704764887605,0.018630514795286126,True,0.013173763348743123,0.0024542199243681173,1.0,0.038711644627225546,0.04943118805160055,5849,3587,9436,83659576.0,0.0,False,83659576.0,37404304.0,47670672.0,40338900.0,81479860.0,159411784.0,MISSING,B0
development,B1-rank12-q1-r0-K0,5118c41031227fe7642bc243c875f815afae86eb716e4c1b31c31f7ea2c48c7c,0.07337704764887605,0.010184642692195597,True,0.007201629911613522,0.0009729624794152514,1.0,0.04468377806435515,0.05091244549655342,4390,3382,7772,156745696.0,0.0,False,156745696.0,68704480.0,90372816.0,76779588.0,152509956.0,299571740.0,MISSING,B1
development,B2-rank3-q1-r4-K2,ff8e17f270d298339d53b9f47b8fc13189a91c30105498e405a642bfe5bf29ec,0.07337704764887605,0.01016372648211009,True,0.007186839917625337,0.0009698292933906227,1.0554795598765143,0.04469856805834333,0.050915578682578046,4887,3767,8654,55037006.0625,395930.0787727498,True,55037006.0625,22564223.250000004,29226721.500000004,23546993.125000004,49159317.43750001,104991409.75,MISSING,B2
development,B3-rank0-q8-r32-K4,9feb7b75a61651992917ebc41e6b410eb6c6942213237eb566c049cd884377a8,0.07337704764887605,0.00012828672563865807,True,9.071241363531324e-05,1.4812500512273452e-05,1.6005852772940825,0.051794695562333355,0.051870595475456395,8370,8345,16715,534771874.8437501,9296007.47040474,False,534771874.8437501,122532441.5625,176555843.90625006,82110348.125,269183061.09375,1037730403.5937501,MISSING,B3
development,PM1-B0-rank5-q1-r0-K0,74b125a99f630afd0f2225aec88668f0d9f6d01cbf6cc480cd2f6d093e37e7db,0.07411344491069477,0.018630514795286126,True,0.013173763348743123,0.0024542199243681173,1.0,0.03923235612470476,0.04995189954907977,5694,3513,9207,81629262.0,0.0,False,81629262.0,36496548.0,46513764.0,39359925.0,79502445.0,155543058.0,MISSING,B0
development,B1-rank12-q1-r0-K0,5118c41031227fe7642bc243c875f815afae86eb716e4c1b31c31f7ea2c48c7c,0.07411344491069477,0.010184642692195597,True,0.007201629911613522,0.0009729624794152514,1.0,0.045204489561834364,0.051433156994032635,4289,3313,7602,153317136.0,0.0,False,153317136.0,67201680.0,88396056.0,75100158.0,149174046.0,293019090.0,MISSING,B1
development,B2-rank3-q1-r4-K2,ff8e17f270d298339d53b9f47b8fc13189a91c30105498e405a642bfe5bf29ec,0.07411344491069477,0.01016372648211009,True,0.007186839917625337,0.0009698292933906227,1.0554795598765143,0.04521927955582255,0.05143629018005726,4775,3691,8466,53841378.9375,387328.87068293267,True,53841378.9375,22074036.750000004,28591798.500000004,23035456.875000004,48091377.56250001,102710570.25,MISSING,B2
development,B3-rank0-q8-r32-K4,9feb7b75a61651992917ebc41e6b410eb6c6942213237eb566c049cd884377a8,0.07411344491069477,0.00012828672563865807,True,9.071241363531324e-05,1.4812500512273452e-05,1.6005852772940825,0.05231540705981257,0.05239130697293561,8204,8180,16384,524182016.0000001,9111922.608143061,False,524182016.0000001,120105984.0,173059584.00000006,80484352.0,263852544.0,1017180672.0000001,MISSING,B3
development,PM1-B0-rank5-q1-r0-K0,74b125a99f630afd0f2225aec88668f0d9f6d01cbf6cc480cd2f6d093e37e7db,0.07485723250701984,0.018630514795286126,True,0.013173763348743123,0.0024542199243681173,1.0,0.039758293377828664,0.05047783680220367,5545,3440,8985,79661010.0,0.0,False,79661010.0,35616540.0,45392220.0,38410875.0,77585475.0,151792590.0,MISSING,B0
development,B1-rank12-q1-r0-K0,5118c41031227fe7642bc243c875f815afae86eb716e4c1b31c31f7ea2c48c7c,0.07485723250701984,0.010184642692195597,True,0.007201629911613522,0.0009729624794152514,1.0,0.045730426814958265,0.051959094247156536,4191,3247,7438,150009584.0,0.0,False,150009584.0,65751920.0,86489064.0,73480002.0,145955874.0,286697710.0,MISSING,B1
development,B2-rank3-q1-r4-K2,ff8e17f270d298339d53b9f47b8fc13189a91c30105498e405a642bfe5bf29ec,0.07485723250701984,0.01016372648211009,True,0.007186839917625337,0.0009698292933906227,1.0554795598765143,0.04574521680894645,0.051962227433181164,4666,3617,8283,52677550.40625,378956.4181274193,True,52677550.40625,21596887.125000004,27973761.750000004,22537525.312500004,47051840.34375001,100490391.375,MISSING,B2
development,B3-rank0-q8-r32-K4,9feb7b75a61651992917ebc41e6b410eb6c6942213237eb566c049cd884377a8,0.07485723250701984,0.00012828672563865807,True,9.071241363531324e-05,1.4812500512273452e-05,1.6005852772940825,0.052841344312936474,0.052917244226059514,8042,8019,16061,513848105.4062501,8932286.92684239,False,513848105.4062501,117738171.9375,169647825.84375006,78897654.875,258650861.15625,997127610.6562501,MISSING,B3
development,PM1-B0-rank5-q1-r0-K0,74b125a99f630afd0f2225aec88668f0d9f6d01cbf6cc480cd2f6d093e37e7db,0.07560848460575892,0.018630514795286126,True,0.013173763348743123,0.0024542199243681173,1.0,0.04028950883122769,0.0510090522556027,5400,3369,8769,77745954.0,0.0,False,77745954.0,34760316.0,44300988.0,37487475.0,75720315.0,148143486.0,MISSING,B0
development,B1-rank12-q1-r0-K0,5118c41031227fe7642bc243c875f815afae86eb716e4c1b31c31f7ea2c48c7c,0.07560848460575892,0.010184642692195597,True,0.007201629911613522,0.0009729624794152514,1.0,0.04626164226835729,0.052490309700555564,4096,3181,7277,146762536.0,0.0,False,146762536.0,64328680.0,84616956.0,71889483.0,142796571.0,280491965.0,MISSING,B1
development,B2-rank3-q1-r4-K2,ff8e17f270d298339d53b9f47b8fc13189a91c30105498e405a642bfe5bf29ec,0.07560848460575892,0.01016372648211009,True,0.007186839917625337,0.0009698292933906227,1.0554795598765143,0.04627643226234548,0.05249344288658019,4560,3544,8104,51539160.75,370766.96999934874,True,51539160.75,21130167.000000004,27369234.000000004,22050477.500000004,46035025.25000001,98318741.0,MISSING,B2
development,B3-rank0-q8-r32-K4,9feb7b75a61651992917ebc41e6b410eb6c6942213237eb566c049cd884377a8,0.07560848460575892,0.00012828672563865807,True,9.071241363531324e-05,1.4812500512273452e-05,1.6005852772940825,0.0533725597663355,0.05344845967945854,7882,7860,15742,503642168.9375001,8754875.836022222,False,503642168.9375001,115399682.625,166278318.56250006,77330607.25,253513595.4375,977322884.4375001,MISSING,B3
development,PM1-B0-rank5-q1-r0-K0,74b125a99f630afd0f2225aec88668f0d9f6d01cbf6cc480cd2f6d093e37e7db,0.07636727611915388,0.018630514795286126,True,0.013173763348743123,0.0024542199243681173,1.0,0.040826055455856075,0.05154559888023108,5259,3299,8558,75875228.0,0.0,False,75875228.0,33923912.0,43235016.0,36585450.0,73898330.0,144578852.0,MISSING,B0
development,B1-rank12-q1-r0-K0,5118c41031227fe7642bc243c875f815afae86eb716e4c1b31c31f7ea2c48c7c,0.07636727611915388,0.010184642692195597,True,0.007201629911613522,0.0009729624794152514,1.0,0.046798188892985676,0.053026856325183946,4002,3117,7119,143575992.0,0.0,False,143575992.0,62931960.0,82779732.0,70328601.0,139696137.0,274401855.0,MISSING,B1
development,B2-rank3-q1-r4-K2,ff8e17f270d298339d53b9f47b8fc13189a91c30105498e405a642bfe5bf29ec,0.07636727611915388,0.01016372648211009,True,0.007186839917625337,0.0009698292933906227,1.0554795598765143,0.04681297888697386,0.053029989511208575,4456,3472,7928,50419850.25,362714.77519186045,True,50419850.25,20671269.000000004,26774838.000000004,21571592.500000004,45035251.75000001,96183487.0,MISSING,B2
development,B3-rank0-q8-r32-K4,9feb7b75a61651992917ebc41e6b410eb6c6942213237eb566c049cd884377a8,0.07636727611915388,0.00012828672563865807,True,9.071241363531324e-05,1.4812500512273452e-05,1.6005852772940825,0.053909106390963885,0.053985006304086924,7726,7705,15431,493692180.7187501,8581913.92616306,False,493692180.7187501,113119838.8125,162993313.03125006,75802858.625,248505163.96875,958014828.4687501,MISSING,B3
development,PM1-B0-rank5-q1-r0-K0,74b125a99f630afd0f2225aec88668f0d9f6d01cbf6cc480cd2f6d093e37e7db,0.07713368271125066,0.018630514795286126,True,0.013173763348743123,0.0024542199243681173,1.0,0.04136798675427378,0.05208753017864878,5122,3231,8353,74057698.0,0.0,False,74057698.0,33111292.0,42199356.0,35709075.0,72128155.0,141115582.0,MISSING,B0
development,B1-rank12-q1-r0-K0,5118c41031227fe7642bc243c875f815afae86eb716e4c1b31c31f7ea2c48c7c,0.07713368271125066,0.010184642692195597,True,0.007201629911613522,0.0009729624794152514,1.0,0.04734012019140338,0.05356878762360165,3911,3055,6966,140490288.0,0.0,False,140490288.0,61579440.0,81000648.0,68817114.0,136693818.0,268504470.0,MISSING,B1
development,B2-rank3-q1-r4-K2,ff8e17f270d298339d53b9f47b8fc13189a91c30105498e405a642bfe5bf29ec,0.07713368271125066,0.01016372648211009,True,0.007186839917625337,0.0009698292933906227,1.0554795598765143,0.04735491018539156,0.05357192080962628,4354,3402,7756,49325978.625,354845.584811815,True,49325978.625,20222800.500000004,26193951.000000004,21103591.250000004,44058200.37500001,94096761.5,MISSING,B2
development,B3-rank0-q8-r32-K4,9feb7b75a61651992917ebc41e6b410eb6c6942213237eb566c049cd884377a8,0.07713368271125066,0.00012828672563865807,True,9.071241363531324e-05,1.4812500512273452e-05,1.6005852772940825,0.05445103768938159,0.05452693760250463,7573,7552,15125,483902160.1562501,8411732.754404528,False,483902160.1562501,110876648.4375,159761121.09375006,74299671.875,243577253.90625,939017191.4062501,MISSING,B3
development,PM1-B0-rank5-q1-r0-K0,74b125a99f630afd0f2225aec88668f0d9f6d01cbf6cc480cd2f6d093e37e7db,0.0779077808054444,0.018630514795286126,True,0.013173763348743123,0.0024542199243681173,1.0,0.04191535676598176,0.05263490019035676,4989,3164,8153,72284498.0,0.0,False,72284498.0,32318492.0,41188956.0,34854075.0,70401155.0,137736782.0,MISSING,B0
development,B1-rank12-q1-r0-K0,5118c41031227fe7642bc243c875f815afae86eb716e4c1b31c31f7ea2c48c7c,0.0779077808054444,0.010184642692195597,True,0.007201629911613522,0.0009729624794152514,1.0,0.04788749020311136,0.05411615763530963,3822,2993,6815,137444920.0,0.0,False,137444920.0,60244600.0,79244820.0,67325385.0,133730745.0,262684175.0,MISSING,B1
development,B2-rank3-q1-r4-K2,ff8e17f270d298339d53b9f47b8fc13189a91c30105498e405a642bfe5bf29ec,0.0779077808054444,0.01016372648211009,True,0.007186839917625337,0.0009698292933906227,1.0554795598765143,0.047902280197099543,0.05411929082133426,4255,3334,7589,48263905.59375,347205.1499660733,True,48263905.59375,19787368.875000004,25629950.250000004,20649194.687500004,43109551.65625001,92070696.625,MISSING,B2
development,B3-rank0-q8-r32-K4,9feb7b75a61651992917ebc41e6b410eb6c6942213237eb566c049cd884377a8,0.0779077808054444,0.00012828672563865807,True,9.071241363531324e-05,1.4812500512273452e-05,1.6005852772940825,0.05499840770108957,0.05507430761421261,7423,7403,14826,474336094.3125001,8245444.615986879,False,474336094.3125001,108684772.875,156602868.18750006,72830871.75,238762073.8125,920454140.8125001,MISSING,B3
development,PM1-B0-rank5-q1-r0-K0,74b125a99f630afd0f2225aec88668f0d9f6d01cbf6cc480cd2f6d093e37e7db,0.07868964759210002,0.018630514795286126,True,0.013173763348743123,0.0024542199243681173,1.0,0.04246822007281048,0.053187763497185486,4860,3099,7959,70564494.0,0.0,False,70564494.0,31549476.0,40208868.0,34024725.0,68725965.0,134459346.0,MISSING,B0
development,B1-rank12-q1-r0-K0,5118c41031227fe7642bc243c875f815afae86eb716e4c1b31c31f7ea2c48c7c,0.07868964759210002,0.010184642692195597,True,0.007201629911613522,0.0009729624794152514,1.0,0.04844035350994008,0.05466902094213835,3735,2933,6668,134480224.0,0.0,False,134480224.0,58945120.0,77535504.0,65873172.0,130846164.0,257018060.0,MISSING,B1
development,B2-rank3-q1-r4-K2,ff8e17f270d298339d53b9f47b8fc13189a91c30105498e405a642bfe5bf29ec,0.07868964759210002,0.01016372648211009,True,0.007186839917625337,0.0009698292933906227,1.0554795598765143,0.048455143503928266,0.05467215412816298,4159,3267,7426,47227271.4375,339747.7195477744,True,47227271.4375,19362366.750000004,25079458.500000004,20205681.875000004,42183625.06250001,90093160.25,MISSING,B2
development,B3-rank0-q8-r32-K4,9feb7b75a61651992917ebc41e6b410eb6c6942213237eb566c049cd884377a8,0.07868964759210002,0.00012828672563865807,True,9.071241363531324e-05,1.4812500512273452e-05,1.6005852772940825,0.05555127100791829,0.05562717092104133,7276,7256,14532,464929996.1250001,8081937.215669859,False,464929996.1250001,106529550.75,153497428.87500006,71386633.5,234027415.125,902201509.1250001,MISSING,B3
development,PM1-B0-rank5-q1-r0-K0,74b125a99f630afd0f2225aec88668f0d9f6d01cbf6cc480cd2f6d093e37e7db,0.07947936103624934,0.018630514795286126,True,0.013173763348743123,0.0024542199243681173,1.0,0.04302663180436264,0.05374617522873765,4735,3034,7769,68879954.0,0.0,False,68879954.0,30796316.0,39248988.0,33212475.0,67085315.0,131249486.0,MISSING,B0
development,B1-rank12-q1-r0-K0,5118c41031227fe7642bc243c875f815afae86eb716e4c1b31c31f7ea2c48c7c,0.07947936103624934,0.010184642692195597,True,0.007201629911613522,0.0009729624794152514,1.0,0.04899876524149224,0.05522743267369051,3651,2874,6525,131596200.0,0.0,False,131596200.0,57681000.0,75872700.0,64460475.0,128040075.0,251506125.0,MISSING,B1
development,B2-rank3-q1-r4-K2,ff8e17f270d298339d53b9f47b8fc13189a91c30105498e405a642bfe5bf29ec,0.07947936103624934,0.01016372648211009,True,0.007186839917625337,0.0009698292933906227,1.0554795598765143,0.04901355523548043,0.05523056585971514,4065,3201,7266,46209716.4375,332427.54245005775,True,46209716.4375,18945186.750000004,24539098.500000004,19770331.875000004,41274740.06250001,88152020.25,MISSING,B2
development,B3-rank0-q8-r32-K4,9feb7b75a61651992917ebc41e6b410eb6c6942213237eb566c049cd884377a8,0.07947936103624934,0.00012828672563865807,True,9.071241363531324e-05,1.4812500512273452e-05,1.6005852772940825,0.05610968273947045,0.05618558265259349,7132,7113,14245,455747852.6562501,7922322.848693719,False,455747852.6562501,104425643.4375,150465928.59375006,69976781.875,229405486.40625,884383463.9062501,MISSING,B3
development,PM1-B0-rank5-q1-r0-K0,74b125a99f630afd0f2225aec88668f0d9f6d01cbf6cc480cd2f6d093e37e7db,0.08027699988536555,0.018630514795286126,True,0.013173763348743123,0.0024542199243681173,1.0,0.04359064764351055,0.05431019106788555,4613,2972,7585,67248610.0,0.0,False,67248610.0,30066940.0,38319420.0,32425875.0,65496475.0,128140990.0,MISSING,B0
development,B1-rank12-q1-r0-K0,5118c41031227fe7642bc243c875f815afae86eb716e4c1b31c31f7ea2c48c7c,0.08027699988536555,0.010184642692195597,True,0.007201629911613522,0.0009729624794152514,1.0,0.04956278108064015,0.05579144851283842,3568,2816,6384,128752512.0,0.0,False,128752512.0,56434560.0,74233152.0,63067536.0,125273232.0,246071280.0,MISSING,B1
development,B2-rank3-q1-r4-K2,ff8e17f270d298339d53b9f47b8fc13189a91c30105498e405a642bfe5bf29ec,0.08027699988536555,0.01016372648211009,True,0.007186839917625337,0.0009698292933906227,1.0554795598765143,0.04957757107462833,0.05579458169886305,3973,3137,7110,45217600.3125,325290.369779784,True,45217600.3125,18538436.250000004,24012247.500000004,19345865.625000004,40388577.18750001,86259408.75,MISSING,B2
development,B3-rank0-q8-r32-K4,9feb7b75a61651992917ebc41e6b410eb6c6942213237eb566c049cd884377a8,0.08027699988536555,0.00012828672563865807,True,9.071241363531324e-05,1.4812500512273452e-05,1.6005852772940825,0.056673698578618356,0.056749598491741396,6991,6972,13963,446725676.8437501,7765489.21981821,False,446725676.8437501,102358389.5625,147487241.90625006,68591492.125,224864079.09375,866875837.5937501,MISSING,B3
development,PM1-B0-rank5-q1-r0-K0,74b125a99f630afd0f2225aec88668f0d9f6d01cbf6cc480cd2f6d093e37e7db,0.08108264367721564,0.018630514795286126,True,0.013173763348743123,0.0024542199243681173,1.0,0.044160323831948595,0.0548798672563236,4495,2910,7405,65652730.0,0.0,False,65652730.0,29353420.0,37410060.0,31656375.0,63942175.0,125100070.0,MISSING,B0
development,B1-rank12-q1-r0-K0,5118c41031227fe7642bc243c875f815afae86eb716e4c1b31c31f7ea2c48c7c,0.08108264367721564,0.010184642692195597,True,0.007201629911613522,0.0009729624794152514,1.0,0.050132457269078196,0.056361124701276466,3488,2759,6247,125989496.0,0.0,False,125989496.0,55223480.0,72640116.0,61714113.0,122584881.0,240790615.0,MISSING,B1
development,B2-rank3-q1-r4-K2,ff8e17f270d298339d53b9f47b8fc13189a91c30105498e405a642bfe5bf29ec,0.08108264367721564,0.01016372648211009,True,0.007186839917625337,0.0009698292933906227,1.0554795598765143,0.05014724726306638,0.056364257887301095,3883,3074,6957,44244563.34375,318290.45043009246,True,44244563.34375,18139507.875000004,23495528.250000004,18929562.187500004,39519455.90625001,84403193.625,MISSING,B2
development,B3-rank0-q8-r32-K4,9feb7b75a61651992917ebc41e6b410eb6c6942213237eb566c049cd884377a8,0.08108264367721564,0.00012828672563865807,True,9.071241363531324e-05,1.4812500512273452e-05,1.6005852772940825,0.057243374767056404,0.057319274680179444,6852,6834,13686,437863468.6875001,7611436.329043331,False,437863468.6875001,100327789.125,144561368.81250006,67230764.25,220403193.1875,849678630.1875001,MISSING,B3
development,PM1-B0-rank5-q1-r0-K0,74b125a99f630afd0f2225aec88668f0d9f6d01cbf6cc480cd2f6d093e37e7db,0.08189637274779153,0.018630514795286126,True,0.013173763348743123,0.0024542199243681173,1.0,0.04473571717580144,0.05545526060017644,4380,2850,7230,64101180.0,0.0,False,64101180.0,28659720.0,36525960.0,30908250.0,62431050.0,122143620.0,MISSING,B0
development,B1-rank12-q1-r0-K0,5118c41031227fe7642bc243c875f815afae86eb716e4c1b31c31f7ea2c48c7c,0.08189637274779153,0.010184642692195597,True,0.007201629911613522,0.0009729624794152514,1.0,0.05070785061293104,0.05693651804512931,3409,2704,6113,123286984.0,0.0,False,123286984.0,54038920.0,71081964.0,60390327.0,119955399.0,235625585.0,MISSING,B1
development,B2-rank3-q1-r4-K2,ff8e17f270d298339d53b9f47b8fc13189a91c30105498e405a642bfe5bf29ec,0.08189637274779153,0.01016372648211009,True,0.007186839917625337,0.0009698292933906227,1.0554795598765143,0.05072264060691922,0.05693965123115394,3795,3012,6807,43290605.53125,311427.7844009831,True,43290605.53125,17748401.625000004,22988940.750000004,18521421.562500004,38667376.21875001,82583374.875,MISSING,B2
development,B3-rank0-q8-r32-K4,9feb7b75a61651992917ebc41e6b410eb6c6942213237eb566c049cd884377a8,0.08189637274779153,0.00012828672563865807,True,9.071241363531324e-05,1.4812500512273452e-05,1.6005852772940825,0.05781876811090925,0.057894668024032286,6717,6699,13416,429225215.2500001,7461276.471609333,False,429225215.2500001,98348503.5,141709434.75000006,65904423.0,216055037.25,832916009.2500001,MISSING,B3
development,PM1-B0-rank5-q1-r0-K0,74b125a99f630afd0f2225aec88668f0d9f6d01cbf6cc480cd2f6d093e37e7db,0.08271826823932106,0.018630514795286126,True,0.013173763348743123,0.0024542199243681173,1.0,0.04531688505128861,0.05603642847566362,4268,2792,7060,62593960.0,0.0,False,62593960.0,27985840.0,35667120.0,30181500.0,60963100.0,119271640.0,MISSING,B0
development,B1-rank12-q1-r0-K0,5118c41031227fe7642bc243c875f815afae86eb716e4c1b31c31f7ea2c48c7c,0.08271826823932106,0.010184642692195597,True,0.007201629911613522,0.0009729624794152514,1.0,0.051289018488418214,0.057517685920616485,3332,2650,5982,120644976.0,0.0,False,120644976.0,52880880.0,69558696.0,59096178.0,117384786.0,230576190.0,MISSING,B1
development,B2-rank3-q1-r4-K2,ff8e17f270d298339d53b9f47b8fc13189a91c30105498e405a642bfe5bf29ec,0.08271826823932106,0.01016372648211009,True,0.007186839917625337,0.0009698292933906227,1.0554795598765143,0.0513038084824064,0.05752081910664111,3710,2951,6661,42362086.59375,304748.12279931665,True,42362086.59375,17367724.875000004,22495862.250000004,18124164.687500004,37838018.65625001,80812084.625,MISSING,B2
development,B3-rank0-q8-r32-K4,9feb7b75a61651992917ebc41e6b410eb6c6942213237eb566c049cd884377a8,0.08271826823932106,0.00012828672563865807,True,9.071241363531324e-05,1.4812500512273452e-05,1.6005852772940825,0.05839993598639642,0.05847583589951946,6584,6567,13151,420746929.4687501,7313897.352275964,False,420746929.4687501,96405871.3125,138910314.28125006,64602643.625,211787402.71875,816463807.2187501,MISSING,B3
development,PM1-B0-rank5-q1-r0-K0,74b125a99f630afd0f2225aec88668f0d9f6d01cbf6cc480cd2f6d093e37e7db,0.08354841210835902,0.018630514795286126,True,0.013173763348743123,0.0024542199243681173,1.0,0.045903885410445794,0.0566234288348208,4160,2734,6894,61122204.0,0.0,False,61122204.0,27327816.0,34828488.0,29471850.0,59529690.0,116467236.0,MISSING,B0
development,B1-rank12-q1-r0-K0,5118c41031227fe7642bc243c875f815afae86eb716e4c1b31c31f7ea2c48c7c,0.08354841210835902,0.010184642692195597,True,0.007201629911613522,0.0009729624794152514,1.0,0.051876018847575395,0.058104686279773665,3257,2596,5853,118043304.0,0.0,False,118043304.0,51740520.0,68058684.0,57821787.0,114853419.0,225603885.0,MISSING,B1
development,B2-rank3-q1-r4-K2,ff8e17f270d298339d53b9f47b8fc13189a91c30105498e405a642bfe5bf29ec,0.08354841210835902,0.01016372648211009,True,0.007186839917625337,0.0009698292933906227,1.0554795598765143,0.05189080884156358,0.058107819465798294,3626,2892,6518,41452646.8125,298205.7145182324,True,41452646.8125,16994870.250000004,22012915.500000004,17735070.625000004,37025702.68750001,79077190.75,MISSING,B2
development,B3-rank0-q8-r32-K4,9feb7b75a61651992917ebc41e6b410eb6c6942213237eb566c049cd884377a8,0.08354841210835902,0.00012828672563865807,True,9.071241363531324e-05,1.4812500512273452e-05,1.6005852772940825,0.0589869363455536,0.05906283625867664,6453,6437,12890,412396617.8125001,7168742.823423099,False,412396617.8125001,94492561.875,136153444.68750006,63320513.75,207584185.3125,800259940.3125001,MISSING,B3
development,PM1-B0-rank5-q1-r0-K0,74b125a99f630afd0f2225aec88668f0d9f6d01cbf6cc480cd2f6d093e37e7db,0.08438688713395978,0.018630514795286126,True,0.013173763348743123,0.0024542199243681173,1.0,0.04649677678690366,0.05721632021127866,4054,2678,6732,59685912.0,0.0,False,59685912.0,26685648.0,34010064.0,28779300.0,58130820.0,113730408.0,MISSING,B0
development,B1-rank12-q1-r0-K0,5118c41031227fe7642bc243c875f815afae86eb716e4c1b31c31f7ea2c48c7c,0.08438688713395978,0.010184642692195597,True,0.007201629911613522,0.0009729624794152514,1.0,0.05246891022403326,0.05869757765623153,3184,2544,5728,115522304.0,0.0,False,115522304.0,50635520.0,66605184.0,56586912.0,112400544.0,220785760.0,MISSING,B1
development,B2-rank3-q1-r4-K2,ff8e17f270d298339d53b9f47b8fc13189a91c30105498e405a642bfe5bf29ec,0.08438688713395978,0.01016372648211009,True,0.007186839917625337,0.0009698292933906227,1.0554795598765143,0.05248370021802144,0.05870071084225616,3545,2834,6379,40568645.90625,291846.31066459103,True,40568645.90625,16632445.125000004,21543477.750000004,17356860.312500004,36236108.84375001,77390825.375,MISSING,B2
development,B3-rank0-q8-r32-K4,9feb7b75a61651992917ebc41e6b410eb6c6942213237eb566c049cd884377a8,0.08438688713395978,0.00012828672563865807,True,9.071241363531324e-05,1.4812500512273452e-05,1.6005852772940825,0.059579827722011466,0.059655727635134506,6326,6309,12635,404238267.3437501,7026925.18029099,False,404238267.3437501,92623236.5625,133459951.40625004,62067858.125,203477593.59375,784428576.0937501,MISSING,B3
development,PM1-B0-rank5-q1-r0-K0,74b125a99f630afd0f2225aec88668f0d9f6d01cbf6cc480cd2f6d093e37e7db,0.08523377692593145,0.018630514795286126,True,0.013173763348743123,0.0024542199243681173,1.0,0.04709561830172449,0.0578151617260995,3952,2622,6574,58285084.0,0.0,False,58285084.0,26059336.0,33211848.0,28103850.0,56766490.0,111061156.0,MISSING,B0
development,B1-rank12-q1-r0-K0,5118c41031227fe7642bc243c875f815afae86eb716e4c1b31c31f7ea2c48c7c,0.08523377692593145,0.010184642692195597,True,0.007201629911613522,0.0009729624794152514,1.0,0.05306775173885409,0.05929641917105236,3113,2493,5606,113061808.0,0.0,False,113061808.0,49557040.0,65186568.0,55381674.0,110006538.0,216083270.0,MISSING,B1
development,B2-rank3-q1-r4-K2,ff8e17f270d298339d53b9f47b8fc13189a91c30105498e405a642bfe5bf29ec,0.08523377692593145,0.01016372648211009,True,0.007186839917625337,0.0009698292933906227,1.0554795598765143,0.05308254173284228,0.05929955235707699,3465,2777,6242,39697364.4375,285578.4090246711,True,39697364.4375,16275234.750000004,21080794.500000004,16984091.875000004,35457876.06250001,75728724.25,MISSING,B2
development,B3-rank0-q8-r32-K4,9feb7b75a61651992917ebc41e6b410eb6c6942213237eb566c049cd884377a8,0.08523377692593145,0.00012828672563865807,True,9.071241363531324e-05,1.4812500512273452e-05,1.6005852772940825,0.0601786692368323,0.06025456914995534,6200,6185,12385,396239884.5312501,6887888.275259511,False,396239884.5312501,90790564.6875,130819271.71875004,60839764.375,199451523.28125,768907630.7812501,MISSING,B3
development,PM1-B0-rank5-q1-r0-K0,74b125a99f630afd0f2225aec88668f0d9f6d01cbf6cc480cd2f6d093e37e7db,0.08608916593317346,0.018630514795286126,True,0.013173763348743123,0.0024542199243681173,1.0,0.047700469669297745,0.05842001309367275,3852,2568,6420,56919720.0,0.0,False,56919720.0,25448880.0,32433840.0,27445500.0,55436700.0,108459480.0,MISSING,B0
development,B1-rank12-q1-r0-K0,5118c41031227fe7642bc243c875f815afae86eb716e4c1b31c31f7ea2c48c7c,0.08608916593317346,0.010184642692195597,True,0.007201629911613522,0.0009729624794152514,1.0,0.053672603106427345,0.059901270538625616,3043,2443,5486,110641648.0,0.0,False,110641648.0,48496240.0,63791208.0,54196194.0,107651778.0,211457870.0,MISSING,B1
development,B2-rank3-q1-r4-K2,ff8e17f270d298339d53b9f47b8fc13189a91c30105498e405a642bfe5bf29ec,0.08608916593317346,0.01016372648211009,True,0.007186839917625337,0.0009698292933906227,1.0554795598765143,0.05368739310041553,0.059904403724650244,3388,2721,6109,38851521.84375,279493.5118121942,True,38851521.84375,15928453.875000004,20631620.250000004,16622207.187500004,34702365.40625001,74115151.625,MISSING,B2
development,B3-rank0-q8-r32-K4,9feb7b75a61651992917ebc41e6b410eb6c6942213237eb566c049cd884377a8,0.08608916593317346,0.00012828672563865807,True,9.071241363531324e-05,1.4812500512273452e-05,1.6005852772940825,0.060783520604405554,0.060859420517528594,6078,6062,12140,388401469.37500006,6751632.10832866,False,388401469.37500006,88994546.25,128231405.62500004,59636232.5,195505974.375,753697104.3750001,MISSING,B3
development,PM1-B0-rank5-q1-r0-K0,74b125a99f630afd0f2225aec88668f0d9f6d01cbf6cc480cd2f6d093e37e7db,0.08695313945209739,0.018630514795286126,True,0.013173763348743123,0.0024542199243681173,1.0,0.04831139120329445,0.05903093462766946,3755,2516,6271,55598686.0,0.0,False,55598686.0,24858244.0,31681092.0,26808525.0,54150085.0,105942274.0,MISSING,B0
development,B1-rank12-q1-r0-K0,5118c41031227fe7642bc243c875f815afae86eb716e4c1b31c31f7ea2c48c7c,0.08695313945209739,0.010184642692195597,True,0.007201629911613522,0.0009729624794152514,1.0,0.054283524640424054,0.060512192072622324,2975,2394,5369,108281992.0,0.0,False,108281992.0,47461960.0,62430732.0,53040351.0,105355887.0,206948105.0,MISSING,B1
development,B2-rank3-q1-r4-K2,ff8e17f270d298339d53b9f47b8fc13189a91c30105498e405a642bfe5bf29ec,0.08695313945209739,0.01016372648211009,True,0.007186839917625337,0.0009698292933906227,1.0554795598765143,0.05429831463441224,0.06051532525864695,3312,2667,5979,38024758.40625,273545.8679202994,True,38024758.40625,15589495.125000004,20192577.750000004,16268485.312500004,33963896.34375001,72537975.375,MISSING,B2
development,B3-rank0-q8-r32-K4,9feb7b75a61651992917ebc41e6b410eb6c6942213237eb566c049cd884377a8,0.08695313945209739,0.00012828672563865807,True,9.071241363531324e-05,1.4812500512273452e-05,1.6005852772940825,0.06139444213840226,0.0614703420515253,5957,5942,11899,380691028.34375006,6617600.531878314,False,380691028.34375006,87227850.5625,125685790.40625004,58452350.125,191624842.59375,738734913.0937501,MISSING,B3
development,PM1-B0-rank5-q1-r0-K0,74b125a99f630afd0f2225aec88668f0d9f6d01cbf6cc480cd2f6d093e37e7db,0.08782578363513226,0.018630514795286126,True,0.013173763348743123,0.0024542199243681173,1.0,0.048928443822681404,0.05964798724705641,3661,2464,6125,54304250.0,0.0,False,54304250.0,24279500.0,30943500.0,26184375.0,52889375.0,103475750.0,MISSING,B0
development,B1-rank12-q1-r0-K0,5118c41031227fe7642bc243c875f815afae86eb716e4c1b31c31f7ea2c48c7c,0.08782578363513226,0.010184642692195597,True,0.007201629911613522,0.0009729624794152514,1.0,0.054900577259811005,0.061129244692009276,2908,2346,5254,105962672.0,0.0,False,105962672.0,46445360.0,61093512.0,51904266.0,103099242.0,202515430.0,MISSING,B1
development,B2-rank3-q1-r4-K2,ff8e17f270d298339d53b9f47b8fc13189a91c30105498e405a642bfe5bf29ec,0.08782578363513226,0.01016372648211009,True,0.007186839917625337,0.0009698292933906227,1.0554795598765143,0.05491536725379919,0.061132377878033904,3238,2613,5851,37210714.40625,267689.7262421261,True,37210714.40625,15255751.125000004,19760289.750000004,15920205.312500004,33236788.343750007,70985063.375,MISSING,B2
development,B3-rank0-q8-r32-K4,9feb7b75a61651992917ebc41e6b410eb6c6942213237eb566c049cd884377a8,0.08782578363513226,0.00012828672563865807,True,9.071241363531324e-05,1.4812500512273452e-05,1.6005852772940825,0.062011494757789214,0.06208739467091225,5839,5825,11664,373172548.50000006,6486905.841148722,False,373172548.50000006,85505139.0,123203551.50000004,57297942.0,187840336.5,724145224.5000001,MISSING,B3
development,PM1-B0-rank5-q1-r0-K0,74b125a99f630afd0f2225aec88668f0d9f6d01cbf6cc480cd2f6d093e37e7db,0.08870718549931567,0.018630514795286126,True,0.013173763348743123,0.0024542199243681173,1.0,0.04955168905779596,0.060271232482170964,3570,2413,5983,53045278.0,0.0,False,53045278.0,23716612.0,30226116.0,25577325.0,51663205.0,101076802.0,MISSING,B0
development,B1-rank12-q1-r0-K0,5118c41031227fe7642bc243c875f815afae86eb716e4c1b31c31f7ea2c48c7c,0.08870718549931567,0.010184642692195597,True,0.007201629911613522,0.0009729624794152514,1.0,0.05552382249492556,0.06175248992712383,2843,2299,5142,103703856.0,0.0,False,103703856.0,45455280.0,59791176.0,50797818.0,100901466.0,198198390.0,MISSING,B1
development,B2-rank3-q1-r4-K2,ff8e17f270d298339d53b9f47b8fc13189a91c30105498e405a642bfe5bf29ec,0.08870718549931567,0.01016372648211009,True,0.007186839917625337,0.0009698292933906227,1.0554795598765143,0.055538612488913744,0.06175562311314846,3166,2561,5727,36422109.28125,262016.58899139566,True,36422109.28125,14932436.625000004,19341510.750000004,15582809.062500004,32532402.468750007,69480679.875,MISSING,B2
development,B3-rank0-q8-r32-K4,9feb7b75a61651992917ebc41e6b410eb6c6942213237eb566c049cd884377a8,0.08870718549931567,0.00012828672563865807,True,9.071241363531324e-05,1.4812500512273452e-05,1.6005852772940825,0.06263473999290377,0.06271063990602681,5724,5710,11434,365814036.31250006,6358991.88851976,False,365814036.31250006,83819080.875,120774126.18750004,56168095.75,184136351.8125,709865954.8125001,MISSING,B3
development,PM1-B0-rank5-q1-r0-K0,74b125a99f630afd0f2225aec88668f0d9f6d01cbf6cc480cd2f6d093e37e7db,0.0895974329349706,0.018630514795286126,True,0.013173763348743123,0.0024542199243681173,1.0,0.0501811890564815,0.060900732480856506,3481,2363,5844,51812904.0,0.0,False,51812904.0,23165616.0,29523888.0,24983100.0,50462940.0,98728536.0,MISSING,B0
development,B1-rank12-q1-r0-K0,5118c41031227fe7642bc243c875f815afae86eb716e4c1b31c31f7ea2c48c7c,0.0895974329349706,0.010184642692195597,True,0.007201629911613522,0.0009729624794152514,1.0,0.0561533224936111,0.06238198992580937,2780,2253,5033,101505544.0,0.0,False,101505544.0,44491720.0,58523724.0,49721007.0,98762559.0,193996985.0,MISSING,B1
development,B2-rank3-q1-r4-K2,ff8e17f270d298339d53b9f47b8fc13189a91c30105498e405a642bfe5bf29ec,0.0895974329349706,0.01016372648211009,True,0.007186839917625337,0.0009698292933906227,1.0554795598765143,0.05616811248759929,0.062385123111834,3095,2509,5604,35639863.875,256389.20284752597,True,35639863.875,14611729.500000004,18926109.000000004,15248133.750000004,31833697.125000007,67988428.5,MISSING,B2
development,B3-rank0-q8-r32-K4,9feb7b75a61651992917ebc41e6b410eb6c6942213237eb566c049cd884377a8,0.0895974329349706,0.00012828672563865807,True,9.071241363531324e-05,1.4812500512273452e-05,1.6005852772940825,0.06326423999158931,0.06334013990471235,5610,5597,11207,358551504.71875006,6232746.378751177,False,358551504.71875006,82155014.8125,118376389.03125004,55052986.625,180480679.96875,695772936.4687501,MISSING,B3
development,PM1-B0-rank5-q1-r0-K0,74b125a99f630afd0f2225aec88668f0d9f6d01cbf6cc480cd2f6d093e37e7db,0.09049661471446958,0.018630514795286126,True,0.013173763348743123,0.0024542199243681173,1.0,0.05081700659028461,0.061536550014659616,3394,2315,5709,50615994.0,0.0,False,50615994.0,22630476.0,28841868.0,24405975.0,49297215.0,96447846.0,MISSING,B0
development,B1-rank12-q1-r0-K0,5118c41031227fe7642bc243c875f815afae86eb716e4c1b31c31f7ea2c48c7c,0.09049661471446958,0.010184642692195597,True,0.007201629911613522,0.0009729624794152514,1.0,0.05678914002741421,0.06301780745961248,2718,2207,4925,99327400.0,0.0,False,99327400.0,43537000.0,57267900.0,48654075.0,96643275.0,189834125.0,MISSING,B1
development,B2-rank3-q1-r4-K2,ff8e17f270d298339d53b9f47b8fc13189a91c30105498e405a642bfe5bf29ec,0.09049661471446958,0.01016372648211009,True,0.007186839917625337,0.0009698292933906227,1.0554795598765143,0.056803930021402396,0.06302094064563711,3026,2459,5485,34883057.34375,250944.8211310992,True,34883057.34375,14301451.875000002,18524216.250000004,14924342.187500002,31157713.906250007,66544705.625,MISSING,B2
development,B3-rank0-q8-r32-K4,9feb7b75a61651992917ebc41e6b410eb6c6942213237eb566c049cd884377a8,0.09049661471446958,0.00012828672563865807,True,9.071241363531324e-05,1.4812500512273452e-05,1.6005852772940825,0.06390005752539242,0.06397595743851546,5499,5486,10985,351448940.78125006,6109281.607083223,False,351448940.78125006,80527602.1875,116031465.46875004,53962439.375,176905529.53125,681990337.0312501,MISSING,B3
development,PM1-B0-rank5-q1-r0-K0,74b125a99f630afd0f2225aec88668f0d9f6d01cbf6cc480cd2f6d093e37e7db,0.09140482050108682,0.018630514795286126,True,0.013173763348743123,0.0024542199243681173,1.0,0.051459205060714525,0.06217874848508953,3310,2267,5577,49445682.0,0.0,False,49445682.0,22107228.0,28175004.0,23841675.0,48157395.0,94217838.0,MISSING,B0
development,B1-rank12-q1-r0-K0,5118c41031227fe7642bc243c875f815afae86eb716e4c1b31c31f7ea2c48c7c,0.09140482050108682,0.010184642692195597,True,0.007201629911613522,0.0009729624794152514,1.0,0.057431338497844125,0.0636600059300424,2658,2163,4821,97229928.0,0.0,False,97229928.0,42617640.0,56058588.0,47626659.0,94602483.0,185825445.0,MISSING,B1
development,B2-rank3-q1-r4-K2,ff8e17f270d298339d53b9f47b8fc13189a91c30105498e405a642bfe5bf29ec,0.09140482050108682,0.01016372648211009,True,0.007186839917625337,0.0009698292933906227,1.0554795598765143,0.05744612849183231,0.06366313911606702,2959,2409,5368,34138970.25,245591.9416283939,True,34138970.25,13996389.000000002,18129078.000000004,14605992.500000002,30493091.750000007,65125247.0,MISSING,B2
development,B3-rank0-q8-r32-K4,9feb7b75a61651992917ebc41e6b410eb6c6942213237eb566c049cd884377a8,0.09140482050108682,0.00012828672563865807,True,9.071241363531324e-05,1.4812500512273452e-05,1.6005852772940825,0.06454225599582233,0.06461815590894537,5390,5378,10768,344506344.50000006,5988597.573515899,False,344506344.50000006,78936843.0,113739355.50000004,52896454.0,173410900.5,668518156.5000001,MISSING,B3
development,PM1-B0-rank5-q1-r0-K0,74b125a99f630afd0f2225aec88668f0d9f6d01cbf6cc480cd2f6d093e37e7db,0.09232214085793909,0.018630514795286126,True,0.013173763348743123,0.0024542199243681173,1.0,0.05210784850556523,0.06282739192994023,3228,2221,5449,48310834.0,0.0,False,48310834.0,21599836.0,27528348.0,23294475.0,47052115.0,92055406.0,MISSING,B0
development,B1-rank12-q1-r0-K0,5118c41031227fe7642bc243c875f815afae86eb716e4c1b31c31f7ea2c48c7c,0.09232214085793909,0.010184642692195597,True,0.007201629911613522,0.0009729624794152514,1.0,0.05807998194269483,0.0643086493748931,2599,2120,4719,95172792.0,0.0,False,95172792.0,41715960.0,54872532.0,46619001.0,92600937.0,181893855.0,MISSING,B1
development,B2-rank3-q1-r4-K2,ff8e17f270d298339d53b9f47b8fc13189a91c30105498e405a642bfe5bf29ec,0.09232214085793909,0.01016372648211009,True,0.007186839917625337,0.0009698292933906227,1.0554795598765143,0.05809477193668301,0.06431178256091773,2893,2361,5254,33413962.3125,240376.31544627078,True,33413962.3125,13699148.250000002,17744071.500000004,14295805.625000002,29845511.187500004,63742184.75,MISSING,B2
development,B3-rank0-q8-r32-K4,9feb7b75a61651992917ebc41e6b410eb6c6942213237eb566c049cd884377a8,0.09232214085793909,0.00012828672563865807,True,9.071241363531324e-05,1.4812500512273452e-05,1.6005852772940825,0.06519089944067304,0.06526679935379608,5284,5271,10555,337691722.34375006,5870138.130429078,False,337691722.34375006,77375406.5625,111489496.40625004,51850118.125,169980688.59375,655294311.0937501,MISSING,B3
development,PM1-B0-rank5-q1-r0-K0,74b125a99f630afd0f2225aec88668f0d9f6d01cbf6cc480cd2f6d093e37e7db,0.09324866725701628,0.018630514795286126,True,0.013173763348743123,0.0024542199243681173,1.0,0.05276300160530106,0.06348254502967607,3149,2175,5324,47202584.0,0.0,False,47202584.0,21104336.0,26896848.0,22760100.0,45972740.0,89943656.0,MISSING,B0
development,B1-rank12-q1-r0-K0,5118c41031227fe7642bc243c875f815afae86eb716e4c1b31c31f7ea2c48c7c,0.09324866725701628,0.010184642692195597,True,0.007201629911613522,0.0009729624794152514,1.0,0.058735135042430664,0.06496380247462893,2541,2077,4618,93135824.0,0.0,False,93135824.0,40823120.0,53698104.0,45621222.0,90619014.0,178000810.0,MISSING,B1
development,B2-rank3-q1-r4-K2,ff8e17f270d298339d53b9f47b8fc13189a91c30105498e405a642bfe5bf29ec,0.09324866725701628,0.01016372648211009,True,0.007186839917625337,0.0009698292933906227,1.0554795598765143,0.05874992503641885,0.06496693566065356,2829,2314,5143,32708033.53125,235297.94258472984,True,32708033.53125,13409729.625000002,17369196.750000004,13993781.562500002,29214972.218750004,62395518.875,MISSING,B2
development,B3-rank0-q8-r32-K4,9feb7b75a61651992917ebc41e6b410eb6c6942213237eb566c049cd884377a8,0.09324866725701628,0.00012828672563865807,True,9.071241363531324e-05,1.4812500512273452e-05,1.6005852772940825,0.06584605254040887,0.06592195245353191,5179,5167,10346,331005074.31250006,5753903.277822761,False,331005074.31250006,75843292.875,109281888.18750004,50823431.75,166614893.8125,642318800.8125001,MISSING,B3
development,PM1-B0-rank5-q1-r0-K0,74b125a99f630afd0f2225aec88668f0d9f6d01cbf6cc480cd2f6d093e37e7db,0.09418449208830276,0.018630514795286126,True,0.013173763348743123,0.0024542199243681173,1.0,0.053424729689506484,0.06414427311388149,3071,2131,5202,46120932.0,0.0,False,46120932.0,20620728.0,26280504.0,22238550.0,44919270.0,87882588.0,MISSING,B0
development,B1-rank12-q1-r0-K0,5118c41031227fe7642bc243c875f815afae86eb716e4c1b31c31f7ea2c48c7c,0.09418449208830276,0.010184642692195597,True,0.007201629911613522,0.0009729624794152514,1.0,0.059396863126636085,0.06562553055883436,2485,2035,4520,91159360.0,0.0,False,91159360.0,39956800.0,52558560.0,44653080.0,88695960.0,174223400.0,MISSING,B1
development,B2-rank3-q1-r4-K2,ff8e17f270d298339d53b9f47b8fc13189a91c30105498e405a642bfe5bf29ec,0.09418449208830276,0.01016372648211009,True,0.007186839917625337,0.0009698292933906227,1.0554795598765143,0.05941165312062427,0.06562866374485898,2767,2267,5034,32014824.1875,230311.0719369104,True,32014824.1875,13125525.750000002,17001076.500000004,13697199.375000002,28595794.312500004,61073117.25,MISSING,B2
development,B3-rank0-q8-r32-K4,9feb7b75a61651992917ebc41e6b410eb6c6942213237eb566c049cd884377a8,0.09418449208830276,0.00012828672563865807,True,9.071241363531324e-05,1.4812500512273452e-05,1.6005852772940825,0.0665077806246143,0.06658368053773733,5076,5065,10141,324446400.40625006,5639893.015696947,False,324446400.40625006,74340501.9375,107116530.84375003,49816394.875,163313516.15625,629591625.6562501,MISSING,B3
development,PM1-B0-rank5-q1-r0-K0,74b125a99f630afd0f2225aec88668f0d9f6d01cbf6cc480cd2f6d093e37e7db,0.09512970866899023,0.018630514795286126,True,0.013173763348743123,0.0024542199243681173,1.0,0.054093098743400556,0.06481264216777556,2996,2087,5083,45065878.0,0.0,False,45065878.0,20149012.0,25679316.0,21729825.0,43891705.0,85872202.0,MISSING,B0
development,B1-rank12-q1-r0-K0,5118c41031227fe7642bc243c875f815afae86eb716e4c1b31c31f7ea2c48c7c,0.09512970866899023,0.010184642692195597,True,0.007201629911613522,0.0009729624794152514,1.0,0.060065232180530156,0.06629389961272843,2430,1995,4425,89243400.0,0.0,False,89243400.0,39117000.0,51453900.0,43714575.0,86831775.0,170561625.0,MISSING,B1
development,B2-rank3-q1-r4-K2,ff8e17f270d298339d53b9f47b8fc13189a91c30105498e405a642bfe5bf29ec,0.09512970866899023,0.01016372648211009,True,0.007186839917625337,0.0009698292933906227,1.0554795598765143,0.06008002217451834,0.06629703279875306,2705,2222,4927,31334334.28125,225415.70350281236,True,31334334.28125,12846536.625000002,16639710.750000004,13406059.062500002,27987977.468750004,59774979.875,MISSING,B2
development,B3-rank0-q8-r32-K4,9feb7b75a61651992917ebc41e6b410eb6c6942213237eb566c049cd884377a8,0.09512970866899023,0.00012828672563865807,True,9.071241363531324e-05,1.4812500512273452e-05,1.6005852772940825,0.06717614967850837,0.0672520495916314,4976,4965,9941,318047694.15625006,5528663.491671763,False,318047694.15625006,72874364.4375,105003987.09375003,48833919.875,160092659.90625,617174869.4062501,MISSING,B3
development,PM1-B0-rank5-q1-r0-K0,74b125a99f630afd0f2225aec88668f0d9f6d01cbf6cc480cd2f6d093e37e7db,0.09608441125278289,0.018630514795286126,True,0.013173763348743123,0.0024542199243681173,1.0,0.05476817541441667,0.06548771883879168,2922,2044,4966,44028556.0,0.0,False,44028556.0,19685224.0,25088232.0,21229650.0,42881410.0,83895604.0,MISSING,B0
development,B1-rank12-q1-r0-K0,5118c41031227fe7642bc243c875f815afae86eb716e4c1b31c31f7ea2c48c7c,0.09608441125278289,0.010184642692195597,True,0.007201629911613522,0.0009729624794152514,1.0,0.06074030885154627,0.06696897628374454,2376,1955,4331,87347608.0,0.0,False,87347608.0,38286040.0,50360868.0,42785949.0,84987213.0,166938395.0,MISSING,B1
development,B2-rank3-q1-r4-K2,ff8e17f270d298339d53b9f47b8fc13189a91c30105498e405a642bfe5bf29ec,0.09608441125278289,0.01016372648211009,True,0.007186839917625337,0.0009698292933906227,1.0554795598765143,0.060755098845534455,0.06697210946976917,2646,2177,4823,30672923.53125,220657.58838929652,True,30672923.53125,12575369.625000002,16288476.750000004,13123081.562500002,27397202.218750004,58513238.875,MISSING,B2
development,B3-rank0-q8-r32-K4,9feb7b75a61651992917ebc41e6b410eb6c6942213237eb566c049cd884377a8,0.09608441125278289,0.00012828672563865807,True,9.071241363531324e-05,1.4812500512273452e-05,1.6005852772940825,0.06785122634952448,0.06792712626264752,4877,4867,9744,311744968.50000006,5419102.410506957,False,311744968.50000006,71430219.0,102923131.50000003,47866182.0,156920116.5,604944364.5000001,MISSING,B3
development,PM1-B0-rank5-q1-r0-K0,74b125a99f630afd0f2225aec88668f0d9f6d01cbf6cc480cd2f6d093e37e7db,0.09704869503929602,0.018630514795286126,True,0.013173763348743123,0.0024542199243681173,1.0,0.05545002701884834,0.06616957044322334,2851,2002,4853,43026698.0,0.0,False,43026698.0,19237292.0,24517356.0,20746575.0,41905655.0,81986582.0,MISSING,B0
development,B1-rank12-q1-r0-K0,5118c41031227fe7642bc243c875f815afae86eb716e4c1b31c31f7ea2c48c7c,0.09704869503929602,0.010184642692195597,True,0.007201629911613522,0.0009729624794152514,1.0,0.06142216045597794,0.06765082788817621,2324,1915,4239,85492152.0,0.0,False,85492152.0,37472760.0,49291092.0,41877081.0,83181897.0,163392255.0,MISSING,B1
development,B2-rank3-q1-r4-K2,ff8e17f270d298339d53b9f47b8fc13189a91c30105498e405a642bfe5bf29ec,0.09704869503929602,0.01016372648211009,True,0.007186839917625337,0.0009698292933906227,1.0554795598765143,0.061436950449966124,0.06765396107420084,2587,2134,4721,30024232.21875,215990.97548950216,True,30024232.21875,12309417.375000002,15943997.250000004,12845545.937500002,26817788.031250004,57275762.125,MISSING,B2
development,B3-rank0-q8-r32-K4,9feb7b75a61651992917ebc41e6b410eb6c6942213237eb566c049cd884377a8,0.09704869503929602,0.00012828672563865807,True,9.071241363531324e-05,1.4812500512273452e-05,1.6005852772940825,0.06853307795395615,0.06860897786707919,4781,4770,9551,305570216.96875006,5311765.919822655,False,305570216.96875006,70015396.3125,100884526.78125003,46918093.625,153811990.21875,592962194.7187501,MISSING,B3
development,PM1-B0-rank5-q1-r0-K0,74b125a99f630afd0f2225aec88668f0d9f6d01cbf6cc480cd2f6d093e37e7db,0.09802265618354915,0.018630514795286126,True,0.013173763348743123,0.0024542199243681173,1.0,0.056138721548561935,0.06685826497293694,2781,1961,4742,42042572.0,0.0,False,42042572.0,18797288.0,23956584.0,20272050.0,40947170.0,80111348.0,MISSING,B0
development,B1-rank12-q1-r0-K0,5118c41031227fe7642bc243c875f815afae86eb716e4c1b31c31f7ea2c48c7c,0.09802265618354915,0.010184642692195597,True,0.007201629911613522,0.0009729624794152514,1.0,0.062110854985691535,0.0683395224178898,2272,1877,4149,83677032.0,0.0,False,83677032.0,36677160.0,48244572.0,40987971.0,81415827.0,159923205.0,MISSING,B1
development,B2-rank3-q1-r4-K2,ff8e17f270d298339d53b9f47b8fc13189a91c30105498e405a642bfe5bf29ec,0.09802265618354915,0.01016372648211009,True,0.007186839917625337,0.0009698292933906227,1.0554795598765143,0.06212564497967972,0.06834265560391443,2530,2091,4621,29388260.34375,211415.86480342923,True,29388260.34375,12048679.875000002,15606272.250000004,12573452.187500002,26249734.906250004,56062549.625,MISSING,B2
development,B3-rank0-q8-r32-K4,9feb7b75a61651992917ebc41e6b410eb6c6942213237eb566c049cd884377a8,0.09802265618354915,0.00012828672563865807,True,9.071241363531324e-05,1.4812500512273452e-05,1.6005852772940825,0.06922177248366974,0.06929767239679278,4686,4676,9362,299523439.56250006,5206654.019618856,False,299523439.56250006,68629896.375,98888172.93750003,45989654.75,150768281.0625,581228360.0625001,MISSING,B3
development,PM1-B0-rank5-q1-r0-K0,74b125a99f630afd0f2225aec88668f0d9f6d01cbf6cc480cd2f6d093e37e7db,0.09900639180555423,0.018630514795286126,True,0.013173763348743123,0.0024542199243681173,1.0,0.056834327677776506,0.06755387110215151,2714,1921,4635,41093910.0,0.0,False,41093910.0,18373140.0,23416020.0,19814625.0,40023225.0,78303690.0,MISSING,B0
development,B1-rank12-q1-r0-K0,5118c41031227fe7642bc243c875f815afae86eb716e4c1b31c31f7ea2c48c7c,0.09900639180555423,0.010184642692195597,True,0.007201629911613522,0.0009729624794152514,1.0,0.0628064611149061,0.06903512854710438,2222,1839,4061,81902248.0,0.0,False,81902248.0,35899240.0,47221308.0,40118619.0,79689003.0,156531245.0,MISSING,B1
development,B2-rank3-q1-r4-K2,ff8e17f270d298339d53b9f47b8fc13189a91c30105498e405a642bfe5bf29ec,0.09900639180555423,0.01016372648211009,True,0.007186839917625337,0.0009698292933906227,1.0554795598765143,0.06282125110889429,0.069038261733129,2474,2049,4523,28765007.90625,206932.2563310778,True,28765007.90625,11793157.125000002,15275301.750000002,12306800.312500002,25693042.843750004,54873601.375,MISSING,B2
development,B3-rank0-q8-r32-K4,9feb7b75a61651992917ebc41e6b410eb6c6942213237eb566c049cd884377a8,0.09900639180555423,0.00012828672563865807,True,9.071241363531324e-05,1.4812500512273452e-05,1.6005852772940825,0.06991737861288431,0.06999327852600735,4593,4584,9177,293604636.28125006,5103766.709895561,False,293604636.28125006,67273719.1875,96934069.96875003,45080865.375,147788989.03125,569742860.5312501,MISSING,B3
development,PM1-B0-rank5-q1-r0-K0,74b125a99f630afd0f2225aec88668f0d9f6d01cbf6cc480cd2f6d093e37e7db,0.1,0.018630514795286126,True,0.013173763348743123,0.0024542199243681173,1.0,0.05753691476991163,0.06825645819428663,2648,1882,4530,40162980.0,0.0,False,40162980.0,17956920.0,22885560.0,19365750.0,39116550.0,76529820.0,MISSING,B0
development,B1-rank12-q1-r0-K0,5118c41031227fe7642bc243c875f815afae86eb716e4c1b31c31f7ea2c48c7c,0.1,0.010184642692195597,True,0.007201629911613522,0.0009729624794152514,1.0,0.06350904820704123,0.0697377156392395,2173,1803,3976,80187968.0,0.0,False,80187968.0,35147840.0,46232928.0,39278904.0,78021048.0,153254920.0,MISSING,B1
development,B2-rank3-q1-r4-K2,ff8e17f270d298339d53b9f47b8fc13189a91c30105498e405a642bfe5bf29ec,0.1,0.01016372648211009,True,0.007186839917625337,0.0009698292933906227,1.0554795598765143,0.06352383820102941,0.06974084882526413,2420,2008,4428,28160834.625,202585.90117930854,True,28160834.625,11545456.500000002,14954463.000000002,12048311.250000002,25153392.375000004,53721049.5,MISSING,B2
development,B3-rank0-q8-r32-K4,9feb7b75a61651992917ebc41e6b410eb6c6942213237eb566c049cd884377a8,0.1,0.00012828672563865807,True,9.071241363531324e-05,1.4812500512273452e-05,1.6005852772940825,0.07061996570501944,0.07069586561814248,4503,4493,8996,287813807.12500006,5003103.99065277,False,287813807.12500006,65946864.75,95022217.87500003,44191725.5,144874114.125,558505696.1250001,MISSING,B3
