dataset,candidate_id,candidate_fingerprint,epsilon,epsilon_min,accuracy_eligible,axis_bias_real,axis_bias_imag,normalization,allowance_real,allowance_imag,N_real,N_imag,N_total,primary_RZ_P0,primary_SE,point_frontier,rz_count,rz_depth,cx_count,cx_depth,total_depth,circuit_size,missing_reason
transfer_fixed_five,B2-rank3-q1-r4-K2,215212e37d35f0277d90e0dfb354ff27c6334677ddc57b31f4e702fb709a928b,0.005,0.005256376547101335,False,0.0037168195009252836,0.00026014045149713727,1.0620308450250202,-0.00018128559499254633,0.0032753934544356,MISSING,921409,MISSING,MISSING,MISSING,False,MISSING,MISSING,MISSING,MISSING,MISSING,MISSING,NONPOSITIVE_AXIS_HEADROOM_OR_STRICT_BOUNDARY
transfer_fixed_five,B2-rank3-q1-r8-K2,1e063a21340c2fb397fe431779fa0bb1d2fba619b736361014296303c8f0e3e9,0.005,0.005256157396431461,False,0.0037166645380005137,0.0002610609785499429,1.0307583312111528,-0.00018113063206777642,0.0032744729273827943,MISSING,868433,MISSING,MISSING,MISSING,False,MISSING,MISSING,MISSING,MISSING,MISSING,MISSING,NONPOSITIVE_AXIS_HEADROOM_OR_STRICT_BOUNDARY
transfer_fixed_five,B0-rank6-q1-r0-K0,d9ae4b8645a032031fc003c9e7268010e6a5c5734c6da898043c748bd900aa64,0.005,0.009976267821590988,False,0.007054286627580134,0.0006265786540605722,1.0,-0.0035187527216473963,0.002908955251872165,MISSING,1035693,MISSING,MISSING,MISSING,False,MISSING,MISSING,MISSING,MISSING,MISSING,MISSING,NONPOSITIVE_AXIS_HEADROOM_OR_STRICT_BOUNDARY
transfer_fixed_five,B1-rank12-q1-r0-K0,9a24146ac2b7dfd129fa7d49aa2d50772fc647424d2ab958638482cfac139529,0.005,0.005265778433252583,False,0.0037234676383787746,0.0002615994585534187,1.0,-0.00018793373244603735,0.0032739344473793185,MISSING,817646,MISSING,MISSING,MISSING,False,MISSING,MISSING,MISSING,MISSING,MISSING,MISSING,NONPOSITIVE_AXIS_HEADROOM_OR_STRICT_BOUNDARY
transfer_fixed_five,B3-rank0-q8-r32-K4,a090ea4c0aa58921cf4904fed6f6f74fac8d2e12f031736c8c94aa80754f295b,0.005,6.247566909536482e-05,True,4.417696927649928e-05,3.5948699160792685e-06,1.47140967604679,0.003491356936656238,0.003531939036016658,1556624,1521059,3077683,108267309639.5625,1388760089.3967083,True,108267309639.5625,24629158207.5,35570609805.28125,16387123133.5,53289600257.03125,207654638225.78125,MISSING
transfer_fixed_five,B2-rank3-q1-r4-K2,215212e37d35f0277d90e0dfb354ff27c6334677ddc57b31f4e702fb709a928b,0.0050501789923016885,0.005256376547101335,False,0.0037168195009252836,0.00026014045149713727,1.0620308450250202,-0.00014580368926291488,0.0033108753601652314,MISSING,901766,MISSING,MISSING,MISSING,False,MISSING,MISSING,MISSING,MISSING,MISSING,MISSING,NONPOSITIVE_AXIS_HEADROOM_OR_STRICT_BOUNDARY
transfer_fixed_five,B2-rank3-q1-r8-K2,1e063a21340c2fb397fe431779fa0bb1d2fba619b736361014296303c8f0e3e9,0.0050501789923016885,0.005256157396431461,False,0.0037166645380005137,0.0002610609785499429,1.0307583312111528,-0.00014564872633814497,0.0033099548331124258,MISSING,849914,MISSING,MISSING,MISSING,False,MISSING,MISSING,MISSING,MISSING,MISSING,MISSING,NONPOSITIVE_AXIS_HEADROOM_OR_STRICT_BOUNDARY
transfer_fixed_five,B0-rank6-q1-r0-K0,d9ae4b8645a032031fc003c9e7268010e6a5c5734c6da898043c748bd900aa64,0.0050501789923016885,0.009976267821590988,False,0.007054286627580134,0.0006265786540605722,1.0,-0.003483270815917765,0.0029444371576017965,MISSING,1010882,MISSING,MISSING,MISSING,False,MISSING,MISSING,MISSING,MISSING,MISSING,MISSING,NONPOSITIVE_AXIS_HEADROOM_OR_STRICT_BOUNDARY
transfer_fixed_five,B1-rank12-q1-r0-K0,9a24146ac2b7dfd129fa7d49aa2d50772fc647424d2ab958638482cfac139529,0.0050501789923016885,0.005265778433252583,False,0.0037234676383787746,0.0002615994585534187,1.0,-0.0001524518267164059,0.00330941635310895,MISSING,800207,MISSING,MISSING,MISSING,False,MISSING,MISSING,MISSING,MISSING,MISSING,MISSING,NONPOSITIVE_AXIS_HEADROOM_OR_STRICT_BOUNDARY
transfer_fixed_five,B3-rank0-q8-r32-K4,a090ea4c0aa58921cf4904fed6f6f74fac8d2e12f031736c8c94aa80754f295b,0.0050501789923016885,6.247566909536482e-05,True,4.417696927649928e-05,3.5948699160792685e-06,1.47140967604679,0.0035268388423858694,0.0035674209417462894,1525461,1490952,3016413,106111942091.4375,1361112885.0948565,True,106111942091.4375,24138845032.5,34862476036.21875,16060891018.5,52228719780.46875,203520684311.71875,MISSING
transfer_fixed_five,B2-rank3-q1-r4-K2,215212e37d35f0277d90e0dfb354ff27c6334677ddc57b31f4e702fb709a928b,0.0051008615708570595,0.005256376547101335,False,0.0037168195009252836,0.00026014045149713727,1.0620308450250202,-0.00010996569427839178,0.0033467133551497545,MISSING,882556,MISSING,MISSING,MISSING,False,MISSING,MISSING,MISSING,MISSING,MISSING,MISSING,NONPOSITIVE_AXIS_HEADROOM_OR_STRICT_BOUNDARY
transfer_fixed_five,B2-rank3-q1-r8-K2,1e063a21340c2fb397fe431779fa0bb1d2fba619b736361014296303c8f0e3e9,0.0051008615708570595,0.005256157396431461,False,0.0037166645380005137,0.0002610609785499429,1.0307583312111528,-0.00010981073135362188,0.003345792828096949,MISSING,831804,MISSING,MISSING,MISSING,False,MISSING,MISSING,MISSING,MISSING,MISSING,MISSING,NONPOSITIVE_AXIS_HEADROOM_OR_STRICT_BOUNDARY
transfer_fixed_five,B0-rank6-q1-r0-K0,d9ae4b8645a032031fc003c9e7268010e6a5c5734c6da898043c748bd900aa64,0.0051008615708570595,0.009976267821590988,False,0.007054286627580134,0.0006265786540605722,1.0,-0.003447432820933242,0.0029802751525863196,MISSING,986717,MISSING,MISSING,MISSING,False,MISSING,MISSING,MISSING,MISSING,MISSING,MISSING,NONPOSITIVE_AXIS_HEADROOM_OR_STRICT_BOUNDARY
transfer_fixed_five,B1-rank12-q1-r0-K0,9a24146ac2b7dfd129fa7d49aa2d50772fc647424d2ab958638482cfac139529,0.0051008615708570595,0.005265778433252583,False,0.0037234676383787746,0.0002615994585534187,1.0,-0.0001166138317318828,0.003345254348093473,MISSING,783154,MISSING,MISSING,MISSING,False,MISSING,MISSING,MISSING,MISSING,MISSING,MISSING,NONPOSITIVE_AXIS_HEADROOM_OR_STRICT_BOUNDARY
transfer_fixed_five,B3-rank0-q8-r32-K4,a090ea4c0aa58921cf4904fed6f6f74fac8d2e12f031736c8c94aa80754f295b,0.0051008615708570595,6.247566909536482e-05,True,4.417696927649928e-05,3.5948699160792685e-06,1.47140967604679,0.0035626768373703925,0.0036032589367308125,1494925,1461441,2956366,103999597466.625,1334017541.9136372,True,103999597466.625,23658318915.0,34168477204.3125,15741170767.0,51189015357.8125,199469247545.3125,MISSING
transfer_fixed_five,B2-rank3-q1-r4-K2,215212e37d35f0277d90e0dfb354ff27c6334677ddc57b31f4e702fb709a928b,0.005152052789556263,0.005256376547101335,False,0.0037168195009252836,0.00026014045149713727,1.0620308450250202,-7.376803639898158e-05,0.0033829110130291647,MISSING,863771,MISSING,MISSING,MISSING,False,MISSING,MISSING,MISSING,MISSING,MISSING,MISSING,NONPOSITIVE_AXIS_HEADROOM_OR_STRICT_BOUNDARY
transfer_fixed_five,B2-rank3-q1-r8-K2,1e063a21340c2fb397fe431779fa0bb1d2fba619b736361014296303c8f0e3e9,0.005152052789556263,0.005256157396431461,False,0.0037166645380005137,0.0002610609785499429,1.0307583312111528,-7.361307347421167e-05,0.003381990485976359,MISSING,814093,MISSING,MISSING,MISSING,False,MISSING,MISSING,MISSING,MISSING,MISSING,MISSING,NONPOSITIVE_AXIS_HEADROOM_OR_STRICT_BOUNDARY
transfer_fixed_five,B0-rank6-q1-r0-K0,d9ae4b8645a032031fc003c9e7268010e6a5c5734c6da898043c748bd900aa64,0.005152052789556263,0.009976267821590988,False,0.007054286627580134,0.0006265786540605722,1.0,-0.0034112351630538316,0.0030164728104657298,MISSING,963178,MISSING,MISSING,MISSING,False,MISSING,MISSING,MISSING,MISSING,MISSING,MISSING,NONPOSITIVE_AXIS_HEADROOM_OR_STRICT_BOUNDARY
transfer_fixed_five,B1-rank12-q1-r0-K0,9a24146ac2b7dfd129fa7d49aa2d50772fc647424d2ab958638482cfac139529,0.005152052789556263,0.005265778433252583,False,0.0037234676383787746,0.0002615994585534187,1.0,-8.04161738524726e-05,0.0033814520059728833,MISSING,766476,MISSING,MISSING,MISSING,False,MISSING,MISSING,MISSING,MISSING,MISSING,MISSING,NONPOSITIVE_AXIS_HEADROOM_OR_STRICT_BOUNDARY
transfer_fixed_five,B3-rank0-q8-r32-K4,a090ea4c0aa58921cf4904fed6f6f74fac8d2e12f031736c8c94aa80754f295b,0.005152052789556263,6.247566909536482e-05,True,4.417696927649928e-05,3.5948699160792685e-06,1.47140967604679,0.0035988744952498027,0.0036394565946102227,1465005,1432515,2897520,101929501845.0,1307464132.6701775,True,101929501845.0,23187403800.0,33488359042.5,15427845240.0,50170106062.5,195498843562.5,MISSING
transfer_fixed_five,B2-rank3-q1-r4-K2,215212e37d35f0277d90e0dfb354ff27c6334677ddc57b31f4e702fb709a928b,0.005203757753009269,0.005256376547101335,False,0.0037168195009252836,0.00026014045149713727,1.0620308450250202,-3.72071061203582e-05,0.003419471943307788,MISSING,845398,MISSING,MISSING,MISSING,False,MISSING,MISSING,MISSING,MISSING,MISSING,MISSING,NONPOSITIVE_AXIS_HEADROOM_OR_STRICT_BOUNDARY
transfer_fixed_five,B2-rank3-q1-r8-K2,1e063a21340c2fb397fe431779fa0bb1d2fba619b736361014296303c8f0e3e9,0.005203757753009269,0.005256157396431461,False,0.0037166645380005137,0.0002610609785499429,1.0307583312111528,-3.705214319558829e-05,0.0034185514162549824,MISSING,796773,MISSING,MISSING,MISSING,False,MISSING,MISSING,MISSING,MISSING,MISSING,MISSING,NONPOSITIVE_AXIS_HEADROOM_OR_STRICT_BOUNDARY
transfer_fixed_five,B0-rank6-q1-r0-K0,d9ae4b8645a032031fc003c9e7268010e6a5c5734c6da898043c748bd900aa64,0.005203757753009269,0.009976267821590988,False,0.007054286627580134,0.0006265786540605722,1.0,-0.003374674232775208,0.003053033740744353,MISSING,940247,MISSING,MISSING,MISSING,False,MISSING,MISSING,MISSING,MISSING,MISSING,MISSING,NONPOSITIVE_AXIS_HEADROOM_OR_STRICT_BOUNDARY
transfer_fixed_five,B1-rank12-q1-r0-K0,9a24146ac2b7dfd129fa7d49aa2d50772fc647424d2ab958638482cfac139529,0.005203757753009269,0.005265778433252583,False,0.0037234676383787746,0.0002615994585534187,1.0,-4.385524357384922e-05,0.0034180129362515067,MISSING,750167,MISSING,MISSING,MISSING,False,MISSING,MISSING,MISSING,MISSING,MISSING,MISSING,NONPOSITIVE_AXIS_HEADROOM_OR_STRICT_BOUNDARY
transfer_fixed_five,B3-rank0-q8-r32-K4,a090ea4c0aa58921cf4904fed6f6f74fac8d2e12f031736c8c94aa80754f295b,0.005203757753009269,6.247566909536482e-05,True,4.417696927649928e-05,3.5948699160792685e-06,1.47140967604679,0.003635435425528426,0.003676017524888846,1435686,1404162,2839848,99900705415.5,1281440474.0036786,True,99900705415.5,22725883620.0,32821809495.75,15120770676.0,49171524393.75,191607650643.75,MISSING
transfer_fixed_five,B2-rank3-q1-r4-K2,215212e37d35f0277d90e0dfb354ff27c6334677ddc57b31f4e702fb709a928b,0.0052559816170548905,0.005256376547101335,False,0.0037168195009252836,0.00026014045149713727,1.0620308450250202,-2.792577139349925e-07,0.0034563997917142113,MISSING,827431,MISSING,MISSING,MISSING,False,MISSING,MISSING,MISSING,MISSING,MISSING,MISSING,NONPOSITIVE_AXIS_HEADROOM_OR_STRICT_BOUNDARY
transfer_fixed_five,B2-rank3-q1-r8-K2,1e063a21340c2fb397fe431779fa0bb1d2fba619b736361014296303c8f0e3e9,0.0052559816170548905,0.005256157396431461,False,0.0037166645380005137,0.0002610609785499429,1.0307583312111528,-1.2429478916508446e-07,0.0034554792646614057,MISSING,779834,MISSING,MISSING,MISSING,False,MISSING,MISSING,MISSING,MISSING,MISSING,MISSING,NONPOSITIVE_AXIS_HEADROOM_OR_STRICT_BOUNDARY
transfer_fixed_five,B0-rank6-q1-r0-K0,d9ae4b8645a032031fc003c9e7268010e6a5c5734c6da898043c748bd900aa64,0.0052559816170548905,0.009976267821590988,False,0.007054286627580134,0.0006265786540605722,1.0,-0.003337746384368785,0.0030899615891507764,MISSING,917908,MISSING,MISSING,MISSING,False,MISSING,MISSING,MISSING,MISSING,MISSING,MISSING,NONPOSITIVE_AXIS_HEADROOM_OR_STRICT_BOUNDARY
transfer_fixed_five,B1-rank12-q1-r0-K0,9a24146ac2b7dfd129fa7d49aa2d50772fc647424d2ab958638482cfac139529,0.0052559816170548905,0.005265778433252583,False,0.0037234676383787746,0.0002615994585534187,1.0,-6.927395167426013e-06,0.00345494078465793,MISSING,734216,MISSING,MISSING,MISSING,False,MISSING,MISSING,MISSING,MISSING,MISSING,MISSING,NONPOSITIVE_AXIS_HEADROOM_OR_STRICT_BOUNDARY
transfer_fixed_five,B3-rank0-q8-r32-K4,a090ea4c0aa58921cf4904fed6f6f74fac8d2e12f031736c8c94aa80754f295b,0.0052559816170548905,6.247566909536482e-05,True,4.417696927649928e-05,3.5948699160792685e-06,1.47140967604679,0.0036723632739348493,0.0037129453732952693,1406958,1376370,2783328,97912434258.0,1255936638.7312667,True,97912434258.0,22273582320.0,32168574297.0,14819829936.0,48192889425.0,187794184425.0,MISSING
transfer_fixed_five,B2-rank3-q1-r4-K2,215212e37d35f0277d90e0dfb354ff27c6334677ddc57b31f4e702fb709a928b,0.0053087295892748935,0.005256376547101335,True,0.0037168195009252836,0.00026014045149713727,1.0620308450250202,3.701919113666867e-05,0.003493698240564815,7213157560,809858,7213967418,45033417043346.81,287920038234.481,False,45033417043346.81,18605949153431.062,24170397834009.0,19566759438915.938,40505976179106.375,85780835694474.38,MISSING
transfer_fixed_five,B2-rank3-q1-r8-K2,1e063a21340c2fb397fe431779fa0bb1d2fba619b736361014296303c8f0e3e9,0.0053087295892748935,0.005256157396431461,True,0.0037166645380005137,0.0002610609785499429,1.0307583312111528,3.717415406143858e-05,0.0034927777135120093,6738085650,763268,6738848918,44816504140130.31,449266024060.5471,False,44816504140130.31,18119711795358.562,23600712445008.125,18856562806736.125,39452801579459.69,85562322355731.25,MISSING
transfer_fixed_five,B0-rank6-q1-r0-K0,d9ae4b8645a032031fc003c9e7268010e6a5c5734c6da898043c748bd900aa64,0.0053087295892748935,0.009976267821590988,False,0.007054286627580134,0.0006265786540605722,1.0,-0.0033004479355181813,0.00312726003800138,MISSING,896143,MISSING,MISSING,MISSING,False,MISSING,MISSING,MISSING,MISSING,MISSING,MISSING,NONPOSITIVE_AXIS_HEADROOM_OR_STRICT_BOUNDARY
transfer_fixed_five,B1-rank12-q1-r0-K0,9a24146ac2b7dfd129fa7d49aa2d50772fc647424d2ab958638482cfac139529,0.0053087295892748935,0.005265778433252583,True,0.0037234676383787746,0.0002615994585534187,1.0,3.0371053683177652e-05,0.0034922392335085335,9501349416,718617,9502068033,190421443381320.0,0.0,False,190421443381320.0,83171601492849.0,110033947822140.0,93414830832423.0,184948252194312.0,364071736684395.0,MISSING
transfer_fixed_five,B3-rank0-q8-r32-K4,a090ea4c0aa58921cf4904fed6f6f74fac8d2e12f031736c8c94aa80754f295b,0.0053087295892748935,6.247566909536482e-05,True,4.417696927649928e-05,3.5948699160792685e-06,1.47140967604679,0.003709661722785453,0.003750243822145873,1378808,1349129,2727937,95963879274.1875,1230942248.434484,True,95963879274.1875,21830315842.5,31528387621.59375,14524900556.5,47233802914.84375,184056893071.09375,MISSING
transfer_fixed_five,B2-rank3-q1-r4-K2,215212e37d35f0277d90e0dfb354ff27c6334677ddc57b31f4e702fb709a928b,0.005362006929513287,0.005256376547101335,True,0.0037168195009252836,0.00026014045149713727,1.0620308450250202,7.469195970281981e-05,0.003531371009130966,1771868800,792671,1772661471,11065894628388.469,70749523657.90009,False,11065894628388.469,4571970912063.844,5939302258585.5,4808067261732.656,9953383368323.062,21078606760319.062,MISSING
transfer_fixed_five,B2-rank3-q1-r8-K2,1e063a21340c2fb397fe431779fa0bb1d2fba619b736361014296303c8f0e3e9,0.005362006929513287,0.005256157396431461,True,0.0037166645380005137,0.0002610609785499429,1.0307583312111528,7.484692262758972e-05,0.0035304504820781605,1662152314,747066,1662899380,11059060361084.375,110862285526.21617,False,11059060361084.375,4471276604791.875,5823785422393.75,4653104258873.75,9735496385815.625,21113625565437.5,MISSING
transfer_fixed_five,B0-rank6-q1-r0-K0,d9ae4b8645a032031fc003c9e7268010e6a5c5734c6da898043c748bd900aa64,0.005362006929513287,0.009976267821590988,False,0.007054286627580134,0.0006265786540605722,1.0,-0.00326277516695203,0.003164932806567531,MISSING,874936,MISSING,MISSING,MISSING,False,MISSING,MISSING,MISSING,MISSING,MISSING,MISSING,NONPOSITIVE_AXIS_HEADROOM_OR_STRICT_BOUNDARY
transfer_fixed_five,B1-rank12-q1-r0-K0,9a24146ac2b7dfd129fa7d49aa2d50772fc647424d2ab958638482cfac139529,0.005362006929513287,0.005265778433252583,True,0.0037234676383787746,0.0002615994585534187,1.0,6.804382224932879e-05,0.0035299120020746847,1892899715,703360,1893603075,37947805623000.0,0.0,False,37947805623000.0,16574707715475.0,21927923608500.0,18616011830325.0,36857090251800.0,72553401818625.0,MISSING
transfer_fixed_five,B3-rank0-q8-r32-K4,a090ea4c0aa58921cf4904fed6f6f74fac8d2e12f031736c8c94aa80754f295b,0.005362006929513287,6.247566909536482e-05,True,4.417696927649928e-05,3.5948699160792685e-06,1.47140967604679,0.003747334491351604,0.003787916590712024,1351224,1322427,2673651,94054196187.5625,1206446473.459287,True,94054196187.5625,21395892127.5,30900972087.28125,14235854749.5,46293849307.03125,180394157275.78125,MISSING
transfer_fixed_five,B2-rank3-q1-r4-K2,215212e37d35f0277d90e0dfb354ff27c6334677ddc57b31f4e702fb709a928b,0.005415818950400817,0.005256376547101335,True,0.0037168195009252836,0.00026014045149713727,1.0620308450250202,0.00011274280458174442,0.0035694218540098907,777681202,775861,778457063,4859542542560.719,31069365074.14952,False,4859542542560.719,2007762399393.0938,2608220389581.5,2111443149471.4062,4370987755178.5625,9256584282566.562,MISSING
transfer_fixed_five,B2-rank3-q1-r8-K2,1e063a21340c2fb397fe431779fa0bb1d2fba619b736361014296303c8f0e3e9,0.005415818950400817,0.005256157396431461,True,0.0037166645380005137,0.0002610609785499429,1.0307583312111528,0.00011289776750651433,0.003568501326957085,730546742,731219,731277961,4863341227194.219,48752887328.28271,False,4863341227194.219,1966292174947.5938,2561072534039.6875,2046252849495.6875,4281289675110.7812,9284944861071.875,MISSING
transfer_fixed_five,B0-rank6-q1-r0-K0,d9ae4b8645a032031fc003c9e7268010e6a5c5734c6da898043c748bd900aa64,0.005415818950400817,0.009976267821590988,False,0.007054286627580134,0.0006265786540605722,1.0,-0.0032247243220731056,0.0032029836514464558,MISSING,854271,MISSING,MISSING,MISSING,False,MISSING,MISSING,MISSING,MISSING,MISSING,MISSING,NONPOSITIVE_AXIS_HEADROOM_OR_STRICT_BOUNDARY
transfer_fixed_five,B1-rank12-q1-r0-K0,9a24146ac2b7dfd129fa7d49aa2d50772fc647424d2ab958638482cfac139529,0.005415818950400817,0.005265778433252583,True,0.0037234676383787746,0.0002615994585534187,1.0,0.0001060946671282534,0.0035679628469536093,778606276,688438,779294714,15617066068560.0,0.0,False,15617066068560.0,6821166631642.0,9024232788120.0,7661246333334.0,15168192313296.0,29858676966910.0,MISSING
transfer_fixed_five,B3-rank0-q8-r32-K4,a090ea4c0aa58921cf4904fed6f6f74fac8d2e12f031736c8c94aa80754f295b,0.005415818950400817,6.247566909536482e-05,True,4.417696927649928e-05,3.5948699160792685e-06,1.47140967604679,0.0037853853362305287,0.0038259674355909487,1324196,1296253,2620449,92182646256.1875,1182439837.8583872,True,92182646256.1875,20970143122.5,30286084984.59375,13952580700.5,45372664989.84375,176804560146.09375,MISSING
transfer_fixed_five,B2-rank3-q1-r4-K2,215212e37d35f0277d90e0dfb354ff27c6334677ddc57b31f4e702fb709a928b,0.005470171017884717,0.005256376547101335,True,0.0037168195009252836,0.00026014045149713727,1.0620308450250202,0.0001511755200711189,0.003607854569499265,432530092,759419,433289511,2704823312714.7188,17293220962.2186,False,2704823312714.7188,1117521350355.0938,1451736506605.5,1175230097101.4062,2432893523670.5625,5152218494706.5625,MISSING
transfer_fixed_five,B2-rank3-q1-r8-K2,1e063a21340c2fb397fe431779fa0bb1d2fba619b736361014296303c8f0e3e9,0.005470171017884717,0.005256157396431461,True,0.0037166645380005137,0.0002610609785499429,1.0307583312111528,0.0001513304829958888,0.0036069340424464595,406598601,715719,407314320,2708831156587.5,27154857946.219563,False,2708831156587.5,1095204563617.5,1426491120075.0,1139741838795.0,2384634415012.5,5171619006750.0,MISSING
transfer_fixed_five,B0-rank6-q1-r0-K0,d9ae4b8645a032031fc003c9e7268010e6a5c5734c6da898043c748bd900aa64,0.005470171017884717,0.009976267821590988,False,0.007054286627580134,0.0006265786540605722,1.0,-0.003186291606583731,0.0032414163669358302,MISSING,834134,MISSING,MISSING,MISSING,False,MISSING,MISSING,MISSING,MISSING,MISSING,MISSING,NONPOSITIVE_AXIS_HEADROOM_OR_STRICT_BOUNDARY
transfer_fixed_five,B1-rank12-q1-r0-K0,9a24146ac2b7dfd129fa7d49aa2d50772fc647424d2ab958638482cfac139529,0.005470171017884717,0.005265778433252583,True,0.0037234676383787746,0.0002615994585534187,1.0,0.00014452738261762788,0.0036063955624429838,419570296,673843,420244139,8421692545560.0,0.0,False,8421692545560.0,3678396948667.0,4866427129620.0,4131420130509.0,8179631921496.0,16101654185785.0,MISSING
transfer_fixed_five,B3-rank0-q8-r32-K4,a090ea4c0aa58921cf4904fed6f6f74fac8d2e12f031736c8c94aa80754f295b,0.005470171017884717,6.247566909536482e-05,True,4.417696927649928e-05,3.5948699160792685e-06,1.47140967604679,0.003823818051719903,0.003864400151080323,1297711,1270598,2568309,90348455559.9375,1158912414.448912,True,90348455559.9375,20552892772.5,29683472046.46875,13674961270.5,44469869036.71875,173286617317.96875,MISSING
transfer_fixed_five,B2-rank3-q1-r4-K2,215212e37d35f0277d90e0dfb354ff27c6334677ddc57b31f4e702fb709a928b,0.005525068551763788,0.005256376547101335,True,0.0037168195009252836,0.00026014045149713727,1.0620308450250202,0.00018999393854742756,0.003646672987975574,273841824,743337,274585161,1714106448328.7812,10959097189.221754,False,1714106448328.7812,708198034150.4062,919997581930.5,744769345281.0938,1541778517442.4375,3265074987878.4375,MISSING
transfer_fixed_five,B2-rank3-q1-r8-K2,1e063a21340c2fb397fe431779fa0bb1d2fba619b736361014296303c8f0e3e9,0.005525068551763788,0.005256157396431461,True,0.0037166645380005137,0.0002610609785499429,1.0307583312111528,0.00019014890147219746,0.003645752460922768,257531926,700559,258232485,1717367071727.3438,17215860339.19523,False,1717367071727.3438,694346803339.2188,904378581060.9375,722582911620.9375,1511830153197.6562,3278745582984.375,MISSING
transfer_fixed_five,B0-rank6-q1-r0-K0,d9ae4b8645a032031fc003c9e7268010e6a5c5734c6da898043c748bd900aa64,0.005525068551763788,0.009976267821590988,False,0.007054286627580134,0.0006265786540605722,1.0,-0.0031474731881074225,0.003280234785412139,MISSING,814508,MISSING,MISSING,MISSING,False,MISSING,MISSING,MISSING,MISSING,MISSING,MISSING,NONPOSITIVE_AXIS_HEADROOM_OR_STRICT_BOUNDARY
transfer_fixed_five,B1-rank12-q1-r0-K0,9a24146ac2b7dfd129fa7d49aa2d50772fc647424d2ab958638482cfac139529,0.005525068551763788,0.005265778433252583,True,0.0037234676383787746,0.0002615994585534187,1.0,0.00018334580109393653,0.0036452139809192924,260713231,659568,261372799,5237910891960.0,0.0,False,5237910891960.0,2287796109647.0,3026697012420.0,2569555986969.0,5087360159736.0,10014498793685.0,MISSING
transfer_fixed_five,B3-rank0-q8-r32-K4,a090ea4c0aa58921cf4904fed6f6f74fac8d2e12f031736c8c94aa80754f295b,0.005525068551763788,6.247566909536482e-05,True,4.417696927649928e-05,3.5948699160792685e-06,1.47140967604679,0.003862636470196212,0.003903218569556632,1271759,1245451,2517210,88550885356.875,1135854727.2835727,True,88550885356.875,20143973025.0,29092890563.4375,13402884645.0,43585097835.9375,169838911898.4375,MISSING
transfer_fixed_five,B2-rank3-q1-r4-K2,215212e37d35f0277d90e0dfb354ff27c6334677ddc57b31f4e702fb709a928b,0.0055805170262288395,0.005256376547101335,True,0.0037168195009252836,0.00026014045149713727,1.0620308450250202,0.0002292019308481148,0.003685880980276261,188166682,727607,188894289,1179178502029.0312,7539048592.796833,False,1179178502029.0312,487187886063.65625,632890315294.5,512346244179.84375,1060629626841.9375,2246130184605.9375,MISSING
transfer_fixed_five,B2-rank3-q1-r8-K2,1e063a21340c2fb397fe431779fa0bb1d2fba619b736361014296303c8f0e3e9,0.0055805170262288395,0.005256157396431461,True,0.0037166645380005137,0.0002610609785499429,1.0307583312111528,0.0002293568937728847,0.0036849604532234554,177008907,685730,177694637,1181752630411.0938,11846557777.639761,False,1181752630411.0938,477793114105.96875,622319936518.4375,497222912070.4375,1040318805273.9062,2256166594159.375,MISSING
transfer_fixed_five,B0-rank6-q1-r0-K0,d9ae4b8645a032031fc003c9e7268010e6a5c5734c6da898043c748bd900aa64,0.0055805170262288395,0.009976267821590988,False,0.007054286627580134,0.0006265786540605722,1.0,-0.0031082651958067352,0.003319442777712826,MISSING,795380,MISSING,MISSING,MISSING,False,MISSING,MISSING,MISSING,MISSING,MISSING,MISSING,NONPOSITIVE_AXIS_HEADROOM_OR_STRICT_BOUNDARY
transfer_fixed_five,B1-rank12-q1-r0-K0,9a24146ac2b7dfd129fa7d49aa2d50772fc647424d2ab958638482cfac139529,0.0055805170262288395,0.005265778433252583,True,0.0037234676383787746,0.0002615994585534187,1.0,0.00022255379339462377,0.0036844219732199797,176943661,645605,177589266,3558888890640.0,0.0,False,3558888890640.0,1554438845298.0,2056483700280.0,1745880074046.0,3456597473424.0,6804332726790.0,MISSING
transfer_fixed_five,B3-rank0-q8-r32-K4,a090ea4c0aa58921cf4904fed6f6f74fac8d2e12f031736c8c94aa80754f295b,0.0055805170262288395,6.247566909536482e-05,True,4.417696927649928e-05,3.5948699160792685e-06,1.47140967604679,0.003901844462496899,0.003942426561857319,1246328,1220802,2467130,86789161726.875,1113256849.1794968,True,86789161726.875,19743207825.0,28514086268.4375,13136233685.0,42717970460.9375,166459959523.4375,MISSING
transfer_fixed_five,B2-rank3-q1-r4-K2,215212e37d35f0277d90e0dfb354ff27c6334677ddc57b31f4e702fb709a928b,0.005636521970408555,0.005256376547101335,True,0.0037168195009252836,0.00026014045149713727,1.0620308450250202,0.0002688034066575659,0.003725482456085712,136807446,712221,137519667,858470818737.0938,5488611950.455734,False,858470818737.0938,354684708640.96875,460759644283.5,373000609289.53125,772164335225.8125,1635237765317.8125,MISSING
transfer_fixed_five,B2-rank3-q1-r8-K2,1e063a21340c2fb397fe431779fa0bb1d2fba619b736361014296303c8f0e3e9,0.005636521970408555,0.005256157396431461,True,0.0037166645380005137,0.0002610609785499429,1.0307583312111528,0.0002689583695823358,0.0037245619290329065,128720759,671226,129391985,860517352742.9688,8626313388.771532,False,860517352742.9688,347914830167.34375,453154992467.1875,362063035027.1875,757529419682.0312,1642873859546.875,MISSING
transfer_fixed_five,B0-rank6-q1-r0-K0,d9ae4b8645a032031fc003c9e7268010e6a5c5734c6da898043c748bd900aa64,0.005636521970408555,0.009976267821590988,False,0.007054286627580134,0.0006265786540605722,1.0,-0.003068663719997284,0.0033590442535222772,MISSING,776737,MISSING,MISSING,MISSING,False,MISSING,MISSING,MISSING,MISSING,MISSING,MISSING,NONPOSITIVE_AXIS_HEADROOM_OR_STRICT_BOUNDARY
transfer_fixed_five,B1-rank12-q1-r0-K0,9a24146ac2b7dfd129fa7d49aa2d50772fc647424d2ab958638482cfac139529,0.005636521970408555,0.005265778433252583,True,0.0037234676383787746,0.0002615994585534187,1.0,0.00026215526920407486,0.0037240234490294307,127522796,631947,128154743,2568221049720.0,0.0,False,2568221049720.0,1121738465479.0,1484031923940.0,1259889278433.0,2494403917752.0,4910248978045.0,MISSING
transfer_fixed_five,B3-rank0-q8-r32-K4,a090ea4c0aa58921cf4904fed6f6f74fac8d2e12f031736c8c94aa80754f295b,0.005636521970408555,6.247566909536482e-05,True,4.417696927649928e-05,3.5948699160792685e-06,1.47140967604679,0.00394144593830635,0.00398202803766677,1221409,1196641,2418050,85062616284.375,1091110206.6605659,True,85062616284.375,19350445125.0,27946839567.1875,12874907225.0,41868157929.6875,163148478242.1875,MISSING
transfer_fixed_five,B2-rank3-q1-r4-K2,215212e37d35f0277d90e0dfb354ff27c6334677ddc57b31f4e702fb709a928b,0.005693088968920841,0.005256376547101335,True,0.0037168195009252836,0.00026014045149713727,1.0620308450250202,0.0003088023148969726,0.003765481364325119,103661664,697170,104358834,651463282458.5625,4165114386.351926,False,651463282458.5625,269157738953.8125,349654273317.0,283057031157.1875,585968330482.875,1240924372666.875,MISSING
transfer_fixed_five,B2-rank3-q1-r8-K2,1e063a21340c2fb397fe431779fa0bb1d2fba619b736361014296303c8f0e3e9,0.005693088968920841,0.005256157396431461,True,0.0037166645380005137,0.0002610609785499429,1.0307583312111528,0.0003089572778217425,0.0037645608372723132,97548784,657038,98205822,653114750279.0625,6547192217.3070755,False,653114750279.0625,264060110698.3125,343935202235.625,274798303547.625,574949053830.9375,1246907046206.25,MISSING
transfer_fixed_five,B0-rank6-q1-r0-K0,d9ae4b8645a032031fc003c9e7268010e6a5c5734c6da898043c748bd900aa64,0.005693088968920841,0.009976267821590988,False,0.007054286627580134,0.0006265786540605722,1.0,-0.0030286648117578774,0.003399043161761684,MISSING,758563,MISSING,MISSING,MISSING,False,MISSING,MISSING,MISSING,MISSING,MISSING,MISSING,NONPOSITIVE_AXIS_HEADROOM_OR_STRICT_BOUNDARY
transfer_fixed_five,B1-rank12-q1-r0-K0,9a24146ac2b7dfd129fa7d49aa2d50772fc647424d2ab958638482cfac139529,0.005693088968920841,0.005265778433252583,True,0.0037234676383787746,0.0002615994585534187,1.0,0.0003021541774434816,0.0037640223572688375,95994821,618587,96613408,1936132696320.0,0.0,False,1936132696320.0,845657160224.0,1118783264640.0,949806414048.0,1880483373312.0,3701742727520.0,MISSING
transfer_fixed_five,B3-rank0-q8-r32-K4,a090ea4c0aa58921cf4904fed6f6f74fac8d2e12f031736c8c94aa80754f295b,0.005693088968920841,6.247566909536482e-05,True,4.417696927649928e-05,3.5948699160792685e-06,1.47140967604679,0.003981444846545757,0.004022026945906177,1196991,1172958,2369949,83370510287.4375,1069405323.7794923,True,83370510287.4375,18965516872.5,27390907750.21875,12618793450.5,41035296630.46875,159903051161.71875,MISSING
transfer_fixed_five,B2-rank3-q1-r4-K2,215212e37d35f0277d90e0dfb354ff27c6334677ddc57b31f4e702fb709a928b,0.005750223662429702,0.005256376547101335,True,0.0037168195009252836,0.00026014045149713727,1.0620308450250202,0.0003492026441181033,0.0038058816935462496,81063290,682447,81745737,510300317776.78125,3262592462.480377,False,510300317776.78125,210835028494.40625,273889091818.5,221722538841.09375,458997204146.4375,972033449558.4375,MISSING
transfer_fixed_five,B2-rank3-q1-r8-K2,1e063a21340c2fb397fe431779fa0bb1d2fba619b736361014296303c8f0e3e9,0.005750223662429702,0.005256157396431461,True,0.0037166645380005137,0.0002610609785499429,1.0307583312111528,0.0003493576070428732,0.003804961166493444,76291879,643159,76935038,511654065999.0625,5129110186.887129,False,511654065999.0625,206866296082.3125,269440928395.625,215278661643.625,450418584190.9375,976834560606.25,MISSING
transfer_fixed_five,B0-rank6-q1-r0-K0,d9ae4b8645a032031fc003c9e7268010e6a5c5734c6da898043c748bd900aa64,0.005750223662429702,0.009976267821590988,False,0.007054286627580134,0.0006265786540605722,1.0,-0.0029882644825367467,0.0034394434909828147,MISSING,740848,MISSING,MISSING,MISSING,False,MISSING,MISSING,MISSING,MISSING,MISSING,MISSING,NONPOSITIVE_AXIS_HEADROOM_OR_STRICT_BOUNDARY
transfer_fixed_five,B1-rank12-q1-r0-K0,9a24146ac2b7dfd129fa7d49aa2d50772fc647424d2ab958638482cfac139529,0.005750223662429702,0.005265778433252583,True,0.0037234676383787746,0.0002615994585534187,1.0,0.0003425545066646123,0.003804422686489968,74687108,605519,75292627,1508864245080.0,0.0,False,1508864245080.0,659036364131.0,871888620660.0,740201816037.0,1465495691928.0,2884837003505.0,MISSING
transfer_fixed_five,B3-rank0-q8-r32-K4,a090ea4c0aa58921cf4904fed6f6f74fac8d2e12f031736c8c94aa80754f295b,0.005750223662429702,6.247566909536482e-05,True,4.417696927649928e-05,3.5948699160792685e-06,1.47140967604679,0.004021845175766888,0.004062427275127308,1173064,1149744,2322808,81712175350.5,1048133627.0601583,True,81712175350.5,18588271020.0,26846071223.25,12367791196.0,40219057581.25,156722396331.25,MISSING
transfer_fixed_five,B2-rank3-q1-r4-K2,215212e37d35f0277d90e0dfb354ff27c6334677ddc57b31f4e702fb709a928b,0.0058079317482077125,0.005256376547101335,True,0.0037168195009252836,0.00026014045149713727,1.0620308450250202,0.00039000842290102915,0.0038466874723291754,64987720,668045,65655765,409858164755.15625,2620418040.9723744,False,409858164755.15625,169336476648.28125,219979640632.5,178081003849.21875,368653016989.6875,780708598129.6875,MISSING
transfer_fixed_five,B2-rank3-q1-r8-K2,1e063a21340c2fb397fe431779fa0bb1d2fba619b736361014296303c8f0e3e9,0.0058079317482077125,0.005256157396431461,True,0.0037166645380005137,0.0002610609785499429,1.0307583312111528,0.00039016338582579906,0.00384576694527637,61168199,629583,61797782,410984218010.3125,4119938605.648444,False,410984218010.3125,166164579894.5625,216427419648.125,172921781120.125,361797045899.6875,784638713331.25,MISSING
transfer_fixed_five,B0-rank6-q1-r0-K0,d9ae4b8645a032031fc003c9e7268010e6a5c5734c6da898043c748bd900aa64,0.0058079317482077125,0.009976267821590988,False,0.007054286627580134,0.0006265786540605722,1.0,-0.002947458703753821,0.0034802492697657405,MISSING,723577,MISSING,MISSING,MISSING,False,MISSING,MISSING,MISSING,MISSING,MISSING,MISSING,NONPOSITIVE_AXIS_HEADROOM_OR_STRICT_BOUNDARY
transfer_fixed_five,B1-rank12-q1-r0-K0,9a24146ac2b7dfd129fa7d49aa2d50772fc647424d2ab958638482cfac139529,0.0058079317482077125,0.005265778433252583,True,0.0037234676383787746,0.0002615994585534187,1.0,0.0003833602854475381,0.003845228465272894,59633565,592736,60226301,1206935072040.0,0.0,False,1206935072040.0,527160812653.0,697420565580.0,592084765131.0,1172244722664.0,2307570722815.0,MISSING
transfer_fixed_five,B3-rank0-q8-r32-K4,a090ea4c0aa58921cf4904fed6f6f74fac8d2e12f031736c8c94aa80754f295b,0.0058079317482077125,6.247566909536482e-05,True,4.417696927649928e-05,3.5948699160792685e-06,1.47140967604679,0.0040626509545498134,0.0041032330539102334,1149618,1126990,2276608,80086943088.0,1027286543.026446,True,80086943088.0,18218555520.0,26312110392.0,12121799296.0,39419111800.0,153605231800.0,MISSING
transfer_fixed_five,B2-rank3-q1-r4-K2,215212e37d35f0277d90e0dfb354ff27c6334677ddc57b31f4e702fb709a928b,0.0058662189807041215,0.005256376547101335,True,0.0037168195009252836,0.00026014045149713727,1.0620308450250202,0.0004312237202558373,0.0038879027696839836,53158656,653956,53812612,335926912054.125,2147740405.075571,False,335926912054.125,138791134568.625,180299156506.0,145958301829.375,302154453091.75,639882406003.75,MISSING
transfer_fixed_five,B2-rank3-q1-r8-K2,1e063a21340c2fb397fe431779fa0bb1d2fba619b736361014296303c8f0e3e9,0.0058662189807041215,0.005256157396431461,True,0.0037166645380005137,0.0002610609785499429,1.0307583312111528,0.0004313786831806072,0.003886982242631178,50038163,616303,50654466,336875943180.9375,3377035279.711277,False,336875943180.9375,136201944313.6875,177401437644.375,141740693580.375,296558154149.0625,643153422993.75,MISSING
transfer_fixed_five,B0-rank6-q1-r0-K0,d9ae4b8645a032031fc003c9e7268010e6a5c5734c6da898043c748bd900aa64,0.0058662189807041215,0.009976267821590988,False,0.007054286627580134,0.0006265786540605722,1.0,-0.0029062434063990127,0.0035214645671205486,MISSING,706738,MISSING,MISSING,MISSING,False,MISSING,MISSING,MISSING,MISSING,MISSING,MISSING,NONPOSITIVE_AXIS_HEADROOM_OR_STRICT_BOUNDARY
transfer_fixed_five,B1-rank12-q1-r0-K0,9a24146ac2b7dfd129fa7d49aa2d50772fc647424d2ab958638482cfac139529,0.0058662189807041215,0.005265778433252583,True,0.0037234676383787746,0.0002615994585534187,1.0,0.00042457558280234627,0.003886443762627702,48617764,580231,49197995,985927819800.0,0.0,False,985927819800.0,430630050235.0,569712782100.0,483665488845.0,957589774680.0,1885021178425.0,MISSING
transfer_fixed_five,B3-rank0-q8-r32-K4,a090ea4c0aa58921cf4904fed6f6f74fac8d2e12f031736c8c94aa80754f295b,0.0058662189807041215,6.247566909536482e-05,True,4.417696927649928e-05,3.5948699160792685e-06,1.47140967604679,0.004103866251904622,0.004144448351265042,1126642,1104686,2231328,78494074758.0,1006854595.7310672,True,78494074758.0,17856202320.0,25788782547.0,11880705936.0,38635095675.0,150550140675.0,MISSING
transfer_fixed_five,B2-rank3-q1-r4-K2,215212e37d35f0277d90e0dfb354ff27c6334677ddc57b31f4e702fb709a928b,0.005925091172118675,0.005256376547101335,True,0.0037168195009252836,0.00026014045149713727,1.0620308450250202,0.00047285264602838026,0.0039295316954565266,44210724,640174,44850898,279983132355.5625,1790065233.0075173,False,279983132355.5625,115677473894.8125,150272933749.0,121651052872.1875,251834989088.875,533319224936.875,MISSING
transfer_fixed_five,B2-rank3-q1-r8-K2,1e063a21340c2fb397fe431779fa0bb1d2fba619b736361014296303c8f0e3e9,0.005925091172118675,0.005256157396431461,True,0.0037166645380005137,0.0002610609785499429,1.0307583312111528,0.0004730076089531502,0.003928611168403721,41618121,603311,42221432,280792314096.25,2814821212.880433,False,280792314096.25,113526833549.25,147867371382.5,118143483254.5,247186693063.75,536080244425.0,MISSING
transfer_fixed_five,B0-rank6-q1-r0-K0,d9ae4b8645a032031fc003c9e7268010e6a5c5734c6da898043c748bd900aa64,0.005925091172118675,0.009976267821590988,False,0.007054286627580134,0.0006265786540605722,1.0,-0.0028646144806264697,0.0035630934928930916,MISSING,690321,MISSING,MISSING,MISSING,False,MISSING,MISSING,MISSING,MISSING,MISSING,MISSING,NONPOSITIVE_AXIS_HEADROOM_OR_STRICT_BOUNDARY
transfer_fixed_five,B1-rank12-q1-r0-K0,9a24146ac2b7dfd129fa7d49aa2d50772fc647424d2ab958638482cfac139529,0.005925091172118675,0.005265778433252583,True,0.0037234676383787746,0.0002615994585534187,1.0,0.00046620450857488924,0.003928072688400245,40322929,567997,40890926,819454157040.0,0.0,False,819454157040.0,357918275278.0,473516923080.0,401998693506.0,795900983664.0,1566735829690.0,MISSING
transfer_fixed_five,B3-rank0-q8-r32-K4,a090ea4c0aa58921cf4904fed6f6f74fac8d2e12f031736c8c94aa80754f295b,0.005925091172118675,6.247566909536482e-05,True,4.417696927649928e-05,3.5948699160792685e-06,1.47140967604679,0.0041454951776771646,0.004186077277037585,1104128,1082824,2186952,76933007509.5,986830565.4046599,True,76933007509.5,17501083380.0,25275902766.75,11644425924.0,37866732168.75,147556043418.75,MISSING
transfer_fixed_five,B2-rank3-q1-r4-K2,215212e37d35f0277d90e0dfb354ff27c6334677ddc57b31f4e702fb709a928b,0.005984554192981184,0.005256376547101335,True,0.0037168195009252836,0.00026014045149713727,1.0620308450250202,0.0005148993513100983,0.003971578400738245,37285038,626691,37911729,236665153024.03125,1513112803.3624399,False,236665153024.03125,97780272798.65625,127023248014.5,102829641204.84375,212871988851.9375,450806000055.9375,MISSING
transfer_fixed_five,B2-rank3-q1-r8-K2,1e063a21340c2fb397fe431779fa0bb1d2fba619b736361014296303c8f0e3e9,0.005984554192981184,0.005256157396431461,True,0.0037166645380005137,0.0002610609785499429,1.0307583312111528,0.0005150543142348682,0.003970657873685439,35100448,590601,35691049,237362206029.21875,2379453208.388455,False,237362206029.21875,95967654034.59375,124996745669.6875,99870247173.6875,208954361715.78125,453164787771.875,MISSING
transfer_fixed_five,B0-rank6-q1-r0-K0,d9ae4b8645a032031fc003c9e7268010e6a5c5734c6da898043c748bd900aa64,0.005984554192981184,0.009976267821590988,False,0.007054286627580134,0.0006265786540605722,1.0,-0.0028225677753447517,0.0036051401981748096,MISSING,674312,MISSING,MISSING,MISSING,False,MISSING,MISSING,MISSING,MISSING,MISSING,MISSING,NONPOSITIVE_AXIS_HEADROOM_OR_STRICT_BOUNDARY
transfer_fixed_five,B1-rank12-q1-r0-K0,9a24146ac2b7dfd129fa7d49aa2d50772fc647424d2ab958638482cfac139529,0.005984554192981184,0.005265778433252583,True,0.0037234676383787746,0.0002615994585534187,1.0,0.0005082512138566073,0.003970119393681963,33927211,556030,34483241,691044149640.0,0.0,False,691044149640.0,301831808473.0,399315930780.0,339004742271.0,671181802824.0,1321225378915.0,MISSING
transfer_fixed_five,B3-rank0-q8-r32-K4,a090ea4c0aa58921cf4904fed6f6f74fac8d2e12f031736c8c94aa80754f295b,0.005984554192981184,6.247566909536482e-05,True,4.417696927649928e-05,3.5948699160792685e-06,1.47140967604679,0.004187541882958883,0.004228123982319303,1082067,1061395,2143462,75403108135.125,967206329.8066913,True,75403108135.125,17153054655.0,24773263014.5625,11412863419.0,37113709614.0625,144621725551.5625,MISSING
transfer_fixed_five,B2-rank3-q1-r4-K2,215212e37d35f0277d90e0dfb354ff27c6334677ddc57b31f4e702fb709a928b,0.006044613972736912,0.005256376547101335,True,0.0037168195009252836,0.00026014045149713727,1.0620308450250202,0.0005573680288519433,0.00401404707828009,31819633,613500,32433133,202464846287.90625,1294453987.9850075,False,202464846287.90625,83650117684.03125,108667212116.5,87969805585.46875,182110014724.1875,385660357432.1875,MISSING
transfer_fixed_five,B2-rank3-q1-r8-K2,1e063a21340c2fb397fe431779fa0bb1d2fba619b736361014296303c8f0e3e9,0.006044613972736912,0.005256157396431461,True,0.0037166645380005137,0.0002610609785499429,1.0307583312111528,0.0005575229917767132,0.004013126551227284,29956644,578167,30534811,203070806342.65625,2035696793.3748622,False,203070806342.65625,82103335714.78125,106938633399.0625,85442126455.0625,178767005212.34375,387696678415.625,MISSING
transfer_fixed_five,B0-rank6-q1-r0-K0,d9ae4b8645a032031fc003c9e7268010e6a5c5734c6da898043c748bd900aa64,0.006044613972736912,0.009976267821590988,False,0.007054286627580134,0.0006265786540605722,1.0,-0.0027800990978029067,0.0036476088757166547,MISSING,658702,MISSING,MISSING,MISSING,False,MISSING,MISSING,MISSING,MISSING,MISSING,MISSING,NONPOSITIVE_AXIS_HEADROOM_OR_STRICT_BOUNDARY
transfer_fixed_five,B1-rank12-q1-r0-K0,9a24146ac2b7dfd129fa7d49aa2d50772fc647424d2ab958638482cfac139529,0.006044613972736912,0.005265778433252583,True,0.0037234676383787746,0.0002615994585534187,1.0,0.0005507198913984523,0.004012588071223808,28896383,544322,29440705,589991728200.0,0.0,False,589991728200.0,257694490865.0,340923363900.0,289431570855.0,573033882120.0,1128020612075.0,MISSING
transfer_fixed_five,B3-rank0-q8-r32-K4,a090ea4c0aa58921cf4904fed6f6f74fac8d2e12f031736c8c94aa80754f295b,0.006044613972736912,6.247566909536482e-05,True,4.417696927649928e-05,3.5948699160792685e-06,1.47140967604679,0.004230010560500728,0.004270592659861148,1060448,1040390,2100838,73903673071.125,947972864.2254585,True,73903673071.125,16811956095.0,24280632138.5625,11185911931.0,36375681714.0625,141745837651.5625,MISSING
transfer_fixed_five,B2-rank3-q1-r4-K2,215212e37d35f0277d90e0dfb354ff27c6334677ddc57b31f4e702fb709a928b,0.00610527650033784,0.005256376547101335,True,0.0037168195009252836,0.00026014045149713727,1.0620308450250202,0.0006002629134824761,0.0040569419629106224,27434450,600595,28035045,175009644507.65625,1118919834.3431435,False,175009644507.65625,72306761530.78125,93931418272.5,76040679086.71875,157415025484.6875,333362967904.6875,MISSING
transfer_fixed_five,B2-rank3-q1-r8-K2,1e063a21340c2fb397fe431779fa0bb1d2fba619b736361014296303c8f0e3e9,0.00610527650033784,0.005256157396431461,True,0.0037166645380005137,0.0002610609785499429,1.0307583312111528,0.000600417876407246,0.004056021435857817,25829232,566003,26395235,175540685516.40625,1759719267.6213365,False,175540685516.40625,70972662659.53125,92441062076.5625,73858816636.5625,154531728158.59375,335136999390.625,MISSING
transfer_fixed_five,B0-rank6-q1-r0-K0,d9ae4b8645a032031fc003c9e7268010e6a5c5734c6da898043c748bd900aa64,0.00610527650033784,0.009976267821590988,False,0.007054286627580134,0.0006265786540605722,1.0,-0.002737204213172374,0.0036905037603471875,MISSING,643479,MISSING,MISSING,MISSING,False,MISSING,MISSING,MISSING,MISSING,MISSING,MISSING,NONPOSITIVE_AXIS_HEADROOM_OR_STRICT_BOUNDARY
transfer_fixed_five,B1-rank12-q1-r0-K0,9a24146ac2b7dfd129fa7d49aa2d50772fc647424d2ab958638482cfac139529,0.00610527650033784,0.005265778433252583,True,0.0037234676383787746,0.0002615994585534187,1.0,0.0005936147760289851,0.004055482955854341,24871135,532869,25404004,509096240160.0,0.0,False,509096240160.0,222361247012.0,294178366320.0,249746763324.0,494463533856.0,973354413260.0,MISSING
transfer_fixed_five,B3-rank0-q8-r32-K4,a090ea4c0aa58921cf4904fed6f6f74fac8d2e12f031736c8c94aa80754f295b,0.00610527650033784,6.247566909536482e-05,True,4.417696927649928e-05,3.5948699160792685e-06,1.47140967604679,0.00427290544513126,0.0043134875444916804,1039264,1019801,2059065,72434174644.6875,929123400.1271843,True,72434174644.6875,16477667662.5,23797836774.84375,10963491592.5,35652388746.09375,138927367652.34375,MISSING
transfer_fixed_five,B2-rank3-q1-r4-K2,215212e37d35f0277d90e0dfb354ff27c6334677ddc57b31f4e702fb709a928b,0.006166547824839868,0.005256376547101335,True,0.0037168195009252836,0.00026014045149713727,1.0620308450250202,0.0006435882825301413,0.004100267331958288,23865087,587970,24453057,152648972480.53125,975957430.6951692,False,152648972480.53125,63068254793.15625,81929967478.5,66325096322.34375,137302386738.9375,290769772470.9375,MISSING
transfer_fixed_five,B2-rank3-q1-r8-K2,1e063a21340c2fb397fe431779fa0bb1d2fba619b736361014296303c8f0e3e9,0.006166547824839868,0.005256157396431461,True,0.0037166645380005137,0.0002610609785499429,1.0307583312111528,0.0006437432454549112,0.004099346804905482,22469497,554102,23023599,153117725662.03125,1534938816.4298341,False,153117725662.03125,61906860273.65625,80632960622.8125,64424346926.8125,134792379832.96875,292327758553.125,MISSING
transfer_fixed_five,B0-rank6-q1-r0-K0,d9ae4b8645a032031fc003c9e7268010e6a5c5734c6da898043c748bd900aa64,0.006166547824839868,0.009976267821590988,False,0.007054286627580134,0.0006265786540605722,1.0,-0.0026938788441247087,0.0037338291293948526,MISSING,628632,MISSING,MISSING,MISSING,False,MISSING,MISSING,MISSING,MISSING,MISSING,MISSING,NONPOSITIVE_AXIS_HEADROOM_OR_STRICT_BOUNDARY
transfer_fixed_five,B1-rank12-q1-r0-K0,9a24146ac2b7dfd129fa7d49aa2d50772fc647424d2ab958638482cfac139529,0.006166547824839868,0.005265778433252583,True,0.0037234676383787746,0.0002615994585534187,1.0,0.0006369401450766502,0.004098808324902006,21602687,521663,22124350,443371974000.0,0.0,False,443371974000.0,193654435550.0,256199973000.0,217504484850.0,430628348400.0,847694470250.0,MISSING
transfer_fixed_five,B3-rank0-q8-r32-K4,a090ea4c0aa58921cf4904fed6f6f74fac8d2e12f031736c8c94aa80754f295b,0.006166547824839868,6.247566909536482e-05,True,4.417696927649928e-05,3.5948699160792685e-06,1.47140967604679,0.0043162308141789256,0.004356812913539346,1018505,999619,2018124,70993944470.25,910649364.035751,True,70993944470.25,16150037310.0,23324657329.125,10745501238.0,34943501728.125,136165033603.125,MISSING
transfer_fixed_five,B2-rank3-q1-r4-K2,215212e37d35f0277d90e0dfb354ff27c6334677ddc57b31f4e702fb709a928b,0.006228434056005994,0.005256376547101335,True,0.0037168195009252836,0.00026014045149713727,1.0620308450250202,0.000687348456249787,0.004144027505677933,20923068,575618,21498686,134206219188.9375,858044143.596533,False,134206219188.9375,55448470363.6875,72031347443.0,58311826605.3125,120713778222.125,255639531558.125,MISSING
transfer_fixed_five,B2-rank3-q1-r8-K2,1e063a21340c2fb397fe431779fa0bb1d2fba619b736361014296303c8f0e3e9,0.006228434056005994,0.005256157396431461,True,0.0037166645380005137,0.0002610609785499429,1.0307583312111528,0.0006875034191745569,0.004143106978625128,19700126,542459,20242585,134622678961.71875,1349533991.683069,False,134622678961.71875,54429148161.09375,70893328154.6875,56642548314.6875,118510846463.28125,257017571421.875,MISSING
transfer_fixed_five,B0-rank6-q1-r0-K0,d9ae4b8645a032031fc003c9e7268010e6a5c5734c6da898043c748bd900aa64,0.006228434056005994,0.009976267821590988,False,0.007054286627580134,0.0006265786540605722,1.0,-0.002650118670405063,0.0037775893031144984,MISSING,614152,MISSING,MISSING,MISSING,False,MISSING,MISSING,MISSING,MISSING,MISSING,MISSING,NONPOSITIVE_AXIS_HEADROOM_OR_STRICT_BOUNDARY
transfer_fixed_five,B1-rank12-q1-r0-K0,9a24146ac2b7dfd129fa7d49aa2d50772fc647424d2ab958638482cfac139529,0.006228434056005994,0.005265778433252583,True,0.0037234676383787746,0.0002615994585534187,1.0,0.000680700318796296,0.004142568498621652,18914424,510700,19425124,389279484960.0,0.0,False,389279484960.0,170028110372.0,224942935920.0,190968394044.0,378090613536.0,744273626060.0,MISSING
transfer_fixed_five,B3-rank0-q8-r32-K4,a090ea4c0aa58921cf4904fed6f6f74fac8d2e12f031736c8c94aa80754f295b,0.006228434056005994,6.247566909536482e-05,True,4.417696927649928e-05,3.5948699160792685e-06,1.47140967604679,0.004359990987898571,0.004400573087258991,998163,979837,1978000,69582454875.0,892543987.4173815,True,69582454875.0,15828945000.0,22860920437.5,10531861000.0,34248760937.5,133457823437.5,MISSING
transfer_fixed_five,B2-rank3-q1-r4-K2,215212e37d35f0277d90e0dfb354ff27c6334677ddc57b31f4e702fb709a928b,0.006290941364915573,0.005256376547101335,True,0.0037168195009252836,0.00026014045149713727,1.0620308450250202,0.0007315477982534728,0.004188226847681619,18471147,563533,19034680,118824584733.75,759702044.0799987,False,118824584733.75,49093413888.75,63775695340.0,51628595331.25,106878538532.5,226340190212.5,MISSING
transfer_fixed_five,B2-rank3-q1-r8-K2,1e063a21340c2fb397fe431779fa0bb1d2fba619b736361014296303c8f0e3e9,0.006290941364915573,0.005256157396431461,True,0.0037166645380005137,0.0002610609785499429,1.0307583312111528,0.0007317027611782427,0.0041873063206288134,17391993,531067,17923060,119196750434.375,1194895746.0213282,False,119196750434.375,48192307861.875,62769916693.75,50152082453.75,104931114865.625,227566852437.5,MISSING
transfer_fixed_five,B0-rank6-q1-r0-K0,d9ae4b8645a032031fc003c9e7268010e6a5c5734c6da898043c748bd900aa64,0.006290941364915573,0.009976267821590988,False,0.007054286627580134,0.0006265786540605722,1.0,-0.002605919328401377,0.003821788645118184,MISSING,600029,MISSING,MISSING,MISSING,False,MISSING,MISSING,MISSING,MISSING,MISSING,MISSING,NONPOSITIVE_AXIS_HEADROOM_OR_STRICT_BOUNDARY
transfer_fixed_five,B1-rank12-q1-r0-K0,9a24146ac2b7dfd129fa7d49aa2d50772fc647424d2ab958638482cfac139529,0.006290941364915573,0.005265778433252583,True,0.0037234676383787746,0.0002615994585534187,1.0,0.0007248996607999818,0.004186767840625338,16678202,499974,17178176,344250647040.0,0.0,False,344250647040.0,150360574528.0,198923278080.0,168878648256.0,334356017664.0,658181813440.0,MISSING
transfer_fixed_five,B3-rank0-q8-r32-K4,a090ea4c0aa58921cf4904fed6f6f74fac8d2e12f031736c8c94aa80754f295b,0.006290941364915573,6.247566909536482e-05,True,4.417696927649928e-05,3.5948699160792685e-06,1.47140967604679,0.004404190329902257,0.004444772429262677,978228,960447,1938675,68199072651.5625,874799148.031543,True,68199072651.5625,15514246687.5,22406418063.28125,10322475037.5,33567854707.03125,130804522675.78125,MISSING
transfer_fixed_five,B2-rank3-q1-r4-K2,215212e37d35f0277d90e0dfb354ff27c6334677ddc57b31f4e702fb709a928b,0.0063540759845796685,0.005256376547101335,True,0.0037168195009252836,0.00026014045149713727,1.0620308450250202,0.0007761907159455879,0.004232869765373734,16407499,551709,16959208,105868385915.25,676866907.327986,False,105868385915.25,43740447308.25,56821826404.0,45999201823.75,95224892969.5,201660882377.5,MISSING
transfer_fixed_five,B2-rank3-q1-r8-K2,1e063a21340c2fb397fe431779fa0bb1d2fba619b736361014296303c8f0e3e9,0.0063540759845796685,0.005256157396431461,True,0.0037166645380005137,0.0002610609785499429,1.0307583312111528,0.0007763456788703578,0.004231949238320929,15449287,519922,15969209,106202725416.71875,1064636278.706064,False,106202725416.71875,42938707812.09375,55927164144.6875,44684841008.6875,93492233128.28125,202759050521.875,MISSING
transfer_fixed_five,B0-rank6-q1-r0-K0,d9ae4b8645a032031fc003c9e7268010e6a5c5734c6da898043c748bd900aa64,0.0063540759845796685,0.009976267821590988,False,0.007054286627580134,0.0006265786540605722,1.0,-0.002561276410709262,0.0038664315628102993,MISSING,586253,MISSING,MISSING,MISSING,False,MISSING,MISSING,MISSING,MISSING,MISSING,MISSING,NONPOSITIVE_AXIS_HEADROOM_OR_STRICT_BOUNDARY
transfer_fixed_five,B1-rank12-q1-r0-K0,9a24146ac2b7dfd129fa7d49aa2d50772fc647424d2ab958638482cfac139529,0.0063540759845796685,0.005265778433252583,True,0.0037234676383787746,0.0002615994585534187,1.0,0.0007695425784920969,0.004231410758317453,14799250,489480,15288730,306386149200.0,0.0,False,306386149200.0,133822253690.0,177043493400.0,150303504630.0,297579840720.0,585787689950.0,MISSING
transfer_fixed_five,B3-rank0-q8-r32-K4,a090ea4c0aa58921cf4904fed6f6f74fac8d2e12f031736c8c94aa80754f295b,0.0063540759845796685,6.247566909536482e-05,True,4.417696927649928e-05,3.5948699160792685e-06,1.47140967604679,0.004448833247594372,0.004489415346954792,958694,941441,1900135,66843305305.3125,857408528.5800436,True,66843305305.3125,15205830337.5,21960988400.15625,10117268807.5,32900540628.90625,128204186722.65625,MISSING
transfer_fixed_five,B2-rank3-q1-r4-K2,215212e37d35f0277d90e0dfb354ff27c6334677ddc57b31f4e702fb709a928b,0.006417844210562581,0.005256376547101335,True,0.0037168195009252836,0.00026014045149713727,1.0620308450250202,0.0008212816609623422,0.0042779607103904885,14655311,540140,15195451,94858077725.34375,606472774.1899239,False,94858077725.34375,39191442418.21875,50912358575.5,41215286548.28125,85321507649.3125,180688158125.3125,MISSING
transfer_fixed_five,B2-rank3-q1-r8-K2,1e063a21340c2fb397fe431779fa0bb1d2fba619b736361014296303c8f0e3e9,0.006417844210562581,0.005256157396431461,True,0.0037166645380005137,0.0002610609785499429,1.0307583312111528,0.0008214366238871122,0.004277040183337683,13799731,509017,14308748,95159881425.625,953936555.2584876,False,95159881425.625,38473987630.125,50111918386.25,40038559794.25,83771012314.375,181676384762.5,MISSING
transfer_fixed_five,B0-rank6-q1-r0-K0,d9ae4b8645a032031fc003c9e7268010e6a5c5734c6da898043c748bd900aa64,0.006417844210562581,0.009976267821590988,False,0.007054286627580134,0.0006265786540605722,1.0,-0.0025161854656925078,0.003911522507827054,MISSING,572814,MISSING,MISSING,MISSING,False,MISSING,MISSING,MISSING,MISSING,MISSING,MISSING,NONPOSITIVE_AXIS_HEADROOM_OR_STRICT_BOUNDARY
transfer_fixed_five,B1-rank12-q1-r0-K0,9a24146ac2b7dfd129fa7d49aa2d50772fc647424d2ab958638482cfac139529,0.006417844210562581,0.005265778433252583,True,0.0037234676383787746,0.0002615994585534187,1.0,0.0008146335235088512,0.004276501703334207,13206279,479213,13685492,274257259680.0,0.0,False,274257259680.0,119789111476.0,158477997360.0,134542071852.0,266374416288.0,524359625980.0,MISSING
transfer_fixed_five,B3-rank0-q8-r32-K4,a090ea4c0aa58921cf4904fed6f6f74fac8d2e12f031736c8c94aa80754f295b,0.006417844210562581,6.247566909536482e-05,True,4.417696927649928e-05,3.5948699160792685e-06,1.47140967604679,0.0044939241926111265,0.0045345062919715465,939552,922810,1862362,65514519628.875,840364006.8223506,True,65514519628.875,14903551905.0,21524423411.4375,9916146469.0,32246507035.9375,125655601098.4375,MISSING
transfer_fixed_five,B2-rank3-q1-r4-K2,215212e37d35f0277d90e0dfb354ff27c6334677ddc57b31f4e702fb709a928b,0.006482252401609633,0.005256376547101335,True,0.0037168195009252836,0.00026014045149713727,1.0620308450250202,0.0008668251296156705,0.004323504179043817,13155771,528820,13684591,85426486960.96875,546172131.8718652,False,85426486960.96875,35294698406.34375,45850222145.5,37117314870.15625,76838123178.0625,162722616294.0625,MISSING
transfer_fixed_five,B2-rank3-q1-r8-K2,1e063a21340c2fb397fe431779fa0bb1d2fba619b736361014296303c8f0e3e9,0.006482252401609633,0.005256157396431461,True,0.0037166645380005137,0.0002610609785499429,1.0307583312111528,0.0008669800925404404,0.004322583651991011,12387980,498348,12886328,85700121666.25,859106564.896593,False,85700121666.25,34649322503.25,45130336842.5,36058361930.5,75443409973.75,163616095825.0,MISSING
transfer_fixed_five,B0-rank6-q1-r0-K0,d9ae4b8645a032031fc003c9e7268010e6a5c5734c6da898043c748bd900aa64,0.006482252401609633,0.009976267821590988,False,0.007054286627580134,0.0006265786540605722,1.0,-0.0024706419970391795,0.003957065976480382,MISSING,559705,MISSING,MISSING,MISSING,False,MISSING,MISSING,MISSING,MISSING,MISSING,MISSING,NONPOSITIVE_AXIS_HEADROOM_OR_STRICT_BOUNDARY
transfer_fixed_five,B1-rank12-q1-r0-K0,9a24146ac2b7dfd129fa7d49aa2d50772fc647424d2ab958638482cfac139529,0.006482252401609633,0.005265778433252583,True,0.0037234676383787746,0.0002615994585534187,1.0,0.0008601769921621795,0.004322045171987535,11844845,469166,12314011,246772780440.0,0.0,False,246772780440.0,107784538283.0,142596247380.0,121059042141.0,239679910104.0,471811331465.0,MISSING
transfer_fixed_five,B3-rank0-q8-r32-K4,a090ea4c0aa58921cf4904fed6f6f74fac8d2e12f031736c8c94aa80754f295b,0.006482252401609633,6.247566909536482e-05,True,4.417696927649928e-05,3.5948699160792685e-06,1.47140967604679,0.004539467661264455,0.004580049760624875,920794,904549,1825343,64212258305.8125,823659716.6958572,True,64212258305.8125,14607307357.5,21096572848.40625,9719038803.5,31605528835.15625,123157888678.90625,MISSING
transfer_fixed_five,B2-rank3-q1-r4-K2,215212e37d35f0277d90e0dfb354ff27c6334677ddc57b31f4e702fb709a928b,0.006547306980281227,0.005256376547101335,True,0.0037168195009252836,0.00026014045149713727,1.0620308450250202,0.000912825663341589,0.004369504712769735,11863248,517744,12380992,77288729466.0,494143580.56652975,False,77288729466.0,31932512898.0,41482513696.0,33581506270.0,69518496268.0,147221602060.0,MISSING
transfer_fixed_five,B2-rank3-q1-r8-K2,1e063a21340c2fb397fe431779fa0bb1d2fba619b736361014296303c8f0e3e9,0.006547306980281227,0.005256157396431461,True,0.0037166645380005137,0.0002610609785499429,1.0307583312111528,0.000912980626266359,0.00436858418571693,11171092,487908,11659000,77537815156.25,777282980.8560964,False,77537815156.25,31349229281.25,40832004062.5,32624068062.5,68257979843.75,148032865625.0,MISSING
transfer_fixed_five,B0-rank6-q1-r0-K0,d9ae4b8645a032031fc003c9e7268010e6a5c5734c6da898043c748bd900aa64,0.006547306980281227,0.009976267821590988,False,0.007054286627580134,0.0006265786540605722,1.0,-0.002424641463313261,0.0040030665102063,MISSING,546915,MISSING,MISSING,MISSING,False,MISSING,MISSING,MISSING,MISSING,MISSING,MISSING,NONPOSITIVE_AXIS_HEADROOM_OR_STRICT_BOUNDARY
transfer_fixed_five,B1-rank12-q1-r0-K0,9a24146ac2b7dfd129fa7d49aa2d50772fc647424d2ab958638482cfac139529,0.006547306980281227,0.005265778433252583,True,0.0037234676383787746,0.0002615994585534187,1.0,0.000906177525888098,0.004368045705713454,10672802,459337,11132139,223088065560.0,0.0,False,223088065560.0,97439612667.0,128910169620.0,109440058509.0,216675953496.0,426527905785.0,MISSING
transfer_fixed_five,B3-rank0-q8-r32-K4,a090ea4c0aa58921cf4904fed6f6f74fac8d2e12f031736c8c94aa80754f295b,0.006547306980281227,6.247566909536482e-05,True,4.417696927649928e-05,3.5948699160792685e-06,1.47140967604679,0.004585468194990373,0.004626050294350793,902412,886649,1789061,62935923306.9375,807287987.1956158,True,62935923306.9375,14316960652.5,20677240231.96875,9525855294.5,30977311674.21875,120709902455.46875,MISSING
transfer_fixed_five,B2-rank3-q1-r4-K2,215212e37d35f0277d90e0dfb354ff27c6334677ddc57b31f4e702fb709a928b,0.006613014433593292,0.005256376547101335,True,0.0037168195009252836,0.00026014045149713727,1.0620308450250202,0.0009592878491530487,0.004415966898581195,10741907,506907,11248814,70221072920.4375,448956693.2186781,False,70221072920.4375,29012448933.1875,37689151307.0,30510650347.8125,63161387559.125,133758944223.125,MISSING
transfer_fixed_five,B2-rank3-q1-r8-K2,1e063a21340c2fb397fe431779fa0bb1d2fba619b736361014296303c8f0e3e9,0.006613014433593292,0.005256157396431461,True,0.0037166645380005137,0.0002610609785499429,1.0307583312111528,0.0009594428120778186,0.004415046371528389,10115342,477693,10593035,70448648235.15625,706217155.9407289,False,70448648235.15625,28483015953.28125,37098794764.0625,29641298124.0625,62017254439.84375,134498441265.625,MISSING
transfer_fixed_five,B0-rank6-q1-r0-K0,d9ae4b8645a032031fc003c9e7268010e6a5c5734c6da898043c748bd900aa64,0.006613014433593292,0.009976267821590988,False,0.007054286627580134,0.0006265786540605722,1.0,-0.0023781792775018013,0.00404952869601776,MISSING,534437,MISSING,MISSING,MISSING,False,MISSING,MISSING,MISSING,MISSING,MISSING,MISSING,NONPOSITIVE_AXIS_HEADROOM_OR_STRICT_BOUNDARY
transfer_fixed_five,B1-rank12-q1-r0-K0,9a24146ac2b7dfd129fa7d49aa2d50772fc647424d2ab958638482cfac139529,0.006613014433593292,0.005265778433252583,True,0.0037234676383787746,0.0002615994585534187,1.0,0.0009526397116995577,0.004414507891524914,9657121,449719,10106840,202541073600.0,0.0,False,202541073600.0,88465170520.0,117037207200.0,99360344040.0,196719533760.0,387243574600.0,MISSING
transfer_fixed_five,B3-rank0-q8-r32-K4,a090ea4c0aa58921cf4904fed6f6f74fac8d2e12f031736c8c94aa80754f295b,0.006613014433593292,6.247566909536482e-05,True,4.417696927649928e-05,3.5948699160792685e-06,1.47140967604679,0.004631930380801833,0.004672512480162253,884399,869104,1753503,61685057315.8125,791242952.2590196,True,61685057315.8125,14032407757.5,20266275313.40625,9336526723.5,30361630460.15625,118310765303.90625,MISSING
transfer_fixed_five,B2-rank3-q1-r4-K2,215212e37d35f0277d90e0dfb354ff27c6334677ddc57b31f4e702fb709a928b,0.006679381313664138,0.005256376547101335,True,0.0037168195009252836,0.00026014045149713727,1.0620308450250202,0.0010062163200973383,0.004462895369525485,9763299,496302,10259601,64045879855.03125,409475749.06146044,False,64045879855.03125,26461114041.65625,34374793150.5,27827564649.84375,57607018389.9375,121996274265.9375,MISSING
transfer_fixed_five,B2-rank3-q1-r8-K2,1e063a21340c2fb397fe431779fa0bb1d2fba619b736361014296303c8f0e3e9,0.006679381313664138,0.005256157396431461,True,0.0037166645380005137,0.0002610609785499429,1.0307583312111528,0.0010063712830221082,0.004461974842472679,9193953,467697,9661650,64254501398.4375,644123519.340278,False,64254501398.4375,25978667217.1875,33836909859.375,27035108259.375,56564431851.5625,122672762343.75,MISSING
transfer_fixed_five,B0-rank6-q1-r0-K0,d9ae4b8645a032031fc003c9e7268010e6a5c5734c6da898043c748bd900aa64,0.006679381313664138,0.009976267821590988,False,0.007054286627580134,0.0006265786540605722,1.0,-0.0023312508065575117,0.00409645716696205,MISSING,522262,MISSING,MISSING,MISSING,False,MISSING,MISSING,MISSING,MISSING,MISSING,MISSING,NONPOSITIVE_AXIS_HEADROOM_OR_STRICT_BOUNDARY
transfer_fixed_five,B1-rank12-q1-r0-K0,9a24146ac2b7dfd129fa7d49aa2d50772fc647424d2ab958638482cfac139529,0.006679381313664138,0.005265778433252583,True,0.0037234676383787746,0.0002615994585534187,1.0,0.0009995681826438473,0.004461436362469203,8771628,440308,9211936,184607197440.0,0.0,False,184607197440.0,80632075808.0,106674218880.0,90562542816.0,179301122304.0,352955327840.0,MISSING
transfer_fixed_five,B3-rank0-q8-r32-K4,a090ea4c0aa58921cf4904fed6f6f74fac8d2e12f031736c8c94aa80754f295b,0.006679381313664138,6.247566909536482e-05,True,4.417696927649928e-05,3.5948699160792685e-06,1.47140967604679,0.0046788588517461226,0.004719440951106543,866747,851905,1718652,60459062303.25,775516940.8811212,True,60459062303.25,13753512630.0,19863481613.625,9150962574.0,29758190840.625,115959330215.625,MISSING
transfer_fixed_five,B2-rank3-q1-r4-K2,215212e37d35f0277d90e0dfb354ff27c6334677ddc57b31f4e702fb709a928b,0.006746414238367818,0.005256376547101335,True,0.0037168195009252836,0.00026014045149713727,1.0620308450250202,0.0010536157557180775,0.004510294805146224,8904607,485926,9390533,58620695706.65625,374789968.3682984,True,58620695706.65625,24219651877.78125,31462980816.5,25470353491.71875,52727255886.6875,111662240994.6875,MISSING
transfer_fixed_five,B2-rank3-q1-r8-K2,1e063a21340c2fb397fe431779fa0bb1d2fba619b736361014296303c8f0e3e9,0.006746414238367818,0.005256157396431461,True,0.0037166645380005137,0.0002610609785499429,1.0307583312111528,0.0010537707186428474,0.004509374278093418,8385452,457917,8843369,58812549179.21875,589570307.670503,True,58812549179.21875,23778437464.59375,30971136369.6875,24745404593.6875,51773780165.78125,112283150771.875,MISSING
transfer_fixed_five,B0-rank6-q1-r0-K0,d9ae4b8645a032031fc003c9e7268010e6a5c5734c6da898043c748bd900aa64,0.006746414238367818,0.009976267821590988,False,0.007054286627580134,0.0006265786540605722,1.0,-0.0022838513709367726,0.004143856602582789,MISSING,510383,MISSING,MISSING,MISSING,False,MISSING,MISSING,MISSING,MISSING,MISSING,MISSING,NONPOSITIVE_AXIS_HEADROOM_OR_STRICT_BOUNDARY
transfer_fixed_five,B1-rank12-q1-r0-K0,9a24146ac2b7dfd129fa7d49aa2d50772fc647424d2ab958638482cfac139529,0.006746414238367818,0.005265778433252583,True,0.0037234676383787746,0.0002615994585534187,1.0,0.0010469676182645864,0.004508835798089942,7995369,431099,8426468,168866418720.0,0.0,False,168866418720.0,73756874404.0,97578499440.0,82840606908.0,164012773152.0,322860121420.0,MISSING
transfer_fixed_five,B3-rank0-q8-r32-K4,a090ea4c0aa58921cf4904fed6f6f74fac8d2e12f031736c8c94aa80754f295b,0.006746414238367818,6.247566909536482e-05,True,4.417696927649928e-05,3.5948699160792685e-06,1.47140967604679,0.004726258287366862,0.004766840386727282,849450,835048,1684498,59257586487.375,760105440.7060689,True,59257586487.375,13480195245.0,19468743556.6875,8969109601.0,29166819667.1875,113654922479.6875,MISSING
transfer_fixed_five,B2-rank3-q1-r4-K2,215212e37d35f0277d90e0dfb354ff27c6334677ddc57b31f4e702fb709a928b,0.0068141198919940285,0.005256376547101335,True,0.0037168195009252836,0.00026014045149713727,1.0620308450250202,0.0011014908825218387,0.004558169931949985,8147371,475772,8623143,53830239650.71875,344162306.0379335,True,53830239650.71875,22240433163.09375,28891840621.5,23388928021.40625,48418408998.5625,102537254466.5625,MISSING
transfer_fixed_five,B2-rank3-q1-r8-K2,1e063a21340c2fb397fe431779fa0bb1d2fba619b736361014296303c8f0e3e9,0.0068141198919940285,0.005256157396431461,True,0.0037166645380005137,0.0002610609785499429,1.0307583312111528,0.0011016458454466086,0.004557249404897179,7672462,448346,8120808,54007179828.75,541398563.2730108,True,54007179828.75,21835583835.75,28440592267.5,22723543435.5,47543524211.25,103108884075.0,MISSING
transfer_fixed_five,B0-rank6-q1-r0-K0,d9ae4b8645a032031fc003c9e7268010e6a5c5734c6da898043c748bd900aa64,0.0068141198919940285,0.009976267821590988,False,0.007054286627580134,0.0006265786540605722,1.0,-0.0022359762441330113,0.00419173172938655,MISSING,498791,MISSING,MISSING,MISSING,False,MISSING,MISSING,MISSING,MISSING,MISSING,MISSING,NONPOSITIVE_AXIS_HEADROOM_OR_STRICT_BOUNDARY
transfer_fixed_five,B1-rank12-q1-r0-K0,9a24146ac2b7dfd129fa7d49aa2d50772fc647424d2ab958638482cfac139529,0.0068141198919940285,0.005265778433252583,True,0.0037234676383787746,0.0002615994585534187,1.0,0.0010948427450683477,0.0045567109248937036,7311417,422088,7733505,154979440200.0,0.0,False,154979440200.0,67691369265.0,89553987900.0,76028087655.0,150524941320.0,296309244075.0,MISSING
transfer_fixed_five,B3-rank0-q8-r32-K4,a090ea4c0aa58921cf4904fed6f6f74fac8d2e12f031736c8c94aa80754f295b,0.0068141198919940285,6.247566909536482e-05,True,4.417696927649928e-05,3.5948699160792685e-06,1.47140967604679,0.004774133414170623,0.004814715513531043,832498,818524,1651022,58079961482.625,744999878.2577451,True,58079961482.625,13212303555.0,19081841548.3125,8790866639.0,28587187957.8125,111396260145.3125,MISSING
transfer_fixed_five,B2-rank3-q1-r4-K2,215212e37d35f0277d90e0dfb354ff27c6334677ddc57b31f4e702fb709a928b,0.006882505025914659,0.005256376547101335,True,0.0037168195009252836,0.00026014045149713727,1.0620308450250202,0.0011498464744494662,0.0046065255238776125,7476521,465836,7942357,49580411771.15625,316991136.5840186,True,49580411771.15625,20484579696.28125,26610867128.5,21542402369.21875,44595838157.6875,94442070689.6875,MISSING
transfer_fixed_five,B2-rank3-q1-r8-K2,1e063a21340c2fb397fe431779fa0bb1d2fba619b736361014296303c8f0e3e9,0.006882505025914659,0.005256157396431461,True,0.0037166645380005137,0.0002610609785499429,1.0307583312111528,0.0011500014373742361,0.004605604996824807,7040800,438981,7479781,49744049797.34375,498662532.96430165,True,49744049797.34375,20111962393.21875,26195595520.9375,20929829696.9375,43790611607.65625,94969844384.375,MISSING
transfer_fixed_five,B0-rank6-q1-r0-K0,d9ae4b8645a032031fc003c9e7268010e6a5c5734c6da898043c748bd900aa64,0.006882505025914659,0.009976267821590988,False,0.007054286627580134,0.0006265786540605722,1.0,-0.002187620652205384,0.0042400873213141775,MISSING,487479,MISSING,MISSING,MISSING,False,MISSING,MISSING,MISSING,MISSING,MISSING,MISSING,NONPOSITIVE_AXIS_HEADROOM_OR_STRICT_BOUNDARY
transfer_fixed_five,B1-rank12-q1-r0-K0,9a24146ac2b7dfd129fa7d49aa2d50772fc647424d2ab958638482cfac139529,0.006882505025914659,0.005265778433252583,True,0.0037234676383787746,0.0002615994585534187,1.0,0.0011431983369959752,0.004605066516821331,6705974,413270,7119244,142669649760.0,0.0,False,142669649760.0,62314742732.0,82440845520.0,69989287764.0,138568965216.0,272773833860.0,MISSING
transfer_fixed_five,B3-rank0-q8-r32-K4,a090ea4c0aa58921cf4904fed6f6f74fac8d2e12f031736c8c94aa80754f295b,0.006882505025914659,6.247566909536482e-05,True,4.417696927649928e-05,3.5948699160792685e-06,1.47140967604679,0.0048224890060982505,0.0048630711054586705,815887,802327,1618214,56925835507.125,730195741.1802986,True,56925835507.125,12949757535.0,18702660012.5625,8616180443.0,28019122564.0625,109182668501.5625,MISSING
transfer_fixed_five,B2-rank3-q1-r4-K2,215212e37d35f0277d90e0dfb354ff27c6334677ddc57b31f4e702fb709a928b,0.006951576459257,0.005256376547101335,True,0.0037168195009252836,0.00026014045149713727,1.0620308450250202,0.00119868735335211,0.004655366402780256,6879668,456113,7335781,45793842135.65625,292781797.257596,True,45793842135.65625,18920125414.78125,24578534240.5,19897159746.71875,41189951828.6875,87229313384.6875,MISSING
transfer_fixed_five,B2-rank3-q1-r8-K2,1e063a21340c2fb397fe431779fa0bb1d2fba619b736361014296303c8f0e3e9,0.006951576459257,0.005256157396431461,True,0.0037166645380005137,0.0002610609785499429,1.0307583312111528,0.00119884231627688,0.004654445875727451,6478801,429817,6908618,45945548114.6875,460584200.4147939,True,45945548114.6875,18576194330.4375,24195275601.875,19331608529.875,40446719975.3125,87717859168.75,MISSING
transfer_fixed_five,B0-rank6-q1-r0-K0,d9ae4b8645a032031fc003c9e7268010e6a5c5734c6da898043c748bd900aa64,0.006951576459257,0.009976267821590988,False,0.007054286627580134,0.0006265786540605722,1.0,-0.00213877977330274,0.004288928200216821,MISSING,476440,MISSING,MISSING,MISSING,False,MISSING,MISSING,MISSING,MISSING,MISSING,MISSING,NONPOSITIVE_AXIS_HEADROOM_OR_STRICT_BOUNDARY
transfer_fixed_five,B1-rank12-q1-r0-K0,9a24146ac2b7dfd129fa7d49aa2d50772fc647424d2ab958638482cfac139529,0.006951576459257,0.005265778433252583,True,0.0037234676383787746,0.0002615994585534187,1.0,0.001192039215898619,0.004653907395723975,6167710,404641,6572351,131709914040.0,0.0,False,131709914040.0,57527788303.0,76107824580.0,64612782681.0,127924239864.0,251819628565.0,MISSING
transfer_fixed_five,B3-rank0-q8-r32-K4,a090ea4c0aa58921cf4904fed6f6f74fac8d2e12f031736c8c94aa80754f295b,0.006951576459257,6.247566909536482e-05,True,4.417696927649928e-05,3.5948699160792685e-06,1.47140967604679,0.004871329885000894,0.004911911984361314,799609,786450,1586059,55794680888.0625,715686260.9399519,True,55794680888.0625,12692437147.5,18331025585.53125,8444971145.5,27462363763.28125,107013135482.03125,MISSING
transfer_fixed_five,B2-rank3-q1-r4-K2,215212e37d35f0277d90e0dfb354ff27c6334677ddc57b31f4e702fb709a928b,0.007021341079583731,0.005256376547101335,True,0.0037168195009252836,0.00026014045149713727,1.0620308450250202,0.0012480183894720467,0.004704697438900193,6346545,446598,6793143,42406407463.21875,271124317.44729805,True,42406407463.21875,17520577225.59375,22760425621.5,18425338958.90625,38143073373.5625,80776838841.5625,MISSING
transfer_fixed_five,B2-rank3-q1-r8-K2,1e063a21340c2fb397fe431779fa0bb1d2fba619b736361014296303c8f0e3e9,0.007021341079583731,0.005256157396431461,True,0.0037166645380005137,0.0002610609785499429,1.0307583312111528,0.0012481733523968166,0.004703776911847387,5976803,420849,6397652,42547384699.375,426519085.4309946,True,42547384699.375,17202286594.875,22405776863.75,17901829855.75,37455253560.625,81230187737.5,MISSING
transfer_fixed_five,B0-rank6-q1-r0-K0,d9ae4b8645a032031fc003c9e7268010e6a5c5734c6da898043c748bd900aa64,0.007021341079583731,0.009976267821590988,False,0.007054286627580134,0.0006265786540605722,1.0,-0.0020894487371828033,0.004338259236336758,MISSING,465666,MISSING,MISSING,MISSING,False,MISSING,MISSING,MISSING,MISSING,MISSING,MISSING,NONPOSITIVE_AXIS_HEADROOM_OR_STRICT_BOUNDARY
transfer_fixed_five,B1-rank12-q1-r0-K0,9a24146ac2b7dfd129fa7d49aa2d50772fc647424d2ab958638482cfac139529,0.007021341079583731,0.005265778433252583,True,0.0037234676383787746,0.0002615994585534187,1.0,0.0012413702520185557,0.0047032384318439115,5687251,396197,6083448,121912297920.0,0.0,False,121912297920.0,53248420344.0,70446327840.0,59806377288.0,118408231872.0,233087310120.0,MISSING
transfer_fixed_five,B3-rank0-q8-r32-K4,a090ea4c0aa58921cf4904fed6f6f74fac8d2e12f031736c8c94aa80754f295b,0.007021341079583731,6.247566909536482e-05,True,4.417696927649928e-05,3.5948699160792685e-06,1.47140967604679,0.004920660921120831,0.004961243020481251,783656,770888,1554544,54686040309.0,701465571.474098,True,54686040309.0,12440238360.0,17966788018.5,8277169528.0,26916686462.5,104886783962.5,MISSING
transfer_fixed_five,B2-rank3-q1-r4-K2,215212e37d35f0277d90e0dfb354ff27c6334677ddc57b31f4e702fb709a928b,0.007091805843579723,0.005256376547101335,True,0.0037168195009252836,0.00026014045149713727,1.0620308450250202,0.001297844501928322,0.004754523551356468,5868593,437286,6305879,39364646716.21875,251676895.3311082,True,39364646716.21875,16263847234.59375,21127847589.5,17103711493.90625,35407116467.5625,74982813071.5625,MISSING
transfer_fixed_five,B2-rank3-q1-r8-K2,1e063a21340c2fb397fe431779fa0bb1d2fba619b736361014296303c8f0e3e9,0.007091805843579723,0.005256157396431461,True,0.0037166645380005137,0.0002610609785499429,1.0307583312111528,0.001297999464853092,0.004753603024303663,5526749,412072,5938821,39495943472.34375,395929710.06525284,True,39495943472.34375,15968561728.21875,20798864670.9375,16617934686.9375,34769013132.65625,75404467884.375,MISSING
transfer_fixed_five,B0-rank6-q1-r0-K0,d9ae4b8645a032031fc003c9e7268010e6a5c5734c6da898043c748bd900aa64,0.007091805843579723,0.009976267821590988,False,0.007054286627580134,0.0006265786540605722,1.0,-0.002039622624726528,0.004388085348793033,MISSING,455151,MISSING,MISSING,MISSING,False,MISSING,MISSING,MISSING,MISSING,MISSING,MISSING,NONPOSITIVE_AXIS_HEADROOM_OR_STRICT_BOUNDARY
transfer_fixed_five,B1-rank12-q1-r0-K0,9a24146ac2b7dfd129fa7d49aa2d50772fc647424d2ab958638482cfac139529,0.007091805843579723,0.005265778433252583,True,0.0037234676383787746,0.0002615994585534187,1.0,0.001291196364474831,0.004753064544300187,5256788,387934,5644722,113120228880.0,0.0,False,113120228880.0,49408251666.0,65365880760.0,55493261982.0,109868869008.0,216277523430.0,MISSING
transfer_fixed_five,B3-rank0-q8-r32-K4,a090ea4c0aa58921cf4904fed6f6f74fac8d2e12f031736c8c94aa80754f295b,0.007091805843579723,6.247566909536482e-05,True,4.417696927649928e-05,3.5948699160792685e-06,1.47140967604679,0.004970487033577106,0.005011069132937526,768024,755634,1523658,53599526809.875,687528709.1913006,True,53599526809.875,12193073145.0,17609820177.9375,8112717021.0,26381900198.4375,102802871760.9375,MISSING
transfer_fixed_five,B2-rank3-q1-r4-K2,215212e37d35f0277d90e0dfb354ff27c6334677ddc57b31f4e702fb709a928b,0.007162977777745734,0.005256376547101335,True,0.0037168195009252836,0.00026014045149713727,1.0620308450250202,0.0013481706592072713,0.004804849708635418,5438631,428174,5866805,36623713550.15625,234152806.91447175,True,36623713550.15625,15131406783.28125,19656730152.5,15912791874.21875,32941743399.6875,69761811579.6875,MISSING
transfer_fixed_five,B2-rank3-q1-r8-K2,1e063a21340c2fb397fe431779fa0bb1d2fba619b736361014296303c8f0e3e9,0.007162977777745734,0.005256157396431461,True,0.0037166645380005137,0.0002610609785499429,1.0307583312111528,0.0013483256221320412,0.004803929181582612,5121877,403484,5525361,36746240662.96875,368365131.5195146,True,36746240662.96875,14856832391.34375,19350850227.1875,15460996083.1875,32348398642.03125,70154817946.875,MISSING
transfer_fixed_five,B0-rank6-q1-r0-K0,d9ae4b8645a032031fc003c9e7268010e6a5c5734c6da898043c748bd900aa64,0.007162977777745734,0.009976267821590988,False,0.007054286627580134,0.0006265786540605722,1.0,-0.0019892964674475787,0.004438411506071983,MISSING,444888,MISSING,MISSING,MISSING,False,MISSING,MISSING,MISSING,MISSING,MISSING,MISSING,NONPOSITIVE_AXIS_HEADROOM_OR_STRICT_BOUNDARY
transfer_fixed_five,B1-rank12-q1-r0-K0,9a24146ac2b7dfd129fa7d49aa2d50772fc647424d2ab958638482cfac139529,0.007162977777745734,0.005265778433252583,True,0.0037234676383787746,0.0002615994585534187,1.0,0.0013415225217537803,0.004803390701579136,4869777,379848,5249625,105202485000.0,0.0,False,105202485000.0,45949967625.0,60790657500.0,51609063375.0,102178701000.0,201139381875.0,MISSING
transfer_fixed_five,B3-rank0-q8-r32-K4,a090ea4c0aa58921cf4904fed6f6f74fac8d2e12f031736c8c94aa80754f295b,0.007162977777745734,6.247566909536482e-05,True,4.417696927649928e-05,3.5948699160792685e-06,1.47140967604679,0.005020813190856056,0.005061395290216476,752704,740682,1493386,52534612717.875,673868905.5577824,True,52534612717.875,11950821465.0,17259948699.9375,7951533757.0,25857745248.4375,100760386810.9375,MISSING
transfer_fixed_five,B2-rank3-q1-r4-K2,215212e37d35f0277d90e0dfb354ff27c6334677ddc57b31f4e702fb709a928b,0.007234863979099068,0.005256376547101335,True,0.0037168195009252836,0.00026014045149713727,1.0620308450250202,0.0013990018796579554,0.004855680929086102,5050597,419256,5469853,34145728285.40625,218309869.40243354,True,34145728285.40625,14107605551.53125,18326742476.5,14836121597.96875,30712882729.1875,65041680157.1875,MISSING
transfer_fixed_five,B2-rank3-q1-r8-K2,1e063a21340c2fb397fe431779fa0bb1d2fba619b736361014296303c8f0e3e9,0.007234863979099068,0.005256157396431461,True,0.0037166645380005137,0.0002610609785499429,1.0307583312111528,0.0013991568425827253,0.004854760402033296,4756483,395079,5151562,34260302094.6875,343444675.1372325,True,34260302094.6875,13851745286.4375,18041736041.875,14415036393.875,30159980715.3125,65408738768.75,MISSING
transfer_fixed_five,B0-rank6-q1-r0-K0,d9ae4b8645a032031fc003c9e7268010e6a5c5734c6da898043c748bd900aa64,0.007234863979099068,0.009976267821590988,False,0.007054286627580134,0.0006265786540605722,1.0,-0.0019384652469968946,0.004489242726522667,MISSING,434870,MISSING,MISSING,MISSING,False,MISSING,MISSING,MISSING,MISSING,MISSING,MISSING,NONPOSITIVE_AXIS_HEADROOM_OR_STRICT_BOUNDARY
transfer_fixed_five,B1-rank12-q1-r0-K0,9a24146ac2b7dfd129fa7d49aa2d50772fc647424d2ab958638482cfac139529,0.007234863979099068,0.005265778433252583,True,0.0037234676383787746,0.0002615994585534187,1.0,0.0013923537422044644,0.00485422192202982,4520702,371934,4892636,98048425440.0,0.0,False,98048425440.0,42825242908.0,56656724880.0,48099504516.0,95230267104.0,187461348340.0,MISSING
transfer_fixed_five,B3-rank0-q8-r32-K4,a090ea4c0aa58921cf4904fed6f6f74fac8d2e12f031736c8c94aa80754f295b,0.007234863979099068,6.247566909536482e-05,True,4.417696927649928e-05,3.5948699160792685e-06,1.47140967604679,0.00507164441130674,0.00511222651066716,737692,726026,1463718,51490946251.125,660481648.217692,True,51490946251.125,11713403295.0,16917058008.5625,7793566491.0,25344048464.0625,98758654401.5625,MISSING
transfer_fixed_five,B2-rank3-q1-r4-K2,215212e37d35f0277d90e0dfb354ff27c6334677ddc57b31f4e702fb709a928b,0.007307471615881263,0.005256376547101335,True,0.0037168195009252836,0.00026014045149713727,1.0620308450250202,0.001450343231992575,0.004907022281420721,4699349,410529,5109878,31898573098.6875,203942738.28608707,True,31898573098.6875,13179173780.4375,17120646239.0,13859745656.5625,28691645602.625,60761239930.625,MISSING
transfer_fixed_five,B2-rank3-q1-r8-K2,1e063a21340c2fb397fe431779fa0bb1d2fba619b736361014296303c8f0e3e9,0.007307471615881263,0.005256157396431461,True,0.0037166645380005137,0.0002610609785499429,1.0307583312111528,0.001450498194917345,0.004906101754367916,4425725,386853,4812578,32005899595.9375,320845267.47083545,True,32005899595.9375,12940270276.6875,16854550514.375,13466495602.375,28175388294.0625,61104701293.75,MISSING
transfer_fixed_five,B0-rank6-q1-r0-K0,d9ae4b8645a032031fc003c9e7268010e6a5c5734c6da898043c748bd900aa64,0.007307471615881263,0.009976267821590988,False,0.007054286627580134,0.0006265786540605722,1.0,-0.001887123894662275,0.0045405840788572864,MISSING,425091,MISSING,MISSING,MISSING,False,MISSING,MISSING,MISSING,MISSING,MISSING,MISSING,NONPOSITIVE_AXIS_HEADROOM_OR_STRICT_BOUNDARY
transfer_fixed_five,B1-rank12-q1-r0-K0,9a24146ac2b7dfd129fa7d49aa2d50772fc647424d2ab958638482cfac139529,0.007307471615881263,0.005265778433252583,True,0.0037234676383787746,0.0002615994585534187,1.0,0.001443695094539084,0.00490556327436444,4204885,364190,4569075,91564263000.0,0.0,False,91564263000.0,39993113475.0,52909888500.0,44918576325.0,88932475800.0,175064108625.0,MISSING
transfer_fixed_five,B3-rank0-q8-r32-K4,a090ea4c0aa58921cf4904fed6f6f74fac8d2e12f031736c8c94aa80754f295b,0.007307471615881263,6.247566909536482e-05,True,4.417696927649928e-05,3.5948699160792685e-06,1.47140967604679,0.005122985763641359,0.005163567863001779,722980,711660,1434640,50468034915.0,647360619.8728373,True,50468034915.0,11480706600.0,16580986297.5,7638740680.0,24840567437.5,96796729937.5,MISSING
transfer_fixed_five,B2-rank3-q1-r4-K2,215212e37d35f0277d90e0dfb354ff27c6334677ddc57b31f4e702fb709a928b,0.007380807928272885,0.005256376547101335,True,0.0037168195009252836,0.00026014045149713727,1.0620308450250202,0.0015021998357919062,0.0049588788852200525,4380502,401988,4782490,29854843277.8125,190876202.2157532,True,29854843277.8125,12334788974.0625,16023732745.0,12971756860.9375,26853382444.375,56868289684.375,MISSING
transfer_fixed_five,B2-rank3-q1-r8-K2,1e063a21340c2fb397fe431779fa0bb1d2fba619b736361014296303c8f0e3e9,0.007380807928272885,0.005256157396431461,True,0.0037166645380005137,0.0002610609785499429,1.0307583312111528,0.0015023547987166761,0.004957958358167247,4125473,378803,4504276,29955546779.375,300291369.4037717,True,29955546779.375,12111294370.875,15774819103.75,12603808799.75,26370424600.625,57190229337.5,MISSING
transfer_fixed_five,B0-rank6-q1-r0-K0,d9ae4b8645a032031fc003c9e7268010e6a5c5734c6da898043c748bd900aa64,0.007380807928272885,0.009976267821590988,False,0.007054286627580134,0.0006265786540605722,1.0,-0.0018352672908629438,0.004592440682656618,MISSING,415545,MISSING,MISSING,MISSING,False,MISSING,MISSING,MISSING,MISSING,MISSING,MISSING,NONPOSITIVE_AXIS_HEADROOM_OR_STRICT_BOUNDARY
transfer_fixed_five,B1-rank12-q1-r0-K0,9a24146ac2b7dfd129fa7d49aa2d50772fc647424d2ab958638482cfac139529,0.007380807928272885,0.005265778433252583,True,0.0037234676383787746,0.0002615994585534187,1.0,0.0014955516983384152,0.004957419878163771,3918341,356611,4274952,85670038080.0,0.0,False,85670038080.0,37418654856.0,49503944160.0,42027053112.0,83207665728.0,163794785880.0,MISSING
transfer_fixed_five,B3-rank0-q8-r32-K4,a090ea4c0aa58921cf4904fed6f6f74fac8d2e12f031736c8c94aa80754f295b,0.007380807928272885,6.247566909536482e-05,True,4.417696927649928e-05,3.5948699160792685e-06,1.47140967604679,0.0051748423674406905,0.0052154244668011105,708563,697579,1406142,49465526927.625,634501308.1673669,True,49465526927.625,11252651355.0,16251617990.8125,7487003079.0,24347129020.3125,94873938707.8125,MISSING
transfer_fixed_five,B2-rank3-q1-r4-K2,215212e37d35f0277d90e0dfb354ff27c6334677ddc57b31f4e702fb709a928b,0.0074548802291154945,0.005256376547101335,True,0.0037168195009252836,0.00026014045149713727,1.0620308450250202,0.0015545768620158053,0.005011255911443952,4090298,393629,4483927,27991054420.21875,178960114.24439478,True,27991054420.21875,11564748346.59375,15023397413.5,12161951373.90625,25176969859.5625,53318095711.5625,MISSING
transfer_fixed_five,B2-rank3-q1-r8-K2,1e063a21340c2fb397fe431779fa0bb1d2fba619b736361014296303c8f0e3e9,0.0074548802291154945,0.005256157396431461,True,0.0037166645380005137,0.0002610609785499429,1.0307583312111528,0.0015547318249405752,0.005010335384391146,3852191,370925,4223116,28085700985.625,281546975.9825949,True,28085700985.625,11355299062.125,14790144066.25,11817070402.25,24724364594.375,53620375962.5,MISSING
transfer_fixed_five,B0-rank6-q1-r0-K0,d9ae4b8645a032031fc003c9e7268010e6a5c5734c6da898043c748bd900aa64,0.0074548802291154945,0.009976267821590988,False,0.007054286627580134,0.0006265786540605722,1.0,-0.0017828902646390447,0.004644817708880517,MISSING,406226,MISSING,MISSING,MISSING,False,MISSING,MISSING,MISSING,MISSING,MISSING,MISSING,NONPOSITIVE_AXIS_HEADROOM_OR_STRICT_BOUNDARY
transfer_fixed_five,B1-rank12-q1-r0-K0,9a24146ac2b7dfd129fa7d49aa2d50772fc647424d2ab958638482cfac139529,0.0074548802291154945,0.005265778433252583,True,0.0037234676383787746,0.0002615994585534187,1.0,0.0015479287245623143,0.00500979690438767,3657658,349193,4006851,80297294040.0,0.0,False,80297294040.0,35071966803.0,46399334580.0,39391352181.0,77989347864.0,153522496065.0,MISSING
transfer_fixed_five,B3-rank0-q8-r32-K4,a090ea4c0aa58921cf4904fed6f6f74fac8d2e12f031736c8c94aa80754f295b,0.0074548802291154945,6.247566909536482e-05,True,4.417696927649928e-05,3.5948699160792685e-06,1.47140967604679,0.00522721939366459,0.00526780149302501,694434,683776,1378210,48482929794.375,621897395.8030887,True,48482929794.375,11029125525.0,15928791282.1875,7338279145.0,23863490804.6875,92989336117.1875,MISSING
transfer_fixed_five,B2-rank3-q1-r4-K2,215212e37d35f0277d90e0dfb354ff27c6334677ddc57b31f4e702fb709a928b,0.007529695904640853,0.005256376547101335,True,0.0037168195009252836,0.00026014045149713727,1.0620308450250202,0.0016074795335188387,0.005064158582946985,3825502,385448,4210950,26286986967.1875,168065201.1233533,True,26286986967.1875,10860698010.9375,14108787975.0,11421543914.0625,23644221065.625,50072143265.625,MISSING
transfer_fixed_five,B2-rank3-q1-r8-K2,1e063a21340c2fb397fe431779fa0bb1d2fba619b736361014296303c8f0e3e9,0.007529695904640853,0.005256157396431461,True,0.0037166645380005137,0.0002610609785499429,1.0307583312111528,0.0016076344964436086,0.005063238055894179,3602833,363214,3966047,26376071634.53125,264408682.93810603,True,26376071634.53125,10664080688.15625,13889840227.8125,11097743139.8125,23219346100.46875,50356403003.125,MISSING
transfer_fixed_five,B0-rank6-q1-r0-K0,d9ae4b8645a032031fc003c9e7268010e6a5c5734c6da898043c748bd900aa64,0.007529695904640853,0.009976267821590988,False,0.007054286627580134,0.0006265786540605722,1.0,-0.0017299875931360113,0.00469772038038355,MISSING,397129,MISSING,MISSING,MISSING,False,MISSING,MISSING,MISSING,MISSING,MISSING,MISSING,NONPOSITIVE_AXIS_HEADROOM_OR_STRICT_BOUNDARY
transfer_fixed_five,B1-rank12-q1-r0-K0,9a24146ac2b7dfd129fa7d49aa2d50772fc647424d2ab958638482cfac139529,0.007529695904640853,0.005265778433252583,True,0.0037234676383787746,0.0002615994585534187,1.0,0.0016008313960653477,0.0050626995758907035,3419904,341933,3761837,75387213480.0,0.0,False,75387213480.0,32927359261.0,43562072460.0,36982619547.0,73220395368.0,144134784655.0,MISSING
transfer_fixed_five,B3-rank0-q8-r32-K4,a090ea4c0aa58921cf4904fed6f6f74fac8d2e12f031736c8c94aa80754f295b,0.007529695904640853,6.247566909536482e-05,True,4.417696927649928e-05,3.5948699160792685e-06,1.47140967604679,0.005280122065167623,0.005320704164528043,680589,670246,1350835,47519926911.5625,609544821.6597364,True,47519926911.5625,10810057087.5,15612402153.28125,7192520957.5,23389496957.03125,91142314925.78125,MISSING
transfer_fixed_five,B2-rank3-q1-r4-K2,215212e37d35f0277d90e0dfb354ff27c6334677ddc57b31f4e702fb709a928b,0.00760526241520746,0.005256376547101335,True,0.0037168195009252836,0.00026014045149713727,1.0620308450250202,0.0016609131255710917,0.005117592174999238,3583319,377440,3960759,24725161831.21875,158079710.73893818,True,24725161831.21875,10215416329.59375,13270523029.5,10742939918.90625,22239414237.5625,47097137721.5625,MISSING
transfer_fixed_five,B2-rank3-q1-r8-K2,1e063a21340c2fb397fe431779fa0bb1d2fba619b736361014296303c8f0e3e9,0.00760526241520746,0.005256157396431461,True,0.0037166645380005137,0.0002610609785499429,1.0307583312111528,0.0016610680884958616,0.005116671647946432,3374768,355668,3730436,24809148041.875,248700953.2526711,True,24809148041.875,10030559523.375,13064686328.75,10438459384.75,21839954138.125,47364879587.5,MISSING
transfer_fixed_five,B0-rank6-q1-r0-K0,d9ae4b8645a032031fc003c9e7268010e6a5c5734c6da898043c748bd900aa64,0.00760526241520746,0.009976267821590988,False,0.007054286627580134,0.0006265786540605722,1.0,-0.0016765540010837583,0.004751153972435803,MISSING,388246,MISSING,MISSING,MISSING,False,MISSING,MISSING,MISSING,MISSING,MISSING,MISSING,NONPOSITIVE_AXIS_HEADROOM_OR_STRICT_BOUNDARY
transfer_fixed_five,B1-rank12-q1-r0-K0,9a24146ac2b7dfd129fa7d49aa2d50772fc647424d2ab958638482cfac139529,0.00760526241520746,0.005265778433252583,True,0.0037234676383787746,0.0002615994585534187,1.0,0.0016542649881176007,0.0051161331679429566,3202543,334828,3537371,70888914840.0,0.0,False,70888914840.0,30962608363.0,40962756180.0,34775894301.0,68851389144.0,135534369865.0,MISSING
transfer_fixed_five,B3-rank0-q8-r32-K4,a090ea4c0aa58921cf4904fed6f6f74fac8d2e12f031736c8c94aa80754f295b,0.00760526241520746,6.247566909536482e-05,True,4.417696927649928e-05,3.5948699160792685e-06,1.47140967604679,0.005333555657219876,0.005374137756580296,667020,656984,1324004,46576060962.75,597437719.6747031,True,46576060962.75,10595342010.0,15302300355.375,7049659298.0,22924922384.375,89331998009.375,MISSING
transfer_fixed_five,B2-rank3-q1-r4-K2,215212e37d35f0277d90e0dfb354ff27c6334677ddc57b31f4e702fb709a928b,0.007681587296044463,0.005256376547101335,True,0.0037168195009252836,0.00026014045149713727,1.0620308450250202,0.0017148829663841915,0.005171562015812338,3361324,369604,3730928,23290434631.5,148906817.86693034,True,23290434631.5,9622646269.5,12500474264.0,10119559242.5,20948927537.0,44364231665.0,MISSING
transfer_fixed_five,B2-rank3-q1-r8-K2,1e063a21340c2fb397fe431779fa0bb1d2fba619b736361014296303c8f0e3e9,0.007681587296044463,0.005256157396431461,True,0.0037166645380005137,0.0002610609785499429,1.0307583312111528,0.0017150379293089614,0.005170641488759532,3165711,348282,3513993,23369700634.21875,234271117.05527544,True,23369700634.21875,9448578115.59375,12306662359.6875,9832811287.6875,20572781830.78125,44616729871.875,MISSING
transfer_fixed_five,B0-rank6-q1-r0-K0,d9ae4b8645a032031fc003c9e7268010e6a5c5734c6da898043c748bd900aa64,0.007681587296044463,0.009976267821590988,False,0.007054286627580134,0.0006265786540605722,1.0,-0.0016225841602706586,0.004805123813248903,MISSING,379574,MISSING,MISSING,MISSING,False,MISSING,MISSING,MISSING,MISSING,MISSING,MISSING,NONPOSITIVE_AXIS_HEADROOM_OR_STRICT_BOUNDARY
transfer_fixed_five,B1-rank12-q1-r0-K0,9a24146ac2b7dfd129fa7d49aa2d50772fc647424d2ab958638482cfac139529,0.007681587296044463,0.005265778433252583,True,0.0037234676383787746,0.0002615994585534187,1.0,0.0017082348289307004,0.005170103008756056,3003378,327874,3331252,66758290080.0,0.0,False,66758290080.0,29158448756.0,38575898160.0,32749538412.0,64839488928.0,127636920380.0,MISSING
transfer_fixed_five,B3-rank0-q8-r32-K4,a090ea4c0aa58921cf4904fed6f6f74fac8d2e12f031736c8c94aa80754f295b,0.007681587296044463,6.247566909536482e-05,True,4.417696927649928e-05,3.5948699160792685e-06,1.47140967604679,0.005387525498032976,0.005428107597393396,653723,643985,1297708,45651015344.25,585572028.7277226,True,45651015344.25,10384908270.0,14998381870.125,6909646246.0,22469611253.125,87557778128.125,MISSING
transfer_fixed_five,B2-rank3-q1-r4-K2,215212e37d35f0277d90e0dfb354ff27c6334677ddc57b31f4e702fb709a928b,0.007758678158003055,0.005256376547101335,True,0.0037168195009252836,0.00026014045149713727,1.0620308450250202,0.0017693944376426275,0.005226073487070774,3157403,361934,3519337,21969571201.78125,140461910.19267833,True,21969571201.78125,9076920019.40625,11791538618.5,9545651716.09375,19760857296.4375,41848216308.4375,MISSING
transfer_fixed_five,B2-rank3-q1-r8-K2,1e063a21340c2fb397fe431779fa0bb1d2fba619b736361014296303c8f0e3e9,0.007758678158003055,0.005256157396431461,True,0.0037166645380005137,0.0002610609785499429,1.0307583312111528,0.0017695494005673974,0.005225152960017968,2973674,341053,3314727,22044488328.28125,220986438.22662196,True,22044488328.28125,8912782976.90625,11608795465.3125,9275227657.3125,19406172806.71875,42086674378.125,MISSING
transfer_fixed_five,B0-rank6-q1-r0-K0,d9ae4b8645a032031fc003c9e7268010e6a5c5734c6da898043c748bd900aa64,0.007758678158003055,0.009976267821590988,False,0.007054286627580134,0.0006265786540605722,1.0,-0.0015680726890122225,0.004859635284507339,MISSING,371106,MISSING,MISSING,MISSING,False,MISSING,MISSING,MISSING,MISSING,MISSING,MISSING,NONPOSITIVE_AXIS_HEADROOM_OR_STRICT_BOUNDARY
transfer_fixed_five,B1-rank12-q1-r0-K0,9a24146ac2b7dfd129fa7d49aa2d50772fc647424d2ab958638482cfac139529,0.007758678158003055,0.005265778433252583,True,0.0037234676383787746,0.0002615994585534187,1.0,0.0017627463001891365,0.005224614480014492,2820496,321068,3141564,62956942560.0,0.0,False,62956942560.0,27498109692.0,36379311120.0,30884715684.0,61147401696.0,120369024660.0,MISSING
transfer_fixed_five,B3-rank0-q8-r32-K4,a090ea4c0aa58921cf4904fed6f6f74fac8d2e12f031736c8c94aa80754f295b,0.007758678158003055,6.247566909536482e-05,True,4.417696927649928e-05,3.5948699160792685e-06,1.47140967604679,0.005442036969291412,0.005482619068651832,640692,631243,1271935,44744367917.8125,573942333.991773,True,44744367917.8125,10178659837.5,14700508006.40625,6772417907.5,22023355785.15625,85818845628.90625,MISSING
transfer_fixed_five,B2-rank3-q1-r4-K2,215212e37d35f0277d90e0dfb354ff27c6334677ddc57b31f4e702fb709a928b,0.007836542688315398,0.005256376547101335,True,0.0037168195009252836,0.00026014045149713727,1.0620308450250202,0.0018244529750403912,0.0052811320244685375,2969710,354426,3324136,20751022859.25,132671151.49820805,True,20751022859.25,8573466140.25,11137517668.0,9016199503.75,18664815881.5,39527093417.5,MISSING
transfer_fixed_five,B2-rank3-q1-r8-K2,1e063a21340c2fb397fe431779fa0bb1d2fba619b736361014296303c8f0e3e9,0.007836542688315398,0.005256157396431461,True,0.0037166645380005137,0.0002610609785499429,1.0307583312111528,0.001824607937965161,0.005280211497415732,2796918,333977,3130895,20821919357.03125,208730714.32776806,True,20821919357.03125,8418487452.65625,10964981332.8125,8760831252.8125,18329922617.96875,39752582453.125,MISSING
transfer_fixed_five,B0-rank6-q1-r0-K0,d9ae4b8645a032031fc003c9e7268010e6a5c5734c6da898043c748bd900aa64,0.007836542688315398,0.009976267821590988,False,0.007054286627580134,0.0006265786540605722,1.0,-0.0015130141516144589,0.0049146938219051025,MISSING,362838,MISSING,MISSING,MISSING,False,MISSING,MISSING,MISSING,MISSING,MISSING,MISSING,NONPOSITIVE_AXIS_HEADROOM_OR_STRICT_BOUNDARY
transfer_fixed_five,B1-rank12-q1-r0-K0,9a24146ac2b7dfd129fa7d49aa2d50772fc647424d2ab958638482cfac139529,0.007836542688315398,0.005265778433252583,True,0.0037234676383787746,0.0002615994585534187,1.0,0.0018178048375869001,0.005279673017412256,2652226,314407,2966633,59451325320.0,0.0,False,59451325320.0,25966938649.0,34353610140.0,29164969023.0,57742544712.0,113666543395.0,MISSING
transfer_fixed_five,B3-rank0-q8-r32-K4,a090ea4c0aa58921cf4904fed6f6f74fac8d2e12f031736c8c94aa80754f295b,0.007836542688315398,6.247566909536482e-05,True,4.417696927649928e-05,3.5948699160792685e-06,1.47140967604679,0.0054970955066891754,0.0055376776060495955,627922,618753,1246675,43855766901.5625,562544123.111003,True,43855766901.5625,9976516687.5,14408563188.28125,6637921037.5,21585982832.03125,84114525800.78125,MISSING
transfer_fixed_five,B2-rank3-q1-r4-K2,215212e37d35f0277d90e0dfb354ff27c6334677ddc57b31f4e702fb709a928b,0.007915188651361163,0.005256376547101335,True,0.0037168195009252836,0.00026014045149713727,1.0620308450250202,0.0018800640688229984,0.005336743118251145,2796624,347078,3143702,19624657975.6875,125469765.46904808,True,19624657975.6875,8108098661.4375,10532973551.0,8526800471.5625,17651690248.625,37381564000.625,MISSING
transfer_fixed_five,B2-rank3-q1-r8-K2,1e063a21340c2fb397fe431779fa0bb1d2fba619b736361014296303c8f0e3e9,0.007915188651361163,0.005256157396431461,True,0.0037166645380005137,0.0002610609785499429,1.0307583312111528,0.0018802190317477683,0.005335822591198339,2633916,327052,2960968,19691825153.75,197402009.88588333,True,19691825153.75,7961580300.75,10369865117.5,8285343645.5,17335079686.25,37595040575.0,MISSING
transfer_fixed_five,B0-rank6-q1-r0-K0,d9ae4b8645a032031fc003c9e7268010e6a5c5734c6da898043c748bd900aa64,0.007915188651361163,0.009976267821590988,False,0.007054286627580134,0.0006265786540605722,1.0,-0.0014574030578318516,0.00497030491568771,MISSING,354764,MISSING,MISSING,MISSING,False,MISSING,MISSING,MISSING,MISSING,MISSING,MISSING,NONPOSITIVE_AXIS_HEADROOM_OR_STRICT_BOUNDARY
transfer_fixed_five,B1-rank12-q1-r0-K0,9a24146ac2b7dfd129fa7d49aa2d50772fc647424d2ab958638482cfac139529,0.007915188651361163,0.005265778433252583,True,0.0037234676383787746,0.0002615994585534187,1.0,0.0018734159313695074,0.005335284111194863,2497104,307886,2804990,56211999600.0,0.0,False,56211999600.0,24552077470.0,32481784200.0,27575856690.0,54596325360.0,107473191850.0,MISSING
transfer_fixed_five,B3-rank0-q8-r32-K4,a090ea4c0aa58921cf4904fed6f6f74fac8d2e12f031736c8c94aa80754f295b,0.007915188651361163,6.247566909536482e-05,True,4.417696927649928e-05,3.5948699160792685e-06,1.47140967604679,0.005552706600471783,0.005593288699832203,615408,606510,1221918,42984860513.625,551372883.7295612,True,42984860513.625,9778398795.0,14122431839.8125,6506102391.0,21157319245.3125,82444143932.8125,MISSING
transfer_fixed_five,B2-rank3-q1-r4-K2,215212e37d35f0277d90e0dfb354ff27c6334677ddc57b31f4e702fb709a928b,0.007994623889441776,0.005256376547101335,True,0.0037168195009252836,0.00026014045149713727,1.0620308450250202,0.0019362332643349679,0.005392912313763114,2636720,339886,2976606,18581555973.9375,118800718.61574708,True,18581555973.9375,7677131968.6875,9973118403.0,8073578680.3125,16713456652.125,35394635908.125,MISSING
transfer_fixed_five,B2-rank3-q1-r8-K2,1e063a21340c2fb397fe431779fa0bb1d2fba619b736361014296303c8f0e3e9,0.007994623889441776,0.005256157396431461,True,0.0037166645380005137,0.0002610609785499429,1.0307583312111528,0.0019363882272597378,0.0053919917867103085,2483327,320273,2803600,18645254187.5,186910589.68420547,True,18645254187.5,7538442337.5,9818732875.0,7844998475.0,16413763812.5,35596958750.0,MISSING
transfer_fixed_five,B0-rank6-q1-r0-K0,d9ae4b8645a032031fc003c9e7268010e6a5c5734c6da898043c748bd900aa64,0.007994623889441776,0.009976267821590988,False,0.007054286627580134,0.0006265786540605722,1.0,-0.0014012338623198822,0.005026474111199679,MISSING,346880,MISSING,MISSING,MISSING,False,MISSING,MISSING,MISSING,MISSING,MISSING,MISSING,NONPOSITIVE_AXIS_HEADROOM_OR_STRICT_BOUNDARY
transfer_fixed_five,B1-rank12-q1-r0-K0,9a24146ac2b7dfd129fa7d49aa2d50772fc647424d2ab958638482cfac139529,0.007994623889441776,0.005265778433252583,True,0.0037234676383787746,0.0002615994585534187,1.0,0.0019295851268814768,0.005391453306706833,2353841,301505,2655346,53213133840.0,0.0,False,53213133840.0,23242243538.0,30748906680.0,26104706526.0,51683654544.0,101739581990.0,MISSING
transfer_fixed_five,B3-rank0-q8-r32-K4,a090ea4c0aa58921cf4904fed6f6f74fac8d2e12f031736c8c94aa80754f295b,0.007994623889441776,6.247566909536482e-05,True,4.417696927649928e-05,3.5948699160792685e-06,1.47140967604679,0.005608875795983752,0.005649457895344172,603144,594510,1197654,42131296972.125,540424103.4915959,True,42131296972.125,9584226135.0,13841998385.0625,6376908723.0,20737191876.5625,80807025314.0625,MISSING
transfer_fixed_five,B2-rank3-q1-r4-K2,215212e37d35f0277d90e0dfb354ff27c6334677ddc57b31f4e702fb709a928b,0.008074856323562416,0.005256376547101335,True,0.0037168195009252836,0.00026014045149713727,1.0620308450250202,0.001992966162572775,0.0054496452120009215,2488740,332846,2821586,17613838779.5625,112613642.66420592,True,17613838779.5625,7277311166.8125,9453723893.0,7653111152.1875,15843029040.875,33551302776.875,MISSING
transfer_fixed_five,B2-rank3-q1-r8-K2,1e063a21340c2fb397fe431779fa0bb1d2fba619b736361014296303c8f0e3e9,0.008074856323562416,0.005256157396431461,True,0.0037166645380005137,0.0002610609785499429,1.0307583312111528,0.001993121125497545,0.005448724684948116,2343967,313639,2657606,17674325652.8125,177177452.0645893,True,17674325652.8125,7145887283.0625,9307434513.125,7436479889.125,15559037377.1875,33743291181.25,MISSING
transfer_fixed_five,B0-rank6-q1-r0-K0,d9ae4b8645a032031fc003c9e7268010e6a5c5734c6da898043c748bd900aa64,0.008074856323562416,0.009976267821590988,False,0.007054286627580134,0.0006265786540605722,1.0,-0.0013445009640820748,0.0050832070094374866,MISSING,339180,MISSING,MISSING,MISSING,False,MISSING,MISSING,MISSING,MISSING,MISSING,MISSING,NONPOSITIVE_AXIS_HEADROOM_OR_STRICT_BOUNDARY
transfer_fixed_five,B1-rank12-q1-r0-K0,9a24146ac2b7dfd129fa7d49aa2d50772fc647424d2ab958638482cfac139529,0.008074856323562416,0.005265778433252583,True,0.0037234676383787746,0.0002615994585534187,1.0,0.001986318025119284,0.00544818620494464,2221302,295258,2516560,50431862400.0,0.0,False,50431862400.0,22027449680.0,29141764800.0,24740301360.0,48982323840.0,96421996400.0,MISSING
transfer_fixed_five,B3-rank0-q8-r32-K4,a090ea4c0aa58921cf4904fed6f6f74fac8d2e12f031736c8c94aa80754f295b,0.008074856323562416,6.247566909536482e-05,True,4.417696927649928e-05,3.5948699160792685e-06,1.47140967604679,0.0056656086942215595,0.0057061907935819795,591125,582747,1173872,41294689317.0,529692818.80567056,True,41294689317.0,9393910680.0,13567135690.5,6250281464.0,20325410262.5,79202427762.5,MISSING
transfer_fixed_five,B2-rank3-q1-r4-K2,215212e37d35f0277d90e0dfb354ff27c6334677ddc57b31f4e702fb709a928b,0.00815589395422187,0.005256376547101335,True,0.0037168195009252836,0.00026014045149713727,1.0620308450250202,0.0020502684207433664,0.005506947470171513,2351570,325955,2677525,16714533485.15625,106863956.5033559,True,16714533485.15625,6905755338.28125,8971047512.5,7262368199.21875,15034135529.6875,31838282429.6875,MISSING
transfer_fixed_five,B2-rank3-q1-r8-K2,1e063a21340c2fb397fe431779fa0bb1d2fba619b736361014296303c8f0e3e9,0.00815589395422187,0.005256157396431461,True,0.0037166645380005137,0.0002610609785499429,1.0307583312111528,0.0020504233836681363,0.005506026943118707,2214786,307145,2521931,16772023305.15625,168132262.21746254,True,16772023305.15625,6781078407.28125,8832275224.0625,7056835800.0625,14764723849.84375,32020642665.625,MISSING
transfer_fixed_five,B0-rank6-q1-r0-K0,d9ae4b8645a032031fc003c9e7268010e6a5c5734c6da898043c748bd900aa64,0.00815589395422187,0.009976267821590988,False,0.007054286627580134,0.0006265786540605722,1.0,-0.0012871987059114836,0.005140509267608078,MISSING,331660,MISSING,MISSING,MISSING,False,MISSING,MISSING,MISSING,MISSING,MISSING,MISSING,NONPOSITIVE_AXIS_HEADROOM_OR_STRICT_BOUNDARY
transfer_fixed_five,B1-rank12-q1-r0-K0,9a24146ac2b7dfd129fa7d49aa2d50772fc647424d2ab958638482cfac139529,0.00815589395422187,0.005265778433252583,True,0.0037234676383787746,0.0002615994585534187,1.0,0.0020436202832898754,0.005505488463115231,2098479,289144,2387623,47847964920.0,0.0,False,47847964920.0,20898864119.0,27648674340.0,23472721713.0,46472694072.0,91481775245.0,MISSING
transfer_fixed_five,B3-rank0-q8-r32-K4,a090ea4c0aa58921cf4904fed6f6f74fac8d2e12f031736c8c94aa80754f295b,0.00815589395422187,6.247566909536482e-05,True,4.417696927649928e-05,3.5948699160792685e-06,1.47140967604679,0.005722910952392151,0.005763493051752571,579347,571217,1150564,40474756122.75,519175419.78710425,True,40474756122.75,9207388410.0,13297751295.375,6126178018.0,19921835884.375,77629811509.375,MISSING
transfer_fixed_five,B2-rank3-q1-r4-K2,215212e37d35f0277d90e0dfb354ff27c6334677ddc57b31f4e702fb709a928b,0.008237744862210327,0.005256376547101335,True,0.0037168195009252836,0.00026014045149713727,1.0620308450250202,0.0021081457528282803,0.0055648248022564266,2224222,319210,2543432,15877453742.25,101512107.8672444,True,15877453742.25,6559908539.25,8521768916.0,6898661888.75,14281211715.5,30243790947.5,MISSING
transfer_fixed_five,B2-rank3-q1-r8-K2,1e063a21340c2fb397fe431779fa0bb1d2fba619b736361014296303c8f0e3e9,0.008237744862210327,0.005256157396431461,True,0.0037166645380005137,0.0002610609785499429,1.0307583312111528,0.00210830071575305,0.005563904275203621,2094854,300788,2395642,15932142257.1875,159712818.83729824,True,15932142257.1875,6441507018.9375,8389987466.875,6703455498.875,14025360952.8125,30417167018.75,MISSING
transfer_fixed_five,B0-rank6-q1-r0-K0,d9ae4b8645a032031fc003c9e7268010e6a5c5734c6da898043c748bd900aa64,0.008237744862210327,0.009976267821590988,False,0.007054286627580134,0.0006265786540605722,1.0,-0.0012293213738265698,0.005198386599692992,MISSING,324316,MISSING,MISSING,MISSING,False,MISSING,MISSING,MISSING,MISSING,MISSING,MISSING,NONPOSITIVE_AXIS_HEADROOM_OR_STRICT_BOUNDARY
transfer_fixed_five,B1-rank12-q1-r0-K0,9a24146ac2b7dfd129fa7d49aa2d50772fc647424d2ab958638482cfac139529,0.008237744862210327,0.005265778433252583,True,0.0037234676383787746,0.0002615994585534187,1.0,0.0021014976153747892,0.005563365795200145,1984483,283159,2267642,45443545680.0,0.0,False,45443545680.0,19848670426.0,26259294360.0,22293188502.0,44137383888.0,86884703230.0,MISSING
transfer_fixed_five,B3-rank0-q8-r32-K4,a090ea4c0aa58921cf4904fed6f6f74fac8d2e12f031736c8c94aa80754f295b,0.008237744862210327,6.247566909536482e-05,True,4.417696927649928e-05,3.5948699160792685e-06,1.47140967604679,0.0057807882844770645,0.0058213703838374846,567804,559915,1127719,39671110429.3125,508866942.84446007,True,39671110429.3125,9024571297.5,13033718066.15625,6004539815.5,19526278278.90625,76088434372.65625,MISSING
transfer_fixed_five,B2-rank3-q1-r4-K2,215212e37d35f0277d90e0dfb354ff27c6334677ddc57b31f4e702fb709a928b,0.008320417209415154,0.005256376547101335,True,0.0037168195009252836,0.00026014045149713727,1.0620308450250202,0.0021666039301534218,0.005623282979581568,2105816,312608,2418424,15097087395.75,96522854.92858966,True,15097087395.75,6237493374.75,8102929612.0,6559597221.25,13579299608.5,28757328632.5,MISSING
transfer_fixed_five,B2-rank3-q1-r8-K2,1e063a21340c2fb397fe431779fa0bb1d2fba619b736361014296303c8f0e3e9,0.008320417209415154,0.005256157396431461,True,0.0037166645380005137,0.0002610609785499429,1.0307583312111528,0.0021667588930781917,0.005622362452528762,1983342,294565,2277907,15149149318.90625,151863654.09322992,True,15149149318.90625,6124936000.03125,7977657421.5625,6374010893.5625,13336077716.09375,28922300440.625,MISSING
transfer_fixed_five,B0-rank6-q1-r0-K0,d9ae4b8645a032031fc003c9e7268010e6a5c5734c6da898043c748bd900aa64,0.008320417209415154,0.009976267821590988,False,0.007054286627580134,0.0006265786540605722,1.0,-0.0011708631965014283,0.005256844777018133,MISSING,317143,MISSING,MISSING,MISSING,False,MISSING,MISSING,MISSING,MISSING,MISSING,MISSING,NONPOSITIVE_AXIS_HEADROOM_OR_STRICT_BOUNDARY
transfer_fixed_five,B1-rank12-q1-r0-K0,9a24146ac2b7dfd129fa7d49aa2d50772fc647424d2ab958638482cfac139529,0.008320417209415154,0.005265778433252583,True,0.0037234676383787746,0.0002615994585534187,1.0,0.0021599557926999307,0.005621823972525287,1878518,277301,2155819,43202612760.0,0.0,False,43202612760.0,18869883707.0,24964384020.0,21193856589.0,41960861016.0,82600204985.0,MISSING
transfer_fixed_five,B3-rank0-q8-r32-K4,a090ea4c0aa58921cf4904fed6f6f74fac8d2e12f031736c8c94aa80754f295b,0.008320417209415154,6.247566909536482e-05,True,4.417696927649928e-05,3.5948699160792685e-06,1.47140967604679,0.005839246461802206,0.005879828561162626,556492,548837,1105329,38883470811.1875,498763778.09305704,True,38883470811.1875,8845395322.5,12774943542.09375,5885324260.5,19138598927.34375,74577756583.59375,MISSING
transfer_fixed_five,B2-rank3-q1-r4-K2,215212e37d35f0277d90e0dfb354ff27c6334677ddc57b31f4e702fb709a928b,0.00840391923963477,0.005256376547101335,True,0.0037168195009252836,0.00026014045149713727,1.0620308450250202,0.002225648781964556,0.005682327831392702,1995566,306145,2301711,14368502845.96875,91864667.6267433,True,14368502845.96875,5936472311.34375,7711882705.5,6243031445.15625,12923963408.0625,27369501644.0625,MISSING
transfer_fixed_five,B2-rank3-q1-r8-K2,1e063a21340c2fb397fe431779fa0bb1d2fba619b736361014296303c8f0e3e9,0.00840391923963477,0.005256157396431461,True,0.0037166645380005137,0.0002610609785499429,1.0307583312111528,0.0022258037448893257,0.0056814073043398965,1879512,288475,2167987,14418129793.90625,144535500.28452402,True,14418129793.90625,5829378295.03125,7592696971.5625,6066434123.5625,12692547641.09375,27526659940.625,MISSING
transfer_fixed_five,B0-rank6-q1-r0-K0,d9ae4b8645a032031fc003c9e7268010e6a5c5734c6da898043c748bd900aa64,0.00840391923963477,0.009976267821590988,False,0.007054286627580134,0.0006265786540605722,1.0,-0.0011118183446902942,0.005315889628829267,MISSING,310137,MISSING,MISSING,MISSING,False,MISSING,MISSING,MISSING,MISSING,MISSING,MISSING,NONPOSITIVE_AXIS_HEADROOM_OR_STRICT_BOUNDARY
transfer_fixed_five,B1-rank12-q1-r0-K0,9a24146ac2b7dfd129fa7d49aa2d50772fc647424d2ab958638482cfac139529,0.00840391923963477,0.005265778433252583,True,0.0037234676383787746,0.0002615994585534187,1.0,0.002219000644511065,0.005680868824336421,1779878,271567,2051445,41110957800.0,0.0,False,41110957800.0,17956298085.0,23755733100.0,20167755795.0,39929325480.0,78601115175.0,MISSING
transfer_fixed_five,B3-rank0-q8-r32-K4,a090ea4c0aa58921cf4904fed6f6f74fac8d2e12f031736c8c94aa80754f295b,0.00840391923963477,6.247566909536482e-05,True,4.417696927649928e-05,3.5948699160792685e-06,1.47140967604679,0.00589829131361334,0.00593887341297376,545406,537978,1083384,38111485486.5,488861413.1770437,True,38111485486.5,8669780460.0,12521312147.25,5768478108.0,18758624681.25,73097103431.25,MISSING
transfer_fixed_five,B2-rank3-q1-r4-K2,215212e37d35f0277d90e0dfb354ff27c6334677ddc57b31f4e702fb709a928b,0.008488259279400698,0.005256376547101335,True,0.0037168195009252836,0.00026014045149713727,1.0620308450250202,0.002285286196008587,0.005741965245436733,1892772,299819,2192591,13687317835.96875,87509528.1103443,True,13687317835.96875,5655034781.34375,7346276145.5,5947060495.15625,12311261428.0625,26071962544.0625,MISSING
transfer_fixed_five,B2-rank3-q1-r8-K2,1e063a21340c2fb397fe431779fa0bb1d2fba619b736361014296303c8f0e3e9,0.008488259279400698,0.005256157396431461,True,0.0037166645380005137,0.0002610609785499429,1.0307583312111528,0.002285441158933357,0.005741044718383928,1782702,282512,2065214,13734641169.0625,137683823.14312908,True,13734641169.0625,5553037756.3125,7232766655.625,5778855999.625,12090859900.9375,26221764006.25,MISSING
transfer_fixed_five,B0-rank6-q1-r0-K0,d9ae4b8645a032031fc003c9e7268010e6a5c5734c6da898043c748bd900aa64,0.008488259279400698,0.009976267821590988,False,0.007054286627580134,0.0006265786540605722,1.0,-0.001052180930646263,0.005375527042873298,MISSING,303294,MISSING,MISSING,MISSING,False,MISSING,MISSING,MISSING,MISSING,MISSING,MISSING,NONPOSITIVE_AXIS_HEADROOM_OR_STRICT_BOUNDARY
transfer_fixed_five,B1-rank12-q1-r0-K0,9a24146ac2b7dfd129fa7d49aa2d50772fc647424d2ab958638482cfac139529,0.008488259279400698,0.005265778433252583,True,0.0037234676383787746,0.0002615994585534187,1.0,0.002278638058555096,0.005740506238380452,1687930,265953,1953883,39155815320.0,0.0,False,39155815320.0,17102337899.0,22625965140.0,19208623773.0,38030378712.0,74863027145.0,MISSING
transfer_fixed_five,B3-rank0-q8-r32-K4,a090ea4c0aa58921cf4904fed6f6f74fac8d2e12f031736c8c94aa80754f295b,0.008488259279400698,6.247566909536482e-05,True,4.417696927649928e-05,3.5948699160792685e-06,1.47140967604679,0.005957928727657371,0.005998510827017791,534542,527334,1061876,37354873029.75,479156238.2117388,True,37354873029.75,8497662690.0,12272731420.875,5653958762.0,18386217021.875,71645935146.875,MISSING
transfer_fixed_five,B2-rank3-q1-r4-K2,215212e37d35f0277d90e0dfb354ff27c6334677ddc57b31f4e702fb709a928b,0.008573445738807854,0.005256376547101335,True,0.0037168195009252836,0.00026014045149713727,1.0620308450250202,0.0023455221191206596,0.005802201168548806,1796802,293626,2090428,13049562115.875,83432052.68499726,True,13049562115.875,5391540441.375,7003979014.0,5669959320.625,11737622568.25,24857148696.25,MISSING
transfer_fixed_five,B2-rank3-q1-r8-K2,1e063a21340c2fb397fe431779fa0bb1d2fba619b736361014296303c8f0e3e9,0.008573445738807854,0.005256157396431461,True,0.0037166645380005137,0.0002610609785499429,1.0307583312111528,0.0023456770820454295,0.005801280641496,1692320,276676,1968996,13094746366.875,131269155.17400551,True,13094746366.875,5294322588.375,6895793178.75,5509619994.75,11527548613.125,25000096087.5,MISSING
transfer_fixed_five,B0-rank6-q1-r0-K0,d9ae4b8645a032031fc003c9e7268010e6a5c5734c6da898043c748bd900aa64,0.008573445738807854,0.009976267821590988,False,0.007054286627580134,0.0006265786540605722,1.0,-0.0009919450075341904,0.005435762965985371,MISSING,296609,MISSING,MISSING,MISSING,False,MISSING,MISSING,MISSING,MISSING,MISSING,MISSING,NONPOSITIVE_AXIS_HEADROOM_OR_STRICT_BOUNDARY
transfer_fixed_five,B1-rank12-q1-r0-K0,9a24146ac2b7dfd129fa7d49aa2d50772fc647424d2ab958638482cfac139529,0.008573445738807854,0.005265778433252583,True,0.0037234676383787746,0.0002615994585534187,1.0,0.0023388739816671686,0.0058007421614925244,1602107,260459,1862566,37325822640.0,0.0,False,37325822640.0,16303040198.0,21568514280.0,18310886346.0,36252984624.0,71364216290.0,MISSING
transfer_fixed_five,B3-rank0-q8-r32-K4,a090ea4c0aa58921cf4904fed6f6f74fac8d2e12f031736c8c94aa80754f295b,0.008573445738807854,6.247566909536482e-05,True,4.417696927649928e-05,3.5948699160792685e-06,1.47140967604679,0.006018164650769444,0.006058746750129864,523895,516901,1040796,36613316837.25,469644192.0768761,False,36613316837.25,8328969990.0,12029097344.625,5541718302.0,18021220115.625,70223644490.625,MISSING
transfer_fixed_five,B2-rank3-q1-r4-K2,215212e37d35f0277d90e0dfb354ff27c6334677ddc57b31f4e702fb709a928b,0.008659487112353172,0.005256376547101335,True,0.0037168195009252836,0.00026014045149713727,1.0620308450250202,0.002406362557817159,0.0058630416072453055,1707093,287564,1994657,12451708655.53125,79609691.37061816,True,12451708655.53125,5144532068.15625,6683098278.5,5410195447.34375,11199874388.9375,23718341720.9375,MISSING
transfer_fixed_five,B2-rank3-q1-r8-K2,1e063a21340c2fb397fe431779fa0bb1d2fba619b736361014296303c8f0e3e9,0.008659487112353172,0.005256157396431461,True,0.0037166645380005137,0.0002610609785499429,1.0307583312111528,0.002406517520741929,0.0058621210801925,1607832,270963,1878795,12494867435.15625,125255628.95767471,True,12494867435.15625,5051786193.28125,6579892364.0625,5257220684.0625,10999464039.84375,23854825265.625,MISSING
transfer_fixed_five,B0-rank6-q1-r0-K0,d9ae4b8645a032031fc003c9e7268010e6a5c5734c6da898043c748bd900aa64,0.008659487112353172,0.009976267821590988,False,0.007054286627580134,0.0006265786540605722,1.0,-0.0009311045688376908,0.0054966034046818706,MISSING,290079,MISSING,MISSING,MISSING,False,MISSING,MISSING,MISSING,MISSING,MISSING,MISSING,NONPOSITIVE_AXIS_HEADROOM_OR_STRICT_BOUNDARY
transfer_fixed_five,B1-rank12-q1-r0-K0,9a24146ac2b7dfd129fa7d49aa2d50772fc647424d2ab958638482cfac139529,0.008659487112353172,0.005265778433252583,True,0.0037234676383787746,0.0002615994585534187,1.0,0.002399714420363668,0.005861582600189024,1521900,255080,1776980,35610679200.0,0.0,False,35610679200.0,15553905940.0,20577428400.0,17469490380.0,34587138720.0,68084988700.0,MISSING
transfer_fixed_five,B3-rank0-q8-r32-K4,a090ea4c0aa58921cf4904fed6f6f74fac8d2e12f031736c8c94aa80754f295b,0.008659487112353172,6.247566909536482e-05,True,4.417696927649928e-05,3.5948699160792685e-06,1.47140967604679,0.0060790050894659435,0.0061195871888263635,513461,506674,1020135,35886500305.3125,460321213.6521893,False,35886500305.3125,8163630337.5,11790305900.15625,5431708807.5,17663478128.90625,68829624222.65625,MISSING
transfer_fixed_five,B2-rank3-q1-r4-K2,215212e37d35f0277d90e0dfb354ff27c6334677ddc57b31f4e702fb709a928b,0.00874639197978264,0.005256376547101335,True,0.0037168195009252836,0.00026014045149713727,1.0620308450250202,0.002467813578894653,0.005924492628322799,1623135,281629,1904764,11890548793.875,76021929.67205095,True,11890548793.875,4912683975.375,6381911782.0,5166374730.625,10695130812.25,22649429676.25,MISSING
transfer_fixed_five,B2-rank3-q1-r8-K2,1e063a21340c2fb397fe431779fa0bb1d2fba619b736361014296303c8f0e3e9,0.00874639197978264,0.005256157396431461,True,0.0037166645380005137,0.0002610609785499429,1.0307583312111528,0.0024679685418194227,0.0059235721012699935,1528761,265370,1794131,11931812148.90625,119611243.82248296,True,11931812148.90625,4824137926.03125,6283383161.5625,5020314937.5625,10503796006.09375,22779857040.625,MISSING
transfer_fixed_five,B0-rank6-q1-r0-K0,d9ae4b8645a032031fc003c9e7268010e6a5c5734c6da898043c748bd900aa64,0.00874639197978264,0.009976267821590988,False,0.007054286627580134,0.0006265786540605722,1.0,-0.0008696535477601972,0.005558054425759364,MISSING,283701,MISSING,MISSING,MISSING,False,MISSING,MISSING,MISSING,MISSING,MISSING,MISSING,NONPOSITIVE_AXIS_HEADROOM_OR_STRICT_BOUNDARY
transfer_fixed_five,B1-rank12-q1-r0-K0,9a24146ac2b7dfd129fa7d49aa2d50772fc647424d2ab958638482cfac139529,0.00874639197978264,0.005265778433252583,True,0.0037234676383787746,0.0002615994585534187,1.0,0.002461165441441162,0.005923033621266518,1446850,249814,1696664,34001146560.0,0.0,False,34001146560.0,14850899992.0,19647369120.0,16679903784.0,33023868096.0,65007681160.0,MISSING
transfer_fixed_five,B3-rank0-q8-r32-K4,a090ea4c0aa58921cf4904fed6f6f74fac8d2e12f031736c8c94aa80754f295b,0.00874639197978264,6.247566909536482e-05,True,4.417696927649928e-05,3.5948699160792685e-06,1.47140967604679,0.006140456110543437,0.006181038209903857,503236,496649,999885,35174142008.4375,451183693.05299723,False,35174142008.4375,8001579712.5,11556264626.71875,5323887682.5,17312852542.96875,67463334574.21875,MISSING
transfer_fixed_five,B2-rank3-q1-r4-K2,215212e37d35f0277d90e0dfb354ff27c6334677ddc57b31f4e702fb709a928b,0.008834169006946852,0.005256376547101335,True,0.0037168195009252836,0.00026014045149713727,1.0620308450250202,0.0025298813100348636,0.00598656035946301,1544469,275820,1820289,11363210966.53125,72650408.31347503,True,11363210966.53125,4694809751.15625,6098878294.5,4937249492.34375,10220808966.9375,21644942730.9375,MISSING
transfer_fixed_five,B2-rank3-q1-r8-K2,1e063a21340c2fb397fe431779fa0bb1d2fba619b736361014296303c8f0e3e9,0.008834169006946852,0.005256157396431461,True,0.0037166645380005137,0.0002610609785499429,1.0307583312111528,0.0025300362729596335,0.005985639832410204,1454673,259895,1714568,11402680903.75,114306932.49167813,True,11402680903.75,4610205450.75,6004738617.5,4797682745.5,10037991936.25,21769655575.0,MISSING
transfer_fixed_five,B0-rank6-q1-r0-K0,d9ae4b8645a032031fc003c9e7268010e6a5c5734c6da898043c748bd900aa64,0.008834169006946852,0.009976267821590988,False,0.007054286627580134,0.0006265786540605722,1.0,-0.0008075858166199865,0.005620122156899575,MISSING,277469,MISSING,MISSING,MISSING,False,MISSING,MISSING,MISSING,MISSING,MISSING,MISSING,NONPOSITIVE_AXIS_HEADROOM_OR_STRICT_BOUNDARY
transfer_fixed_five,B1-rank12-q1-r0-K0,9a24146ac2b7dfd129fa7d49aa2d50772fc647424d2ab958638482cfac139529,0.008834169006946852,0.005265778433252583,True,0.0037234676383787746,0.0002615994585534187,1.0,0.0025232331725813725,0.005985101352406728,1376545,244660,1621205,32488948200.0,0.0,False,32488948200.0,14190407365.0,18773553900.0,15938066355.0,31555134120.0,62116469575.0,MISSING
transfer_fixed_five,B3-rank0-q8-r32-K4,a090ea4c0aa58921cf4904fed6f6f74fac8d2e12f031736c8c94aa80754f295b,0.008834169006946852,6.247566909536482e-05,True,4.417696927649928e-05,3.5948699160792685e-06,1.47140967604679,0.006202523841683648,0.006243105941044068,493214,486823,980037,34475925342.9375,442227569.15903354,False,34475925342.9375,7842746092.5,11326869505.96875,5218207006.5,16969187524.21875,66124168305.46875,MISSING
transfer_fixed_five,B2-rank3-q1-r4-K2,215212e37d35f0277d90e0dfb354ff27c6334677ddc57b31f4e702fb709a928b,0.008922826946665132,0.005256376547101335,True,0.0037168195009252836,0.00026014045149713727,1.0620308450250202,0.0025925719404156873,0.006049250989843834,1470679,270133,1740812,10867073310.375,69478364.47783682,True,10867073310.375,4489826149.875,5832590606.0,4721680548.125,9774550579.25,20699886691.25,MISSING
transfer_fixed_five,B2-rank3-q1-r8-K2,1e063a21340c2fb397fe431779fa0bb1d2fba619b736361014296303c8f0e3e9,0.008922826946665132,0.005256157396431461,True,0.0037166645380005137,0.0002610609785499429,1.0307583312111528,0.002592726903340457,0.006048330462791028,1385177,254536,1639713,10904860065.46875,109316494.4153437,True,10904860065.46875,4408932051.84375,5742582372.1875,4588224420.1875,9599750999.53125,20819230996.875,MISSING
transfer_fixed_five,B0-rank6-q1-r0-K0,d9ae4b8645a032031fc003c9e7268010e6a5c5734c6da898043c748bd900aa64,0.008922826946665132,0.009976267821590988,False,0.007054286627580134,0.0006265786540605722,1.0,-0.0007448951862391627,0.005682812787280399,MISSING,271381,MISSING,MISSING,MISSING,False,MISSING,MISSING,MISSING,MISSING,MISSING,MISSING,NONPOSITIVE_AXIS_HEADROOM_OR_STRICT_BOUNDARY
transfer_fixed_five,B1-rank12-q1-r0-K0,9a24146ac2b7dfd129fa7d49aa2d50772fc647424d2ab958638482cfac139529,0.008922826946665132,0.005265778433252583,True,0.0037234676383787746,0.0002615994585534187,1.0,0.0025859238029621963,0.006047791982787552,1310611,239614,1550225,31066509000.0,0.0,False,31066509000.0,13569119425.0,17951605500.0,15240261975.0,30173579400.0,59396870875.0,MISSING
transfer_fixed_five,B3-rank0-q8-r32-K4,a090ea4c0aa58921cf4904fed6f6f74fac8d2e12f031736c8c94aa80754f295b,0.008922826946665132,6.247566909536482e-05,True,4.417696927649928e-05,3.5948699160792685e-06,1.47140967604679,0.006265214472064472,0.006305796571424892,483393,477192,960585,33791639239.6875,433450134.5567874,False,33791639239.6875,7687081462.5,11102051192.34375,5114634832.5,16632379183.59375,64811720589.84375,MISSING
transfer_fixed_five,B2-rank3-q1-r4-K2,215212e37d35f0277d90e0dfb354ff27c6334677ddc57b31f4e702fb709a928b,0.009012374639598334,0.005256376547101335,True,0.0037168195009252836,0.00026014045149713727,1.0620308450250202,0.0026558917213283656,0.006112570770756512,1401389,264565,1665954,10399769906.0625,66490671.71831889,True,10399769906.0625,4296755671.3125,5581778877.0,4518639919.6875,9354227587.875,19809754891.875,MISSING
transfer_fixed_five,B2-rank3-q1-r8-K2,1e063a21340c2fb397fe431779fa0bb1d2fba619b736361014296303c8f0e3e9,0.009012374639598334,0.005256157396431461,True,0.0037166645380005137,0.0002610609785499429,1.0307583312111528,0.0026560466842531355,0.006111650243703706,1319920,249289,1569209,10435975416.71875,104616129.09393722,True,10435975416.71875,4219357812.09375,5495664144.6875,4390941008.6875,9186983128.28125,19924050521.875,MISSING
transfer_fixed_five,B0-rank6-q1-r0-K0,d9ae4b8645a032031fc003c9e7268010e6a5c5734c6da898043c748bd900aa64,0.009012374639598334,0.009976267821590988,False,0.007054286627580134,0.0006265786540605722,1.0,-0.0006815754053264844,0.005746132568193077,MISSING,265433,MISSING,MISSING,MISSING,False,MISSING,MISSING,MISSING,MISSING,MISSING,MISSING,NONPOSITIVE_AXIS_HEADROOM_OR_STRICT_BOUNDARY
transfer_fixed_five,B1-rank12-q1-r0-K0,9a24146ac2b7dfd129fa7d49aa2d50772fc647424d2ab958638482cfac139529,0.009012374639598334,0.005265778433252583,True,0.0037234676383787746,0.0002615994585534187,1.0,0.0026492435838748746,0.0061111117637002305,1248709,234674,1483383,29726995320.0,0.0,False,29726995320.0,12984051399.0,17177575140.0,14583138273.0,28872566712.0,56835819645.0,MISSING
transfer_fixed_five,B3-rank0-q8-r32-K4,a090ea4c0aa58921cf4904fed6f6f74fac8d2e12f031736c8c94aa80754f295b,0.009012374639598334,6.247566909536482e-05,True,4.417696927649928e-05,3.5948699160792685e-06,1.47140967604679,0.00632853425297715,0.00636911635233757,473769,467751,941520,33120967095.0,424847328.1259924,False,33120967095.0,7534513800.0,10881705667.5,5013123240.0,16302271687.5,63525384187.5,MISSING
transfer_fixed_five,B2-rank3-q1-r4-K2,215212e37d35f0277d90e0dfb354ff27c6334677ddc57b31f4e702fb709a928b,0.009102821015130401,0.005256376547101335,True,0.0037168195009252836,0.00026014045149713727,1.0620308450250202,0.0027198469668008344,0.006176526016228981,1336259,259114,1595373,9959165807.90625,63673680.31246335,True,9959165807.90625,4114716244.03125,5345297236.5,4327199985.46875,8957919684.1875,18970480632.1875,MISSING
transfer_fixed_five,B2-rank3-q1-r8-K2,1e063a21340c2fb397fe431779fa0bb1d2fba619b736361014296303c8f0e3e9,0.009102821015130401,0.005256157396431461,True,0.0037166645380005137,0.0002610609785499429,1.0307583312111528,0.0027200019297256043,0.006175605489176175,1258579,244152,1502731,9993865555.15625,100184169.40602645,True,9993865555.15625,4040608857.28125,5262845724.0625,4204923100.0625,8797785599.84375,19079987665.625,MISSING
transfer_fixed_five,B0-rank6-q1-r0-K0,d9ae4b8645a032031fc003c9e7268010e6a5c5734c6da898043c748bd900aa64,0.009102821015130401,0.009976267821590988,False,0.007054286627580134,0.0006265786540605722,1.0,-0.0006176201598540156,0.005810087813665546,MISSING,259621,MISSING,MISSING,MISSING,False,MISSING,MISSING,MISSING,MISSING,MISSING,MISSING,NONPOSITIVE_AXIS_HEADROOM_OR_STRICT_BOUNDARY
transfer_fixed_five,B1-rank12-q1-r0-K0,9a24146ac2b7dfd129fa7d49aa2d50772fc647424d2ab958638482cfac139529,0.009102821015130401,0.005265778433252583,True,0.0037234676383787746,0.0002615994585534187,1.0,0.0027131988293473434,0.006175067009172699,1190534,229838,1420372,28464254880.0,0.0,False,28464254880.0,12432516116.0,16447907760.0,13963677132.0,27646120608.0,54421553180.0,MISSING
transfer_fixed_five,B3-rank0-q8-r32-K4,a090ea4c0aa58921cf4904fed6f6f74fac8d2e12f031736c8c94aa80754f295b,0.009102821015130401,6.247566909536482e-05,True,4.417696927649928e-05,3.5948699160792685e-06,1.47140967604679,0.006392489498449619,0.006433071597810039,464336,458496,922832,32463557127.0,416414637.51079726,False,32463557127.0,7384963080.0,10665717355.5,4913618984.0,15978691887.5,62264484387.5,MISSING
transfer_fixed_five,B2-rank3-q1-r4-K2,215212e37d35f0277d90e0dfb354ff27c6334677ddc57b31f4e702fb709a928b,0.009194175092258776,0.005256376547101335,True,0.0037168195009252836,0.00026014045149713727,1.0620308450250202,0.002784444054227348,0.006241123103655494,1274977,253778,1528755,9543300861.09375,61014858.058949165,True,9543300861.09375,3942898012.96875,5122093627.5,4146509069.53125,8583863777.8125,18178330157.8125,MISSING
transfer_fixed_five,B2-rank3-q1-r8-K2,1e063a21340c2fb397fe431779fa0bb1d2fba619b736361014296303c8f0e3e9,0.009194175092258776,0.005256157396431461,True,0.0037166645380005137,0.0002610609785499429,1.0307583312111528,0.002784599017152118,0.006240202576602689,1200863,239123,1439986,9576581893.4375,96001081.60828945,True,9576581893.4375,3871897356.1875,5043100969.375,4029350825.375,8430443036.5625,18283322243.75,MISSING
transfer_fixed_five,B0-rank6-q1-r0-K0,d9ae4b8645a032031fc003c9e7268010e6a5c5734c6da898043c748bd900aa64,0.009194175092258776,0.009976267821590988,False,0.007054286627580134,0.0006265786540605722,1.0,-0.0005530230724275021,0.005874684901092059,MISSING,253943,MISSING,MISSING,MISSING,False,MISSING,MISSING,MISSING,MISSING,MISSING,MISSING,NONPOSITIVE_AXIS_HEADROOM_OR_STRICT_BOUNDARY
transfer_fixed_five,B1-rank12-q1-r0-K0,9a24146ac2b7dfd129fa7d49aa2d50772fc647424d2ab958638482cfac139529,0.009194175092258776,0.005265778433252583,True,0.0037234676383787746,0.0002615994585534187,1.0,0.002777795916773857,0.006239664096599213,1135807,225104,1360911,27272656440.0,0.0,False,27272656440.0,11912053983.0,15759349380.0,13379116041.0,26488771704.0,52143304965.0,MISSING
transfer_fixed_five,B3-rank0-q8-r32-K4,a090ea4c0aa58921cf4904fed6f6f74fac8d2e12f031736c8c94aa80754f295b,0.009194175092258776,6.247566909536482e-05,True,4.417696927649928e-05,3.5948699160792685e-06,1.47140967604679,0.006457086585876132,0.006497668685236552,455092,449425,904517,31819268622.9375,408150257.7688613,False,31819268622.9375,7238397292.5,10454040025.96875,4816100766.5,15661570524.21875,61028751305.46875,MISSING
transfer_fixed_five,B2-rank3-q1-r4-K2,215212e37d35f0277d90e0dfb354ff27c6334677ddc57b31f4e702fb709a928b,0.009286445980493743,0.005256376547101335,True,0.0037168195009252836,0.00026014045149713727,1.0620308450250202,0.0028496894250043987,0.006306368474432545,1217263,248554,1465817,9150408429.28125,58502910.011999756,True,9150408429.28125,3780571076.90625,4911219858.5,3975799578.59375,8230470841.4375,17429938333.4375,MISSING
transfer_fixed_five,B2-rank3-q1-r8-K2,1e063a21340c2fb397fe431779fa0bb1d2fba619b736361014296303c8f0e3e9,0.009286445980493743,0.005256157396431461,True,0.0037166645380005137,0.0002610609785499429,1.0307583312111528,0.0028498443879291686,0.006305447947379739,1146507,234200,1380707,9182348756.40625,92049065.3271188,True,9182348756.40625,3712505387.53125,4835494796.5625,3863477068.5625,8083392278.59375,17530664190.625,MISSING
transfer_fixed_five,B0-rank6-q1-r0-K0,d9ae4b8645a032031fc003c9e7268010e6a5c5734c6da898043c748bd900aa64,0.009286445980493743,0.009976267821590988,False,0.007054286627580134,0.0006265786540605722,1.0,-0.0004877777016504513,0.00593993027186911,MISSING,248395,MISSING,MISSING,MISSING,False,MISSING,MISSING,MISSING,MISSING,MISSING,MISSING,NONPOSITIVE_AXIS_HEADROOM_OR_STRICT_BOUNDARY
transfer_fixed_five,B1-rank12-q1-r0-K0,9a24146ac2b7dfd129fa7d49aa2d50772fc647424d2ab958638482cfac139529,0.009286445980493743,0.005265778433252583,True,0.0037234676383787746,0.0002615994585534187,1.0,0.0028430412875509077,0.006304909467376264,1084274,220469,1304743,26147049720.0,0.0,False,26147049720.0,11420415479.0,15108923940.0,12826928433.0,25395517752.0,49991228045.0,MISSING
transfer_fixed_five,B3-rank0-q8-r32-K4,a090ea4c0aa58921cf4904fed6f6f74fac8d2e12f031736c8c94aa80754f295b,0.009286445980493743,6.247566909536482e-05,True,4.417696927649928e-05,3.5948699160792685e-06,1.47140967604679,0.006522331956653183,0.006562914056013603,446033,440534,886567,31187820157.3125,400050579.01550335,False,31187820157.3125,7094752417.5,10246581218.15625,4720525991.5,15350769078.90625,59817645172.65625,MISSING
transfer_fixed_five,B2-rank3-q1-r4-K2,215212e37d35f0277d90e0dfb354ff27c6334677ddc57b31f4e702fb709a928b,0.009379642880766792,0.005256376547101335,True,0.0037168195009252836,0.00026014045149713727,1.0620308450250202,0.002915589585173038,0.0063722686346011845,1162858,243440,1406298,8778859211.8125,56127419.2781604,True,8778859211.8125,3627062276.0625,4711801449.0,3814363590.9375,7896275376.375,16722201624.375,MISSING
transfer_fixed_five,B2-rank3-q1-r8-K2,1e063a21340c2fb397fe431779fa0bb1d2fba619b736361014296303c8f0e3e9,0.009379642880766792,0.005256157396431461,True,0.0037166645380005137,0.0002610609785499429,1.0307583312111528,0.002915744548097808,0.006371348107548379,1095267,229381,1324648,8809530128.75,88311720.21829198,True,8809530128.75,3561771495.75,4639165667.5,3706613475.5,7755193111.25,16818890075.0,MISSING
transfer_fixed_five,B0-rank6-q1-r0-K0,d9ae4b8645a032031fc003c9e7268010e6a5c5734c6da898043c748bd900aa64,0.009379642880766792,0.009976267821590988,False,0.007054286627580134,0.0006265786540605722,1.0,-0.00042187754148181184,0.0060058304320377495,MISSING,242974,MISSING,MISSING,MISSING,False,MISSING,MISSING,MISSING,MISSING,MISSING,MISSING,NONPOSITIVE_AXIS_HEADROOM_OR_STRICT_BOUNDARY
transfer_fixed_five,B1-rank12-q1-r0-K0,9a24146ac2b7dfd129fa7d49aa2d50772fc647424d2ab958638482cfac139529,0.009379642880766792,0.005265778433252583,True,0.0037234676383787746,0.0002615994585534187,1.0,0.002908941447719547,0.006370809627544903,1035703,215932,1251635,25082765400.0,0.0,False,25082765400.0,10955561155.0,14493933300.0,12304823685.0,24361823640.0,47956395025.0,MISSING
transfer_fixed_five,B3-rank0-q8-r32-K4,a090ea4c0aa58921cf4904fed6f6f74fac8d2e12f031736c8c94aa80754f295b,0.009379642880766792,6.247566909536482e-05,True,4.417696927649928e-05,3.5948699160792685e-06,1.47140967604679,0.0065882321168218225,0.0066288142161822425,437154,431818,868972,30568859948.25,392111088.894872,False,30568859948.25,6953948430.0,10043225356.125,4626841414.0,15046114403.125,58630491278.125,MISSING
transfer_fixed_five,B2-rank3-q1-r4-K2,215212e37d35f0277d90e0dfb354ff27c6334677ddc57b31f4e702fb709a928b,0.009473775086348108,0.005256376547101335,True,0.0037168195009252836,0.00026014045149713727,1.0620308450250202,0.0029821511060676327,0.006438830155495779,1111527,238433,1349960,8427167486.25,53878886.92776737,True,8427167486.25,3481757771.25,4523040980.0,3661555568.75,7579941027.5,16052289987.5,MISSING
transfer_fixed_five,B2-rank3-q1-r8-K2,1e063a21340c2fb397fe431779fa0bb1d2fba619b736361014296303c8f0e3e9,0.009473775086348108,0.005256157396431461,True,0.0037166645380005137,0.0002610609785499429,1.0307583312111528,0.0029823060689924026,0.006437909628442973,1046922,224662,1271584,8456629655.0,84774045.9669713,True,8456629655.0,3419090691.0,4453325590.0,3558130454.0,7444528265.0,16145143100.0,MISSING
transfer_fixed_five,B0-rank6-q1-r0-K0,d9ae4b8645a032031fc003c9e7268010e6a5c5734c6da898043c748bd900aa64,0.009473775086348108,0.009976267821590988,False,0.007054286627580134,0.0006265786540605722,1.0,-0.0003553160205872173,0.006072391952932344,MISSING,237677,MISSING,MISSING,MISSING,False,MISSING,MISSING,MISSING,MISSING,MISSING,MISSING,NONPOSITIVE_AXIS_HEADROOM_OR_STRICT_BOUNDARY
transfer_fixed_five,B1-rank12-q1-r0-K0,9a24146ac2b7dfd129fa7d49aa2d50772fc647424d2ab958638482cfac139529,0.009473775086348108,0.005265778433252583,True,0.0037234676383787746,0.0002615994585534187,1.0,0.0029755029686141417,0.0064373711484394976,989884,211490,1201374,24075534960.0,0.0,False,24075534960.0,10515626622.0,13911910920.0,11810707794.0,23383543536.0,46030644810.0,MISSING
transfer_fixed_five,B3-rank0-q8-r32-K4,a090ea4c0aa58921cf4904fed6f6f74fac8d2e12f031736c8c94aa80754f295b,0.009473775086348108,6.247566909536482e-05,True,4.417696927649928e-05,3.5948699160792685e-06,1.47140967604679,0.006654793637716417,0.006695375737076837,428453,423275,851728,29962247283.0,384329982.46462667,False,29962247283.0,6815953320.0,9843926209.5,4535025736.0,14747537237.5,57467019737.5,MISSING
transfer_fixed_five,B2-rank3-q1-r4-K2,215212e37d35f0277d90e0dfb354ff27c6334677ddc57b31f4e702fb709a928b,0.009568851983773266,0.005256376547101335,True,0.0037168195009252836,0.00026014045149713727,1.0620308450250202,0.00304938062497114,0.006506059674399286,1063056,233531,1296587,8093984865.84375,51748692.08347886,True,8093984865.84375,3344100464.71875,4344214743.5,3516789645.78125,7280254968.3125,15417634980.3125,MISSING
transfer_fixed_five,B2-rank3-q1-r8-K2,1e063a21340c2fb397fe431779fa0bb1d2fba619b736361014296303c8f0e3e9,0.009568851983773266,0.005256157396431461,True,0.0037166645380005137,0.0002610609785499429,1.0307583312111528,0.00304953558789591,0.0065051391473464806,1001271,220042,1221313,8122303940.46875,81422575.6238358,True,8122303940.46875,3283919826.84375,4277267122.1875,3417462770.1875,7150215124.53125,15506858496.875,MISSING
transfer_fixed_five,B0-rank6-q1-r0-K0,d9ae4b8645a032031fc003c9e7268010e6a5c5734c6da898043c748bd900aa64,0.009568851983773266,0.009976267821590988,False,0.007054286627580134,0.0006265786540605722,1.0,-0.0002880865016837101,0.006139621471835851,MISSING,232500,MISSING,MISSING,MISSING,False,MISSING,MISSING,MISSING,MISSING,MISSING,MISSING,NONPOSITIVE_AXIS_HEADROOM_OR_STRICT_BOUNDARY
transfer_fixed_five,B1-rank12-q1-r0-K0,9a24146ac2b7dfd129fa7d49aa2d50772fc647424d2ab958638482cfac139529,0.009568851983773266,0.005265778433252583,True,0.0037234676383787746,0.0002615994585534187,1.0,0.003042732487517649,0.006504600667343005,946624,207140,1153764,23121430560.0,0.0,False,23121430560.0,10098896292.0,13360587120.0,11342653884.0,22456862496.0,44206467660.0,MISSING
transfer_fixed_five,B3-rank0-q8-r32-K4,a090ea4c0aa58921cf4904fed6f6f74fac8d2e12f031736c8c94aa80754f295b,0.009568851983773266,6.247566909536482e-05,True,4.417696927649928e-05,3.5948699160792685e-06,1.47140967604679,0.006722023156619924,0.006762605255980344,419926,414901,834827,29367700736.0625,376703649.8400861,False,29367700736.0625,6680703067.5,9648591317.53125,4445036361.5,14454899063.28125,56326690782.03125,MISSING
transfer_fixed_five,B2-rank3-q1-r4-K2,215212e37d35f0277d90e0dfb354ff27c6334677ddc57b31f4e702fb709a928b,0.009664883053779216,0.005256376547101335,True,0.0037168195009252836,0.00026014045149713727,1.0620308450250202,0.0031172848457769473,0.006573963895205094,1017247,228731,1245978,7778056601.8125,49728812.53999063,True,7778056601.8125,3213571946.0625,4174649289.0,3379520640.9375,6996088596.375,14815846524.375,MISSING
transfer_fixed_five,B2-rank3-q1-r8-K2,1e063a21340c2fb397fe431779fa0bb1d2fba619b736361014296303c8f0e3e9,0.009664883053779216,0.005256157396431461,True,0.0037166645380005137,0.0002610609785499429,1.0307583312111528,0.003117439808701717,0.006573043368152288,958126,215520,1173646,7805296046.5625,78244708.92442182,True,7805296046.5625,3155750711.8125,4110328350.625,3284081566.625,6871147183.4375,14901636556.25,MISSING
transfer_fixed_five,B0-rank6-q1-r0-K0,d9ae4b8645a032031fc003c9e7268010e6a5c5734c6da898043c748bd900aa64,0.009664883053779216,0.009976267821590988,False,0.007054286627580134,0.0006265786540605722,1.0,-0.00022018228087790272,0.006207525692641659,MISSING,227441,MISSING,MISSING,MISSING,False,MISSING,MISSING,MISSING,MISSING,MISSING,MISSING,NONPOSITIVE_AXIS_HEADROOM_OR_STRICT_BOUNDARY
transfer_fixed_five,B1-rank12-q1-r0-K0,9a24146ac2b7dfd129fa7d49aa2d50772fc647424d2ab958638482cfac139529,0.009664883053779216,0.005265778433252583,True,0.0037234676383787746,0.0002615994585534187,1.0,0.0031106367083234563,0.006572504888148812,905746,202882,1108628,22216905120.0,0.0,False,22216905120.0,9703820884.0,12837912240.0,10898921868.0,21578335392.0,42477081820.0,MISSING
transfer_fixed_five,B3-rank0-q8-r32-K4,a090ea4c0aa58921cf4904fed6f6f74fac8d2e12f031736c8c94aa80754f295b,0.009664883053779216,6.247566909536482e-05,True,4.417696927649928e-05,3.5948699160792685e-06,1.47140967604679,0.006789927377425732,0.006830509476786152,411569,406693,818262,28784974060.125,369228932.3721544,False,28784974060.125,6548141655.0,9457139777.0625,4356836019.0,14168078676.5625,55209032114.0625,MISSING
transfer_fixed_five,B2-rank3-q1-r4-K2,215212e37d35f0277d90e0dfb354ff27c6334677ddc57b31f4e702fb709a928b,0.009761877872249677,0.005256376547101335,True,0.0037168195009252836,0.00026014045149713727,1.0620308450250202,0.0031858705396573686,0.006642549589085515,973920,224032,1197952,7478252796.0,47812024.32138196,True,7478252796.0,3089705388.0,4013738176.0,3249257620.0,6726425608.0,14244772360.0,MISSING
transfer_fixed_five,B2-rank3-q1-r8-K2,1e063a21340c2fb397fe431779fa0bb1d2fba619b736361014296303c8f0e3e9,0.009761877872249677,0.005256157396431461,True,0.0037166645380005137,0.0002610609785499429,1.0307583312111528,0.0031860255025821385,0.006641629062032709,917319,211091,1128410,7504455442.1875,75228912.29332083,True,7504455442.1875,3034118175.9375,3951903396.875,3157502756.875,6606311607.8125,14327280718.75,MISSING
transfer_fixed_five,B0-rank6-q1-r0-K0,d9ae4b8645a032031fc003c9e7268010e6a5c5734c6da898043c748bd900aa64,0.009761877872249677,0.009976267821590988,False,0.007054286627580134,0.0006265786540605722,1.0,-0.00015159658699748137,0.00627611138652208,MISSING,222497,MISSING,MISSING,MISSING,False,MISSING,MISSING,MISSING,MISSING,MISSING,MISSING,NONPOSITIVE_AXIS_HEADROOM_OR_STRICT_BOUNDARY
transfer_fixed_five,B1-rank12-q1-r0-K0,9a24146ac2b7dfd129fa7d49aa2d50772fc647424d2ab958638482cfac139529,0.009761877872249677,0.005265778433252583,True,0.0037234676383787746,0.0002615994585534187,1.0,0.0031792224022038776,0.0066410905820292335,867089,198713,1065802,21358672080.0,0.0,False,21358672080.0,9328964906.0,12341987160.0,10477899462.0,20744770128.0,40836203630.0,MISSING
transfer_fixed_five,B3-rank0-q8-r32-K4,a090ea4c0aa58921cf4904fed6f6f74fac8d2e12f031736c8c94aa80754f295b,0.009761877872249677,6.247566909536482e-05,True,4.417696927649928e-05,3.5948699160792685e-06,1.47140967604679,0.006858513071306153,0.006899095170666573,403379,398647,802026,28213821007.875,361902671.4117355,False,28213821007.875,6418213065.0,9269490684.9375,4270387437.0,13886954873.4375,54113571435.9375,MISSING
transfer_fixed_five,B2-rank3-q1-r4-K2,215212e37d35f0277d90e0dfb354ff27c6334677ddc57b31f4e702fb709a928b,0.009859846111170006,0.005256376547101335,True,0.0037168195009252836,0.00026014045149713727,1.0620308450250202,0.0032551445457388367,0.006711823595166983,932908,219432,1152340,7193518460.625,45991582.389362246,True,7193518460.625,2972064913.125,3860915170.0,3125542196.875,6470317078.75,13702402918.75,MISSING
transfer_fixed_five,B2-rank3-q1-r8-K2,1e063a21340c2fb397fe431779fa0bb1d2fba619b736361014296303c8f0e3e9,0.009859846111170006,0.005256157396431461,True,0.0037166645380005137,0.0002610609785499429,1.0307583312111528,0.0032552995086636066,0.006710903068114177,878693,206756,1085449,7218744654.21875,72364785.51224537,True,7218744654.21875,2918602759.59375,3801445919.6875,3037289823.6875,6354795090.78125,13781810271.875,MISSING
transfer_fixed_five,B0-rank6-q1-r0-K0,d9ae4b8645a032031fc003c9e7268010e6a5c5734c6da898043c748bd900aa64,0.009859846111170006,0.009976267821590988,False,0.007054286627580134,0.0006265786540605722,1.0,-8.232258091601333e-05,0.006345385392603548,MISSING,217666,MISSING,MISSING,MISSING,False,MISSING,MISSING,MISSING,MISSING,MISSING,MISSING,NONPOSITIVE_AXIS_HEADROOM_OR_STRICT_BOUNDARY
transfer_fixed_five,B1-rank12-q1-r0-K0,9a24146ac2b7dfd129fa7d49aa2d50772fc647424d2ab958638482cfac139529,0.009859846111170006,0.005265778433252583,True,0.0037234676383787746,0.0002615994585534187,1.0,0.0032484964082853457,0.0067103645881107015,830502,194632,1025134,20543685360.0,0.0,False,20543685360.0,8972997902.0,11871051720.0,10078092354.0,19953208176.0,39278009210.0,MISSING
transfer_fixed_five,B3-rank0-q8-r32-K4,a090ea4c0aa58921cf4904fed6f6f74fac8d2e12f031736c8c94aa80754f295b,0.009859846111170006,6.247566909536482e-05,True,4.417696927649928e-05,3.5948699160792685e-06,1.47140967604679,0.006927787077387621,0.006968369176748041,395352,390760,786112,27653995332.0,354721708.30973333,False,27653995332.0,6290861280.0,9085563138.0,4185653344.0,13611406450.0,53039836450.0,MISSING
transfer_fixed_five,B2-rank3-q1-r4-K2,215212e37d35f0277d90e0dfb354ff27c6334677ddc57b31f4e702fb709a928b,0.009958797539591653,0.005256376547101335,True,0.0037168195009252836,0.00026014045149713727,1.0620308450250202,0.0033251137717838783,0.006781792821212025,894060,214927,1108987,6922886003.34375,44261300.466209345,True,6922886003.34375,2860250752.21875,3715660943.5,3007953958.28125,6226892693.3125,13186895105.3125,MISSING
transfer_fixed_five,B2-rank3-q1-r8-K2,1e063a21340c2fb397fe431779fa0bb1d2fba619b736361014296303c8f0e3e9,0.009958797539591653,0.005256157396431461,True,0.0037166645380005137,0.0002610609785499429,1.0307583312111528,0.0033252687347086482,0.006780872294159219,842104,202511,1044615,6947179413.28125,69642461.70743555,True,6947179413.28125,2808806513.90625,3658437595.3125,2923028635.3125,6115731161.71875,13263346078.125,MISSING
transfer_fixed_five,B0-rank6-q1-r0-K0,d9ae4b8645a032031fc003c9e7268010e6a5c5734c6da898043c748bd900aa64,0.009958797539591653,0.009976267821590988,False,0.007054286627580134,0.0006265786540605722,1.0,-1.2353354870971688e-05,0.00641535461864859,MISSING,212944,MISSING,MISSING,MISSING,False,MISSING,MISSING,MISSING,MISSING,MISSING,MISSING,NONPOSITIVE_AXIS_HEADROOM_OR_STRICT_BOUNDARY
transfer_fixed_five,B1-rank12-q1-r0-K0,9a24146ac2b7dfd129fa7d49aa2d50772fc647424d2ab958638482cfac139529,0.009958797539591653,0.005265778433252583,True,0.0037234676383787746,0.0002615994585534187,1.0,0.0033184656343303873,0.006780333814155743,795849,190636,986485,19769159400.0,0.0,False,19769159400.0,8634703205.0,11423496300.0,9698134035.0,19200944040.0,37797172775.0,MISSING
transfer_fixed_five,B3-rank0-q8-r32-K4,a090ea4c0aa58921cf4904fed6f6f74fac8d2e12f031736c8c94aa80754f295b,0.009958797539591653,6.247566909536482e-05,True,4.417696927649928e-05,3.5948699160792685e-06,1.47140967604679,0.006997756303432663,0.007038338402793083,387485,383030,770515,27105321141.5625,347683786.8882223,False,27105321141.5625,6166046287.5,8905299348.28125,4102607117.5,13341346832.03125,51987489800.78125,MISSING
transfer_fixed_five,B2-rank3-q1-r4-K2,215212e37d35f0277d90e0dfb354ff27c6334677ddc57b31f4e702fb709a928b,0.0100587420246063,0.005256376547101335,True,0.0037168195009252836,0.00026014045149713727,1.0620308450250202,0.0033957851948799335,0.00685246424430808,857233,210517,1067750,6665462742.1875,42615471.211831175,True,6665462742.1875,2753894085.9375,3577496375.0,2896105039.0625,5995349515.625,12696548515.625,MISSING
transfer_fixed_five,B2-rank3-q1-r8-K2,1e063a21340c2fb397fe431779fa0bb1d2fba619b736361014296303c8f0e3e9,0.0100587420246063,0.005256157396431461,True,0.0037166645380005137,0.0002610609785499429,1.0307583312111528,0.0033959401578047034,0.006851543717255274,807419,198355,1005774,6688868556.5625,67053007.35805467,True,6688868556.5625,2704369133.8125,3522409130.625,2814344234.625,5888335313.4375,12770186756.25,MISSING
transfer_fixed_five,B0-rank6-q1-r0-K0,d9ae4b8645a032031fc003c9e7268010e6a5c5734c6da898043c748bd900aa64,0.0100587420246063,0.009976267821590988,True,0.007054286627580134,0.0006265786540605722,1.0,5.831806822508348e-05,0.006486026041744645,2576907025,208328,2577115353,26984974861263.0,0.0,False,26984974861263.0,12166561581513.0,15473000579412.0,13140711184947.0,26459243329251.0,51431491099821.0,MISSING
transfer_fixed_five,B1-rank12-q1-r0-K0,9a24146ac2b7dfd129fa7d49aa2d50772fc647424d2ab958638482cfac139529,0.0100587420246063,0.005265778433252583,True,0.0037234676383787746,0.0002615994585534187,1.0,0.0033891370574264425,0.006851005237251798,763004,186723,949727,19032529080.0,0.0,False,19032529080.0,8312960431.0,10997838660.0,9336766137.0,18485486328.0,36388790005.0,MISSING
transfer_fixed_five,B3-rank0-q8-r32-K4,a090ea4c0aa58921cf4904fed6f6f74fac8d2e12f031736c8c94aa80754f295b,0.0100587420246063,6.247566909536482e-05,True,4.417696927649928e-05,3.5948699160792685e-06,1.47140967604679,0.007068427726528718,0.007109009825889138,379776,375452,755228,26567552189.25,340785748.49810624,False,26567552189.25,6043712070.0,8728618412.625,4021211486.0,13076654815.625,50956059190.625,MISSING
transfer_fixed_five,B2-rank3-q1-r4-K2,215212e37d35f0277d90e0dfb354ff27c6334677ddc57b31f4e702fb709a928b,0.010159689532329779,0.005256376547101335,True,0.0037168195009252836,0.00026014045149713727,1.0620308450250202,0.003467165862135086,0.006923844911563232,822300,206199,1028499,6420437148.09375,41048906.13523499,True,6420437148.09375,2652659623.96875,3445985899.5,2789642834.53125,5774957603.8125,12229817327.8125,MISSING
transfer_fixed_five,B2-rank3-q1-r8-K2,1e063a21340c2fb397fe431779fa0bb1d2fba619b736361014296303c8f0e3e9,0.010159689532329779,0.005256157396431461,True,0.0037166645380005137,0.0002610609785499429,1.0307583312111528,0.003467320825059856,0.0069229243845104265,774517,194286,968803,6442994076.40625,64588222.29199148,True,6442994076.40625,2604959891.53125,3392929756.5625,2710892444.5625,5671887438.59375,12300770590.625,MISSING
transfer_fixed_five,B0-rank6-q1-r0-K0,d9ae4b8645a032031fc003c9e7268010e6a5c5734c6da898043c748bd900aa64,0.010159689532329779,0.009976267821590988,True,0.007054286627580134,0.0006265786540605722,1.0,0.00012969873548023588,0.006557406708999797,520994964,203818,521198782,5457472446322.0,0.0,False,5457472446322.0,2460579449822.0,3129277487128.0,2657592589418.0,5351147894794.0,10401564092374.0,MISSING
transfer_fixed_five,B1-rank12-q1-r0-K0,9a24146ac2b7dfd129fa7d49aa2d50772fc647424d2ab958638482cfac139529,0.010159689532329779,0.005265778433252583,True,0.0037234676383787746,0.0002615994585534187,1.0,0.003460517724681595,0.006922385904506951,731852,182892,914744,18331469760.0,0.0,False,18331469760.0,8006754232.0,10592735520.0,8992848264.0,17804577216.0,35048416360.0,MISSING
transfer_fixed_five,B3-rank0-q8-r32-K4,a090ea4c0aa58921cf4904fed6f6f74fac8d2e12f031736c8c94aa80754f295b,0.010159689532329779,6.247566909536482e-05,True,4.417696927649928e-05,3.5948699160792685e-06,1.47140967604679,0.00713980839378387,0.00718039049314429,372220,368024,740244,26040442227.75,334024434.4902893,False,26040442227.75,5923802610.0,8555439427.875,3941429178.0,12817209196.875,49945072321.875,MISSING
transfer_fixed_five,B2-rank3-q1-r4-K2,215212e37d35f0277d90e0dfb354ff27c6334677ddc57b31f4e702fb709a928b,0.010261650128895843,0.005256376547101335,True,0.0037168195009252836,0.00026014045149713727,1.0620308450250202,0.003539262891380776,0.006995941940808922,789140,201971,991111,6187041389.71875,39556696.12571221,True,6187041389.71875,2556230130.09375,3320717405.5,2688233726.40625,5565026320.5625,11785238956.5625,MISSING
transfer_fixed_five,B2-rank3-q1-r8-K2,1e063a21340c2fb397fe431779fa0bb1d2fba619b736361014296303c8f0e3e9,0.010261650128895843,0.005256157396431461,True,0.0037166645380005137,0.0002610609785499429,1.0307583312111528,0.003539417854305546,0.006995021413756117,743285,190301,933586,6208784518.4375,62240373.013596326,True,6208784518.4375,2510266881.1875,3269593219.375,2612348675.375,5465708411.5625,11853624743.75,MISSING
transfer_fixed_five,B0-rank6-q1-r0-K0,d9ae4b8645a032031fc003c9e7268010e6a5c5734c6da898043c748bd900aa64,0.010261650128895843,0.009976267821590988,True,0.007054286627580134,0.0006265786540605722,1.0,0.00020179576472592609,0.0066295037382454874,215219152,199409,215418561,2255647752231.0,0.0,False,2255647752231.0,1016991026481.0,1293373040244.0,1098419242539.0,2211702365787.0,4299108221877.0,MISSING
transfer_fixed_five,B1-rank12-q1-r0-K0,9a24146ac2b7dfd129fa7d49aa2d50772fc647424d2ab958638482cfac139529,0.010261650128895843,0.005265778433252583,True,0.0037234676383787746,0.0002615994585534187,1.0,0.003532614753927285,0.006994482933752641,702284,179141,881425,17663757000.0,0.0,False,17663757000.0,7715113025.0,10206901500.0,8665289175.0,17156056200.0,33771798875.0,MISSING
transfer_fixed_five,B3-rank0-q8-r32-K4,a090ea4c0aa58921cf4904fed6f6f74fac8d2e12f031736c8c94aa80754f295b,0.010261650128895843,6.247566909536482e-05,True,4.417696927649928e-05,3.5948699160792685e-06,1.47140967604679,0.00721190542302956,0.00725248752238998,364815,360744,725559,25523850544.3125,327398039.9224307,False,25523850544.3125,5806285897.5,8385716163.65625,3863238895.5,12562940716.40625,48954259310.15625,MISSING
transfer_fixed_five,B2-rank3-q1-r4-K2,215212e37d35f0277d90e0dfb354ff27c6334677ddc57b31f4e702fb709a928b,0.010364633981459941,0.005256376547101335,True,0.0037168195009252836,0.00026014045149713727,1.0620308450250202,0.0036120834718815654,0.007068762521309712,757642,197831,955473,5964570061.03125,38134331.18724605,True,5964570061.03125,2464314159.65625,3201312286.5,2591571219.84375,5364921177.9375,11361469725.9375,MISSING
transfer_fixed_five,B2-rank3-q1-r8-K2,1e063a21340c2fb397fe431779fa0bb1d2fba619b736361014296303c8f0e3e9,0.010364633981459941,0.005256157396431461,True,0.0037166645380005137,0.0002610609785499429,1.0307583312111528,0.0036122384348063353,0.007067841994256906,713619,186400,900019,5985548233.90625,60002526.044010885,True,5985548233.90625,2420010463.03125,3152035291.5625,2518421915.5625,5269189361.09375,11427428740.625,MISSING
transfer_fixed_five,B0-rank6-q1-r0-K0,d9ae4b8645a032031fc003c9e7268010e6a5c5734c6da898043c748bd900aa64,0.010364633981459941,0.009976267821590988,True,0.007054286627580134,0.0006265786540605722,1.0,0.00027461634522671537,0.006702324318746277,116212340,195099,116407439,1218902293769.0,0.0,False,1218902293769.0,549559519519.0,698910263756.0,593561531461.0,1195155176213.0,2323143260123.0,MISSING
transfer_fixed_five,B1-rank12-q1-r0-K0,9a24146ac2b7dfd129fa7d49aa2d50772fc647424d2ab958638482cfac139529,0.010364633981459941,0.005265778433252583,True,0.0037234676383787746,0.0002615994585534187,1.0,0.0036054353344280744,0.00706730351425343,674202,175468,849670,17027386800.0,0.0,False,17027386800.0,7437161510.0,9839178600.0,8353105770.0,16537976880.0,32555106050.0,MISSING
transfer_fixed_five,B3-rank0-q8-r32-K4,a090ea4c0aa58921cf4904fed6f6f74fac8d2e12f031736c8c94aa80754f295b,0.010364633981459941,6.247566909536482e-05,True,4.417696927649928e-05,3.5948699160792685e-06,1.47140967604679,0.00728472600353035,0.00732530810289077,357558,353607,711165,25017495713.4375,320902954.9098494,False,25017495713.4375,5691097912.5,8219356159.21875,3786598042.5,12313710855.46875,47983080386.71875,MISSING
transfer_fixed_five,B2-rank3-q1-r4-K2,215212e37d35f0277d90e0dfb354ff27c6334677ddc57b31f4e702fb709a928b,0.01046865135921304,0.005256376547101335,True,0.0037168195009252836,0.00026014045149713727,1.0620308450250202,0.003685634865052024,0.00714231391448017,727704,193777,921481,5752373938.78125,36777660.52704229,True,5752373938.78125,2376643480.40625,3087422090.5,2499373231.09375,5174058222.4375,10957272978.4375,MISSING
transfer_fixed_five,B2-rank3-q1-r8-K2,1e063a21340c2fb397fe431779fa0bb1d2fba619b736361014296303c8f0e3e9,0.01046865135921304,0.005256157396431461,True,0.0037166645380005137,0.0002610609785499429,1.0307583312111528,0.003685789827976794,0.007141393387427365,685422,182580,868002,5772620175.9375,57868014.57664064,True,5772620175.9375,2333921752.6875,3039905754.375,2428832346.375,5081744834.0625,11020912893.75,MISSING
transfer_fixed_five,B0-rank6-q1-r0-K0,d9ae4b8645a032031fc003c9e7268010e6a5c5734c6da898043c748bd900aa64,0.01046865135921304,0.009976267821590988,True,0.007054286627580134,0.0006265786540605722,1.0,0.00034816773839717405,0.006775875711916735,72298279,190887,72489166,759034057186.0,0.0,False,759034057186.0,342221352686.0,435224952664.0,369622257434.0,744246267322.0,1446666285862.0,MISSING
transfer_fixed_five,B1-rank12-q1-r0-K0,9a24146ac2b7dfd129fa7d49aa2d50772fc647424d2ab958638482cfac139529,0.01046865135921304,0.005265778433252583,True,0.0037234676383787746,0.0002615994585534187,1.0,0.003678986727598533,0.007140854907423889,647514,171872,819386,16420495440.0,0.0,False,16420495440.0,7172085658.0,9488489880.0,8055383766.0,15948529104.0,31394774590.0,MISSING
transfer_fixed_five,B3-rank0-q8-r32-K4,a090ea4c0aa58921cf4904fed6f6f74fac8d2e12f031736c8c94aa80754f295b,0.01046865135921304,6.247566909536482e-05,True,4.417696927649928e-05,3.5948699160792685e-06,1.47140967604679,0.007358277396700808,0.007398859496061228,350446,346612,697058,24521237022.375,314537374.51020485,False,24521237022.375,5578206645.0,8056313184.1875,3711485321.0,12069450354.6875,47031265667.1875,MISSING
transfer_fixed_five,B2-rank3-q1-r4-K2,215212e37d35f0277d90e0dfb354ff27c6334677ddc57b31f4e702fb709a928b,0.010573712634405642,0.005256376547101335,True,0.0037168195009252836,0.00026014045149713727,1.0620308450250202,0.003759924405180819,0.007216603454608965,699232,189808,889040,5549859982.5,35482892.55552928,True,5549859982.5,2292973072.5,2978728520.0,2411382087.5,4991904035.0,10571519075.0,MISSING
transfer_fixed_five,B2-rank3-q1-r8-K2,1e063a21340c2fb397fe431779fa0bb1d2fba619b736361014296303c8f0e3e9,0.010573712634405642,0.005256157396431461,True,0.0037166645380005137,0.0002610609785499429,1.0307583312111528,0.003760079368105589,0.00721568292755616,658605,178840,837445,5569401802.34375,55830838.48555052,True,5569401802.34375,2251758754.21875,2932889410.9375,2343328130.9375,4902847922.65625,10632934484.375,MISSING
transfer_fixed_five,B0-rank6-q1-r0-K0,d9ae4b8645a032031fc003c9e7268010e6a5c5734c6da898043c748bd900aa64,0.010573712634405642,0.009976267821590988,True,0.007054286627580134,0.0006265786540605722,1.0,0.000422457278525969,0.00685016525204553,49106549,186769,49293318,516150332778.0,0.0,False,516150332778.0,232713754278.0,295957081272.0,251346628482.0,506094495906.0,983746747326.0,MISSING
transfer_fixed_five,B1-rank12-q1-r0-K0,9a24146ac2b7dfd129fa7d49aa2d50772fc647424d2ab958638482cfac139529,0.010573712634405642,0.005265778433252583,True,0.0037234676383787746,0.0002615994585534187,1.0,0.003753276267727328,0.007215144447552684,622135,168351,790486,15841339440.0,0.0,False,15841339440.0,6919123958.0,9153827880.0,7771267866.0,15386019504.0,30287471090.0,MISSING
transfer_fixed_five,B3-rank0-q8-r32-K4,a090ea4c0aa58921cf4904fed6f6f74fac8d2e12f031736c8c94aa80754f295b,0.010573712634405642,6.247566909536482e-05,True,4.417696927649928e-05,3.5948699160792685e-06,1.47140967604679,0.007432566936829603,0.007473149036190023,343475,339755,683230,24034793045.625,308297688.83881575,False,24034793045.625,5467548075.0,7896494777.8125,3637858135.0,11830020695.3125,46098275382.8125,MISSING
transfer_fixed_five,B2-rank3-q1-r4-K2,215212e37d35f0277d90e0dfb354ff27c6334677ddc57b31f4e702fb709a928b,0.010679828283382063,0.005256376547101335,True,0.0037168195009252836,0.00026014045149713727,1.0620308450250202,0.0038349595001620582,0.0072916385495902045,672137,185922,858059,5356460121.84375,34246395.32901208,True,5356460121.84375,2213068232.71875,2874926679.5,2327350965.78125,4817947656.3125,10203125940.3125,MISSING
transfer_fixed_five,B2-rank3-q1-r8-K2,1e063a21340c2fb397fe431779fa0bb1d2fba619b736361014296303c8f0e3e9,0.010679828283382063,0.005256157396431461,True,0.0037166645380005137,0.0002610609785499429,1.0307583312111528,0.003835114463086828,0.007290718022537399,633086,175178,808264,5375334473.75,53885397.65320112,True,5375334473.75,2173295604.75,2830692077.5,2261674221.5,4732006846.25,10262426975.0,MISSING
transfer_fixed_five,B0-rank6-q1-r0-K0,d9ae4b8645a032031fc003c9e7268010e6a5c5734c6da898043c748bd900aa64,0.010679828283382063,0.009976267821590988,True,0.007054286627580134,0.0006265786540605722,1.0,0.0004974923735072082,0.00692520034702677,35410508,182743,35593251,372696931221.0,0.0,False,372696931221.0,168035737971.0,213701879004.0,181489986849.0,365435908017.0,710334510207.0,MISSING
transfer_fixed_five,B1-rank12-q1-r0-K0,9a24146ac2b7dfd129fa7d49aa2d50772fc647424d2ab958638482cfac139529,0.010679828283382063,0.005265778433252583,True,0.0037234676383787746,0.0002615994585534187,1.0,0.003828311362708567,0.007290179542533923,597986,164904,762890,15288315600.0,0.0,False,15288315600.0,6677576170.0,8834266200.0,7499971590.0,14848890960.0,29230130350.0,MISSING
transfer_fixed_five,B3-rank0-q8-r32-K4,a090ea4c0aa58921cf4904fed6f6f74fac8d2e12f031736c8c94aa80754f295b,0.010679828283382063,6.247566909536482e-05,True,4.417696927649928e-05,3.5948699160792685e-06,1.47140967604679,0.0075076020318108425,0.0075481841311712625,336644,333033,669677,23558023070.4375,302182092.95334166,False,23558023070.4375,5359090192.5,7739854709.71875,3565695186.5,11595352617.96875,45183839649.21875,MISSING
transfer_fixed_five,B2-rank3-q1-r4-K2,215212e37d35f0277d90e0dfb354ff27c6334677ddc57b31f4e702fb709a928b,0.010787008887625097,0.005256376547101335,True,0.0037168195009252836,0.00026014045149713727,1.0620308450250202,0.003910747632233979,0.007367426681662125,646338,182116,828454,5171649984.1875,33064816.28407997,True,5171649984.1875,2136712311.9375,2775735127.0,2247052029.0625,4651717431.625,9851094735.625,MISSING
transfer_fixed_five,B2-rank3-q1-r8-K2,1e063a21340c2fb397fe431779fa0bb1d2fba619b736361014296303c8f0e3e9,0.010787008887625097,0.005256157396431461,True,0.0037166645380005137,0.0002610609785499429,1.0307583312111528,0.003910902595158749,0.007366506154609319,608787,171592,780379,5189886152.65625,52026358.634316795,True,5189886152.65625,2098317196.78125,2733033579.0625,2183646763.0625,4568753242.34375,9908374615.625,MISSING
transfer_fixed_five,B0-rank6-q1-r0-K0,d9ae4b8645a032031fc003c9e7268010e6a5c5734c6da898043c748bd900aa64,0.010787008887625097,0.009976267821590988,True,0.007054286627580134,0.0006265786540605722,1.0,0.0005732805055791287,0.00700098847909869,26666786,178808,26845594,281100214774.0,0.0,False,281100214774.0,126738049274.0,161180946376.0,136885683806.0,275623713598.0,535757519458.0,MISSING
transfer_fixed_five,B1-rank12-q1-r0-K0,9a24146ac2b7dfd129fa7d49aa2d50772fc647424d2ab958638482cfac139529,0.010787008887625097,0.005265778433252583,True,0.0037234676383787746,0.0002615994585534187,1.0,0.0039040994947804877,0.007365967674605844,574994,161528,736522,14759900880.0,0.0,False,14759900880.0,6446777066.0,8528924760.0,7240747782.0,14335664208.0,28219840430.0,MISSING
transfer_fixed_five,B3-rank0-q8-r32-K4,a090ea4c0aa58921cf4904fed6f6f74fac8d2e12f031736c8c94aa80754f295b,0.010787008887625097,6.247566909536482e-05,True,4.417696927649928e-05,3.5948699160792685e-06,1.47140967604679,0.007583390163882763,0.007623972263243183,329948,326445,656393,23090716027.6875,296187879.4402716,False,23090716027.6875,5252784982.5,7586323634.34375,3494964528.5,11365342233.59375,44287553639.84375,MISSING
transfer_fixed_five,B2-rank3-q1-r4-K2,215212e37d35f0277d90e0dfb354ff27c6334677ddc57b31f4e702fb709a928b,0.010895265134811176,0.005256376547101335,True,0.0037168195009252836,0.00026014045149713727,1.0620308450250202,0.003987296358725062,0.0074439754081532085,621760,178390,800150,4994961379.6875,31935162.060544807,True,4994961379.6875,2063711873.4375,2680902575.0,2170281851.5625,4492792240.625,9514533640.625,MISSING
transfer_fixed_five,B2-rank3-q1-r8-K2,1e063a21340c2fb397fe431779fa0bb1d2fba619b736361014296303c8f0e3e9,0.010895265134811176,0.005256157396431461,True,0.0037166645380005137,0.0002610609785499429,1.0307583312111528,0.003987451321649832,0.007443054881100403,585637,168081,753718,5012578005.3125,50248921.32814951,True,5012578005.3125,2026629933.5625,2639661758.125,2109044286.125,4412665584.6875,9569863231.25,MISSING
transfer_fixed_five,B0-rank6-q1-r0-K0,d9ae4b8645a032031fc003c9e7268010e6a5c5734c6da898043c748bd900aa64,0.010895265134811176,0.009976267821590988,True,0.007054286627580134,0.0006265786540605722,1.0,0.0006498292320702122,0.007077537205589774,20754226,174961,20929187,219149517077.0,0.0,False,219149517077.0,98806691827.0,125658838748.0,106717924513.0,214879962929.0,417683784959.0,MISSING
transfer_fixed_five,B1-rank12-q1-r0-K0,9a24146ac2b7dfd129fa7d49aa2d50772fc647424d2ab958638482cfac139529,0.010895265134811176,0.005265778433252583,True,0.0037234676383787746,0.0002615994585534187,1.0,0.003980648221271571,0.007442516401096927,553093,158222,711315,14254752600.0,0.0,False,14254752600.0,6226140195.0,8237027700.0,6992937765.0,13845035160.0,27254034225.0,MISSING
transfer_fixed_five,B3-rank0-q8-r32-K4,a090ea4c0aa58921cf4904fed6f6f74fac8d2e12f031736c8c94aa80754f295b,0.010895265134811176,6.247566909536482e-05,True,4.417696927649928e-05,3.5948699160792685e-06,1.47140967604679,0.0076599388903738465,0.0077005209897342665,323387,319987,643374,22632731204.625,290313243.3572651,False,22632731204.625,5148600435.0,7435855321.3125,3425644863.0,11139920282.8125,43409147470.3125,MISSING
transfer_fixed_five,B2-rank3-q1-r4-K2,215212e37d35f0277d90e0dfb354ff27c6334677ddc57b31f4e702fb709a928b,0.011004607819876085,0.005256376547101335,True,0.0037168195009252836,0.00026014045149713727,1.0620308450250202,0.004064613312807604,0.007521292362235751,598331,174741,773072,4825926118.5,30854439.29821845,True,4825926118.5,1993873480.5,2590177736.0,2096837007.5,4340750963.0,9192550835.0,MISSING
transfer_fixed_five,B2-rank3-q1-r8-K2,1e063a21340c2fb397fe431779fa0bb1d2fba619b736361014296303c8f0e3e9,0.011004607819876085,0.005256157396431461,True,0.0037166645380005137,0.0002610609785499429,1.0307583312111528,0.004064768275732374,0.007520371835182945,563570,164642,728212,4842951149.375,48548485.63814903,True,4842951149.375,1958048284.875,2550334963.75,2037673715.75,4263339910.625,9246016737.5,MISSING
transfer_fixed_five,B0-rank6-q1-r0-K0,d9ae4b8645a032031fc003c9e7268010e6a5c5734c6da898043c748bd900aa64,0.011004607819876085,0.009976267821590988,True,0.007054286627580134,0.0006265786540605722,1.0,0.0007271461861527544,0.007154854159672316,16575306,171200,16746506,175352664326.0,0.0,False,175352664326.0,79060254826.0,100546022024.0,85390434094.0,171936377102.0,334210020242.0,MISSING
transfer_fixed_five,B1-rank12-q1-r0-K0,9a24146ac2b7dfd129fa7d49aa2d50772fc647424d2ab958638482cfac139529,0.011004607819876085,0.005265778433252583,True,0.0037234676383787746,0.0002615994585534187,1.0,0.004057965175354113,0.007519833355179469,532217,154985,687202,13771528080.0,0.0,False,13771528080.0,6015079106.0,7957799160.0,6755882862.0,13375699728.0,26330144630.0,MISSING
transfer_fixed_five,B3-rank0-q8-r32-K4,a090ea4c0aa58921cf4904fed6f6f74fac8d2e12f031736c8c94aa80754f295b,0.011004607819876085,6.247566909536482e-05,True,4.417696927649928e-05,3.5948699160792685e-06,1.47140967604679,0.007737255844456389,0.007777837943816809,316956,313657,630613,22183822353.9375,284555026.0552261,False,22183822353.9375,5046480532.5,7288368867.46875,3357698918.5,10918965561.71875,42548148842.96875,MISSING
transfer_fixed_five,B2-rank3-q1-r4-K2,215212e37d35f0277d90e0dfb354ff27c6334677ddc57b31f4e702fb709a928b,0.011115047846091417,0.005256376547101335,True,0.0037168195009252836,0.00026014045149713727,1.0620308450250202,0.004142706204258885,0.007599385253687032,575985,171168,747153,4664125951.03125,29819973.928666167,True,4664125951.03125,1927024329.65625,2503336126.5,2026535769.84375,4195217397.9375,8884349625.9375,MISSING
transfer_fixed_five,B2-rank3-q1-r8-K2,1e063a21340c2fb397fe431779fa0bb1d2fba619b736361014296303c8f0e3e9,0.011115047846091417,0.005256157396431461,True,0.0037166645380005137,0.0002610609785499429,1.0307583312111528,0.004142861167183655,0.007598464726634226,542523,161275,703798,4680586605.3125,46920851.47616081,True,4680586605.3125,1892402853.5625,2464832558.125,1969358766.125,4120407384.6875,8936035231.25,MISSING
transfer_fixed_five,B0-rank6-q1-r0-K0,d9ae4b8645a032031fc003c9e7268010e6a5c5734c6da898043c748bd900aa64,0.011115047846091417,0.009976267821590988,True,0.007054286627580134,0.0006265786540605722,1.0,0.0008052390776040353,0.007232947051123597,13516223,167523,13683746,143282504366.0,0.0,False,143282504366.0,64600964866.0,82157210984.0,69773420854.0,140491020182.0,273086518922.0,MISSING
transfer_fixed_five,B1-rank12-q1-r0-K0,9a24146ac2b7dfd129fa7d49aa2d50772fc647424d2ab958638482cfac139529,0.011115047846091417,0.005265778433252583,True,0.0037234676383787746,0.0002615994585534187,1.0,0.004136058066805394,0.00759792624663075,512309,151816,664125,13309065000.0,0.0,False,13309065000.0,5813086125.0,7690567500.0,6529012875.0,12926529000.0,25445949375.0,MISSING
transfer_fixed_five,B3-rank0-q8-r32-K4,a090ea4c0aa58921cf4904fed6f6f74fac8d2e12f031736c8c94aa80754f295b,0.011115047846091417,6.247566909536482e-05,True,4.417696927649928e-05,3.5948699160792685e-06,1.47140967604679,0.00781534873590767,0.00785593083526809,310653,307452,618105,21743813584.6875,278910971.3562288,False,21743813584.6875,4946385262.5,7143806484.84375,3291100072.5,10702391496.09375,41704220402.34375,MISSING
transfer_fixed_five,B2-rank3-q1-r4-K2,215212e37d35f0277d90e0dfb354ff27c6334677ddc57b31f4e702fb709a928b,0.011226596226151802,0.005256376547101335,True,0.0037168195009252836,0.00026014045149713727,1.0620308450250202,0.004221582820229958,0.007678261869658105,554663,167670,722333,4509186325.40625,28829371.263737436,True,4509186325.40625,1863009671.53125,2420176716.5,1959215397.96875,4055854649.1875,8589216557.1875,MISSING
transfer_fixed_five,B2-rank3-q1-r8-K2,1e063a21340c2fb397fe431779fa0bb1d2fba619b736361014296303c8f0e3e9,0.011226596226151802,0.005256157396431461,True,0.0037166645380005137,0.0002610609785499429,1.0307583312111528,0.004221737783154728,0.007677341342605299,522440,157979,680419,4525105296.40625,45362218.76242595,True,4525105296.40625,1829540375.53125,2382954916.5625,1903939940.5625,3983534298.59375,8639194990.625,MISSING
transfer_fixed_five,B0-rank6-q1-r0-K0,d9ae4b8645a032031fc003c9e7268010e6a5c5734c6da898043c748bd900aa64,0.011226596226151802,0.009976267821590988,True,0.007054286627580134,0.0006265786540605722,1.0,0.0008841156935751084,0.00731182366709467,11212097,163929,11376026,119118368246.0,0.0,False,119118368246.0,53706218746.0,68301660104.0,58006356574.0,116797658942.0,227031350882.0,MISSING
transfer_fixed_five,B1-rank12-q1-r0-K0,9a24146ac2b7dfd129fa7d49aa2d50772fc647424d2ab958638482cfac139529,0.011226596226151802,0.005265778433252583,True,0.0037234676383787746,0.0002615994585534187,1.0,0.004214934682776467,0.007676802862601823,493314,148712,642026,12866201040.0,0.0,False,12866201040.0,5619653578.0,7434661080.0,6311757606.0,12496394064.0,24599226190.0,MISSING
transfer_fixed_five,B3-rank0-q8-r32-K4,a090ea4c0aa58921cf4904fed6f6f74fac8d2e12f031736c8c94aa80754f295b,0.011226596226151802,6.247566909536482e-05,True,4.417696927649928e-05,3.5948699160792685e-06,1.47140967604679,0.007894225351878743,0.007934807451239163,304477,301370,605847,21312599362.3125,273379725.5535179,False,21312599362.3125,4848290617.5,7002133500.65625,3225832351.5,10490146141.40625,40877159735.15625,MISSING
transfer_fixed_five,B2-rank3-q1-r4-K2,215212e37d35f0277d90e0dfb354ff27c6334677ddc57b31f4e702fb709a928b,0.011339264083273048,0.005256376547101335,True,0.0037168195009252836,0.00026014045149713727,1.0620308450250202,0.004301251026022149,0.007757930075450295,534306,164244,698550,4360720204.6875,27880156.792343404,True,4360720204.6875,1801669598.4375,2340491775.0,1894707726.5625,3922314590.625,8306414390.625,MISSING
transfer_fixed_five,B2-rank3-q1-r8-K2,1e063a21340c2fb397fe431779fa0bb1d2fba619b736361014296303c8f0e3e9,0.011339264083273048,0.005256157396431461,True,0.0037166645380005137,0.0002610609785499429,1.0307583312111528,0.004301405988946919,0.007757009548397489,503267,154750,658017,4376121495.46875,43868720.74911964,True,4376121495.46875,1769304897.84375,2304498912.1875,1841254944.1875,3852381089.53125,8354759596.875,MISSING
transfer_fixed_five,B0-rank6-q1-r0-K0,d9ae4b8645a032031fc003c9e7268010e6a5c5734c6da898043c748bd900aa64,0.011339264083273048,0.009976267821590988,True,0.007054286627580134,0.0006265786540605722,1.0,0.0009637838993672987,0.00739149187288686,9435082,160414,9595496,100474438616.0,0.0,False,100474438616.0,45300336616.0,57611357984.0,48927434104.0,98516957432.0,191497313672.0,MISSING
transfer_fixed_five,B1-rank12-q1-r0-K0,9a24146ac2b7dfd129fa7d49aa2d50772fc647424d2ab958638482cfac139529,0.011339264083273048,0.005265778433252583,True,0.0037234676383787746,0.0002615994585534187,1.0,0.004294602888568658,0.007756471068394014,475181,145673,620854,12441914160.0,0.0,False,12441914160.0,5434335062.0,7189489320.0,6103615674.0,12084302256.0,23788021010.0,MISSING
transfer_fixed_five,B3-rank0-q8-r32-K4,a090ea4c0aa58921cf4904fed6f6f74fac8d2e12f031736c8c94aa80754f295b,0.011339264083273048,6.247566909536482e-05,True,4.417696927649928e-05,3.5948699160792685e-06,1.47140967604679,0.007973893557670933,0.008014475657031353,298423,295408,593831,20889898261.3125,267957678.76241207,False,20889898261.3125,4752132577.5,6863257454.15625,3161853159.5,10282090978.90625,40066427072.65625,MISSING
transfer_fixed_five,B2-rank3-q1-r4-K2,215212e37d35f0277d90e0dfb354ff27c6334677ddc57b31f4e702fb709a928b,0.011453062652301322,0.005256376547101335,True,0.0037168195009252836,0.00026014045149713727,1.0620308450250202,0.004381718765871366,0.007838397815299512,514862,160889,675751,4218396734.71875,26970215.206617773,True,4218396734.71875,1742867415.09375,2264103725.5,1832869001.40625,3794299630.5625,8035312906.5625,MISSING
transfer_fixed_five,B2-rank3-q1-r8-K2,1e063a21340c2fb397fe431779fa0bb1d2fba619b736361014296303c8f0e3e9,0.011453062652301322,0.005256157396431461,True,0.0037166645380005137,0.0002610609785499429,1.0307583312111528,0.004381873728796136,0.007837477288246707,484953,151589,636542,4233302679.0625,42437024.03294461,True,4233302679.0625,1711561978.3125,2229289435.625,1781163867.625,3726655030.9375,8082094206.25,MISSING
transfer_fixed_five,B0-rank6-q1-r0-K0,d9ae4b8645a032031fc003c9e7268010e6a5c5734c6da898043c748bd900aa64,0.011453062652301322,0.009976267821590988,True,0.007054286627580134,0.0006265786540605722,1.0,0.001044251639216516,0.007471959612736077,8037014,156977,8193991,85799279761.0,0.0,False,85799279761.0,38683831511.0,49196721964.0,41781160109.0,84127705597.0,163527478387.0,MISSING
transfer_fixed_five,B1-rank12-q1-r0-K0,9a24146ac2b7dfd129fa7d49aa2d50772fc647424d2ab958638482cfac139529,0.011453062652301322,0.005265778433252583,True,0.0037234676383787746,0.0002615994585534187,1.0,0.004375070628417875,0.007836938808243231,457863,142697,600560,12035222400.0,0.0,False,12035222400.0,5256701680.0,6954484800.0,5904105360.0,11689299840.0,23010456400.0,MISSING
transfer_fixed_five,B3-rank0-q8-r32-K4,a090ea4c0aa58921cf4904fed6f6f74fac8d2e12f031736c8c94aa80754f295b,0.011453062652301322,6.247566909536482e-05,True,4.417696927649928e-05,3.5948699160792685e-06,1.47140967604679,0.00805436129752015,0.00809494339688057,292490,289565,582055,20475639925.3125,262643928.51174113,False,20475639925.3125,4657895137.5,6727155230.15625,3099151847.5,10078191378.90625,39271887472.65625,MISSING
transfer_fixed_five,B2-rank3-q1-r4-K2,215212e37d35f0277d90e0dfb354ff27c6334677ddc57b31f4e702fb709a928b,0.011568003280833442,0.005256376547101335,True,0.0037168195009252836,0.00026014045149713727,1.0620308450250202,0.004462994063740273,0.00791967311316842,496280,157604,653884,4081891303.875,26097471.110163447,True,4081891303.875,1686469005.375,2190838342.0,1773558180.625,3671517792.25,7775293776.25,MISSING
transfer_fixed_five,B2-rank3-q1-r8-K2,1e063a21340c2fb397fe431779fa0bb1d2fba619b736361014296303c8f0e3e9,0.011568003280833442,0.005256157396431461,True,0.0037166645380005137,0.0002610609785499429,1.0307583312111528,0.004463149026665043,0.007918752586115614,467451,148493,615944,4096316323.75,41063795.210603595,True,4096316323.75,1656177174.75,2157151377.5,1723526801.5,3606063396.25,7820563975.0,MISSING
transfer_fixed_five,B0-rank6-q1-r0-K0,d9ae4b8645a032031fc003c9e7268010e6a5c5734c6da898043c748bd900aa64,0.011568003280833442,0.009976267821590988,True,0.007054286627580134,0.0006265786540605722,1.0,0.001125526937085423,0.0075532349106049845,6918202,153617,7071819,74049016749.0,0.0,False,74049016749.0,33386057499.0,42459201276.0,36059205081.0,72606365673.0,141132291783.0,MISSING
transfer_fixed_five,B1-rank12-q1-r0-K0,9a24146ac2b7dfd129fa7d49aa2d50772fc647424d2ab958638482cfac139529,0.011568003280833442,0.005265778433252583,True,0.0037234676383787746,0.0002615994585534187,1.0,0.004456345926286782,0.007918214106112138,441314,139782,581096,11645163840.0,0.0,False,11645163840.0,5086333288.0,6729091680.0,5712754776.0,11310452544.0,22264693240.0,MISSING
transfer_fixed_five,B3-rank0-q8-r32-K4,a090ea4c0aa58921cf4904fed6f6f74fac8d2e12f031736c8c94aa80754f295b,0.011568003280833442,6.247566909536482e-05,True,4.417696927649928e-05,3.5948699160792685e-06,1.47140967604679,0.008135636595389057,0.008176218694749477,286675,283836,570511,20069542928.8125,257434864.91682392,False,20069542928.8125,4565514277.5,6593734367.90625,3037685819.5,9878308822.65625,38493001166.40625,MISSING
transfer_fixed_five,B2-rank3-q1-r4-K2,215212e37d35f0277d90e0dfb354ff27c6334677ddc57b31f4e702fb709a928b,0.011684097430348409,0.005256376547101335,True,0.0037168195009252836,0.00026014045149713727,1.0620308450250202,0.00454508502411839,0.008001764073546537,478515,154386,632901,3950904270.65625,25260008.75246,True,3950904270.65625,1632350569.78125,2120534800.5,1716645071.71875,3553699558.6875,7525786234.6875,MISSING
transfer_fixed_five,B2-rank3-q1-r8-K2,1e063a21340c2fb397fe431779fa0bb1d2fba619b736361014296303c8f0e3e9,0.011684097430348409,0.005256157396431461,True,0.0037166645380005137,0.0002610609785499429,1.0307583312111528,0.00454523998704316,0.008000843546493731,450719,145462,596181,3964883109.84375,39746234.2233269,True,3964883109.84375,1603037555.71875,2087937645.9375,1668226221.9375,3490360295.15625,7569635634.375,MISSING
transfer_fixed_five,B0-rank6-q1-r0-K0,d9ae4b8645a032031fc003c9e7268010e6a5c5734c6da898043c748bd900aa64,0.011684097430348409,0.009976267821590988,True,0.007054286627580134,0.0006265786540605722,1.0,0.0012076178974635404,0.007635325870983102,6009605,150332,6159937,64500700327.0,0.0,False,64500700327.0,29081062577.0,36984261748.0,31409518763.0,63244073179.0,122933862709.0,MISSING
transfer_fixed_five,B1-rank12-q1-r0-K0,9a24146ac2b7dfd129fa7d49aa2d50772fc647424d2ab958638482cfac139529,0.011684097430348409,0.005265778433252583,True,0.0037234676383787746,0.0002615994585534187,1.0,0.004538436886664899,0.008000305066490255,425493,136928,562421,11270916840.0,0.0,False,11270916840.0,4922871013.0,6512835180.0,5529160851.0,10946962344.0,21549160615.0,MISSING
transfer_fixed_five,B3-rank0-q8-r32-K4,a090ea4c0aa58921cf4904fed6f6f74fac8d2e12f031736c8c94aa80754f295b,0.011684097430348409,6.247566909536482e-05,True,4.417696927649928e-05,3.5948699160792685e-06,1.47140967604679,0.008217727555767175,0.008258309655127595,280976,278221,559197,19671536915.4375,252329585.50649014,False,19671536915.4375,4474973992.5,6462971752.21875,2977444426.5,9682408680.46875,37729633211.71875,MISSING
transfer_fixed_five,B2-rank3-q1-r4-K2,215212e37d35f0277d90e0dfb354ff27c6334677ddc57b31f4e702fb709a928b,0.011801356677350336,0.005256376547101335,True,0.0037168195009252836,0.00026014045149713727,1.0620308450250202,0.004627999832830281,0.008084678882258427,461523,151236,612759,3825167206.21875,24456111.940332904,True,3825167206.21875,1580401204.59375,2053049029.5,1662013043.90625,3440603487.5625,7286278971.5625,MISSING
transfer_fixed_five,B2-rank3-q1-r8-K2,1e063a21340c2fb397fe431779fa0bb1d2fba619b736361014296303c8f0e3e9,0.011801356677350336,0.005256157396431461,True,0.0037166645380005137,0.0002610609785499429,1.0307583312111528,0.004628154795755051,0.008083758355205622,434714,142493,577207,3838697115.78125,38481274.34008103,True,3838697115.78125,1552019434.40625,2021487140.3125,1615133412.3125,3379276419.21875,7328725128.125,MISSING
transfer_fixed_five,B0-rank6-q1-r0-K0,d9ae4b8645a032031fc003c9e7268010e6a5c5734c6da898043c748bd900aa64,0.011801356677350336,0.009976267821590988,True,0.007054286627580134,0.0006265786540605722,1.0,0.0012905327061754311,0.0077182406796949925,5262196,147119,5409315,56640937365.0,0.0,False,56640937365.0,25537376115.0,32477527260.0,27582097185.0,55537437105.0,107953699455.0,MISSING
transfer_fixed_five,B1-rank12-q1-r0-K0,9a24146ac2b7dfd129fa7d49aa2d50772fc647424d2ab958638482cfac139529,0.011801356677350336,0.005265778433252583,True,0.0037234676383787746,0.0002615994585534187,1.0,0.00462135169537679,0.008083219875202146,410362,134134,544496,10911699840.0,0.0,False,10911699840.0,4765973488.0,6305263680.0,5352940176.0,10598070144.0,20862364240.0,MISSING
transfer_fixed_five,B3-rank0-q8-r32-K4,a090ea4c0aa58921cf4904fed6f6f74fac8d2e12f031736c8c94aa80754f295b,0.011801356677350336,6.247566909536482e-05,True,4.417696927649928e-05,3.5948699160792685e-06,1.47140967604679,0.008300642364479065,0.008341224463839485,275391,272718,548109,19281481172.4375,247326285.33839917,False,19281481172.4375,4386242272.5,6334821152.71875,2918406370.5,9490421692.96875,36981513724.21875,MISSING
transfer_fixed_five,B2-rank3-q1-r4-K2,215212e37d35f0277d90e0dfb354ff27c6334677ddc57b31f4e702fb709a928b,0.011919792714522783,0.005256376547101335,True,0.0037168195009252836,0.00026014045149713727,1.0620308450250202,0.004711746757851781,0.008168425807279927,445262,148151,593413,3704399196.65625,23683984.65766928,True,3704399196.65625,1530504847.78125,1988230256.5,1609540041.71875,3331976906.6875,7056236894.6875,MISSING
transfer_fixed_five,B2-rank3-q1-r8-K2,1e063a21340c2fb397fe431779fa0bb1d2fba619b736361014296303c8f0e3e9,0.011919792714522783,0.005256157396431461,True,0.0037166645380005137,0.0002610609785499429,1.0307583312111528,0.0047119017207765505,0.008167505280227121,419398,139586,558984,3717505623.75,37266382.174360074,True,3717505623.75,1503020634.75,1957666777.5,1564142041.5,3272589296.25,7097349975.0,MISSING
transfer_fixed_five,B0-rank6-q1-r0-K0,d9ae4b8645a032031fc003c9e7268010e6a5c5734c6da898043c748bd900aa64,0.011919792714522783,0.009976267821590988,True,0.007054286627580134,0.0006265786540605722,1.0,0.0013742796311969306,0.007801987604716492,4640394,143978,4784372,50097159212.0,0.0,False,50097159212.0,22587020212.0,28725369488.0,24395512828.0,49121147324.0,95481712004.0,MISSING
transfer_fixed_five,B1-rank12-q1-r0-K0,9a24146ac2b7dfd129fa7d49aa2d50772fc647424d2ab958638482cfac139529,0.011919792714522783,0.005265778433252583,True,0.0037234676383787746,0.0002615994585534187,1.0,0.00470509862039829,0.008166966800223645,395884,131397,527281,10566711240.0,0.0,False,10566711240.0,4615290593.0,6105913980.0,5183699511.0,10262997384.0,20202771515.0,MISSING
transfer_fixed_five,B3-rank0-q8-r32-K4,a090ea4c0aa58921cf4904fed6f6f74fac8d2e12f031736c8c94aa80754f295b,0.011919792714522783,6.247566909536482e-05,True,4.417696927649928e-05,3.5948699160792685e-06,1.47140967604679,0.008384389289500565,0.008424971388860985,269917,267323,537240,18899129452.5,242421805.763455,False,18899129452.5,4299263100.0,6209201666.25,2860534380.0,9302226656.25,36248170406.25,MISSING
transfer_fixed_five,B2-rank3-q1-r4-K2,215212e37d35f0277d90e0dfb354ff27c6334677ddc57b31f4e702fb709a928b,0.012039417351894737,0.005256376547101335,True,0.0037168195009252836,0.00026014045149713727,1.0620308450250202,0.004796334150134472,0.008253013199562618,429696,145129,574825,3588363025.78125,22942110.268640466,True,3588363025.78125,1482563491.40625,1925951162.5,1559122996.09375,3227606448.4375,6835208148.4375,MISSING
transfer_fixed_five,B2-rank3-q1-r8-K2,1e063a21340c2fb397fe431779fa0bb1d2fba619b736361014296303c8f0e3e9,0.012039417351894737,0.005256157396431461,True,0.0037166645380005137,0.0002610609785499429,1.0307583312111528,0.004796489113059242,0.008252092672509813,404736,136739,541475,3601062566.40625,36099091.007724054,True,3601062566.40625,1455941669.53125,1896346976.5625,1515148576.5625,3170082308.59375,6875040390.625,MISSING
transfer_fixed_five,B0-rank6-q1-r0-K0,d9ae4b8645a032031fc003c9e7268010e6a5c5734c6da898043c748bd900aa64,0.012039417351894737,0.009976267821590988,True,0.007054286627580134,0.0006265786540605722,1.0,0.0014588670234796219,0.007886574996999183,4117880,140906,4258786,44593748206.0,0.0,False,44593748206.0,20105728706.0,25569751144.0,21715549814.0,43724955862.0,84992592202.0,MISSING
transfer_fixed_five,B1-rank12-q1-r0-K0,9a24146ac2b7dfd129fa7d49aa2d50772fc647424d2ab958638482cfac139529,0.012039417351894737,0.005265778433252583,True,0.0037234676383787746,0.0002615994585534187,1.0,0.004789686012680981,0.008251554192506337,382025,128717,510742,10235269680.0,0.0,False,10235269680.0,4470524726.0,5914392360.0,5021104602.0,9941082288.0,19569079730.0,MISSING
transfer_fixed_five,B3-rank0-q8-r32-K4,a090ea4c0aa58921cf4904fed6f6f74fac8d2e12f031736c8c94aa80754f295b,0.012039417351894737,6.247566909536482e-05,True,4.417696927649928e-05,3.5948699160792685e-06,1.47140967604679,0.008468976681783256,0.008509558781143676,264552,262035,526587,18524376221.0625,237614793.07490227,False,18524376221.0625,4214012467.5,6086078620.03125,2803812481.5,9117771625.78125,35529400844.53125,MISSING
transfer_fixed_five,B2-rank3-q1-r4-K2,215212e37d35f0277d90e0dfb354ff27c6334677ddc57b31f4e702fb709a928b,0.012160242518018245,0.005256376547101335,True,0.0037168195009252836,0.00026014045149713727,1.0620308450250202,0.004881770444438395,0.008338449493866541,414787,142171,556958,3476827719.9375,22229012.048886977,True,3476827719.9375,1436481706.6875,1866087779.0,1510661550.3125,3127284360.125,6622752768.125,MISSING
transfer_fixed_five,B2-rank3-q1-r8-K2,1e063a21340c2fb397fe431779fa0bb1d2fba619b736361014296303c8f0e3e9,0.012160242518018245,0.005256157396431461,True,0.0037166645380005137,0.0002610609785499429,1.0307583312111528,0.0048819254073631645,0.008337528966813735,390694,133951,524645,3489135177.34375,34977067.45786488,True,3489135177.34375,1410688429.21875,1837405160.9375,1468055080.9375,3071550547.65625,6661351984.375,MISSING
transfer_fixed_five,B0-rank6-q1-r0-K0,d9ae4b8645a032031fc003c9e7268010e6a5c5734c6da898043c748bd900aa64,0.012160242518018245,0.009976267821590988,True,0.007054286627580134,0.0006265786540605722,1.0,0.0015443033177835446,0.007972011291303106,3674852,137902,3812754,39923347134.0,0.0,False,39923347134.0,18000011634.0,22891775016.0,19441232646.0,39145545318.0,76091131578.0,MISSING
transfer_fixed_five,B1-rank12-q1-r0-K0,9a24146ac2b7dfd129fa7d49aa2d50772fc647424d2ab958638482cfac139529,0.012160242518018245,0.005265778433252583,True,0.0037234676383787746,0.0002615994585534187,1.0,0.004875122306984904,0.00833699048681026,368752,126092,494844,9916673760.0,0.0,False,9916673760.0,4331369532.0,5730293520.0,4864811364.0,9631643616.0,18959947860.0,MISSING
transfer_fixed_five,B3-rank0-q8-r32-K4,a090ea4c0aa58921cf4904fed6f6f74fac8d2e12f031736c8c94aa80754f295b,0.012160242518018245,6.247566909536482e-05,True,4.417696927649928e-05,3.5948699160792685e-06,1.47140967604679,0.008554412976087179,0.008594995075447599,259294,256851,516145,18157045587.1875,232902991.09481516,False,18157045587.1875,4130450362.5,5965394226.09375,2748214052.5,8936970027.34375,34824867683.59375,MISSING
transfer_fixed_five,B2-rank3-q1-r4-K2,215212e37d35f0277d90e0dfb354ff27c6334677ddc57b31f4e702fb709a928b,0.012282280261157904,0.005256376547101335,True,0.0037168195009252836,0.00026014045149713727,1.0620308450250202,0.00496806416017315,0.008424743209601297,400503,139273,539776,3369568548.0,21543253.185518507,True,3369568548.0,1392166644.0,1808519488.0,1464058060.0,3030808504.0,6418442680.0,MISSING
transfer_fixed_five,B2-rank3-q1-r8-K2,1e063a21340c2fb397fe431779fa0bb1d2fba619b736361014296303c8f0e3e9,0.012282280261157904,0.005256157396431461,True,0.0037166645380005137,0.0002610609785499429,1.0307583312111528,0.00496821912309792,0.008423822682548491,377240,131221,508461,3381503991.09375,33898111.478606366,True,3381503991.09375,1367172181.96875,1780725758.4375,1422769214.4375,2976800813.90625,6455865759.375,MISSING
transfer_fixed_five,B0-rank6-q1-r0-K0,d9ae4b8645a032031fc003c9e7268010e6a5c5734c6da898043c748bd900aa64,0.012282280261157904,0.009976267821590988,True,0.007054286627580134,0.0006265786540605722,1.0,0.0016305970335183002,0.008058305007037862,3296187,134964,3431151,35927582121.0,0.0,False,35927582121.0,16198463871.0,20600630604.0,17495438949.0,35227627317.0,68475480507.0,MISSING
transfer_fixed_five,B1-rank12-q1-r0-K0,9a24146ac2b7dfd129fa7d49aa2d50772fc647424d2ab958638482cfac139529,0.012282280261157904,0.005265778433252583,True,0.0037234676383787746,0.0002615994585534187,1.0,0.004961416022719659,0.008423284202545015,356036,123522,479558,9610342320.0,0.0,False,9610342320.0,4197571174.0,5553281640.0,4714534698.0,9334116912.0,18374264770.0,MISSING
transfer_fixed_five,B3-rank0-q8-r32-K4,a090ea4c0aa58921cf4904fed6f6f74fac8d2e12f031736c8c94aa80754f295b,0.012282280261157904,6.247566909536482e-05,True,4.417696927649928e-05,3.5948699160792685e-06,1.47140967604679,0.008640706691821935,0.008681288791182355,254141,251770,505911,17797032016.3125,228285046.11643827,False,17797032016.3125,4048552777.5,5847113811.65625,2693723119.5,8759769916.40625,34134368510.15625,MISSING
transfer_fixed_five,B2-rank3-q1-r4-K2,215212e37d35f0277d90e0dfb354ff27c6334677ddc57b31f4e702fb709a928b,0.01240554275049227,0.005256376547101335,True,0.0037168195009252836,0.00026014045149713727,1.0620308450250202,0.005055223902247413,0.00851190295167556,386811,136436,523247,3266385748.96875,20883556.51152145,True,3266385748.96875,1349535770.34375,1753139073.5,1419225730.15625,2937999202.0625,6221897374.0625,MISSING
transfer_fixed_five,B2-rank3-q1-r8-K2,1e063a21340c2fb397fe431779fa0bb1d2fba619b736361014296303c8f0e3e9,0.01240554275049227,0.005256157396431461,True,0.0037166645380005137,0.0002610609785499429,1.0307583312111528,0.005055378865172183,0.008510982424622754,364344,128547,492891,3277956192.65625,32860089.69183825,True,3277956192.65625,1325306884.78125,1726196699.0625,1379201435.0625,2885645762.34375,6258175415.625,MISSING
transfer_fixed_five,B0-rank6-q1-r0-K0,d9ae4b8645a032031fc003c9e7268010e6a5c5734c6da898043c748bd900aa64,0.01240554275049227,0.009976267821590988,True,0.007054286627580134,0.0006265786540605722,1.0,0.0017177567755925632,0.008145464749112125,2970173,132092,3102265,32483816815.0,0.0,False,32483816815.0,14645793065.0,18625999060.0,15818449235.0,31850954755.0,61911902605.0,MISSING
transfer_fixed_five,B1-rank12-q1-r0-K0,9a24146ac2b7dfd129fa7d49aa2d50772fc647424d2ab958638482cfac139529,0.01240554275049227,0.005265778433252583,True,0.0037234676383787746,0.0002615994585534187,1.0,0.005048575764793922,0.008510443944619278,343849,121005,464854,9315674160.0,0.0,False,9315674160.0,4068867062.0,5383009320.0,4569979674.0,9047918256.0,17810881010.0,MISSING
transfer_fixed_five,B3-rank0-q8-r32-K4,a090ea4c0aa58921cf4904fed6f6f74fac8d2e12f031736c8c94aa80754f295b,0.01240554275049227,6.247566909536482e-05,True,4.417696927649928e-05,3.5948699160792685e-06,1.47140967604679,0.008727866433896198,0.008768448533256618,249090,246790,495880,17444159617.5,223758701.96184584,False,17444159617.5,3968279700.0,5731179588.75,2640313060.0,8586084718.75,33457565968.75,MISSING
transfer_fixed_five,B2-rank3-q1-r4-K2,215212e37d35f0277d90e0dfb354ff27c6334677ddc57b31f4e702fb709a928b,0.012530042277327312,0.005256376547101335,True,0.0037168195009252836,0.00026014045149713727,1.0620308450250202,0.00514325836192699,0.008599937411355136,373683,133657,507340,3167085804.375,20248684.771351375,True,3167085804.375,1308509131.875,1699842670.0,1376080478.125,2848682391.25,6032748231.25,MISSING
transfer_fixed_five,B2-rank3-q1-r8-K2,1e063a21340c2fb397fe431779fa0bb1d2fba619b736361014296303c8f0e3e9,0.012530042277327312,0.005256157396431461,True,0.0037166645380005137,0.0002610609785499429,1.0307583312111528,0.0051434133248517595,0.00859901688430233,351979,125928,477907,3178305568.90625,31861135.391714077,True,3178305568.90625,1285017250.03125,1673719921.5625,1337273393.5625,2797921466.09375,6067925440.625,MISSING
transfer_fixed_five,B0-rank6-q1-r0-K0,d9ae4b8645a032031fc003c9e7268010e6a5c5734c6da898043c748bd900aa64,0.012530042277327312,0.009976267821590988,True,0.007054286627580134,0.0006265786540605722,1.0,0.0018057912352721396,0.008233499208791701,2687633,129282,2816915,29495916965.0,0.0,False,29495916965.0,13298655715.0,16912757660.0,14363449585.0,28921266305.0,56217172655.0,MISSING
transfer_fixed_five,B1-rank12-q1-r0-K0,9a24146ac2b7dfd129fa7d49aa2d50772fc647424d2ab958638482cfac139529,0.012530042277327312,0.005265778433252583,True,0.0037234676383787746,0.0002615994585534187,1.0,0.005136610224473499,0.008598478404298854,332164,118540,450704,9032108160.0,0.0,False,9032108160.0,3945012112.0,5219152320.0,4430871024.0,8772502656.0,17268723760.0,MISSING
transfer_fixed_five,B3-rank0-q8-r32-K4,a090ea4c0aa58921cf4904fed6f6f74fac8d2e12f031736c8c94aa80754f295b,0.012530042277327312,6.247566909536482e-05,True,4.417696927649928e-05,3.5948699160792685e-06,1.47140967604679,0.008815900893575774,0.008856482992936194,244140,241908,486048,17098287678.0,219322153.6886974,False,17098287678.0,3889599120.0,5617545327.0,2587962576.0,8415845175.0,32794190175.0,MISSING
transfer_fixed_five,B2-rank3-q1-r4-K2,215212e37d35f0277d90e0dfb354ff27c6334677ddc57b31f4e702fb709a928b,0.01265579125632208,0.005256376547101335,True,0.0037168195009252836,0.00026014045149713727,1.0620308450250202,0.005232176317701474,0.00868885536712962,361090,130935,492025,3071481438.28125,19637440.620933022,True,3071481438.28125,1269009353.90625,1648529762.5,1334540933.59375,2762689623.4375,5850638523.4375,MISSING
transfer_fixed_five,B2-rank3-q1-r8-K2,1e063a21340c2fb397fe431779fa0bb1d2fba619b736361014296303c8f0e3e9,0.01265579125632208,0.005256157396431461,True,0.0037166645380005137,0.0002610609785499429,1.0307583312111528,0.005232331280626244,0.008687934840076815,340117,123364,463481,3082365906.71875,30899381.872387372,True,3082365906.71875,1246227990.09375,1623197364.6875,1296906740.6875,2713463998.28125,5884760321.875,MISSING
transfer_fixed_five,B0-rank6-q1-r0-K0,d9ae4b8645a032031fc003c9e7268010e6a5c5734c6da898043c748bd900aa64,0.01265579125632208,0.009976267821590988,True,0.007054286627580134,0.0006265786540605722,1.0,0.0018947091910466243,0.008322417164566186,2441293,126534,2567827,26887716517.0,0.0,False,26887716517.0,12122711267.0,15417233308.0,13093349873.0,26363879809.0,51246123439.0,MISSING
transfer_fixed_five,B1-rank12-q1-r0-K0,9a24146ac2b7dfd129fa7d49aa2d50772fc647424d2ab958638482cfac139529,0.01265579125632208,0.005265778433252583,True,0.0037234676383787746,0.0002615994585534187,1.0,0.005225528180247983,0.00868739636007334,320956,116126,437082,8759123280.0,0.0,False,8759123280.0,3825778746.0,5061409560.0,4296953142.0,8507364048.0,16746796830.0,MISSING
transfer_fixed_five,B3-rank0-q8-r32-K4,a090ea4c0aa58921cf4904fed6f6f74fac8d2e12f031736c8c94aa80754f295b,0.01265579125632208,6.247566909536482e-05,True,4.417696927649928e-05,3.5948699160792685e-06,1.47140967604679,0.008904818849350259,0.008945400948710679,239289,237123,476412,16759310663.25,214974047.59023738,False,16759310663.25,3812487030.0,5506176353.625,2536655694.0,8248999340.625,32144038715.625,MISSING
transfer_fixed_five,B2-rank3-q1-r4-K2,215212e37d35f0277d90e0dfb354ff27c6334677ddc57b31f4e702fb709a928b,0.012782802226726633,0.005256376547101335,True,0.0037168195009252836,0.00026014045149713727,1.0620308450250202,0.005321986636159617,0.008778665685587763,349006,128270,477276,2979410344.875,19048786.36206784,True,2979410344.875,1230969378.375,1599113238.0,1294536575.625,2679874910.25,5675259086.25,MISSING
transfer_fixed_five,B2-rank3-q1-r8-K2,1e063a21340c2fb397fe431779fa0bb1d2fba619b736361014296303c8f0e3e9,0.012782802226726633,0.005256157396431461,True,0.0037166645380005137,0.0002610609785499429,1.0307583312111528,0.005322141599084387,0.008777745158534958,328735,120852,449587,2989964293.90625,29973095.764143556,True,2989964293.90625,1208869195.03125,1574537971.5625,1258028723.5625,2632121141.09375,5708349940.625,MISSING
transfer_fixed_five,B0-rank6-q1-r0-K0,d9ae4b8645a032031fc003c9e7268010e6a5c5734c6da898043c748bd900aa64,0.012782802226726633,0.009976267821590988,True,0.007054286627580134,0.0006265786540605722,1.0,0.001984519509504767,0.008412227483024328,2225330,123847,2349177,24598232367.0,0.0,False,24598232367.0,11090464617.0,14104458708.0,11978453523.0,24119000259.0,46882525389.0,MISSING
transfer_fixed_five,B1-rank12-q1-r0-K0,9a24146ac2b7dfd129fa7d49aa2d50772fc647424d2ab958638482cfac139529,0.012782802226726633,0.005265778433252583,True,0.0037234676383787746,0.0002615994585534187,1.0,0.005315338498706126,0.008777206678531482,310201,113761,423962,8496198480.0,0.0,False,8496198480.0,3710939386.0,4909479960.0,4167970422.0,8251996368.0,16244104030.0,MISSING
transfer_fixed_five,B3-rank0-q8-r32-K4,a090ea4c0aa58921cf4904fed6f6f74fac8d2e12f031736c8c94aa80754f295b,0.012782802226726633,6.247566909536482e-05,True,4.417696927649928e-05,3.5948699160792685e-06,1.47140967604679,0.008994629167808401,0.009035211267168821,234534,232432,466966,16427017504.125,210711676.252955,False,16427017504.125,3736895415.0,5397003323.0625,2486360467.0,8085443326.5625,31506706764.0625,MISSING
transfer_fixed_five,B2-rank3-q1-r4-K2,215212e37d35f0277d90e0dfb354ff27c6334677ddc57b31f4e702fb709a928b,0.012911087853632416,0.005256376547101335,True,0.0037168195009252836,0.00026014045149713727,1.0620308450250202,0.005412698272873464,0.00886937732230161,337406,125659,463065,2890697733.28125,18481604.47361892,True,2890697733.28125,1194316988.90625,1551499282.5,1255991458.59375,2600081033.4375,5506276973.4375,MISSING
transfer_fixed_five,B2-rank3-q1-r8-K2,1e063a21340c2fb397fe431779fa0bb1d2fba619b736361014296303c8f0e3e9,0.012911087853632416,0.005256157396431461,True,0.0037166645380005137,0.0002610609785499429,1.0307583312111528,0.005412853235798234,0.008868456795248805,317810,118393,436203,2900954420.15625,29080810.369531844,True,2900954420.15625,1172881710.28125,1527664694.0625,1220577782.0625,2553764094.84375,5538414965.625,MISSING
transfer_fixed_five,B0-rank6-q1-r0-K0,d9ae4b8645a032031fc003c9e7268010e6a5c5734c6da898043c748bd900aa64,0.012911087853632416,0.009976267821590988,True,0.007054286627580134,0.0006265786540605722,1.0,0.002075231146218614,0.008502939119738175,2035036,121218,2156254,22578135634.0,0.0,False,22578135634.0,10179675134.0,12946149016.0,10994739146.0,22138259818.0,43032361078.0,MISSING
transfer_fixed_five,B1-rank12-q1-r0-K0,9a24146ac2b7dfd129fa7d49aa2d50772fc647424d2ab958638482cfac139529,0.012911087853632416,0.005265778433252583,True,0.0037234676383787746,0.0002615994585534187,1.0,0.005406050135419973,0.008867918315245329,299879,111446,411325,8242953000.0,0.0,False,8242953000.0,3600327725.0,4763143500.0,4043736075.0,8006029800.0,15759917375.0,MISSING
transfer_fixed_five,B3-rank0-q8-r32-K4,a090ea4c0aa58921cf4904fed6f6f74fac8d2e12f031736c8c94aa80754f295b,0.012911087853632416,6.247566909536482e-05,True,4.417696927649928e-05,3.5948699160792685e-06,1.47140967604679,0.009085340804522248,0.009125922903882668,229874,227835,457709,16101373022.4375,206534588.44126505,False,16101373022.4375,3662816272.5,5290014677.71875,2437071570.5,7925159817.96875,30882126849.21875,MISSING
transfer_fixed_five,B2-rank3-q1-r4-K2,215212e37d35f0277d90e0dfb354ff27c6334677ddc57b31f4e702fb709a928b,0.013040660929235186,0.005256376547101335,True,0.0037168195009252836,0.00026014045149713727,1.0620308450250202,0.005504320273291381,0.008960999322719527,326267,123103,449370,2805206267.8125,17935016.90326441,True,2805206267.8125,1158995444.0625,1505614185.0,1218845910.9375,2523184464.375,5343430584.375,MISSING
transfer_fixed_five,B2-rank3-q1-r8-K2,1e063a21340c2fb397fe431779fa0bb1d2fba619b736361014296303c8f0e3e9,0.013040660929235186,0.005256157396431461,True,0.0037166645380005137,0.0002610609785499429,1.0307583312111528,0.005504475236216151,0.008960078795666722,307318,115984,423302,2815156722.8125,28220725.6507717,True,2815156722.8125,1138192937.0625,1482482973.125,1184478365.125,2478234787.1875,5374612581.25,MISSING
transfer_fixed_five,B0-rank6-q1-r0-K0,d9ae4b8645a032031fc003c9e7268010e6a5c5734c6da898043c748bd900aa64,0.013040660929235186,0.009976267821590988,True,0.007054286627580134,0.0006265786540605722,1.0,0.002166853146636531,0.008594561120156092,1866578,118648,1985226,20787301446.0,0.0,False,20787301446.0,9372251946.0,11919296904.0,10122667374.0,20382315342.0,39619155282.0,MISSING
transfer_fixed_five,B1-rank12-q1-r0-K0,9a24146ac2b7dfd129fa7d49aa2d50772fc647424d2ab958638482cfac139529,0.013040660929235186,0.005265778433252583,True,0.0037234676383787746,0.0002615994585534187,1.0,0.00549767213583789,0.008959540315663246,289967,109178,399145,7998865800.0,0.0,False,7998865800.0,3493716185.0,4622099100.0,3923994495.0,7768958280.0,15293240675.0,MISSING
transfer_fixed_five,B3-rank0-q8-r32-K4,a090ea4c0aa58921cf4904fed6f6f74fac8d2e12f031736c8c94aa80754f295b,0.013040660929235186,6.247566909536482e-05,True,4.417696927649928e-05,3.5948699160792685e-06,1.47140967604679,0.009176962804940165,0.009217544904300585,225307,223328,448635,15782166149.0625,202440076.7416567,False,15782166149.0625,3590201587.5,5185141072.03125,2388757057.5,7768044925.78125,30269894144.53125,MISSING
transfer_fixed_five,B2-rank3-q1-r4-K2,215212e37d35f0277d90e0dfb354ff27c6334677ddc57b31f4e702fb709a928b,0.01317153437411059,0.005256376547101335,True,0.0037168195009252836,0.00026014045149713727,1.0620308450250202,0.005596861773640022,0.009053540823068168,315566,120599,436165,2722773642.65625,17407985.952805754,True,2722773642.65625,1124937685.78125,1461370832.5,1183029411.71875,2449039214.6875,5186410754.6875,MISSING
transfer_fixed_five,B2-rank3-q1-r8-K2,1e063a21340c2fb397fe431779fa0bb1d2fba619b736361014296303c8f0e3e9,0.01317153437411059,0.005256157396431461,True,0.0037166645380005137,0.0002610609785499429,1.0307583312111528,0.005597016736564792,0.009052620296015362,297239,113625,410864,2732438192.5,27391508.246544227,True,2732438192.5,1104749098.5,1438922765.0,1149674509.0,2405416127.5,5216688850.0,MISSING
transfer_fixed_five,B0-rank6-q1-r0-K0,d9ae4b8645a032031fc003c9e7268010e6a5c5734c6da898043c748bd900aa64,0.01317153437411059,0.009976267821590988,True,0.007054286627580134,0.0006265786540605722,1.0,0.0022593946469851717,0.008687102620504733,1716805,116133,1832938,19192693798.0,0.0,False,19192693798.0,8653300298.0,11004959752.0,9346150862.0,18818774446.0,36579943666.0,MISSING
transfer_fixed_five,B1-rank12-q1-r0-K0,9a24146ac2b7dfd129fa7d49aa2d50772fc647424d2ab958638482cfac139529,0.01317153437411059,0.005265778433252583,True,0.0037234676383787746,0.0002615994585534187,1.0,0.005590213636186531,0.009052081816011887,280446,106957,387403,7763556120.0,0.0,False,7763556120.0,3390938459.0,4486126740.0,3808558893.0,7540411992.0,14843345945.0,MISSING
transfer_fixed_five,B3-rank0-q8-r32-K4,a090ea4c0aa58921cf4904fed6f6f74fac8d2e12f031736c8c94aa80754f295b,0.01317153437411059,6.247566909536482e-05,True,4.417696927649928e-05,3.5948699160792685e-06,1.47140967604679,0.009269504305288806,0.009310086404649226,220831,218910,439741,15469291349.4375,198426787.4473745,False,15469291349.4375,3519027352.5,5082347833.21875,2341400954.5,7614046705.46875,29669806236.71875,MISSING
transfer_fixed_five,B2-rank3-q1-r4-K2,215212e37d35f0277d90e0dfb354ff27c6334677ddc57b31f4e702fb709a928b,0.013303721238502573,0.005256376547101335,True,0.0037168195009252836,0.00026014045149713727,1.0620308450250202,0.00569033200183538,0.009147011051263526,305285,118147,423432,2643287492.25,16899793.2157978,True,2643287492.25,1092097289.25,1418708916.0,1148493138.75,2377544215.5,5035003447.5,MISSING
transfer_fixed_five,B2-rank3-q1-r8-K2,1e063a21340c2fb397fe431779fa0bb1d2fba619b736361014296303c8f0e3e9,0.013303721238502573,0.005256157396431461,True,0.0037166645380005137,0.0002610609785499429,1.0307583312111528,0.00569048696476015,0.00914609052421072,287555,111314,398869,2652665819.84375,26591824.795530513,True,2652665819.84375,1072496417.71875,1396914025.9375,1116110249.9375,2335191025.15625,5064389834.375,MISSING
transfer_fixed_five,B0-rank6-q1-r0-K0,d9ae4b8645a032031fc003c9e7268010e6a5c5734c6da898043c748bd900aa64,0.013303721238502573,0.009976267821590988,True,0.007054286627580134,0.0006265786540605722,1.0,0.00235286487518053,0.008780572848700091,1583110,113674,1696784,17767025264.0,0.0,False,17767025264.0,8010517264.0,10187491136.0,8651901616.0,17420881328.0,33862718288.0,MISSING
transfer_fixed_five,B1-rank12-q1-r0-K0,9a24146ac2b7dfd129fa7d49aa2d50772fc647424d2ab958638482cfac139529,0.013303721238502573,0.005265778433252583,True,0.0037234676383787746,0.0002615994585534187,1.0,0.005683683864381889,0.009145552044207245,271298,104782,376080,7536643200.0,0.0,False,7536643200.0,3291828240.0,4355006400.0,3697242480.0,7320021120.0,14409505200.0,MISSING
transfer_fixed_five,B3-rank0-q8-r32-K4,a090ea4c0aa58921cf4904fed6f6f74fac8d2e12f031736c8c94aa80754f295b,0.013303721238502573,6.247566909536482e-05,True,4.417696927649928e-05,3.5948699160792685e-06,1.47140967604679,0.009362974533484164,0.009403556632844584,216444,214580,431024,15162643089.0,194493366.85166302,False,15162643089.0,3449269560.0,4981600288.5,2294987288.0,7463113212.5,29081660712.5,MISSING
transfer_fixed_five,B2-rank3-q1-r4-K2,215212e37d35f0277d90e0dfb354ff27c6334677ddc57b31f4e702fb709a928b,0.013437234703624701,0.005256376547101335,True,0.0037168195009252836,0.00026014045149713727,1.0620308450250202,0.00578474027840295,0.009241419327831096,295401,115745,411146,2566591753.3125,16409440.905511161,True,2566591753.3125,1060409775.5625,1377544673.0,1115169283.4375,2308559093.375,4888911389.375,MISSING
transfer_fixed_five,B2-rank3-q1-r8-K2,1e063a21340c2fb397fe431779fa0bb1d2fba619b736361014296303c8f0e3e9,0.013437234703624701,0.005256157396431461,True,0.0037166645380005137,0.0002610609785499429,1.0307583312111528,0.00578489524132772,0.00924049880077829,278246,109051,387297,2575706595.46875,25820341.93641166,True,2575706595.46875,1041381117.84375,1356386712.1875,1083729624.1875,2267442389.53125,4917461596.875,MISSING
transfer_fixed_five,B0-rank6-q1-r0-K0,d9ae4b8645a032031fc003c9e7268010e6a5c5734c6da898043c748bd900aa64,0.013437234703624701,0.009976267821590988,True,0.007054286627580134,0.0006265786540605722,1.0,0.0024472731517481,0.008874981125267661,1463323,111268,1574591,16487542361.0,0.0,False,16487542361.0,7433644111.0,9453844364.0,8028839509.0,16166325797.0,31424112587.0,MISSING
transfer_fixed_five,B1-rank12-q1-r0-K0,9a24146ac2b7dfd129fa7d49aa2d50772fc647424d2ab958638482cfac139529,0.013437234703624701,0.005265778433252583,True,0.0037234676383787746,0.0002615994585534187,1.0,0.005778092140949459,0.009239960320774815,262505,102652,365157,7317746280.0,0.0,False,7317746280.0,3196219221.0,4228518060.0,3589858467.0,7107415848.0,13990990455.0,MISSING
transfer_fixed_five,B3-rank0-q8-r32-K4,a090ea4c0aa58921cf4904fed6f6f74fac8d2e12f031736c8c94aa80754f295b,0.013437234703624701,6.247566909536482e-05,True,4.417696927649928e-05,3.5948699160792685e-06,1.47140967604679,0.009457382810051734,0.009497964909412154,212144,210335,422479,14862045476.8125,190637558.77659652,False,14862045476.8125,3380888197.5,4882840649.90625,2249489435.5,7315157872.65625,28505120216.40625,MISSING
transfer_fixed_five,B2-rank3-q1-r4-K2,215212e37d35f0277d90e0dfb354ff27c6334677ddc57b31f4e702fb709a928b,0.013572088082974531,0.005256376547101335,True,0.0037168195009252836,0.00026014045149713727,1.0620308450250202,0.005880096017407136,0.009336775066835282,285898,113393,399291,2492586545.34375,15936290.43843904,True,2492586545.34375,1029833878.21875,1337824495.5,1083014448.28125,2241994009.3125,4747944325.3125,MISSING
transfer_fixed_five,B2-rank3-q1-r8-K2,1e063a21340c2fb397fe431779fa0bb1d2fba619b736361014296303c8f0e3e9,0.013572088082974531,0.005256157396431461,True,0.0037166645380005137,0.0002610609785499429,1.0307583312111528,0.005880250980331906,0.009335854539782477,269295,106835,376130,2501440810.9375,25075859.644000642,True,2501440810.9375,1011354799.6875,1317277784.375,1052482264.375,2202064839.0625,4775675593.75,MISSING
transfer_fixed_five,B0-rank6-q1-r0-K0,d9ae4b8645a032031fc003c9e7268010e6a5c5734c6da898043c748bd900aa64,0.013572088082974531,0.009976267821590988,True,0.007054286627580134,0.0006265786540605722,1.0,0.002542628890752286,0.008970336864271847,1355624,108915,1464539,15335187869.0,0.0,False,15335187869.0,6914088619.0,8793092156.0,7467684361.0,15036421913.0,29227804823.0,MISSING
transfer_fixed_five,B1-rank12-q1-r0-K0,9a24146ac2b7dfd129fa7d49aa2d50772fc647424d2ab958638482cfac139529,0.013572088082974531,0.005265778433252583,True,0.0037234676383787746,0.0002615994585534187,1.0,0.005873447879953645,0.009335316059779001,254050,100566,354616,7106504640.0,0.0,False,7106504640.0,3103953848.0,4106453280.0,3486229896.0,6902245824.0,13587112040.0,MISSING
transfer_fixed_five,B3-rank0-q8-r32-K4,a090ea4c0aa58921cf4904fed6f6f74fac8d2e12f031736c8c94aa80754f295b,0.013572088082974531,6.247566909536482e-05,True,4.417696927649928e-05,3.5948699160792685e-06,1.47140967604679,0.00955273854905592,0.00959332064841634,207930,206175,414105,14567463334.6875,186858911.98658988,False,14567463334.6875,3313875262.5,4786057359.84375,2204902072.5,7170163371.09375,27940117277.34375,MISSING
transfer_fixed_five,B2-rank3-q1-r4-K2,215212e37d35f0277d90e0dfb354ff27c6334677ddc57b31f4e702fb709a928b,0.013708294823661217,0.005256376547101335,True,0.0037168195009252836,0.00026014045149713727,1.0620308450250202,0.00597640872739001,0.009433087776818156,276758,111090,387848,2421153260.25,15479583.496667102,True,2421153260.25,1000320593.25,1299484724.0,1051977098.75,2177742279.5,4611876327.5,MISSING
transfer_fixed_five,B2-rank3-q1-r8-K2,1e063a21340c2fb397fe431779fa0bb1d2fba619b736361014296303c8f0e3e9,0.013708294823661217,0.005256157396431461,True,0.0037166645380005137,0.0002610609785499429,1.0307583312111528,0.00597656369031478,0.00943216724976535,260685,104664,365349,2429742107.34375,24357111.225044508,True,2429742107.34375,982366375.21875,1279520700.9375,1022315004.9375,2138947137.65625,4638790584.375,MISSING
transfer_fixed_five,B0-rank6-q1-r0-K0,d9ae4b8645a032031fc003c9e7268010e6a5c5734c6da898043c748bd900aa64,0.013708294823661217,0.009976267821590988,True,0.007054286627580134,0.0006265786540605722,1.0,0.00263894160073516,0.009066649574254721,1258478,106614,1365092,14293878332.0,0.0,False,14293878332.0,6444599332.0,8196012368.0,6960604108.0,14015399564.0,27243141044.0,MISSING
transfer_fixed_five,B1-rank12-q1-r0-K0,9a24146ac2b7dfd129fa7d49aa2d50772fc647424d2ab958638482cfac139529,0.013708294823661217,0.005265778433252583,True,0.0037234676383787746,0.0002615994585534187,1.0,0.005969760589936519,0.009431628769761875,245919,98522,344441,6902597640.0,0.0,False,6902597640.0,3014892073.0,3988626780.0,3386199471.0,6704199624.0,13197256915.0,MISSING
transfer_fixed_five,B3-rank0-q8-r32-K4,a090ea4c0aa58921cf4904fed6f6f74fac8d2e12f031736c8c94aa80754f295b,0.013708294823661217,6.247566909536482e-05,True,4.417696927649928e-05,3.5948699160792685e-06,1.47140967604679,0.009649051259038794,0.009689633358399214,203800,202096,405896,14278685593.5,183154719.0681322,False,14278685593.5,3248182740.0,4691181072.75,2161193252.0,7028025818.75,27386247068.75,MISSING
transfer_fixed_five,B2-rank3-q1-r4-K2,215212e37d35f0277d90e0dfb354ff27c6334677ddc57b31f4e702fb709a928b,0.01384586850774637,0.005256376547101335,True,0.0037168195009252836,0.00026014045149713727,1.0620308450250202,0.006073688012319438,0.009530367061747584,267963,108833,376796,2352160804.875,15038481.939342674,True,2352160804.875,971815758.375,1262454998.0,1022000275.625,2115685990.25,4480457686.25,MISSING
transfer_fixed_five,B2-rank3-q1-r8-K2,1e063a21340c2fb397fe431779fa0bb1d2fba619b736361014296303c8f0e3e9,0.01384586850774637,0.005256157396431461,True,0.0037166645380005137,0.0002610609785499429,1.0307583312111528,0.006073842975244208,0.009529446534694778,252402,102538,354940,2360517378.125,23663163.32662002,True,2360517378.125,954378200.625,1243066431.25,993188671.25,2078007321.875,4506628812.5,MISSING
transfer_fixed_five,B0-rank6-q1-r0-K0,d9ae4b8645a032031fc003c9e7268010e6a5c5734c6da898043c748bd900aa64,0.01384586850774637,0.009976267821590988,True,0.007054286627580134,0.0006265786540605722,1.0,0.002736220885664588,0.00916392885918415,1170585,104362,1274947,13349970037.0,0.0,False,13349970037.0,6019024787.0,7654781788.0,6500954753.0,13089880849.0,25444117279.0,MISSING
transfer_fixed_five,B1-rank12-q1-r0-K0,9a24146ac2b7dfd129fa7d49aa2d50772fc647424d2ab958638482cfac139529,0.01384586850774637,0.005265778433252583,True,0.0037234676383787746,0.0002615994585534187,1.0,0.006067039874865947,0.009528908054691303,238096,96521,334617,6705724680.0,0.0,False,6705724680.0,2928902601.0,3874864860.0,3289619727.0,6512985288.0,12820850355.0,MISSING
transfer_fixed_five,B3-rank0-q8-r32-K4,a090ea4c0aa58921cf4904fed6f6f74fac8d2e12f031736c8c94aa80754f295b,0.01384586850774637,6.247566909536482e-05,True,4.417696927649928e-05,3.5948699160792685e-06,1.47140967604679,0.009746330543968222,0.009786912643328642,199752,198099,397851,13995677075.0625,179524528.78563836,False,13995677075.0625,3183802627.5,4598200231.03125,2118357649.5,6888727900.78125,26843442119.53125,MISSING
transfer_fixed_five,B2-rank3-q1-r4-K2,215212e37d35f0277d90e0dfb354ff27c6334677ddc57b31f4e702fb709a928b,0.01398482285359845,0.005256376547101335,True,0.0037168195009252836,0.00026014045149713727,1.0620308450250202,0.0061719435725467835,0.00962862262197493,259499,106624,366123,2285534268.84375,14612506.828835651,True,2285534268.84375,944288423.71875,1226695111.5,993051430.78125,2055757762.3125,4353545710.3125,MISSING
transfer_fixed_five,B2-rank3-q1-r8-K2,1e063a21340c2fb397fe431779fa0bb1d2fba619b736361014296303c8f0e3e9,0.01398482285359845,0.005256157396431461,True,0.0037166645380005137,0.0002610609785499429,1.0307583312111528,0.006172098535471553,0.009627702094922124,244430,100456,344886,2293653565.3125,22992882.59160611,True,2293653565.3125,927344565.5625,1207855438.125,965055694.125,2019145864.6875,4378974431.25,MISSING
transfer_fixed_five,B0-rank6-q1-r0-K0,d9ae4b8645a032031fc003c9e7268010e6a5c5734c6da898043c748bd900aa64,0.01398482285359845,0.009976267821590988,True,0.007054286627580134,0.0006265786540605722,1.0,0.0028344764458919335,0.009262184419411495,1090836,102160,1192996,12491861116.0,0.0,False,12491861116.0,5632134116.0,7162747984.0,6083086604.0,12248489932.0,23808621172.0,MISSING
transfer_fixed_five,B1-rank12-q1-r0-K0,9a24146ac2b7dfd129fa7d49aa2d50772fc647424d2ab958638482cfac139529,0.01398482285359845,0.005265778433252583,True,0.0037234676383787746,0.0002615994585534187,1.0,0.0061652954350932924,0.009627163614918648,230568,94561,325129,6515585160.0,0.0,False,6515585160.0,2845854137.0,3764993820.0,3196343199.0,6328310856.0,12457317635.0,MISSING
transfer_fixed_five,B3-rank0-q8-r32-K4,a090ea4c0aa58921cf4904fed6f6f74fac8d2e12f031736c8c94aa80754f295b,0.01398482285359845,6.247566909536482e-05,True,4.417696927649928e-05,3.5948699160792685e-06,1.47140967604679,0.009844586104195568,0.009885168203555988,195785,194180,389965,13718261888.4375,175966084.9611826,False,13718261888.4375,3120694912.5,4507057046.71875,2076368642.5,6752183042.96875,26311365074.21875,MISSING
transfer_fixed_five,B2-rank3-q1-r4-K2,215212e37d35f0277d90e0dfb354ff27c6334677ddc57b31f4e702fb709a928b,0.014125171717260689,0.005256376547101335,True,0.0037168195009252836,0.00026014045149713727,1.0620308450250202,0.006271185205774179,0.009727864255202326,251351,104459,355810,2221155044.0625,14200899.847231703,True,2221155044.0625,917689585.3125,1192141405.0,965079029.6875,1997850911.875,4230914471.875,MISSING
transfer_fixed_five,B2-rank3-q1-r8-K2,1e063a21340c2fb397fe431779fa0bb1d2fba619b736361014296303c8f0e3e9,0.014125171717260689,0.005256157396431461,True,0.0037166645380005137,0.0002610609785499429,1.0307583312111528,0.006271340168698949,0.00972694372814952,236755,98417,335172,2229050911.875,22345268.999013595,True,2229050911.875,901225137.375,1173835188.75,937874100.75,1962274948.125,4255636987.5,MISSING
transfer_fixed_five,B0-rank6-q1-r0-K0,d9ae4b8645a032031fc003c9e7268010e6a5c5734c6da898043c748bd900aa64,0.014125171717260689,0.009976267821590988,True,0.007054286627580134,0.0006265786540605722,1.0,0.0029337180791193292,0.00936142605263889,1018283,100005,1118288,11709593648.0,0.0,False,11709593648.0,5279437648.0,6714201152.0,5702150512.0,11481462896.0,22317673616.0,MISSING
transfer_fixed_five,B1-rank12-q1-r0-K0,9a24146ac2b7dfd129fa7d49aa2d50772fc647424d2ab958638482cfac139529,0.014125171717260689,0.005265778433252583,True,0.0037234676383787746,0.0002615994585534187,1.0,0.006264537068320688,0.009726405248146044,223320,92641,315961,6331858440.0,0.0,False,6331858440.0,2765606633.0,3658828380.0,3106212591.0,6149864904.0,12106045715.0,MISSING
transfer_fixed_five,B3-rank0-q8-r32-K4,a090ea4c0aa58921cf4904fed6f6f74fac8d2e12f031736c8c94aa80754f295b,0.014125171717260689,6.247566909536482e-05,True,4.417696927649928e-05,3.5948699160792685e-06,1.47140967604679,0.009943827737422964,0.009984409836783384,191896,190339,382235,13446334499.0625,172478033.88800952,False,13446334499.0625,3058835587.5,4417716847.03125,2035210257.5,6618339300.78125,25789813519.53125,MISSING
transfer_fixed_five,B2-rank3-q1-r4-K2,215212e37d35f0277d90e0dfb354ff27c6334677ddc57b31f4e702fb709a928b,0.01426692909383278,0.005256376547101335,True,0.0037168195009252836,0.00026014045149713727,1.0620308450250202,0.00637142280803152,0.009828101857459666,243505,102339,345844,2158941977.625,13803142.145431554,True,2158941977.625,891985714.125,1158750322.0,938047811.875,1941892444.75,4112409388.75,MISSING
transfer_fixed_five,B2-rank3-q1-r8-K2,1e063a21340c2fb397fe431779fa0bb1d2fba619b736361014296303c8f0e3e9,0.01426692909383278,0.005256157396431461,True,0.0037166645380005137,0.0002610609785499429,1.0307583312111528,0.00637157777095629,0.00982718133040686,229364,96419,325783,2166609660.78125,21719322.5278533,True,2166609660.78125,875979583.40625,1140953150.3125,911601918.3125,1907306754.21875,4136426028.125,MISSING
transfer_fixed_five,B0-rank6-q1-r0-K0,d9ae4b8645a032031fc003c9e7268010e6a5c5734c6da898043c748bd900aa64,0.01426692909383278,0.009976267821590988,True,0.007054286627580134,0.0006265786540605722,1.0,0.00303395568137667,0.009461663654896231,952109,97898,1050007,10994623297.0,0.0,False,10994623297.0,4957083047.0,6304242028.0,5353985693.0,10780421869.0,20954989699.0,MISSING
transfer_fixed_five,B1-rank12-q1-r0-K0,9a24146ac2b7dfd129fa7d49aa2d50772fc647424d2ab958638482cfac139529,0.01426692909383278,0.005265778433252583,True,0.0037234676383787746,0.0002615994585534187,1.0,0.006364774670578029,0.009826642850403385,216342,90761,307103,6154344120.0,0.0,False,6154344120.0,2688072559.0,3556252740.0,3019129593.0,5977452792.0,11766651445.0,MISSING
transfer_fixed_five,B3-rank0-q8-r32-K4,a090ea4c0aa58921cf4904fed6f6f74fac8d2e12f031736c8c94aa80754f295b,0.01426692909383278,6.247566909536482e-05,True,4.417696927649928e-05,3.5948699160792685e-06,1.47140967604679,0.010044065339680304,0.010084647439040724,188085,186574,374659,13179824550.5625,169059473.0949488,False,13179824550.5625,2998208647.5,4330156516.78125,1994871845.5,6487162044.53125,25278652513.28125,MISSING
transfer_fixed_five,B2-rank3-q1-r4-K2,215212e37d35f0277d90e0dfb354ff27c6334677ddc57b31f4e702fb709a928b,0.014410109118866412,0.005256376547101335,True,0.0037168195009252836,0.00026014045149713727,1.0620308450250202,0.006472666374663261,0.009929345424091407,235947,100263,336210,2098801431.5625,13418635.051397575,True,2098801431.5625,867138122.8125,1126471605.0,911917092.1875,1887798136.875,3997852096.875,MISSING
transfer_fixed_five,B2-rank3-q1-r8-K2,1e063a21340c2fb397fe431779fa0bb1d2fba619b736361014296303c8f0e3e9,0.014410109118866412,0.005256157396431461,True,0.0037166645380005137,0.0002610609785499429,1.0307583312111528,0.006472821337588031,0.009928424897038601,222245,94463,316708,2106256656.875,21114309.829399824,True,2106256656.875,851578326.375,1109170798.75,886208366.75,1854176883.125,4021201887.5,MISSING
transfer_fixed_five,B0-rank6-q1-r0-K0,d9ae4b8645a032031fc003c9e7268010e6a5c5734c6da898043c748bd900aa64,0.014410109118866412,0.009976267821590988,True,0.007054286627580134,0.0006265786540605722,1.0,0.0031351992480084107,0.009562907221527972,891610,95836,987446,10339547066.0,0.0,False,10339547066.0,4661732566.0,5928625784.0,5034987154.0,10138108082.0,19706459822.0,MISSING
transfer_fixed_five,B1-rank12-q1-r0-K0,9a24146ac2b7dfd129fa7d49aa2d50772fc647424d2ab958638482cfac139529,0.014410109118866412,0.005265778433252583,True,0.0037234676383787746,0.0002615994585534187,1.0,0.00646601823720977,0.009927886417035126,209620,88919,298539,5982721560.0,0.0,False,5982721560.0,2613111867.0,3457081620.0,2934936909.0,5810763096.0,11438521785.0,MISSING
transfer_fixed_five,B3-rank0-q8-r32-K4,a090ea4c0aa58921cf4904fed6f6f74fac8d2e12f031736c8c94aa80754f295b,0.014410109118866412,6.247566909536482e-05,True,4.417696927649928e-05,3.5948699160792685e-06,1.47140967604679,0.010145308906312045,0.010185891005672465,184350,182884,367234,12918626508.375,165709048.87524503,False,12918626508.375,2938790085.0,4244341383.1875,1955337433.0,6358599329.6875,24777679642.1875,MISSING
transfer_fixed_five,B2-rank3-q1-r4-K2,215212e37d35f0277d90e0dfb354ff27c6334677ddc57b31f4e702fb709a928b,0.01455472606977483,0.005256376547101335,True,0.0037168195009252836,0.00026014045149713727,1.0620308450250202,0.006574926001325126,0.010031605050753272,228664,98229,326893,2040639767.90625,13046779.893092137,True,2040639767.90625,843108124.03125,1095254996.5,886646185.46875,1835483764.1875,3887064232.1875,MISSING
transfer_fixed_five,B2-rank3-q1-r8-K2,1e063a21340c2fb397fe431779fa0bb1d2fba619b736361014296303c8f0e3e9,0.01455472606977483,0.005256157396431461,True,0.0037166645380005137,0.0002610609785499429,1.0307583312111528,0.006575080964249896,0.010030684523700466,215386,92546,307932,2047892143.125,20529230.882663988,True,2047892143.125,827981033.625,1078435601.25,861651473.25,1802797516.875,3909774112.5,MISSING
transfer_fixed_five,B0-rank6-q1-r0-K0,d9ae4b8645a032031fc003c9e7268010e6a5c5734c6da898043c748bd900aa64,0.01455472606977483,0.009976267821590988,True,0.007054286627580134,0.0006265786540605722,1.0,0.003237458874670276,0.009665166848189837,836174,93819,929993,9737956703.0,0.0,False,9737956703.0,4390496953.0,5583677972.0,4742034307.0,9548238131.0,18559870301.0,MISSING
transfer_fixed_five,B1-rank12-q1-r0-K0,9a24146ac2b7dfd129fa7d49aa2d50772fc647424d2ab958638482cfac139529,0.01455472606977483,0.005265778433252583,True,0.0037234676383787746,0.0002615994585534187,1.0,0.006568277863871635,0.01003014604369699,203144,87115,290259,5816790360.0,0.0,False,5816790360.0,2540637027.0,3361199220.0,2853536229.0,5649601176.0,11121273585.0,MISSING
transfer_fixed_five,B3-rank0-q8-r32-K4,a090ea4c0aa58921cf4904fed6f6f74fac8d2e12f031736c8c94aa80754f295b,0.01455472606977483,6.247566909536482e-05,True,4.417696927649928e-05,3.5948699160792685e-06,1.47140967604679,0.01024756853297391,0.01028815063233433,180689,179266,359955,12662564481.5625,162424505.0509725,False,12662564481.5625,2880539887.5,4160213658.28125,1916580397.5,6232564582.03125,24286557550.78125,MISSING
transfer_fixed_five,B2-rank3-q1-r4-K2,215212e37d35f0277d90e0dfb354ff27c6334677ddc57b31f4e702fb709a928b,0.014700794367256513,0.005256376547101335,True,0.0037168195009252836,0.00026014045149713727,1.0620308450250202,0.0066782118849907975,0.010134890934418944,221646,96237,317883,1984394561.34375,12687177.555823488,True,1984394561.34375,819869926.21875,1065066991.5,862207968.28125,1784893177.3125,3779926885.3125,MISSING
transfer_fixed_five,B2-rank3-q1-r8-K2,1e063a21340c2fb397fe431779fa0bb1d2fba619b736361014296303c8f0e3e9,0.014700794367256513,0.005256157396431461,True,0.0037166645380005137,0.0002610609785499429,1.0307583312111528,0.0066783668479155674,0.010133970407366138,208775,90670,299445,1991449614.84375,19963419.006986342,True,1991449614.84375,805160816.71875,1048712535.9375,837903255.9375,1753110110.15625,3802015734.375,MISSING
transfer_fixed_five,B0-rank6-q1-r0-K0,d9ae4b8645a032031fc003c9e7268010e6a5c5734c6da898043c748bd900aa64,0.014700794367256513,0.009976267821590988,True,0.007054286627580134,0.0006265786540605722,1.0,0.0033407447583359475,0.009768452731855509,785269,91845,877114,9184260694.0,0.0,False,9184260694.0,4140855194.0,5266192456.0,4472404286.0,9005329438.0,17504564098.0,MISSING
transfer_fixed_five,B1-rank12-q1-r0-K0,9a24146ac2b7dfd129fa7d49aa2d50772fc647424d2ab958638482cfac139529,0.014700794367256513,0.005265778433252583,True,0.0037234676383787746,0.0002615994585534187,1.0,0.0066715637475373065,0.010133431927362662,196902,85348,282250,5656290000.0,0.0,False,5656290000.0,2470534250.0,3268455000.0,2774799750.0,5493714000.0,10814408750.0,MISSING
transfer_fixed_five,B3-rank0-q8-r32-K4,a090ea4c0aa58921cf4904fed6f6f74fac8d2e12f031736c8c94aa80754f295b,0.014700794367256513,6.247566909536482e-05,True,4.417696927649928e-05,3.5948699160792685e-06,1.47140967604679,0.010350854416639582,0.010391436516000002,177101,175720,352821,12411603291.9375,159205390.386546,False,12411603291.9375,2823450052.5,4077761784.46875,1878595414.5,6109040486.71875,23805218767.96875,MISSING
transfer_fixed_five,B2-rank3-q1-r4-K2,215212e37d35f0277d90e0dfb354ff27c6334677ddc57b31f4e702fb709a928b,0.014848328576733167,0.005256376547101335,True,0.0037168195009252836,0.00026014045149713727,1.0620308450250202,0.006782534324968736,0.010239213374396882,214880,94286,309166,1929978416.4375,12339269.279023178,True,1929978416.4375,797387421.1875,1035860683.0,838564467.8125,1735947767.125,3676273583.125,MISSING
transfer_fixed_five,B2-rank3-q1-r8-K2,1e063a21340c2fb397fe431779fa0bb1d2fba619b736361014296303c8f0e3e9,0.014848328576733167,0.005256157396431461,True,0.0037166645380005137,0.0002610609785499429,1.0307583312111528,0.006782689287893506,0.010238292847344076,202403,88831,291234,1936842615.9375,19416007.517509595,True,1936842615.9375,783082720.6875,1019956074.375,814927338.375,1705038554.0625,3697761693.75,MISSING
transfer_fixed_five,B0-rank6-q1-r0-K0,d9ae4b8645a032031fc003c9e7268010e6a5c5734c6da898043c748bd900aa64,0.014848328576733167,0.009976267821590988,True,0.007054286627580134,0.0006265786540605722,1.0,0.0034450671983138857,0.009872775171833447,738431,89914,828345,8673600495.0,0.0,False,8673600495.0,3910616745.0,4973383380.0,4223731155.0,8504618115.0,16531281165.0,MISSING
transfer_fixed_five,B1-rank12-q1-r0-K0,9a24146ac2b7dfd129fa7d49aa2d50772fc647424d2ab958638482cfac139529,0.014848328576733167,0.005265778433252583,True,0.0037234676383787746,0.0002615994585534187,1.0,0.006775886187515245,0.0102377543673406,190886,83618,274504,5501060160.0,0.0,False,5501060160.0,2402733512.0,3178756320.0,2698648824.0,5342945856.0,10517620760.0,MISSING
transfer_fixed_five,B3-rank0-q8-r32-K4,a090ea4c0aa58921cf4904fed6f6f74fac8d2e12f031736c8c94aa80754f295b,0.014848328576733167,6.247566909536482e-05,True,4.417696927649928e-05,3.5948699160792685e-06,1.47140967604679,0.01045517685661752,0.01049575895597794,173584,172245,345829,12165637404.9375,156050351.17521012,False,12165637404.9375,2767496572.5,3996951088.96875,1841366510.5,5987975099.21875,23333460880.46875,MISSING
transfer_fixed_five,B2-rank3-q1-r4-K2,215212e37d35f0277d90e0dfb354ff27c6334677ddc57b31f4e702fb709a928b,0.014997343409802133,0.005256376547101335,True,0.0037168195009252836,0.00026014045149713727,1.0620308450250202,0.006887903723929183,0.01034458277335733,208356,92375,300731,1877322665.34375,12002616.036530277,True,1877322665.34375,775632238.21875,1007599215.5,815685848.28125,1688585769.3125,3575973525.3125,MISSING
transfer_fixed_five,B2-rank3-q1-r8-K2,1e063a21340c2fb397fe431779fa0bb1d2fba619b736361014296303c8f0e3e9,0.014997343409802133,0.005256157396431461,True,0.0037166645380005137,0.0002610609785499429,1.0307583312111528,0.006888058686853953,0.010343662246304524,196257,87031,283288,1883997991.25,18886263.065508347,True,1883997991.25,761717168.25,992127692.5,792692940.5,1658518448.75,3596872325.0,MISSING
transfer_fixed_five,B0-rank6-q1-r0-K0,d9ae4b8645a032031fc003c9e7268010e6a5c5734c6da898043c748bd900aa64,0.014997343409802133,0.009976267821590988,True,0.007054286627580134,0.0006265786540605722,1.0,0.003550436597274333,0.009978144570793894,695251,88025,783276,8201682996.0,0.0,False,8201682996.0,3697845996.0,4702789104.0,3993924324.0,8041894692.0,15631839132.0,MISSING
transfer_fixed_five,B1-rank12-q1-r0-K0,9a24146ac2b7dfd129fa7d49aa2d50772fc647424d2ab958638482cfac139529,0.014997343409802133,0.005265778433252583,True,0.0037234676383787746,0.0002615994585534187,1.0,0.006881255586475692,0.010343123766301048,185085,81923,267008,5350840320.0,0.0,False,5350840320.0,2337121024.0,3091952640.0,2624955648.0,5197043712.0,10230411520.0,MISSING
transfer_fixed_five,B3-rank0-q8-r32-K4,a090ea4c0aa58921cf4904fed6f6f74fac8d2e12f031736c8c94aa80754f295b,0.014997343409802133,6.247566909536482e-05,True,4.417696927649928e-05,3.5948699160792685e-06,1.47140967604679,0.010560546255577967,0.010601128354938387,170138,168838,338976,11924561286.0,152958033.71020946,False,11924561286.0,2712655440.0,3917746899.0,1804877712.0,5869316475.0,22871081475.0,MISSING
transfer_fixed_five,B2-rank3-q1-r4-K2,215212e37d35f0277d90e0dfb354ff27c6334677ddc57b31f4e702fb709a928b,0.015147853725703382,0.005256376547101335,True,0.0037168195009252836,0.00026014045149713727,1.0620308450250202,0.006994330588941486,0.010451009638369632,202064,90503,292567,1826358640.21875,11676778.802183855,True,1826358640.21875,754576006.59375,980245733.5,793542273.90625,1642745419.5625,3478895911.5625,MISSING
transfer_fixed_five,B2-rank3-q1-r8-K2,1e063a21340c2fb397fe431779fa0bb1d2fba619b736361014296303c8f0e3e9,0.015147853725703382,0.005256157396431461,True,0.0037166645380005137,0.0002610609785499429,1.0307583312111528,0.006994485551866256,0.010450089111316826,190330,85267,275597,1832849236.09375,18373518.970323145,True,1832849236.09375,741037270.96875,965192368.4375,771172080.4375,1613491248.90625,3499220659.375,MISSING
transfer_fixed_five,B0-rank6-q1-r0-K0,d9ae4b8645a032031fc003c9e7268010e6a5c5734c6da898043c748bd900aa64,0.015147853725703382,0.009976267821590988,True,0.007054286627580134,0.0006265786540605722,1.0,0.003656863462286636,0.010084571435806197,655372,86177,741549,7764759579.0,0.0,False,7764759579.0,3500852829.0,4452260196.0,3781158351.0,7613483583.0,14799093393.0,MISSING
transfer_fixed_five,B1-rank12-q1-r0-K0,9a24146ac2b7dfd129fa7d49aa2d50772fc647424d2ab958638482cfac139529,0.015147853725703382,0.005265778433252583,True,0.0037234676383787746,0.0002615994585534187,1.0,0.006987682451487995,0.01044955063131335,179490,80262,259752,5205430080.0,0.0,False,5205430080.0,2273609256.0,3007928160.0,2553621912.0,5055812928.0,9952397880.0,MISSING
transfer_fixed_five,B3-rank0-q8-r32-K4,a090ea4c0aa58921cf4904fed6f6f74fac8d2e12f031736c8c94aa80754f295b,0.015147853725703382,6.247566909536482e-05,True,4.417696927649928e-05,3.5948699160792685e-06,1.47140967604679,0.01066697312059027,0.01070755521995069,166760,165498,332258,11688234222.375,149926633.0492034,False,11688234222.375,2658894645.0,3840102984.1875,1769107721.0,5752995354.6875,22417810667.1875,MISSING
transfer_fixed_five,B2-rank3-q1-r4-K2,215212e37d35f0277d90e0dfb354ff27c6334677ddc57b31f4e702fb709a928b,0.015299874532801216,0.005256376547101335,True,0.0037168195009252836,0.00026014045149713727,1.0620308450250202,0.007101825532521816,0.010558504581949962,195993,88670,284663,1777017673.21875,11361318.54982299,True,1777017673.21875,734190355.59375,953763381.5,772103908.90625,1598364953.5625,3384909941.5625,MISSING
transfer_fixed_five,B2-rank3-q1-r8-K2,1e063a21340c2fb397fe431779fa0bb1d2fba619b736361014296303c8f0e3e9,0.015299874532801216,0.005256157396431461,True,0.0037166645380005137,0.0002610609785499429,1.0307583312111528,0.007101980495446586,0.010557584054897156,184612,83540,268152,1783336496.25,17877175.219360486,True,1783336496.25,721018829.25,939118582.5,750339574.5,1569904263.75,3404692425.0,MISSING
transfer_fixed_five,B0-rank6-q1-r0-K0,d9ae4b8645a032031fc003c9e7268010e6a5c5734c6da898043c748bd900aa64,0.015299874532801216,0.009976267821590988,True,0.007054286627580134,0.0006265786540605722,1.0,0.0037643584058669657,0.010192066379386527,618477,84369,702846,7359500466.0,0.0,False,7359500466.0,3318135966.0,4219887384.0,3583811754.0,7216119882.0,14026697622.0,MISSING
transfer_fixed_five,B1-rank12-q1-r0-K0,9a24146ac2b7dfd129fa7d49aa2d50772fc647424d2ab958638482cfac139529,0.015299874532801216,0.005265778433252583,True,0.0037234676383787746,0.0002615994585534187,1.0,0.007095177395068325,0.01055704557489368,174092,78636,252728,5064669120.0,0.0,False,5064669120.0,2212128184.0,2926590240.0,2484568968.0,4919097792.0,9683273320.0,MISSING
transfer_fixed_five,B3-rank0-q8-r32-K4,a090ea4c0aa58921cf4904fed6f6f74fac8d2e12f031736c8c94aa80754f295b,0.015299874532801216,6.247566909536482e-05,True,4.417696927649928e-05,3.5948699160792685e-06,1.47140967604679,0.0107744680641706,0.01081505016353102,163449,162225,325674,11456621035.875,146955697.95660684,False,11456621035.875,2606206185.0,3764007786.9375,1734051213.0,5638994423.4375,21973580985.9375,MISSING
transfer_fixed_five,B2-rank3-q1-r4-K2,215212e37d35f0277d90e0dfb354ff27c6334677ddc57b31f4e702fb709a928b,0.015453420990080862,0.005256376547101335,True,0.0037168195009252836,0.00026014045149713727,1.0620308450250202,0.007210399273691425,0.010667078323119571,190135,86874,277009,1729237339.03125,11055836.16475593,True,1729237339.03125,714449493.65625,928118654.5,751343629.84375,1555388221.9375,3293896705.9375,MISSING
transfer_fixed_five,B2-rank3-q1-r8-K2,1e063a21340c2fb397fe431779fa0bb1d2fba619b736361014296303c8f0e3e9,0.015453420990080862,0.005256157396431461,True,0.0037166645380005137,0.0002610609785499429,1.0307583312111528,0.007210554236616195,0.010666157796066765,179095,81847,260942,1735386616.5625,17396498.46389497,True,1735386616.5625,701632265.8125,913867810.625,730164642.625,1527693093.4375,3313147956.25,MISSING
transfer_fixed_five,B0-rank6-q1-r0-K0,d9ae4b8645a032031fc003c9e7268010e6a5c5734c6da898043c748bd900aa64,0.015453420990080862,0.009976267821590988,True,0.007054286627580134,0.0006265786540605722,1.0,0.0038729321470365747,0.010300640120556136,584286,82600,666886,6982963306.0,0.0,False,6982963306.0,3148368806.0,4003983544.0,3400451714.0,6846918562.0,13309043902.0,MISSING
transfer_fixed_five,B1-rank12-q1-r0-K0,9a24146ac2b7dfd129fa7d49aa2d50772fc647424d2ab958638482cfac139529,0.015453420990080862,0.005265778433252583,True,0.0037234676383787746,0.0002615994585534187,1.0,0.007203751136237934,0.01066561931606329,168884,77043,245927,4928377080.0,0.0,False,4928377080.0,2152599031.0,2847834660.0,2417708337.0,4786723128.0,9422693005.0,MISSING
transfer_fixed_five,B3-rank0-q8-r32-K4,a090ea4c0aa58921cf4904fed6f6f74fac8d2e12f031736c8c94aa80754f295b,0.015453420990080862,6.247566909536482e-05,True,4.417696927649928e-05,3.5948699160792685e-06,1.47140967604679,0.010883041805340209,0.010923623904700629,160204,159016,319220,11229581013.75,144043423.49007913,False,11229581013.75,2554558050.0,3689415076.875,1699686890.0,5527244421.875,21538122546.875,MISSING
transfer_fixed_five,B2-rank3-q1-r4-K2,215212e37d35f0277d90e0dfb354ff27c6334677ddc57b31f4e702fb709a928b,0.015608508408660068,0.005256376547101335,True,0.0037168195009252836,0.00026014045149713727,1.0620308450250202,0.0073200626390454975,0.010776741688473644,184481,85115,269596,1682961454.875,10759972.443760091,True,1682961454.875,695330208.375,903281398.0,731237025.625,1513764690.25,3205749186.25,MISSING
transfer_fixed_five,B2-rank3-q1-r8-K2,1e063a21340c2fb397fe431779fa0bb1d2fba619b736361014296303c8f0e3e9,0.015608508408660068,0.005256157396431461,True,0.0037166645380005137,0.0002610609785499429,1.0307583312111528,0.007320217601970267,0.010775821161420838,173769,80190,253959,1688946393.28125,16930955.359399036,True,1688946393.28125,682856069.90625,889412035.3125,710624899.3125,1486810901.71875,3224485678.125,MISSING
transfer_fixed_five,B0-rank6-q1-r0-K0,d9ae4b8645a032031fc003c9e7268010e6a5c5734c6da898043c748bd900aa64,0.015608508408660068,0.009976267821590988,True,0.007054286627580134,0.0006265786540605722,1.0,0.0039825955123906475,0.010410303485910209,552552,80869,633421,6632551291.0,0.0,False,6632551291.0,2990380541.0,3803059684.0,3229813679.0,6503333407.0,12641182897.0,MISSING
transfer_fixed_five,B1-rank12-q1-r0-K0,9a24146ac2b7dfd129fa7d49aa2d50772fc647424d2ab958638482cfac139529,0.015608508408660068,0.005265778433252583,True,0.0037234676383787746,0.0002615994585534187,1.0,0.0073134145015920065,0.010775282681417362,163857,75483,239340,4796373600.0,0.0,False,4796373600.0,2094943020.0,2771557200.0,2352951540.0,4658513760.0,9170312100.0,MISSING
transfer_fixed_five,B3-rank0-q8-r32-K4,a090ea4c0aa58921cf4904fed6f6f74fac8d2e12f031736c8c94aa80754f295b,0.015608508408660068,6.247566909536482e-05,True,4.417696927649928e-05,3.5948699160792685e-06,1.47140967604679,0.010992705170694282,0.011033287270054702,157023,155870,312893,11007008621.4375,141188455.94286487,False,11007008621.4375,2503926232.5,3616290181.21875,1665998778.5,5417693405.46875,21111232936.71875,MISSING
transfer_fixed_five,B2-rank3-q1-r4-K2,215212e37d35f0277d90e0dfb354ff27c6334677ddc57b31f4e702fb709a928b,0.015765152253315866,0.005256376547101335,True,0.0037168195009252836,0.00026014045149713727,1.0620308450250202,0.007430826563832744,0.01088750561326089,179022,83392,262414,1638127595.4375,10473328.272143729,True,1638127595.4375,676806708.1875,879218107.0,711756972.8125,1473438209.125,3120348473.125,MISSING
transfer_fixed_five,B2-rank3-q1-r8-K2,1e063a21340c2fb397fe431779fa0bb1d2fba619b736361014296303c8f0e3e9,0.015765152253315866,0.005256157396431461,True,0.0037166645380005137,0.0002610609785499429,1.0307583312111528,0.007430981526757514,0.010886585086208085,168627,78567,247194,1643955972.1875,16479945.89327917,True,1643955972.1875,664666041.9375,865719736.875,691695160.875,1447204997.8125,3138591318.75,MISSING
transfer_fixed_five,B0-rank6-q1-r0-K0,d9ae4b8645a032031fc003c9e7268010e6a5c5734c6da898043c748bd900aa64,0.015765152253315866,0.009976267821590988,True,0.007054286627580134,0.0006265786540605722,1.0,0.004093359437177894,0.010521067410697455,523053,79175,602228,6305929388.0,0.0,False,6305929388.0,2843118388.0,3615776912.0,3070760572.0,6183074876.0,12018664196.0,MISSING
transfer_fixed_five,B1-rank12-q1-r0-K0,9a24146ac2b7dfd129fa7d49aa2d50772fc647424d2ab958638482cfac139529,0.015765152253315866,0.005265778433252583,True,0.0037234676383787746,0.0002615994585534187,1.0,0.007424178426379253,0.010886046606204609,159005,73955,232960,4668518400.0,0.0,False,4668518400.0,2039098880.0,2697676800.0,2290229760.0,4534333440.0,8925862400.0,MISSING
transfer_fixed_five,B3-rank0-q8-r32-K4,a090ea4c0aa58921cf4904fed6f6f74fac8d2e12f031736c8c94aa80754f295b,0.015765152253315866,6.247566909536482e-05,True,4.417696927649928e-05,3.5948699160792685e-06,1.47140967604679,0.011103469095481528,0.011144051194841948,153906,152787,306693,10788903858.9375,138390795.31496412,False,10788903858.9375,2454310732.5,3544633099.96875,1632986878.5,5310341374.21875,20692912155.46875,MISSING
transfer_fixed_five,B2-rank3-q1-r4-K2,215212e37d35f0277d90e0dfb354ff27c6334677ddc57b31f4e702fb709a928b,0.015923368144026683,0.005256376547101335,True,0.0037168195009252836,0.00026014045149713727,1.0620308450250202,0.007542702093045833,0.01099938114247398,173751,81704,255455,1594685820.46875,10195584.358153438,True,1594685820.46875,658858359.84375,855901977.5,692881772.65625,1434363859.0625,3037599439.0625,MISSING
transfer_fixed_five,B2-rank3-q1-r8-K2,1e063a21340c2fb397fe431779fa0bb1d2fba619b736361014296303c8f0e3e9,0.015923368144026683,0.005256157396431461,True,0.0037166645380005137,0.0002610609785499429,1.0307583312111528,0.007542857055970603,0.010998460615421174,163662,76976,240638,1600355499.0625,16042870.052941872,True,1600355499.0625,647037982.3125,842759395.625,673350243.625,1408822690.9375,3055350606.25,MISSING
transfer_fixed_five,B0-rank6-q1-r0-K0,d9ae4b8645a032031fc003c9e7268010e6a5c5734c6da898043c748bd900aa64,0.015923368144026683,0.009976267821590988,True,0.007054286627580134,0.0006265786540605722,1.0,0.004205234966390983,0.010632942939910545,495593,77518,573111,6001045281.0,0.0,False,6001045281.0,2705657031.0,3440958444.0,2922292989.0,5884130637.0,11437576227.0,MISSING
transfer_fixed_five,B1-rank12-q1-r0-K0,9a24146ac2b7dfd129fa7d49aa2d50772fc647424d2ab958638482cfac139529,0.015923368144026683,0.005265778433252583,True,0.0037234676383787746,0.0002615994585534187,1.0,0.007536053955592342,0.010997922135417698,154319,72458,226777,4544611080.0,0.0,False,4544611080.0,1984979081.0,2626077660.0,2229444687.0,4413987528.0,8688960755.0,MISSING
transfer_fixed_five,B3-rank0-q8-r32-K4,a090ea4c0aa58921cf4904fed6f6f74fac8d2e12f031736c8c94aa80754f295b,0.015923368144026683,6.247566909536482e-05,True,4.417696927649928e-05,3.5948699160792685e-06,1.47140967604679,0.011215344624694618,0.011255926724055038,150851,149765,300616,10575126013.5,135648636.66403618,False,10575126013.5,2405679540.0,3474397602.75,1600629892.0,5205119068.75,20282890318.75,MISSING
transfer_fixed_five,B2-rank3-q1-r4-K2,215212e37d35f0277d90e0dfb354ff27c6334677ddc57b31f4e702fb709a928b,0.016083171857529898,0.005256376547101335,True,0.0037168195009252836,0.00026014045149713727,1.0620308450250202,0.0076557003825227475,0.011112379431950894,168659,80051,248710,1552579947.1875,9926381.498566642,True,1552579947.1875,641461950.9375,833302855.0,674587014.0625,1396491105.625,2957395065.625,MISSING
transfer_fixed_five,B2-rank3-q1-r8-K2,1e063a21340c2fb397fe431779fa0bb1d2fba619b736361014296303c8f0e3e9,0.016083171857529898,0.005256157396431461,True,0.0037166645380005137,0.0002610609785499429,1.0307583312111528,0.007655855345447517,0.011111458904898088,158867,75419,234286,1558111721.5625,15619394.498057412,True,1558111721.5625,629958446.8125,820513500.625,655576156.625,1371634708.4375,2974700056.25,MISSING
transfer_fixed_five,B0-rank6-q1-r0-K0,d9ae4b8645a032031fc003c9e7268010e6a5c5734c6da898043c748bd900aa64,0.016083171857529898,0.009976267821590988,True,0.007054286627580134,0.0006265786540605722,1.0,0.0043182332558678975,0.010745941229387459,469995,75896,545891,5716024661.0,0.0,False,5716024661.0,2577151411.0,3277529564.0,2783498209.0,5604662897.0,10894346687.0,MISSING
transfer_fixed_five,B1-rank12-q1-r0-K0,9a24146ac2b7dfd129fa7d49aa2d50772fc647424d2ab958638482cfac139529,0.016083171857529898,0.005265778433252583,True,0.0037234676383787746,0.0002615994585534187,1.0,0.0076490522450692565,0.011110920424894612,149793,70992,220785,4424531400.0,0.0,False,4424531400.0,1932531105.0,2556690300.0,2170537335.0,4297359240.0,8459377275.0,MISSING
transfer_fixed_five,B3-rank0-q8-r32-K4,a090ea4c0aa58921cf4904fed6f6f74fac8d2e12f031736c8c94aa80754f295b,0.016083171857529898,6.247566909536482e-05,True,4.417696927649928e-05,3.5948699160792685e-06,1.47140967604679,0.011328342914171532,0.011368925013531952,147857,146803,294660,10365604728.75,132961077.51891084,False,10365604728.75,2358016650.0,3405560574.375,1568917170.0,5101991859.375,19881032484.375,MISSING
transfer_fixed_five,B2-rank3-q1-r4-K2,215212e37d35f0277d90e0dfb354ff27c6334677ddc57b31f4e702fb709a928b,0.016244579328895038,0.005256376547101335,True,0.0037168195009252836,0.00026014045149713727,1.0620308450250202,0.007769832700059213,0.011226511749487359,163741,78432,242173,1511772520.40625,9665480.224568289,True,1511772520.40625,624602006.53125,811400636.5,656856422.96875,1359786259.1875,2879664007.1875,MISSING
transfer_fixed_five,B2-rank3-q1-r8-K2,1e063a21340c2fb397fe431779fa0bb1d2fba619b736361014296303c8f0e3e9,0.016244579328895038,0.005256157396431461,True,0.0037166645380005137,0.0002610609785499429,1.0307583312111528,0.007769987662983983,0.011225591222434553,154234,73893,228127,1517151484.53125,15208785.879900392,True,1517151484.53125,613397858.15625,798943527.8125,638342119.8125,1335576650.46875,2896500003.125,MISSING
transfer_fixed_five,B0-rank6-q1-r0-K0,d9ae4b8645a032031fc003c9e7268010e6a5c5734c6da898043c748bd900aa64,0.016244579328895038,0.009976267821590988,True,0.007054286627580134,0.0006265786540605722,1.0,0.004432365573404363,0.010860073546923924,446102,74309,520411,5449223581.0,0.0,False,5449223581.0,2456860331.0,3124547644.0,2653575689.0,5343059737.0,10385842327.0,MISSING
transfer_fixed_five,B1-rank12-q1-r0-K0,9a24146ac2b7dfd129fa7d49aa2d50772fc647424d2ab958638482cfac139529,0.016244579328895038,0.005265778433252583,True,0.0037234676383787746,0.0002615994585534187,1.0,0.007763184562605722,0.011225052742431078,145421,69555,214976,4308119040.0,0.0,False,4308119040.0,1881684928.0,2489422080.0,2113429056.0,4184292864.0,8236805440.0,MISSING
transfer_fixed_five,B3-rank0-q8-r32-K4,a090ea4c0aa58921cf4904fed6f6f74fac8d2e12f031736c8c94aa80754f295b,0.016244579328895038,6.247566909536482e-05,True,4.417696927649928e-05,3.5948699160792685e-06,1.47140967604679,0.011442475231707997,0.011483057331068417,144922,143899,288821,10160199291.9375,130326312.93724748,False,10160199291.9375,2311290052.5,3338075784.46875,1537827414.5,5000890486.71875,19487068767.96875,MISSING
transfer_fixed_five,B2-rank3-q1-r4-K2,215212e37d35f0277d90e0dfb354ff27c6334677ddc57b31f4e702fb709a928b,0.016407606653112798,0.005256376547101335,True,0.0037168195009252836,0.00026014045149713727,1.0620308450250202,0.007885110426532288,0.011341789475960434,158988,76846,235834,1472201114.8125,9412481.42146663,True,1472201114.8125,608252735.0625,790161817.0,639662875.9375,1324193170.375,2804287354.375,MISSING
transfer_fixed_five,B2-rank3-q1-r8-K2,1e063a21340c2fb397fe431779fa0bb1d2fba619b736361014296303c8f0e3e9,0.016407606653112798,0.005256157396431461,True,0.0037166645380005137,0.0002610609785499429,1.0307583312111528,0.007885265389457058,0.011340868948907628,149757,72398,222155,1477434885.15625,14810644.19007514,True,1477434885.15625,597340083.28125,778028464.0625,621631344.0625,1300613389.84375,2820674265.625,MISSING
transfer_fixed_five,B0-rank6-q1-r0-K0,d9ae4b8645a032031fc003c9e7268010e6a5c5734c6da898043c748bd900aa64,0.016407606653112798,0.009976267821590988,True,0.007054286627580134,0.0006265786540605722,1.0,0.004547643299877438,0.010975351273396999,423772,72756,496528,5199144688.0,0.0,False,5199144688.0,2344108688.0,2981154112.0,2531796272.0,5097852976.0,9909209296.0,MISSING
transfer_fixed_five,B1-rank12-q1-r0-K0,9a24146ac2b7dfd129fa7d49aa2d50772fc647424d2ab958638482cfac139529,0.016407606653112798,0.005265778433252583,True,0.0037234676383787746,0.0002615994585534187,1.0,0.007878462289078797,0.011340330468904153,141196,68149,209345,4195273800.0,0.0,False,4195273800.0,1832396785.0,2424215100.0,2058070695.0,4074691080.0,8021053675.0,MISSING
transfer_fixed_five,B3-rank0-q8-r32-K4,a090ea4c0aa58921cf4904fed6f6f74fac8d2e12f031736c8c94aa80754f295b,0.016407606653112798,6.247566909536482e-05,True,4.417696927649928e-05,3.5948699160792685e-06,1.47140967604679,0.011557752958181072,0.011598335057541492,142045,141053,283098,9958874524.875,127743891.68346101,False,9958874524.875,2265491745.0,3271931675.4375,1507355301.0,4901797635.9375,19100931698.4375,MISSING
transfer_fixed_five,B2-rank3-q1-r4-K2,215212e37d35f0277d90e0dfb354ff27c6334677ddc57b31f4e702fb709a928b,0.016572270086699935,0.005256376547101335,True,0.0037168195009252836,0.00026014045149713727,1.0620308450250202,0.008001545057035214,0.01145822410646336,154395,75292,229687,1433828275.21875,9167145.620446611,True,1433828275.21875,592398661.59375,769566293.5,622990098.90625,1289678149.5625,2731193761.5625,MISSING
transfer_fixed_five,B2-rank3-q1-r8-K2,1e063a21340c2fb397fe431779fa0bb1d2fba619b736361014296303c8f0e3e9,0.016572270086699935,0.005256157396431461,True,0.0037166645380005137,0.0002610609785499429,1.0307583312111528,0.008001700019959984,0.011457303579410555,145431,70934,216365,1438928671.09375,14424636.088251932,True,1438928671.09375,581771677.96875,757750798.4375,605429838.4375,1266715653.90625,2747159359.375,MISSING
transfer_fixed_five,B0-rank6-q1-r0-K0,d9ae4b8645a032031fc003c9e7268010e6a5c5734c6da898043c748bd900aa64,0.016572270086699935,0.009976267821590988,True,0.007054286627580134,0.0006265786540605722,1.0,0.004664077930380364,0.011091785903899925,402878,71237,474115,4964458165.0,0.0,False,4964458165.0,2238296915.0,2846586460.0,2417512385.0,4867738705.0,9461913055.0,MISSING
transfer_fixed_five,B1-rank12-q1-r0-K0,9a24146ac2b7dfd129fa7d49aa2d50772fc647424d2ab958638482cfac139529,0.016572270086699935,0.005265778433252583,True,0.0037234676383787746,0.0002615994585534187,1.0,0.007994896919581723,0.011456765099407079,137114,66770,203884,4085835360.0,0.0,False,4085835360.0,1784596652.0,2360976720.0,2004383604.0,3968398176.0,7811815460.0,MISSING
transfer_fixed_five,B3-rank0-q8-r32-K4,a090ea4c0aa58921cf4904fed6f6f74fac8d2e12f031736c8c94aa80754f295b,0.016572270086699935,6.247566909536482e-05,True,4.417696927649928e-05,3.5948699160792685e-06,1.47140967604679,0.011674187588683998,0.011714769688044418,139226,138263,277489,9761560071.1875,125212911.28638108,False,9761560071.1875,2220605722.5,3207105132.09375,1477490180.5,4804678677.34375,18722486333.59375,MISSING
transfer_fixed_five,B2-rank3-q1-r4-K2,215212e37d35f0277d90e0dfb354ff27c6334677ddc57b31f4e702fb709a928b,0.016738586049320336,0.005256376547101335,True,0.0037168195009252836,0.00026014045149713727,1.0620308450250202,0.008119148202023667,0.011575827251451813,149955,73770,223725,1396610303.90625,8929193.441224005,True,1396610303.90625,577021732.03125,749590612.5,606819105.46875,1256201892.1875,2660299992.1875,MISSING
transfer_fixed_five,B2-rank3-q1-r8-K2,1e063a21340c2fb397fe431779fa0bb1d2fba619b736361014296303c8f0e3e9,0.016738586049320336,0.005256157396431461,True,0.0037166645380005137,0.0002610609785499429,1.0307583312111528,0.008119303164948436,0.011574906724399007,141248,69500,210748,1401572988.125,14050161.561837256,True,1401572988.125,566668442.625,738079011.25,589712419.25,1233830751.875,2675841012.5,MISSING
transfer_fixed_five,B0-rank6-q1-r0-K0,d9ae4b8645a032031fc003c9e7268010e6a5c5734c6da898043c748bd900aa64,0.016738586049320336,0.009976267821590988,True,0.007054286627580134,0.0006265786540605722,1.0,0.0047816810753688165,0.011209389048888378,383305,69750,453055,4743938905.0,0.0,False,4743938905.0,2138872655.0,2720142220.0,2310127445.0,4651515685.0,9041618635.0,MISSING
transfer_fixed_five,B1-rank12-q1-r0-K0,9a24146ac2b7dfd129fa7d49aa2d50772fc647424d2ab958638482cfac139529,0.016738586049320336,0.005265778433252583,True,0.0037234676383787746,0.0002615994585534187,1.0,0.008112500064570176,0.011574368244395531,133167,65420,198587,3979683480.0,0.0,False,3979683480.0,1738232011.0,2299637460.0,1952308797.0,3865297368.0,7608860905.0,MISSING
transfer_fixed_five,B3-rank0-q8-r32-K4,a090ea4c0aa58921cf4904fed6f6f74fac8d2e12f031736c8c94aa80754f295b,0.016738586049320336,6.247566909536482e-05,True,4.417696927649928e-05,3.5948699160792685e-06,1.47140967604679,0.01179179073367245,0.01183237283303287,136463,135528,271991,9568150396.3125,122732018.03925228,False,9568150396.3125,2176607977.5,3143561481.65625,1448216079.5,4709481666.40625,18351530260.15625,MISSING
transfer_fixed_five,B2-rank3-q1-r4-K2,215212e37d35f0277d90e0dfb354ff27c6334677ddc57b31f4e702fb709a928b,0.016906571125422338,0.005256376547101335,True,0.0037168195009252836,0.00026014045149713727,1.0620308450250202,0.00823793158847353,0.011694610637901677,145661,72279,217940,1360497260.625,8698305.59204541,True,1360497260.625,562101313.125,730207970.0,591128196.875,1223719478.75,2591510918.75,MISSING
transfer_fixed_five,B2-rank3-q1-r8-K2,1e063a21340c2fb397fe431779fa0bb1d2fba619b736361014296303c8f0e3e9,0.016906571125422338,0.005256157396431461,True,0.0037166645380005137,0.0002610609785499429,1.0307583312111528,0.0082380865513983,0.011693690110848871,137204,68096,205300,1365341234.375,13686953.938567337,True,1365341234.375,552019621.875,718999093.75,574467893.75,1201935265.625,2606668437.5,MISSING
transfer_fixed_five,B0-rank6-q1-r0-K0,d9ae4b8645a032031fc003c9e7268010e6a5c5734c6da898043c748bd900aa64,0.016906571125422338,0.009976267821590988,True,0.007054286627580134,0.0006265786540605722,1.0,0.004900464461818681,0.011328172435338242,364948,68295,433243,4536487453.0,0.0,False,4536487453.0,2045340203.0,2601190972.0,2209106057.0,4448105881.0,8646230551.0,MISSING
transfer_fixed_five,B1-rank12-q1-r0-K0,9a24146ac2b7dfd129fa7d49aa2d50772fc647424d2ab958638482cfac139529,0.016906571125422338,0.005265778433252583,True,0.0037234676383787746,0.0002615994585534187,1.0,0.00823128345102004,0.011693151630845396,129352,64098,193450,3876738000.0,0.0,False,3876738000.0,1693267850.0,2240151000.0,1901806950.0,3765310800.0,7412036750.0,MISSING
transfer_fixed_five,B3-rank0-q8-r32-K4,a090ea4c0aa58921cf4904fed6f6f74fac8d2e12f031736c8c94aa80754f295b,0.016906571125422338,6.247566909536482e-05,True,4.417696927649928e-05,3.5948699160792685e-06,1.47140967604679,0.011910574120122315,0.011951156219482735,133755,132848,266603,9378610322.0625,120300760.70648947,False,9378610322.0625,2133490507.5,3081289166.53125,1419527673.5,4616189288.28125,17987996007.03125,MISSING
transfer_fixed_five,B2-rank3-q1-r4-K2,215212e37d35f0277d90e0dfb354ff27c6334677ddc57b31f4e702fb709a928b,0.01707624206589244,0.005256376547101335,True,0.0037168195009252836,0.00026014045149713727,1.0620308450250202,0.008357907061050239,0.011814586110478385,141510,70818,212328,1325464175.25,8474322.427034128,True,1325464175.25,547627088.25,711404964.0,575906523.75,1192208449.5,2524778977.5,MISSING
transfer_fixed_five,B2-rank3-q1-r8-K2,1e063a21340c2fb397fe431779fa0bb1d2fba619b736361014296303c8f0e3e9,0.01707624206589244,0.005256157396431461,True,0.0037166645380005137,0.0002610609785499429,1.0307583312111528,0.008358062023975009,0.01181366558342558,133294,66719,200013,1330180206.09375,13334479.873914607,True,1330180206.09375,537803704.96875,700483028.4375,559673876.4375,1170982358.90625,2539540059.375,MISSING
transfer_fixed_five,B0-rank6-q1-r0-K0,d9ae4b8645a032031fc003c9e7268010e6a5c5734c6da898043c748bd900aa64,0.01707624206589244,0.009976267821590988,True,0.007054286627580134,0.0006265786540605722,1.0,0.005020439934395389,0.01144814790791495,347714,66871,414585,4341119535.0,0.0,False,4341119535.0,1957255785.0,2489168340.0,2113968915.0,4256544195.0,8273872845.0,MISSING
transfer_fixed_five,B1-rank12-q1-r0-K0,9a24146ac2b7dfd129fa7d49aa2d50772fc647424d2ab958638482cfac139529,0.01707624206589244,0.005265778433252583,True,0.0037234676383787746,0.0002615994585534187,1.0,0.008351258923596748,0.011813127103422104,125662,62803,188465,3776838600.0,0.0,False,3776838600.0,1649634145.0,2182424700.0,1852799415.0,3668282760.0,7221036475.0,MISSING
transfer_fixed_five,B3-rank0-q8-r32-K4,a090ea4c0aa58921cf4904fed6f6f74fac8d2e12f031736c8c94aa80754f295b,0.01707624206589244,6.247566909536482e-05,True,4.417696927649928e-05,3.5948699160792685e-06,1.47140967604679,0.012030549592699023,0.012071131692059443,131100,130220,261320,9192763957.5,117916883.1101669,False,9192763957.5,2091213300.0,3020230398.75,1391398340.0,4524714968.75,17631546218.75,MISSING
transfer_fixed_five,B2-rank3-q1-r4-K2,215212e37d35f0277d90e0dfb354ff27c6334677ddc57b31f4e702fb709a928b,0.017247615789725678,0.005256376547101335,True,0.0037168195009252836,0.00026014045149713727,1.0620308450250202,0.008479086583289913,0.01193576563271806,137494,69388,206882,1291467350.0625,8256964.5659059305,True,1291467350.0625,533581003.3125,693158141.0,561135099.6875,1161629499.875,2460020931.875,MISSING
transfer_fixed_five,B2-rank3-q1-r8-K2,1e063a21340c2fb397fe431779fa0bb1d2fba619b736361014296303c8f0e3e9,0.017247615789725678,0.005256157396431461,True,0.0037166645380005137,0.0002610609785499429,1.0307583312111528,0.008479241546214683,0.011934845105665254,129511,65372,194883,1296063301.40625,12992472.695615286,True,1296063301.40625,524009936.53125,682516806.5625,545319174.5625,1140948613.59375,2474405090.625,MISSING
transfer_fixed_five,B0-rank6-q1-r0-K0,d9ae4b8645a032031fc003c9e7268010e6a5c5734c6da898043c748bd900aa64,0.017247615789725678,0.009976267821590988,True,0.007054286627580134,0.0006265786540605722,1.0,0.005141619456635063,0.011569327430154625,331517,65478,396995,4156934645.0,0.0,False,4156934645.0,1874213395.0,2383557980.0,2024277505.0,4075947665.0,7922829215.0,MISSING
transfer_fixed_five,B1-rank12-q1-r0-K0,9a24146ac2b7dfd129fa7d49aa2d50772fc647424d2ab958638482cfac139529,0.017247615789725678,0.005265778433252583,True,0.0037234676383787746,0.0002615994585534187,1.0,0.008472438445836422,0.011934306625661778,122093,61534,183627,3679885080.0,0.0,False,3679885080.0,1607287131.0,2126400660.0,1805237037.0,3574115928.0,7035668505.0,MISSING
transfer_fixed_five,B3-rank0-q8-r32-K4,a090ea4c0aa58921cf4904fed6f6f74fac8d2e12f031736c8c94aa80754f295b,0.017247615789725678,6.247566909536482e-05,True,4.417696927649928e-05,3.5948699160792685e-06,1.47140967604679,0.012151729114938697,0.012192311214299117,128498,127644,256142,9010611302.625,115580385.2502846,False,9010611302.625,2049776355.0,2960385178.3125,1363828079.0,4435058707.8125,17282180895.3125,MISSING
transfer_fixed_five,B2-rank3-q1-r4-K2,215212e37d35f0277d90e0dfb354ff27c6334677ddc57b31f4e702fb709a928b,0.017420709385712704,0.005256376547101335,True,0.0037168195009252836,0.00026014045149713727,1.0620308450250202,0.008601482238792304,0.01205816128822045,133609,67986,201595,1258463087.34375,8045952.628376592,True,1258463087.34375,519945004.21875,675444047.5,546794938.28125,1131943325.3125,2397153545.3125,MISSING
transfer_fixed_five,B2-rank3-q1-r8-K2,1e063a21340c2fb397fe431779fa0bb1d2fba619b736361014296303c8f0e3e9,0.017420709385712704,0.005256157396431461,True,0.0037166645380005137,0.0002610609785499429,1.0307583312111528,0.008601637201717074,0.012057240761167645,125851,64051,189902,1262937316.5625,12660399.059141813,True,1262937316.5625,510616805.8125,665072410.625,531381402.625,1111787193.4375,2411161956.25,MISSING
transfer_fixed_five,B0-rank6-q1-r0-K0,d9ae4b8645a032031fc003c9e7268010e6a5c5734c6da898043c748bd900aa64,0.017420709385712704,0.009976267821590988,True,0.007054286627580134,0.0006265786540605722,1.0,0.005264015112137454,0.011691723085657016,316280,64114,380394,3983105574.0,0.0,False,3983105574.0,1795840074.0,2283885576.0,1939629006.0,3905505198.0,7591523058.0,MISSING
transfer_fixed_five,B1-rank12-q1-r0-K0,9a24146ac2b7dfd129fa7d49aa2d50772fc647424d2ab958638482cfac139529,0.017420709385712704,0.005265778433252583,True,0.0037234676383787746,0.0002615994585534187,1.0,0.008594834101338813,0.012056702281164169,118640,60291,178931,3585777240.0,0.0,False,3585777240.0,1566183043.0,2072020980.0,1759070661.0,3482712984.0,6855741265.0,MISSING
transfer_fixed_five,B3-rank0-q8-r32-K4,a090ea4c0aa58921cf4904fed6f6f74fac8d2e12f031736c8c94aa80754f295b,0.017420709385712704,6.247566909536482e-05,True,4.417696927649928e-05,3.5948699160792685e-06,1.47140967604679,0.012274124770441089,0.012314706869801509,125948,125120,251068,8832117179.25,113290815.8912574,False,8832117179.25,2009171670.0,2901741947.625,1336811566.0,4347203190.625,16939832565.625,MISSING
transfer_fixed_five,B2-rank3-q1-r4-K2,215212e37d35f0277d90e0dfb354ff27c6334677ddc57b31f4e702fb709a928b,0.017595540114143826,0.005256376547101335,True,0.0037168195009252836,0.00026014045149713727,1.0620308450250202,0.008725106232425733,0.01218178528185388,129849,66613,196462,1226420174.4375,7841087.0571002355,True,1226420174.4375,506706195.1875,658245931.0,532872477.8125,1103121851.125,2336117363.125,MISSING
transfer_fixed_five,B2-rank3-q1-r8-K2,1e063a21340c2fb397fe431779fa0bb1d2fba619b736361014296303c8f0e3e9,0.017595540114143826,0.005256157396431461,True,0.0037166645380005137,0.0002610609785499429,1.0307583312111528,0.008725261195350503,0.012180864754801074,122310,62758,185068,1230788950.625,12338125.628362298,True,1230788950.625,497618935.125,648142836.25,517854964.25,1083486389.375,2349785262.5,MISSING
transfer_fixed_five,B0-rank6-q1-r0-K0,d9ae4b8645a032031fc003c9e7268010e6a5c5734c6da898043c748bd900aa64,0.017595540114143826,0.009976267821590988,True,0.007054286627580134,0.0006265786540605722,1.0,0.005387639105770883,0.011815347079290444,301932,62779,364711,3818888881.0,0.0,False,3818888881.0,1721800631.0,2189724844.0,1859661389.0,3744487837.0,7278537427.0,MISSING
transfer_fixed_five,B1-rank12-q1-r0-K0,9a24146ac2b7dfd129fa7d49aa2d50772fc647424d2ab958638482cfac139529,0.017595540114143826,0.005265778433252583,True,0.0037234676383787746,0.0002615994585534187,1.0,0.008718458094972242,0.012180326274797598,115300,59073,174373,3494434920.0,0.0,False,3494434920.0,1526286869.0,2019239340.0,1714260963.0,3393996072.0,6681101495.0,MISSING
transfer_fixed_five,B3-rank0-q8-r32-K4,a090ea4c0aa58921cf4904fed6f6f74fac8d2e12f031736c8c94aa80754f295b,0.017595540114143826,6.247566909536482e-05,True,4.417696927649928e-05,3.5948699160792685e-06,1.47140967604679,0.012397748764074517,0.012438330863434937,123449,122645,246094,8657140874.625,111046370.09074473,False,8657140874.625,1969367235.0,2844254476.3125,1310327503.0,4261079157.8125,16604231345.3125,MISSING
transfer_fixed_five,B2-rank3-q1-r4-K2,215212e37d35f0277d90e0dfb354ff27c6334677ddc57b31f4e702fb709a928b,0.01777212540853016,0.005256376547101335,True,0.0037168195009252836,0.00026014045149713727,1.0620308450250202,0.008849970891544134,0.01230664994097228,126211,65268,191479,1195313641.21875,7642208.206200161,True,1195313641.21875,493854259.59375,641550389.5,519356868.90625,1075142617.5625,2276864821.5625,MISSING
transfer_fixed_five,B2-rank3-q1-r8-K2,1e063a21340c2fb397fe431779fa0bb1d2fba619b736361014296303c8f0e3e9,0.01777212540853016,0.005256157396431461,True,0.0037166645380005137,0.0002610609785499429,1.0307583312111528,0.008850125854468904,0.012305729413919475,118884,61490,180374,1199571650.3125,12025185.726815123,True,1199571650.3125,484997502.5625,631703568.125,504720272.125,1056005219.6875,2290186131.25,MISSING
transfer_fixed_five,B0-rank6-q1-r0-K0,d9ae4b8645a032031fc003c9e7268010e6a5c5734c6da898043c748bd900aa64,0.01777212540853016,0.009976267821590988,True,0.007054286627580134,0.0006265786540605722,1.0,0.005512503764889284,0.011940211738408845,288408,61473,349881,3663603951.0,0.0,False,3663603951.0,1651788201.0,2100685524.0,1784043219.0,3592228227.0,6982575117.0,MISSING
transfer_fixed_five,B1-rank12-q1-r0-K0,9a24146ac2b7dfd129fa7d49aa2d50772fc647424d2ab958638482cfac139529,0.01777212540853016,0.005265778433252583,True,0.0037234676383787746,0.0002615994585534187,1.0,0.008843322754090643,0.012305190933915999,112067,57880,169947,3405737880.0,0.0,False,3405737880.0,1487546091.0,1967986260.0,1670748957.0,3307848408.0,6511519305.0,MISSING
transfer_fixed_five,B3-rank0-q8-r32-K4,a090ea4c0aa58921cf4904fed6f6f74fac8d2e12f031736c8c94aa80754f295b,0.01777212540853016,6.247566909536482e-05,True,4.417696927649928e-05,3.5948699160792685e-06,1.47140967604679,0.012522613423192918,0.012563195522553338,121000,120219,241219,8485647210.5625,108846596.61316144,False,8485647210.5625,1930355047.5,2787911206.78125,1284370565.5,4176669294.53125,16275309763.28125,MISSING
transfer_fixed_five,B2-rank3-q1-r4-K2,215212e37d35f0277d90e0dfb354ff27c6334677ddc57b31f4e702fb709a928b,0.01795048287734202,0.005256376547101335,True,0.0037168195009252836,0.00026014045149713727,1.0620308450250202,0.008976088667216267,0.012432767716644413,122689,63951,186640,1165106032.5,7449076.606861317,True,1165106032.5,481373722.5,625337320.0,506231837.5,1047971935.0,2219324575.0,MISSING
transfer_fixed_five,B2-rank3-q1-r8-K2,1e063a21340c2fb397fe431779fa0bb1d2fba619b736361014296303c8f0e3e9,0.01795048287734202,0.005256157396431461,True,0.0037166645380005137,0.0002610609785499429,1.0307583312111528,0.008976243630141037,0.012431847189591607,115566,60249,175815,1169252163.28125,11721246.014170561,True,1169252163.28125,472739063.90625,615737095.3125,491963335.3125,1029314411.71875,2232301078.125,MISSING
transfer_fixed_five,B0-rank6-q1-r0-K0,d9ae4b8645a032031fc003c9e7268010e6a5c5734c6da898043c748bd900aa64,0.01795048287734202,0.009976267821590988,True,0.007054286627580134,0.0006265786540605722,1.0,0.005638621540561417,0.012066329514080978,275651,60195,335846,3516643466.0,0.0,False,3516643466.0,1585528966.0,2016419384.0,1712478754.0,3448130882.0,6702478622.0,MISSING
transfer_fixed_five,B1-rank12-q1-r0-K0,9a24146ac2b7dfd129fa7d49aa2d50772fc647424d2ab958638482cfac139529,0.01795048287734202,0.005265778433252583,True,0.0037234676383787746,0.0002615994585534187,1.0,0.008969440529762776,0.012431308709588132,108937,56712,165649,3319605960.0,0.0,False,3319605960.0,1449925697.0,1918215420.0,1628495319.0,3224192136.0,6346841435.0,MISSING
transfer_fixed_five,B3-rank0-q8-r32-K4,a090ea4c0aa58921cf4904fed6f6f74fac8d2e12f031736c8c94aa80754f295b,0.01795048287734202,6.247566909536482e-05,True,4.417696927649928e-05,3.5948699160792685e-06,1.47140967604679,0.012648731198865051,0.012689313298225471,118599,117841,236440,8317530652.5,106690141.75175211,False,8317530652.5,1892111100.0,2732677466.25,1258924780.0,4093921656.25,15952865406.25,MISSING
transfer_fixed_five,B2-rank3-q1-r4-K2,215212e37d35f0277d90e0dfb354ff27c6334677ddc57b31f4e702fb709a928b,0.018130630305764762,0.005256376547101335,True,0.0037168195009252836,0.00026014045149713727,1.0620308450250202,0.009103472135467307,0.012560151184895453,119280,62660,181940,1135766135.625,7261492.701737827,True,1135766135.625,469251688.125,609589970.0,493483821.875,1021581728.75,2163437168.75,MISSING
transfer_fixed_five,B2-rank3-q1-r8-K2,1e063a21340c2fb397fe431779fa0bb1d2fba619b736361014296303c8f0e3e9,0.018130630305764762,0.005256157396431461,True,0.0037166645380005137,0.0002610609785499429,1.0307583312111528,0.009103627098392077,0.012559230657842648,112355,59033,171388,1139810538.125,11426106.486230778,True,1139810538.125,460835552.625,600232911.25,479575759.25,1003396401.875,2176092012.5,MISSING
transfer_fixed_five,B0-rank6-q1-r0-K0,d9ae4b8645a032031fc003c9e7268010e6a5c5734c6da898043c748bd900aa64,0.018130630305764762,0.009976267821590988,True,0.007054286627580134,0.0006265786540605722,1.0,0.005766005008812457,0.012193712982332018,263606,58944,322550,3377421050.0,0.0,False,3377421050.0,1522758550.0,1936590200.0,1644682450.0,3311620850.0,6437130350.0,MISSING
transfer_fixed_five,B1-rank12-q1-r0-K0,9a24146ac2b7dfd129fa7d49aa2d50772fc647424d2ab958638482cfac139529,0.018130630305764762,0.005265778433252583,True,0.0037234676383787746,0.0002615994585534187,1.0,0.009096823998013816,0.012558692177839172,105908,55567,161475,3235959000.0,0.0,False,3235959000.0,1413390675.0,1869880500.0,1587460725.0,3142949400.0,6186914625.0,MISSING
transfer_fixed_five,B3-rank0-q8-r32-K4,a090ea4c0aa58921cf4904fed6f6f74fac8d2e12f031736c8c94aa80754f295b,0.018130630305764762,6.247566909536482e-05,True,4.417696927649928e-05,3.5948699160792685e-06,1.47140967604679,0.012776114667116091,0.012816696766476511,116246,115511,231757,8152791200.4375,104577005.50651672,False,8152791200.4375,1854635392.5,2678553254.71875,1233990146.5,4012836242.96875,15636898274.21875,MISSING
transfer_fixed_five,B2-rank3-q1-r4-K2,215212e37d35f0277d90e0dfb354ff27c6334677ddc57b31f4e702fb709a928b,0.018312585657472312,0.005256376547101335,True,0.0037168195009252836,0.00026014045149713727,1.0620308450250202,0.009232133998532899,0.012688813047961045,115978,61396,177374,1107262737.9375,7079256.933483815,True,1107262737.9375,457475260.6875,594291587.0,481099260.3125,995943924.125,2109143148.125,MISSING
transfer_fixed_five,B2-rank3-q1-r8-K2,1e063a21340c2fb397fe431779fa0bb1d2fba619b736361014296303c8f0e3e9,0.018312585657472312,0.005256157396431461,True,0.0037166645380005137,0.0002610609785499429,1.0307583312111528,0.009232288961457669,0.01268789252090824,109245,57842,167087,1111206872.03125,11139367.1346001,True,1111206872.03125,449270835.65625,585170002.8125,467540754.8125,978216062.96875,2121482753.125,MISSING
transfer_fixed_five,B0-rank6-q1-r0-K0,d9ae4b8645a032031fc003c9e7268010e6a5c5734c6da898043c748bd900aa64,0.018312585657472312,0.009976267821590988,True,0.007054286627580134,0.0006265786540605722,1.0,0.005894666871878049,0.01232237484539761,252225,57719,309944,3245423624.0,0.0,False,3245423624.0,1463245624.0,1860903776.0,1580404456.0,3182195048.0,6185552408.0,MISSING
transfer_fixed_five,B1-rank12-q1-r0-K0,9a24146ac2b7dfd129fa7d49aa2d50772fc647424d2ab958638482cfac139529,0.018312585657472312,0.005265778433252583,True,0.0037234676383787746,0.0002615994585534187,1.0,0.009225485861079408,0.012687354040904764,102974,54446,157420,3154696800.0,0.0,False,3154696800.0,1377897260.0,1822923600.0,1547596020.0,3064022880.0,6031547300.0,MISSING
transfer_fixed_five,B3-rank0-q8-r32-K4,a090ea4c0aa58921cf4904fed6f6f74fac8d2e12f031736c8c94aa80754f295b,0.018312585657472312,6.247566909536482e-05,True,4.417696927649928e-05,3.5948699160792685e-06,1.47140967604679,0.012904776530181683,0.012945358629542103,113939,113226,227165,7991252963.4375,102504931.69952956,False,7991252963.4375,1817887912.5,2625480784.21875,1209540042.5,3933326480.46875,15327071011.71875,MISSING
transfer_fixed_five,B2-rank3-q1-r4-K2,215212e37d35f0277d90e0dfb354ff27c6334677ddc57b31f4e702fb709a928b,0.01849636707641837,0.005256376547101335,True,0.0037168195009252836,0.00026014045149713727,1.0620308450250202,0.009362087086125742,0.012818766135553888,112781,60158,172939,1079577111.84375,6902249.5676917555,True,1079577111.84375,446036702.71875,579432119.5,469070015.78125,971041676.3125,2056406840.3125,MISSING
transfer_fixed_five,B2-rank3-q1-r8-K2,1e063a21340c2fb397fe431779fa0bb1d2fba619b736361014296303c8f0e3e9,0.01849636707641837,0.005256157396431461,True,0.0037166645380005137,0.0002610609785499429,1.0307583312111528,0.009362242049050512,0.012817845608501082,106233,56675,162908,1083414563.125,10860761.287014747,True,1083414563.125,438034157.625,570534361.25,455847129.25,953749976.875,2068422512.5,MISSING
transfer_fixed_five,B0-rank6-q1-r0-K0,d9ae4b8645a032031fc003c9e7268010e6a5c5734c6da898043c748bd900aa64,0.01849636707641837,0.009976267821590988,True,0.007054286627580134,0.0006265786540605722,1.0,0.006024619959470892,0.012452327932990453,241461,56521,297982,3120169522.0,0.0,False,3120169522.0,1406773022.0,1789083928.0,1519410218.0,3059381194.0,5946826774.0,MISSING
transfer_fixed_five,B1-rank12-q1-r0-K0,9a24146ac2b7dfd129fa7d49aa2d50772fc647424d2ab958638482cfac139529,0.01849636707641837,0.005265778433252583,True,0.0037234676383787746,0.0002615994585534187,1.0,0.00935543894867225,0.012817307128497607,100133,53348,153481,3075759240.0,0.0,False,3075759240.0,1343419193.0,1777309980.0,1508871711.0,2987354184.0,5880624515.0,MISSING
transfer_fixed_five,B3-rank0-q8-r32-K4,a090ea4c0aa58921cf4904fed6f6f74fac8d2e12f031736c8c94aa80754f295b,0.01849636707641837,6.247566909536482e-05,True,4.417696927649928e-05,3.5948699160792685e-06,1.47140967604679,0.013034729617774526,0.013075311717134946,111679,110986,222665,7832951119.6875,100474371.56637575,False,7832951119.6875,1781876662.5,2573471612.34375,1185579792.5,3855409683.59375,15023451089.84375,MISSING
transfer_fixed_five,B2-rank3-q1-r4-K2,215212e37d35f0277d90e0dfb354ff27c6334677ddc57b31f4e702fb709a928b,0.018681992888645735,0.005256376547101335,True,0.0037168195009252836,0.00026014045149713727,1.0620308450250202,0.009493344356714973,0.012950023406143119,109684,58944,168628,1052665559.625,6730191.224077422,True,1052665559.625,434917960.125,564988114.0,457377101.875,946835680.75,2005145008.75,MISSING
transfer_fixed_five,B2-rank3-q1-r8-K2,1e063a21340c2fb397fe431779fa0bb1d2fba619b736361014296303c8f0e3e9,0.018681992888645735,0.005256157396431461,True,0.0037166645380005137,0.0002610609785499429,1.0307583312111528,0.009493499319639742,0.012949102879090313,103316,55532,158848,1056413660.0,10590088.939276883,True,1056413660.0,427117452.0,556315480.0,444486488.0,929980580.0,2016873200.0,MISSING
transfer_fixed_five,B0-rank6-q1-r0-K0,d9ae4b8645a032031fc003c9e7268010e6a5c5734c6da898043c748bd900aa64,0.018681992888645735,0.009976267821590988,True,0.007054286627580134,0.0006265786540605722,1.0,0.0061558772300601226,0.012583585203579684,231274,55348,286622,3001218962.0,0.0,False,3001218962.0,1353142462.0,1720878488.0,1461485578.0,2942748074.0,5720115254.0,MISSING
transfer_fixed_five,B1-rank12-q1-r0-K0,9a24146ac2b7dfd129fa7d49aa2d50772fc647424d2ab958638482cfac139529,0.018681992888645735,0.005265778433252583,True,0.0037234676383787746,0.0002615994585534187,1.0,0.009486696219261482,0.012948564399086837,97382,52272,149654,2999066160.0,0.0,False,2999066160.0,1309921462.0,1732993320.0,1471248474.0,2912865456.0,5733993010.0,MISSING
transfer_fixed_five,B3-rank0-q8-r32-K4,a090ea4c0aa58921cf4904fed6f6f74fac8d2e12f031736c8c94aa80754f295b,0.018681992888645735,6.247566909536482e-05,True,4.417696927649928e-05,3.5948699160792685e-06,1.47140967604679,0.013165986888363757,0.013206568987724177,109463,108791,218254,7677780134.625,98483971.40029989,False,7677780134.625,1746577635.0,2522491066.3125,1162093423.0,3779033907.8125,14725836095.3125,MISSING
transfer_fixed_five,B2-rank3-q1-r4-K2,215212e37d35f0277d90e0dfb354ff27c6334677ddc57b31f4e702fb709a928b,0.018869481604113645,0.005256376547101335,True,0.0037168195009252836,0.00026014045149713727,1.0620308450250202,0.009625918898818286,0.013082597948246432,106683,57756,164439,1026515596.21875,6563002.079702465,True,1026515596.21875,424113874.59375,550952869.5,446015093.90625,923314707.5625,1955333871.5625,MISSING
transfer_fixed_five,B2-rank3-q1-r8-K2,1e063a21340c2fb397fe431779fa0bb1d2fba619b736361014296303c8f0e3e9,0.018869481604113645,0.005256157396431461,True,0.0037166645380005137,0.0002610609785499429,1.0307583312111528,0.009626073861743056,0.013081677421193627,100490,54412,154902,1030170910.3125,10327016.751056783,True,1030170910.3125,416507274.5625,542495848.125,433444840.125,906878599.6875,1966771331.25,MISSING
transfer_fixed_five,B0-rank6-q1-r0-K0,d9ae4b8645a032031fc003c9e7268010e6a5c5734c6da898043c748bd900aa64,0.018869481604113645,0.009976267821590988,True,0.007054286627580134,0.0006265786540605722,1.0,0.006288451772163436,0.012716159745682997,221625,54200,275825,2888163575.0,0.0,False,2888163575.0,1302169825.0,1656053300.0,1406431675.0,2831895275.0,5504639525.0,MISSING
transfer_fixed_five,B1-rank12-q1-r0-K0,9a24146ac2b7dfd129fa7d49aa2d50772fc647424d2ab958638482cfac139529,0.018869481604113645,0.005265778433252583,True,0.0037234676383787746,0.0002615994585534187,1.0,0.009619270761364795,0.013081138941190151,94716,51217,145933,2924497320.0,0.0,False,2924497320.0,1277351549.0,1689904140.0,1434667323.0,2840439912.0,5591422895.0,MISSING
transfer_fixed_five,B3-rank0-q8-r32-K4,a090ea4c0aa58921cf4904fed6f6f74fac8d2e12f031736c8c94aa80754f295b,0.018869481604113645,6.247566909536482e-05,True,4.417696927649928e-05,3.5948699160792685e-06,1.47140967604679,0.01329856143046707,0.01333914352982749,107291,106640,213931,7525704830.0625,96533279.96571681,False,7525704830.0625,1711982827.5,2472527588.53125,1139075609.5,3704181838.28125,14434158557.03125,MISSING
transfer_fixed_five,B2-rank3-q1-r4-K2,215212e37d35f0277d90e0dfb354ff27c6334677ddc57b31f4e702fb709a928b,0.01905885191854358,0.005256376547101335,True,0.0037168195009252836,0.00026014045149713727,1.0620308450250202,0.009759823932307121,0.013216502981735267,103776,56591,160367,1001096008.96875,6400482.577221008,True,1001096008.96875,413611550.34375,537309633.5,434970430.15625,900450682.0625,1906913974.0625,MISSING
transfer_fixed_five,B2-rank3-q1-r8-K2,1e063a21340c2fb397fe431779fa0bb1d2fba619b736361014296303c8f0e3e9,0.01905885191854358,0.005256157396431461,True,0.0037166645380005137,0.0002610609785499429,1.0307583312111528,0.009759978895231891,0.013215582454682462,97751,53315,151066,1004659712.1875,10071278.050090663,True,1004659712.1875,406192869.9375,529061456.875,422710992.875,884420617.8125,1918066118.75,MISSING
transfer_fixed_five,B0-rank6-q1-r0-K0,d9ae4b8645a032031fc003c9e7268010e6a5c5734c6da898043c748bd900aa64,0.01905885191854358,0.009976267821590988,True,0.007054286627580134,0.0006265786540605722,1.0,0.006422356805652271,0.012850064779171833,212480,53076,265556,2780636876.0,0.0,False,2780636876.0,1253689876.0,1594398224.0,1354070044.0,2726463452.0,5299701092.0,MISSING
transfer_fixed_five,B1-rank12-q1-r0-K0,9a24146ac2b7dfd129fa7d49aa2d50772fc647424d2ab958638482cfac139529,0.01905885191854358,0.005265778433252583,True,0.0037234676383787746,0.0002615994585534187,1.0,0.00975317579485363,0.013215043974678986,92133,50185,142318,2852052720.0,0.0,False,2852052720.0,1245709454.0,1648042440.0,1399128258.0,2770077552.0,5452914170.0,MISSING
transfer_fixed_five,B3-rank0-q8-r32-K4,a090ea4c0aa58921cf4904fed6f6f74fac8d2e12f031736c8c94aa80754f295b,0.01905885191854358,6.247566909536482e-05,True,4.417696927649928e-05,3.5948699160792685e-06,1.47140967604679,0.013432466463955905,0.013473048563316325,105163,104530,209693,7376619671.4375,94620943.55587107,False,7376619671.4375,1678068232.5,2423546506.21875,1116510378.5,3630801530.46875,14148216061.71875,MISSING
transfer_fixed_five,B2-rank3-q1-r4-K2,215212e37d35f0277d90e0dfb354ff27c6334677ddc57b31f4e702fb709a928b,0.019250122715283504,0.005256376547101335,True,0.0037168195009252836,0.00026014045149713727,1.0620308450250202,0.009895072809724877,0.013351751859153023,100959,55451,156410,976394312.8125,6242552.893694699,True,976394312.8125,403405829.0625,524051705.0,424237685.9375,878232374.375,1859861534.375,MISSING
transfer_fixed_five,B2-rank3-q1-r8-K2,1e063a21340c2fb397fe431779fa0bb1d2fba619b736361014296303c8f0e3e9,0.019250122715283504,0.005256157396431461,True,0.0037166645380005137,0.0002610609785499429,1.0307583312111528,0.009895227772649647,0.013350831332100218,95098,52240,147338,979866764.6875,9822739.500246635,True,979866764.6875,396168860.4375,516005301.875,412279349.875,862594925.3125,1870732168.75,MISSING
transfer_fixed_five,B0-rank6-q1-r0-K0,d9ae4b8645a032031fc003c9e7268010e6a5c5734c6da898043c748bd900aa64,0.019250122715283504,0.009976267821590988,True,0.007054286627580134,0.0006265786540605722,1.0,0.006557605683070027,0.012985313656589588,203805,51976,255781,2678282851.0,0.0,False,2678282851.0,1207542101.0,1535709124.0,1304227319.0,2626103527.0,5104621417.0,MISSING
transfer_fixed_five,B1-rank12-q1-r0-K0,9a24146ac2b7dfd129fa7d49aa2d50772fc647424d2ab958638482cfac139529,0.019250122715283504,0.005265778433252583,True,0.0037234676383787746,0.0002615994585534187,1.0,0.009888424672271386,0.013350292852096742,89630,49173,138803,2781612120.0,0.0,False,2781612120.0,1214942659.0,1607338740.0,1364572293.0,2701661592.0,5318236945.0,MISSING
transfer_fixed_five,B3-rank0-q8-r32-K4,a090ea4c0aa58921cf4904fed6f6f74fac8d2e12f031736c8c94aa80754f295b,0.019250122715283504,6.247566909536482e-05,True,4.417696927649928e-05,3.5948699160792685e-06,1.47140967604679,0.013567715341373661,0.013608297440734081,103077,102463,205540,7230524658.75,92746962.17076269,False,7230524658.75,1644833850.0,2375547819.375,1094397730.0,3558892984.375,13868008609.375,MISSING
transfer_fixed_five,B2-rank3-q1-r4-K2,215212e37d35f0277d90e0dfb354ff27c6334677ddc57b31f4e702fb709a928b,0.019443313067190854,0.005256376547101335,True,0.0037168195009252836,0.00026014045149713727,1.0620308450250202,0.010031679017618379,0.013488358067046525,98228,54333,152561,952366810.03125,6088933.648839314,True,952366810.03125,393478656.65625,511155630.5,413797874.84375,856620479.9375,1814093315.9375,MISSING
transfer_fixed_five,B2-rank3-q1-r8-K2,1e063a21340c2fb397fe431779fa0bb1d2fba619b736361014296303c8f0e3e9,0.019443313067190854,0.005256157396431461,True,0.0037166645380005137,0.0002610609785499429,1.0307583312111528,0.010031833980543149,0.01348743753999372,92525,51188,143713,955758815.46875,9581067.76119497,True,955758815.46875,386421801.84375,503309872.1875,402135920.1875,841372249.53125,1824705996.875,MISSING
transfer_fixed_five,B0-rank6-q1-r0-K0,d9ae4b8645a032031fc003c9e7268010e6a5c5734c6da898043c748bd900aa64,0.019443313067190854,0.009976267821590988,True,0.007054286627580134,0.0006265786540605722,1.0,0.006694211890963529,0.01312191986448309,195572,50900,246472,2580808312.0,0.0,False,2580808312.0,1163594312.0,1479817888.0,1256760728.0,2530528024.0,4918841704.0,MISSING
transfer_fixed_five,B1-rank12-q1-r0-K0,9a24146ac2b7dfd129fa7d49aa2d50772fc647424d2ab958638482cfac139529,0.019443313067190854,0.005265778433252583,True,0.0037234676383787746,0.0002615994585534187,1.0,0.010025030880164888,0.013486899059990244,87204,48182,135386,2713135440.0,0.0,False,2713135440.0,1185033658.0,1567769880.0,1330979766.0,2635153104.0,5187314590.0,MISSING
transfer_fixed_five,B3-rank0-q8-r32-K4,a090ea4c0aa58921cf4904fed6f6f74fac8d2e12f031736c8c94aa80754f295b,0.019443313067190854,6.247566909536482e-05,True,4.417696927649928e-05,3.5948699160792685e-06,1.47140967604679,0.013704321549267163,0.013744903648627583,101032,100436,201468,7087279079.25,90909530.86805107,False,7087279079.25,1612247670.0,2328485297.625,1072716366.0,3488386940.625,13593266315.625,MISSING
transfer_fixed_five,B2-rank3-q1-r4-K2,215212e37d35f0277d90e0dfb354ff27c6334677ddc57b31f4e702fb709a928b,0.019638442238534434,0.005256376547101335,True,0.0037168195009252836,0.00026014045149713727,1.0620308450250202,0.010169656177882735,0.013626335227310882,95580,53238,148818,929001015.5625,5939545.019716499,True,929001015.5625,383824874.8125,498614709.0,403645572.1875,835603768.875,1769585536.875,MISSING
transfer_fixed_five,B2-rank3-q1-r8-K2,1e063a21340c2fb397fe431779fa0bb1d2fba619b736361014296303c8f0e3e9,0.019638442238534434,0.005256157396431461,True,0.0037166645380005137,0.0002610609785499429,1.0307583312111528,0.010169811140807505,0.013625414700258076,90032,50156,140188,932315913.125,9346062.828737836,True,932315913.125,376943627.625,490964661.25,392272309.25,820735026.875,1779949512.5,MISSING
transfer_fixed_five,B0-rank6-q1-r0-K0,d9ae4b8645a032031fc003c9e7268010e6a5c5734c6da898043c748bd900aa64,0.019638442238534434,0.009976267821590988,True,0.007054286627580134,0.0006265786540605722,1.0,0.0068321890512278854,0.013259897024747447,187753,49846,237599,2487899129.0,0.0,False,2487899129.0,1121704879.0,1426544396.0,1211517301.0,2439428933.0,4741763243.0,MISSING
transfer_fixed_five,B1-rank12-q1-r0-K0,9a24146ac2b7dfd129fa7d49aa2d50772fc647424d2ab958638482cfac139529,0.019638442238534434,0.005265778433252583,True,0.0037234676383787746,0.0002615994585534187,1.0,0.010163008040429244,0.0136248762202546,84852,47211,132063,2646542520.0,0.0,False,2646542520.0,1155947439.0,1529289540.0,1298311353.0,2570474232.0,5059993845.0,MISSING
transfer_fixed_five,B3-rank0-q8-r32-K4,a090ea4c0aa58921cf4904fed6f6f74fac8d2e12f031736c8c94aa80754f295b,0.019638442238534434,6.247566909536482e-05,True,4.417696927649928e-05,3.5948699160792685e-06,1.47140967604679,0.01384229870953152,0.01388288080889194,99028,98450,197478,6946918111.125,89109100.88332137,False,6946918111.125,1580317695.0,2282370498.5625,1051471611.0,3419300714.0625,13324056651.5625,MISSING
transfer_fixed_five,B2-rank3-q1-r4-K2,215212e37d35f0277d90e0dfb354ff27c6334677ddc57b31f4e702fb709a928b,0.01983552968691535,0.005256376547101335,True,0.0037168195009252836,0.00026014045149713727,1.0620308450250202,0.010309018049119635,0.013765697098547781,93014,52166,145180,906290686.875,5794347.094857083,True,906290686.875,374441904.375,486425590.0,393778065.625,815176626.25,1726326306.25,MISSING
transfer_fixed_five,B2-rank3-q1-r8-K2,1e063a21340c2fb397fe431779fa0bb1d2fba619b736361014296303c8f0e3e9,0.01983552968691535,0.005256157396431461,True,0.0037166645380005137,0.0002610609785499429,1.0307583312111528,0.010309173012044405,0.013764776571494976,87614,49146,136760,909518106.25,9117524.698677393,True,909518106.25,367726271.25,478959162.5,382680122.5,800665693.75,1736424625.0,MISSING
transfer_fixed_five,B0-rank6-q1-r0-K0,d9ae4b8645a032031fc003c9e7268010e6a5c5734c6da898043c748bd900aa64,0.01983552968691535,0.009976267821590988,True,0.007054286627580134,0.0006265786540605722,1.0,0.006971550922464785,0.013399258895984346,180321,48814,229135,2399272585.0,0.0,False,2399272585.0,1081746335.0,1375726540.0,1168359365.0,2352529045.0,4572847195.0,MISSING
transfer_fixed_five,B1-rank12-q1-r0-K0,9a24146ac2b7dfd129fa7d49aa2d50772fc647424d2ab958638482cfac139529,0.01983552968691535,0.005265778433252583,True,0.0037234676383787746,0.0002615994585534187,1.0,0.010302369911666144,0.0137642380914915,82572,46260,128832,2581793280.0,0.0,False,2581793280.0,1127666496.0,1491874560.0,1266547392.0,2507586048.0,4936198080.0,MISSING
transfer_fixed_five,B3-rank0-q8-r32-K4,a090ea4c0aa58921cf4904fed6f6f74fac8d2e12f031736c8c94aa80754f295b,0.01983552968691535,6.247566909536482e-05,True,4.417696927649928e-05,3.5948699160792685e-06,1.47140967604679,0.01398166058076842,0.01402224268012884,97064,96503,193567,6809336219.8125,87344318.50981814,False,6809336219.8125,1549019917.5,2237168749.40625,1030647491.5,3351582360.15625,13060177203.90625,MISSING
transfer_fixed_five,B2-rank3-q1-r4-K2,215212e37d35f0277d90e0dfb354ff27c6334677ddc57b31f4e702fb709a928b,0.020034595065207276,0.005256376547101335,True,0.0037168195009252836,0.00026014045149713727,1.0620308450250202,0.010449778528009322,0.013906457577437468,90525,51115,141640,884192126.25,5653060.493976837,True,884192126.25,365311691.25,474564820.0,384176368.75,795299747.5,1684232387.5,MISSING
transfer_fixed_five,B2-rank3-q1-r8-K2,1e063a21340c2fb397fe431779fa0bb1d2fba619b736361014296303c8f0e3e9,0.020034595065207276,0.005256157396431461,True,0.0037166645380005137,0.0002610609785499429,1.0307583312111528,0.010449933490934092,0.013905537050384663,85270,48156,133426,887345443.4375,8895253.366815807,True,887345443.4375,358761666.1875,467282869.375,373350965.375,781146686.5625,1694093243.75,MISSING
transfer_fixed_five,B0-rank6-q1-r0-K0,d9ae4b8645a032031fc003c9e7268010e6a5c5734c6da898043c748bd900aa64,0.020034595065207276,0.009976267821590988,True,0.007054286627580134,0.0006265786540605722,1.0,0.007112311401354472,0.013540019374874033,173255,47805,221060,2314719260.0,0.0,False,2314719260.0,1043624260.0,1327244240.0,1127184940.0,2269623020.0,4411694420.0,MISSING
transfer_fixed_five,B1-rank12-q1-r0-K0,9a24146ac2b7dfd129fa7d49aa2d50772fc647424d2ab958638482cfac139529,0.020034595065207276,0.005265778433252583,True,0.0037234676383787746,0.0002615994585534187,1.0,0.01044313039055583,0.013904998570381187,80361,45328,125689,2518807560.0,0.0,False,2518807560.0,1100155817.0,1455478620.0,1235648559.0,2446410696.0,4815774035.0,MISSING
transfer_fixed_five,B3-rank0-q8-r32-K4,a090ea4c0aa58921cf4904fed6f6f74fac8d2e12f031736c8c94aa80754f295b,0.020034595065207276,6.247566909536482e-05,True,4.417696927649928e-05,3.5948699160792685e-06,1.47140967604679,0.014122421059658106,0.014163003159018526,95138,94594,189732,6674427870.75,85613830.04078595,False,6674427870.75,1518330330.0,2192845377.375,1010228034.0,3285179934.375,12801425559.375,MISSING
transfer_fixed_five,B2-rank3-q1-r4-K2,215212e37d35f0277d90e0dfb354ff27c6334677ddc57b31f4e702fb709a928b,0.02023565822351617,0.005256376547101335,True,0.0037168195009252836,0.00026014045149713727,1.0620308450250202,0.010591951650696325,0.014048630700124472,88111,50086,138197,862699091.15625,5515645.305606587,True,862699091.15625,356431656.28125,463029048.5,374837769.21875,775967517.6875,1643291889.6875,MISSING
transfer_fixed_five,B2-rank3-q1-r8-K2,1e063a21340c2fb397fe431779fa0bb1d2fba619b736361014296303c8f0e3e9,0.02023565822351617,0.005256157396431461,True,0.0037166645380005137,0.0002610609785499429,1.0307583312111528,0.010592106613621095,0.014047710173071666,82996,47186,130182,865771322.8125,8678982.160889298,True,865771322.8125,350039057.0625,455921773.125,364273645.125,762154587.1875,1652904581.25,MISSING
transfer_fixed_five,B0-rank6-q1-r0-K0,d9ae4b8645a032031fc003c9e7268010e6a5c5734c6da898043c748bd900aa64,0.02023565822351617,0.009976267821590988,True,0.007054286627580134,0.0006265786540605722,1.0,0.007254484524041475,0.013682192497561037,166530,46816,213346,2233945966.0,0.0,False,2233945966.0,1007206466.0,1280929384.0,1087851254.0,2190423382.0,4257746122.0,MISSING
transfer_fixed_five,B1-rank12-q1-r0-K0,9a24146ac2b7dfd129fa7d49aa2d50772fc647424d2ab958638482cfac139529,0.02023565822351617,0.005265778433252583,True,0.0037234676383787746,0.0002615994585534187,1.0,0.010585303513242834,0.01404717169306819,78217,44415,122632,2457545280.0,0.0,False,2457545280.0,1073397896.0,1420078560.0,1205595192.0,2386909248.0,4698645080.0,MISSING
transfer_fixed_five,B3-rank0-q8-r32-K4,a090ea4c0aa58921cf4904fed6f6f74fac8d2e12f031736c8c94aa80754f295b,0.02023565822351617,6.247566909536482e-05,True,4.417696927649928e-05,3.5948699160792685e-06,1.47140967604679,0.01426459418234511,0.01430517628170553,93251,92723,185974,6542228242.125,83918086.71180996,False,6542228242.125,1488256935.0,2149411940.0625,990218563.0,3220110751.5625,12547869189.0625,MISSING
transfer_fixed_five,B2-rank3-q1-r4-K2,215212e37d35f0277d90e0dfb354ff27c6334677ddc57b31f4e702fb709a928b,0.020438739211159653,0.005256376547101335,True,0.0037168195009252836,0.00026014045149713727,1.0620308450250202,0.010735551594189093,0.01419223064361724,85770,49077,134847,841786611.46875,5381941.883869631,True,841786611.46875,347791482.84375,451804873.5,365751417.65625,757157477.0625,1603457249.0625,MISSING
transfer_fixed_five,B2-rank3-q1-r8-K2,1e063a21340c2fb397fe431779fa0bb1d2fba619b736361014296303c8f0e3e9,0.020438739211159653,0.005256157396431461,True,0.0037166645380005137,0.0002610609785499429,1.0307583312111528,0.010735706557113863,0.014191310116564434,80790,46236,127026,844782443.4375,8468577.744765975,True,844782443.4375,341553066.1875,444868869.375,355442565.375,743677686.5625,1612833243.75,MISSING
transfer_fixed_five,B0-rank6-q1-r0-K0,d9ae4b8645a032031fc003c9e7268010e6a5c5734c6da898043c748bd900aa64,0.020438739211159653,0.009976267821590988,True,0.007054286627580134,0.0006265786540605722,1.0,0.007398084467534243,0.013825792441053805,160128,45849,205977,2156785167.0,0.0,False,2156785167.0,972417417.0,1236685908.0,1050276723.0,2114765859.0,4110682989.0,MISSING
transfer_fixed_five,B1-rank12-q1-r0-K0,9a24146ac2b7dfd129fa7d49aa2d50772fc647424d2ab958638482cfac139529,0.020438739211159653,0.005265778433252583,True,0.0037234676383787746,0.0002615994585534187,1.0,0.010728903456735602,0.014190771636560958,76137,43521,119658,2397946320.0,0.0,False,2397946320.0,1047366474.0,1385639640.0,1176357798.0,2329023312.0,4584696270.0,MISSING
transfer_fixed_five,B3-rank0-q8-r32-K4,a090ea4c0aa58921cf4904fed6f6f74fac8d2e12f031736c8c94aa80754f295b,0.020438739211159653,6.247566909536482e-05,True,4.417696927649928e-05,3.5948699160792685e-06,1.47140967604679,0.014408194125837877,0.014448776225198297,91402,90889,182291,6412666977.5625,82256186.05171987,False,6412666977.5625,1458783727.5,2106845322.28125,970608429.5,3156340182.03125,12299373150.78125,MISSING
transfer_fixed_five,B2-rank3-q1-r4-K2,215212e37d35f0277d90e0dfb354ff27c6334677ddc57b31f4e702fb709a928b,0.020643858278666258,0.005256376547101335,True,0.0037168195009252836,0.00026014045149713727,1.0620308450250202,0.010880592677773675,0.014337271727201822,83498,48090,131588,821442202.125,5251870.40582762,True,821442202.125,339386012.625,440885594.0,356911889.375,738858395.75,1564704683.75,MISSING
transfer_fixed_five,B2-rank3-q1-r8-K2,1e063a21340c2fb397fe431779fa0bb1d2fba619b736361014296303c8f0e3e9,0.020643858278666258,0.005256157396431461,True,0.0037166645380005137,0.0002610609785499429,1.0307583312111528,0.010880747640698445,0.014336351200149016,78651,45305,123956,824365504.375,8263906.782313944,True,824365504.375,333298315.875,434117153.75,346852129.75,725704275.625,1573853837.5,MISSING
transfer_fixed_five,B0-rank6-q1-r0-K0,d9ae4b8645a032031fc003c9e7268010e6a5c5734c6da898043c748bd900aa64,0.020643858278666258,0.009976267821590988,True,0.007054286627580134,0.0006265786540605722,1.0,0.007543125551118825,0.013970833524638387,154029,44902,198931,2083006501.0,0.0,False,2083006501.0,939153251.0,1194381724.0,1014349169.0,2042424577.0,3970065967.0,MISSING
transfer_fixed_five,B1-rank12-q1-r0-K0,9a24146ac2b7dfd129fa7d49aa2d50772fc647424d2ab958638482cfac139529,0.020643858278666258,0.005265778433252583,True,0.0037234676383787746,0.0002615994585534187,1.0,0.010873944540320184,0.01433581272014554,74120,42645,116765,2339970600.0,0.0,False,2339970600.0,1022044045.0,1352138700.0,1147916715.0,2272713960.0,4473850975.0,MISSING
transfer_fixed_five,B3-rank0-q8-r32-K4,a090ea4c0aa58921cf4904fed6f6f74fac8d2e12f031736c8c94aa80754f295b,0.020643858278666258,6.247566909536482e-05,True,4.417696927649928e-05,3.5948699160792685e-06,1.47140967604679,0.01455323520942246,0.01459381730878288,89589,89092,178681,6285673720.6875,80627225.58934537,False,6285673720.6875,1429894702.5,2065122408.84375,951386984.5,3093833596.09375,12055802502.34375,MISSING
transfer_fixed_five,B2-rank3-q1-r4-K2,215212e37d35f0277d90e0dfb354ff27c6334677ddc57b31f4e702fb709a928b,0.020851035879794724,0.005256376547101335,True,0.0037168195009252836,0.00026014045149713727,1.0620308450250202,0.011027089364441574,0.01448376841386972,81294,47122,128416,801640893.0,5125271.2256038515,True,801640893.0,331204929.0,430257808.0,348308335.0,721047814.0,1526986630.0,MISSING
transfer_fixed_five,B2-rank3-q1-r8-K2,1e063a21340c2fb397fe431779fa0bb1d2fba619b736361014296303c8f0e3e9,0.020851035879794724,0.005256157396431461,True,0.0037166645380005137,0.0002610609785499429,1.0307583312111528,0.011027244327366344,0.014482847886816915,76575,44393,120968,804493903.75,8064702.601269428,True,804493903.75,325264050.75,423652617.5,338491145.5,708210936.25,1535915575.0,MISSING
transfer_fixed_five,B0-rank6-q1-r0-K0,d9ae4b8645a032031fc003c9e7268010e6a5c5734c6da898043c748bd900aa64,0.020851035879794724,0.009976267821590988,True,0.007054286627580134,0.0006265786540605722,1.0,0.0076896222377867245,0.014117330211306286,148216,43975,192191,2012431961.0,0.0,False,2012431961.0,907333711.0,1153914764.0,979981909.0,1973224997.0,3835555787.0,MISSING
transfer_fixed_five,B1-rank12-q1-r0-K0,9a24146ac2b7dfd129fa7d49aa2d50772fc647424d2ab958638482cfac139529,0.020851035879794724,0.005265778433252583,True,0.0037234676383787746,0.0002615994585534187,1.0,0.011020441226988083,0.01448230940681344,72162,41786,113948,2283517920.0,0.0,False,2283517920.0,997386844.0,1319517840.0,1120222788.0,2217883872.0,4365917620.0,MISSING
transfer_fixed_five,B3-rank0-q8-r32-K4,a090ea4c0aa58921cf4904fed6f6f74fac8d2e12f031736c8c94aa80754f295b,0.020851035879794724,6.247566909536482e-05,True,4.417696927649928e-05,3.5948699160792685e-06,1.47140967604679,0.014699731896090359,0.014740313995450779,87812,87330,175142,6161178115.125,79030302.85351619,False,6161178115.125,1401573855.0,2024220084.5625,932543579.0,3032556364.0625,11817022301.5625,MISSING
transfer_fixed_five,B2-rank3-q1-r4-K2,215212e37d35f0277d90e0dfb354ff27c6334677ddc57b31f4e702fb709a928b,0.02106029267357361,0.005256376547101335,True,0.0037168195009252836,0.00026014045149713727,1.0620308450250202,0.011175056262331982,0.014631735311760128,79156,46173,125329,782370199.03125,5002064.520259976,True,782370199.03125,323243073.65625,419914814.5,339935329.84375,703714501.9375,1490279305.9375,MISSING
transfer_fixed_five,B2-rank3-q1-r8-K2,1e063a21340c2fb397fe431779fa0bb1d2fba619b736361014296303c8f0e3e9,0.02106029267357361,0.005256157396431461,True,0.0037166645380005137,0.0002610609785499429,1.0307583312111528,0.011175211225256752,0.014630814784707322,74561,43500,118061,785160991.09375,7870898.53356648,True,785160991.09375,317447581.96875,413471758.4375,330356814.4375,691191813.90625,1499005759.375,MISSING
transfer_fixed_five,B0-rank6-q1-r0-K0,d9ae4b8645a032031fc003c9e7268010e6a5c5734c6da898043c748bd900aa64,0.02106029267357361,0.009976267821590988,True,0.007054286627580134,0.0006265786540605722,1.0,0.007837589135677132,0.014265297109196693,142673,43067,185740,1944883540.0,0.0,False,1944883540.0,876878540.0,1115182960.0,947088260.0,1906992580.0,3706813180.0,MISSING
transfer_fixed_five,B1-rank12-q1-r0-K0,9a24146ac2b7dfd129fa7d49aa2d50772fc647424d2ab958638482cfac139529,0.02106029267357361,0.005265778433252583,True,0.0037234676383787746,0.0002615994585534187,1.0,0.01116840812487849,0.014630276304703847,70263,40945,111208,2228608320.0,0.0,False,2228608320.0,973403624.0,1287788640.0,1093285848.0,2164552512.0,4260934520.0,MISSING
transfer_fixed_five,B3-rank0-q8-r32-K4,a090ea4c0aa58921cf4904fed6f6f74fac8d2e12f031736c8c94aa80754f295b,0.02106029267357361,6.247566909536482e-05,True,4.417696927649928e-05,3.5948699160792685e-06,1.47140967604679,0.014847698793980766,0.014888280893341186,86071,85602,171673,6039144982.6875,77464966.60864718,False,6039144982.6875,1373813182.5,1984126791.84375,914072888.5,2972491171.09375,11582965077.34375,MISSING
transfer_fixed_five,B2-rank3-q1-r4-K2,215212e37d35f0277d90e0dfb354ff27c6334677ddc57b31f4e702fb709a928b,0.021271649526361323,0.005256376547101335,True,0.0037168195009252836,0.00026014045149713727,1.0620308450250202,0.011324508126188418,0.014781187175616564,77080,45244,122324,763611392.625,4882130.555388468,True,763611392.625,315492709.125,409846562.0,331784736.875,686841614.75,1454547038.75,MISSING
transfer_fixed_five,B2-rank3-q1-r8-K2,1e063a21340c2fb397fe431779fa0bb1d2fba619b736361014296303c8f0e3e9,0.021271649526361323,0.005256157396431461,True,0.0037166645380005137,0.0002610609785499429,1.0307583312111528,0.011324663089113188,0.014780266648563758,72606,42624,115230,766333514.0625,7682161.238875373,True,766333514.0625,309835465.3125,403557065.625,322435145.625,674617635.9375,1463060906.25,MISSING
transfer_fixed_five,B0-rank6-q1-r0-K0,d9ae4b8645a032031fc003c9e7268010e6a5c5734c6da898043c748bd900aa64,0.021271649526361323,0.009976267821590988,True,0.007054286627580134,0.0006265786540605722,1.0,0.007987040999533568,0.01441474897305313,137384,42179,179563,1880204173.0,0.0,False,1880204173.0,847716923.0,1078096252.0,915591737.0,1843573321.0,3583538791.0,MISSING
transfer_fixed_five,B1-rank12-q1-r0-K0,9a24146ac2b7dfd129fa7d49aa2d50772fc647424d2ab958638482cfac139529,0.021271649526361323,0.005265778433252583,True,0.0037234676383787746,0.0002615994585534187,1.0,0.011317859988734927,0.014779728168560283,68419,40122,108541,2175161640.0,0.0,False,2175161640.0,950059373.0,1256904780.0,1067066571.0,2112642024.0,4158748415.0,MISSING
transfer_fixed_five,B3-rank0-q8-r32-K4,a090ea4c0aa58921cf4904fed6f6f74fac8d2e12f031736c8c94aa80754f295b,0.021271649526361323,6.247566909536482e-05,True,4.417696927649928e-05,3.5948699160792685e-06,1.47140967604679,0.014997150657837202,0.015037732757197622,84364,83909,168273,5919539145.1875,75930765.6191532,False,5919539145.1875,1346604682.5,1944830973.09375,895969588.5,2913620702.34375,11353563358.59375,MISSING
transfer_fixed_five,B2-rank3-q1-r4-K2,215212e37d35f0277d90e0dfb354ff27c6334677ddc57b31f4e702fb709a928b,0.021485127513926824,0.005256376547101335,True,0.0037168195009252836,0.00026014045149713727,1.0620308450250202,0.011475459858830042,0.014932138908258188,75066,44334,119400,745358231.25,4765429.419520153,True,745358231.25,307951256.25,400049700.0,323853843.75,670423537.5,1419777937.5,MISSING
transfer_fixed_five,B2-rank3-q1-r8-K2,1e063a21340c2fb397fe431779fa0bb1d2fba619b736361014296303c8f0e3e9,0.021485127513926824,0.005256157396431461,True,0.0037166645380005137,0.0002610609785499429,1.0307583312111528,0.011475614821754812,0.014931218381205383,70708,41767,112475,748011472.65625,7498490.717196109,True,748011472.65625,302427700.78125,393908539.0625,314726139.0625,658488402.34375,1428081015.625,MISSING
transfer_fixed_five,B0-rank6-q1-r0-K0,d9ae4b8645a032031fc003c9e7268010e6a5c5734c6da898043c748bd900aa64,0.021485127513926824,0.009976267821590988,True,0.007054286627580134,0.0006265786540605722,1.0,0.008137992732175192,0.014565700705694754,132334,41309,173643,1818215853.0,0.0,False,1818215853.0,819768603.0,1042552572.0,885405657.0,1782792681.0,3465393351.0,MISSING
transfer_fixed_five,B1-rank12-q1-r0-K0,9a24146ac2b7dfd129fa7d49aa2d50772fc647424d2ab958638482cfac139529,0.021485127513926824,0.005265778433252583,True,0.0037234676383787746,0.0002615994585534187,1.0,0.011468811721376551,0.014930679901201907,66630,39314,105944,2123117760.0,0.0,False,2123117760.0,927327832.0,1226831520.0,1041535464.0,2062094016.0,4059244360.0,MISSING
transfer_fixed_five,B3-rank0-q8-r32-K4,a090ea4c0aa58921cf4904fed6f6f74fac8d2e12f031736c8c94aa80754f295b,0.021485127513926824,6.247566909536482e-05,True,4.417696927649928e-05,3.5948699160792685e-06,1.47140967604679,0.015148102390478826,0.015188684489839246,82691,82250,164941,5802325424.4375,74427248.6494491,False,5802325424.4375,1319940352.5,1906321070.71875,878228354.5,2855927642.96875,11128749674.21875,MISSING
transfer_fixed_five,B2-rank3-q1-r4-K2,215212e37d35f0277d90e0dfb354ff27c6334677ddc57b31f4e702fb709a928b,0.02170074792355125,0.005256376547101335,True,0.0037168195009252836,0.00026014045149713727,1.0620308450250202,0.011627926512637693,0.01508460556206584,73110,43443,116553,727585744.78125,4651801.466778328,True,727585744.78125,300608398.40625,390510826.5,316131801.09375,654437810.4375,1385924438.4375,MISSING
transfer_fixed_five,B2-rank3-q1-r8-K2,1e063a21340c2fb397fe431779fa0bb1d2fba619b736361014296303c8f0e3e9,0.02170074792355125,0.005256157396431461,True,0.0037166645380005137,0.0002610609785499429,1.0307583312111528,0.011628081475562463,0.015083685035013034,68866,40927,109793,730174915.46875,7319686.96433085,True,730174915.46875,295216221.84375,384515672.1875,307221400.1875,642786549.53125,1394027996.875,MISSING
transfer_fixed_five,B0-rank6-q1-r0-K0,d9ae4b8645a032031fc003c9e7268010e6a5c5734c6da898043c748bd900aa64,0.02170074792355125,0.009976267821590988,True,0.007054286627580134,0.0006265786540605722,1.0,0.008290459385982843,0.014718167359502404,127512,40458,167970,1758813870.0,0.0,False,1758813870.0,792986370.0,1008491880.0,856479030.0,1724547990.0,3352177290.0,MISSING
transfer_fixed_five,B1-rank12-q1-r0-K0,9a24146ac2b7dfd129fa7d49aa2d50772fc647424d2ab958638482cfac139529,0.02170074792355125,0.005265778433252583,True,0.0037234676383787746,0.0002615994585534187,1.0,0.011621278375184202,0.015083146555009558,64893,38524,103417,2072476680.0,0.0,False,2072476680.0,905209001.0,1197568860.0,1016692527.0,2012908488.0,3962422355.0,MISSING
transfer_fixed_five,B3-rank0-q8-r32-K4,a090ea4c0aa58921cf4904fed6f6f74fac8d2e12f031736c8c94aa80754f295b,0.02170074792355125,6.247566909536482e-05,True,4.417696927649928e-05,3.5948699160792685e-06,1.47140967604679,0.015300569044286477,0.015341151143646897,81051,80623,161674,5687398285.875,72953061.99277945,False,5687398285.875,1293796185.0,1868562411.9375,860833213.0,2799360048.4375,10908321610.9375,MISSING
transfer_fixed_five,B2-rank3-q1-r4-K2,215212e37d35f0277d90e0dfb354ff27c6334677ddc57b31f4e702fb709a928b,0.0219185322561506,0.005256376547101335,True,0.0037168195009252836,0.00026014045149713727,1.0620308450250202,0.011781923291054883,0.01523860234048303,71211,42569,113780,710275205.625,4541126.962755469,True,710275205.625,293456398.125,381219890.0,308610471.875,638867588.75,1352950868.75,MISSING
transfer_fixed_five,B2-rank3-q1-r8-K2,1e063a21340c2fb397fe431779fa0bb1d2fba619b736361014296303c8f0e3e9,0.0219185322561506,0.005256157396431461,True,0.0037166645380005137,0.0002610609785499429,1.0307583312111528,0.011782078253979653,0.015237681813430224,67078,40104,107182,712810541.5625,7145616.644147707,True,712810541.5625,288195650.8125,375371460.625,299915332.625,627500368.4375,1360876456.25,MISSING
transfer_fixed_five,B0-rank6-q1-r0-K0,d9ae4b8645a032031fc003c9e7268010e6a5c5734c6da898043c748bd900aa64,0.0219185322561506,0.009976267821590988,True,0.007054286627580134,0.0006265786540605722,1.0,0.008444456164400033,0.014872164137919594,122903,39624,162527,1701820217.0,0.0,False,1701820217.0,767289967.0,975812108.0,828725173.0,1668664709.0,3243551339.0,MISSING
transfer_fixed_five,B1-rank12-q1-r0-K0,9a24146ac2b7dfd129fa7d49aa2d50772fc647424d2ab958638482cfac139529,0.0219185322561506,0.005265778433252583,True,0.0037234676383787746,0.0002615994585534187,1.0,0.011775275153601392,0.015237143333426748,63207,37749,100956,2023158240.0,0.0,False,2023158240.0,883667868.0,1169070480.0,992498436.0,1965007584.0,3868129140.0,MISSING
transfer_fixed_five,B3-rank0-q8-r32-K4,a090ea4c0aa58921cf4904fed6f6f74fac8d2e12f031736c8c94aa80754f295b,0.0219185322561506,6.247566909536482e-05,True,4.417696927649928e-05,3.5948699160792685e-06,1.47140967604679,0.015454565822703667,0.015495147922064087,79444,79028,158472,5574757729.5,71508205.64914422,False,5574757729.5,1268172180.0,1831554996.75,843784164.0,2743917918.75,10692279168.75,MISSING
transfer_fixed_five,B2-rank3-q1-r4-K2,215212e37d35f0277d90e0dfb354ff27c6334677ddc57b31f4e702fb709a928b,0.022138502228419735,0.005256376547101335,True,0.0037168195009252836,0.00026014045149713727,1.0620308450250202,0.011937465550103804,0.01539414459953195,69368,41713,111081,693426613.78125,4433405.907451575,True,693426613.78125,286495255.40625,372176890.5,301289856.09375,623712872.4375,1320857228.4375,MISSING
transfer_fixed_five,B2-rank3-q1-r8-K2,1e063a21340c2fb397fe431779fa0bb1d2fba619b736361014296303c8f0e3e9,0.022138502228419735,0.005256157396431461,True,0.0037166645380005137,0.0002610609785499429,1.0307583312111528,0.011937620513028574,0.015393224072479145,65341,39298,104639,695898399.53125,6976079.752448843,True,695898399.53125,281357921.15625,366465397.8125,292799541.8125,612612295.46875,1328588303.125,MISSING
transfer_fixed_five,B0-rank6-q1-r0-K0,d9ae4b8645a032031fc003c9e7268010e6a5c5734c6da898043c748bd900aa64,0.022138502228419735,0.009976267821590988,True,0.007054286627580134,0.0006265786540605722,1.0,0.008599998423448954,0.015027706396968515,118498,38808,157306,1647151126.0,0.0,False,1647151126.0,742641626.0,944465224.0,802103294.0,1615060702.0,3139355842.0,MISSING
transfer_fixed_five,B1-rank12-q1-r0-K0,9a24146ac2b7dfd129fa7d49aa2d50772fc647424d2ab958638482cfac139529,0.022138502228419735,0.005265778433252583,True,0.0037234676383787746,0.0002615994585534187,1.0,0.011930817412650313,0.015392685592475669,61570,36990,98560,1975142400.0,0.0,False,1975142400.0,862695680.0,1141324800.0,968943360.0,1918371840.0,3776326400.0,MISSING
transfer_fixed_five,B3-rank0-q8-r32-K4,a090ea4c0aa58921cf4904fed6f6f74fac8d2e12f031736c8c94aa80754f295b,0.022138502228419735,6.247566909536482e-05,True,4.417696927649928e-05,3.5948699160792685e-06,1.47140967604679,0.015610108081752588,0.01565069018111301,77869,77465,155334,5464368577.125,70092228.38295831,False,5464368577.125,1243060335.0,1795287267.5625,827075883.0,2689583939.0625,10480554876.5625,MISSING
transfer_fixed_five,B2-rank3-q1-r4-K2,215212e37d35f0277d90e0dfb354ff27c6334677ddc57b31f4e702fb709a928b,0.022360679774997897,0.005256376547101335,True,0.0037168195009252836,0.00026014045149713727,1.0620308450250202,0.012094568799916612,0.015551247849344758,67577,40875,108452,677014999.125,4328478.654989947,True,677014999.125,279714653.625,363368426.0,294159104.375,608951201.75,1289595953.75,MISSING
transfer_fixed_five,B2-rank3-q1-r8-K2,1e063a21340c2fb397fe431779fa0bb1d2fba619b736361014296303c8f0e3e9,0.022360679774997897,0.005256157396431461,True,0.0037166645380005137,0.0002610609785499429,1.0307583312111528,0.012094723762841382,0.015550327322291953,63655,38507,102162,679425188.4375,6810942.953102368,True,679425188.4375,274697655.1875,357790479.375,285868431.375,598110621.5625,1297138143.75,MISSING
transfer_fixed_five,B0-rank6-q1-r0-K0,d9ae4b8645a032031fc003c9e7268010e6a5c5734c6da898043c748bd900aa64,0.022360679774997897,0.009976267821590988,True,0.007054286627580134,0.0006265786540605722,1.0,0.008757101673261762,0.015184809646781323,114284,38009,152293,1594660003.0,0.0,False,1594660003.0,718975253.0,914367172.0,776542007.0,1563592231.0,3039311401.0,MISSING
transfer_fixed_five,B1-rank12-q1-r0-K0,9a24146ac2b7dfd129fa7d49aa2d50772fc647424d2ab958638482cfac139529,0.022360679774997897,0.005265778433252583,True,0.0037234676383787746,0.0002615994585534187,1.0,0.012087920662463121,0.015549788842288477,59980,36246,96226,1928369040.0,0.0,False,1928369040.0,842266178.0,1114297080.0,945997806.0,1872942864.0,3686899190.0,MISSING
transfer_fixed_five,B3-rank0-q8-r32-K4,a090ea4c0aa58921cf4904fed6f6f74fac8d2e12f031736c8c94aa80754f295b,0.022360679774997897,6.247566909536482e-05,True,4.417696927649928e-05,3.5948699160792685e-06,1.47140967604679,0.015767211331565396,0.015807793430925816,76325,75933,152258,5356160472.375,68704227.7230514,False,5356160472.375,1218444645.0,1759736109.1875,810697721.0,2636323479.6875,10273013792.1875,MISSING
transfer_fixed_five,B2-rank3-q1-r4-K2,215212e37d35f0277d90e0dfb354ff27c6334677ddc57b31f4e702fb709a928b,0.02258508705065592,0.005256376547101335,True,0.0037168195009252836,0.00026014045149713727,1.0620308450250202,0.012253248706282,0.015709927755710146,65839,40053,105892,661034119.125,4226305.293901406,True,661034119.125,273112013.625,354791146.0,287215504.375,594576961.75,1259155153.75,MISSING
transfer_fixed_five,B2-rank3-q1-r8-K2,1e063a21340c2fb397fe431779fa0bb1d2fba619b736361014296303c8f0e3e9,0.02258508705065592,0.005256157396431461,True,0.0037166645380005137,0.0002610609785499429,1.0307583312111528,0.01225340366920677,0.01570900722865734,62017,37733,99750,663384257.8125,6650139.578042336,True,663384257.8125,268212164.0625,349343203.125,279119203.125,583989492.1875,1266513281.25,MISSING
transfer_fixed_five,B0-rank6-q1-r0-K0,d9ae4b8645a032031fc003c9e7268010e6a5c5734c6da898043c748bd900aa64,0.02258508705065592,0.009976267821590988,True,0.007054286627580134,0.0006265786540605722,1.0,0.00891578157962715,0.01534348955314671,110252,37227,147479,1544252609.0,0.0,False,1544252609.0,696248359.0,885463916.0,751995421.0,1514166893.0,2943238403.0,MISSING
transfer_fixed_five,B1-rank12-q1-r0-K0,9a24146ac2b7dfd129fa7d49aa2d50772fc647424d2ab958638482cfac139529,0.02258508705065592,0.005265778433252583,True,0.0037234676383787746,0.0002615994585534187,1.0,0.012246600568828508,0.015708468748653864,58436,35518,93954,1882838160.0,0.0,False,1882838160.0,822379362.0,1087987320.0,923661774.0,1828720656.0,3599847510.0,MISSING
transfer_fixed_five,B3-rank0-q8-r32-K4,a090ea4c0aa58921cf4904fed6f6f74fac8d2e12f031736c8c94aa80754f295b,0.02258508705065592,6.247566909536482e-05,True,4.417696927649928e-05,3.5948699160792685e-06,1.47140967604679,0.015925891237930784,0.015966473337291204,74811,74432,149243,5250098237.0625,67343752.43383835,False,5250098237.0625,1194317107.5,1724889964.03125,794644353.5,2584119225.78125,10069588444.53125,MISSING
transfer_fixed_five,B2-rank3-q1-r4-K2,215212e37d35f0277d90e0dfb354ff27c6334677ddc57b31f4e702fb709a928b,0.022811746432505494,0.005256376547101335,True,0.0037168195009252836,0.00026014045149713727,1.0620308450250202,0.012413521092207384,0.01587020014163553,64149,39248,103397,645459003.65625,4126726.178309256,True,645459003.65625,266677018.78125,346431648.5,280448206.71875,580567692.6875,1229487264.6875,MISSING
transfer_fixed_five,B2-rank3-q1-r8-K2,1e063a21340c2fb397fe431779fa0bb1d2fba619b736361014296303c8f0e3e9,0.022811746432505494,0.005256157396431461,True,0.0037166645380005137,0.0002610609785499429,1.0307583312111528,0.012413676055132154,0.015869279614582725,60426,36975,97401,647762306.71875,6493536.291136859,True,647762306.71875,261896070.09375,341116564.6875,272546260.6875,570237198.28125,1236688321.875,MISSING
transfer_fixed_five,B0-rank6-q1-r0-K0,d9ae4b8645a032031fc003c9e7268010e6a5c5734c6da898043c748bd900aa64,0.022811746432505494,0.009976267821590988,True,0.007054286627580134,0.0006265786540605722,1.0,0.009076053965552534,0.015503761939072096,106393,36462,142855,1495834705.0,0.0,False,1495834705.0,674418455.0,857701420.0,728417645.0,1466692285.0,2850957235.0,MISSING
transfer_fixed_five,B1-rank12-q1-r0-K0,9a24146ac2b7dfd129fa7d49aa2d50772fc647424d2ab958638482cfac139529,0.022811746432505494,0.005265778433252583,True,0.0037234676383787746,0.0002615994585534187,1.0,0.012406872954753893,0.01586874113457925,56936,34804,91740,1838469600.0,0.0,False,1838469600.0,803000220.0,1062349200.0,901895940.0,1785627360.0,3515018100.0,MISSING
transfer_fixed_five,B3-rank0-q8-r32-K4,a090ea4c0aa58921cf4904fed6f6f74fac8d2e12f031736c8c94aa80754f295b,0.022811746432505494,6.247566909536482e-05,True,4.417696927649928e-05,3.5948699160792685e-06,1.47140967604679,0.01608616362385617,0.01612674572321659,73328,72959,146287,5146111514.8125,66009900.044148885,False,5146111514.8125,1170661717.5,1690725716.90625,778905131.5,2532936547.65625,9870143891.40625,MISSING
transfer_fixed_five,B2-rank3-q1-r4-K2,215212e37d35f0277d90e0dfb354ff27c6334677ddc57b31f4e702fb709a928b,0.023040680522230447,0.005256376547101335,True,0.0037168195009252836,0.00026014045149713727,1.0620308450250202,0.012575401939496668,0.016032080988924814,62508,38460,100968,630295895.25,4029781.2196826693,True,630295895.25,260412248.25,338293284.0,273859923.75,566929009.5,1200604177.5,MISSING
transfer_fixed_five,B2-rank3-q1-r8-K2,1e063a21340c2fb397fe431779fa0bb1d2fba619b736361014296303c8f0e3e9,0.023040680522230447,0.005256157396431461,True,0.0037166645380005137,0.0002610609785499429,1.0307583312111528,0.012575556902421438,0.01603116046187201,58880,36232,95112,632539383.75,6340933.088188098,True,632539383.75,255741306.75,333100057.5,266141209.5,556836176.25,1207625175.0,MISSING
transfer_fixed_five,B0-rank6-q1-r0-K0,d9ae4b8645a032031fc003c9e7268010e6a5c5734c6da898043c748bd900aa64,0.023040680522230447,0.009976267821590988,True,0.007054286627580134,0.0006265786540605722,1.0,0.009237934812841818,0.01566564278636138,102697,35712,138409,1449280639.0,0.0,False,1449280639.0,653428889.0,831007636.0,705747491.0,1421045203.0,2762228413.0,MISSING
transfer_fixed_five,B1-rank12-q1-r0-K0,9a24146ac2b7dfd129fa7d49aa2d50772fc647424d2ab958638482cfac139529,0.023040680522230447,0.005265778433252583,True,0.0037234676383787746,0.0002615994585534187,1.0,0.012568753802043177,0.016030621981868533,55478,34104,89582,1795223280.0,0.0,False,1795223280.0,784111246.0,1037359560.0,880680642.0,1743624048.0,3432334330.0,MISSING
transfer_fixed_five,B3-rank0-q8-r32-K4,a090ea4c0aa58921cf4904fed6f6f74fac8d2e12f031736c8c94aa80754f295b,0.023040680522230447,6.247566909536482e-05,True,4.417696927649928e-05,3.5948699160792685e-06,1.47140967604679,0.016248044471145452,0.016288626570505872,71874,71517,143391,5044235483.8125,64703121.78956812,False,5044235483.8125,1147486477.5,1657254925.40625,763485379.5,2482792760.15625,9674747603.90625,MISSING
transfer_fixed_five,B2-rank3-q1-r4-K2,215212e37d35f0277d90e0dfb354ff27c6334677ddc57b31f4e702fb709a928b,0.02327191214834057,0.005256376547101335,True,0.0037168195009252836,0.00026014045149713727,1.0620308450250202,0.012738907390343928,0.016195586439772074,60914,37687,98601,615519823.78125,3935310.772144946,True,615519823.78125,254307385.40625,330362650.5,267439806.09375,553638452.4375,1172458328.4375,MISSING
transfer_fixed_five,B2-rank3-q1-r8-K2,1e063a21340c2fb397fe431779fa0bb1d2fba619b736361014296303c8f0e3e9,0.02327191214834057,0.005256157396431461,True,0.0037166645380005137,0.0002610609785499429,1.0307583312111528,0.012739062353268698,0.01619466591271927,57378,35504,92882,617708838.4375,6192263.301130109,True,617708838.4375,249745185.1875,325290179.375,259901251.375,543780571.5625,1179311143.75,MISSING
transfer_fixed_five,B0-rank6-q1-r0-K0,d9ae4b8645a032031fc003c9e7268010e6a5c5734c6da898043c748bd900aa64,0.02327191214834057,0.009976267821590988,True,0.007054286627580134,0.0006265786540605722,1.0,0.009401440263689078,0.01582914823720864,99156,34978,134134,1404517114.0,0.0,False,1404517114.0,633246614.0,805340536.0,683949266.0,1377153778.0,2676912238.0,MISSING
transfer_fixed_five,B1-rank12-q1-r0-K0,9a24146ac2b7dfd129fa7d49aa2d50772fc647424d2ab958638482cfac139529,0.02327191214834057,0.005265778433252583,True,0.0037234676383787746,0.0002615994585534187,1.0,0.012732259252890437,0.016194127432715793,54063,33419,87482,1753139280.0,0.0,False,1753139280.0,765729946.0,1013041560.0,860035542.0,1702749648.0,3351872830.0,MISSING
transfer_fixed_five,B3-rank0-q8-r32-K4,a090ea4c0aa58921cf4904fed6f6f74fac8d2e12f031736c8c94aa80754f295b,0.02327191214834057,6.247566909536482e-05,True,4.417696927649928e-05,3.5948699160792685e-06,1.47140967604679,0.016411549921992712,0.016452132021353132,70449,70102,140551,4944329431.3125,63421612.7277555,False,4944329431.3125,1124759377.5,1624431359.15625,748363799.5,2433618603.90625,9483129697.65625,MISSING
transfer_fixed_five,B2-rank3-q1-r4-K2,215212e37d35f0277d90e0dfb354ff27c6334677ddc57b31f4e702fb709a928b,0.02350546436844801,0.005256376547101335,True,0.0037168195009252836,0.00026014045149713727,1.0620308450250202,0.01290405374894307,0.016360732798371216,59365,36930,96295,601124546.71875,3843274.92422691,True,601124546.71875,248359851.09375,322636397.5,261185141.40625,540690406.5625,1145037826.5625,MISSING
transfer_fixed_five,B2-rank3-q1-r8-K2,1e063a21340c2fb397fe431779fa0bb1d2fba619b736361014296303c8f0e3e9,0.02350546436844801,0.005256157396431461,True,0.0037166645380005137,0.0002610609785499429,1.0307583312111528,0.01290420871186784,0.01635981227131841,55919,34791,90710,603264020.3125,6047460.2618969465,True,603264020.3125,243905016.5625,317683428.125,253823588.125,531064529.6875,1151733531.25,MISSING
transfer_fixed_five,B0-rank6-q1-r0-K0,d9ae4b8645a032031fc003c9e7268010e6a5c5734c6da898043c748bd900aa64,0.02350546436844801,0.009976267821590988,True,0.007054286627580134,0.0006265786540605722,1.0,0.00956658662228822,0.01599429459580778,95762,34260,130022,1361460362.0,0.0,False,1361460362.0,613833862.0,780652088.0,662982178.0,1334935874.0,2594849054.0,MISSING
transfer_fixed_five,B1-rank12-q1-r0-K0,9a24146ac2b7dfd129fa7d49aa2d50772fc647424d2ab958638482cfac139529,0.02350546436844801,0.005265778433252583,True,0.0037234676383787746,0.0002615994585534187,1.0,0.012897405611489578,0.016359273791314934,52687,32748,85435,1712117400.0,0.0,False,1712117400.0,747812555.0,989337300.0,839911485.0,1662906840.0,3273442025.0,MISSING
transfer_fixed_five,B3-rank0-q8-r32-K4,a090ea4c0aa58921cf4904fed6f6f74fac8d2e12f031736c8c94aa80754f295b,0.02350546436844801,6.247566909536482e-05,True,4.417696927649928e-05,3.5948699160792685e-06,1.47140967604679,0.016576696280591854,0.016617278379952274,69053,68716,137769,4846463713.6875,62166275.32988131,False,4846463713.6875,1102496422.5,1592278133.34375,733551040.5,2385448708.59375,9295425114.84375,MISSING
transfer_fixed_five,B2-rank3-q1-r4-K2,215212e37d35f0277d90e0dfb354ff27c6334677ddc57b31f4e702fb709a928b,0.0237413604715664,0.005256376547101335,True,0.0037168195009252836,0.00026014045149713727,1.0620308450250202,0.013070857483113568,0.016527536532541715,57860,36188,94048,587097579.0,3753593.8529902115,True,587097579.0,242564487.0,315107824.0,255090505.0,528073642.0,1118318890.0,MISSING
transfer_fixed_five,B2-rank3-q1-r8-K2,1e063a21340c2fb397fe431779fa0bb1d2fba619b736361014296303c8f0e3e9,0.0237413604715664,0.005256157396431461,True,0.0037166645380005137,0.0002610609785499429,1.0307583312111528,0.013071012446038338,0.01652661600548891,54501,34092,88593,589184977.96875,5906323.966290774,True,589184977.96875,238212734.34375,310269297.1875,247899825.1875,518670487.03125,1124854246.875,MISSING
transfer_fixed_five,B0-rank6-q1-r0-K0,d9ae4b8645a032031fc003c9e7268010e6a5c5734c6da898043c748bd900aa64,0.0237413604715664,0.009976267821590988,True,0.007054286627580134,0.0006265786540605722,1.0,0.009733390356458718,0.01616109832997828,92508,33556,126064,1320016144.0,0.0,False,1320016144.0,595148144.0,756888256.0,642800336.0,1294299088.0,2515859248.0,MISSING
transfer_fixed_five,B1-rank12-q1-r0-K0,9a24146ac2b7dfd129fa7d49aa2d50772fc647424d2ab958638482cfac139529,0.0237413604715664,0.005265778433252583,True,0.0037234676383787746,0.0002615994585534187,1.0,0.013064209345660077,0.016526077525485433,51350,32090,83440,1672137600.0,0.0,False,1672137600.0,730350320.0,966235200.0,820298640.0,1624076160.0,3197003600.0,MISSING
transfer_fixed_five,B3-rank0-q8-r32-K4,a090ea4c0aa58921cf4904fed6f6f74fac8d2e12f031736c8c94aa80754f295b,0.0237413604715664,6.247566909536482e-05,True,4.417696927649928e-05,3.5948699160792685e-06,1.47140967604679,0.016743500014762353,0.016784082114122773,67684,67357,135041,4750497618.1875,60935304.65360496,False,4750497618.1875,1080665602.5,1560749017.59375,719025804.5,2338213814.84375,9111363971.09375,MISSING
transfer_fixed_five,B2-rank3-q1-r4-K2,215212e37d35f0277d90e0dfb354ff27c6334677ddc57b31f4e702fb709a928b,0.023979623980433264,0.005256376547101335,True,0.0037168195009252836,0.00026014045149713727,1.0620308450250202,0.013239335225942627,0.016696014275370773,56396,35462,91858,573426435.5625,3666187.7354965005,True,573426435.5625,236916134.8125,307770229.0,249150472.1875,515776928.875,1092277736.875,MISSING
transfer_fixed_five,B2-rank3-q1-r8-K2,1e063a21340c2fb397fe431779fa0bb1d2fba619b736361014296303c8f0e3e9,0.023979623980433264,0.005256157396431461,True,0.0037166645380005137,0.0002610609785499429,1.0307583312111528,0.013239490188867397,0.016695093748317968,53123,33408,86531,575471711.40625,5768854.414311593,True,575471711.40625,232668338.53125,303047786.5625,242129962.5625,506598443.59375,1098673290.625,MISSING
transfer_fixed_five,B0-rank6-q1-r0-K0,d9ae4b8645a032031fc003c9e7268010e6a5c5734c6da898043c748bd900aa64,0.023979623980433264,0.009976267821590988,True,0.007054286627580134,0.0006265786540605722,1.0,0.009901868099287777,0.01632957607280734,89387,32867,122254,1280121634.0,0.0,False,1280121634.0,577161134.0,734013016.0,623373146.0,1255181818.0,2439823078.0,MISSING
transfer_fixed_five,B1-rank12-q1-r0-K0,9a24146ac2b7dfd129fa7d49aa2d50772fc647424d2ab958638482cfac139529,0.023979623980433264,0.005265778433252583,True,0.0037234676383787746,0.0002615994585534187,1.0,0.013232687088489136,0.016694555268314492,50051,31446,81497,1633199880.0,0.0,False,1633199880.0,713343241.0,943735260.0,801197007.0,1586257608.0,3122557555.0,MISSING
transfer_fixed_five,B3-rank0-q8-r32-K4,a090ea4c0aa58921cf4904fed6f6f74fac8d2e12f031736c8c94aa80754f295b,0.023979623980433264,6.247566909536482e-05,True,4.417696927649928e-05,3.5948699160792685e-06,1.47140967604679,0.01691197775759141,0.01695255985695183,66342,66024,132366,4656395966.625,59728249.46334131,False,4656395966.625,1059258915.0,1529832454.3125,704782767.0,2291896607.8125,8930878795.3125,MISSING
transfer_fixed_five,B2-rank3-q1-r4-K2,215212e37d35f0277d90e0dfb354ff27c6334677ddc57b31f4e702fb709a928b,0.024220278653855575,0.005256376547101335,True,0.0037168195009252836,0.00026014045149713727,1.0620308450250202,0.013409503777443776,0.016866182826871922,54974,34750,89724,560104873.875,3581016.6602766006,True,560104873.875,231412215.375,300620262.0,243362330.625,503794652.25,1066902476.25,MISSING
transfer_fixed_five,B2-rank3-q1-r8-K2,1e063a21340c2fb397fe431779fa0bb1d2fba619b736361014296303c8f0e3e9,0.024220278653855575,0.005256157396431461,True,0.0037166645380005137,0.0002610609785499429,1.0307583312111528,0.013409658740368546,0.016865262299819116,51783,32737,84520,562097618.75,5634784.933695622,True,562097618.75,227261073.75,296004887.5,236502807.5,494824981.25,1073139875.0,MISSING
transfer_fixed_five,B0-rank6-q1-r0-K0,d9ae4b8645a032031fc003c9e7268010e6a5c5734c6da898043c748bd900aa64,0.024220278653855575,0.009976267821590988,True,0.007054286627580134,0.0006265786540605722,1.0,0.010072036650788926,0.016499744624308487,86392,32193,118585,1241703535.0,0.0,False,1241703535.0,559839785.0,711984340.0,604664915.0,1217512195.0,2366600845.0,MISSING
transfer_fixed_five,B1-rank12-q1-r0-K0,9a24146ac2b7dfd129fa7d49aa2d50772fc647424d2ab958638482cfac139529,0.024220278653855575,0.005265778433252583,True,0.0037234676383787746,0.0002615994585534187,1.0,0.013402855639990285,0.01686472381981564,48788,30814,79602,1595224080.0,0.0,False,1595224080.0,696756306.0,921791160.0,782567262.0,1549373328.0,3049950630.0,MISSING
transfer_fixed_five,B3-rank0-q8-r32-K4,a090ea4c0aa58921cf4904fed6f6f74fac8d2e12f031736c8c94aa80754f295b,0.024220278653855575,6.247566909536482e-05,True,4.417696927649928e-05,3.5948699160792685e-06,1.47140967604679,0.01708214630909256,0.01712272840845298,65027,64719,129746,4564229115.375,58546012.230260655,False,4564229115.375,1038292365.0,1499551558.6875,690832577.0,2246531717.1875,8754104529.6875,MISSING
transfer_fixed_five,B2-rank3-q1-r4-K2,215212e37d35f0277d90e0dfb354ff27c6334677ddc57b31f4e702fb709a928b,0.02446334848907889,0.005256376547101335,True,0.0037168195009252836,0.00026014045149713727,1.0620308450250202,0.01358138010623208,0.017038059155660226,53591,34052,87643,547114166.34375,3497960.8929229877,True,547114166.34375,226044991.21875,293647871.5,237717943.28125,492109967.3125,1042157435.3125,MISSING
transfer_fixed_five,B2-rank3-q1-r8-K2,1e063a21340c2fb397fe431779fa0bb1d2fba619b736361014296303c8f0e3e9,0.02446334848907889,0.005256157396431461,True,0.0037166645380005137,0.0002610609785499429,1.0307583312111528,0.013581535069156849,0.01703713862860742,50481,32080,82561,549069350.46875,5504182.192508806,True,549069350.46875,221993628.84375,289144102.1875,231021158.1875,483355954.53125,1048266696.875,MISSING
transfer_fixed_five,B0-rank6-q1-r0-K0,d9ae4b8645a032031fc003c9e7268010e6a5c5734c6da898043c748bd900aa64,0.02446334848907889,0.009976267821590988,True,0.007054286627580134,0.0006265786540605722,1.0,0.01024391297957723,0.01667162095309679,83517,31532,115049,1204678079.0,0.0,False,1204678079.0,543146329.0,690754196.0,586634851.0,1181208083.0,2296032893.0,MISSING
transfer_fixed_five,B1-rank12-q1-r0-K0,9a24146ac2b7dfd129fa7d49aa2d50772fc647424d2ab958638482cfac139529,0.02446334848907889,0.005265778433252583,True,0.0037234676383787746,0.0002615994585534187,1.0,0.013574731968778588,0.017036600148603944,47561,30196,77757,1558250280.0,0.0,False,1558250280.0,680607021.0,900426060.0,764429067.0,1513462248.0,2979259455.0,MISSING
transfer_fixed_five,B3-rank0-q8-r32-K4,a090ea4c0aa58921cf4904fed6f6f74fac8d2e12f031736c8c94aa80754f295b,0.02446334848907889,6.247566909536482e-05,True,4.417696927649928e-05,3.5948699160792685e-06,1.47140967604679,0.017254022637880864,0.017294604737241284,63737,63439,127176,4473821173.5,57386336.77643726,False,4473821173.5,1017725940.0,1469848542.75,677148612.0,2202032568.75,8580703818.75,MISSING
transfer_fixed_five,B2-rank3-q1-r4-K2,215212e37d35f0277d90e0dfb354ff27c6334677ddc57b31f4e702fb709a928b,0.024708857724180293,0.005256376547101335,True,0.0037168195009252836,0.00026014045149713727,1.0620308450250202,0.013754981351216205,0.01721166040064435,52247,33369,85616,534460555.5,3417060.3449048353,True,534460555.5,220817041.5,286856408.0,232220022.5,480728489.0,1018054505.0,MISSING
transfer_fixed_five,B2-rank3-q1-r8-K2,1e063a21340c2fb397fe431779fa0bb1d2fba619b736361014296303c8f0e3e9,0.024708857724180293,0.005256157396431461,True,0.0037166645380005137,0.0002610609785499429,1.0307583312111528,0.013755136314140975,0.017210739873591546,49215,31436,80651,536366955.15625,5376846.186553309,True,536366955.15625,216857937.28125,282454924.0625,225676620.0625,472173799.84375,1024015665.625,MISSING
transfer_fixed_five,B0-rank6-q1-r0-K0,d9ae4b8645a032031fc003c9e7268010e6a5c5734c6da898043c748bd900aa64,0.024708857724180293,0.009976267821590988,True,0.007054286627580134,0.0006265786540605722,1.0,0.010417514224561355,0.016845222198080916,80757,30886,111643,1169013853.0,0.0,False,1169013853.0,527066603.0,670304572.0,569267657.0,1146238681.0,2228059351.0,MISSING
transfer_fixed_five,B1-rank12-q1-r0-K0,9a24146ac2b7dfd129fa7d49aa2d50772fc647424d2ab958638482cfac139529,0.024708857724180293,0.005265778433252583,True,0.0037234676383787746,0.0002615994585534187,1.0,0.013748333213762714,0.01721020139358807,46367,29590,75957,1522178280.0,0.0,False,1522178280.0,664851621.0,879582060.0,746733267.0,1478427048.0,2910292455.0,MISSING
transfer_fixed_five,B3-rank0-q8-r32-K4,a090ea4c0aa58921cf4904fed6f6f74fac8d2e12f031736c8c94aa80754f295b,0.024708857724180293,6.247566909536482e-05,True,4.417696927649928e-05,3.5948699160792685e-06,1.47140967604679,0.01742762388286499,0.01746820598222541,62474,62184,124658,4385242497.375,56250125.573041424,False,4385242497.375,997575645.0,1440746521.6875,663741521.0,2158433792.1875,8410811604.6875,MISSING
transfer_fixed_five,B2-rank3-q1-r4-K2,215212e37d35f0277d90e0dfb354ff27c6334677ddc57b31f4e702fb709a928b,0.024956830840485323,0.005256376547101335,True,0.0037168195009252836,0.00026014045149713727,1.0620308450250202,0.01393032482330745,0.017387003872735597,50940,32699,83639,522119071.21875,3338155.370345444,True,522119071.21875,215718049.59375,280232469.5,226857718.90625,469627757.5625,994546121.5625,MISSING
transfer_fixed_five,B2-rank3-q1-r8-K2,1e063a21340c2fb397fe431779fa0bb1d2fba619b736361014296303c8f0e3e9,0.024956830840485323,0.005256157396431461,True,0.0037166645380005137,0.0002610609785499429,1.0307583312111528,0.01393047978623222,0.01738608334568279,47983,30805,78788,523977131.875,5252643.579697239,True,523977131.875,211848621.375,275930348.75,220463596.75,461266808.125,1000361387.5,MISSING
transfer_fixed_five,B0-rank6-q1-r0-K0,d9ae4b8645a032031fc003c9e7268010e6a5c5734c6da898043c748bd900aa64,0.024956830840485323,0.009976267821590988,True,0.007054286627580134,0.0006265786540605722,1.0,0.0105928576966526,0.017020565670172162,78105,30253,108358,1134616618.0,0.0,False,1134616618.0,511558118.0,650581432.0,552517442.0,1112511586.0,2162500606.0,MISSING
transfer_fixed_five,B1-rank12-q1-r0-K0,9a24146ac2b7dfd129fa7d49aa2d50772fc647424d2ab958638482cfac139529,0.024956830840485323,0.005265778433252583,True,0.0037234676383787746,0.0002615994585534187,1.0,0.01392367668585396,0.017385544865679316,45207,28996,74203,1487028120.0,0.0,False,1487028120.0,649498859.0,859270740.0,729489693.0,1444287192.0,2843087945.0,MISSING
transfer_fixed_five,B3-rank0-q8-r32-K4,a090ea4c0aa58921cf4904fed6f6f74fac8d2e12f031736c8c94aa80754f295b,0.024956830840485323,6.247566909536482e-05,True,4.417696927649928e-05,3.5948699160792685e-06,1.47140967604679,0.017602967354956235,0.017643549454316655,61236,60954,122190,4298422730.625,55136476.14890285,False,4298422730.625,977825475.0,1412222380.3125,650600655.0,2115700757.8125,8244292945.3125,MISSING
transfer_fixed_five,B2-rank3-q1-r4-K2,215212e37d35f0277d90e0dfb354ff27c6334677ddc57b31f4e702fb709a928b,0.025207292565009178,0.005256376547101335,True,0.0037168195009252836,0.00026014045149713727,1.0620308450250202,0.014107428007145945,0.01756410705657409,49669,32043,81712,510089713.5,3261245.969244813,True,510089713.5,210748015.5,273776056.0,221631032.5,458807773.0,971632285.0,MISSING
transfer_fixed_five,B2-rank3-q1-r8-K2,1e063a21340c2fb397fe431779fa0bb1d2fba619b736361014296303c8f0e3e9,0.025207292565009178,0.005256157396431461,True,0.0037166645380005137,0.0002610609785499429,1.0307583312111528,0.014107582970070715,0.017563186529521286,46786,30187,76973,511906531.09375,5131641.040006544,True,511906531.09375,206968369.96875,269573878.4375,215384886.4375,450640833.90625,977316559.375,MISSING
transfer_fixed_five,B0-rank6-q1-r0-K0,d9ae4b8645a032031fc003c9e7268010e6a5c5734c6da898043c748bd900aa64,0.025207292565009178,0.009976267821590988,True,0.007054286627580134,0.0006265786540605722,1.0,0.010769960880491095,0.017197668854010657,75558,29633,105191,1101454961.0,0.0,False,1101454961.0,496606711.0,631566764.0,536368909.0,1079995997.0,2099296787.0,MISSING
transfer_fixed_five,B1-rank12-q1-r0-K0,9a24146ac2b7dfd129fa7d49aa2d50772fc647424d2ab958638482cfac139529,0.025207292565009178,0.005265778433252583,True,0.0037234676383787746,0.0002615994585534187,1.0,0.014100779869692454,0.01756264804951781,44078,28414,72492,1452739680.0,0.0,False,1452739680.0,634522476.0,839457360.0,712668852.0,1410984288.0,2777530980.0,MISSING
transfer_fixed_five,B3-rank0-q8-r32-K4,a090ea4c0aa58921cf4904fed6f6f74fac8d2e12f031736c8c94aa80754f295b,0.025207292565009178,6.247566909536482e-05,True,4.417696927649928e-05,3.5948699160792685e-06,1.47140967604679,0.01778007053879473,0.01782065263815515,60022,59749,119771,4213326695.0625,54044937.2684364,False,4213326695.0625,958467427.5,1384264561.03125,637720689.5,2073816150.78125,8081080369.53125,MISSING
transfer_fixed_five,B2-rank3-q1-r4-K2,215212e37d35f0277d90e0dfb354ff27c6334677ddc57b31f4e702fb709a928b,0.025460267872922375,0.005256376547101335,True,0.0037168195009252836,0.00026014045149713727,1.0620308450250202,0.014286308562844123,0.01774298761227227,48433,31400,79833,498359997.28125,3186252.318664592,True,498359997.28125,205901780.90625,267480466.5,216534538.59375,448257305.4375,949289213.4375,MISSING
transfer_fixed_five,B2-rank3-q1-r8-K2,1e063a21340c2fb397fe431779fa0bb1d2fba619b736361014296303c8f0e3e9,0.025460267872922375,0.005256157396431461,True,0.0037166645380005137,0.0002610609785499429,1.0307583312111528,0.014286463525768893,0.017742067085219464,45622,29581,75203,500135201.40625,5013638.563283387,True,500135201.40625,202209116.53125,263375006.5625,210432094.5625,440278313.59375,954843090.625,MISSING
transfer_fixed_five,B0-rank6-q1-r0-K0,d9ae4b8645a032031fc003c9e7268010e6a5c5734c6da898043c748bd900aa64,0.025460267872922375,0.009976267821590988,True,0.007054286627580134,0.0006265786540605722,1.0,0.010948841436189273,0.017376549409708834,73109,29026,102135,1069455585.0,0.0,False,1069455585.0,482179335.0,613218540.0,520786365.0,1048620045.0,2038308195.0,MISSING
transfer_fixed_five,B1-rank12-q1-r0-K0,9a24146ac2b7dfd129fa7d49aa2d50772fc647424d2ab958638482cfac139529,0.025460267872922375,0.005265778433252583,True,0.0037234676383787746,0.0002615994585534187,1.0,0.014279660425390632,0.017741528605215988,42981,27844,70825,1419333000.0,0.0,False,1419333000.0,619931225.0,820153500.0,696280575.0,1378537800.0,2713659875.0,MISSING
transfer_fixed_five,B3-rank0-q8-r32-K4,a090ea4c0aa58921cf4904fed6f6f74fac8d2e12f031736c8c94aa80754f295b,0.025460267872922375,6.247566909536482e-05,True,4.417696927649928e-05,3.5948699160792685e-06,1.47140967604679,0.017958951094492907,0.017999533193853327,58832,58567,117399,4129884034.3125,52974606.46047178,False,4129884034.3125,939485497.5,1356849948.65625,625090975.5,2032745341.40625,7921038935.15625,MISSING
transfer_fixed_five,B2-rank3-q1-r4-K2,215212e37d35f0277d90e0dfb354ff27c6334677ddc57b31f4e702fb709a928b,0.025715781990041233,0.005256376547101335,True,0.0037168195009252836,0.00026014045149713727,1.0620308450250202,0.014466984327747762,0.017923663377175908,47231,30770,78001,486923680.03125,3113134.5071356064,True,486923680.03125,201176766.65625,261342350.5,211565524.84375,437970739.9375,927505015.9375,MISSING
transfer_fixed_five,B2-rank3-q1-r8-K2,1e063a21340c2fb397fe431779fa0bb1d2fba619b736361014296303c8f0e3e9,0.025715781990041233,0.005256157396431461,True,0.0037166645380005137,0.0002610609785499429,1.0307583312111528,0.014467139290672532,0.017922742850123102,44490,28988,73478,488663142.8125,4898636.149527768,True,488663142.8125,197570861.0625,257333733.125,205605221.125,430179247.1875,932940981.25,MISSING
transfer_fixed_five,B0-rank6-q1-r0-K0,d9ae4b8645a032031fc003c9e7268010e6a5c5734c6da898043c748bd900aa64,0.025715781990041233,0.009976267821590988,True,0.007054286627580134,0.0006265786540605722,1.0,0.011129517201092912,0.017557225174612473,70755,28432,99187,1038587077.0,0.0,False,1038587077.0,468261827.0,595518748.0,505754513.0,1018352929.0,1979474959.0,MISSING
transfer_fixed_five,B1-rank12-q1-r0-K0,9a24146ac2b7dfd129fa7d49aa2d50772fc647424d2ab958638482cfac139529,0.025715781990041233,0.005265778433252583,True,0.0037234676383787746,0.0002615994585534187,1.0,0.01446033619029427,0.017922204370119627,41913,27285,69198,1386727920.0,0.0,False,1386727920.0,605690094.0,801312840.0,680285538.0,1346869872.0,2651321370.0,MISSING
transfer_fixed_five,B3-rank0-q8-r32-K4,a090ea4c0aa58921cf4904fed6f6f74fac8d2e12f031736c8c94aa80754f295b,0.025715781990041233,6.247566909536482e-05,True,4.417696927649928e-05,3.5948699160792685e-06,1.47140967604679,0.018139626859396546,0.018180208958756966,57666,57409,115075,4048129926.5625,51925934.960594125,False,4048129926.5625,920887687.5,1329990100.78125,612716837.5,1992505644.53125,7764236113.28125,MISSING
transfer_fixed_five,B2-rank3-q1-r4-K2,215212e37d35f0277d90e0dfb354ff27c6334677ddc57b31f4e702fb709a928b,0.025973860395343277,0.005256376547101335,True,0.0037168195009252836,0.00026014045149713727,1.0620308450250202,0.014649473318214645,0.01810615236764279,46062,30153,76215,475774519.21875,3041852.6231886805,True,475774519.21875,196570393.59375,255358357.5,206721278.90625,427942461.5625,906267801.5625,MISSING
transfer_fixed_five,B2-rank3-q1-r8-K2,1e063a21340c2fb397fe431779fa0bb1d2fba619b736361014296303c8f0e3e9,0.025973860395343277,0.005256157396431461,True,0.0037166645380005137,0.0002610609785499429,1.0307583312111528,0.014649628281139415,0.018105231840589986,43388,28407,71795,477470403.90625,4786433.79454185,True,477470403.90625,193045537.03125,251439551.5625,200895871.5625,420326071.09375,911572140.625,MISSING
transfer_fixed_five,B0-rank6-q1-r0-K0,d9ae4b8645a032031fc003c9e7268010e6a5c5734c6da898043c748bd900aa64,0.025973860395343277,0.009976267821590988,True,0.007054286627580134,0.0006265786540605722,1.0,0.011312006191559795,0.017739714165079357,68490,27850,96340,1008776140.0,0.0,False,1008776140.0,454821140.0,578425360.0,491237660.0,989122780.0,1922657380.0,MISSING
transfer_fixed_five,B1-rank12-q1-r0-K0,9a24146ac2b7dfd129fa7d49aa2d50772fc647424d2ab958638482cfac139529,0.025973860395343277,0.005265778433252583,True,0.0037234676383787746,0.0002615994585534187,1.0,0.014642825180761154,0.01810469336058651,40875,26738,67613,1354964520.0,0.0,False,1354964520.0,591816589.0,782958540.0,664703403.0,1316019432.0,2590592095.0,MISSING
transfer_fixed_five,B3-rank0-q8-r32-K4,a090ea4c0aa58921cf4904fed6f6f74fac8d2e12f031736c8c94aa80754f295b,0.025973860395343277,6.247566909536482e-05,True,4.417696927649928e-05,3.5948699160792685e-06,1.47140967604679,0.01832211584986343,0.01836269794922385,56523,56273,112796,3967958837.25,50897569.06204801,False,3967958837.25,902649990.0,1303650344.625,600582302.0,1953045115.625,7610469490.625,MISSING
transfer_fixed_five,B2-rank3-q1-r4-K2,215212e37d35f0277d90e0dfb354ff27c6334677ddc57b31f4e702fb709a928b,0.026234528823507883,0.005256376547101335,True,0.0037168195009252836,0.00026014045149713727,1.0620308450250202,0.014833793731411079,0.018290472780839225,44924,29549,74473,464900029.78125,2972326.8438854627,True,464900029.78125,192077503.40625,249521786.5,201996376.09375,418161240.4375,885553788.4375,MISSING
transfer_fixed_five,B2-rank3-q1-r8-K2,1e063a21340c2fb397fe431779fa0bb1d2fba619b736361014296303c8f0e3e9,0.026234528823507883,0.005256157396431461,True,0.0037166645380005137,0.0002610609785499429,1.0307583312111528,0.014833948694335849,0.01828955225378642,42317,27837,70154,466556984.6875,4677031.498325635,True,466556984.6875,188633144.4375,245692461.875,196304045.875,410718785.3125,890736568.75,MISSING
transfer_fixed_five,B0-rank6-q1-r0-K0,d9ae4b8645a032031fc003c9e7268010e6a5c5734c6da898043c748bd900aa64,0.026234528823507883,0.009976267821590988,True,0.007054286627580134,0.0006265786540605722,1.0,0.011496326604756229,0.01792403457827579,66312,27280,93592,980001832.0,0.0,False,980001832.0,441847832.0,561926368.0,477225608.0,960909064.0,1867815544.0,MISSING
transfer_fixed_five,B1-rank12-q1-r0-K0,9a24146ac2b7dfd129fa7d49aa2d50772fc647424d2ab958638482cfac139529,0.026234528823507883,0.005265778433252583,True,0.0037234676383787746,0.0002615994585534187,1.0,0.014827145593957588,0.018289013773782944,39865,26202,66067,1323982680.0,0.0,False,1323982680.0,578284451.0,765055860.0,649504677.0,1285928088.0,2531357105.0,MISSING
transfer_fixed_five,B3-rank0-q8-r32-K4,a090ea4c0aa58921cf4904fed6f6f74fac8d2e12f031736c8c94aa80754f295b,0.026234528823507883,6.247566909536482e-05,True,4.417696927649928e-05,3.5948699160792685e-06,1.47140967604679,0.018506436263059863,0.018547018362420283,55403,55160,110563,3889405944.5625,49889960.00041857,False,3889405944.5625,884780407.5,1277842237.78125,588692693.5,1914381069.53125,7459806538.28125,MISSING
transfer_fixed_five,B2-rank3-q1-r4-K2,215212e37d35f0277d90e0dfb354ff27c6334677ddc57b31f4e702fb709a928b,0.026497813267482524,0.005256376547101335,True,0.0037168195009252836,0.00026014045149713727,1.0620308450250202,0.015019963947126475,0.01847664299655462,43817,28956,72773,454287726.65625,2904477.346287605,True,454287726.65625,187692937.78125,243825936.5,197385391.71875,408615846.6875,865339194.6875,MISSING
transfer_fixed_five,B2-rank3-q1-r8-K2,1e063a21340c2fb397fe431779fa0bb1d2fba619b736361014296303c8f0e3e9,0.026497813267482524,0.005256157396431461,True,0.0037166645380005137,0.0002610609785499429,1.0307583312111528,0.015020118910051245,0.018475722469501816,41274,27279,68553,455909584.21875,4570295.924747231,True,455909584.21875,184328305.59375,240085459.6875,191824147.6875,401345680.78125,870408871.875,MISSING
transfer_fixed_five,B0-rank6-q1-r0-K0,d9ae4b8645a032031fc003c9e7268010e6a5c5734c6da898043c748bd900aa64,0.026497813267482524,0.009976267821590988,True,0.007054286627580134,0.0006265786540605722,1.0,0.011682496820471625,0.018110204793991187,64215,26722,90937,952201327.0,0.0,False,952201327.0,429313577.0,545985748.0,463687763.0,933650179.0,1814829709.0,MISSING
transfer_fixed_five,B1-rank12-q1-r0-K0,9a24146ac2b7dfd129fa7d49aa2d50772fc647424d2ab958638482cfac139529,0.026497813267482524,0.005265778433252583,True,0.0037234676383787746,0.0002615994585534187,1.0,0.015013315809672984,0.01847518398949834,38883,25677,64560,1293782400.0,0.0,False,1293782400.0,565093680.0,747604800.0,634689360.0,1256595840.0,2473616400.0,MISSING
transfer_fixed_five,B3-rank0-q8-r32-K4,a090ea4c0aa58921cf4904fed6f6f74fac8d2e12f031736c8c94aa80754f295b,0.026497813267482524,6.247566909536482e-05,True,4.417696927649928e-05,3.5948699160792685e-06,1.47140967604679,0.01869260647877526,0.01873318857813568,54305,54070,108375,3812436070.3125,48902656.54012068,False,3812436070.3125,867270937.5,1252554222.65625,577042687.5,1876496191.40625,7312179785.15625,MISSING
transfer_fixed_five,B2-rank3-q1-r4-K2,215212e37d35f0277d90e0dfb354ff27c6334677ddc57b31f4e702fb709a928b,0.02676373998107465,0.005256376547101335,True,0.0037168195009252836,0.00026014045149713727,1.0620308450250202,0.015208002529606121,0.018664681579034267,42741,28376,71117,443950094.90625,2838383.9533334565,True,443950094.90625,183421855.03125,238277508.5,192893750.46875,399317510.1875,845647802.1875,MISSING
transfer_fixed_five,B2-rank3-q1-r8-K2,1e063a21340c2fb397fe431779fa0bb1d2fba619b736361014296303c8f0e3e9,0.02676373998107465,0.005256157396431461,True,0.0037166645380005137,0.0002610609785499429,1.0307583312111528,0.015208157492530891,0.018663761051981462,40260,26732,66992,445528202.5,4466227.073806639,True,445528202.5,180131020.5,234618545.0,187456177.0,392206757.5,850589050.0,MISSING
transfer_fixed_five,B0-rank6-q1-r0-K0,d9ae4b8645a032031fc003c9e7268010e6a5c5734c6da898043c748bd900aa64,0.02676373998107465,0.009976267821590988,True,0.007054286627580134,0.0006265786540605722,1.0,0.011870535402951271,0.018298243376470832,62197,26175,88372,925343212.0,0.0,False,925343212.0,417204212.0,530585488.0,450608828.0,907315324.0,1763640004.0,MISSING
transfer_fixed_five,B1-rank12-q1-r0-K0,9a24146ac2b7dfd129fa7d49aa2d50772fc647424d2ab958638482cfac139529,0.02676373998107465,0.005265778433252583,True,0.0037234676383787746,0.0002615994585534187,1.0,0.01520135439215263,0.018663222571977986,37927,25162,63089,1264303560.0,0.0,False,1264303560.0,552218017.0,730570620.0,620227959.0,1227964296.0,2417255035.0,MISSING
transfer_fixed_five,B3-rank0-q8-r32-K4,a090ea4c0aa58921cf4904fed6f6f74fac8d2e12f031736c8c94aa80754f295b,0.02676373998107465,6.247566909536482e-05,True,4.417696927649928e-05,3.5948699160792685e-06,1.47140967604679,0.018880645061254905,0.018921227160615325,53228,53000,106228,3736908501.75,47933853.73881375,False,3736908501.75,850089570.0,1227740068.875,565610986.0,1839321221.875,7167319346.875,MISSING
transfer_fixed_five,B2-rank3-q1-r4-K2,215212e37d35f0277d90e0dfb354ff27c6334677ddc57b31f4e702fb709a928b,0.027032335481569594,0.005256376547101335,True,0.0037168195009252836,0.00026014045149713727,1.0620308450250202,0.01539792822940229,0.018854607278830437,41693,27807,69500,433855921.875,2773847.1076771403,True,433855921.875,179251359.375,232859750.0,188507890.625,390238156.25,826420156.25,MISSING
transfer_fixed_five,B2-rank3-q1-r8-K2,1e063a21340c2fb397fe431779fa0bb1d2fba619b736361014296303c8f0e3e9,0.027032335481569594,0.005256157396431461,True,0.0037166645380005137,0.0002610609785499429,1.0307583312111528,0.01539808319232706,0.01885368675177763,39273,26196,65469,435399538.59375,4364691.609371967,True,435399538.59375,176035911.46875,229284713.4375,183194537.4375,383290306.40625,831251709.375,MISSING
transfer_fixed_five,B0-rank6-q1-r0-K0,d9ae4b8645a032031fc003c9e7268010e6a5c5734c6da898043c748bd900aa64,0.027032335481569594,0.009976267821590988,True,0.007054286627580134,0.0006265786540605722,1.0,0.01206046110274744,0.018488169076267002,60253,25640,85893,899385603.0,0.0,False,899385603.0,405500853.0,515701572.0,437968407.0,881863431.0,1714166601.0,MISSING
transfer_fixed_five,B1-rank12-q1-r0-K0,9a24146ac2b7dfd129fa7d49aa2d50772fc647424d2ab958638482cfac139529,0.027032335481569594,0.005265778433252583,True,0.0037234676383787746,0.0002615994585534187,1.0,0.0153912800919488,0.018853148271774155,36997,24657,61654,1235546160.0,0.0,False,1235546160.0,539657462.0,713953320.0,606120474.0,1200033456.0,2362273010.0,MISSING
transfer_fixed_five,B3-rank0-q8-r32-K4,a090ea4c0aa58921cf4904fed6f6f74fac8d2e12f031736c8c94aa80754f295b,0.027032335481569594,6.247566909536482e-05,True,4.417696927649928e-05,3.5948699160792685e-06,1.47140967604679,0.019070570761051075,0.019111152860411495,52173,51952,104125,3662928773.4375,46984905.30325321,False,3662928773.4375,833260312.5,1203434449.21875,554413562.5,1802908105.46875,7025427636.71875,MISSING
transfer_fixed_five,B2-rank3-q1-r4-K2,215212e37d35f0277d90e0dfb354ff27c6334677ddc57b31f4e702fb709a928b,0.027303626552374862,0.005256376547101335,True,0.0037168195009252836,0.00026014045149713727,1.0620308450250202,0.015589759985244055,0.0190464390346722,40673,27250,67923,424011450.09375,2710906.7207878334,True,424011450.09375,175184029.96875,227576011.5,184230524.53125,381383399.8125,807668147.8125,MISSING
transfer_fixed_five,B2-rank3-q1-r8-K2,1e063a21340c2fb397fe431779fa0bb1d2fba619b736361014296303c8f0e3e9,0.027303626552374862,0.005256157396431461,True,0.0037166645380005137,0.0002610609785499429,1.0307583312111528,0.015589914948168825,0.019045518507619395,38312,25671,63983,425516942.03125,4265622.863377271,True,425516942.03125,172040289.65625,224080462.8125,179036430.8125,374590472.96875,812384153.125,MISSING
transfer_fixed_five,B0-rank6-q1-r0-K0,d9ae4b8645a032031fc003c9e7268010e6a5c5734c6da898043c748bd900aa64,0.027303626552374862,0.009976267821590988,True,0.007054286627580134,0.0006265786540605722,1.0,0.012252292858589205,0.018680000832108766,58381,25117,83498,874307558.0,0.0,False,874307558.0,394194058.0,501321992.0,425756302.0,857273966.0,1666369586.0,MISSING
transfer_fixed_five,B1-rank12-q1-r0-K0,9a24146ac2b7dfd129fa7d49aa2d50772fc647424d2ab958638482cfac139529,0.027303626552374862,0.005265778433252583,True,0.0037234676383787746,0.0002615994585534187,1.0,0.015583111847790564,0.01904498002761592,36091,24163,60254,1207490160.0,0.0,False,1207490160.0,527403262.0,697741320.0,592357074.0,1172783856.0,2308632010.0,MISSING
transfer_fixed_five,B3-rank0-q8-r32-K4,a090ea4c0aa58921cf4904fed6f6f74fac8d2e12f031736c8c94aa80754f295b,0.027303626552374862,6.247566909536482e-05,True,4.417696927649928e-05,3.5948699160792685e-06,1.47140967604679,0.01926240251689284,0.01930298461625326,51139,50925,102064,3590426529.0,46054908.76226877,False,3590426529.0,816767160.0,1179614248.5,543439768.0,1767222212.5,6886369712.5,MISSING
transfer_fixed_five,B2-rank3-q1-r4-K2,215212e37d35f0277d90e0dfb354ff27c6334677ddc57b31f4e702fb709a928b,0.027577640245690815,0.005256376547101335,True,0.0037168195009252836,0.00026014045149713727,1.0620308450250202,0.015783516925925736,0.019240195975353883,39681,26704,66385,414410437.03125,2649522.881196359,True,414410437.03125,171217287.65625,222422942.5,180058939.84375,372747625.9375,789379885.9375,MISSING
transfer_fixed_five,B2-rank3-q1-r8-K2,1e063a21340c2fb397fe431779fa0bb1d2fba619b736361014296303c8f0e3e9,0.027577640245690815,0.005256157396431461,True,0.0037166645380005137,0.0002610609785499429,1.0307583312111528,0.015783671888850506,0.019239275448301077,37377,25156,62533,415873762.34375,4168954.167756606,True,415873762.34375,168141466.21875,219002290.9375,174979058.9375,366101402.65625,793973684.375,MISSING
transfer_fixed_five,B0-rank6-q1-r0-K0,d9ae4b8645a032031fc003c9e7268010e6a5c5734c6da898043c748bd900aa64,0.027577640245690815,0.009976267821590988,True,0.007054286627580134,0.0006265786540605722,1.0,0.012446049799270886,0.018873757772790448,56578,24604,81182,850056722.0,0.0,False,850056722.0,383260222.0,487416728.0,413947018.0,833495594.0,1620149174.0,MISSING
transfer_fixed_five,B1-rank12-q1-r0-K0,9a24146ac2b7dfd129fa7d49aa2d50772fc647424d2ab958638482cfac139529,0.027577640245690815,0.005265778433252583,True,0.0037234676383787746,0.0002615994585534187,1.0,0.015776868788472245,0.0192387369682976,35210,23679,58889,1180135560.0,0.0,False,1180135560.0,515455417.0,681934620.0,578937759.0,1146215496.0,2256332035.0,MISSING
transfer_fixed_five,B3-rank0-q8-r32-K4,a090ea4c0aa58921cf4904fed6f6f74fac8d2e12f031736c8c94aa80754f295b,0.027577640245690815,6.247566909536482e-05,True,4.417696927649928e-05,3.5948699160792685e-06,1.47140967604679,0.01945615945757452,0.01949674155693494,50126,49917,100043,3519331412.0625,45142961.64469014,False,3519331412.0625,800594107.5,1156256351.53125,532678953.5,1732228913.28125,6750010632.03125,MISSING
transfer_fixed_five,B2-rank3-q1-r4-K2,215212e37d35f0277d90e0dfb354ff27c6334677ddc57b31f4e702fb709a928b,0.02785440388520827,0.005256376547101335,True,0.0037168195009252836,0.00026014045149713727,1.0620308450250202,0.015979218372214398,0.019435897421642544,38715,26168,64883,405034155.09375,2589575.854495193,True,405034155.09375,167343394.96875,217390491.5,175984999.53125,364313989.8125,771519697.8125,MISSING
transfer_fixed_five,B2-rank3-q1-r8-K2,1e063a21340c2fb397fe431779fa0bb1d2fba619b736361014296303c8f0e3e9,0.02785440388520827,0.005256157396431461,True,0.0037166645380005137,0.0002610609785499429,1.0307583312111528,0.015979373335139168,0.01943497689458974,36467,24652,61119,406469999.53125,4074685.5225099707,True,406469999.53125,164339441.15625,214050197.8125,171022421.8125,357823095.46875,776020303.125,MISSING
transfer_fixed_five,B0-rank6-q1-r0-K0,d9ae4b8645a032031fc003c9e7268010e6a5c5734c6da898043c748bd900aa64,0.02785440388520827,0.009976267821590988,True,0.007054286627580134,0.0006265786540605722,1.0,0.012641751245559548,0.01906945921907911,54840,24101,78941,826591211.0,0.0,False,826591211.0,372680461.0,473961764.0,402520159.0,810487247.0,1575425537.0,MISSING
transfer_fixed_five,B1-rank12-q1-r0-K0,9a24146ac2b7dfd129fa7d49aa2d50772fc647424d2ab958638482cfac139529,0.02785440388520827,0.005265778433252583,True,0.0037234676383787746,0.0002615994585534187,1.0,0.015972570234760907,0.019434438414586263,34353,23204,57557,1153442280.0,0.0,False,1153442280.0,503796421.0,666510060.0,565842867.0,1120289448.0,2205296455.0,MISSING
transfer_fixed_five,B3-rank0-q8-r32-K4,a090ea4c0aa58921cf4904fed6f6f74fac8d2e12f031736c8c94aa80754f295b,0.02785440388520827,6.247566909536482e-05,True,4.417696927649928e-05,3.5948699160792685e-06,1.47140967604679,0.019651860903863182,0.019692443003223602,49133,48930,98063,3449678600.8125,44249515.18610247,False,3449678600.8125,784749157.5,1133372315.90625,522136443.5,1697945522.65625,6616417866.40625,MISSING
transfer_fixed_five,B2-rank3-q1-r4-K2,215212e37d35f0277d90e0dfb354ff27c6334677ddc57b31f4e702fb709a928b,0.028133945068833068,0.005256376547101335,True,0.0037168195009252836,0.00026014045149713727,1.0620308450250202,0.016176883838776406,0.019633562888204552,37774,25644,63418,395888846.8125,2531105.552153509,True,395888846.8125,163564931.0625,212482009.0,172011415.9375,356088106.375,754099474.375,MISSING
transfer_fixed_five,B2-rank3-q1-r8-K2,1e063a21340c2fb397fe431779fa0bb1d2fba619b736361014296303c8f0e3e9,0.028133945068833068,0.005256157396431461,True,0.0037166645380005137,0.0002610609785499429,1.0307583312111528,0.016177038801701175,0.019632642361151746,35582,24159,59741,397305653.59375,3982816.9276373656,True,397305653.59375,160634214.46875,209224183.4375,167166519.4375,349755551.40625,758524009.375,MISSING
transfer_fixed_five,B0-rank6-q1-r0-K0,d9ae4b8645a032031fc003c9e7268010e6a5c5734c6da898043c748bd900aa64,0.028133945068833068,0.009976267821590988,True,0.007054286627580134,0.0006265786540605722,1.0,0.012839416712121555,0.019267124685641117,53164,23609,76773,803890083.0,0.0,False,803890083.0,362445333.0,460945092.0,391465527.0,788228391.0,1532158761.0,MISSING
transfer_fixed_five,B1-rank12-q1-r0-K0,9a24146ac2b7dfd129fa7d49aa2d50772fc647424d2ab958638482cfac139529,0.028133945068833068,0.005265778433252583,True,0.0037234676383787746,0.0002615994585534187,1.0,0.016170235701322914,0.01963210388114827,33518,22739,56257,1127390280.0,0.0,False,1127390280.0,492417521.0,651456060.0,553062567.0,1094986248.0,2155486955.0,MISSING
transfer_fixed_five,B3-rank0-q8-r32-K4,a090ea4c0aa58921cf4904fed6f6f74fac8d2e12f031736c8c94aa80754f295b,0.028133945068833068,6.247566909536482e-05,True,4.417696927649928e-05,3.5948699160792685e-06,1.47140967604679,0.01984952637042519,0.01989010846978561,48159,47963,96122,3381397738.875,43373666.91533546,False,3381397738.875,769216305.0,1110939026.4375,511801589.0,1664337410.9375,6485456473.4375,MISSING
transfer_fixed_five,B2-rank3-q1-r4-K2,215212e37d35f0277d90e0dfb354ff27c6334677ddc57b31f4e702fb709a928b,0.028416291671438082,0.005256376547101335,True,0.0037168195009252836,0.00026014045149713727,1.0620308450250202,0.016376533036123395,0.01983321208555154,36859,25131,61990,386974512.1875,2474111.9741713083,True,386974512.1875,159881895.9375,207697495.0,168138189.0625,348069975.625,737119215.625,MISSING
transfer_fixed_five,B2-rank3-q1-r8-K2,1e063a21340c2fb397fe431779fa0bb1d2fba619b736361014296303c8f0e3e9,0.028416291671438082,0.005256157396431461,True,0.0037166645380005137,0.0002610609785499429,1.0307583312111528,0.016376687999048165,0.019832291558498735,34719,23675,58394,388347472.1875,3893015.0428090645,True,388347472.1875,157012341.9375,204506736.875,163397360.875,341869497.8125,741421318.75,MISSING
transfer_fixed_five,B0-rank6-q1-r0-K0,d9ae4b8645a032031fc003c9e7268010e6a5c5734c6da898043c748bd900aa64,0.028416291671438082,0.009976267821590988,True,0.007054286627580134,0.0006265786540605722,1.0,0.013039065909468545,0.019466773882988106,51549,23127,74676,781932396.0,0.0,False,781932396.0,352545396.0,448354704.0,380772924.0,766698492.0,1490308932.0,MISSING
transfer_fixed_five,B1-rank12-q1-r0-K0,9a24146ac2b7dfd129fa7d49aa2d50772fc647424d2ab958638482cfac139529,0.028416291671438082,0.005265778433252583,True,0.0037234676383787746,0.0002615994585534187,1.0,0.016369884898669904,0.01983175307849526,32705,22284,54989,1101979560.0,0.0,False,1101979560.0,481318717.0,636772620.0,540596859.0,1070305896.0,2106903535.0,MISSING
transfer_fixed_five,B3-rank0-q8-r32-K4,a090ea4c0aa58921cf4904fed6f6f74fac8d2e12f031736c8c94aa80754f295b,0.028416291671438082,6.247566909536482e-05,True,4.417696927649928e-05,3.5948699160792685e-06,1.47140967604679,0.02004917556777218,0.0200897576671326,47205,47014,94219,3314453648.0625,42514965.59680398,False,3314453648.0625,753987547.5,1088944925.53125,501669065.5,1631387263.28125,6357058982.03125,MISSING
transfer_fixed_five,B2-rank3-q1-r4-K2,215212e37d35f0277d90e0dfb354ff27c6334677ddc57b31f4e702fb709a928b,0.028701471847642816,0.005256376547101335,True,0.0037168195009252836,0.00026014045149713727,1.0620308450250202,0.016578185872577738,0.020034864922005884,35968,24627,60595,378266181.09375,2418435.4746718896,True,378266181.09375,156283972.96875,203023547.5,164354469.53125,340237137.8125,720531357.8125,MISSING
transfer_fixed_five,B2-rank3-q1-r8-K2,1e063a21340c2fb397fe431779fa0bb1d2fba619b736361014296303c8f0e3e9,0.028701471847642816,0.005256157396431461,True,0.0037166645380005137,0.0002610609785499429,1.0307583312111528,0.016578340835502508,0.02003394439495308,33880,23200,57080,379608756.25,3805413.204156958,True,379608756.25,153479201.25,199904862.5,159720542.5,334176643.75,724737625.0,MISSING
transfer_fixed_five,B0-rank6-q1-r0-K0,d9ae4b8645a032031fc003c9e7268010e6a5c5734c6da898043c748bd900aa64,0.028701471847642816,0.009976267821590988,True,0.007054286627580134,0.0006265786540605722,1.0,0.013240718745922888,0.01966842671944245,49990,22656,72646,760676266.0,0.0,False,760676266.0,342961766.0,436166584.0,370421954.0,745856482.0,1449796222.0,MISSING
transfer_fixed_five,B1-rank12-q1-r0-K0,9a24146ac2b7dfd129fa7d49aa2d50772fc647424d2ab958638482cfac139529,0.028701471847642816,0.005265778433252583,True,0.0037234676383787746,0.0002615994585534187,1.0,0.016571537735124247,0.020033405914949603,31914,21838,53752,1077190080.0,0.0,False,1077190080.0,470491256.0,622448160.0,528435912.0,1046228928.0,2059507880.0,MISSING
transfer_fixed_five,B3-rank0-q8-r32-K4,a090ea4c0aa58921cf4904fed6f6f74fac8d2e12f031736c8c94aa80754f295b,0.028701471847642816,6.247566909536482e-05,True,4.417696927649928e-05,3.5948699160792685e-06,1.47140967604679,0.020250828404226522,0.020291410503586942,46269,46084,92353,3248811150.1875,41672959.99492287,False,3248811150.1875,739054882.5,1067378455.59375,491733548.5,1599077764.84375,6231157921.09375,MISSING
transfer_fixed_five,B2-rank3-q1-r4-K2,215212e37d35f0277d90e0dfb354ff27c6334677ddc57b31f4e702fb709a928b,0.02898951403462081,0.005256376547101335,True,0.0037168195009252836,0.00026014045149713727,1.0620308450250202,0.016781862456257682,0.02023854150568583,35100,24134,59234,369770096.0625,2364115.9651244283,True,369770096.0625,152773741.3125,198463517.0,160662969.6875,332595207.875,704347791.875,MISSING
transfer_fixed_five,B2-rank3-q1-r8-K2,1e063a21340c2fb397fe431779fa0bb1d2fba619b736361014296303c8f0e3e9,0.02898951403462081,0.005256157396431461,True,0.0037166645380005137,0.0002610609785499429,1.0307583312111528,0.016782017419182452,0.020237620978633023,33063,22736,55799,371089505.78125,3720011.4116810462,True,371089505.78125,150034792.40625,195418560.3125,156136064.3125,326676989.21875,708472928.125,MISSING
transfer_fixed_five,B0-rank6-q1-r0-K0,d9ae4b8645a032031fc003c9e7268010e6a5c5734c6da898043c748bd900aa64,0.02898951403462081,0.009976267821590988,True,0.007054286627580134,0.0006265786540605722,1.0,0.013444395329602832,0.019872103303122394,48487,22194,70681,740100751.0,0.0,False,740100751.0,333685001.0,424368724.0,360402419.0,725681827.0,1410580717.0,MISSING
transfer_fixed_five,B1-rank12-q1-r0-K0,9a24146ac2b7dfd129fa7d49aa2d50772fc647424d2ab958638482cfac139529,0.02898951403462081,0.005265778433252583,True,0.0037234676383787746,0.0002615994585534187,1.0,0.01677521431880419,0.020237082498629547,31144,21400,52544,1052981760.0,0.0,False,1052981760.0,459917632.0,608459520.0,516560064.0,1022716416.0,2013223360.0,MISSING
transfer_fixed_five,B3-rank0-q8-r32-K4,a090ea4c0aa58921cf4904fed6f6f74fac8d2e12f031736c8c94aa80754f295b,0.02898951403462081,6.247566909536482e-05,True,4.417696927649928e-05,3.5948699160792685e-06,1.47140967604679,0.020454504987906467,0.020495087087266887,45352,45173,90525,3184505423.4375,40848101.34527728,False,3184505423.4375,724426312.5,1046251174.21875,482000362.5,1567426230.46875,6107820761.71875,MISSING
transfer_fixed_five,B2-rank3-q1-r4-K2,215212e37d35f0277d90e0dfb354ff27c6334677ddc57b31f4e702fb709a928b,0.029280446954935396,0.005256376547101335,True,0.0037168195009252836,0.00026014045149713727,1.0620308450250202,0.01698758309708253,0.020444262146510676,34255,23651,57906,361480014.5625,2311113.534059748,True,361480014.5625,149348621.8125,194014053.0,157060977.1875,325138570.875,688556626.875,MISSING
transfer_fixed_five,B2-rank3-q1-r8-K2,1e063a21340c2fb397fe431779fa0bb1d2fba619b736361014296303c8f0e3e9,0.029280446954935396,0.005256157396431461,True,0.0037166645380005137,0.0002610609785499429,1.0307583312111528,0.0169877380600073,0.02044334161945787,32267,22280,54547,362763118.90625,3636542.993117547,True,362763118.90625,146668360.03125,191033821.5625,152632733.5625,319347116.09375,692576440.625,MISSING
transfer_fixed_five,B0-rank6-q1-r0-K0,d9ae4b8645a032031fc003c9e7268010e6a5c5734c6da898043c748bd900aa64,0.029280446954935396,0.009976267821590988,True,0.007054286627580134,0.0006265786540605722,1.0,0.01365011597042768,0.02007782394394724,47037,21741,68778,720174438.0,0.0,False,720174438.0,324700938.0,412943112.0,350699022.0,706143726.0,1372602546.0,MISSING
transfer_fixed_five,B1-rank12-q1-r0-K0,9a24146ac2b7dfd129fa7d49aa2d50772fc647424d2ab958638482cfac139529,0.029280446954935396,0.005265778433252583,True,0.0037234676383787746,0.0002615994585534187,1.0,0.01698093495962904,0.020442803139454395,30394,20972,51366,1029374640.0,0.0,False,1029374640.0,449606598.0,594818280.0,504979146.0,999787824.0,1968088290.0,MISSING
transfer_fixed_five,B3-rank0-q8-r32-K4,a090ea4c0aa58921cf4904fed6f6f74fac8d2e12f031736c8c94aa80754f295b,0.029280446954935396,6.247566909536482e-05,True,4.417696927649928e-05,3.5948699160792685e-06,1.47140967604679,0.020660225628731314,0.020700807728091734,44454,44279,88733,3121466111.4375,40039487.17669692,False,3121466111.4375,710085832.5,1025539966.21875,472458858.5,1536398030.46875,5986912561.71875,MISSING
transfer_fixed_five,B2-rank3-q1-r4-K2,215212e37d35f0277d90e0dfb354ff27c6334677ddc57b31f4e702fb709a928b,0.02957429961940374,0.005256376547101335,True,0.0037168195009252836,0.00026014045149713727,1.0620308450250202,0.01719536830879783,0.020652047358225976,33432,23177,56609,353383451.53125,2259348.3585395,True,353383451.53125,146003456.15625,189668454.5,153543067.34375,317855996.9375,673134080.9375,MISSING
transfer_fixed_five,B2-rank3-q1-r8-K2,1e063a21340c2fb397fe431779fa0bb1d2fba619b736361014296303c8f0e3e9,0.02957429961940374,0.005256157396431461,True,0.0037166645380005137,0.0002610609785499429,1.0307583312111528,0.0171955232717226,0.02065112683117317,31492,21834,53326,354642896.5625,3555141.2845983524,True,354642896.5625,143385281.8125,186757650.625,149216146.625,312198733.4375,677073556.25,MISSING
transfer_fixed_five,B0-rank6-q1-r0-K0,d9ae4b8645a032031fc003c9e7268010e6a5c5734c6da898043c748bd900aa64,0.02957429961940374,0.009976267821590988,True,0.007054286627580134,0.0006265786540605722,1.0,0.01385790118214298,0.02028560915566254,45637,21298,66935,700876385.0,0.0,False,700876385.0,316000135.0,401877740.0,341301565.0,687221645.0,1335821795.0,MISSING
transfer_fixed_five,B1-rank12-q1-r0-K0,9a24146ac2b7dfd129fa7d49aa2d50772fc647424d2ab958638482cfac139529,0.02957429961940374,0.005265778433252583,True,0.0037234676383787746,0.0002615994585534187,1.0,0.01718872017134434,0.020650588351169695,29664,20552,50216,1006328640.0,0.0,False,1006328640.0,439540648.0,581501280.0,493673496.0,977404224.0,1924026040.0,MISSING
transfer_fixed_five,B3-rank0-q8-r32-K4,a090ea4c0aa58921cf4904fed6f6f74fac8d2e12f031736c8c94aa80754f295b,0.02957429961940374,6.247566909536482e-05,True,4.417696927649928e-05,3.5948699160792685e-06,1.47140967604679,0.020868010840446614,0.020908592939807034,43573,43404,86977,3059693214.1875,39247117.489181794,False,3059693214.1875,696033442.5,1005244831.59375,463109036.5,1505993164.84375,5868433321.09375,MISSING
transfer_fixed_five,B2-rank3-q1-r4-K2,215212e37d35f0277d90e0dfb354ff27c6334677ddc57b31f4e702fb709a928b,0.029871101329989713,0.005256376547101335,True,0.0037168195009252836,0.00026014045149713727,1.0620308450250202,0.01740523881102094,0.020861917860449088,32631,22713,55344,345486649.5,2208860.3500328586,True,345486649.5,142740823.5,185430072.0,150111952.5,310753101.0,658092045.0,MISSING
transfer_fixed_five,B2-rank3-q1-r8-K2,1e063a21340c2fb397fe431779fa0bb1d2fba619b736361014296303c8f0e3e9,0.029871101329989713,0.005256157396431461,True,0.0037166645380005137,0.0002610609785499429,1.0307583312111528,0.01740539377394571,0.020860997333396282,30737,21397,52134,346715537.8125,3475672.949991571,True,346715537.8125,140180180.0625,182583043.125,145880707.125,305220132.1875,661938881.25,MISSING
transfer_fixed_five,B0-rank6-q1-r0-K0,d9ae4b8645a032031fc003c9e7268010e6a5c5734c6da898043c748bd900aa64,0.029871101329989713,0.009976267821590988,True,0.007054286627580134,0.0006265786540605722,1.0,0.014067771684366091,0.020495479657885653,44285,20864,65149,682175179.0,0.0,False,682175179.0,307568429.0,391154596.0,332194751.0,668884783.0,1300178593.0,MISSING
transfer_fixed_five,B1-rank12-q1-r0-K0,9a24146ac2b7dfd129fa7d49aa2d50772fc647424d2ab958638482cfac139529,0.029871101329989713,0.005265778433252583,True,0.0037234676383787746,0.0002615994585534187,1.0,0.01739859067356745,0.020860458853392806,28952,20140,49092,983803680.0,0.0,False,983803680.0,429702276.0,568485360.0,482623452.0,955526688.0,1880959980.0,MISSING
transfer_fixed_five,B3-rank0-q8-r32-K4,a090ea4c0aa58921cf4904fed6f6f74fac8d2e12f031736c8c94aa80754f295b,0.029871101329989713,6.247566909536482e-05,True,4.417696927649928e-05,3.5948699160792685e-06,1.47140967604679,0.021077881342669726,0.021118463442030146,42709,42545,85254,2999081197.125,38469638.57597646,False,2999081197.125,682245135.0,985331097.5625,453934923.0,1476159689.0625,5752180626.5625,MISSING
transfer_fixed_five,B2-rank3-q1-r4-K2,215212e37d35f0277d90e0dfb354ff27c6334677ddc57b31f4e702fb709a928b,0.030170881682725813,0.005256376547101335,True,0.0037168195009252836,0.00026014045149713727,1.0620308450250202,0.017617215531307132,0.02107389458073528,31850,22259,54109,337777123.40625,2159569.6856014733,True,337777123.40625,139555565.53125,181292204.5,146762207.96875,303818653.1875,643406737.1875,MISSING
transfer_fixed_five,B2-rank3-q1-r8-K2,1e063a21340c2fb397fe431779fa0bb1d2fba619b736361014296303c8f0e3e9,0.030170881682725813,0.005256157396431461,True,0.0037166645380005137,0.0002610609785499429,1.0307583312111528,0.017617370494231902,0.021072974053682473,30002,20969,50971,338981042.65625,3398137.9892972023,True,338981042.65625,137053054.78125,178509999.0625,142626415.0625,298411312.34375,647172415.625,MISSING
transfer_fixed_five,B0-rank6-q1-r0-K0,d9ae4b8645a032031fc003c9e7268010e6a5c5734c6da898043c748bd900aa64,0.030170881682725813,0.009976267821590988,True,0.007054286627580134,0.0006265786540605722,1.0,0.014279748404652282,0.020707456378171844,42980,20439,63419,664060349.0,0.0,False,664060349.0,299401099.0,380767676.0,323373481.0,651122873.0,1265652983.0,MISSING
transfer_fixed_five,B1-rank12-q1-r0-K0,9a24146ac2b7dfd129fa7d49aa2d50772fc647424d2ab958638482cfac139529,0.030170881682725813,0.005265778433252583,True,0.0037234676383787746,0.0002615994585534187,1.0,0.01761056739385364,0.021072435573678997,28260,19737,47997,961859880.0,0.0,False,961859880.0,420117741.0,555805260.0,471858507.0,934213608.0,1839005055.0,MISSING
transfer_fixed_five,B3-rank0-q8-r32-K4,a090ea4c0aa58921cf4904fed6f6f74fac8d2e12f031736c8c94aa80754f295b,0.030170881682725813,6.247566909536482e-05,True,4.417696927649928e-05,3.5948699160792685e-06,1.47140967604679,0.021289858062955917,0.021330440162316337,41863,41704,83567,2939735594.8125,37708404.14383636,False,2939735594.8125,668744917.5,965833436.90625,444952491.5,1446949547.65625,5638356891.40625,MISSING
transfer_fixed_five,B2-rank3-q1-r4-K2,215212e37d35f0277d90e0dfb354ff27c6334677ddc57b31f4e702fb709a928b,0.03047367057066435,0.005256376547101335,True,0.0037168195009252836,0.00026014045149713727,1.0620308450250202,0.017831319607236405,0.02128799865666455,31090,21813,52903,330248630.71875,2111436.4537761696,True,330248630.71875,136445103.09375,177251501.5,143491121.40625,297047038.5625,629066266.5625,MISSING
transfer_fixed_five,B2-rank3-q1-r8-K2,1e063a21340c2fb397fe431779fa0bb1d2fba619b736361014296303c8f0e3e9,0.03047367057066435,0.005256157396431461,True,0.0037166645380005137,0.0002610609785499429,1.0307583312111528,0.017831474570161175,0.021287078129611746,29285,20549,49834,331419459.6875,3322336.3983174115,True,331419459.6875,133995839.4375,174528011.875,139444875.875,291754710.3125,632736068.75,MISSING
transfer_fixed_five,B0-rank6-q1-r0-K0,d9ae4b8645a032031fc003c9e7268010e6a5c5734c6da898043c748bd900aa64,0.03047367057066435,0.009976267821590988,True,0.007054286627580134,0.0006265786540605722,1.0,0.014493852480581555,0.020921560454101117,41720,20023,61743,646510953.0,0.0,False,646510953.0,291488703.0,370704972.0,314827557.0,633915381.0,1232205051.0,MISSING
transfer_fixed_five,B1-rank12-q1-r0-K0,9a24146ac2b7dfd129fa7d49aa2d50772fc647424d2ab958638482cfac139529,0.03047367057066435,0.005265778433252583,True,0.0037234676383787746,0.0002615994585534187,1.0,0.017824671469782914,0.02128653964960827,27585,19342,46927,940417080.0,0.0,False,940417080.0,410752031.0,543414660.0,461339337.0,913387128.0,1798008005.0,MISSING
transfer_fixed_five,B3-rank0-q8-r32-K4,a090ea4c0aa58921cf4904fed6f6f74fac8d2e12f031736c8c94aa80754f295b,0.03047367057066435,6.247566909536482e-05,True,4.417696927649928e-05,3.5948699160792685e-06,1.47140967604679,0.02150396213888519,0.02154454423824561,41034,40879,81913,2881550872.6875,36962060.48600605,False,2881550872.6875,655508782.5,946717176.84375,436145768.5,1418310796.09375,5526759702.34375,MISSING
transfer_fixed_five,B2-rank3-q1-r4-K2,215212e37d35f0277d90e0dfb354ff27c6334677ddc57b31f4e702fb709a928b,0.03077949818685826,0.005256376547101335,True,0.0037168195009252836,0.00026014045149713727,1.0620308450250202,0.018047572388521234,0.02150425143794938,30349,21377,51726,322901171.4375,2064460.6545569464,True,322901171.4375,133409436.1875,173307963.0,140298692.8125,290438257.125,615070633.125,MISSING
transfer_fixed_five,B2-rank3-q1-r8-K2,1e063a21340c2fb397fe431779fa0bb1d2fba619b736361014296303c8f0e3e9,0.03077949818685826,0.005256157396431461,True,0.0037166645380005137,0.0002610609785499429,1.0307583312111528,0.018047727351446004,0.021503330910896575,28588,20138,48726,324050740.3125,3248468.181250034,True,324050740.3125,131016600.5625,170647588.125,136344484.125,285267889.6875,618667931.25,MISSING
transfer_fixed_five,B0-rank6-q1-r0-K0,d9ae4b8645a032031fc003c9e7268010e6a5c5734c6da898043c748bd900aa64,0.03077949818685826,0.009976267821590988,True,0.007054286627580134,0.0006265786540605722,1.0,0.014710105261866384,0.021137813235385945,40502,19615,60117,629485107.0,0.0,False,629485107.0,283812357.0,360942468.0,306536583.0,617221239.0,1199754969.0,MISSING
transfer_fixed_five,B1-rank12-q1-r0-K0,9a24146ac2b7dfd129fa7d49aa2d50772fc647424d2ab958638482cfac139529,0.03077949818685826,0.005265778433252583,True,0.0037234676383787746,0.0002615994585534187,1.0,0.018040924251067743,0.0215027924308931,26927,18955,45882,919475280.0,0.0,False,919475280.0,401605146.0,531313560.0,451065942.0,893047248.0,1757968830.0,MISSING
transfer_fixed_five,B3-rank0-q8-r32-K4,a090ea4c0aa58921cf4904fed6f6f74fac8d2e12f031736c8c94aa80754f295b,0.03077949818685826,6.247566909536482e-05,True,4.417696927649928e-05,3.5948699160792685e-06,1.47140967604679,0.021720214920170018,0.021760797019530438,40221,40071,80292,2824527030.75,36230607.60248554,False,2824527030.75,642536730.0,927982317.375,427514754.0,1390243434.375,5417389059.375,MISSING
transfer_fixed_five,B2-rank3-q1-r4-K2,215212e37d35f0277d90e0dfb354ff27c6334677ddc57b31f4e702fb709a928b,0.031088395027371894,0.005256376547101335,True,0.0037168195009252836,0.00026014045149713727,1.0620308450250202,0.018265995439135527,0.021722674488563673,29628,20949,50577,315728503.03125,2018602.3764746294,True,315728503.03125,130445985.65625,169458238.5,137182209.84375,283986693.9375,601407945.9375,MISSING
transfer_fixed_five,B2-rank3-q1-r8-K2,1e063a21340c2fb397fe431779fa0bb1d2fba619b736361014296303c8f0e3e9,0.031088395027371894,0.005256157396431461,True,0.0037166645380005137,0.0002610609785499429,1.0307583312111528,0.018266150402060297,0.021721753961510867,27908,19735,47643,316848282.65625,3176266.665831289,True,316848282.65625,128104582.78125,166854719.0625,133314047.0625,278927432.34375,604917215.625,MISSING
transfer_fixed_five,B0-rank6-q1-r0-K0,d9ae4b8645a032031fc003c9e7268010e6a5c5734c6da898043c748bd900aa64,0.031088395027371894,0.009976267821590988,True,0.007054286627580134,0.0006265786540605722,1.0,0.014928528312480677,0.021356236286000238,39326,19216,58542,612993282.0,0.0,False,612993282.0,276376782.0,351486168.0,298505658.0,601050714.0,1168322694.0,MISSING
transfer_fixed_five,B1-rank12-q1-r0-K0,9a24146ac2b7dfd129fa7d49aa2d50772fc647424d2ab958638482cfac139529,0.031088395027371894,0.005265778433252583,True,0.0037234676383787746,0.0002615994585534187,1.0,0.018259347301682036,0.02172121548150739,26287,18576,44863,899054520.0,0.0,False,899054520.0,392685839.0,519513540.0,441048153.0,873213432.0,1718925845.0,MISSING
transfer_fixed_five,B3-rank0-q8-r32-K4,a090ea4c0aa58921cf4904fed6f6f74fac8d2e12f031736c8c94aa80754f295b,0.031088395027371894,6.247566909536482e-05,True,4.417696927649928e-05,3.5948699160792685e-06,1.47140967604679,0.02193863797078431,0.02197922007014473,39424,39278,78702,2768593712.625,35513143.022104524,False,2768593712.625,629812755.0,909605743.3125,419048799.0,1362712832.8125,5310110020.3125,MISSING
transfer_fixed_five,B2-rank3-q1-r4-K2,215212e37d35f0277d90e0dfb354ff27c6334677ddc57b31f4e702fb709a928b,0.03140039189432196,0.005256376547101335,True,0.0037168195009252836,0.00026014045149713727,1.0620308450250202,0.018486610539464876,0.021943289588893022,28925,20530,49455,308724382.96875,1973821.708060043,True,308724382.96875,127552172.34375,165698977.5,134138960.15625,277686734.0625,588066314.0625,MISSING
transfer_fixed_five,B2-rank3-q1-r8-K2,1e063a21340c2fb397fe431779fa0bb1d2fba619b736361014296303c8f0e3e9,0.03140039189432196,0.005256157396431461,True,0.0037166645380005137,0.0002610609785499429,1.0307583312111528,0.018486765502389646,0.021942369061840217,27246,19340,46586,309818737.1875,3105798.520127121,True,309818737.1875,125262474.9375,163152906.875,130356362.875,272739192.8125,591496618.75,MISSING
transfer_fixed_five,B0-rank6-q1-r0-K0,d9ae4b8645a032031fc003c9e7268010e6a5c5734c6da898043c748bd900aa64,0.03140039189432196,0.009976267821590988,True,0.007054286627580134,0.0006265786540605722,1.0,0.015149143412810026,0.021576851386329587,38189,18825,57014,596993594.0,0.0,False,596993594.0,269163094.0,342312056.0,290714386.0,585362738.0,1137828398.0,MISSING
transfer_fixed_five,B1-rank12-q1-r0-K0,9a24146ac2b7dfd129fa7d49aa2d50772fc647424d2ab958638482cfac139529,0.03140039189432196,0.005265778433252583,True,0.0037234676383787746,0.0002615994585534187,1.0,0.018479962402011385,0.02194183058183674,25663,18204,43867,879094680.0,0.0,False,879094680.0,383967851.0,507979860.0,431256477.0,853827288.0,1680764105.0,MISSING
transfer_fixed_five,B3-rank0-q8-r32-K4,a090ea4c0aa58921cf4904fed6f6f74fac8d2e12f031736c8c94aa80754f295b,0.03140039189432196,6.247566909536482e-05,True,4.417696927649928e-05,3.5948699160792685e-06,1.47140967604679,0.02215925307111366,0.02219983517047408,38643,38502,77145,2713821274.6875,34810569.21603332,False,2713821274.6875,617352862.5,891610569.84375,410758552.5,1335753621.09375,5205057527.34375,MISSING
transfer_fixed_five,B2-rank3-q1-r4-K2,215212e37d35f0277d90e0dfb354ff27c6334677ddc57b31f4e702fb709a928b,0.031715519898949,0.005256376547101335,True,0.0037168195009252836,0.00026014045149713727,1.0620308450250202,0.018709439688478442,0.02216611873790659,28240,20119,48359,301882568.71875,1930078.737844012,True,301882568.71875,124725417.09375,162026829.5,131166231.40625,271532762.5625,575033846.5625,MISSING
transfer_fixed_five,B2-rank3-q1-r8-K2,1e063a21340c2fb397fe431779fa0bb1d2fba619b736361014296303c8f0e3e9,0.031715519898949,0.005256157396431461,True,0.0037166645380005137,0.0002610609785499429,1.0307583312111528,0.018709594651403212,0.022165198210853783,26601,18953,45554,302955453.4375,3036997.076071585,True,302955453.4375,122487588.1875,159538649.375,127468633.375,266697316.5625,578393443.75,MISSING
transfer_fixed_five,B0-rank6-q1-r0-K0,d9ae4b8645a032031fc003c9e7268010e6a5c5734c6da898043c748bd900aa64,0.031715519898949,0.009976267821590988,True,0.007054286627580134,0.0006265786540605722,1.0,0.015371972561823592,0.021799680535343154,37090,18442,55532,581475572.0,0.0,False,581475572.0,262166572.0,333414128.0,283157668.0,570147044.0,1108252124.0,MISSING
transfer_fixed_five,B1-rank12-q1-r0-K0,9a24146ac2b7dfd129fa7d49aa2d50772fc647424d2ab958638482cfac139529,0.031715519898949,0.005265778433252583,True,0.0037234676383787746,0.0002615994585534187,1.0,0.01870279155102495,0.022164659730850307,25055,17840,42895,859615800.0,0.0,False,859615800.0,375459935.0,496724100.0,421700745.0,834908280.0,1643521925.0,MISSING
transfer_fixed_five,B3-rank0-q8-r32-K4,a090ea4c0aa58921cf4904fed6f6f74fac8d2e12f031736c8c94aa80754f295b,0.031715519898949,6.247566909536482e-05,True,4.417696927649928e-05,3.5948699160792685e-06,1.47140967604679,0.022382082220127227,0.022422664319487647,37877,37740,75617,2660069004.1875,34121081.24193131,False,2660069004.1875,605125042.5,873950566.59375,402622716.5,1309296539.84375,5101961696.09375,MISSING
transfer_fixed_five,B2-rank3-q1-r4-K2,215212e37d35f0277d90e0dfb354ff27c6334677ddc57b31f4e702fb709a928b,0.03203381046471968,0.005256376547101335,True,0.0037168195009252836,0.00026014045149713727,1.0620308450250202,0.01893450510592259,0.022391184155350737,27573,19717,47290,295209302.8125,1887413.377295712,True,295209302.8125,121968299.0625,158445145.0,128266735.9375,265530394.375,562322434.375,MISSING
transfer_fixed_five,B2-rank3-q1-r8-K2,1e063a21340c2fb397fe431779fa0bb1d2fba619b736361014296303c8f0e3e9,0.03203381046471968,0.005256157396431461,True,0.0037166645380005137,0.0002610609785499429,1.0307583312111528,0.01893466006884736,0.02239026362829793,25972,18574,44546,296251780.9375,2969795.665598736,True,296251780.9375,119777233.6875,156008444.375,124648060.375,260795949.0625,565594993.75,MISSING
transfer_fixed_five,B0-rank6-q1-r0-K0,d9ae4b8645a032031fc003c9e7268010e6a5c5734c6da898043c748bd900aa64,0.03203381046471968,0.009976267821590988,True,0.007054286627580134,0.0006265786540605722,1.0,0.015597037979267741,0.022024745952787302,36027,18067,54094,566418274.0,0.0,False,566418274.0,255377774.0,324780376.0,275825306.0,555383098.0,1079553958.0,MISSING
transfer_fixed_five,B1-rank12-q1-r0-K0,9a24146ac2b7dfd129fa7d49aa2d50772fc647424d2ab958638482cfac139529,0.03203381046471968,0.005265778433252583,True,0.0037234676383787746,0.0002615994585534187,1.0,0.0189278569684691,0.022389725148294456,24463,17483,41946,840597840.0,0.0,False,840597840.0,367153338.0,485734680.0,412371126.0,816436944.0,1607160990.0,MISSING
transfer_fixed_five,B3-rank0-q8-r32-K4,a090ea4c0aa58921cf4904fed6f6f74fac8d2e12f031736c8c94aa80754f295b,0.03203381046471968,6.247566909536482e-05,True,4.417696927649928e-05,3.5948699160792685e-06,1.47140967604679,0.022607147637571375,0.022647729736931795,37127,36994,74121,2607442435.6875,33446032.80655396,False,2607442435.6875,593153302.5,856660406.34375,394657264.5,1283393533.59375,5001024939.84375,MISSING
transfer_fixed_five,B2-rank3-q1-r4-K2,215212e37d35f0277d90e0dfb354ff27c6334677ddc57b31f4e702fb709a928b,0.03235529533046026,0.005256376547101335,True,0.0037168195009252836,0.00026014045149713727,1.0620308450250202,0.019161829234536604,0.02261850828396475,26922,19322,46244,288679615.125,1845665.9805384416,True,288679615.125,119270501.625,154940522.0,125429624.375,259657169.75,549884513.75,MISSING
transfer_fixed_five,B2-rank3-q1-r8-K2,1e063a21340c2fb397fe431779fa0bb1d2fba619b736361014296303c8f0e3e9,0.03235529533046026,0.005256157396431461,True,0.0037166645380005137,0.0002610609785499429,1.0307583312111528,0.019161984197461374,0.022617587756911944,25360,18203,43563,289714370.15625,2904260.9567745193,True,289714370.15625,117134100.28125,152565794.0625,121897442.0625,255040944.84375,553113965.625,MISSING
transfer_fixed_five,B0-rank6-q1-r0-K0,d9ae4b8645a032031fc003c9e7268010e6a5c5734c6da898043c748bd900aa64,0.03235529533046026,0.009976267821590988,True,0.007054286627580134,0.0006265786540605722,1.0,0.015824362107881754,0.022252070081401315,34999,17700,52699,551811229.0,0.0,False,551811229.0,248791979.0,316404796.0,268712201.0,541060633.0,1051713943.0,MISSING
transfer_fixed_five,B1-rank12-q1-r0-K0,9a24146ac2b7dfd129fa7d49aa2d50772fc647424d2ab958638482cfac139529,0.03235529533046026,0.005265778433252583,True,0.0037234676383787746,0.0002615994585534187,1.0,0.019155181097083113,0.02261704927690847,23886,17133,41019,822020760.0,0.0,False,822020760.0,359039307.0,475000020.0,403257789.0,798393816.0,1571642985.0,MISSING
transfer_fixed_five,B3-rank0-q8-r32-K4,a090ea4c0aa58921cf4904fed6f6f74fac8d2e12f031736c8c94aa80754f295b,0.03235529533046026,6.247566909536482e-05,True,4.417696927649928e-05,3.5948699160792685e-06,1.47140967604679,0.022834471766185388,0.022875053865545808,36391,36262,72653,2555800856.4375,32783618.967560675,False,2555800856.4375,581405632.5,839693858.71875,386840898.5,1257975342.96875,4901977374.21875,MISSING
transfer_fixed_five,B2-rank3-q1-r4-K2,215212e37d35f0277d90e0dfb354ff27c6334677ddc57b31f4e702fb709a928b,0.032680006553521476,0.005256376547101335,True,0.0037168195009252836,0.00026014045149713727,1.0620308450250202,0.019391434742290565,0.02284811379171871,26289,18936,45225,282318475.78125,1804996.1934489019,True,282318475.78125,116642341.40625,151526362.5,122665746.09375,253935548.4375,537767648.4375,MISSING
transfer_fixed_five,B2-rank3-q1-r8-K2,1e063a21340c2fb397fe431779fa0bb1d2fba619b736361014296303c8f0e3e9,0.032680006553521476,0.005256157396431461,True,0.0037166645380005137,0.0002610609785499429,1.0307583312111528,0.019391589705215335,0.022847193264665906,24763,17839,42602,283323269.6875,2840192.945401099,True,283323269.6875,114550121.4375,149200191.875,119208383.875,249414740.3125,540912268.75,MISSING
transfer_fixed_five,B0-rank6-q1-r0-K0,d9ae4b8645a032031fc003c9e7268010e6a5c5734c6da898043c748bd900aa64,0.032680006553521476,0.009976267821590988,True,0.007054286627580134,0.0006265786540605722,1.0,0.016053967615635715,0.022481675589155276,34005,17340,51345,537633495.0,0.0,False,537633495.0,242399745.0,308275380.0,261808155.0,527159115.0,1024692165.0,MISSING
transfer_fixed_five,B1-rank12-q1-r0-K0,9a24146ac2b7dfd129fa7d49aa2d50772fc647424d2ab958638482cfac139529,0.032680006553521476,0.005265778433252583,True,0.0037234676383787746,0.0002615994585534187,1.0,0.019384786604837074,0.02284665478466243,23323,16791,40114,803884560.0,0.0,False,803884560.0,351117842.0,464520120.0,394360734.0,780778896.0,1536967910.0,MISSING
transfer_fixed_five,B3-rank0-q8-r32-K4,a090ea4c0aa58921cf4904fed6f6f74fac8d2e12f031736c8c94aa80754f295b,0.032680006553521476,6.247566909536482e-05,True,4.417696927649928e-05,3.5948699160792685e-06,1.47140967604679,0.02306407727393935,0.02310465937329977,35670,35545,71215,2505214622.8125,32134742.196121752,False,2505214622.8125,569898037.5,823074038.90625,379184267.5,1233076597.65625,4804953941.40625,MISSING
transfer_fixed_five,B2-rank3-q1-r4-K2,215212e37d35f0277d90e0dfb354ff27c6334677ddc57b31f4e702fb709a928b,0.03300797651297513,0.005256376547101335,True,0.0037168195009252836,0.00026014045149713727,1.0620308450250202,0.01962334452464572,0.023080023574073866,25671,18557,44228,276094672.125,1765204.458681217,True,276094672.125,114070922.625,148185914.0,119961539.375,248337455.75,525912383.75,MISSING
transfer_fixed_five,B2-rank3-q1-r8-K2,1e063a21340c2fb397fe431779fa0bb1d2fba619b736361014296303c8f0e3e9,0.03300797651297513,0.005256157396431461,True,0.0037166645380005137,0.0002610609785499429,1.0307583312111528,0.01962349948757049,0.02307910304702106,24181,17482,41663,277078479.53125,2777591.631478475,True,277078479.53125,112025297.15625,145911637.8125,116580885.8125,243917335.46875,528989903.125,MISSING
transfer_fixed_five,B0-rank6-q1-r0-K0,d9ae4b8645a032031fc003c9e7268010e6a5c5734c6da898043c748bd900aa64,0.03300797651297513,0.009976267821590988,True,0.007054286627580134,0.0006265786540605722,1.0,0.01628587739799087,0.02271358537151043,33044,16988,50032,523885072.0,0.0,False,523885072.0,236201072.0,300392128.0,255113168.0,513678544.0,998488624.0,MISSING
transfer_fixed_five,B1-rank12-q1-r0-K0,9a24146ac2b7dfd129fa7d49aa2d50772fc647424d2ab958638482cfac139529,0.03300797651297513,0.005265778433252583,True,0.0037234676383787746,0.0002615994585534187,1.0,0.01961669638719223,0.023078564567017585,22775,16455,39230,786169200.0,0.0,False,786169200.0,343380190.0,454283400.0,385670130.0,763572720.0,1503097450.0,MISSING
transfer_fixed_five,B3-rank0-q8-r32-K4,a090ea4c0aa58921cf4904fed6f6f74fac8d2e12f031736c8c94aa80754f295b,0.03300797651297513,6.247566909536482e-05,True,4.417696927649928e-05,3.5948699160792685e-06,1.47140967604679,0.023295987056294504,0.023336569155654924,34964,34842,69806,2455648556.625,31498951.25665204,False,2455648556.625,558622515.0,806789389.3125,371682047.0,1208679982.8125,4709887170.3125,MISSING
transfer_fixed_five,B2-rank3-q1-r4-K2,215212e37d35f0277d90e0dfb354ff27c6334677ddc57b31f4e702fb709a928b,0.0333392379128429,0.005256376547101335,True,0.0037168195009252836,0.00026014045149713727,1.0620308450250202,0.019857581706837567,0.023314260756265713,25069,18186,43255,270020689.21875,1726370.599173737,True,270020689.21875,111561403.59375,144925877.5,117322428.90625,242874121.5625,514342501.5625,MISSING
transfer_fixed_five,B2-rank3-q1-r8-K2,1e063a21340c2fb397fe431779fa0bb1d2fba619b736361014296303c8f0e3e9,0.0333392379128429,0.005256157396431461,True,0.0037166645380005137,0.0002610609785499429,1.0307583312111528,0.019857736669762337,0.023313340229212907,23614,17133,40747,270986650.15625,2716523.683072592,True,270986650.15625,109562316.28125,142703634.0625,114017746.0625,238554584.84375,517359565.625,MISSING
transfer_fixed_five,B0-rank6-q1-r0-K0,d9ae4b8645a032031fc003c9e7268010e6a5c5734c6da898043c748bd900aa64,0.0333392379128429,0.009976267821590988,True,0.007054286627580134,0.0006265786540605722,1.0,0.016520114580182717,0.022947822553702278,32113,16643,48756,510524076.0,0.0,False,510524076.0,230177076.0,292731024.0,248606844.0,500577852.0,973023492.0,MISSING
transfer_fixed_five,B1-rank12-q1-r0-K0,9a24146ac2b7dfd129fa7d49aa2d50772fc647424d2ab958638482cfac139529,0.0333392379128429,0.005265778433252583,True,0.0037234676383787746,0.0002615994585534187,1.0,0.019850933569384076,0.02331280174920943,22241,16126,38367,768874680.0,0.0,False,768874680.0,335826351.0,444289860.0,377185977.0,746775288.0,1470031605.0,MISSING
transfer_fixed_five,B3-rank0-q8-r32-K4,a090ea4c0aa58921cf4904fed6f6f74fac8d2e12f031736c8c94aa80754f295b,0.0333392379128429,6.247566909536482e-05,True,4.417696927649928e-05,3.5948699160792685e-06,1.47140967604679,0.02353022423848635,0.02357080633784677,34271,34153,68424,2407032301.5,30875343.67798125,False,2407032301.5,547563060.0,790816794.75,364323588.0,1184750868.75,4616642118.75,MISSING
transfer_fixed_five,B2-rank3-q1-r4-K2,215212e37d35f0277d90e0dfb354ff27c6334677ddc57b31f4e702fb709a928b,0.03367382378535745,0.005256376547101335,True,0.0037168195009252836,0.00026014045149713727,1.0620308450250202,0.020094169646181825,0.02355084869560997,24482,17823,42305,264090284.53125,1688454.7034572868,True,264090284.53125,109111205.15625,141742902.5,114745702.34375,237539930.9375,503046110.9375,MISSING
transfer_fixed_five,B2-rank3-q1-r8-K2,1e063a21340c2fb397fe431779fa0bb1d2fba619b736361014296303c8f0e3e9,0.03367382378535745,0.005256157396431461,True,0.0037166645380005137,0.0002610609785499429,1.0307583312111528,0.020094324609106595,0.023549928168557166,23061,16790,39851,265027830.15625,2656789.0959856156,True,265027830.15625,107153112.28125,139565674.0625,111510570.0625,233308924.84375,505983165.625,MISSING
transfer_fixed_five,B0-rank6-q1-r0-K0,d9ae4b8645a032031fc003c9e7268010e6a5c5734c6da898043c748bd900aa64,0.03367382378535745,0.009976267821590988,True,0.007054286627580134,0.0006265786540605722,1.0,0.016756702519526975,0.023184410493046537,31213,16305,47518,497560978.0,0.0,False,497560978.0,224332478.0,285298072.0,242294282.0,487867306.0,948316726.0,MISSING
transfer_fixed_five,B1-rank12-q1-r0-K0,9a24146ac2b7dfd129fa7d49aa2d50772fc647424d2ab958638482cfac139529,0.03367382378535745,0.005265778433252583,True,0.0037234676383787746,0.0002615994585534187,1.0,0.020087521508728334,0.02354938968855369,21720,15804,37524,751980960.0,0.0,False,751980960.0,328447572.0,434527920.0,368898444.0,730367136.0,1437732060.0,MISSING
transfer_fixed_five,B3-rank0-q8-r32-K4,a090ea4c0aa58921cf4904fed6f6f74fac8d2e12f031736c8c94aa80754f295b,0.03367382378535745,6.247566909536482e-05,True,4.417696927649928e-05,3.5948699160792685e-06,1.47140967604679,0.02376681217783061,0.02380739427719103,33592,33478,67070,2359401035.625,30264370.69569453,False,2359401035.625,536727675.0,775167812.8125,357114215.0,1161306570.3125,4525286257.8125,MISSING
transfer_fixed_five,B2-rank3-q1-r4-K2,215212e37d35f0277d90e0dfb354ff27c6334677ddc57b31f4e702fb709a928b,0.03401176749425622,0.005256376547101335,True,0.0037168195009252836,0.00026014045149713727,1.0620308450250202,0.020333131934403476,0.023789810983831622,23910,17467,41377,258297215.53125,1651416.8600626912,True,258297215.53125,106717748.15625,138633638.5,112228647.34375,232329268.9375,492011320.9375,MISSING
transfer_fixed_five,B2-rank3-q1-r8-K2,1e063a21340c2fb397fe431779fa0bb1d2fba619b736361014296303c8f0e3e9,0.03401176749425622,0.005256157396431461,True,0.0037166645380005137,0.0002610609785499429,1.0307583312111528,0.020333286897328245,0.023788890456778816,22522,16454,38976,259208670.0,2598454.5382834896,True,259208670.0,104800374.0,136501260.0,109062156.0,228186210.0,494873400.0,MISSING
transfer_fixed_five,B0-rank6-q1-r0-K0,d9ae4b8645a032031fc003c9e7268010e6a5c5734c6da898043c748bd900aa64,0.03401176749425622,0.009976267821590988,True,0.007054286627580134,0.0006265786540605722,1.0,0.016995664807748626,0.023423372781268187,30341,15974,46315,484964365.0,0.0,False,484964365.0,218653115.0,278075260.0,236160185.0,475516105.0,924308455.0,MISSING
transfer_fixed_five,B1-rank12-q1-r0-K0,9a24146ac2b7dfd129fa7d49aa2d50772fc647424d2ab958638482cfac139529,0.03401176749425622,0.005265778433252583,True,0.0037234676383787746,0.0002615994585534187,1.0,0.020326483796949985,0.02378835197677534,21212,15488,36700,735468000.0,0.0,False,735468000.0,321235100.0,424986000.0,360797700.0,714328800.0,1406160500.0,MISSING
transfer_fixed_five,B3-rank0-q8-r32-K4,a090ea4c0aa58921cf4904fed6f6f74fac8d2e12f031736c8c94aa80754f295b,0.03401176749425622,6.247566909536482e-05,True,4.417696927649928e-05,3.5948699160792685e-06,1.47140967604679,0.02400577446605226,0.02404635656541268,32927,32816,65743,2312719580.8125,29665581.07420673,False,2312719580.8125,526108357.5,759830885.90625,350048603.5,1138329772.65625,4435752116.40625,MISSING
transfer_fixed_five,B2-rank3-q1-r4-K2,215212e37d35f0277d90e0dfb354ff27c6334677ddc57b31f4e702fb709a928b,0.03435310273810844,0.005256376547101335,True,0.0037168195009252836,0.00026014045149713727,1.0620308450250202,0.020574492399989347,0.024031171449417493,23352,17118,40470,252635239.6875,1615217.1575207755,True,252635239.6875,104378453.4375,135594735.0,109768551.5625,227236520.625,481226240.625,MISSING
transfer_fixed_five,B2-rank3-q1-r8-K2,1e063a21340c2fb397fe431779fa0bb1d2fba619b736361014296303c8f0e3e9,0.03435310273810844,0.005256157396431461,True,0.0037166645380005137,0.0002610609785499429,1.0307583312111528,0.020574647362914117,0.024030250922364688,21997,16126,38123,253535820.15625,2541586.6780321603,True,253535820.15625,102506790.28125,133513894.0625,106675302.0625,223192294.84375,484042965.625,MISSING
transfer_fixed_five,B0-rank6-q1-r0-K0,d9ae4b8645a032031fc003c9e7268010e6a5c5734c6da898043c748bd900aa64,0.03435310273810844,0.009976267821590988,True,0.007054286627580134,0.0006265786540605722,1.0,0.017237025273334497,0.02366473324685406,29498,15650,45148,472744708.0,0.0,False,472744708.0,213143708.0,271068592.0,230209652.0,463534516.0,901018636.0,MISSING
transfer_fixed_five,B1-rank12-q1-r0-K0,9a24146ac2b7dfd129fa7d49aa2d50772fc647424d2ab958638482cfac139529,0.03435310273810844,0.005265778433252583,True,0.0037234676383787746,0.0002615994585534187,1.0,0.020567844262535856,0.024029712442361212,20718,15178,35896,719355840.0,0.0,False,719355840.0,314197688.0,415675680.0,352893576.0,698679744.0,1375355240.0,MISSING
transfer_fixed_five,B3-rank0-q8-r32-K4,a090ea4c0aa58921cf4904fed6f6f74fac8d2e12f031736c8c94aa80754f295b,0.03435310273810844,6.247566909536482e-05,True,4.417696927649928e-05,3.5948699160792685e-06,1.47140967604679,0.02424713493163813,0.02428771703099855,32274,32167,64441,2266917580.6875,29078072.342347566,False,2266917580.6875,515689102.5,744782898.84375,343116104.5,1115785846.09375,4347904752.34375,MISSING
transfer_fixed_five,B2-rank3-q1-r4-K2,215212e37d35f0277d90e0dfb354ff27c6334677ddc57b31f4e702fb709a928b,0.034697863553675365,0.005256376547101335,True,0.0037168195009252836,0.00026014045149713727,1.0620308450250202,0.020818275110564124,0.02427495415999227,22809,16775,39584,247104357.0,1579855.5958315386,True,247104357.0,102093321.0,132626192.0,107365415.0,222261686.0,470690870.0,MISSING
transfer_fixed_five,B2-rank3-q1-r8-K2,1e063a21340c2fb397fe431779fa0bb1d2fba619b736361014296303c8f0e3e9,0.034697863553675365,0.005256157396431461,True,0.0037166645380005137,0.0002610609785499429,1.0307583312111528,0.020818430073488894,0.024274033632939465,21485,15803,37288,247982678.75,2485918.842967846,True,247982678.75,100261605.75,130589567.5,104338815.5,218303761.25,473441075.0,MISSING
transfer_fixed_five,B0-rank6-q1-r0-K0,d9ae4b8645a032031fc003c9e7268010e6a5c5734c6da898043c748bd900aa64,0.034697863553675365,0.009976267821590988,True,0.007054286627580134,0.0006265786540605722,1.0,0.017480807983909274,0.023908515957428836,28681,15333,44014,460870594.0,0.0,False,460870594.0,207790094.0,264260056.0,224427386.0,451891738.0,878387398.0,MISSING
transfer_fixed_five,B1-rank12-q1-r0-K0,9a24146ac2b7dfd129fa7d49aa2d50772fc647424d2ab958638482cfac139529,0.034697863553675365,0.005265778433252583,True,0.0037234676383787746,0.0002615994585534187,1.0,0.020811626973110633,0.02427349515293599,20235,14875,35110,703604400.0,0.0,False,703604400.0,307317830.0,406573800.0,345166410.0,683381040.0,1345239650.0,MISSING
transfer_fixed_five,B3-rank0-q8-r32-K4,a090ea4c0aa58921cf4904fed6f6f74fac8d2e12f031736c8c94aa80754f295b,0.034697863553675365,6.247566909536482e-05,True,4.417696927649928e-05,3.5948699160792685e-06,1.47140967604679,0.02449091764221291,0.02453149974157333,31635,31531,63166,2222065391.625,28502746.97128732,False,2222065391.625,505485915.0,730046966.8125,336327367.0,1093709420.3125,4261879107.8125,MISSING
transfer_fixed_five,B2-rank3-q1-r4-K2,215212e37d35f0277d90e0dfb354ff27c6334677ddc57b31f4e702fb709a928b,0.03504608431930436,0.005256376547101335,True,0.0037168195009252836,0.00026014045149713727,1.0620308450250202,0.021064504375290356,0.024521183424718502,22279,16440,38719,241704567.46875,1545332.1749949814,True,241704567.46875,99862350.84375,129728009.5,105019237.65625,217404765.0625,460405209.0625,MISSING
transfer_fixed_five,B2-rank3-q1-r8-K2,1e063a21340c2fb397fe431779fa0bb1d2fba619b736361014296303c8f0e3e9,0.03504608431930436,0.005256157396431461,True,0.0037166645380005137,0.0002610609785499429,1.0307583312111528,0.021064659338215126,0.024520262897665696,20986,15488,36474,242569197.1875,2431651.0372883826,True,242569197.1875,98072886.9375,127738786.875,102061090.875,213538172.8125,463105818.75,MISSING
transfer_fixed_five,B0-rank6-q1-r0-K0,d9ae4b8645a032031fc003c9e7268010e6a5c5734c6da898043c748bd900aa64,0.03504608431930436,0.009976267821590988,True,0.007054286627580134,0.0006265786540605722,1.0,0.017727037248635506,0.024154745222155067,27889,15022,42911,449321081.0,0.0,False,449321081.0,202582831.0,257637644.0,218803189.0,440567237.0,856374827.0,MISSING
transfer_fixed_five,B1-rank12-q1-r0-K0,9a24146ac2b7dfd129fa7d49aa2d50772fc647424d2ab958638482cfac139529,0.03504608431930436,0.005265778433252583,True,0.0037234676383787746,0.0002615994585534187,1.0,0.021057856237836865,0.02451972441766222,19765,14578,34343,688233720.0,0.0,False,688233720.0,300604279.0,397691940.0,337626033.0,668452152.0,1315852045.0,MISSING
transfer_fixed_five,B3-rank0-q8-r32-K4,a090ea4c0aa58921cf4904fed6f6f74fac8d2e12f031736c8c94aa80754f295b,0.03504608431930436,6.247566909536482e-05,True,4.417696927649928e-05,3.5948699160792685e-06,1.47140967604679,0.02473714690693914,0.02477772900629956,31008,30907,61915,2178057479.0625,27938251.254270565,False,2178057479.0625,495474787.5,715588417.03125,329666417.5,1072048550.78125,4177472769.53125,MISSING
transfer_fixed_five,B2-rank3-q1-r4-K2,215212e37d35f0277d90e0dfb354ff27c6334677ddc57b31f4e702fb709a928b,0.03539779975835689,0.005256376547101335,True,0.0037168195009252836,0.00026014045149713727,1.0620308450250202,0.021313204747292407,0.024769883796720554,21762,16112,37874,236429628.5625,1511606.9835419285,True,236429628.5625,97682963.8125,126896837.0,102727307.1875,212660142.875,450357366.875,MISSING
transfer_fixed_five,B2-rank3-q1-r8-K2,1e063a21340c2fb397fe431779fa0bb1d2fba619b736361014296303c8f0e3e9,0.03539779975835689,0.005256157396431461,True,0.0037166645380005137,0.0002610609785499429,1.0307583312111528,0.021313359710217177,0.024768963269667748,20499,15178,35677,237268773.59375,2378516.5887299897,True,237268773.59375,95929878.46875,124947543.4375,99830935.4375,208872111.40625,452986409.375,MISSING
transfer_fixed_five,B0-rank6-q1-r0-K0,d9ae4b8645a032031fc003c9e7268010e6a5c5734c6da898043c748bd900aa64,0.03539779975835689,0.009976267821590988,True,0.007054286627580134,0.0006265786540605722,1.0,0.017975737620637557,0.02440344559415712,27123,14717,41840,438106640.0,0.0,False,438106640.0,197526640.0,251207360.0,213342160.0,429571280.0,835000880.0,MISSING
transfer_fixed_five,B1-rank12-q1-r0-K0,9a24146ac2b7dfd129fa7d49aa2d50772fc647424d2ab958638482cfac139529,0.03539779975835689,0.005265778433252583,True,0.0037234676383787746,0.0002615994585534187,1.0,0.021306556609838916,0.024768424789664272,19306,14286,33592,673183680.0,0.0,False,673183680.0,294030776.0,388995360.0,330242952.0,653834688.0,1287077480.0,MISSING
transfer_fixed_five,B3-rank0-q8-r32-K4,a090ea4c0aa58921cf4904fed6f6f74fac8d2e12f031736c8c94aa80754f295b,0.03539779975835689,6.247566909536482e-05,True,4.417696927649928e-05,3.5948699160792685e-06,1.47140967604679,0.02498584727894119,0.02502642937830161,30394,30296,60690,2134964199.375,27385487.662467584,False,2134964199.375,485671725.0,701430364.6875,323143905.0,1050837867.1875,4094820679.6875,MISSING
transfer_fixed_five,B2-rank3-q1-r4-K2,215212e37d35f0277d90e0dfb354ff27c6334677ddc57b31f4e702fb709a928b,0.03575304494267115,0.005256376547101335,True,0.0037168195009252836,0.00026014045149713727,1.0620308450250202,0.021564401026104883,0.02502108007553303,21258,15790,37048,231273297.75,1478640.1100032043,True,231273297.75,95552580.75,124129324.0,100486911.25,208022204.5,440535452.5,MISSING
transfer_fixed_five,B2-rank3-q1-r8-K2,1e063a21340c2fb397fe431779fa0bb1d2fba619b736361014296303c8f0e3e9,0.03575304494267115,0.005256157396431461,True,0.0037166645380005137,0.0002610609785499429,1.0307583312111528,0.021564555989029652,0.025020159548480223,20024,14875,34899,232094708.90625,2326648.8334245565,True,232094708.90625,93837958.03125,122222841.5625,97653945.5625,204317286.09375,443108240.625,MISSING
transfer_fixed_five,B0-rank6-q1-r0-K0,d9ae4b8645a032031fc003c9e7268010e6a5c5734c6da898043c748bd900aa64,0.03575304494267115,0.009976267821590988,True,0.007054286627580134,0.0006265786540605722,1.0,0.018226933899450033,0.024654641872969594,26381,14419,40800,427216800.0,0.0,False,427216800.0,192616800.0,244963200.0,208039200.0,418893600.0,814245600.0,MISSING
transfer_fixed_five,B1-rank12-q1-r0-K0,9a24146ac2b7dfd129fa7d49aa2d50772fc647424d2ab958638482cfac139529,0.03575304494267115,0.005265778433252583,True,0.0037234676383787746,0.0002615994585534187,1.0,0.02155775288865139,0.025019621068476747,18859,14001,32860,658514400.0,0.0,False,658514400.0,287623580.0,380518800.0,323046660.0,639587040.0,1259030900.0,MISSING
transfer_fixed_five,B3-rank0-q8-r32-K4,a090ea4c0aa58921cf4904fed6f6f74fac8d2e12f031736c8c94aa80754f295b,0.03575304494267115,6.247566909536482e-05,True,4.417696927649928e-05,3.5948699160792685e-06,1.47140967604679,0.025237043557753667,0.025277625657114087,29792,29697,59489,2092715196.1875,26843553.72470809,False,2092715196.1875,476060722.5,687549694.59375,316749180.5,1030042739.84375,4013787896.09375,MISSING
transfer_fixed_five,B2-rank3-q1-r4-K2,215212e37d35f0277d90e0dfb354ff27c6334677ddc57b31f4e702fb709a928b,0.036111855296059196,0.005256376547101335,True,0.0037168195009252836,0.00026014045149713727,1.0620308450250202,0.021818118260145514,0.02527479730957366,20766,15475,36241,226235575.03125,1446431.5543788094,True,226235575.03125,93471201.65625,121425470.5,98298049.84375,203490949.9375,430939465.9375,MISSING
transfer_fixed_five,B2-rank3-q1-r8-K2,1e063a21340c2fb397fe431779fa0bb1d2fba619b736361014296303c8f0e3e9,0.036111855296059196,0.005256157396431461,True,0.0037166645380005137,0.0002610609785499429,1.0307583312111528,0.021818273223070284,0.025273876782520854,19561,14578,34139,227040352.65625,2275981.1033061384,True,227040352.65625,91794436.78125,119561179.0625,95527323.0625,199867842.34375,433458615.625,MISSING
transfer_fixed_five,B0-rank6-q1-r0-K0,d9ae4b8645a032031fc003c9e7268010e6a5c5734c6da898043c748bd900aa64,0.036111855296059196,0.009976267821590988,True,0.007054286627580134,0.0006265786540605722,1.0,0.018480651133490664,0.024908359107010225,25661,14126,39787,416609677.0,0.0,False,416609677.0,187834427.0,238881148.0,202873913.0,408493129.0,794029159.0,MISSING
transfer_fixed_five,B1-rank12-q1-r0-K0,9a24146ac2b7dfd129fa7d49aa2d50772fc647424d2ab958638482cfac139529,0.036111855296059196,0.005265778433252583,True,0.0037234676383787746,0.0002615994585534187,1.0,0.021811470122692023,0.02527333830251738,18422,13721,32143,644145720.0,0.0,False,644145720.0,281347679.0,372215940.0,315997833.0,625631352.0,1231559045.0,MISSING
transfer_fixed_five,B3-rank0-q8-r32-K4,a090ea4c0aa58921cf4904fed6f6f74fac8d2e12f031736c8c94aa80754f295b,0.036111855296059196,6.247566909536482e-05,True,4.417696927649928e-05,3.5948699160792685e-06,1.47140967604679,0.025490760791794298,0.025531342891154718,29202,29109,58311,2051275291.3125,26311998.205406945,False,2051275291.3125,466633777.5,673934849.15625,310476919.5,1009645853.90625,3934306947.65625,MISSING
transfer_fixed_five,B2-rank3-q1-r4-K2,215212e37d35f0277d90e0dfb354ff27c6334677ddc57b31f4e702fb709a928b,0.036474266597839325,0.005256376547101335,True,0.0037168195009252836,0.00026014045149713727,1.0620308450250202,0.022074381749212887,0.025531060798641033,20287,15165,35452,221310217.875,1414941.405199568,True,221310217.875,91436247.375,118781926.0,96158010.625,199060764.25,421557516.25,MISSING
transfer_fixed_five,B2-rank3-q1-r8-K2,1e063a21340c2fb397fe431779fa0bb1d2fba619b736361014296303c8f0e3e9,0.036474266597839325,0.005256157396431461,True,0.0037166645380005137,0.0002610609785499429,1.0307583312111528,0.022074536712137657,0.025530140271588227,19109,14287,33396,222099054.375,2226446.7303087907,True,222099054.375,89796625.875,116959053.75,93448269.75,195517925.625,424024837.5,MISSING
transfer_fixed_five,B0-rank6-q1-r0-K0,d9ae4b8645a032031fc003c9e7268010e6a5c5734c6da898043c748bd900aa64,0.036474266597839325,0.009976267821590988,True,0.007054286627580134,0.0006265786540605722,1.0,0.018736914622558037,0.025164622596077598,24964,13840,38804,406316684.0,0.0,False,406316684.0,183193684.0,232979216.0,197861596.0,398400668.0,774411428.0,MISSING
transfer_fixed_five,B1-rank12-q1-r0-K0,9a24146ac2b7dfd129fa7d49aa2d50772fc647424d2ab958638482cfac139529,0.036474266597839325,0.005265778433252583,True,0.0037234676383787746,0.0002615994585534187,1.0,0.022067733611759396,0.02552960179158475,17997,13447,31444,630137760.0,0.0,False,630137760.0,275229332.0,364121520.0,309125964.0,612026016.0,1204776860.0,MISSING
transfer_fixed_five,B3-rank0-q8-r32-K4,a090ea4c0aa58921cf4904fed6f6f74fac8d2e12f031736c8c94aa80754f295b,0.036474266597839325,6.247566909536482e-05,True,4.417696927649928e-05,3.5948699160792685e-06,1.47140967604679,0.02574702428086167,0.02578760638022209,28624,28534,57158,2010714841.125,25791723.575734425,False,2010714841.125,457406895.0,660608943.5625,304337771.0,989681839.0625,3856512776.5625,MISSING
transfer_fixed_five,B2-rank3-q1-r4-K2,215212e37d35f0277d90e0dfb354ff27c6334677ddc57b31f4e702fb709a928b,0.03684031498640387,0.005256376547101335,True,0.0037168195009252836,0.00026014045149713727,1.0620308450250202,0.02233321704700928,0.025789896096437427,19819,14863,34682,216503468.8125,1384209.5739346559,True,216503468.8125,89450297.0625,116202041.0,94069505.9375,194737262.375,412401494.375,MISSING
transfer_fixed_five,B2-rank3-q1-r8-K2,1e063a21340c2fb397fe431779fa0bb1d2fba619b736361014296303c8f0e3e9,0.03684031498640387,0.005256157396431461,True,0.0037166645380005137,0.0002610609785499429,1.0307583312111528,0.02233337200993405,0.02578897556938462,18669,14001,32670,217270814.0625,2178045.714432513,True,217270814.0625,87844525.3125,114416465.625,91416785.625,191267535.9375,414806906.25,MISSING
transfer_fixed_five,B0-rank6-q1-r0-K0,d9ae4b8645a032031fc003c9e7268010e6a5c5734c6da898043c748bd900aa64,0.03684031498640387,0.009976267821590988,True,0.007054286627580134,0.0006265786540605722,1.0,0.01899574992035443,0.025423457893873992,24289,13560,37849,396316879.0,0.0,False,396316879.0,178685129.0,227245396.0,192992051.0,388595683.0,755352493.0,MISSING
transfer_fixed_five,B1-rank12-q1-r0-K0,9a24146ac2b7dfd129fa7d49aa2d50772fc647424d2ab958638482cfac139529,0.03684031498640387,0.005265778433252583,True,0.0037234676383787746,0.0002615994585534187,1.0,0.02232656890955579,0.025788437089381146,17582,13179,30761,616450440.0,0.0,False,616450440.0,269251033.0,356212380.0,302411391.0,598732104.0,1178607715.0,MISSING
transfer_fixed_five,B3-rank0-q8-r32-K4,a090ea4c0aa58921cf4904fed6f6f74fac8d2e12f031736c8c94aa80754f295b,0.03684031498640387,6.247566909536482e-05,True,4.417696927649928e-05,3.5948699160792685e-06,1.47140967604679,0.026005859578658065,0.026046441678018485,28057,27969,56026,1970893132.875,25280924.893349957,False,1970893132.875,448348065.0,647525747.4375,298310437.0,970081435.9375,3780135498.4375,MISSING
transfer_fixed_five,B2-rank3-q1-r4-K2,215212e37d35f0277d90e0dfb354ff27c6334677ddc57b31f4e702fb709a928b,0.037210036962822775,0.005256376547101335,True,0.0037168195009252836,0.00026014045149713727,1.0620308450250202,0.022594649963688783,0.02605132901311693,19363,14566,33929,211802842.78125,1354156.2376457225,True,211802842.78125,87508192.40625,113679114.5,92027111.09375,190509214.4375,403447618.4375,MISSING
transfer_fixed_five,B2-rank3-q1-r8-K2,1e063a21340c2fb397fe431779fa0bb1d2fba619b736361014296303c8f0e3e9,0.037210036962822775,0.005256157396431461,True,0.0037166645380005137,0.0002610609785499429,1.0307583312111528,0.022594804926613553,0.026050408486064124,18240,13722,31962,212562282.1875,2130844.7237432497,True,212562282.1875,85940823.9375,111936916.875,89435668.875,187122527.8125,405817518.75,MISSING
transfer_fixed_five,B0-rank6-q1-r0-K0,d9ae4b8645a032031fc003c9e7268010e6a5c5734c6da898043c748bd900aa64,0.037210036962822775,0.009976267821590988,True,0.007054286627580134,0.0006265786540605722,1.0,0.019257182837033933,0.025684890810553494,23634,13285,36919,386578849.0,0.0,False,386578849.0,174294599.0,221661676.0,188249981.0,379047373.0,736792483.0,MISSING
transfer_fixed_five,B1-rank12-q1-r0-K0,9a24146ac2b7dfd129fa7d49aa2d50772fc647424d2ab958638482cfac139529,0.037210036962822775,0.005265778433252583,True,0.0037234676383787746,0.0002615994585534187,1.0,0.022588001826235292,0.026049870006060648,17178,12915,30093,603063720.0,0.0,False,603063720.0,263404029.0,348476940.0,295844283.0,585730152.0,1153013295.0,MISSING
transfer_fixed_five,B3-rank0-q8-r32-K4,a090ea4c0aa58921cf4904fed6f6f74fac8d2e12f031736c8c94aa80754f295b,0.037210036962822775,6.247566909536482e-05,True,4.417696927649928e-05,3.5948699160792685e-06,1.47140967604679,0.026267292495337567,0.026307874594697987,27501,27416,54917,1931880522.9375,24780504.629423834,False,1931880522.9375,439473292.5,634708375.96875,292405566.5,950879274.21875,3705310055.46875,MISSING
transfer_fixed_five,B2-rank3-q1-r4-K2,215212e37d35f0277d90e0dfb354ff27c6334677ddc57b31f4e702fb709a928b,0.03758346939448338,0.005256376547101335,True,0.0037168195009252836,0.00026014045149713727,1.0620308450250202,0.02285870656843098,0.026315385617859125,18919,14275,33194,207214582.3125,1324821.3078019426,True,207214582.3125,85612512.5625,111216497.0,90033538.4375,186382235.375,394707779.375,MISSING
transfer_fixed_five,B2-rank3-q1-r8-K2,1e063a21340c2fb397fe431779fa0bb1d2fba619b736361014296303c8f0e3e9,0.03758346939448338,0.005256157396431461,True,0.0037166645380005137,0.0002610609785499429,1.0307583312111528,0.02285886153135575,0.02631446509080632,17821,13448,31269,207953507.34375,2084643.754043166,True,207953507.34375,84077455.21875,109509900.9375,87496524.9375,183065337.65625,397018584.375,MISSING
transfer_fixed_five,B0-rank6-q1-r0-K0,d9ae4b8645a032031fc003c9e7268010e6a5c5734c6da898043c748bd900aa64,0.03758346939448338,0.009976267821590988,True,0.007054286627580134,0.0006265786540605722,1.0,0.01952123944177613,0.02594894741529569,22999,13016,36015,377113065.0,0.0,False,377113065.0,170026815.0,216234060.0,183640485.0,369766005.0,718751355.0,MISSING
transfer_fixed_five,B1-rank12-q1-r0-K0,9a24146ac2b7dfd129fa7d49aa2d50772fc647424d2ab958638482cfac139529,0.03758346939448338,0.005265778433252583,True,0.0037234676383787746,0.0002615994585534187,1.0,0.022852058430977488,0.026313926610802844,16783,12658,29441,589997640.0,0.0,False,589997640.0,257697073.0,340926780.0,289434471.0,573039624.0,1128031915.0,MISSING
transfer_fixed_five,B3-rank0-q8-r32-K4,a090ea4c0aa58921cf4904fed6f6f74fac8d2e12f031736c8c94aa80754f295b,0.03758346939448338,6.247566909536482e-05,True,4.417696927649928e-05,3.5948699160792685e-06,1.47140967604679,0.026531349100079763,0.026571931199440183,26956,26874,53830,1893641833.125,24290011.548370905,False,1893641833.125,430774575.0,622145271.5625,286617835.0,932058039.0625,3631968976.5625,MISSING
transfer_fixed_five,B2-rank3-q1-r4-K2,215212e37d35f0277d90e0dfb354ff27c6334677ddc57b31f4e702fb709a928b,0.03796064951876668,0.005256376547101335,True,0.0037168195009252836,0.00026014045149713727,1.0620308450250202,0.02312541319204049,0.026582092241468635,18485,13990,32475,202726202.34375,1296124.9614649662,True,202726202.34375,83758099.21875,108807487.5,88083363.28125,182345095.3125,386158195.3125,MISSING
transfer_fixed_five,B2-rank3-q1-r8-K2,1e063a21340c2fb397fe431779fa0bb1d2fba619b736361014296303c8f0e3e9,0.03796064951876668,0.005256157396431461,True,0.0037166645380005137,0.0002610609785499429,1.0307583312111528,0.02312556815496526,0.02658117171441583,17412,13179,30591,203444489.53125,2039442.8053322618,True,203444489.53125,82254419.15625,107135417.8125,85599353.8125,179095965.46875,388410103.125,MISSING
transfer_fixed_five,B0-rank6-q1-r0-K0,d9ae4b8645a032031fc003c9e7268010e6a5c5734c6da898043c748bd900aa64,0.03796064951876668,0.009976267821590988,True,0.007054286627580134,0.0006265786540605722,1.0,0.01978794606538564,0.0262156540389052,22383,12753,35136,367909056.0,0.0,False,367909056.0,165877056.0,210956544.0,179158464.0,360741312.0,701209152.0,MISSING
transfer_fixed_five,B1-rank12-q1-r0-K0,9a24146ac2b7dfd129fa7d49aa2d50772fc647424d2ab958638482cfac139529,0.03796064951876668,0.005265778433252583,True,0.0037234676383787746,0.0002615994585534187,1.0,0.023118765054586998,0.026580633234412353,16398,12405,28803,577212120.0,0.0,False,577212120.0,252112659.0,333538740.0,283162293.0,560621592.0,1103586945.0,MISSING
transfer_fixed_five,B3-rank0-q8-r32-K4,a090ea4c0aa58921cf4904fed6f6f74fac8d2e12f031736c8c94aa80754f295b,0.03796064951876668,6.247566909536482e-05,True,4.417696927649928e-05,3.5948699160792685e-06,1.47140967604679,0.026798055723689273,0.026838637823049693,26422,26343,52765,1856177063.4375,23809445.65019117,False,1856177063.4375,422251912.5,609836434.21875,280947242.5,913617730.46875,3560112261.71875,MISSING
transfer_fixed_five,B2-rank3-q1-r4-K2,215212e37d35f0277d90e0dfb354ff27c6334677ddc57b31f4e702fb709a928b,0.03834161494676055,0.005256376547101335,True,0.0037168195009252836,0.00026014045149713727,1.0620308450250202,0.023394796429572585,0.02685147547900073,18061,13711,31772,198337702.875,1268067.198634793,True,198337702.875,81944952.375,106452086.0,86176585.625,178397794.25,377798866.25,MISSING
transfer_fixed_five,B2-rank3-q1-r8-K2,1e063a21340c2fb397fe431779fa0bb1d2fba619b736361014296303c8f0e3e9,0.03834161494676055,0.005256157396431461,True,0.0037166645380005137,0.0002610609785499429,1.0307583312111528,0.023394951392497355,0.026850554951947925,17013,12916,29929,199041879.21875,1995308.5456764821,True,199041879.21875,80474404.59375,104816969.6875,83746953.6875,175220265.78125,380004771.875,MISSING
transfer_fixed_five,B0-rank6-q1-r0-K0,d9ae4b8645a032031fc003c9e7268010e6a5c5734c6da898043c748bd900aa64,0.03834161494676055,0.009976267821590988,True,0.007054286627580134,0.0006265786540605722,1.0,0.020057329302917735,0.026485037276437296,21786,12495,34281,358956351.0,0.0,False,358956351.0,161840601.0,205823124.0,174798819.0,351963027.0,684145917.0,MISSING
transfer_fixed_five,B1-rank12-q1-r0-K0,9a24146ac2b7dfd129fa7d49aa2d50772fc647424d2ab958638482cfac139529,0.03834161494676055,0.005265778433252583,True,0.0037234676383787746,0.0002615994585534187,1.0,0.023388148292119094,0.02685001647194445,16022,12157,28179,564707160.0,0.0,False,564707160.0,246650787.0,326312820.0,277027749.0,548476056.0,1079678385.0,MISSING
transfer_fixed_five,B3-rank0-q8-r32-K4,a090ea4c0aa58921cf4904fed6f6f74fac8d2e12f031736c8c94aa80754f295b,0.03834161494676055,6.247566909536482e-05,True,4.417696927649928e-05,3.5948699160792685e-06,1.47140967604679,0.02706743896122137,0.02710802106058179,25899,25822,51721,1819451035.6875,23338355.69929949,False,1819451035.6875,413897302.5,597770306.34375,275388464.5,895541033.59375,3489672439.84375,MISSING
transfer_fixed_five,B2-rank3-q1-r4-K2,215212e37d35f0277d90e0dfb354ff27c6334677ddc57b31f4e702fb709a928b,0.0387264036670101,0.005256376547101335,True,0.0037168195009252836,0.00026014045149713727,1.0620308450250202,0.023666883142985137,0.027123562192413284,17649,13437,31086,194055326.4375,1240687.9307805984,True,194055326.4375,80175651.1875,104153643.0,84315917.8125,174545947.125,369641683.125,MISSING
transfer_fixed_five,B2-rank3-q1-r8-K2,1e063a21340c2fb397fe431779fa0bb1d2fba619b736361014296303c8f0e3e9,0.0387264036670101,0.005256157396431461,True,0.0037166645380005137,0.0002610609785499429,1.0307583312111528,0.023667038105909907,0.027122641665360478,16624,12658,29282,194739025.9375,1952174.3070098818,True,194739025.9375,78734722.6875,102551054.375,81936526.375,171432384.0625,371789893.75,MISSING
transfer_fixed_five,B0-rank6-q1-r0-K0,d9ae4b8645a032031fc003c9e7268010e6a5c5734c6da898043c748bd900aa64,0.0387264036670101,0.009976267821590988,True,0.007054286627580134,0.0006265786540605722,1.0,0.020329416016330287,0.02675712398984985,21206,12242,33448,350234008.0,0.0,False,350234008.0,157908008.0,200821792.0,170551352.0,343410616.0,667521736.0,MISSING
transfer_fixed_five,B1-rank12-q1-r0-K0,9a24146ac2b7dfd129fa7d49aa2d50772fc647424d2ab958638482cfac139529,0.0387264036670101,0.005265778433252583,True,0.0037234676383787746,0.0002615994585534187,1.0,0.023660235005531646,0.027122103185357002,15656,11915,27571,552522840.0,0.0,False,552522840.0,241328963.0,319272180.0,271050501.0,536641944.0,1056382865.0,MISSING
transfer_fixed_five,B3-rank0-q8-r32-K4,a090ea4c0aa58921cf4904fed6f6f74fac8d2e12f031736c8c94aa80754f295b,0.0387264036670101,6.247566909536482e-05,True,4.417696927649928e-05,3.5948699160792685e-06,1.47140967604679,0.02733952567463392,0.02738010777399434,25386,25311,50697,1783428571.6875,22876290.460110713,False,1783428571.6875,405702742.5,585935330.34375,269936176.5,877810633.59375,3420582039.84375,MISSING
transfer_fixed_five,B2-rank3-q1-r4-K2,215212e37d35f0277d90e0dfb354ff27c6334677ddc57b31f4e702fb709a928b,0.039115054049305896,0.005256376547101335,True,0.0037168195009252836,0.00026014045149713727,1.0620308450250202,0.023941700463817238,0.027398379513245384,17246,13169,30415,189866587.96875,1213907.334964032,True,189866587.96875,78445037.34375,101905457.5,82495935.15625,170778324.0625,361662864.0625,MISSING
transfer_fixed_five,B2-rank3-q1-r8-K2,1e063a21340c2fb397fe431779fa0bb1d2fba619b736361014296303c8f0e3e9,0.039115054049305896,0.005256157396431461,True,0.0037166645380005137,0.0002610609785499429,1.0307583312111528,0.023941855426742008,0.02739745898619258,16245,12406,28651,190542580.15625,1910106.7573984058,True,190542580.15625,77038062.28125,100341174.0625,80170870.0625,167738174.84375,363778165.625,MISSING
transfer_fixed_five,B0-rank6-q1-r0-K0,d9ae4b8645a032031fc003c9e7268010e6a5c5734c6da898043c748bd900aa64,0.039115054049305896,0.009976267821590988,True,0.007054286627580134,0.0006265786540605722,1.0,0.020604233337162388,0.02703194131068195,20644,11994,32638,341752498.0,0.0,False,341752498.0,154083998.0,195958552.0,166421162.0,335094346.0,651356566.0,MISSING
transfer_fixed_five,B1-rank12-q1-r0-K0,9a24146ac2b7dfd129fa7d49aa2d50772fc647424d2ab958638482cfac139529,0.039115054049305896,0.005265778433252583,True,0.0037234676383787746,0.0002615994585534187,1.0,0.023935052326363747,0.027396920506189103,15299,11677,26976,540599040.0,0.0,False,540599040.0,236120928.0,312382080.0,265201056.0,525060864.0,1033585440.0,MISSING
transfer_fixed_five,B3-rank0-q8-r32-K4,a090ea4c0aa58921cf4904fed6f6f74fac8d2e12f031736c8c94aa80754f295b,0.039115054049305896,6.247566909536482e-05,True,4.417696927649928e-05,3.5948699160792685e-06,1.47140967604679,0.027614342995466022,0.027654925094826442,24884,24811,49695,1748180027.8125,22424152.403795134,False,1748180027.8125,397684237.5,574354621.40625,264601027.5,860461160.15625,3352976003.90625,MISSING
transfer_fixed_five,B2-rank3-q1-r4-K2,215212e37d35f0277d90e0dfb354ff27c6334677ddc57b31f4e702fb709a928b,0.03950760484850994,0.005256376547101335,True,0.0037168195009252836,0.00026014045149713727,1.0620308450250202,0.024219275795894616,0.027675954845322762,16853,12906,29759,185771487.46875,1187725.411185094,True,185771487.46875,76753110.84375,99707529.5,80716637.65625,167094925.0625,353862409.0625,MISSING
transfer_fixed_five,B2-rank3-q1-r8-K2,1e063a21340c2fb397fe431779fa0bb1d2fba619b736361014296303c8f0e3e9,0.03950760484850994,0.005256157396431461,True,0.0037166645380005137,0.0002610609785499429,1.0307583312111528,0.024219430758819386,0.027675034318269957,15875,12158,28033,186432590.46875,1868905.8926442189,True,186432590.46875,75376356.84375,98176822.1875,78441590.1875,164120074.53125,355931496.875,MISSING
transfer_fixed_five,B0-rank6-q1-r0-K0,d9ae4b8645a032031fc003c9e7268010e6a5c5734c6da898043c748bd900aa64,0.03950760484850994,0.009976267821590988,True,0.007054286627580134,0.0006265786540605722,1.0,0.020881808669239766,0.027309516642759327,20099,11752,31851,333511821.0,0.0,False,333511821.0,150368571.0,191233404.0,162408249.0,327014217.0,635650407.0,MISSING
transfer_fixed_five,B1-rank12-q1-r0-K0,9a24146ac2b7dfd129fa7d49aa2d50772fc647424d2ab958638482cfac139529,0.03950760484850994,0.005265778433252583,True,0.0037234676383787746,0.0002615994585534187,1.0,0.024212627658441125,0.02767449583826648,14950,11444,26394,528935760.0,0.0,False,528935760.0,231026682.0,305642520.0,259479414.0,513732816.0,1011286110.0,MISSING
transfer_fixed_five,B3-rank0-q8-r32-K4,a090ea4c0aa58921cf4904fed6f6f74fac8d2e12f031736c8c94aa80754f295b,0.03950760484850994,6.247566909536482e-05,True,4.417696927649928e-05,3.5948699160792685e-06,1.47140967604679,0.0278919183275434,0.02793250042690382,24391,24320,48711,1713564691.3125,21980136.58801217,False,1713564691.3125,389809777.5,562981949.15625,259361719.5,843423353.90625,3286584447.65625,MISSING
transfer_fixed_five,B2-rank3-q1-r4-K2,215212e37d35f0277d90e0dfb354ff27c6334677ddc57b31f4e702fb709a928b,0.039904095208420254,0.005256376547101335,True,0.0037168195009252836,0.00026014045149713727,1.0620308450250202,0.024499636818062293,0.02795631586749044,16469,12648,29117,181763782.40625,1162102.2479746088,True,181763782.40625,75097292.53125,97556508.5,78975312.96875,163490135.1875,346228427.1875,MISSING
transfer_fixed_five,B2-rank3-q1-r8-K2,1e063a21340c2fb397fe431779fa0bb1d2fba619b736361014296303c8f0e3e9,0.039904095208420254,0.005256157396431461,True,0.0037166645380005137,0.0002610609785499429,1.0307583312111528,0.024499791780987063,0.027955395340437634,15513,11915,27428,182409056.875,1828571.7127473205,True,182409056.875,73749606.375,96057998.75,76748686.75,160578083.125,348249887.5,MISSING
transfer_fixed_five,B0-rank6-q1-r0-K0,d9ae4b8645a032031fc003c9e7268010e6a5c5734c6da898043c748bd900aa64,0.039904095208420254,0.009976267821590988,True,0.007054286627580134,0.0006265786540605722,1.0,0.021162169691407443,0.027589877664927005,19570,11514,31084,325480564.0,0.0,False,325480564.0,146747564.0,186628336.0,158497316.0,319139428.0,620343388.0,MISSING
transfer_fixed_five,B1-rank12-q1-r0-K0,9a24146ac2b7dfd129fa7d49aa2d50772fc647424d2ab958638482cfac139529,0.039904095208420254,0.005265778433252583,True,0.0037234676383787746,0.0002615994585534187,1.0,0.024492988680608802,0.027954856860434158,14610,11215,25825,517533000.0,0.0,False,517533000.0,226046225.0,299053500.0,253885575.0,502657800.0,989484875.0,MISSING
transfer_fixed_five,B3-rank0-q8-r32-K4,a090ea4c0aa58921cf4904fed6f6f74fac8d2e12f031736c8c94aa80754f295b,0.039904095208420254,6.247566909536482e-05,True,4.417696927649928e-05,3.5948699160792685e-06,1.47140967604679,0.028172279349711078,0.028212861449071498,23908,23839,47747,1679652918.5625,21545145.48393211,False,1679652918.5625,382095367.5,551840428.78125,254228901.5,826731844.53125,3221542313.28125,MISSING
transfer_fixed_five,B2-rank3-q1-r4-K2,215212e37d35f0277d90e0dfb354ff27c6334677ddc57b31f4e702fb709a928b,0.040304564665674086,0.005256376547101335,True,0.0037168195009252836,0.00026014045149713727,1.0620308450250202,0.024782811486944577,0.028239490536372723,16095,12396,28491,177855957.84375,1137117.6682709267,True,177855957.84375,73482740.71875,95459095.5,77277385.78125,159975184.3125,338784700.3125,MISSING
transfer_fixed_five,B2-rank3-q1-r8-K2,1e063a21340c2fb397fe431779fa0bb1d2fba619b736361014296303c8f0e3e9,0.040304564665674086,0.005256157396431461,True,0.0037166645380005137,0.0002610609785499429,1.0307583312111528,0.024782966449869347,0.028238570009319917,15161,11678,26839,178491930.78125,1789304.2219055467,True,178491930.78125,72165877.40625,93995210.3125,75100554.3125,157129764.21875,340771428.125,MISSING
transfer_fixed_five,B0-rank6-q1-r0-K0,d9ae4b8645a032031fc003c9e7268010e6a5c5734c6da898043c748bd900aa64,0.040304564665674086,0.009976267821590988,True,0.007054286627580134,0.0006265786540605722,1.0,0.021445344360289727,0.027873052333809288,19057,11281,30338,317669198.0,0.0,False,317669198.0,143225698.0,182149352.0,154693462.0,311480246.0,605455466.0,MISSING
transfer_fixed_five,B1-rank12-q1-r0-K0,9a24146ac2b7dfd129fa7d49aa2d50772fc647424d2ab958638482cfac139529,0.040304564665674086,0.005265778433252583,True,0.0037234676383787746,0.0002615994585534187,1.0,0.024776163349491086,0.02823803152931644,14277,10991,25268,506370720.0,0.0,False,506370720.0,221170804.0,292603440.0,248409708.0,491816352.0,968143420.0,MISSING
transfer_fixed_five,B3-rank0-q8-r32-K4,a090ea4c0aa58921cf4904fed6f6f74fac8d2e12f031736c8c94aa80754f295b,0.040304564665674086,6.247566909536482e-05,True,4.417696927649928e-05,3.5948699160792685e-06,1.47140967604679,0.02845545401859336,0.02849603611795378,23434,23368,46802,1646409531.375,21118727.855969813,False,1646409531.375,374533005.0,540918502.6875,249197249.0,810369317.1875,3157782129.6875,MISSING
transfer_fixed_five,B2-rank3-q1-r4-K2,215212e37d35f0277d90e0dfb354ff27c6334677ddc57b31f4e702fb709a928b,0.04070905315369044,0.005256376547101335,True,0.0037168195009252836,0.00026014045149713727,1.0620308450250202,0.02506882803973283,0.028525507089160976,15730,12149,27879,174035528.71875,1112691.8491356978,True,174035528.71875,71904297.09375,93408589.5,75617431.40625,156538842.5625,331507446.5625,MISSING
transfer_fixed_five,B2-rank3-q1-r8-K2,1e063a21340c2fb397fe431779fa0bb1d2fba619b736361014296303c8f0e3e9,0.04070905315369044,0.005256157396431461,True,0.0037166645380005137,0.0002610609785499429,1.0307583312111528,0.0250689830026576,0.02852458656210817,14817,11445,26262,174654610.3125,1750836.7478551161,True,174654610.3125,70614414.5625,91974448.125,73486000.125,153751699.6875,333445331.25,MISSING
transfer_fixed_five,B0-rank6-q1-r0-K0,d9ae4b8645a032031fc003c9e7268010e6a5c5734c6da898043c748bd900aa64,0.04070905315369044,0.009976267821590988,True,0.007054286627580134,0.0006265786540605722,1.0,0.02173136091307798,0.02815906888659754,18558,11053,29611,310056781.0,0.0,False,310056781.0,139793531.0,177784444.0,150986489.0,304016137.0,590946727.0,MISSING
transfer_fixed_five,B1-rank12-q1-r0-K0,9a24146ac2b7dfd129fa7d49aa2d50772fc647424d2ab958638482cfac139529,0.04070905315369044,0.005265778433252583,True,0.0037234676383787746,0.0002615994585534187,1.0,0.02506217990227934,0.028524048082104694,13953,10772,24725,495489000.0,0.0,False,495489000.0,216417925.0,286315500.0,243071475.0,481247400.0,947338375.0,MISSING
transfer_fixed_five,B3-rank0-q8-r32-K4,a090ea4c0aa58921cf4904fed6f6f74fac8d2e12f031736c8c94aa80754f295b,0.04070905315369044,6.247566909536482e-05,True,4.417696927649928e-05,3.5948699160792685e-06,1.47140967604679,0.028741470571381614,0.028782052670742034,22970,22905,45875,1613799351.5625,20700432.46854013,False,1613799351.5625,367114687.5,530204613.28125,244261437.5,794318457.03125,3095236425.78125,MISSING
transfer_fixed_five,B2-rank3-q1-r4-K2,215212e37d35f0277d90e0dfb354ff27c6334677ddc57b31f4e702fb709a928b,0.04111760100665206,0.005256376547101335,True,0.0037168195009252836,0.00026014045149713727,1.0620308450250202,0.025357714997001197,0.028814394046429343,15374,11906,27280,170296252.5,1088784.8790997467,True,170296252.5,70359382.5,91401640.0,73992737.5,153175495.0,324384775.0,MISSING
transfer_fixed_five,B2-rank3-q1-r8-K2,1e063a21340c2fb397fe431779fa0bb1d2fba619b736361014296303c8f0e3e9,0.04111760100665206,0.005256157396431461,True,0.0037166645380005137,0.0002610609785499429,1.0307583312111528,0.025357869959925967,0.028813473519376537,14481,11216,25697,170897095.46875,1713169.2905960293,True,170897095.46875,69095217.84375,89995712.1875,71905024.1875,150443889.53125,326271596.875,MISSING
transfer_fixed_five,B0-rank6-q1-r0-K0,d9ae4b8645a032031fc003c9e7268010e6a5c5734c6da898043c748bd900aa64,0.04111760100665206,0.009976267821590988,True,0.007054286627580134,0.0006265786540605722,1.0,0.022020247870346347,0.028447955843865908,18075,10830,28905,302664255.0,0.0,False,302664255.0,136460505.0,173545620.0,147386595.0,296767635.0,576857085.0,MISSING
transfer_fixed_five,B1-rank12-q1-r0-K0,9a24146ac2b7dfd129fa7d49aa2d50772fc647424d2ab958638482cfac139529,0.04111760100665206,0.005265778433252583,True,0.0037234676383787746,0.0002615994585534187,1.0,0.025351066859547706,0.02881293503937306,13637,10557,24194,484847760.0,0.0,False,484847760.0,211770082.0,280166520.0,237851214.0,470912016.0,926993110.0,MISSING
transfer_fixed_five,B3-rank0-q8-r32-K4,a090ea4c0aa58921cf4904fed6f6f74fac8d2e12f031736c8c94aa80754f295b,0.04111760100665206,6.247566909536482e-05,True,4.417696927649928e-05,3.5948699160792685e-06,1.47140967604679,0.02903035752864998,0.0290709396280104,22515,22452,44967,1581857557.3125,20290710.557228208,False,1581857557.3125,359848417.5,519710318.15625,239426791.5,778596578.90625,3033972672.65625,MISSING
transfer_fixed_five,B2-rank3-q1-r4-K2,215212e37d35f0277d90e0dfb354ff27c6334677ddc57b31f4e702fb709a928b,0.04153024896352739,0.005256376547101335,True,0.0037168195009252836,0.00026014045149713727,1.0620308450250202,0.02564950116555052,0.029106180214978666,15026,11669,26695,166644371.71875,1065436.6696322483,True,166644371.71875,68850576.09375,89441597.5,72406016.40625,149890756.5625,317428576.5625,MISSING
transfer_fixed_five,B2-rank3-q1-r8-K2,1e063a21340c2fb397fe431779fa0bb1d2fba619b736361014296303c8f0e3e9,0.04153024896352739,0.005256157396431461,True,0.0037166645380005137,0.0002610609785499429,1.0307583312111528,0.02564965612847529,0.02910525968792586,14154,10992,25146,167232687.1875,1676435.1862601764,True,167232687.1875,67613664.9375,88066006.875,70363222.875,147218042.8125,319275618.75,MISSING
transfer_fixed_five,B0-rank6-q1-r0-K0,d9ae4b8645a032031fc003c9e7268010e6a5c5734c6da898043c748bd900aa64,0.04153024896352739,0.009976267821590988,True,0.007054286627580134,0.0006265786540605722,1.0,0.02231203403889567,0.02873974201241523,17605,10611,28216,295449736.0,0.0,False,295449736.0,133207736.0,169408864.0,143873384.0,289693672.0,563106712.0,MISSING
transfer_fixed_five,B1-rank12-q1-r0-K0,9a24146ac2b7dfd129fa7d49aa2d50772fc647424d2ab958638482cfac139529,0.04153024896352739,0.005265778433252583,True,0.0037234676383787746,0.0002615994585534187,1.0,0.02564285302809703,0.029104721207922384,13329,10347,23676,474467040.0,0.0,False,474467040.0,207236028.0,274168080.0,232758756.0,460829664.0,907145940.0,MISSING
transfer_fixed_five,B3-rank0-q8-r32-K4,a090ea4c0aa58921cf4904fed6f6f74fac8d2e12f031736c8c94aa80754f295b,0.04153024896352739,6.247566909536482e-05,True,4.417696927649928e-05,3.5948699160792685e-06,1.47140967604679,0.029322143697199304,0.029362725796559724,22069,22008,44077,1550548970.4375,19889110.8864489,False,1550548970.4375,352726192.5,509424059.71875,234687986.5,763186367.96875,2973923399.21875,MISSING
transfer_fixed_five,B2-rank3-q1-r4-K2,215212e37d35f0277d90e0dfb354ff27c6334677ddc57b31f4e702fb709a928b,0.041947038172132994,0.005256376547101335,True,0.0037168195009252836,0.00026014045149713727,1.0620308450250202,0.025944215641280917,0.029400894690709063,14686,11436,26122,163067401.3125,1042567.3977948527,True,163067401.3125,67372719.5625,87521761.0,70851843.4375,146673397.375,310615069.375,MISSING
transfer_fixed_five,B2-rank3-q1-r8-K2,1e063a21340c2fb397fe431779fa0bb1d2fba619b736361014296303c8f0e3e9,0.041947038172132994,0.005256157396431461,True,0.0037166645380005137,0.0002610609785499429,1.0307583312111528,0.025944370604205687,0.029399974163656258,13834,10773,24607,163648084.53125,1640501.098715667,True,163648084.53125,66164378.15625,86178327.8125,68854999.8125,144062450.46875,312432003.125,MISSING
transfer_fixed_five,B0-rank6-q1-r0-K0,d9ae4b8645a032031fc003c9e7268010e6a5c5734c6da898043c748bd900aa64,0.041947038172132994,0.009976267821590988,True,0.007054286627580134,0.0006265786540605722,1.0,0.022606748514626067,0.029034456488145628,17149,10397,27546,288434166.0,0.0,False,288434166.0,130044666.0,165386184.0,140457054.0,282814782.0,549735522.0,MISSING
transfer_fixed_five,B1-rank12-q1-r0-K0,9a24146ac2b7dfd129fa7d49aa2d50772fc647424d2ab958638482cfac139529,0.041947038172132994,0.005265778433252583,True,0.0037234676383787746,0.0002615994585534187,1.0,0.025937567503827426,0.029399435683652782,13028,10140,23168,464286720.0,0.0,False,464286720.0,202789504.0,268285440.0,227764608.0,450941952.0,887681920.0,MISSING
transfer_fixed_five,B3-rank0-q8-r32-K4,a090ea4c0aa58921cf4904fed6f6f74fac8d2e12f031736c8c94aa80754f295b,0.041947038172132994,6.247566909536482e-05,True,4.417696927649928e-05,3.5948699160792685e-06,1.47140967604679,0.0296168581729297,0.02965744027229012,21632,21573,43205,1519873590.9375,19495633.456202205,False,1519873590.9375,345748012.5,499345837.96875,230045022.5,748087824.21875,2915088605.46875,MISSING
transfer_fixed_five,B2-rank3-q1-r4-K2,215212e37d35f0277d90e0dfb354ff27c6334677ddc57b31f4e702fb709a928b,0.042368010193236626,0.005256376547101335,True,0.0037168195009252836,0.00026014045149713727,1.0620308450250202,0.0262418878120931,0.029698566861521246,14355,11208,25563,159577826.34375,1020256.88652591,True,159577826.34375,65930971.21875,85648831.5,69335643.28125,143534647.3125,303968035.3125,MISSING
transfer_fixed_five,B2-rank3-q1-r8-K2,1e063a21340c2fb397fe431779fa0bb1d2fba619b736361014296303c8f0e3e9,0.042368010193236626,0.005256157396431461,True,0.0037166645380005137,0.0002610609785499429,1.0307583312111528,0.02624204277501787,0.02969764633446844,13522,10558,24080,160143287.5,1605367.027962501,True,160143287.5,64747357.5,84332675.0,67380355.0,140977112.5,305740750.0,MISSING
transfer_fixed_five,B0-rank6-q1-r0-K0,d9ae4b8645a032031fc003c9e7268010e6a5c5734c6da898043c748bd900aa64,0.042368010193236626,0.009976267821590988,True,0.007054286627580134,0.0006265786540605722,1.0,0.02290442068543825,0.02933212865895781,16706,10187,26893,281596603.0,0.0,False,281596603.0,126961853.0,161465572.0,137127407.0,276110431.0,536703601.0,MISSING
transfer_fixed_five,B1-rank12-q1-r0-K0,9a24146ac2b7dfd129fa7d49aa2d50772fc647424d2ab958638482cfac139529,0.042368010193236626,0.005265778433252583,True,0.0037234676383787746,0.0002615994585534187,1.0,0.02623523967463961,0.029697107854464964,12734,9938,22672,454346880.0,0.0,False,454346880.0,198448016.0,262541760.0,222888432.0,441287808.0,868677680.0,MISSING
transfer_fixed_five,B3-rank0-q8-r32-K4,a090ea4c0aa58921cf4904fed6f6f74fac8d2e12f031736c8c94aa80754f295b,0.042368010193236626,6.247566909536482e-05,True,4.417696927649928e-05,3.5948699160792685e-06,1.47140967604679,0.029914530343741884,0.029955112443102304,21204,21147,42351,1489831418.8125,19110278.26648813,False,1489831418.8125,338913877.5,489475652.90625,225497899.5,733300947.65625,2857468291.40625,MISSING
transfer_fixed_five,B2-rank3-q1-r4-K2,215212e37d35f0277d90e0dfb354ff27c6334677ddc57b31f4e702fb709a928b,0.04279320700470147,0.005256376547101335,True,0.0037168195009252836,0.00026014045149713727,1.0620308450250202,0.026542547360818788,0.029999226410246934,14032,10984,25016,156163161.75,998425.3128870698,True,156163161.75,64520172.75,83816108.0,67851991.25,140463276.5,297463692.5,MISSING
transfer_fixed_five,B2-rank3-q1-r8-K2,1e063a21340c2fb397fe431779fa0bb1d2fba619b736361014296303c8f0e3e9,0.04279320700470147,0.005256157396431461,True,0.0037166645380005137,0.0002610609785499429,1.0307583312111528,0.026542702323743558,0.02999830588319413,13217,10348,23565,156718296.09375,1571032.9740006784,True,156718296.09375,63362602.96875,82529048.4375,65939288.4375,137962028.90625,299201859.375,MISSING
transfer_fixed_five,B0-rank6-q1-r0-K0,d9ae4b8645a032031fc003c9e7268010e6a5c5734c6da898043c748bd900aa64,0.04279320700470147,0.009976267821590988,True,0.007054286627580134,0.0006265786540605722,1.0,0.023205080234163938,0.0296327882076835,16276,9981,26257,274937047.0,0.0,False,274937047.0,123959297.0,157647028.0,133884443.0,269580619.0,524010949.0,MISSING
transfer_fixed_five,B1-rank12-q1-r0-K0,9a24146ac2b7dfd129fa7d49aa2d50772fc647424d2ab958638482cfac139529,0.04279320700470147,0.005265778433252583,True,0.0037234676383787746,0.0002615994585534187,1.0,0.026535899223365297,0.029997767403190653,12447,9740,22187,444627480.0,0.0,False,444627480.0,194202811.0,256925460.0,218120397.0,431847768.0,850094905.0,MISSING
transfer_fixed_five,B3-rank0-q8-r32-K4,a090ea4c0aa58921cf4904fed6f6f74fac8d2e12f031736c8c94aa80754f295b,0.04279320700470147,6.247566909536482e-05,True,4.417696927649928e-05,3.5948699160792685e-06,1.47140967604679,0.030215189892467572,0.030255771991827992,20784,20728,41512,1460316919.5,18731691.610551234,False,1460316919.5,332199780.0,479778831.75,221030644.0,718773793.75,2800860043.75,MISSING
transfer_fixed_five,B2-rank3-q1-r4-K2,215212e37d35f0277d90e0dfb354ff27c6334677ddc57b31f4e702fb709a928b,0.04322267100567216,0.005256376547101335,True,0.0037168195009252836,0.00026014045149713727,1.0620308450250202,0.02684622426818067,0.030302903317608817,13716,10765,24481,152823407.53125,977072.6768783322,True,152823407.53125,63140324.15625,82023590.5,66400887.34375,137459284.9375,291102040.9375,MISSING
transfer_fixed_five,B2-rank3-q1-r8-K2,1e063a21340c2fb397fe431779fa0bb1d2fba619b736361014296303c8f0e3e9,0.04322267100567216,0.005256157396431461,True,0.0037166645380005137,0.0002610609785499429,1.0307583312111528,0.02684637923110544,0.03030198279055601,12920,10141,23061,153366459.84375,1537432.268764254,True,153366459.84375,62007425.71875,80763945.9375,64529001.9375,135011345.15625,292802634.375,MISSING
transfer_fixed_five,B0-rank6-q1-r0-K0,d9ae4b8645a032031fc003c9e7268010e6a5c5734c6da898043c748bd900aa64,0.04322267100567216,0.009976267821590988,True,0.007054286627580134,0.0006265786540605722,1.0,0.02350875714152582,0.029936465115045382,15858,9780,25638,268455498.0,0.0,False,268455498.0,121036998.0,153930552.0,130728162.0,263225346.0,511657566.0,MISSING
transfer_fixed_five,B1-rank12-q1-r0-K0,9a24146ac2b7dfd129fa7d49aa2d50772fc647424d2ab958638482cfac139529,0.04322267100567216,0.005265778433252583,True,0.0037234676383787746,0.0002615994585534187,1.0,0.02683957613072718,0.030301444310552535,12167,9546,21713,435128520.0,0.0,False,435128520.0,190053889.0,251436540.0,213460503.0,422621832.0,831933595.0,MISSING
transfer_fixed_five,B3-rank0-q8-r32-K4,a090ea4c0aa58921cf4904fed6f6f74fac8d2e12f031736c8c94aa80754f295b,0.04322267100567216,6.247566909536482e-05,True,4.417696927649928e-05,3.5948699160792685e-06,1.47140967604679,0.030518866799829455,0.030559448899189875,20373,20319,40692,1431470805.75,18361678.430732097,False,1431470805.75,325637730.0,470301604.875,216664554.0,704575621.875,2745533746.875,MISSING
transfer_fixed_five,B2-rank3-q1-r4-K2,215212e37d35f0277d90e0dfb354ff27c6334677ddc57b31f4e702fb709a928b,0.04365644502080258,0.005256376547101335,True,0.0037168195009252836,0.00026014045149713727,1.0620308450250202,0.027152948815781904,0.03060962786521005,13408,10551,23959,149564806.21875,956238.8899688722,True,149564806.21875,61794004.59375,80274629.5,64985043.90625,134528287.5625,284894971.5625,MISSING
transfer_fixed_five,B2-rank3-q1-r8-K2,1e063a21340c2fb397fe431779fa0bb1d2fba619b736361014296303c8f0e3e9,0.04365644502080258,0.005256157396431461,True,0.0037166645380005137,0.0002610609785499429,1.0307583312111528,0.027153103778706673,0.030608707338157244,12630,9939,22569,150094429.21875,1504631.580319173,True,150094429.21875,60684514.59375,79040869.6875,63152293.6875,132130915.78125,286555771.875,MISSING
transfer_fixed_five,B0-rank6-q1-r0-K0,d9ae4b8645a032031fc003c9e7268010e6a5c5734c6da898043c748bd900aa64,0.04365644502080258,0.009976267821590988,True,0.007054286627580134,0.0006265786540605722,1.0,0.023815481689127053,0.030243189662646615,15453,9582,25035,262141485.0,0.0,False,262141485.0,118190235.0,150310140.0,127653465.0,257034345.0,499623495.0,MISSING
transfer_fixed_five,B1-rank12-q1-r0-K0,9a24146ac2b7dfd129fa7d49aa2d50772fc647424d2ab958638482cfac139529,0.04365644502080258,0.005265778433252583,True,0.0037234676383787746,0.0002615994585534187,1.0,0.027146300678328412,0.03060816885815377,11893,9355,21248,425809920.0,0.0,False,425809920.0,185983744.0,246051840.0,208889088.0,413571072.0,814117120.0,MISSING
transfer_fixed_five,B3-rank0-q8-r32-K4,a090ea4c0aa58921cf4904fed6f6f74fac8d2e12f031736c8c94aa80754f295b,0.04365644502080258,6.247566909536482e-05,True,4.417696927649928e-05,3.5948699160792685e-06,1.47140967604679,0.030825591347430688,0.030866173446791108,19969,19917,39886,1403117186.625,17997982.549104992,False,1403117186.625,319187715.0,460986184.3125,212373007.0,690619857.8125,2691152045.3125,MISSING
transfer_fixed_five,B2-rank3-q1-r4-K2,215212e37d35f0277d90e0dfb354ff27c6334677ddc57b31f4e702fb709a928b,0.04409457230452617,0.005256376547101335,True,0.0037168195009252836,0.00026014045149713727,1.0620308450250202,0.027462751589125697,0.030919430638553843,13107,10340,23447,146368630.21875,935804.2177511642,True,146368630.21875,60473476.59375,78559173.5,63596323.90625,131653439.5625,278806811.5625,MISSING
transfer_fixed_five,B2-rank3-q1-r8-K2,1e063a21340c2fb397fe431779fa0bb1d2fba619b736361014296303c8f0e3e9,0.04409457230452617,0.005256157396431461,True,0.0037166645380005137,0.0002610609785499429,1.0307583312111528,0.027462906552050467,0.030918510111501037,12346,9741,22087,146888903.28125,1472497.5725335449,True,146888903.28125,59388491.90625,77352815.3125,61803567.3125,129309031.71875,280435878.125,MISSING
transfer_fixed_five,B0-rank6-q1-r0-K0,d9ae4b8645a032031fc003c9e7268010e6a5c5734c6da898043c748bd900aa64,0.04409457230452617,0.009976267821590988,True,0.007054286627580134,0.0006265786540605722,1.0,0.024125284462470847,0.030552992435990408,15058,9389,24447,255984537.0,0.0,False,255984537.0,115414287.0,146779788.0,124655253.0,250997349.0,487888779.0,MISSING
transfer_fixed_five,B1-rank12-q1-r0-K0,9a24146ac2b7dfd129fa7d49aa2d50772fc647424d2ab958638482cfac139529,0.04409457230452617,0.005265778433252583,True,0.0037234676383787746,0.0002615994585534187,1.0,0.027456103451672206,0.03091797163149756,11626,9169,20795,416731800.0,0.0,False,416731800.0,182018635.0,240806100.0,204435645.0,404753880.0,796760425.0,MISSING
transfer_fixed_five,B3-rank0-q8-r32-K4,a090ea4c0aa58921cf4904fed6f6f74fac8d2e12f031736c8c94aa80754f295b,0.04409457230452617,6.247566909536482e-05,True,4.417696927649928e-05,3.5948699160792685e-06,1.47140967604679,0.03113539412077448,0.0311759762201349,19574,19523,39097,1375361596.6875,17641957.67242536,False,1375361596.6875,312873742.5,451867242.84375,208171976.5,676958446.09375,2637917352.34375,MISSING
transfer_fixed_five,B2-rank3-q1-r4-K2,215212e37d35f0277d90e0dfb354ff27c6334677ddc57b31f4e702fb709a928b,0.04453709654536917,0.005256376547101335,True,0.0037168195009252836,0.00026014045149713727,1.0620308450250202,0.027775663480665215,0.03123234253009336,12813,10134,22947,143247364.59375,915848.483163559,True,143247364.59375,59183898.46875,76883923.5,62240152.03125,128845970.8125,272861342.8125,MISSING
transfer_fixed_five,B2-rank3-q1-r8-K2,1e063a21340c2fb397fe431779fa0bb1d2fba619b736361014296303c8f0e3e9,0.04453709654536917,0.005256157396431461,True,0.0037166645380005137,0.0002610609785499429,1.0307583312111528,0.027775818443589985,0.031231422003040556,12070,9547,21617,143763182.96875,1441163.5815392602,True,143763182.96875,58124735.34375,75706787.1875,60488419.1875,126557402.03125,274468346.875,MISSING
transfer_fixed_five,B0-rank6-q1-r0-K0,d9ae4b8645a032031fc003c9e7268010e6a5c5734c6da898043c748bd900aa64,0.04453709654536917,0.009976267821590988,True,0.007054286627580134,0.0006265786540605722,1.0,0.024438196354010365,0.030865904327529926,14675,9200,23875,249995125.0,0.0,False,249995125.0,112713875.0,143345500.0,121738625.0,245124625.0,476473375.0,MISSING
transfer_fixed_five,B1-rank12-q1-r0-K0,9a24146ac2b7dfd129fa7d49aa2d50772fc647424d2ab958638482cfac139529,0.04453709654536917,0.005265778433252583,True,0.0037234676383787746,0.0002615994585534187,1.0,0.027769015343211724,0.03123088352303708,11366,8986,20352,407854080.0,0.0,False,407854080.0,178141056.0,235676160.0,200080512.0,396131328.0,779786880.0,MISSING
transfer_fixed_five,B3-rank0-q8-r32-K4,a090ea4c0aa58921cf4904fed6f6f74fac8d2e12f031736c8c94aa80754f295b,0.04453709654536917,6.247566909536482e-05,True,4.417696927649928e-05,3.5948699160792685e-06,1.47140967604679,0.031448306012314,0.03148888811167442,19186,19137,38323,1348133679.5625,17292701.329522908,False,1348133679.5625,306679807.5,442921665.28125,204050813.5,663556757.03125,2585694725.78125,MISSING
transfer_fixed_five,B2-rank3-q1-r4-K2,215212e37d35f0277d90e0dfb354ff27c6334677ddc57b31f4e702fb709a928b,0.044984061870307096,0.005256376547101335,True,0.0037168195009252836,0.00026014045149713727,1.0620308450250202,0.028091715692884073,0.03154839474231222,12527,9932,22459,140201009.34375,896371.6862060562,True,140201009.34375,57925270.21875,75248879.5,60916528.28125,126105881.3125,267058565.3125,MISSING
transfer_fixed_five,B2-rank3-q1-r8-K2,1e063a21340c2fb397fe431779fa0bb1d2fba619b736361014296303c8f0e3e9,0.044984061870307096,0.005256157396431461,True,0.0037166645380005137,0.0002610609785499429,1.0307583312111528,0.028091870655808843,0.03154747421525941,11800,9356,21156,140697316.875,1410429.603138483,True,140697316.875,56885178.375,74092278.75,59198454.75,123858463.125,268615087.5,MISSING
transfer_fixed_five,B0-rank6-q1-r0-K0,d9ae4b8645a032031fc003c9e7268010e6a5c5734c6da898043c748bd900aa64,0.044984061870307096,0.009976267821590988,True,0.007054286627580134,0.0006265786540605722,1.0,0.024754248566229223,0.031181956539748784,14303,9014,23317,244152307.0,0.0,False,244152307.0,110079557.0,139995268.0,118893383.0,239395639.0,465337369.0,MISSING
transfer_fixed_five,B1-rank12-q1-r0-K0,9a24146ac2b7dfd129fa7d49aa2d50772fc647424d2ab958638482cfac139529,0.044984061870307096,0.005265778433252583,True,0.0037234676383787746,0.0002615994585534187,1.0,0.028085067555430582,0.03154693573525594,11112,8807,19919,399176760.0,0.0,False,399176760.0,174351007.0,230662020.0,195823689.0,387703416.0,763196485.0,MISSING
transfer_fixed_five,B3-rank0-q8-r32-K4,a090ea4c0aa58921cf4904fed6f6f74fac8d2e12f031736c8c94aa80754f295b,0.044984061870307096,6.247566909536482e-05,True,4.417696927649928e-05,3.5948699160792685e-06,1.47140967604679,0.03176435822453286,0.03180494032389328,18806,18758,37564,1321433435.25,16950213.520397633,False,1321433435.25,300605910.0,434149451.625,200009518.0,650414790.625,2534484165.625,MISSING
transfer_fixed_five,B2-rank3-q1-r4-K2,215212e37d35f0277d90e0dfb354ff27c6334677ddc57b31f4e702fb709a928b,0.04543551284916487,0.005256376547101335,True,0.0037168195009252836,0.00026014045149713727,1.0620308450250202,0.028410939741407702,0.03186761879083585,12247,9734,21981,137217079.40625,877294.0039403054,True,137217079.40625,56692433.53125,73647340.5,59620027.96875,123421941.1875,261374697.1875,MISSING
transfer_fixed_five,B2-rank3-q1-r8-K2,1e063a21340c2fb397fe431779fa0bb1d2fba619b736361014296303c8f0e3e9,0.04543551284916487,0.005256157396431461,True,0.0037166645380005137,0.0002610609785499429,1.0307583312111528,0.028411094704332472,0.03186669826378304,11536,9170,20706,137704605.9375,1380428.9734631039,True,137704605.9375,55675198.6875,72516294.375,57939270.375,121223924.0625,262901493.75,MISSING
transfer_fixed_five,B0-rank6-q1-r0-K0,d9ae4b8645a032031fc003c9e7268010e6a5c5734c6da898043c748bd900aa64,0.04543551284916487,0.009976267821590988,True,0.007054286627580134,0.0006265786540605722,1.0,0.025073472614752852,0.031501180588272414,13941,8832,22773,238456083.0,0.0,False,238456083.0,107511333.0,136729092.0,116119527.0,233810391.0,454480761.0,MISSING
transfer_fixed_five,B1-rank12-q1-r0-K0,9a24146ac2b7dfd129fa7d49aa2d50772fc647424d2ab958638482cfac139529,0.04543551284916487,0.005265778433252583,True,0.0037234676383787746,0.0002615994585534187,1.0,0.02840429160395421,0.03186615978377957,10863,8631,19494,390659760.0,0.0,False,390659760.0,170630982.0,225740520.0,191645514.0,379431216.0,746912610.0,MISSING
transfer_fixed_five,B3-rank0-q8-r32-K4,a090ea4c0aa58921cf4904fed6f6f74fac8d2e12f031736c8c94aa80754f295b,0.04543551284916487,6.247566909536482e-05,True,4.417696927649928e-05,3.5948699160792685e-06,1.47140967604679,0.032083582273056487,0.03212416437241691,18434,18387,36821,1295296041.9375,16614945.480634684,False,1295296041.9375,294660052.5,425562159.46875,196053414.5,637549861.71875,2484353142.96875,MISSING
transfer_fixed_five,B2-rank3-q1-r4-K2,215212e37d35f0277d90e0dfb354ff27c6334677ddc57b31f4e702fb709a928b,0.045891494499061165,0.005256376547101335,True,0.0037168195009252836,0.00026014045149713727,1.0620308450250202,0.02873336745814601,0.032190046507574156,11974,9540,21514,134301817.3125,858655.3478354821,True,134301817.3125,55487967.5625,72082657.0,58353363.4375,120799765.375,255821629.375,MISSING
transfer_fixed_five,B2-rank3-q1-r8-K2,1e063a21340c2fb397fe431779fa0bb1d2fba619b736361014296303c8f0e3e9,0.045891494499061165,0.005256157396431461,True,0.0037166645380005137,0.0002610609785499429,1.0307583312111528,0.02873352242107078,0.03218912598052135,11279,8987,20266,134778399.6875,1351095.0244471778,True,134778399.6875,54492107.4375,70975331.875,56708067.875,118647930.3125,257314868.75,MISSING
transfer_fixed_five,B0-rank6-q1-r0-K0,d9ae4b8645a032031fc003c9e7268010e6a5c5734c6da898043c748bd900aa64,0.045891494499061165,0.009976267821590988,True,0.007054286627580134,0.0006265786540605722,1.0,0.02539590033149116,0.03182360830501072,13589,8654,22243,232906453.0,0.0,False,232906453.0,105009203.0,133546972.0,113417057.0,228368881.0,443903551.0,MISSING
transfer_fixed_five,B1-rank12-q1-r0-K0,9a24146ac2b7dfd129fa7d49aa2d50772fc647424d2ab958638482cfac139529,0.045891494499061165,0.005265778433252583,True,0.0037234676383787746,0.0002615994585534187,1.0,0.02872671932069252,0.032188587500517875,10621,8459,19080,382363200.0,0.0,False,382363200.0,167007240.0,220946400.0,187575480.0,371373120.0,731050200.0,MISSING
transfer_fixed_five,B3-rank0-q8-r32-K4,a090ea4c0aa58921cf4904fed6f6f74fac8d2e12f031736c8c94aa80754f295b,0.045891494499061165,6.247566909536482e-05,True,4.417696927649928e-05,3.5948699160792685e-06,1.47140967604679,0.032406009989794794,0.032446592089155214,18069,18024,36093,1269686321.4375,16286445.974648913,False,1269686321.4375,288834232.5,417148231.21875,192177178.5,624944655.46875,2435234186.71875,MISSING
transfer_fixed_five,B2-rank3-q1-r4-K2,215212e37d35f0277d90e0dfb354ff27c6334677ddc57b31f4e702fb709a928b,0.04635205228889744,0.005256376547101335,True,0.0037168195009252836,0.00026014045149713727,1.0620308450250202,0.029059030994467522,0.03251571004389567,11707,9350,21057,131448980.53125,840415.8064224109,True,131448980.53125,54309293.15625,70551478.5,57113822.34375,118233738.9375,250387470.9375,MISSING
transfer_fixed_five,B2-rank3-q1-r8-K2,1e063a21340c2fb397fe431779fa0bb1d2fba619b736361014296303c8f0e3e9,0.04635205228889744,0.005256157396431461,True,0.0037166645380005137,0.0002610609785499429,1.0307583312111528,0.02905918595739229,0.03251478951684286,11027,8808,19835,131912047.65625,1322361.0880247594,True,131912047.65625,53333215.78125,69465889.0625,55502049.0625,116124627.34375,251842515.625,MISSING
transfer_fixed_five,B0-rank6-q1-r0-K0,d9ae4b8645a032031fc003c9e7268010e6a5c5734c6da898043c748bd900aa64,0.04635205228889744,0.009976267821590988,True,0.007054286627580134,0.0006265786540605722,1.0,0.025721563867812672,0.03214927184133223,13247,8480,21727,227503417.0,0.0,False,227503417.0,102573167.0,130448908.0,110785973.0,223071109.0,433605739.0,MISSING
transfer_fixed_five,B1-rank12-q1-r0-K0,9a24146ac2b7dfd129fa7d49aa2d50772fc647424d2ab958638482cfac139529,0.04635205228889744,0.005265778433252583,True,0.0037234676383787746,0.0002615994585534187,1.0,0.02905238285701403,0.03251425103683939,10384,8291,18675,374247000.0,0.0,False,374247000.0,163462275.0,216256500.0,183593925.0,363490200.0,715532625.0,MISSING
transfer_fixed_five,B3-rank0-q8-r32-K4,a090ea4c0aa58921cf4904fed6f6f74fac8d2e12f031736c8c94aa80754f295b,0.04635205228889744,6.247566909536482e-05,True,4.417696927649928e-05,3.5948699160792685e-06,1.47140967604679,0.032731673526116306,0.032772255625476726,17711,17667,35378,1244533917.375,15963812.53127003,False,1244533917.375,283112445.0,408884551.6875,188370161.0,612564542.1875,2386992354.6875,MISSING
transfer_fixed_five,B2-rank3-q1-r4-K2,215212e37d35f0277d90e0dfb354ff27c6334677ddc57b31f4e702fb709a928b,0.04681723214389186,0.005256376547101335,True,0.0037168195009252836,0.00026014045149713727,1.0620308450250202,0.02938796282440545,0.0328446418738336,11446,9164,20610,128658569.0625,822575.3797010916,True,128658569.0625,53156410.3125,69053805.0,55901404.6875,115723861.875,245072221.875,MISSING
transfer_fixed_five,B2-rank3-q1-r8-K2,1e063a21340c2fb397fe431779fa0bb1d2fba619b736361014296303c8f0e3e9,0.04681723214389186,0.005256157396431461,True,0.0037166645380005137,0.0002610609785499429,1.0307583312111528,0.02938811778733022,0.03284372134678079,10782,8633,19415,129118850.78125,1294360.500327739,True,129118850.78125,52203901.40625,67994970.3125,54326810.3125,113665724.21875,246509828.125,MISSING
transfer_fixed_five,B0-rank6-q1-r0-K0,d9ae4b8645a032031fc003c9e7268010e6a5c5734c6da898043c748bd900aa64,0.04681723214389186,0.009976267821590988,True,0.007054286627580134,0.0006265786540605722,1.0,0.0260504956977506,0.03247820367127016,12915,8309,21224,222236504.0,0.0,False,222236504.0,100198504.0,127428896.0,108221176.0,217906808.0,423567368.0,MISSING
transfer_fixed_five,B1-rank12-q1-r0-K0,9a24146ac2b7dfd129fa7d49aa2d50772fc647424d2ab958638482cfac139529,0.04681723214389186,0.005265778433252583,True,0.0037234676383787746,0.0002615994585534187,1.0,0.02938131468695196,0.032843182866777315,10153,8125,18278,366291120.0,0.0,False,366291120.0,159987334.0,211659240.0,179691018.0,355762992.0,700321570.0,MISSING
transfer_fixed_five,B3-rank0-q8-r32-K4,a090ea4c0aa58921cf4904fed6f6f74fac8d2e12f031736c8c94aa80754f295b,0.04681723214389186,6.247566909536482e-05,True,4.417696927649928e-05,3.5948699160792685e-06,1.47140967604679,0.033060605356054235,0.033101187455414655,17361,17318,34679,1219944364.3125,15648398.857253475,False,1219944364.3125,277518697.5,400805793.65625,184648335.5,600461466.40625,2339830060.15625,MISSING
transfer_fixed_five,B2-rank3-q1-r4-K2,215212e37d35f0277d90e0dfb354ff27c6334677ddc57b31f4e702fb709a928b,0.047287080450158794,0.005256376547101335,True,0.0037168195009252836,0.00026014045149713727,1.0620308450250202,0.02972019574789582,0.033176874797323966,11192,8981,20173,125930582.90625,805134.0676715246,True,125930582.90625,52029319.03125,67589636.5,54716110.46875,113270134.1875,239875882.1875,MISSING
transfer_fixed_five,B2-rank3-q1-r8-K2,1e063a21340c2fb397fe431779fa0bb1d2fba619b736361014296303c8f0e3e9,0.047287080450158794,0.005256157396431461,True,0.0037166645380005137,0.0002610609785499429,1.0307583312111528,0.02972035071082059,0.03317595427027116,10542,8461,19003,126378857.65625,1266893.257158281,True,126378857.65625,51096097.78125,66552069.0625,53173957.0625,111253657.34375,241278715.625,MISSING
transfer_fixed_five,B0-rank6-q1-r0-K0,d9ae4b8645a032031fc003c9e7268010e6a5c5734c6da898043c748bd900aa64,0.047287080450158794,0.009976267821590988,True,0.007054286627580134,0.0006265786540605722,1.0,0.02638272862124097,0.03281043659476053,12592,8142,20734,217105714.0,0.0,False,217105714.0,97885214.0,124486936.0,105722666.0,212875978.0,413788438.0,MISSING
transfer_fixed_five,B1-rank12-q1-r0-K0,9a24146ac2b7dfd129fa7d49aa2d50772fc647424d2ab958638482cfac139529,0.047287080450158794,0.005265778433252583,True,0.0037234676383787746,0.0002615994585534187,1.0,0.02971354761044233,0.033175415790267684,9927,7963,17890,358515600.0,0.0,False,358515600.0,156591170.0,207166200.0,175876590.0,348210960.0,685455350.0,MISSING
transfer_fixed_five,B3-rank0-q8-r32-K4,a090ea4c0aa58921cf4904fed6f6f74fac8d2e12f031736c8c94aa80754f295b,0.047287080450158794,6.247566909536482e-05,True,4.417696927649928e-05,3.5948699160792685e-06,1.47140967604679,0.033392838279544604,0.033433420378905024,17017,16976,33993,1195812127.6875,15338851.245843807,False,1195812127.6875,272028982.5,392877284.34375,180995728.5,588583483.59375,2293544889.84375,MISSING
transfer_fixed_five,B2-rank3-q1-r4-K2,215212e37d35f0277d90e0dfb354ff27c6334677ddc57b31f4e702fb709a928b,0.04776164405933436,0.005256376547101335,True,0.0037168195009252836,0.00026014045149713727,1.0620308450250202,0.030055762894048224,0.03351244194347637,10943,8802,19745,123258779.53125,788051.9588645344,True,123258779.53125,50925440.15625,66155622.5,53555227.34375,110866940.9375,234786560.9375,MISSING
transfer_fixed_five,B2-rank3-q1-r8-K2,1e063a21340c2fb397fe431779fa0bb1d2fba619b736361014296303c8f0e3e9,0.04776164405933436,0.005256157396431461,True,0.0037166645380005137,0.0002610609785499429,1.0307583312111528,0.030055917856972994,0.033511521416423565,10308,8292,18600,123698718.75,1240026.0265823305,True,123698718.75,50012493.75,65140687.5,52046287.5,108894281.25,236161875.0,MISSING
transfer_fixed_five,B0-rank6-q1-r0-K0,d9ae4b8645a032031fc003c9e7268010e6a5c5734c6da898043c748bd900aa64,0.04776164405933436,0.009976267821590988,True,0.007054286627580134,0.0006265786540605722,1.0,0.026718295767393374,0.033146003740912935,12277,7978,20255,212090105.0,0.0,False,212090105.0,95623855.0,121611020.0,103280245.0,207958085.0,404229035.0,MISSING
transfer_fixed_five,B1-rank12-q1-r0-K0,9a24146ac2b7dfd129fa7d49aa2d50772fc647424d2ab958638482cfac139529,0.04776164405933436,0.005265778433252583,True,0.0037234676383787746,0.0002615994585534187,1.0,0.030049114756594733,0.03351098293642009,9707,7805,17512,350940480.0,0.0,False,350940480.0,153282536.0,202788960.0,172160472.0,340853568.0,670972280.0,MISSING
transfer_fixed_five,B3-rank0-q8-r32-K4,a090ea4c0aa58921cf4904fed6f6f74fac8d2e12f031736c8c94aa80754f295b,0.04776164405933436,6.247566909536482e-05,True,4.417696927649928e-05,3.5948699160792685e-06,1.47140967604679,0.03372840542569701,0.03376898752505743,16680,16640,33320,1172137207.5,15035169.697041027,False,1172137207.5,266643300.0,385099023.75,177412340.0,576930593.75,2248136843.75,MISSING
transfer_fixed_five,B2-rank3-q1-r4-K2,215212e37d35f0277d90e0dfb354ff27c6334677ddc57b31f4e702fb709a928b,0.048240970293248225,0.005256376547101335,True,0.0037168195009252836,0.00026014045149713727,1.0620308450250202,0.030394697724449325,0.03385137677387747,10700,8627,19327,120649401.46875,771368.9647492964,True,120649401.46875,49847352.84375,64755113.5,52421467.65625,108519897.0625,229816149.0625,MISSING
transfer_fixed_five,B2-rank3-q1-r8-K2,1e063a21340c2fb397fe431779fa0bb1d2fba619b736361014296303c8f0e3e9,0.048240970293248225,0.005256157396431461,True,0.0037166645380005137,0.0002610609785499429,1.0307583312111528,0.030394852687374095,0.033850456246824666,10080,8127,18207,121085084.53125,1213825.4766658328,True,121085084.53125,48955778.15625,63764327.8125,50946599.8125,106593450.46875,231172003.125,MISSING
transfer_fixed_five,B0-rank6-q1-r0-K0,d9ae4b8645a032031fc003c9e7268010e6a5c5734c6da898043c748bd900aa64,0.048240970293248225,0.009976267821590988,True,0.007054286627580134,0.0006265786540605722,1.0,0.027057230597794475,0.03348493857131404,11972,7817,19789,207210619.0,0.0,False,207210619.0,93423869.0,118813156.0,100904111.0,203173663.0,394929073.0,MISSING
transfer_fixed_five,B1-rank12-q1-r0-K0,9a24146ac2b7dfd129fa7d49aa2d50772fc647424d2ab958638482cfac139529,0.048240970293248225,0.005265778433252583,True,0.0037234676383787746,0.0002615994585534187,1.0,0.030388049586995834,0.03384991776682119,9491,7649,17140,343485600.0,0.0,False,343485600.0,150026420.0,198481200.0,168503340.0,333612960.0,656719100.0,MISSING
transfer_fixed_five,B3-rank0-q8-r32-K4,a090ea4c0aa58921cf4904fed6f6f74fac8d2e12f031736c8c94aa80754f295b,0.048240970293248225,6.247566909536482e-05,True,4.417696927649928e-05,3.5948699160792685e-06,1.47140967604679,0.03406734025609811,0.03410792235545853,16350,16311,32661,1148954781.9375,14737805.44643028,False,1148954781.9375,261369652.5,377482569.46875,173903494.5,565520111.71875,2203673392.96875,MISSING
transfer_fixed_five,B2-rank3-q1-r4-K2,215212e37d35f0277d90e0dfb354ff27c6334677ddc57b31f4e702fb709a928b,0.048725106948642405,0.005256376547101335,True,0.0037168195009252836,0.00026014045149713727,1.0620308450250202,0.030737034036499522,0.03419371308592767,10463,8455,18918,118096206.1875,755045.1738566351,True,118096206.1875,48792477.9375,63384759.0,51312119.0625,106223387.625,224952755.625,MISSING
transfer_fixed_five,B2-rank3-q1-r8-K2,1e063a21340c2fb397fe431779fa0bb1d2fba619b736361014296303c8f0e3e9,0.048725106948642405,0.005256157396431461,True,0.0037166645380005137,0.0002610609785499429,1.0307583312111528,0.030737188999424292,0.03419279255887486,9856,7965,17821,118518003.59375,1188091.6032109521,True,118518003.59375,47917884.46875,62412483.4375,49866499.4375,104333601.40625,226271009.375,MISSING
transfer_fixed_five,B0-rank6-q1-r0-K0,d9ae4b8645a032031fc003c9e7268010e6a5c5734c6da898043c748bd900aa64,0.048725106948642405,0.009976267821590988,True,0.007054286627580134,0.0006265786540605722,1.0,0.027399566909844672,0.03382727488336423,11674,7659,19333,202435843.0,0.0,False,202435843.0,91271093.0,116075332.0,98578967.0,198491911.0,385828681.0,MISSING
transfer_fixed_five,B1-rank12-q1-r0-K0,9a24146ac2b7dfd129fa7d49aa2d50772fc647424d2ab958638482cfac139529,0.048725106948642405,0.005265778433252583,True,0.0037234676383787746,0.0002615994585534187,1.0,0.03073038589904603,0.03419225407887139,9281,7497,16778,336231120.0,0.0,False,336231120.0,146857834.0,194289240.0,164944518.0,326566992.0,642849070.0,MISSING
transfer_fixed_five,B3-rank0-q8-r32-K4,a090ea4c0aa58921cf4904fed6f6f74fac8d2e12f031736c8c94aa80754f295b,0.048725106948642405,6.247566909536482e-05,True,4.417696927649928e-05,3.5948699160792685e-06,1.47140967604679,0.034409676568148306,0.034450258667508726,16026,15988,32014,1126194494.625,14445856.02284128,False,1126194494.625,256192035.0,370004806.3125,170458543.0,554317407.8125,2160019595.3125,MISSING
transfer_fixed_five,B2-rank3-q1-r4-K2,215212e37d35f0277d90e0dfb354ff27c6334677ddc57b31f4e702fb709a928b,0.04921410230193737,0.005256376547101335,True,0.0037168195009252836,0.00026014045149713727,1.0620308450250202,0.031082805966783103,0.03453948501621125,10232,8287,18519,115605436.21875,739120.4976557262,True,115605436.21875,47763394.59375,62047909.5,50229893.90625,103983027.5625,220208271.5625,MISSING
transfer_fixed_five,B2-rank3-q1-r8-K2,1e063a21340c2fb397fe431779fa0bb1d2fba619b736361014296303c8f0e3e9,0.04921410230193737,0.005256157396431461,True,0.0037166645380005137,0.0002610609785499429,1.0307583312111528,0.031082960929707873,0.034538564489158444,9638,7806,17444,116010776.875,1162957.7423495792,True,116010776.875,46904190.375,61092158.75,48811582.75,102126443.125,221484287.5,MISSING
transfer_fixed_five,B0-rank6-q1-r0-K0,d9ae4b8645a032031fc003c9e7268010e6a5c5734c6da898043c748bd900aa64,0.04921410230193737,0.009976267821590988,True,0.007054286627580134,0.0006265786540605722,1.0,0.027745338840128253,0.034173046813647814,11385,7505,18890,197797190.0,0.0,False,197797190.0,89179690.0,113415560.0,96320110.0,193943630.0,376987730.0,MISSING
transfer_fixed_five,B1-rank12-q1-r0-K0,9a24146ac2b7dfd129fa7d49aa2d50772fc647424d2ab958638482cfac139529,0.04921410230193737,0.005265778433252583,True,0.0037234676383787746,0.0002615994585534187,1.0,0.031076157829329612,0.03453802600915497,9076,7347,16423,329116920.0,0.0,False,329116920.0,143750519.0,190178340.0,161454513.0,319657272.0,629247245.0,MISSING
transfer_fixed_five,B3-rank0-q8-r32-K4,a090ea4c0aa58921cf4904fed6f6f74fac8d2e12f031736c8c94aa80754f295b,0.04921410230193737,6.247566909536482e-05,True,4.417696927649928e-05,3.5948699160792685e-06,1.47140967604679,0.03475544849843189,0.03479603059779231,15709,15672,31381,1103926701.9375,14160223.897444312,False,1103926701.9375,251126452.5,362688849.46875,167088134.5,543357111.71875,2117310392.96875,MISSING
transfer_fixed_five,B2-rank3-q1-r4-K2,215212e37d35f0277d90e0dfb354ff27c6334677ddc57b31f4e702fb709a928b,0.049708005114046064,0.005256376547101335,True,0.0037168195009252836,0.00026014045149713727,1.0620308450250202,0.031432047994472266,0.03488872704390041,10006,8121,18127,113158363.96875,723475.2017390436,True,113158363.96875,46752365.34375,60734513.5,49166655.15625,101781972.0625,215547024.0625,MISSING
transfer_fixed_five,B2-rank3-q1-r8-K2,1e063a21340c2fb397fe431779fa0bb1d2fba619b736361014296303c8f0e3e9,0.049708005114046064,0.005256157396431461,True,0.0037166645380005137,0.0002610609785499429,1.0307583312111528,0.031432202957397036,0.03488780651684761,9425,7651,17076,113563404.375,1138423.8940817136,True,113563404.375,45914695.875,59803353.75,47781849.75,99971975.625,216811837.5,MISSING
transfer_fixed_five,B0-rank6-q1-r0-K0,d9ae4b8645a032031fc003c9e7268010e6a5c5734c6da898043c748bd900aa64,0.049708005114046064,0.009976267821590988,True,0.007054286627580134,0.0006265786540605722,1.0,0.028094580867817416,0.03452228884133698,11104,7354,18458,193273718.0,0.0,False,193273718.0,87140218.0,110821832.0,94117342.0,189508286.0,368366306.0,MISSING
transfer_fixed_five,B1-rank12-q1-r0-K0,9a24146ac2b7dfd129fa7d49aa2d50772fc647424d2ab958638482cfac139529,0.049708005114046064,0.005265778433252583,True,0.0037234676383787746,0.0002615994585534187,1.0,0.031425399857018775,0.03488726803684413,8875,7201,16076,322163040.0,0.0,False,322163040.0,140713228.0,186160080.0,158043156.0,312903264.0,615951940.0,MISSING
transfer_fixed_five,B3-rank0-q8-r32-K4,a090ea4c0aa58921cf4904fed6f6f74fac8d2e12f031736c8c94aa80754f295b,0.049708005114046064,6.247566909536482e-05,True,4.417696927649928e-05,3.5948699160792685e-06,1.47140967604679,0.03510469052612105,0.03514527262548147,15398,15362,30760,1082081047.5,13880006.599069087,False,1082081047.5,246156900.0,355511583.75,163781620.0,532604593.75,2075410843.75,MISSING
transfer_fixed_five,B2-rank3-q1-r4-K2,215212e37d35f0277d90e0dfb354ff27c6334677ddc57b31f4e702fb709a928b,0.05,0.005256376547101335,True,0.0037168195009252836,0.00026014045149713727,1.0620308450250202,0.03163851955840209,0.03509519860783024,9876,8026,17902,111753794.4375,714495.1211746212,True,111753794.4375,46172055.1875,59980651.0,48556377.8125,100518611.125,212871563.125,MISSING
transfer_fixed_five,B2-rank3-q1-r8-K2,1e063a21340c2fb397fe431779fa0bb1d2fba619b736361014296303c8f0e3e9,0.05,0.005256157396431461,True,0.0037166645380005137,0.0002610609785499429,1.0307583312111528,0.03163867452132686,0.03509427808077743,9303,7561,16864,112153505.0,1124290.264101313,True,112153505.0,45344661.0,59060890.0,47188634.0,98730815.0,214120100.0,MISSING
transfer_fixed_five,B0-rank6-q1-r0-K0,d9ae4b8645a032031fc003c9e7268010e6a5c5734c6da898043c748bd900aa64,0.05,0.009976267821590988,True,0.007054286627580134,0.0006265786540605722,1.0,0.028301052431747242,0.034728760405266804,10943,7267,18210,190676910.0,0.0,False,190676910.0,85969410.0,109332840.0,92852790.0,186962070.0,363416970.0,MISSING
transfer_fixed_five,B1-rank12-q1-r0-K0,9a24146ac2b7dfd129fa7d49aa2d50772fc647424d2ab958638482cfac139529,0.05,0.005265778433252583,True,0.0037234676383787746,0.0002615994585534187,1.0,0.0316318714209486,0.03509373960077396,8760,7117,15877,318175080.0,0.0,False,318175080.0,138971381.0,183855660.0,156086787.0,309029928.0,608327255.0,MISSING
transfer_fixed_five,B3-rank0-q8-r32-K4,a090ea4c0aa58921cf4904fed6f6f74fac8d2e12f031736c8c94aa80754f295b,0.05,6.247566909536482e-05,True,4.417696927649928e-05,3.5948699160792685e-06,1.47140967604679,0.03531116209005088,0.0353517441894113,15218,15183,30401,1069452078.1875,13718013.02400193,False,1069452078.1875,243284002.5,351362407.59375,161870124.5,526388564.84375,2051188721.09375,MISSING
transfer_fixed_five,B2-rank3-q1-r4-K2,215212e37d35f0277d90e0dfb354ff27c6334677ddc57b31f4e702fb709a928b,0.05020686463523607,0.005256376547101335,True,0.0037168195009252836,0.00026014045149713727,1.0620308450250202,0.031784794944765195,0.03524147399419334,9785,7960,17745,110773717.03125,708229.0205141131,True,110773717.03125,45767127.65625,59454622.5,48130539.84375,99637065.9375,211004685.9375,MISSING
transfer_fixed_five,B2-rank3-q1-r8-K2,1e063a21340c2fb397fe431779fa0bb1d2fba619b736361014296303c8f0e3e9,0.05020686463523607,0.005256157396431461,True,0.0037166645380005137,0.0002610609785499429,1.0307583312111528,0.031784949907689965,0.035240553467140535,9217,7498,16715,111162585.15625,1114356.7222754653,True,111162585.15625,44944023.28125,58539064.0625,46771704.0625,97858489.84375,212228265.625,MISSING
transfer_fixed_five,B0-rank6-q1-r0-K0,d9ae4b8645a032031fc003c9e7268010e6a5c5734c6da898043c748bd900aa64,0.05020686463523607,0.009976267821590988,True,0.007054286627580134,0.0006265786540605722,1.0,0.028447327818110345,0.034875035791629906,10830,7206,18036,188854956.0,0.0,False,188854956.0,85147956.0,108288144.0,91965564.0,185175612.0,359944452.0,MISSING
transfer_fixed_five,B1-rank12-q1-r0-K0,9a24146ac2b7dfd129fa7d49aa2d50772fc647424d2ab958638482cfac139529,0.05020686463523607,0.005265778433252583,True,0.0037234676383787746,0.0002615994585534187,1.0,0.031778146807311704,0.03524001498713706,8679,7058,15737,315369480.0,0.0,False,315369480.0,137745961.0,182234460.0,154710447.0,306304968.0,602963155.0,MISSING
transfer_fixed_five,B3-rank0-q8-r32-K4,a090ea4c0aa58921cf4904fed6f6f74fac8d2e12f031736c8c94aa80754f295b,0.05020686463523607,6.247566909536482e-05,True,4.417696927649928e-05,3.5948699160792685e-06,1.47140967604679,0.03545743747641398,0.0354980195757744,15093,15058,30151,1060657531.3125,13605204.127715606,False,1060657531.3125,241283377.5,348473009.15625,160538999.5,522059853.90625,2034320947.65625,MISSING
transfer_fixed_five,B2-rank3-q1-r4-K2,215212e37d35f0277d90e0dfb354ff27c6334677ddc57b31f4e702fb709a928b,0.05071073061004074,0.005256376547101335,True,0.0037168195009252836,0.00026014045149713727,1.0620308450250202,0.03214108199235875,0.0355977610417869,9569,7801,17370,108432767.8125,693262.2195734091,True,108432767.8125,44799944.0625,58198185.0,47113410.9375,97531464.375,206545584.375,MISSING
transfer_fixed_five,B2-rank3-q1-r8-K2,1e063a21340c2fb397fe431779fa0bb1d2fba619b736361014296303c8f0e3e9,0.05071073061004074,0.005256157396431461,True,0.0037166645380005137,0.0002610609785499429,1.0307583312111528,0.03214123695528352,0.03559684051473409,9014,7349,16363,108821620.15625,1090889.5630627244,True,108821620.15625,43997550.28125,57306294.0625,45786742.0625,95797694.84375,207758965.625,MISSING
transfer_fixed_five,B0-rank6-q1-r0-K0,d9ae4b8645a032031fc003c9e7268010e6a5c5734c6da898043c748bd900aa64,0.05071073061004074,0.009976267821590988,True,0.007054286627580134,0.0006265786540605722,1.0,0.028803614865703903,0.035231322839223464,10564,7061,17625,184551375.0,0.0,False,184551375.0,83207625.0,105820500.0,89869875.0,180955875.0,351742125.0,MISSING
transfer_fixed_five,B1-rank12-q1-r0-K0,9a24146ac2b7dfd129fa7d49aa2d50772fc647424d2ab958638482cfac139529,0.05071073061004074,0.005265778433252583,True,0.0037234676383787746,0.0002615994585534187,1.0,0.03213443385490526,0.03559630203473062,8488,6917,15405,308716200.0,0.0,False,308716200.0,134839965.0,178389900.0,151446555.0,299842920.0,590242575.0,MISSING
transfer_fixed_five,B3-rank0-q8-r32-K4,a090ea4c0aa58921cf4904fed6f6f74fac8d2e12f031736c8c94aa80754f295b,0.05071073061004074,6.247566909536482e-05,True,4.417696927649928e-05,3.5948699160792685e-06,1.47140967604679,0.03581372452400754,0.03585430662336796,14794,14761,29555,1039691331.5625,13336267.718969014,False,1039691331.5625,236513887.5,341584683.28125,157365597.5,511740207.03125,1994108175.78125,MISSING
transfer_fixed_five,B2-rank3-q1-r4-K2,215212e37d35f0277d90e0dfb354ff27c6334677ddc57b31f4e702fb709a928b,0.051219653282219585,0.005256376547101335,True,0.0037168195009252836,0.00026014045149713727,1.0620308450250202,0.03250094466495599,0.035957623714384136,9359,7646,17005,106154243.90625,678694.5333244572,True,106154243.90625,43858552.03125,56975252.5,46123405.46875,95482012.1875,202205392.1875,MISSING
transfer_fixed_five,B2-rank3-q1-r8-K2,1e063a21340c2fb397fe431779fa0bb1d2fba619b736361014296303c8f0e3e9,0.051219653282219585,0.005256157396431461,True,0.0037166645380005137,0.0002610609785499429,1.0307583312111528,0.03250109962788076,0.03595670318733133,8816,7203,16019,106533858.90625,1067955.7483775457,True,106533858.90625,43072588.03125,56101541.5625,44824165.5625,93783736.09375,203391240.625,MISSING
transfer_fixed_five,B0-rank6-q1-r0-K0,d9ae4b8645a032031fc003c9e7268010e6a5c5734c6da898043c748bd900aa64,0.051219653282219585,0.009976267821590988,True,0.007054286627580134,0.0006265786540605722,1.0,0.02916347753830114,0.0355911855118207,10305,6919,17224,180352504.0,0.0,False,180352504.0,81314504.0,103412896.0,87825176.0,176838808.0,343739368.0,MISSING
transfer_fixed_five,B1-rank12-q1-r0-K0,9a24146ac2b7dfd129fa7d49aa2d50772fc647424d2ab958638482cfac139529,0.051219653282219585,0.005265778433252583,True,0.0037234676383787746,0.0002615994585534187,1.0,0.0324942965275025,0.035956164707327855,8301,6779,15080,302203200.0,0.0,False,302203200.0,131995240.0,174626400.0,148251480.0,293517120.0,577790200.0,MISSING
transfer_fixed_five,B3-rank0-q8-r32-K4,a090ea4c0aa58921cf4904fed6f6f74fac8d2e12f031736c8c94aa80754f295b,0.051219653282219585,6.247566909536482e-05,True,4.417696927649928e-05,3.5948699160792685e-06,1.47140967604679,0.036173587196604774,0.036214169295965194,14501,14469,28970,1019112091.875,13072294.90165902,False,1019112091.875,231832425.0,334823490.9375,154250765.0,501611023.4375,1954637585.9375,MISSING
transfer_fixed_five,B2-rank3-q1-r4-K2,215212e37d35f0277d90e0dfb354ff27c6334677ddc57b31f4e702fb709a928b,0.051733683399768325,0.005256376547101335,True,0.0037168195009252836,0.00026014045149713727,1.0620308450250202,0.032864418846808824,0.03632109789623697,9153,7494,16647,103919417.71875,664406.2273597317,True,103919417.71875,42935214.09375,55775773.5,45152386.40625,93471864.5625,197948436.5625,MISSING
transfer_fixed_five,B2-rank3-q1-r8-K2,1e063a21340c2fb397fe431779fa0bb1d2fba619b736361014296303c8f0e3e9,0.051733683399768325,0.005256157396431461,True,0.0037166645380005137,0.0002610609785499429,1.0307583312111528,0.032864573809733594,0.036320177369184165,8622,7059,15681,104286000.46875,1045421.942088039,True,104286000.46875,42163758.84375,54917802.1875,43878378.1875,91804904.53125,199099696.875,MISSING
transfer_fixed_five,B0-rank6-q1-r0-K0,d9ae4b8645a032031fc003c9e7268010e6a5c5734c6da898043c748bd900aa64,0.051733683399768325,0.009976267821590988,True,0.007054286627580134,0.0006265786540605722,1.0,0.029526951720153974,0.035954659693673535,10053,6780,16833,176258343.0,0.0,False,176258343.0,79468593.0,101065332.0,85831467.0,172824411.0,335936181.0,MISSING
transfer_fixed_five,B1-rank12-q1-r0-K0,9a24146ac2b7dfd129fa7d49aa2d50772fc647424d2ab958638482cfac139529,0.051733683399768325,0.005265778433252583,True,0.0037234676383787746,0.0002615994585534187,1.0,0.03285777070935533,0.03631963888918069,8118,6644,14762,295830480.0,0.0,False,295830480.0,129211786.0,170943960.0,145125222.0,287327568.0,565606030.0,MISSING
transfer_fixed_five,B3-rank0-q8-r32-K4,a090ea4c0aa58921cf4904fed6f6f74fac8d2e12f031736c8c94aa80754f295b,0.051733683399768325,6.247566909536482e-05,True,4.417696927649928e-05,3.5948699160792685e-06,1.47140967604679,0.03653706137845761,0.03657764347781803,14214,14183,28397,998954990.4375,12813736.91137077,False,998954990.4375,227246992.5,328200989.71875,151199826.5,491689617.96875,1915976649.21875,MISSING
transfer_fixed_five,B2-rank3-q1-r4-K2,215212e37d35f0277d90e0dfb354ff27c6334677ddc57b31f4e702fb709a928b,0.05225287221997931,0.005256376547101335,True,0.0037168195009252836,0.00026014045149713727,1.0620308450250202,0.03323154078229625,0.0366882198317244,8952,7344,16296,101728289.25,650397.3016792329,True,101728289.25,42029930.25,54599748.0,44200353.75,91501021.5,193774717.5,MISSING
transfer_fixed_five,B2-rank3-q1-r8-K2,1e063a21340c2fb397fe431779fa0bb1d2fba619b736361014296303c8f0e3e9,0.05225287221997931,0.005256157396431461,True,0.0037166645380005137,0.0002610609785499429,1.0307583312111528,0.03323169574522102,0.03668729930467159,8432,6919,15351,102091345.78125,1023421.4803260943,True,102091345.78125,41276440.40625,53762080.3125,42954976.3125,89872909.21875,194909728.125,MISSING
transfer_fixed_five,B0-rank6-q1-r0-K0,d9ae4b8645a032031fc003c9e7268010e6a5c5734c6da898043c748bd900aa64,0.05225287221997931,0.009976267821590988,True,0.007054286627580134,0.0006265786540605722,1.0,0.029894073655641402,0.036321781629160964,9807,6644,16451,172258421.0,0.0,False,172258421.0,77665171.0,98771804.0,83883649.0,168902417.0,328312607.0,MISSING
transfer_fixed_five,B1-rank12-q1-r0-K0,9a24146ac2b7dfd129fa7d49aa2d50772fc647424d2ab958638482cfac139529,0.05225287221997931,0.005265778433252583,True,0.0037234676383787746,0.0002615994585534187,1.0,0.03322489264484276,0.03668676082466812,7940,6512,14452,289618080.0,0.0,False,289618080.0,126498356.0,167354160.0,142077612.0,281293728.0,553728380.0,MISSING
transfer_fixed_five,B3-rank0-q8-r32-K4,a090ea4c0aa58921cf4904fed6f6f74fac8d2e12f031736c8c94aa80754f295b,0.05225287221997931,6.247566909536482e-05,True,4.417696927649928e-05,3.5948699160792685e-06,1.47140967604679,0.03690418331394504,0.03694476541330546,13933,13902,27835,979184849.0625,12560142.512519117,False,979184849.0625,222749587.5,321705622.03125,148207457.5,481958675.78125,1878057894.53125,MISSING
transfer_fixed_five,B2-rank3-q1-r4-K2,215212e37d35f0277d90e0dfb354ff27c6334677ddc57b31f4e702fb709a928b,0.052777271514552804,0.005256376547101335,True,0.0037168195009252836,0.00026014045149713727,1.0620308450250202,0.03360234707953861,0.037059026128966756,8755,7198,15953,99587101.03125,636707.6677521355,True,99587101.03125,41145279.65625,53450526.5,43270019.84375,89575097.9375,189696125.9375,MISSING
transfer_fixed_five,B2-rank3-q1-r8-K2,1e063a21340c2fb397fe431779fa0bb1d2fba619b736361014296303c8f0e3e9,0.052777271514552804,0.005256157396431461,True,0.0037166645380005137,0.0002610609785499429,1.0307583312111528,0.03360250204246338,0.03705810560191395,8247,6781,15028,99943244.375,1001887.6950257667,True,99943244.375,40407943.875,52630873.75,42051161.75,87981895.625,190808637.5,MISSING
transfer_fixed_five,B0-rank6-q1-r0-K0,d9ae4b8645a032031fc003c9e7268010e6a5c5734c6da898043c748bd900aa64,0.052777271514552804,0.009976267821590988,True,0.007054286627580134,0.0006265786540605722,1.0,0.03026487995288376,0.03669258792640332,9569,6510,16079,168363209.0,0.0,False,168363209.0,75908959.0,96538316.0,81986821.0,165083093.0,320888603.0,MISSING
transfer_fixed_five,B1-rank12-q1-r0-K0,9a24146ac2b7dfd129fa7d49aa2d50772fc647424d2ab958638482cfac139529,0.052777271514552804,0.005265778433252583,True,0.0037234676383787746,0.0002615994585534187,1.0,0.03359569894208512,0.037057567121910474,7765,6382,14147,283505880.0,0.0,False,283505880.0,123828691.0,163822260.0,139079157.0,275357208.0,542042305.0,MISSING
transfer_fixed_five,B3-rank0-q8-r32-K4,a090ea4c0aa58921cf4904fed6f6f74fac8d2e12f031736c8c94aa80754f295b,0.052777271514552804,6.247566909536482e-05,True,4.417696927649928e-05,3.5948699160792685e-06,1.47140967604679,0.037274989611187394,0.037315571710547814,13657,13627,27284,959801667.75,12311511.705104062,False,959801667.75,218340210.0,315337387.875,145273658.0,472418196.875,1840881321.875,MISSING
transfer_fixed_five,B2-rank3-q1-r4-K2,215212e37d35f0277d90e0dfb354ff27c6334677ddc57b31f4e702fb709a928b,0.05330693357475939,0.005256376547101335,True,0.0037168195009252836,0.00026014045149713727,1.0620308450250202,0.03397687471404792,0.03743355376347607,8563,7055,15618,97495853.0625,623337.32557844,True,97495853.0625,40281262.3125,52328109.0,42361384.6875,87694093.875,185712661.875,MISSING
transfer_fixed_five,B2-rank3-q1-r8-K2,1e063a21340c2fb397fe431779fa0bb1d2fba619b736361014296303c8f0e3e9,0.05330693357475939,0.005256157396431461,True,0.0037166645380005137,0.0002610609785499429,1.0307583312111528,0.03397702967697269,0.03743263323642326,8066,6646,14712,97841696.25,980820.5861870563,True,97841696.25,39558269.25,51524182.5,41166934.5,86131863.75,186796425.0,MISSING
transfer_fixed_five,B0-rank6-q1-r0-K0,d9ae4b8645a032031fc003c9e7268010e6a5c5734c6da898043c748bd900aa64,0.05330693357475939,0.009976267821590988,True,0.007054286627580134,0.0006265786540605722,1.0,0.030639407587393072,0.037067115560912633,9336,6379,15715,164551765.0,0.0,False,164551765.0,74190515.0,94352860.0,80130785.0,161345905.0,313624255.0,MISSING
transfer_fixed_five,B1-rank12-q1-r0-K0,9a24146ac2b7dfd129fa7d49aa2d50772fc647424d2ab958638482cfac139529,0.05330693357475939,0.005265778433252583,True,0.0037234676383787746,0.0002615994585534187,1.0,0.03397022657659443,0.03743209475641979,7595,6255,13850,277554000.0,0.0,False,277554000.0,121229050.0,160383000.0,136159350.0,269576400.0,530662750.0,MISSING
transfer_fixed_five,B3-rank0-q8-r32-K4,a090ea4c0aa58921cf4904fed6f6f74fac8d2e12f031736c8c94aa80754f295b,0.05330693357475939,6.247566909536482e-05,True,4.417696927649928e-05,3.5948699160792685e-06,1.47140967604679,0.037649517245696706,0.037690099345057126,13387,13358,26745,940840624.6875,12068295.724710751,False,940840624.6875,214026862.5,309107844.84375,142403752.5,463085496.09375,1804514402.34375,MISSING
transfer_fixed_five,B2-rank3-q1-r4-K2,215212e37d35f0277d90e0dfb354ff27c6334677ddc57b31f4e702fb709a928b,0.05384191121665428,0.005256376547101335,True,0.0037168195009252836,0.00026014045149713727,1.0620308450250202,0.03435516103241499,0.037811840081843136,8376,6914,15290,95448302.8125,610246.3636889709,True,95448302.8125,39435299.0625,51229145.0,41471735.9375,85852394.375,181812434.375,MISSING
transfer_fixed_five,B2-rank3-q1-r8-K2,1e063a21340c2fb397fe431779fa0bb1d2fba619b736361014296303c8f0e3e9,0.05384191121665428,0.005256157396431461,True,0.0037166645380005137,0.0002610609785499429,1.0307583312111528,0.03435531599533976,0.03781091955479033,7890,6514,14404,95793351.875,960286.821875908,True,95793351.875,38730105.375,50445508.75,40305092.75,84328668.125,182885787.5,MISSING
transfer_fixed_five,B0-rank6-q1-r0-K0,d9ae4b8645a032031fc003c9e7268010e6a5c5734c6da898043c748bd900aa64,0.05384191121665428,0.009976267821590988,True,0.007054286627580134,0.0006265786540605722,1.0,0.03101769390576014,0.0374454018792797,9110,6251,15361,160845031.0,0.0,False,160845031.0,72519281.0,92227444.0,78325739.0,157711387.0,306559477.0,MISSING
transfer_fixed_five,B1-rank12-q1-r0-K0,9a24146ac2b7dfd129fa7d49aa2d50772fc647424d2ab958638482cfac139529,0.05384191121665428,0.005265778433252583,True,0.0037234676383787746,0.0002615994585534187,1.0,0.0343485128949615,0.037810381074786854,7429,6131,13560,271742400.0,0.0,False,271742400.0,118690680.0,157024800.0,133308360.0,263931840.0,519551400.0,MISSING
transfer_fixed_five,B3-rank0-q8-r32-K4,a090ea4c0aa58921cf4904fed6f6f74fac8d2e12f031736c8c94aa80754f295b,0.05384191121665428,6.247566909536482e-05,True,4.417696927649928e-05,3.5948699160792685e-06,1.47140967604679,0.038027803564063774,0.038068385663424194,13122,13094,26216,922231363.5,11829592.100168895,False,922231363.5,209793540.0,302993877.75,139587092.0,453925943.75,1768822193.75,MISSING
transfer_fixed_five,B2-rank3-q1-r4-K2,215212e37d35f0277d90e0dfb354ff27c6334677ddc57b31f4e702fb709a928b,0.05438225778634401,0.005256376547101335,True,0.0037168195009252836,0.00026014045149713727,1.0620308450250202,0.03473724375603349,0.03819392280546163,8192,6777,14969,93444450.28125,597434.7820837282,True,93444450.28125,38607389.90625,50153634.5,40601073.59375,84049999.4375,177995443.4375,MISSING
transfer_fixed_five,B2-rank3-q1-r8-K2,1e063a21340c2fb397fe431779fa0bb1d2fba619b736361014296303c8f0e3e9,0.05438225778634401,0.005256157396431461,True,0.0037166645380005137,0.0002610609785499429,1.0307583312111528,0.03473739871895826,0.03819300227840883,7717,6384,14101,93778259.84375,940086.3978944861,True,93778259.84375,37915385.71875,49384345.9375,39457241.9375,82554745.15625,179038634.375,MISSING
transfer_fixed_five,B0-rank6-q1-r0-K0,d9ae4b8645a032031fc003c9e7268010e6a5c5734c6da898043c748bd900aa64,0.05438225778634401,0.009976267821590988,True,0.007054286627580134,0.0006265786540605722,1.0,0.03139977662937864,0.0378274846028982,8889,6125,15014,157211594.0,0.0,False,157211594.0,70881094.0,90144056.0,76556386.0,154148738.0,299634398.0,MISSING
transfer_fixed_five,B1-rank12-q1-r0-K0,9a24146ac2b7dfd129fa7d49aa2d50772fc647424d2ab958638482cfac139529,0.05438225778634401,0.005265778433252583,True,0.0037234676383787746,0.0002615994585534187,1.0,0.034730595618579996,0.03819246379840535,7266,6009,13275,266031000.0,0.0,False,266031000.0,116196075.0,153724500.0,130506525.0,258384600.0,508631625.0,MISSING
transfer_fixed_five,B3-rank0-q8-r32-K4,a090ea4c0aa58921cf4904fed6f6f74fac8d2e12f031736c8c94aa80754f295b,0.05438225778634401,6.247566909536482e-05,True,4.417696927649928e-05,3.5948699160792685e-06,1.47140967604679,0.03840988628768227,0.03845046838704269,12862,12835,25697,903973884.1875,11595400.83147849,False,903973884.1875,205640242.5,296995486.59375,136823676.5,444939539.84375,1733804696.09375,MISSING
transfer_fixed_five,B2-rank3-q1-r4-K2,215212e37d35f0277d90e0dfb354ff27c6334677ddc57b31f4e702fb709a928b,0.0549280271653059,0.005256376547101335,True,0.0037168195009252836,0.00026014045149713727,1.0620308450250202,0.03512316098486141,0.038579840034289554,8013,6642,14655,91484295.46875,584902.5807627122,True,91484295.46875,37797534.84375,49101577.5,39749397.65625,82286909.0625,174261689.0625,MISSING
transfer_fixed_five,B2-rank3-q1-r8-K2,1e063a21340c2fb397fe431779fa0bb1d2fba619b736361014296303c8f0e3e9,0.0549280271653059,0.005256157396431461,True,0.0037166645380005137,0.0002610609785499429,1.0307583312111528,0.03512331594778618,0.03857891950723675,7548,6257,13805,91809721.09375,920352.6503746812,True,91809721.09375,37119487.96875,48347698.4375,38628978.4375,80821803.90625,175280359.375,MISSING
transfer_fixed_five,B0-rank6-q1-r0-K0,d9ae4b8645a032031fc003c9e7268010e6a5c5734c6da898043c748bd900aa64,0.0549280271653059,0.009976267821590988,True,0.007054286627580134,0.0006265786540605722,1.0,0.03178569385820656,0.03821340183172612,8675,6002,14677,153682867.0,0.0,False,153682867.0,69290117.0,88120708.0,74838023.0,150688759.0,292908889.0,MISSING
transfer_fixed_five,B1-rank12-q1-r0-K0,9a24146ac2b7dfd129fa7d49aa2d50772fc647424d2ab958638482cfac139529,0.0549280271653059,0.005265778433252583,True,0.0037234676383787746,0.0002615994585534187,1.0,0.03511651284740792,0.03857838102723327,7107,5889,12996,260439840.0,0.0,False,260439840.0,113753988.0,150493680.0,127763676.0,252954144.0,497941740.0,MISSING
transfer_fixed_five,B3-rank0-q8-r32-K4,a090ea4c0aa58921cf4904fed6f6f74fac8d2e12f031736c8c94aa80754f295b,0.0549280271653059,6.247566909536482e-05,True,4.417696927649928e-05,3.5948699160792685e-06,1.47140967604679,0.03879580351651019,0.03883638561587061,12607,12581,25188,886068186.75,11365721.918639537,False,886068186.75,201566970.0,291112671.375,134113506.0,436126284.375,1699461909.375,MISSING
transfer_fixed_five,B2-rank3-q1-r4-K2,215212e37d35f0277d90e0dfb354ff27c6334677ddc57b31f4e702fb709a928b,0.055479273775760854,0.005256376547101335,True,0.0037168195009252836,0.00026014045149713727,1.0620308450250202,0.03551295120122021,0.038969630250648354,7839,6510,14349,89574080.90625,572689.6711950977,True,89574080.90625,37008313.03125,48076324.5,38919420.46875,80568738.1875,170623062.1875,MISSING
transfer_fixed_five,B2-rank3-q1-r8-K2,1e063a21340c2fb397fe431779fa0bb1d2fba619b736361014296303c8f0e3e9,0.055479273775760854,0.005256157396431461,True,0.0037166645380005137,0.0002610609785499429,1.0307583312111528,0.03551310616414498,0.03896870972359555,7384,6132,13516,89887735.625,901085.5793164935,True,89887735.625,36342412.125,47335566.25,37820302.25,79129844.375,171610962.5,MISSING
transfer_fixed_five,B0-rank6-q1-r0-K0,d9ae4b8645a032031fc003c9e7268010e6a5c5734c6da898043c748bd900aa64,0.055479273775760854,0.009976267821590988,True,0.007054286627580134,0.0006265786540605722,1.0,0.03217548407456536,0.03860319204808492,8466,5882,14348,150237908.0,0.0,False,150237908.0,67736908.0,86145392.0,73160452.0,147310916.0,286343036.0,MISSING
transfer_fixed_five,B1-rank12-q1-r0-K0,9a24146ac2b7dfd129fa7d49aa2d50772fc647424d2ab958638482cfac139529,0.055479273775760854,0.005265778433252583,True,0.0037234676383787746,0.0002615994585534187,1.0,0.03550630306376672,0.03896817124359207,6952,5772,12724,254988960.0,0.0,False,254988960.0,111373172.0,147343920.0,125089644.0,247659936.0,487520060.0,MISSING
transfer_fixed_five,B3-rank0-q8-r32-K4,a090ea4c0aa58921cf4904fed6f6f74fac8d2e12f031736c8c94aa80754f295b,0.055479273775760854,6.247566909536482e-05,True,4.417696927649928e-05,3.5948699160792685e-06,1.47140967604679,0.03918559373286899,0.03922617583222941,12358,12332,24690,868549449.375,11141006.597237185,False,868549449.375,197581725.0,285356989.6875,131461905.0,427503492.1875,1665861304.6875,MISSING
transfer_fixed_five,B2-rank3-q1-r4-K2,215212e37d35f0277d90e0dfb354ff27c6334677ddc57b31f4e702fb709a928b,0.05603605258610028,0.005256376547101335,True,0.0037168195009252836,0.00026014045149713727,1.0620308450250202,0.0359066532736322,0.03936333232306034,7668,6380,14048,87695079.0,560676.3189733593,True,87695079.0,36231987.0,47067824.0,38103005.0,78878642.0,167043890.0,MISSING
transfer_fixed_five,B2-rank3-q1-r8-K2,1e063a21340c2fb397fe431779fa0bb1d2fba619b736361014296303c8f0e3e9,0.05603605258610028,0.005256157396431461,True,0.0037166645380005137,0.0002610609785499429,1.0307583312111528,0.03590680823655697,0.03936241179600754,7223,6010,13233,88005652.96875,882218.5166539773,True,88005652.96875,35581469.34375,46344447.1875,37028415.1875,77473012.03125,168017746.875,MISSING
transfer_fixed_five,B0-rank6-q1-r0-K0,d9ae4b8645a032031fc003c9e7268010e6a5c5734c6da898043c748bd900aa64,0.05603605258610028,0.009976267821590988,True,0.007054286627580134,0.0006265786540605722,1.0,0.03256918614697735,0.03899689412049691,8263,5763,14026,146866246.0,0.0,False,146866246.0,66216746.0,84212104.0,71518574.0,144004942.0,279916882.0,MISSING
transfer_fixed_five,B1-rank12-q1-r0-K0,9a24146ac2b7dfd129fa7d49aa2d50772fc647424d2ab958638482cfac139529,0.05603605258610028,0.005265778433252583,True,0.0037234676383787746,0.0002615994585534187,1.0,0.035900005136178706,0.03936187331600406,6801,5657,12458,249658320.0,0.0,False,249658320.0,109044874.0,144263640.0,122474598.0,242482512.0,477328270.0,MISSING
transfer_fixed_five,B3-rank0-q8-r32-K4,a090ea4c0aa58921cf4904fed6f6f74fac8d2e12f031736c8c94aa80754f295b,0.05603605258610028,6.247566909536482e-05,True,4.417696927649928e-05,3.5948699160792685e-06,1.47140967604679,0.03957929580528098,0.0396198779046414,12113,12088,24201,851347315.6875,10920352.396101138,False,851347315.6875,193668502.5,279705326.34375,128858224.5,419036533.59375,1632867939.84375,MISSING
transfer_fixed_five,B2-rank3-q1-r4-K2,215212e37d35f0277d90e0dfb354ff27c6334677ddc57b31f4e702fb709a928b,0.05659841911636728,0.005256376547101335,True,0.0037168195009252836,0.00026014045149713727,1.0620308450250202,0.036304306460696344,0.03976098551012449,7501,6253,13754,85859774.8125,548942.3470358474,True,85859774.8125,35473715.0625,46082777.0,37305575.9375,77227850.375,163547954.375,MISSING
transfer_fixed_five,B2-rank3-q1-r8-K2,1e063a21340c2fb397fe431779fa0bb1d2fba619b736361014296303c8f0e3e9,0.05659841911636728,0.005256157396431461,True,0.0037166645380005137,0.0002610609785499429,1.0307583312111528,0.036304461423621114,0.039760064983071684,7065,5891,12956,86163473.125,863751.4623871329,True,86163473.125,34836659.625,45374341.25,36253317.25,75851306.875,164500712.5,MISSING
transfer_fixed_five,B0-rank6-q1-r0-K0,d9ae4b8645a032031fc003c9e7268010e6a5c5734c6da898043c748bd900aa64,0.05659841911636728,0.009976267821590988,True,0.007054286627580134,0.0006265786540605722,1.0,0.032966839334041494,0.039394547307561055,8064,5648,13712,143578352.0,0.0,False,143578352.0,64734352.0,82326848.0,69917488.0,140781104.0,273650384.0,MISSING
transfer_fixed_five,B1-rank12-q1-r0-K0,9a24146ac2b7dfd129fa7d49aa2d50772fc647424d2ab958638482cfac139529,0.05659841911636728,0.005265778433252583,True,0.0037234676383787746,0.0002615994585534187,1.0,0.03629765832324285,0.03975952650306821,6652,5544,12196,244407840.0,0.0,False,244407840.0,106751588.0,141229680.0,119898876.0,237382944.0,467289740.0,MISSING
transfer_fixed_five,B3-rank0-q8-r32-K4,a090ea4c0aa58921cf4904fed6f6f74fac8d2e12f031736c8c94aa80754f295b,0.05659841911636728,6.247566909536482e-05,True,4.417696927649928e-05,3.5948699160792685e-06,1.47140967604679,0.03997694899234513,0.04001753109170555,11873,11849,23722,834496963.875,10704210.550816543,False,834496963.875,189835305.0,274169238.9375,126307789.0,410742723.4375,1600549285.9375,MISSING
transfer_fixed_five,B2-rank3-q1-r4-K2,215212e37d35f0277d90e0dfb354ff27c6334677ddc57b31f4e702fb709a928b,0.05716642944379286,0.005256376547101335,True,0.0037168195009252836,0.00026014045149713727,1.0620308450250202,0.036705950415002964,0.04016262946443111,7337,6129,13466,84061925.8125,537447.8439133867,True,84061925.8125,34730918.0625,45117833.0,36524420.9375,75610748.375,160123364.375,MISSING
transfer_fixed_five,B2-rank3-q1-r8-K2,1e063a21340c2fb397fe431779fa0bb1d2fba619b736361014296303c8f0e3e9,0.05716642944379286,0.005256157396431461,True,0.0037166645380005137,0.0002610609785499429,1.0307583312111528,0.036706105377927734,0.040161708937378304,6912,5773,12685,84361196.09375,845684.4165159604,True,84361196.09375,34107982.96875,44425248.4375,35495008.4375,74264728.90625,161059859.375,MISSING
transfer_fixed_five,B0-rank6-q1-r0-K0,d9ae4b8645a032031fc003c9e7268010e6a5c5734c6da898043c748bd900aa64,0.05716642944379286,0.009976267821590988,True,0.007054286627580134,0.0006265786540605722,1.0,0.033368483288348114,0.039796191261867675,7872,5534,13406,140374226.0,0.0,False,140374226.0,63289726.0,80489624.0,68357194.0,137639402.0,267543542.0,MISSING
transfer_fixed_five,B1-rank12-q1-r0-K0,9a24146ac2b7dfd129fa7d49aa2d50772fc647424d2ab958638482cfac139529,0.05716642944379286,0.005265778433252583,True,0.0037234676383787746,0.0002615994585534187,1.0,0.03669930227754947,0.04016117045737483,6508,5434,11942,239317680.0,0.0,False,239317680.0,104528326.0,138288360.0,117401802.0,232439088.0,457557730.0,MISSING
transfer_fixed_five,B3-rank0-q8-r32-K4,a090ea4c0aa58921cf4904fed6f6f74fac8d2e12f031736c8c94aa80754f295b,0.05716642944379286,6.247566909536482e-05,True,4.417696927649928e-05,3.5948699160792685e-06,1.47140967604679,0.04037859294665175,0.04041917504601217,11638,11615,23253,817998393.9375,10492581.061383404,False,817998393.9375,186082132.5,268748727.46875,123810598.5,402622061.71875,1568905342.96875,MISSING
transfer_fixed_five,B2-rank3-q1-r4-K2,215212e37d35f0277d90e0dfb354ff27c6334677ddc57b31f4e702fb709a928b,0.05774014020838788,0.005256376547101335,True,0.0037168195009252836,0.00026014045149713727,1.0620308450250202,0.03711162518708781,0.04056830423651596,7178,6007,13185,82307774.53125,526232.7210751525,True,82307774.53125,34006175.15625,44176342.5,35762252.34375,74032950.9375,156782010.9375,MISSING
transfer_fixed_five,B2-rank3-q1-r8-K2,1e063a21340c2fb397fe431779fa0bb1d2fba619b736361014296303c8f0e3e9,0.05774014020838788,0.005256157396431461,True,0.0037166645380005137,0.0002610609785499429,1.0307583312111528,0.03711178015001258,0.04056738370946315,6761,5659,12420,82598821.875,828017.3790404594,True,82598821.875,33395439.375,43497168.75,34753488.75,72713278.125,157695187.5,MISSING
transfer_fixed_five,B0-rank6-q1-r0-K0,d9ae4b8645a032031fc003c9e7268010e6a5c5734c6da898043c748bd900aa64,0.05774014020838788,0.009976267821590988,True,0.007054286627580134,0.0006265786540605722,1.0,0.03377415806043296,0.040201866033952524,7684,5423,13107,137243397.0,0.0,False,137243397.0,61878147.0,78694428.0,66832593.0,134569569.0,261576399.0,MISSING
transfer_fixed_five,B1-rank12-q1-r0-K0,9a24146ac2b7dfd129fa7d49aa2d50772fc647424d2ab958638482cfac139529,0.05774014020838788,0.005265778433252583,True,0.0037234676383787746,0.0002615994585534187,1.0,0.03710497704963432,0.04056684522945968,6366,5326,11692,234307680.0,0.0,False,234307680.0,102340076.0,135393360.0,114944052.0,227573088.0,447978980.0,MISSING
transfer_fixed_five,B3-rank0-q8-r32-K4,a090ea4c0aa58921cf4904fed6f6f74fac8d2e12f031736c8c94aa80754f295b,0.05774014020838788,6.247566909536482e-05,True,4.417696927649928e-05,3.5948699160792685e-06,1.47140967604679,0.0407842677187366,0.04082484981809702,11408,11385,22793,801816427.6875,10285012.692216571,False,801816427.6875,182400982.5,263432234.34375,121361328.5,394657233.59375,1537868639.84375,MISSING
transfer_fixed_five,B2-rank3-q1-r4-K2,215212e37d35f0277d90e0dfb354ff27c6334677ddc57b31f4e702fb709a928b,0.058319608618590896,0.005256376547101335,True,0.0037168195009252836,0.00026014045149713727,1.0620308450250202,0.037521371229425754,0.0409780502788539,7022,5887,12909,80584835.90625,515217.15558279434,True,80584835.90625,33294328.03125,43251604.5,35013645.46875,72483228.1875,153500112.1875,MISSING
transfer_fixed_five,B2-rank3-q1-r8-K2,1e063a21340c2fb397fe431779fa0bb1d2fba619b736361014296303c8f0e3e9,0.058319608618590896,0.005256157396431461,True,0.0037166645380005137,0.0002610609785499429,1.0307583312111528,0.037521526192350524,0.040977129751801095,6614,5546,12160,80869700.0,810683.6818946849,True,80869700.0,32696340.0,42586600.0,34025960.0,71191100.0,154394000.0,MISSING
transfer_fixed_five,B0-rank6-q1-r0-K0,d9ae4b8645a032031fc003c9e7268010e6a5c5734c6da898043c748bd900aa64,0.058319608618590896,0.009976267821590988,True,0.007054286627580134,0.0006265786540605722,1.0,0.034183904102770904,0.040611612076290465,7501,5314,12815,134185865.0,0.0,False,134185865.0,60499615.0,76941260.0,65343685.0,131571605.0,255748955.0,MISSING
transfer_fixed_five,B1-rank12-q1-r0-K0,9a24146ac2b7dfd129fa7d49aa2d50772fc647424d2ab958638482cfac139529,0.058319608618590896,0.005265778433252583,True,0.0037234676383787746,0.0002615994585534187,1.0,0.03751472309197226,0.04097659127179762,6228,5220,11448,229417920.0,0.0,False,229417920.0,100204344.0,132567840.0,112545288.0,222823872.0,438630120.0,MISSING
transfer_fixed_five,B3-rank0-q8-r32-K4,a090ea4c0aa58921cf4904fed6f6f74fac8d2e12f031736c8c94aa80754f295b,0.058319608618590896,6.247566909536482e-05,True,4.417696927649928e-05,3.5948699160792685e-06,1.47140967604679,0.04119401376107454,0.04123459586043496,11182,11160,22342,785951065.125,10081505.443316044,False,785951065.125,178791855.0,258219759.5625,118959979.0,386848239.0625,1507439176.5625,MISSING
transfer_fixed_five,B2-rank3-q1-r4-K2,215212e37d35f0277d90e0dfb354ff27c6334677ddc57b31f4e702fb709a928b,0.058904892456972856,0.005256376547101335,True,0.0037168195009252836,0.00026014045149713727,1.0620308450250202,0.03793522940046453,0.04139190844989268,6870,5770,12640,78905595.0,504480.97037466266,True,78905595.0,32600535.0,42350320.0,34284025.0,70972810.0,150301450.0,MISSING
transfer_fixed_five,B2-rank3-q1-r8-K2,1e063a21340c2fb397fe431779fa0bb1d2fba619b736361014296303c8f0e3e9,0.058904892456972856,0.005256157396431461,True,0.0037166645380005137,0.0002610609785499429,1.0307583312111528,0.0379353843633893,0.04139098792283987,6471,5436,11907,79187131.40625,793816.6612105274,True,79187131.40625,32016062.53125,41700546.5625,33318018.5625,69709903.59375,151181690.625,MISSING
transfer_fixed_five,B0-rank6-q1-r0-K0,d9ae4b8645a032031fc003c9e7268010e6a5c5734c6da898043c748bd900aa64,0.058904892456972856,0.009976267821590988,True,0.007054286627580134,0.0006265786540605722,1.0,0.03459776227380968,0.04102547024732924,7322,5208,12530,131201630.0,0.0,False,131201630.0,59154130.0,75230120.0,63890470.0,128645510.0,250061210.0,MISSING
transfer_fixed_five,B1-rank12-q1-r0-K0,9a24146ac2b7dfd129fa7d49aa2d50772fc647424d2ab958638482cfac139529,0.058904892456972856,0.005265778433252583,True,0.0037234676383787746,0.0002615994585534187,1.0,0.03792858126301104,0.041390449442836395,6093,5116,11209,224628360.0,0.0,False,224628360.0,98112377.0,129800220.0,110195679.0,218171976.0,429472835.0,MISSING
transfer_fixed_five,B3-rank0-q8-r32-K4,a090ea4c0aa58921cf4904fed6f6f74fac8d2e12f031736c8c94aa80754f295b,0.058904892456972856,6.247566909536482e-05,True,4.417696927649928e-05,3.5948699160792685e-06,1.47140967604679,0.041607871932113315,0.041648454031473735,10961,10939,21900,770402306.25,9882059.314681828,False,770402306.25,175254750.0,253111303.125,116606550.0,379195078.125,1477616953.125,MISSING
transfer_fixed_five,B2-rank3-q1-r4-K2,215212e37d35f0277d90e0dfb354ff27c6334677ddc57b31f4e702fb709a928b,0.0594960500859989,0.005256376547101335,True,0.0037168195009252836,0.00026014045149713727,1.0620308450250202,0.03835324096869901,0.04180992001812715,6721,5655,12376,77257566.75,493944.34251240705,True,77257566.75,31919637.75,41465788.0,33567966.25,69490466.5,147162242.5,MISSING
transfer_fixed_five,B2-rank3-q1-r8-K2,1e063a21340c2fb397fe431779fa0bb1d2fba619b736361014296303c8f0e3e9,0.0594960500859989,0.005256157396431461,True,0.0037166645380005137,0.0002610609785499429,1.0307583312111528,0.03835339593162378,0.04180899949107435,6331,5327,11658,77531164.6875,777216.312790151,True,77531164.6875,31346540.4375,40828501.875,32621269.875,68252125.3125,148020168.75,MISSING
transfer_fixed_five,B0-rank6-q1-r0-K0,d9ae4b8645a032031fc003c9e7268010e6a5c5734c6da898043c748bd900aa64,0.0594960500859989,0.009976267821590988,True,0.007054286627580134,0.0006265786540605722,1.0,0.03501577384204416,0.04144348181556372,7148,5103,12251,128280221.0,0.0,False,128280221.0,57836971.0,73555004.0,62467849.0,125781017.0,244493207.0,MISSING
transfer_fixed_five,B1-rank12-q1-r0-K0,9a24146ac2b7dfd129fa7d49aa2d50772fc647424d2ab958638482cfac139529,0.0594960500859989,0.005265778433252583,True,0.0037234676383787746,0.0002615994585534187,1.0,0.038346592831245516,0.04180846101107087,5961,5014,10975,219939000.0,0.0,False,219939000.0,96064175.0,127090500.0,107895225.0,213617400.0,420507125.0,MISSING
transfer_fixed_five,B3-rank0-q8-r32-K4,a090ea4c0aa58921cf4904fed6f6f74fac8d2e12f031736c8c94aa80754f295b,0.0594960500859989,6.247566909536482e-05,True,4.417696927649928e-05,3.5948699160792685e-06,1.47140967604679,0.04202588350034779,0.04206646559970821,10744,10723,21467,755170151.0625,9686674.306313917,False,755170151.0625,171789667.5,248106865.03125,114301041.5,371697750.78125,1448401969.53125,MISSING
transfer_fixed_five,B2-rank3-q1-r4-K2,215212e37d35f0277d90e0dfb354ff27c6334677ddc57b31f4e702fb709a928b,0.06009314045384813,0.005256376547101335,True,0.0037168195009252836,0.00026014045149713727,1.0620308450250202,0.03877544761678637,0.042232126666214516,6575,5543,12118,75646993.6875,483647.1834652027,True,75646993.6875,31254215.4375,40601359.0,32868181.5625,68041812.625,144094380.625,MISSING
transfer_fixed_five,B2-rank3-q1-r8-K2,1e063a21340c2fb397fe431779fa0bb1d2fba619b736361014296303c8f0e3e9,0.06009314045384813,0.005256157396431461,True,0.0037166645380005137,0.0002610609785499429,1.0307583312111528,0.03877560257971114,0.04223120613916171,6194,5221,11415,75915100.78125,761015.9727654463,True,75915100.78125,30693151.40625,39977470.3125,31941310.3125,66829474.21875,144934828.125,MISSING
transfer_fixed_five,B0-rank6-q1-r0-K0,d9ae4b8645a032031fc003c9e7268010e6a5c5734c6da898043c748bd900aa64,0.06009314045384813,0.009976267821590988,True,0.007054286627580134,0.0006265786540605722,1.0,0.03543798049013152,0.04186568846365108,6979,5001,11980,125442580.0,0.0,False,125442580.0,56557580.0,71927920.0,61086020.0,122998660.0,239084860.0,MISSING
transfer_fixed_five,B1-rank12-q1-r0-K0,9a24146ac2b7dfd129fa7d49aa2d50772fc647424d2ab958638482cfac139529,0.06009314045384813,0.005265778433252583,True,0.0037234676383787746,0.0002615994585534187,1.0,0.03876879947933288,0.042230667659158234,5831,4915,10746,215349840.0,0.0,False,215349840.0,94059738.0,124438680.0,105643926.0,209160144.0,411732990.0,MISSING
transfer_fixed_five,B3-rank0-q8-r32-K4,a090ea4c0aa58921cf4904fed6f6f74fac8d2e12f031736c8c94aa80754f295b,0.06009314045384813,6.247566909536482e-05,True,4.417696927649928e-05,3.5948699160792685e-06,1.47140967604679,0.042448090148435154,0.042488672247795574,10531,10511,21042,740219421.375,9494899.18262717,False,740219421.375,168388605.0,243194887.6875,112038129.0,364338942.1875,1419726754.6875,MISSING
transfer_fixed_five,B2-rank3-q1-r4-K2,215212e37d35f0277d90e0dfb354ff27c6334677ddc57b31f4e702fb709a928b,0.06069622310029173,0.005256376547101335,True,0.0037168195009252836,0.00026014045149713727,1.0620308450250202,0.03920189144570257,0.042658570495130714,6433,5433,11866,74073875.8125,473589.49323304964,True,74073875.8125,30604268.0625,39757033.0,32184670.9375,66626848.375,141097864.375,MISSING
transfer_fixed_five,B2-rank3-q1-r8-K2,1e063a21340c2fb397fe431779fa0bb1d2fba619b736361014296303c8f0e3e9,0.06069622310029173,0.005256157396431461,True,0.0037166645380005137,0.0002610609785499429,1.0307583312111528,0.03920204640862734,0.04265764996807791,6060,5118,11178,74338939.6875,745215.6411364134,True,74338939.6875,30055895.4375,39147451.875,31278139.875,65441950.3125,141925668.75,MISSING
transfer_fixed_five,B0-rank6-q1-r0-K0,d9ae4b8645a032031fc003c9e7268010e6a5c5734c6da898043c748bd900aa64,0.06069622310029173,0.009976267821590988,True,0.007054286627580134,0.0006265786540605722,1.0,0.03586442431904772,0.04229213229256728,6814,4900,11714,122657294.0,0.0,False,122657294.0,55301794.0,70330856.0,59729686.0,120267638.0,233776298.0,MISSING
transfer_fixed_five,B1-rank12-q1-r0-K0,9a24146ac2b7dfd129fa7d49aa2d50772fc647424d2ab958638482cfac139529,0.06069622310029173,0.005265778433252583,True,0.0037234676383787746,0.0002615994585534187,1.0,0.03919524330824908,0.04265711148807443,5705,4817,10522,210860880.0,0.0,False,210860880.0,92099066.0,121844760.0,103441782.0,204800208.0,403150430.0,MISSING
transfer_fixed_five,B3-rank0-q8-r32-K4,a090ea4c0aa58921cf4904fed6f6f74fac8d2e12f031736c8c94aa80754f295b,0.06069622310029173,6.247566909536482e-05,True,4.417696927649928e-05,3.5948699160792685e-06,1.47140967604679,0.04287453397735135,0.04291511607671177,10323,10303,20626,725585295.375,9307185.179206729,False,725585295.375,165059565.0,238386928.6875,109823137.0,357135967.1875,1391658779.6875,MISSING
transfer_fixed_five,B2-rank3-q1-r4-K2,215212e37d35f0277d90e0dfb354ff27c6334677ddc57b31f4e702fb709a928b,0.06130535816262994,0.005256376547101335,True,0.0037168195009252836,0.00026014045149713727,1.0620308450250202,0.03963261497894041,0.04308929402836856,6294,5325,11619,72531970.59375,463731.3603467726,True,72531970.59375,29967216.46875,38929459.5,31514722.03125,65239958.8125,138160802.8125,MISSING
transfer_fixed_five,B2-rank3-q1-r8-K2,1e063a21340c2fb397fe431779fa0bb1d2fba619b736361014296303c8f0e3e9,0.06130535816262994,0.005256157396431461,True,0.0037166645380005137,0.0002610609785499429,1.0307583312111528,0.03963276994186518,0.04308837350131575,5929,5016,10945,72789380.46875,729681.9817711617,True,72789380.46875,29429394.84375,38331442.1875,30626162.1875,64077844.53125,138967296.875,MISSING
transfer_fixed_five,B0-rank6-q1-r0-K0,d9ae4b8645a032031fc003c9e7268010e6a5c5734c6da898043c748bd900aa64,0.06130535816262994,0.009976267821590988,True,0.007054286627580134,0.0006265786540605722,1.0,0.03629514785228556,0.04272285582580512,6653,4802,11455,119945305.0,0.0,False,119945305.0,54079055.0,68775820.0,58409045.0,117608485.0,228607435.0,MISSING
transfer_fixed_five,B1-rank12-q1-r0-K0,9a24146ac2b7dfd129fa7d49aa2d50772fc647424d2ab958638482cfac139529,0.06130535816262994,0.005265778433252583,True,0.0037234676383787746,0.0002615994585534187,1.0,0.03962596684148692,0.043087835021312276,5582,4721,10303,206472120.0,0.0,False,206472120.0,90182159.0,119308740.0,101288793.0,200537592.0,394759445.0,MISSING
transfer_fixed_five,B3-rank0-q8-r32-K4,a090ea4c0aa58921cf4904fed6f6f74fac8d2e12f031736c8c94aa80754f295b,0.06130535816262994,6.247566909536482e-05,True,4.417696927649928e-05,3.5948699160792685e-06,1.47140967604679,0.043305257510589196,0.043345839609949616,10118,10099,20217,711197416.6875,9122629.824882306,False,711197416.6875,161786542.5,233659872.84375,107645416.5,350054196.09375,1364063102.34375,MISSING
transfer_fixed_five,B2-rank3-q1-r4-K2,215212e37d35f0277d90e0dfb354ff27c6334677ddc57b31f4e702fb709a928b,0.061920606381688906,0.005256376547101335,True,0.0037168195009252836,0.00026014045149713727,1.0620308450250202,0.04006766116674995,0.0435243402161781,6158,5219,11377,71021278.03125,454072.7848063716,True,71021278.03125,29343060.65625,38118638.5,30858334.84375,63881143.9375,135283195.9375,MISSING
transfer_fixed_five,B2-rank3-q1-r8-K2,1e063a21340c2fb397fe431779fa0bb1d2fba619b736361014296303c8f0e3e9,0.061920606381688906,0.005256157396431461,True,0.0037166645380005137,0.0002610609785499429,1.0307583312111528,0.04006781612967472,0.04352341968912529,5800,4916,10716,71266423.125,714414.9946696911,True,71266423.125,28813649.625,37529441.25,29985377.25,62737156.875,136059712.5,MISSING
transfer_fixed_five,B0-rank6-q1-r0-K0,d9ae4b8645a032031fc003c9e7268010e6a5c5734c6da898043c748bd900aa64,0.061920606381688906,0.009976267821590988,True,0.007054286627580134,0.0006265786540605722,1.0,0.0367301940400951,0.04315790201361466,6497,4706,11203,117306613.0,0.0,False,117306613.0,52889363.0,67262812.0,57124097.0,115021201.0,223578271.0,MISSING
transfer_fixed_five,B1-rank12-q1-r0-K0,9a24146ac2b7dfd129fa7d49aa2d50772fc647424d2ab958638482cfac139529,0.061920606381688906,0.005265778433252583,True,0.0037234676383787746,0.0002615994585534187,1.0,0.04006101302929646,0.043522881209121816,5461,4627,10088,202163520.0,0.0,False,202163520.0,88300264.0,116819040.0,99175128.0,196352832.0,386521720.0,MISSING
transfer_fixed_five,B3-rank0-q8-r32-K4,a090ea4c0aa58921cf4904fed6f6f74fac8d2e12f031736c8c94aa80754f295b,0.061920606381688906,6.247566909536482e-05,True,4.417696927649928e-05,3.5948699160792685e-06,1.47140967604679,0.043740303698398736,0.043780885797759156,9918,9900,19818,697161319.875,8942586.826409336,False,697161319.875,158593545.0,229048392.9375,105520941.0,343145573.4375,1337142135.9375,MISSING
transfer_fixed_five,B2-rank3-q1-r4-K2,215212e37d35f0277d90e0dfb354ff27c6334677ddc57b31f4e702fb709a928b,0.06254202910787746,0.005256376547101335,True,0.0037168195009252836,0.00026014045149713727,1.0620308450250202,0.040507073390421304,0.04396375243984945,6025,5115,11140,69541798.125,444613.7666118467,True,69541798.125,28731800.625,37324570.0,30215509.375,62550403.75,132465043.75,MISSING
transfer_fixed_five,B2-rank3-q1-r8-K2,1e063a21340c2fb397fe431779fa0bb1d2fba619b736361014296303c8f0e3e9,0.06254202910787746,0.005256157396431461,True,0.0037166645380005137,0.0002610609785499429,1.0307583312111528,0.040507228353346074,0.043962831912796645,5675,4818,10493,69783368.59375,699548.0159638921,True,69783368.59375,28214037.46875,36748453.4375,29361381.4375,61431596.40625,133228309.375,MISSING
transfer_fixed_five,B0-rank6-q1-r0-K0,d9ae4b8645a032031fc003c9e7268010e6a5c5734c6da898043c748bd900aa64,0.06254202910787746,0.009976267821590988,True,0.007054286627580134,0.0006265786540605722,1.0,0.037169606263766454,0.043597314237286015,6344,4611,10955,114709805.0,0.0,False,114709805.0,51718555.0,65773820.0,55859545.0,112474985.0,218628935.0,MISSING
transfer_fixed_five,B1-rank12-q1-r0-K0,9a24146ac2b7dfd129fa7d49aa2d50772fc647424d2ab958638482cfac139529,0.06254202910787746,0.005265778433252583,True,0.0037234676383787746,0.0002615994585534187,1.0,0.04050042525296781,0.04396229343279317,5344,4535,9879,197975160.0,0.0,False,197975160.0,86470887.0,114398820.0,97120449.0,192284856.0,378513885.0,MISSING
transfer_fixed_five,B3-rank0-q8-r32-K4,a090ea4c0aa58921cf4904fed6f6f74fac8d2e12f031736c8c94aa80754f295b,0.06254202910787746,6.247566909536482e-05,True,4.417696927649928e-05,3.5948699160792685e-06,1.47140967604679,0.04417971592207009,0.04422029802143051,9722,9704,19426,683371470.375,8765702.477032382,False,683371470.375,155456565.0,224517816.1875,103433737.0,336358154.6875,1310693467.1875,MISSING
transfer_fixed_five,B2-rank3-q1-r4-K2,215212e37d35f0277d90e0dfb354ff27c6334677ddc57b31f4e702fb709a928b,0.06316968830730468,0.005256376547101335,True,0.0037168195009252836,0.00026014045149713727,1.0620308450250202,0.04095089546661042,0.044407574516038564,5895,5013,10908,68093530.875,435354.30576319783,True,68093530.875,28133436.375,36547254.0,29586245.625,61247738.25,129706346.25,MISSING
transfer_fixed_five,B2-rank3-q1-r8-K2,1e063a21340c2fb397fe431779fa0bb1d2fba619b736361014296303c8f0e3e9,0.06316968830730468,0.005256157396431461,True,0.0037166645380005137,0.0002610609785499429,1.0307583312111528,0.04095105042953519,0.04440665398898576,5553,4722,10275,68333566.40625,685014.3775878196,True,68333566.40625,27627869.53125,35984976.5625,28751376.5625,60155308.59375,130460390.625,MISSING
transfer_fixed_five,B0-rank6-q1-r0-K0,d9ae4b8645a032031fc003c9e7268010e6a5c5734c6da898043c748bd900aa64,0.06316968830730468,0.009976267821590988,True,0.007054286627580134,0.0006265786540605722,1.0,0.03761342833995557,0.04404113631347513,6195,4519,10714,112186294.0,0.0,False,112186294.0,50580794.0,64326856.0,54630686.0,110000638.0,213819298.0,MISSING
transfer_fixed_five,B1-rank12-q1-r0-K0,9a24146ac2b7dfd129fa7d49aa2d50772fc647424d2ab958638482cfac139529,0.06316968830730468,0.005265778433252583,True,0.0037234676383787746,0.0002615994585534187,1.0,0.04094424732915693,0.04440611550898228,5228,4445,9673,193846920.0,0.0,False,193846920.0,84667769.0,112013340.0,95095263.0,188275272.0,370620995.0,MISSING
transfer_fixed_five,B3-rank0-q8-r32-K4,a090ea4c0aa58921cf4904fed6f6f74fac8d2e12f031736c8c94aa80754f295b,0.06316968830730468,6.247566909536482e-05,True,4.417696927649928e-05,3.5948699160792685e-06,1.47140967604679,0.0446235379982592,0.04466412009761962,9529,9512,19041,669827868.1875,8591976.776751446,False,669827868.1875,152375602.5,220068142.59375,101383804.5,329691939.84375,1284717096.09375,MISSING
transfer_fixed_five,B2-rank3-q1-r4-K2,215212e37d35f0277d90e0dfb354ff27c6334677ddc57b31f4e702fb709a928b,0.06380364656795913,0.005256376547101335,True,0.0037168195009252836,0.00026014045149713727,1.0620308450250202,0.0413991716517084,0.04485585070113655,5768,4913,10681,66676476.28125,426294.40226042503,True,66676476.28125,27547967.90625,35786690.5,28970543.59375,59973147.4375,127007103.4375,MISSING
transfer_fixed_five,B2-rank3-q1-r8-K2,1e063a21340c2fb397fe431779fa0bb1d2fba619b736361014296303c8f0e3e9,0.06380364656795913,0.005256157396431461,True,0.0037166645380005137,0.0002610609785499429,1.0307583312111528,0.04139932661463317,0.04485493017408374,5433,4629,10062,66917016.5625,670814.0795414736,True,66917016.5625,27055145.8125,35239010.625,28155362.625,58908293.4375,127755956.25,MISSING
transfer_fixed_five,B0-rank6-q1-r0-K0,d9ae4b8645a032031fc003c9e7268010e6a5c5734c6da898043c748bd900aa64,0.06380364656795913,0.009976267821590988,True,0.007054286627580134,0.0006265786540605722,1.0,0.03806170452505355,0.04448941249857311,6050,4428,10478,109715138.0,0.0,False,109715138.0,49466638.0,62909912.0,53427322.0,107577626.0,209109446.0,MISSING
transfer_fixed_five,B1-rank12-q1-r0-K0,9a24146ac2b7dfd129fa7d49aa2d50772fc647424d2ab958638482cfac139529,0.06380364656795913,0.005265778433252583,True,0.0037234676383787746,0.0002615994585534187,1.0,0.04139252351425491,0.044854391694080266,5116,4357,9473,189838920.0,0.0,False,189838920.0,82917169.0,109697340.0,93129063.0,184382472.0,362957995.0,MISSING
transfer_fixed_five,B3-rank0-q8-r32-K4,a090ea4c0aa58921cf4904fed6f6f74fac8d2e12f031736c8c94aa80754f295b,0.06380364656795913,6.247566909536482e-05,True,4.417696927649928e-05,3.5948699160792685e-06,1.47140967604679,0.045071814183357185,0.045112396282717605,9341,9324,18665,656600869.6875,8422312.196736818,False,656600869.6875,149366662.5,215722487.34375,99381792.5,323181558.59375,1259347964.84375,MISSING
transfer_fixed_five,B2-rank3-q1-r4-K2,215212e37d35f0277d90e0dfb354ff27c6334677ddc57b31f4e702fb709a928b,0.06444396710594981,0.005256376547101335,True,0.0037168195009252836,0.00026014045149713727,1.0620308450250202,0.041851946646254634,0.04530862569568278,5644,4816,10460,65296876.875,417473.96757270343,True,65296876.875,26977974.375,35046230.0,28371115.625,58732246.25,124379206.25,MISSING
transfer_fixed_five,B2-rank3-q1-r8-K2,1e063a21340c2fb397fe431779fa0bb1d2fba619b736361014296303c8f0e3e9,0.06444396710594981,0.005256157396431461,True,0.0037166645380005137,0.0002610609785499429,1.0307583312111528,0.041852101609179404,0.045307705168629975,5316,4537,9853,65527068.59375,656880.4537589087,True,65527068.59375,26493177.46875,34507053.4375,27570541.4375,57684696.40625,125102309.375,MISSING
transfer_fixed_five,B0-rank6-q1-r0-K0,d9ae4b8645a032031fc003c9e7268010e6a5c5734c6da898043c748bd900aa64,0.06444396710594981,0.009976267821590988,True,0.007054286627580134,0.0006265786540605722,1.0,0.038514479519599784,0.044942187493119345,5909,4340,10249,107317279.0,0.0,False,107317279.0,48385529.0,61534996.0,52259651.0,105226483.0,204539293.0,MISSING
transfer_fixed_five,B1-rank12-q1-r0-K0,9a24146ac2b7dfd129fa7d49aa2d50772fc647424d2ab958638482cfac139529,0.06444396710594981,0.005265778433252583,True,0.0037234676383787746,0.0002615994585534187,1.0,0.04184529850880114,0.0453071666886265,5006,4270,9276,185891040.0,0.0,False,185891040.0,81192828.0,107416080.0,91192356.0,180548064.0,355409940.0,MISSING
transfer_fixed_five,B3-rank0-q8-r32-K4,a090ea4c0aa58921cf4904fed6f6f74fac8d2e12f031736c8c94aa80754f295b,0.06444396710594981,6.247566909536482e-05,True,4.417696927649928e-05,3.5948699160792685e-06,1.47140967604679,0.04552458917790342,0.04556517127726384,9156,9140,18296,643620118.5,8255806.265818207,False,643620118.5,146413740.0,211457735.25,97417052.0,316792381.25,1234451131.25,MISSING
transfer_fixed_five,B2-rank3-q1-r4-K2,215212e37d35f0277d90e0dfb354ff27c6334677ddc57b31f4e702fb709a928b,0.06509071377180974,0.005256376547101335,True,0.0037168195009252836,0.00026014045149713727,1.0620308450250202,0.04230926559939398,0.045765944648822124,5523,4720,10243,63942247.59375,408813.17876168276,True,63942247.59375,26418297.46875,34319171.5,27782537.03125,57513804.8125,121798872.8125,MISSING
transfer_fixed_five,B2-rank3-q1-r8-K2,1e063a21340c2fb397fe431779fa0bb1d2fba619b736361014296303c8f0e3e9,0.06509071377180974,0.005256157396431461,True,0.0037166645380005137,0.0002610609785499429,1.0307583312111528,0.04230942056231875,0.04576502412176932,5202,4446,9648,64163722.5,643213.5002401249,True,64163722.5,25941964.5,33789105.0,26996913.0,56484517.5,122499450.0,MISSING
transfer_fixed_five,B0-rank6-q1-r0-K0,d9ae4b8645a032031fc003c9e7268010e6a5c5734c6da898043c748bd900aa64,0.06509071377180974,0.009976267821590988,True,0.007054286627580134,0.0006265786540605722,1.0,0.03897179847273913,0.04539950644625869,5771,4253,10024,104961304.0,0.0,False,104961304.0,47323304.0,60184096.0,51112376.0,102916408.0,200048968.0,MISSING
transfer_fixed_five,B1-rank12-q1-r0-K0,9a24146ac2b7dfd129fa7d49aa2d50772fc647424d2ab958638482cfac139529,0.06509071377180974,0.005265778433252583,True,0.0037234676383787746,0.0002615994585534187,1.0,0.04230261746194049,0.04576448564176584,4898,4185,9083,182023320.0,0.0,False,182023320.0,79503499.0,105181140.0,89294973.0,176791512.0,348015145.0,MISSING
transfer_fixed_five,B3-rank0-q8-r32-K4,a090ea4c0aa58921cf4904fed6f6f74fac8d2e12f031736c8c94aa80754f295b,0.06509071377180974,6.247566909536482e-05,True,4.417696927649928e-05,3.5948699160792685e-06,1.47140967604679,0.04598190813104276,0.04602249023040318,8975,8959,17934,630885614.625,8092458.983995611,False,630885614.625,143516835.0,207273886.3125,95489583.0,310524407.8125,1210026595.3125,MISSING
transfer_fixed_five,B2-rank3-q1-r4-K2,215212e37d35f0277d90e0dfb354ff27c6334677ddc57b31f4e702fb709a928b,0.06574395105686313,0.005256376547101335,True,0.0037168195009252836,0.00026014045149713727,1.0620308450250202,0.04277117411337912,0.04622785316280727,5404,4626,10030,62612588.4375,400312.0358273629,True,62612588.4375,25868937.1875,33605515.0,27204807.8125,56317823.125,119266103.125,MISSING
transfer_fixed_five,B2-rank3-q1-r8-K2,1e063a21340c2fb397fe431779fa0bb1d2fba619b736361014296303c8f0e3e9,0.06574395105686313,0.005256157396431461,True,0.0037166645380005137,0.0002610609785499429,1.0307583312111528,0.04277132907630389,0.04622693263575446,5090,4358,9448,62833628.75,629879.8870510677,True,62833628.75,25404195.75,33088667.5,26437275.5,55313611.25,119960075.0,MISSING
transfer_fixed_five,B0-rank6-q1-r0-K0,d9ae4b8645a032031fc003c9e7268010e6a5c5734c6da898043c748bd900aa64,0.06574395105686313,0.009976267821590988,True,0.007054286627580134,0.0006265786540605722,1.0,0.03943370698672427,0.04586141496024383,5636,4167,9803,102647213.0,0.0,False,102647213.0,46279963.0,58857212.0,49985497.0,100647401.0,195638471.0,MISSING
transfer_fixed_five,B1-rank12-q1-r0-K0,9a24146ac2b7dfd129fa7d49aa2d50772fc647424d2ab958638482cfac139529,0.06574395105686313,0.005265778433252583,True,0.0037234676383787746,0.0002615994585534187,1.0,0.04276452597592563,0.046226394155750986,4793,4102,8895,178255800.0,0.0,False,178255800.0,77857935.0,103004100.0,87446745.0,173132280.0,340811925.0,MISSING
transfer_fixed_five,B3-rank0-q8-r32-K4,a090ea4c0aa58921cf4904fed6f6f74fac8d2e12f031736c8c94aa80754f295b,0.06574395105686313,6.247566909536482e-05,True,4.417696927649928e-05,3.5948699160792685e-06,1.47140967604679,0.046443816645027905,0.046484398744388325,8797,8782,17579,618397358.0625,7932270.351269034,False,618397358.0625,140675947.5,203170940.53125,93599385.5,304377638.28125,1186074357.03125,MISSING
transfer_fixed_five,B2-rank3-q1-r4-K2,215212e37d35f0277d90e0dfb354ff27c6334677ddc57b31f4e702fb709a928b,0.06640374409965612,0.005256376547101335,True,0.0037168195009252836,0.00026014045149713727,1.0620308450250202,0.04323771824811775,0.046694397297545896,5288,4534,9822,61314141.9375,392010.45023891906,True,61314141.9375,25332472.6875,32908611.0,26640640.3125,55149916.125,116792788.125,MISSING
transfer_fixed_five,B2-rank3-q1-r8-K2,1e063a21340c2fb397fe431779fa0bb1d2fba619b736361014296303c8f0e3e9,0.06640374409965612,0.005256157396431461,True,0.0037166645380005137,0.0002610609785499429,1.0307583312111528,0.04323787321104252,0.04669347677049309,4981,4271,9252,61530136.875,616812.9461257915,True,61530136.875,24877182.375,32402238.75,25888830.75,54166123.125,117471487.5,MISSING
transfer_fixed_five,B0-rank6-q1-r0-K0,d9ae4b8645a032031fc003c9e7268010e6a5c5734c6da898043c748bd900aa64,0.06640374409965612,0.009976267821590988,True,0.007054286627580134,0.0006265786540605722,1.0,0.0399002511214629,0.04632795909498246,5505,4084,9589,100406419.0,0.0,False,100406419.0,45269669.0,57572356.0,48894311.0,98450263.0,191367673.0,MISSING
transfer_fixed_five,B1-rank12-q1-r0-K0,9a24146ac2b7dfd129fa7d49aa2d50772fc647424d2ab958638482cfac139529,0.06640374409965612,0.005265778433252583,True,0.0037234676383787746,0.0002615994585534187,1.0,0.04323107011066426,0.046692938290489615,4690,4020,8710,174548400.0,0.0,False,174548400.0,76238630.0,100861800.0,85628010.0,169531440.0,333723650.0,MISSING
transfer_fixed_five,B3-rank0-q8-r32-K4,a090ea4c0aa58921cf4904fed6f6f74fac8d2e12f031736c8c94aa80754f295b,0.06640374409965612,6.247566909536482e-05,True,4.417696927649928e-05,3.5948699160792685e-06,1.47140967604679,0.046910360779766534,0.046950942879126954,8623,8608,17231,606155348.8125,7775240.367638473,False,606155348.8125,137891077.5,199148897.90625,91746459.5,298352072.65625,1162594416.40625,MISSING
transfer_fixed_five,B2-rank3-q1-r4-K2,215212e37d35f0277d90e0dfb354ff27c6334677ddc57b31f4e702fb709a928b,0.06707015869245213,0.005256376547101335,True,0.0037168195009252836,0.00026014045149713727,1.0620308450250202,0.04370894452576548,0.047165623575193626,5175,4444,9619,60046908.09375,383908.4219963513,True,60046908.09375,24808903.96875,32228459.5,26090034.53125,54010083.8125,114378927.8125,MISSING
transfer_fixed_five,B2-rank3-q1-r8-K2,1e063a21340c2fb397fe431779fa0bb1d2fba619b736361014296303c8f0e3e9,0.06707015869245213,0.005256157396431461,True,0.0037166645380005137,0.0002610609785499429,1.0307583312111528,0.04370909948869025,0.04716470304814082,4874,4186,9060,60253246.875,604012.6774642965,True,60253246.875,24360924.375,31729818.75,25351578.75,53042053.125,115033687.5,MISSING
transfer_fixed_five,B0-rank6-q1-r0-K0,d9ae4b8645a032031fc003c9e7268010e6a5c5734c6da898043c748bd900aa64,0.06707015869245213,0.009976267821590988,True,0.007054286627580134,0.0006265786540605722,1.0,0.04037147739911063,0.04679918537263019,5378,4002,9380,98217980.0,0.0,False,98217980.0,44282980.0,56317520.0,47828620.0,96304460.0,187196660.0,MISSING
transfer_fixed_five,B1-rank12-q1-r0-K0,9a24146ac2b7dfd129fa7d49aa2d50772fc647424d2ab958638482cfac139529,0.06707015869245213,0.005265778433252583,True,0.0037234676383787746,0.0002615994585534187,1.0,0.04370229638831199,0.047164164568137344,4589,3940,8529,170921160.0,0.0,False,170921160.0,74654337.0,98765820.0,83848599.0,166008456.0,326788635.0,MISSING
transfer_fixed_five,B3-rank0-q8-r32-K4,a090ea4c0aa58921cf4904fed6f6f74fac8d2e12f031736c8c94aa80754f295b,0.06707015869245213,6.247566909536482e-05,True,4.417696927649928e-05,3.5948699160792685e-06,1.47140967604679,0.047381587057414264,0.047422169156774684,8452,8438,16890,594159586.875,7621369.03310393,False,594159586.875,135162225.0,195207758.4375,89930805.0,292447710.9375,1139586773.4375,MISSING
transfer_fixed_five,B2-rank3-q1-r4-K2,215212e37d35f0277d90e0dfb354ff27c6334677ddc57b31f4e702fb709a928b,0.06774326128779243,0.005256376547101335,True,0.0037168195009252836,0.00026014045149713727,1.0620308450250202,0.04418489993536487,0.047641578984793015,5064,4356,9420,58804644.375,375966.03963048436,True,58804644.375,24295651.875,31561710.0,25550278.125,52892711.25,112012631.25,MISSING
transfer_fixed_five,B2-rank3-q1-r8-K2,1e063a21340c2fb397fe431779fa0bb1d2fba619b736361014296303c8f0e3e9,0.06774326128779243,0.005256157396431461,True,0.0037166645380005137,0.0002610609785499429,1.0307583312111528,0.04418505489828964,0.04764065845774021,4770,4103,8873,59009609.21875,591545.7491325279,True,59009609.21875,23858110.59375,31074909.6875,24828317.6875,51947255.78125,112659371.875,MISSING
transfer_fixed_five,B0-rank6-q1-r0-K0,d9ae4b8645a032031fc003c9e7268010e6a5c5734c6da898043c748bd900aa64,0.06774326128779243,0.009976267821590988,True,0.007054286627580134,0.0006265786540605722,1.0,0.04084743280871002,0.04727514078222958,5253,3922,9175,96071425.0,0.0,False,96071425.0,43315175.0,55086700.0,46783325.0,94199725.0,183105475.0,MISSING
transfer_fixed_five,B1-rank12-q1-r0-K0,9a24146ac2b7dfd129fa7d49aa2d50772fc647424d2ab958638482cfac139529,0.06774326128779243,0.005265778433252583,True,0.0037234676383787746,0.0002615994585534187,1.0,0.04417825179791138,0.04764011997773673,4491,3862,8353,167394120.0,0.0,False,167394120.0,73113809.0,96727740.0,82118343.0,162582792.0,320045195.0,MISSING
transfer_fixed_five,B3-rank0-q8-r32-K4,a090ea4c0aa58921cf4904fed6f6f74fac8d2e12f031736c8c94aa80754f295b,0.06774326128779243,6.247566909536482e-05,True,4.417696927649928e-05,3.5948699160792685e-06,1.47140967604679,0.04785754246701365,0.04789812456637407,8285,8271,16556,582410072.25,7470656.347665404,False,582410072.25,132489390.0,191347522.125,88152422.0,286664553.125,1117051428.125,MISSING
transfer_fixed_five,B2-rank3-q1-r4-K2,215212e37d35f0277d90e0dfb354ff27c6334677ddc57b31f4e702fb709a928b,0.06842311900512271,0.005256376547101335,True,0.0037168195009252836,0.00026014045149713727,1.0620308450250202,0.04466563193753112,0.048122310986959266,4955,4269,9224,57581108.25,368143.3916721431,True,57581108.25,23790137.25,30905012.0,25018658.75,51792183.5,109682007.5,MISSING
transfer_fixed_five,B2-rank3-q1-r8-K2,1e063a21340c2fb397fe431779fa0bb1d2fba619b736361014296303c8f0e3e9,0.06842311900512271,0.005256157396431461,True,0.0037166645380005137,0.0002610609785499429,1.0307583312111528,0.04466578690045589,0.04812139045990646,4668,4022,8690,57792573.4375,579345.4930645404,True,57792573.4375,23366052.1875,30434009.375,24316249.375,50875876.5625,110335843.75,MISSING
transfer_fixed_five,B0-rank6-q1-r0-K0,d9ae4b8645a032031fc003c9e7268010e6a5c5734c6da898043c748bd900aa64,0.06842311900512271,0.009976267821590988,True,0.007054286627580134,0.0006265786540605722,1.0,0.04132816481087627,0.04775587278439583,5132,3843,8975,93977225.0,0.0,False,93977225.0,42370975.0,53885900.0,45763525.0,92146325.0,179114075.0,MISSING
transfer_fixed_five,B1-rank12-q1-r0-K0,9a24146ac2b7dfd129fa7d49aa2d50772fc647424d2ab958638482cfac139529,0.06842311900512271,0.005265778433252583,True,0.0037234676383787746,0.0002615994585534187,1.0,0.04465898380007763,0.048120851979902984,4395,3785,8180,163927200.0,0.0,False,163927200.0,71599540.0,94724400.0,80417580.0,159215520.0,313416700.0,MISSING
transfer_fixed_five,B3-rank0-q8-r32-K4,a090ea4c0aa58921cf4904fed6f6f74fac8d2e12f031736c8c94aa80754f295b,0.06842311900512271,6.247566909536482e-05,True,4.417696927649928e-05,3.5948699160792685e-06,1.47140967604679,0.048338274469179904,0.048378856568540324,8121,8108,16229,570906804.9375,7323102.311322894,False,570906804.9375,129872572.5,187568188.96875,86411310.5,281002599.21875,1094988380.46875,MISSING
transfer_fixed_five,B2-rank3-q1-r4-K2,215212e37d35f0277d90e0dfb354ff27c6334677ddc57b31f4e702fb709a928b,0.06910979963748584,0.005256376547101335,True,0.0037168195009252836,0.00026014045149713727,1.0620308450250202,0.045151188469184554,0.0486078675186127,4849,4184,9033,56388784.78125,360520.30105967785,True,56388784.78125,23297518.40625,30265066.5,24500601.09375,50719730.4375,107410838.4375,MISSING
transfer_fixed_five,B2-rank3-q1-r8-K2,1e063a21340c2fb397fe431779fa0bb1d2fba619b736361014296303c8f0e3e9,0.06910979963748584,0.005256157396431461,True,0.0037166645380005137,0.0002610609785499429,1.0307583312111528,0.045151343432109324,0.048606946991559895,4568,3942,8510,56595489.0625,567345.2411943888,True,56595489.0625,22882060.3125,29803615.625,23812575.625,49822060.9375,108050406.25,MISSING
transfer_fixed_five,B0-rank6-q1-r0-K0,d9ae4b8645a032031fc003c9e7268010e6a5c5734c6da898043c748bd900aa64,0.06910979963748584,0.009976267821590988,True,0.007054286627580134,0.0006265786540605722,1.0,0.041813721342529704,0.048241429316049265,5013,3766,8779,91924909.0,0.0,False,91924909.0,41445659.0,52709116.0,44764121.0,90133993.0,175202503.0,MISSING
transfer_fixed_five,B1-rank12-q1-r0-K0,9a24146ac2b7dfd129fa7d49aa2d50772fc647424d2ab958638482cfac139529,0.06910979963748584,0.005265778433252583,True,0.0037234676383787746,0.0002615994585534187,1.0,0.04514454033173106,0.04860640851155642,4301,3710,8011,160540440.0,0.0,False,160540440.0,70120283.0,92767380.0,78756141.0,155926104.0,306941465.0,MISSING
transfer_fixed_five,B3-rank0-q8-r32-K4,a090ea4c0aa58921cf4904fed6f6f74fac8d2e12f031736c8c94aa80754f295b,0.06910979963748584,6.247566909536482e-05,True,4.417696927649928e-05,3.5948699160792685e-06,1.47140967604679,0.04882383100083334,0.04886441310019376,7960,7947,15907,559579428.5625,7177804.45290611,False,559579428.5625,127295767.5,183846643.78125,84696821.5,275427219.53125,1073262688.28125,MISSING
transfer_fixed_five,B2-rank3-q1-r4-K2,215212e37d35f0277d90e0dfb354ff27c6334677ddc57b31f4e702fb709a928b,0.06980337165828196,0.005256376547101335,True,0.0037168195009252836,0.00026014045149713727,1.0620308450250202,0.04564161794833075,0.049098296997758896,4746,4101,8847,55227673.96875,353096.7677930887,True,55227673.96875,22817795.34375,29641873.5,23996105.15625,49675352.0625,105199124.0625,MISSING
transfer_fixed_five,B2-rank3-q1-r8-K2,1e063a21340c2fb397fe431779fa0bb1d2fba619b736361014296303c8f0e3e9,0.06980337165828196,0.005256157396431461,True,0.0037166645380005137,0.0002610609785499429,1.0307583312111528,0.04564177291125552,0.04909737647070609,4470,3863,8333,55418356.09375,555544.993522073,True,55418356.09375,22406134.96875,29183728.4375,23317296.4375,48785808.90625,105803059.375,MISSING
transfer_fixed_five,B0-rank6-q1-r0-K0,d9ae4b8645a032031fc003c9e7268010e6a5c5734c6da898043c748bd900aa64,0.06980337165828196,0.009976267821590988,True,0.007054286627580134,0.0006265786540605722,1.0,0.0423041508216759,0.04873185879519546,4898,3691,8589,89935419.0,0.0,False,89935419.0,40548669.0,51568356.0,43795311.0,88183263.0,171410673.0,MISSING
transfer_fixed_five,B1-rank12-q1-r0-K0,9a24146ac2b7dfd129fa7d49aa2d50772fc647424d2ab958638482cfac139529,0.06980337165828196,0.005265778433252583,True,0.0037234676383787746,0.0002615994585534187,1.0,0.04563496981087726,0.049096837990702615,4209,3636,7845,157213800.0,0.0,False,157213800.0,68667285.0,90845100.0,77124195.0,152695080.0,300581175.0,MISSING
transfer_fixed_five,B3-rank0-q8-r32-K4,a090ea4c0aa58921cf4904fed6f6f74fac8d2e12f031736c8c94aa80754f295b,0.06980337165828196,6.247566909536482e-05,True,4.417696927649928e-05,3.5948699160792685e-06,1.47140967604679,0.049314260479979534,0.049354842579339954,7803,7790,15593,548533477.6875,7036116.47917049,False,548533477.6875,124782982.5,180217559.34375,83024928.5,269990358.59375,1052076764.84375,MISSING
transfer_fixed_five,B2-rank3-q1-r4-K2,215212e37d35f0277d90e0dfb354ff27c6334677ddc57b31f4e702fb709a928b,0.07050390422809652,0.005256376547101335,True,0.0037168195009252836,0.00026014045149713727,1.0620308450250202,0.04613696927888866,0.04959364832831681,4644,4020,8664,54085290.75,345792.9689340251,True,54085290.75,22345809.75,29028732.0,23499746.25,48647818.5,103023082.5,MISSING
transfer_fixed_five,B2-rank3-q1-r8-K2,1e063a21340c2fb397fe431779fa0bb1d2fba619b736361014296303c8f0e3e9,0.07050390422809652,0.005256157396431461,True,0.0037166645380005137,0.0002610609785499429,1.0307583312111528,0.04613712424181343,0.049592727801264,4375,3787,8162,54281125.9375,544144.7542454291,True,54281125.9375,21946342.6875,28584854.375,22838806.375,47784684.0625,103631893.75,MISSING
transfer_fixed_five,B0-rank6-q1-r0-K0,d9ae4b8645a032031fc003c9e7268010e6a5c5734c6da898043c748bd900aa64,0.07050390422809652,0.009976267821590988,True,0.007054286627580134,0.0006265786540605722,1.0,0.04279950215223381,0.04922721012575337,4785,3617,8402,87977342.0,0.0,False,87977342.0,39665842.0,50445608.0,42841798.0,86263334.0,167678714.0,MISSING
transfer_fixed_five,B1-rank12-q1-r0-K0,9a24146ac2b7dfd129fa7d49aa2d50772fc647424d2ab958638482cfac139529,0.07050390422809652,0.005265778433252583,True,0.0037234676383787746,0.0002615994585534187,1.0,0.04613032114143517,0.04959218932126053,4119,3564,7683,153967320.0,0.0,False,153967320.0,67249299.0,88969140.0,75531573.0,149541912.0,294374145.0,MISSING
transfer_fixed_five,B3-rank0-q8-r32-K4,a090ea4c0aa58921cf4904fed6f6f74fac8d2e12f031736c8c94aa80754f295b,0.07050390422809652,6.247566909536482e-05,True,4.417696927649928e-05,3.5948699160792685e-06,1.47140967604679,0.049809611810537446,0.049850193909897866,7648,7636,15284,537663417.75,6896684.683360596,False,537663417.75,122310210.0,176646262.875,81379658.0,264640071.875,1031228196.875,MISSING
transfer_fixed_five,B2-rank3-q1-r4-K2,215212e37d35f0277d90e0dfb354ff27c6334677ddc57b31f4e702fb709a928b,0.07121146720159666,0.005256376547101335,True,0.0037168195009252836,0.00026014045149713727,1.0620308450250202,0.04663729185556713,0.050093970904995275,4545,3940,8485,52967877.65625,338648.81595166243,True,52967877.65625,21884140.78125,28428992.5,23014236.71875,47642744.6875,100894604.6875,MISSING
transfer_fixed_five,B2-rank3-q1-r8-K2,1e063a21340c2fb397fe431779fa0bb1d2fba619b736361014296303c8f0e3e9,0.07121146720159666,0.005256157396431461,True,0.0037166645380005137,0.0002610609785499429,1.0307583312111528,0.0466374468184919,0.05009305037794247,4282,3711,7993,53157196.71875,532877.8511006756,True,53157196.71875,21491928.09375,27992984.6875,22365912.6875,46795268.28125,101486121.875,MISSING
transfer_fixed_five,B0-rank6-q1-r0-K0,d9ae4b8645a032031fc003c9e7268010e6a5c5734c6da898043c748bd900aa64,0.07121146720159666,0.009976267821590988,True,0.007054286627580134,0.0006265786540605722,1.0,0.04329982472891228,0.04972753270243184,4675,3545,8220,86071620.0,0.0,False,86071620.0,38806620.0,49352880.0,41913780.0,84394740.0,164046540.0,MISSING
transfer_fixed_five,B1-rank12-q1-r0-K0,9a24146ac2b7dfd129fa7d49aa2d50772fc647424d2ab958638482cfac139529,0.07121146720159666,0.005265778433252583,True,0.0037234676383787746,0.0002615994585534187,1.0,0.04663064371811364,0.05009251189793899,4031,3493,7524,150780960.0,0.0,False,150780960.0,65857572.0,87127920.0,73968444.0,146447136.0,288282060.0,MISSING
transfer_fixed_five,B3-rank0-q8-r32-K4,a090ea4c0aa58921cf4904fed6f6f74fac8d2e12f031736c8c94aa80754f295b,0.07121146720159666,6.247566909536482e-05,True,4.417696927649928e-05,3.5948699160792685e-06,1.47140967604679,0.05030993438721591,0.05035051648657633,7497,7485,14982,527039605.125,6760411.536646718,False,527039605.125,119893455.0,173155869.5625,79771659.0,259410989.0625,1010851926.5625,MISSING
transfer_fixed_five,B2-rank3-q1-r4-K2,215212e37d35f0277d90e0dfb354ff27c6334677ddc57b31f4e702fb709a928b,0.07192613113449682,0.005256376547101335,True,0.0037168195009252836,0.00026014045149713727,1.0620308450250202,0.04714263556879028,0.05059931461821843,4448,3861,8309,51869192.15625,331624.39737682533,True,51869192.15625,21430209.28125,27839304.5,22536864.21875,46654515.6875,98801799.6875,MISSING
transfer_fixed_five,B2-rank3-q1-r8-K2,1e063a21340c2fb397fe431779fa0bb1d2fba619b736361014296303c8f0e3e9,0.07192613113449682,0.005256157396431461,True,0.0037166645380005137,0.0002610609785499429,1.0307583312111528,0.04714279053171505,0.05059839409116562,4190,3638,7828,52059869.375,521877.62021970336,True,52059869.375,21048268.875,27415123.75,21904211.75,45829270.625,99391137.5,MISSING
transfer_fixed_five,B0-rank6-q1-r0-K0,d9ae4b8645a032031fc003c9e7268010e6a5c5734c6da898043c748bd900aa64,0.07192613113449682,0.009976267821590988,True,0.007054286627580134,0.0006265786540605722,1.0,0.04380516844213543,0.05023287641565499,4568,3474,8042,84207782.0,0.0,False,84207782.0,37966282.0,48284168.0,41006158.0,82567214.0,160494194.0,MISSING
transfer_fixed_five,B1-rank12-q1-r0-K0,9a24146ac2b7dfd129fa7d49aa2d50772fc647424d2ab958638482cfac139529,0.07192613113449682,0.005265778433252583,True,0.0037234676383787746,0.0002615994585534187,1.0,0.04713598743133679,0.050597855611162146,3945,3424,7369,147674760.0,0.0,False,147674760.0,64500857.0,85333020.0,72444639.0,143430216.0,282343235.0,MISSING
transfer_fixed_five,B3-rank0-q8-r32-K4,a090ea4c0aa58921cf4904fed6f6f74fac8d2e12f031736c8c94aa80754f295b,0.07192613113449682,6.247566909536482e-05,True,4.417696927649928e-05,3.5948699160792685e-06,1.47140967604679,0.050815278100439065,0.050855860199799485,7349,7337,14686,516626861.625,6626845.803443713,False,516626861.625,117524715.0,169734821.8125,78195607.0,254285795.3125,990880482.8125,MISSING
transfer_fixed_five,B2-rank3-q1-r4-K2,215212e37d35f0277d90e0dfb354ff27c6334677ddc57b31f4e702fb709a928b,0.07264796729059445,0.005256376547101335,True,0.0037168195009252836,0.00026014045149713727,1.0620308450250202,0.04765305080967254,0.051109729859100686,4354,3785,8139,50807961.84375,324839.44761703955,True,50807961.84375,20991752.71875,27269719.5,22075765.78125,45699976.3125,96780340.3125,MISSING
transfer_fixed_five,B2-rank3-q1-r8-K2,1e063a21340c2fb397fe431779fa0bb1d2fba619b736361014296303c8f0e3e9,0.07264796729059445,0.005256157396431461,True,0.0037166645380005137,0.0002610609785499429,1.0307583312111528,0.04765320577259731,0.05110880933204788,4101,3565,7666,50982493.4375,511077.39353656693,True,50982493.4375,20612676.1875,26847769.375,21450905.375,44880836.5625,97334243.75,MISSING
transfer_fixed_five,B0-rank6-q1-r0-K0,d9ae4b8645a032031fc003c9e7268010e6a5c5734c6da898043c748bd900aa64,0.07264796729059445,0.009976267821590988,True,0.007054286627580134,0.0006265786540605722,1.0,0.04431558368301769,0.05074329165653725,4463,3404,7867,82375357.0,0.0,False,82375357.0,37140107.0,47233468.0,40113833.0,80770489.0,157001719.0,MISSING
transfer_fixed_five,B1-rank12-q1-r0-K0,9a24146ac2b7dfd129fa7d49aa2d50772fc647424d2ab958638482cfac139529,0.07264796729059445,0.005265778433252583,True,0.0037234676383787746,0.0002615994585534187,1.0,0.04764640267221905,0.051108270852044405,3861,3356,7217,144628680.0,0.0,False,144628680.0,63170401.0,83572860.0,70950327.0,140471688.0,276519355.0,MISSING
transfer_fixed_five,B3-rank0-q8-r32-K4,a090ea4c0aa58921cf4904fed6f6f74fac8d2e12f031736c8c94aa80754f295b,0.07264796729059445,6.247566909536482e-05,True,4.417696927649928e-05,3.5948699160792685e-06,1.47140967604679,0.051325693341321324,0.051366275440681744,7203,7192,14395,506390009.0625,6495536.248166434,False,506390009.0625,115195987.5,166371562.03125,76646177.5,249247175.78125,971246394.53125,MISSING
transfer_fixed_five,B2-rank3-q1-r4-K2,215212e37d35f0277d90e0dfb354ff27c6334677ddc57b31f4e702fb709a928b,0.07337704764887605,0.005256376547101335,True,0.0037168195009252836,0.00026014045149713727,1.0620308450250202,0.048168588475043385,0.05162526752447153,4261,3709,7970,49752974.0625,318094.4093264289,True,49752974.0625,20555875.3125,26703485.0,21617379.6875,44751051.875,94770771.875,MISSING
transfer_fixed_five,B2-rank3-q1-r8-K2,1e063a21340c2fb397fe431779fa0bb1d2fba619b736361014296303c8f0e3e9,0.07337704764887605,0.005256157396431461,True,0.0037166645380005137,0.0002610609785499429,1.0307583312111528,0.048168743437968155,0.051624346997418726,4014,3494,7508,49931719.375,500543.8391172117,True,49931719.375,20187838.875,26294423.75,21008791.75,43955820.625,95328137.5,MISSING
transfer_fixed_five,B0-rank6-q1-r0-K0,d9ae4b8645a032031fc003c9e7268010e6a5c5734c6da898043c748bd900aa64,0.07337704764887605,0.009976267821590988,True,0.007054286627580134,0.0006265786540605722,1.0,0.044831121348388535,0.051258829321908096,4361,3336,7697,80595287.0,0.0,False,80595287.0,36337537.0,46212788.0,39247003.0,79025099.0,153609029.0,MISSING
transfer_fixed_five,B1-rank12-q1-r0-K0,9a24146ac2b7dfd129fa7d49aa2d50772fc647424d2ab958638482cfac139529,0.07337704764887605,0.005265778433252583,True,0.0037234676383787746,0.0002615994585534187,1.0,0.048161940337589894,0.05162380851741525,3779,3289,7068,141642720.0,0.0,False,141642720.0,61866204.0,81847440.0,69485508.0,137571552.0,270810420.0,MISSING
transfer_fixed_five,B3-rank0-q8-r32-K4,a090ea4c0aa58921cf4904fed6f6f74fac8d2e12f031736c8c94aa80754f295b,0.07337704764887605,6.247566909536482e-05,True,4.417696927649928e-05,3.5948699160792685e-06,1.47140967604679,0.05184123100669217,0.05188181310605259,7061,7050,14111,496399403.8125,6367385.341985173,False,496399403.8125,112923277.5,163089205.40625,75134019.5,244329760.15625,952084603.90625,MISSING
transfer_fixed_five,B2-rank3-q1-r4-K2,215212e37d35f0277d90e0dfb354ff27c6334677ddc57b31f4e702fb709a928b,0.07411344491069477,0.005256376547101335,True,0.0037168195009252836,0.00026014045149713727,1.0620308450250202,0.0486892999725226,0.05214597902195075,4170,3636,7806,48729198.9375,311548.92838169436,True,48729198.9375,20132893.6875,26154003.0,21172555.3125,43830202.125,92820658.125,MISSING
transfer_fixed_five,B2-rank3-q1-r8-K2,1e063a21340c2fb397fe431779fa0bb1d2fba619b736361014296303c8f0e3e9,0.07411344491069477,0.005256157396431461,True,0.0037166645380005137,0.0002610609785499429,1.0307583312111528,0.04868945493544737,0.05214505849489794,3928,3425,7353,48900896.71875,490210.28889569227,True,48900896.71875,19771068.09375,25751584.6875,20575072.6875,43048368.28125,93360121.875,MISSING
transfer_fixed_five,B0-rank6-q1-r0-K0,d9ae4b8645a032031fc003c9e7268010e6a5c5734c6da898043c748bd900aa64,0.07411344491069477,0.009976267821590988,True,0.007054286627580134,0.0006265786540605722,1.0,0.04535183284586775,0.051779540819387314,4262,3269,7531,78857101.0,0.0,False,78857101.0,35553851.0,45216124.0,38400569.0,77320777.0,150296167.0,MISSING
transfer_fixed_five,B1-rank12-q1-r0-K0,9a24146ac2b7dfd129fa7d49aa2d50772fc647424d2ab958638482cfac139529,0.07411344491069477,0.005265778433252583,True,0.0037234676383787746,0.0002615994585534187,1.0,0.04868265183506911,0.05214452001489447,3698,3224,6922,138716880.0,0.0,False,138716880.0,60588266.0,80156760.0,68050182.0,134729808.0,265216430.0,MISSING
transfer_fixed_five,B3-rank0-q8-r32-K4,a090ea4c0aa58921cf4904fed6f6f74fac8d2e12f031736c8c94aa80754f295b,0.07411344491069477,6.247566909536482e-05,True,4.417696927649928e-05,3.5948699160792685e-06,1.47140967604679,0.05236194250417139,0.05240252460353181,6921,6910,13831,486549511.3125,6241039.378144491,False,486549511.3125,110682577.5,159853079.15625,73643159.5,239481603.90625,933192697.65625,MISSING
transfer_fixed_five,B2-rank3-q1-r4-K2,215212e37d35f0277d90e0dfb354ff27c6334677ddc57b31f4e702fb709a928b,0.07485723250701984,0.005256376547101335,True,0.0037168195009252836,0.00026014045149713727,1.0620308450250202,0.0492152372256465,0.05267191627507465,4082,3564,7646,47730393.9375,305163.0933136607,True,47730393.9375,19720228.6875,25617923.0,20738580.3125,42931812.125,90918108.125,MISSING
transfer_fixed_five,B2-rank3-q1-r8-K2,1e063a21340c2fb397fe431779fa0bb1d2fba619b736361014296303c8f0e3e9,0.07485723250701984,0.005256157396431461,True,0.0037166645380005137,0.0002610609785499429,1.0307583312111528,0.04921539218857127,0.052670995748021844,3845,3357,7202,47896675.9375,480143.410937954,True,47896675.9375,19365052.6875,25222754.375,20152546.375,42164334.0625,91442893.75,MISSING
transfer_fixed_five,B0-rank6-q1-r0-K0,d9ae4b8645a032031fc003c9e7268010e6a5c5734c6da898043c748bd900aa64,0.07485723250701984,0.009976267821590988,True,0.007054286627580134,0.0006265786540605722,1.0,0.04587777009899165,0.052305478072511215,4164,3204,7368,77150328.0,0.0,False,77150328.0,34784328.0,44237472.0,37569432.0,75647256.0,147043176.0,MISSING
transfer_fixed_five,B1-rank12-q1-r0-K0,9a24146ac2b7dfd129fa7d49aa2d50772fc647424d2ab958638482cfac139529,0.07485723250701984,0.005265778433252583,True,0.0037234676383787746,0.0002615994585534187,1.0,0.04920858908819301,0.05267045726801837,3620,3160,6780,135871200.0,0.0,False,135871200.0,59345340.0,78512400.0,66654180.0,131965920.0,259775700.0,MISSING
transfer_fixed_five,B3-rank0-q8-r32-K4,a090ea4c0aa58921cf4904fed6f6f74fac8d2e12f031736c8c94aa80754f295b,0.07485723250701984,6.247566909536482e-05,True,4.417696927649928e-05,3.5948699160792685e-06,1.47140967604679,0.05288787975729529,0.05292846185665571,6784,6774,13558,476945866.125,6117852.063399827,False,476945866.125,108497895.0,156697856.0625,72189571.0,234754651.5625,914773089.0625,MISSING
transfer_fixed_five,B2-rank3-q1-r4-K2,215212e37d35f0277d90e0dfb354ff27c6334677ddc57b31f4e702fb709a928b,0.07560848460575892,0.005256376547101335,True,0.0037168195009252836,0.00026014045149713727,1.0620308450250202,0.04974645267904553,0.05320313172847368,3995,3493,7488,46744074.0,298857.0811839774,True,46744074.0,19312722.0,25088544.0,20310030.0,42044652.0,89039340.0,MISSING
transfer_fixed_five,B2-rank3-q1-r8-K2,1e063a21340c2fb397fe431779fa0bb1d2fba619b736361014296303c8f0e3e9,0.07560848460575892,0.005256157396431461,True,0.0037166645380005137,0.0002610609785499429,1.0307583312111528,0.0497466076419703,0.05320221120142087,3763,3290,7053,46905756.09375,470209.8691121063,True,46905756.09375,18964414.96875,24700928.4375,19735616.4375,41292008.90625,89551059.375,MISSING
transfer_fixed_five,B0-rank6-q1-r0-K0,d9ae4b8645a032031fc003c9e7268010e6a5c5734c6da898043c748bd900aa64,0.07560848460575892,0.009976267821590988,True,0.007054286627580134,0.0006265786540605722,1.0,0.04640898555239068,0.05283669352591024,4070,3140,7210,75495910.0,0.0,False,75495910.0,34038410.0,43288840.0,36763790.0,74025070.0,143889970.0,MISSING
transfer_fixed_five,B1-rank12-q1-r0-K0,9a24146ac2b7dfd129fa7d49aa2d50772fc647424d2ab958638482cfac139529,0.07560848460575892,0.005265778433252583,True,0.0037234676383787746,0.0002615994585534187,1.0,0.04973980454159204,0.053201672721417397,3543,3097,6640,133065600.0,0.0,False,133065600.0,58119920.0,76891200.0,65277840.0,129240960.0,254411600.0,MISSING
transfer_fixed_five,B3-rank0-q8-r32-K4,a090ea4c0aa58921cf4904fed6f6f74fac8d2e12f031736c8c94aa80754f295b,0.07560848460575892,6.247566909536482e-05,True,4.417696927649928e-05,3.5948699160792685e-06,1.47140967604679,0.053419095210694316,0.053459677310054736,6650,6640,13290,467518111.875,5996920.92658089,False,467518111.875,106353225.0,153600420.9375,70762605.0,230114273.4375,896690835.9375,MISSING
transfer_fixed_five,B2-rank3-q1-r4-K2,215212e37d35f0277d90e0dfb354ff27c6334677ddc57b31f4e702fb709a928b,0.07636727611915388,0.005256376547101335,True,0.0037168195009252836,0.00026014045149713727,1.0620308450250202,0.050282999303673914,0.05373967835310206,3910,3423,7333,45776481.65625,292670.80346181977,True,45776481.65625,18912952.78125,24569216.5,19889616.71875,41174336.6875,87196244.6875,MISSING
transfer_fixed_five,B2-rank3-q1-r8-K2,1e063a21340c2fb397fe431779fa0bb1d2fba619b736361014296303c8f0e3e9,0.07636727611915388,0.005256157396431461,True,0.0037166645380005137,0.0002610609785499429,1.0307583312111528,0.050283154266598684,0.053738757826049255,3683,3225,6908,45941438.125,460542.9995500397,True,45941438.125,18574532.625,24193111.25,19329879.25,40443101.875,87710012.5,MISSING
transfer_fixed_five,B0-rank6-q1-r0-K0,d9ae4b8645a032031fc003c9e7268010e6a5c5734c6da898043c748bd900aa64,0.07636727611915388,0.009976267821590988,True,0.007054286627580134,0.0006265786540605722,1.0,0.046945532177019064,0.053373240150538626,3977,3077,7054,73862434.0,0.0,False,73862434.0,33301934.0,42352216.0,35968346.0,72423418.0,140776678.0,MISSING
transfer_fixed_five,B1-rank12-q1-r0-K0,9a24146ac2b7dfd129fa7d49aa2d50772fc647424d2ab958638482cfac139529,0.07636727611915388,0.005265778433252583,True,0.0037234676383787746,0.0002615994585534187,1.0,0.05027635116622042,0.05373821934604578,3468,3035,6503,130320120.0,0.0,False,130320120.0,56920759.0,75304740.0,63930993.0,126574392.0,249162445.0,MISSING
transfer_fixed_five,B3-rank0-q8-r32-K4,a090ea4c0aa58921cf4904fed6f6f74fac8d2e12f031736c8c94aa80754f295b,0.07636727611915388,6.247566909536482e-05,True,4.417696927649928e-05,3.5948699160792685e-06,1.47140967604679,0.0539556418353227,0.05399622393468312,6518,6508,13026,458231070.375,5877794.732102534,False,458231070.375,104240565.0,150549216.1875,69356937.0,225543154.6875,878878467.1875,MISSING
transfer_fixed_five,B2-rank3-q1-r4-K2,215212e37d35f0277d90e0dfb354ff27c6334677ddc57b31f4e702fb709a928b,0.07713368271125066,0.005256376547101335,True,0.0037168195009252836,0.00026014045149713727,1.0620308450250202,0.05082493060209162,0.05428160965151976,3827,3355,7182,44833859.4375,286644.17161636293,True,44833859.4375,18523500.1875,24063291.0,19480052.8125,40326481.125,85400713.125,MISSING
transfer_fixed_five,B2-rank3-q1-r8-K2,1e063a21340c2fb397fe431779fa0bb1d2fba619b736361014296303c8f0e3e9,0.07713368271125066,0.005256157396431461,True,0.0037166645380005137,0.0002610609785499429,1.0307583312111528,0.05082508556501639,0.05428068912446696,3605,3161,6766,44997071.5625,451076.134185809,True,44997071.5625,18192716.8125,23695800.625,18932536.625,39611758.4375,85907056.25,MISSING
transfer_fixed_five,B0-rank6-q1-r0-K0,d9ae4b8645a032031fc003c9e7268010e6a5c5734c6da898043c748bd900aa64,0.07713368271125066,0.009976267821590988,True,0.007054286627580134,0.0006265786540605722,1.0,0.04748746347543677,0.05391517144895633,3887,3015,6902,72270842.0,0.0,False,72270842.0,32584342.0,41439608.0,35193298.0,70862834.0,137743214.0,MISSING
transfer_fixed_five,B1-rank12-q1-r0-K0,9a24146ac2b7dfd129fa7d49aa2d50772fc647424d2ab958638482cfac139529,0.07713368271125066,0.005265778433252583,True,0.0037234676383787746,0.0002615994585534187,1.0,0.050818282464638126,0.05428015064446348,3394,2975,6369,127634760.0,0.0,False,127634760.0,55747857.0,73753020.0,62613639.0,123966216.0,244028235.0,MISSING
transfer_fixed_five,B3-rank0-q8-r32-K4,a090ea4c0aa58921cf4904fed6f6f74fac8d2e12f031736c8c94aa80754f295b,0.07713368271125066,6.247566909536482e-05,True,4.417696927649928e-05,3.5948699160792685e-06,1.47140967604679,0.0544975731337404,0.05453815523310082,6389,6380,12769,449190276.1875,5761827.186720194,False,449190276.1875,102183922.5,147578914.59375,67988540.5,221093239.84375,861538396.09375,MISSING
transfer_fixed_five,B2-rank3-q1-r4-K2,215212e37d35f0277d90e0dfb354ff27c6334677ddc57b31f4e702fb709a928b,0.0779077808054444,0.005256376547101335,True,0.0037168195009252836,0.00026014045149713727,1.0620308450250202,0.0513723006137996,0.05482897966322774,3746,3289,7035,43916207.34375,280777.18564760697,True,43916207.34375,18144364.21875,23570767.5,19081338.28125,39501085.3125,83652745.3125,MISSING
transfer_fixed_five,B2-rank3-q1-r8-K2,1e063a21340c2fb397fe431779fa0bb1d2fba619b736361014296303c8f0e3e9,0.0779077808054444,0.005256157396431461,True,0.0037166645380005137,0.0002610609785499429,1.0307583312111528,0.05137245557672437,0.05482805913617494,3529,3098,6627,44072656.40625,441809.27301941416,True,44072656.40625,17818967.53125,23208996.5625,18543588.5625,38797978.59375,84142190.625,MISSING
transfer_fixed_five,B0-rank6-q1-r0-K0,d9ae4b8645a032031fc003c9e7268010e6a5c5734c6da898043c748bd900aa64,0.0779077808054444,0.009976267821590988,True,0.007054286627580134,0.0006265786540605722,1.0,0.04803483348714475,0.05446254146066431,3799,2955,6754,70721134.0,0.0,False,70721134.0,31885634.0,40551016.0,34438646.0,69343318.0,134789578.0,MISSING
transfer_fixed_five,B1-rank12-q1-r0-K0,9a24146ac2b7dfd129fa7d49aa2d50772fc647424d2ab958638482cfac139529,0.0779077808054444,0.005265778433252583,True,0.0037234676383787746,0.0002615994585534187,1.0,0.051365652476346106,0.05482752065617146,3322,2916,6238,125009520.0,0.0,False,125009520.0,54601214.0,72236040.0,61325778.0,121416432.0,239008970.0,MISSING
transfer_fixed_five,B3-rank0-q8-r32-K4,a090ea4c0aa58921cf4904fed6f6f74fac8d2e12f031736c8c94aa80754f295b,0.0779077808054444,6.247566909536482e-05,True,4.417696927649928e-05,3.5948699160792685e-06,1.47140967604679,0.05504494314544838,0.0550855252448088,6263,6254,12517,440325372.9375,5648115.819263581,False,440325372.9375,100167292.5,144666400.96875,66646766.5,216729899.21875,844535680.46875,MISSING
transfer_fixed_five,B2-rank3-q1-r4-K2,215212e37d35f0277d90e0dfb354ff27c6334677ddc57b31f4e702fb709a928b,0.07868964759210002,0.005256376547101335,True,0.0037168195009252836,0.00026014045149713727,1.0620308450250202,0.05192516392062832,0.055381842970056466,3667,3223,6890,43011040.3125,274990.0226172014,True,43011040.3125,17770386.5625,23084945.0,18688048.4375,38686919.375,81928559.375,MISSING
transfer_fixed_five,B2-rank3-q1-r8-K2,1e063a21340c2fb397fe431779fa0bb1d2fba619b736361014296303c8f0e3e9,0.07868964759210002,0.005256157396431461,True,0.0037166645380005137,0.0002610609785499429,1.0307583312111528,0.05192531888355309,0.05538092244300366,3454,3036,6490,43161542.1875,432675.7479849099,True,43161542.1875,17450595.9375,22729196.875,18160236.875,37995907.8125,82402718.75,MISSING
transfer_fixed_five,B0-rank6-q1-r0-K0,d9ae4b8645a032031fc003c9e7268010e6a5c5734c6da898043c748bd900aa64,0.07868964759210002,0.009976267821590988,True,0.007054286627580134,0.0006265786540605722,1.0,0.04858769679397347,0.05501540476749303,3713,2896,6609,69202839.0,0.0,False,69202839.0,31201089.0,39680436.0,33699291.0,67854603.0,131895813.0,MISSING
transfer_fixed_five,B1-rank12-q1-r0-K0,9a24146ac2b7dfd129fa7d49aa2d50772fc647424d2ab958638482cfac139529,0.07868964759210002,0.005265778433252583,True,0.0037234676383787746,0.0002615994585534187,1.0,0.05191851578317483,0.055380383963000185,3252,2858,6110,122444400.0,0.0,False,122444400.0,53480830.0,70753800.0,60067410.0,118925040.0,234104650.0,MISSING
transfer_fixed_five,B3-rank0-q8-r32-K4,a090ea4c0aa58921cf4904fed6f6f74fac8d2e12f031736c8c94aa80754f295b,0.07868964759210002,6.247566909536482e-05,True,4.417696927649928e-05,3.5948699160792685e-06,1.47140967604679,0.055597806452277104,0.055638388551637524,6139,6130,12269,431601182.4375,5536209.39414755,False,431601182.4375,98182672.5,141800117.71875,65326290.5,212435817.96875,827802849.21875,MISSING
transfer_fixed_five,B2-rank3-q1-r4-K2,215212e37d35f0277d90e0dfb354ff27c6334677ddc57b31f4e702fb709a928b,0.07947936103624934,0.005256376547101335,True,0.0037168195009252836,0.00026014045149713727,1.0620308450250202,0.05248357565218048,0.05594025470160863,3589,3159,6748,42124600.875,269322.5939943215,True,42124600.875,17404146.375,22609174.0,18302895.625,37889598.25,80240046.25,MISSING
transfer_fixed_five,B2-rank3-q1-r8-K2,1e063a21340c2fb397fe431779fa0bb1d2fba619b736361014296303c8f0e3e9,0.07947936103624934,0.005256157396431461,True,0.0037166645380005137,0.0002610609785499429,1.0307583312111528,0.05248373061510525,0.05593933417455582,3381,2976,6357,42277029.84375,423808.8952141868,True,42277029.84375,17092979.71875,22263405.9375,17788077.9375,37217255.15625,80714034.375,MISSING
transfer_fixed_five,B0-rank6-q1-r0-K0,d9ae4b8645a032031fc003c9e7268010e6a5c5734c6da898043c748bd900aa64,0.07947936103624934,0.009976267821590988,True,0.007054286627580134,0.0006265786540605722,1.0,0.04914610852552563,0.05557381649904519,3629,2838,6467,67715957.0,0.0,False,67715957.0,30530707.0,38827868.0,32975233.0,66396689.0,129061919.0,MISSING
transfer_fixed_five,B1-rank12-q1-r0-K0,9a24146ac2b7dfd129fa7d49aa2d50772fc647424d2ab958638482cfac139529,0.07947936103624934,0.005265778433252583,True,0.0037234676383787746,0.0002615994585534187,1.0,0.05247692751472699,0.055938795694552346,3183,2801,5984,119919360.0,0.0,False,119919360.0,52377952.0,69294720.0,58828704.0,116472576.0,229276960.0,MISSING
transfer_fixed_five,B3-rank0-q8-r32-K4,a090ea4c0aa58921cf4904fed6f6f74fac8d2e12f031736c8c94aa80754f295b,0.07947936103624934,6.247566909536482e-05,True,4.417696927649928e-05,3.5948699160792685e-06,1.47140967604679,0.056156218183829265,0.056196800283189685,6017,6009,12026,423052882.875,5426559.146957245,False,423052882.875,96238065.0,138991622.4375,64032437.0,208228310.9375,811407373.4375,MISSING
transfer_fixed_five,B2-rank3-q1-r4-K2,215212e37d35f0277d90e0dfb354ff27c6334677ddc57b31f4e702fb709a928b,0.08027699988536555,0.005256376547101335,True,0.0037168195009252836,0.00026014045149713727,1.0620308450250202,0.053047591491328386,0.05650427054075653,3513,3097,6610,41263131.5625,263814.81124814245,True,41263131.5625,17048222.8125,22146805.0,17928592.1875,37114736.875,78599096.875,MISSING
transfer_fixed_five,B2-rank3-q1-r8-K2,1e063a21340c2fb397fe431779fa0bb1d2fba619b736361014296303c8f0e3e9,0.08027699988536555,0.005256157396431461,True,0.0037166645380005137,0.0002610609785499429,1.0307583312111528,0.053047746454253156,0.056503350013703726,3309,2917,6226,41405818.4375,415075.3785753543,True,41405818.4375,16740741.1875,21804619.375,17421515.375,36450311.5625,79050743.75,MISSING
transfer_fixed_five,B0-rank6-q1-r0-K0,d9ae4b8645a032031fc003c9e7268010e6a5c5734c6da898043c748bd900aa64,0.08027699988536555,0.009976267821590988,True,0.007054286627580134,0.0006265786540605722,1.0,0.049710124364673536,0.0561378323381931,3547,2781,6328,66260488.0,0.0,False,66260488.0,29874488.0,37993312.0,32266472.0,64969576.0,126287896.0,MISSING
transfer_fixed_five,B1-rank12-q1-r0-K0,9a24146ac2b7dfd129fa7d49aa2d50772fc647424d2ab958638482cfac139529,0.08027699988536555,0.005265778433252583,True,0.0037234676383787746,0.0002615994585534187,1.0,0.053040943353874895,0.05650281153370025,3116,2746,5862,117474480.0,0.0,False,117474480.0,51310086.0,67881960.0,57629322.0,114097968.0,224602530.0,MISSING
transfer_fixed_five,B3-rank0-q8-r32-K4,a090ea4c0aa58921cf4904fed6f6f74fac8d2e12f031736c8c94aa80754f295b,0.08027699988536555,6.247566909536482e-05,True,4.417696927649928e-05,3.5948699160792685e-06,1.47140967604679,0.05672023402297717,0.05676081612233759,5898,5890,11788,414680474.25,5319165.077692666,False,414680474.25,94333470.0,136240915.125,62765206.0,204107378.125,795349253.125,MISSING
transfer_fixed_five,B2-rank3-q1-r4-K2,215212e37d35f0277d90e0dfb354ff27c6334677ddc57b31f4e702fb709a928b,0.08108264367721564,0.005256376547101335,True,0.0037168195009252836,0.00026014045149713727,1.0620308450250202,0.053617267679766434,0.05707394672919458,3439,3035,6474,40414147.3125,258386.8514403138,True,40414147.3125,16697457.5625,21691137.0,17559713.4375,36351105.375,76981929.375,MISSING
transfer_fixed_five,B2-rank3-q1-r8-K2,1e063a21340c2fb397fe431779fa0bb1d2fba619b736361014296303c8f0e3e9,0.08108264367721564,0.005256157396431461,True,0.0037166645380005137,0.0002610609785499429,1.0307583312111528,0.053617422642691204,0.057073026202141774,3239,2859,6098,40554558.4375,406541.8661343576,True,40554558.4375,16396569.1875,21356339.375,17063347.375,35700931.5625,77425543.75,MISSING
transfer_fixed_five,B0-rank6-q1-r0-K0,d9ae4b8645a032031fc003c9e7268010e6a5c5734c6da898043c748bd900aa64,0.08108264367721564,0.009976267821590988,True,0.007054286627580134,0.0006265786540605722,1.0,0.050279800553111584,0.056707508526631145,3467,2726,6193,64846903.0,0.0,False,64846903.0,29237153.0,37182772.0,31578107.0,63583531.0,123593701.0,MISSING
transfer_fixed_five,B1-rank12-q1-r0-K0,9a24146ac2b7dfd129fa7d49aa2d50772fc647424d2ab958638482cfac139529,0.08108264367721564,0.005265778433252583,True,0.0037234676383787746,0.0002615994585534187,1.0,0.05361061954231294,0.0570724877221383,3050,2691,5741,115049640.0,0.0,False,115049640.0,50250973.0,66480780.0,56439771.0,111742824.0,219966415.0,MISSING
transfer_fixed_five,B3-rank0-q8-r32-K4,a090ea4c0aa58921cf4904fed6f6f74fac8d2e12f031736c8c94aa80754f295b,0.08108264367721564,6.247566909536482e-05,True,4.417696927649928e-05,3.5948699160792685e-06,1.47140967604679,0.05728991021141522,0.05733049231077564,5782,5773,11555,406483956.5625,5214027.186353814,False,406483956.5625,92468887.5,133547995.78125,61524597.5,200073019.53125,779628488.28125,MISSING
transfer_fixed_five,B2-rank3-q1-r4-K2,215212e37d35f0277d90e0dfb354ff27c6334677ddc57b31f4e702fb709a928b,0.08189637274779153,0.005256376547101335,True,0.0037168195009252836,0.00026014045149713727,1.0620308450250202,0.054192661023619276,0.05764934007304742,3366,2975,6341,39583890.65625,253078.62604001077,True,39583890.65625,16354429.78125,21245520.5,17198971.71875,35604318.6875,75400434.6875,MISSING
transfer_fixed_five,B2-rank3-q1-r8-K2,1e063a21340c2fb397fe431779fa0bb1d2fba619b736361014296303c8f0e3e9,0.08189637274779153,0.005256157396431461,True,0.0037166645380005137,0.0002610609785499429,1.0307583312111528,0.054192815986544046,0.05764841954599462,3171,2802,5973,39723249.84375,398208.35789119673,True,39723249.84375,16060463.71875,20918565.9375,16713573.9375,34969115.15625,75838434.375,MISSING
transfer_fixed_five,B0-rank6-q1-r0-K0,d9ae4b8645a032031fc003c9e7268010e6a5c5734c6da898043c748bd900aa64,0.08189637274779153,0.009976267821590988,True,0.007054286627580134,0.0006265786540605722,1.0,0.050855193896964426,0.05728290187048399,3389,2671,6060,63454260.0,0.0,False,63454260.0,28609260.0,36384240.0,30899940.0,62218020.0,120939420.0,MISSING
transfer_fixed_five,B1-rank12-q1-r0-K0,9a24146ac2b7dfd129fa7d49aa2d50772fc647424d2ab958638482cfac139529,0.08189637274779153,0.005265778433252583,True,0.0037234676383787746,0.0002615994585534187,1.0,0.054186012886165785,0.05764788106599114,2985,2638,5623,112684920.0,0.0,False,112684920.0,49218119.0,65114340.0,55279713.0,109446072.0,215445245.0,MISSING
transfer_fixed_five,B3-rank0-q8-r32-K4,a090ea4c0aa58921cf4904fed6f6f74fac8d2e12f031736c8c94aa80754f295b,0.08189637274779153,6.247566909536482e-05,True,4.417696927649928e-05,3.5948699160792685e-06,1.47140967604679,0.05786530355526806,0.05790588565462848,5667,5659,11326,398428151.625,5110694.237355542,False,398428151.625,90636315.0,130901306.8125,60305287.0,196107920.3125,764177607.8125,MISSING
transfer_fixed_five,B2-rank3-q1-r4-K2,215212e37d35f0277d90e0dfb354ff27c6334677ddc57b31f4e702fb709a928b,0.08271826823932106,0.005256376547101335,True,0.0037168195009252836,0.00026014045149713727,1.0620308450250202,0.05477382889910645,0.0582305079485346,3295,2916,6211,38772361.59375,247890.13504723337,True,38772361.59375,16019139.46875,20809955.5,16846367.03125,34874376.8125,73854612.8125,MISSING
transfer_fixed_five,B2-rank3-q1-r8-K2,1e063a21340c2fb397fe431779fa0bb1d2fba619b736361014296303c8f0e3e9,0.08271826823932106,0.005256157396431461,True,0.0037166645380005137,0.0002610609785499429,1.0307583312111528,0.05477398386203122,0.05822958742148179,3104,2747,5851,38911892.65625,390074.8538458718,True,38911892.65625,15732424.78125,20491299.0625,16372195.0625,34254862.34375,74289415.625,MISSING
transfer_fixed_five,B0-rank6-q1-r0-K0,d9ae4b8645a032031fc003c9e7268010e6a5c5734c6da898043c748bd900aa64,0.08271826823932106,0.009976267821590988,True,0.007054286627580134,0.0006265786540605722,1.0,0.0514363617724516,0.057864069745971164,3313,2618,5931,62103501.0,0.0,False,62103501.0,28000251.0,35609724.0,30242169.0,60893577.0,118364967.0,MISSING
transfer_fixed_five,B1-rank12-q1-r0-K0,9a24146ac2b7dfd129fa7d49aa2d50772fc647424d2ab958638482cfac139529,0.08271826823932106,0.005265778433252583,True,0.0037234676383787746,0.0002615994585534187,1.0,0.05476718076165296,0.05822904894147832,2922,2585,5507,110360280.0,0.0,False,110360280.0,48202771.0,63771060.0,54139317.0,107188248.0,211000705.0,MISSING
transfer_fixed_five,B3-rank0-q8-r32-K4,a090ea4c0aa58921cf4904fed6f6f74fac8d2e12f031736c8c94aa80754f295b,0.08271826823932106,6.247566909536482e-05,True,4.417696927649928e-05,3.5948699160792685e-06,1.47140967604679,0.05844647143075524,0.05848705353011566,5555,5547,11102,390548237.625,5009617.466282997,False,390548237.625,88843755.0,128312405.8125,59112599.0,192229395.3125,749064082.8125,MISSING
transfer_fixed_five,B2-rank3-q1-r4-K2,215212e37d35f0277d90e0dfb354ff27c6334677ddc57b31f4e702fb709a928b,0.08354841210835902,0.005256376547101335,True,0.0037168195009252836,0.00026014045149713727,1.0620308450250202,0.05536082925826363,0.05881750830769178,3226,2858,6084,37979560.125,242821.37846198163,True,37979560.125,15691586.625,20384442.0,16501899.375,34161279.75,72344463.75,MISSING
transfer_fixed_five,B2-rank3-q1-r8-K2,1e063a21340c2fb397fe431779fa0bb1d2fba619b736361014296303c8f0e3e9,0.08354841210835902,0.005256157396431461,True,0.0037166645380005137,0.0002610609785499429,1.0307583312111528,0.0553609842211884,0.058816587780638974,3039,2692,5731,38113836.40625,382074.6859324374,True,38113836.40625,15409763.53125,20071036.5625,16036412.5625,33552318.59375,72765790.625,MISSING
transfer_fixed_five,B0-rank6-q1-r0-K0,d9ae4b8645a032031fc003c9e7268010e6a5c5734c6da898043c748bd900aa64,0.08354841210835902,0.009976267821590988,True,0.007054286627580134,0.0006265786540605722,1.0,0.05202336213160878,0.058451070105128344,3239,2566,5805,60784155.0,0.0,False,60784155.0,27405405.0,34853220.0,29599695.0,59599935.0,115850385.0,MISSING
transfer_fixed_five,B1-rank12-q1-r0-K0,9a24146ac2b7dfd129fa7d49aa2d50772fc647424d2ab958638482cfac139529,0.08354841210835902,0.005265778433252583,True,0.0037234676383787746,0.0002615994585534187,1.0,0.05535418112081014,0.0588160493006355,2861,2534,5395,108115800.0,0.0,False,108115800.0,47222435.0,62474100.0,53038245.0,105008280.0,206709425.0,MISSING
transfer_fixed_five,B3-rank0-q8-r32-K4,a090ea4c0aa58921cf4904fed6f6f74fac8d2e12f031736c8c94aa80754f295b,0.08354841210835902,6.247566909536482e-05,True,4.417696927649928e-05,3.5948699160792685e-06,1.47140967604679,0.05903347178991242,0.05907405388927284,5445,5438,10883,382844214.5625,4910796.8731361795,False,382844214.5625,87091207.5,125781292.78125,57946533.5,188437444.53125,734287913.28125,MISSING
transfer_fixed_five,B2-rank3-q1-r4-K2,215212e37d35f0277d90e0dfb354ff27c6334677ddc57b31f4e702fb709a928b,0.08438688713395978,0.005256376547101335,True,0.0037168195009252836,0.00026014045149713727,1.0620308450250202,0.055953720634721496,0.05941039968414964,3158,2801,5959,37199243.71875,237832.4448150803,True,37199243.71875,15369192.09375,19965629.5,16162856.40625,33459412.5625,70858096.5625,MISSING
transfer_fixed_five,B2-rank3-q1-r8-K2,1e063a21340c2fb397fe431779fa0bb1d2fba619b736361014296303c8f0e3e9,0.08438688713395978,0.005256157396431461,True,0.0037166645380005137,0.0002610609785499429,1.0307583312111528,0.055953875597646266,0.05940947915709684,2975,2639,5614,37335731.5625,374274.52221683884,True,37335731.5625,15095168.8125,19661280.625,15709024.625,32867338.4375,71280256.25,MISSING
transfer_fixed_five,B0-rank6-q1-r0-K0,d9ae4b8645a032031fc003c9e7268010e6a5c5734c6da898043c748bd900aa64,0.08438688713395978,0.009976267821590988,True,0.007054286627580134,0.0006265786540605722,1.0,0.052616253508066646,0.05904396148158621,3166,2514,5680,59475280.0,0.0,False,59475280.0,26815280.0,34102720.0,28962320.0,58316560.0,113355760.0,MISSING
transfer_fixed_five,B1-rank12-q1-r0-K0,9a24146ac2b7dfd129fa7d49aa2d50772fc647424d2ab958638482cfac139529,0.08438688713395978,0.005265778433252583,True,0.0037234676383787746,0.0002615994585534187,1.0,0.055947072497268005,0.05940894067709336,2800,2484,5284,105891360.0,0.0,False,105891360.0,46250852.0,61188720.0,51947004.0,102847776.0,202456460.0,MISSING
transfer_fixed_five,B3-rank0-q8-r32-K4,a090ea4c0aa58921cf4904fed6f6f74fac8d2e12f031736c8c94aa80754f295b,0.08438688713395978,6.247566909536482e-05,True,4.417696927649928e-05,3.5948699160792685e-06,1.47140967604679,0.05962636316637028,0.0596669452657307,5337,5330,10667,375245726.0625,4813329.986744797,False,375245726.0625,85362667.5,123284852.53125,56796441.5,184697438.28125,719714157.03125,MISSING
transfer_fixed_five,B2-rank3-q1-r4-K2,215212e37d35f0277d90e0dfb354ff27c6334677ddc57b31f4e702fb709a928b,0.08523377692593145,0.005256376547101335,True,0.0037168195009252836,0.00026014045149713727,1.0620308450250202,0.05655256214954233,0.06000924119897048,3091,2746,5837,36437654.90625,232963.24557570458,True,36437654.90625,15054535.03125,19556868.5,15831950.46875,32774390.1875,69407402.1875,MISSING
transfer_fixed_five,B2-rank3-q1-r8-K2,1e063a21340c2fb397fe431779fa0bb1d2fba619b736361014296303c8f0e3e9,0.08523377692593145,0.005256157396431461,True,0.0037166645380005137,0.0002610609785499429,1.0307583312111528,0.0565527171124671,0.06000832067191767,2912,2586,5498,36564277.1875,366541.02656718565,True,36564277.1875,14783262.9375,19255026.875,15384434.875,32188212.8125,69807418.75,MISSING
transfer_fixed_five,B0-rank6-q1-r0-K0,d9ae4b8645a032031fc003c9e7268010e6a5c5734c6da898043c748bd900aa64,0.08523377692593145,0.009976267821590988,True,0.007054286627580134,0.0006265786540605722,1.0,0.05321509502288748,0.05964280299640704,3095,2464,5559,58208289.0,0.0,False,58208289.0,26244039.0,33376236.0,28345341.0,57074253.0,110940963.0,MISSING
transfer_fixed_five,B1-rank12-q1-r0-K0,9a24146ac2b7dfd129fa7d49aa2d50772fc647424d2ab958638482cfac139529,0.08523377692593145,0.005265778433252583,True,0.0037234676383787746,0.0002615994585534187,1.0,0.05654591401208884,0.060007782191914195,2741,2434,5175,103707000.0,0.0,False,103707000.0,45296775.0,59926500.0,50875425.0,100726200.0,198280125.0,MISSING
transfer_fixed_five,B3-rank0-q8-r32-K4,a090ea4c0aa58921cf4904fed6f6f74fac8d2e12f031736c8c94aa80754f295b,0.08523377692593145,6.247566909536482e-05,True,4.417696927649928e-05,3.5948699160792685e-06,1.47140967604679,0.060225204681191115,0.060265786780551535,5232,5225,10457,367858306.6875,4718570.513864286,False,367858306.6875,83682142.5,120857757.84375,55678296.5,181061321.09375,705545227.34375,MISSING
transfer_fixed_five,B2-rank3-q1-r4-K2,215212e37d35f0277d90e0dfb354ff27c6334677ddc57b31f4e702fb709a928b,0.08608916593317346,0.005256376547101335,True,0.0037168195009252836,0.00026014045149713727,1.0620308450250202,0.057157413517115584,0.06061409256654373,3026,2691,5717,35688551.15625,228173.86927467934,True,35688551.15625,14745036.28125,19154808.5,15506469.21875,32100597.6875,67980489.6875,MISSING
transfer_fixed_five,B2-rank3-q1-r8-K2,1e063a21340c2fb397fe431779fa0bb1d2fba619b736361014296303c8f0e3e9,0.08608916593317346,0.005256157396431461,True,0.0037166645380005137,0.0002610609785499429,1.0307583312111528,0.057157568480040354,0.060613172039490924,2851,2535,5386,35819424.6875,359074.2031813135,True,35819424.6875,14482112.4375,18862781.875,15071037.875,31532505.3125,68385368.75,MISSING
transfer_fixed_five,B0-rank6-q1-r0-K0,d9ae4b8645a032031fc003c9e7268010e6a5c5734c6da898043c748bd900aa64,0.08608916593317346,0.009976267821590988,True,0.007054286627580134,0.0006265786540605722,1.0,0.053819946390460734,0.060247654363980295,3026,2415,5441,56972711.0,0.0,False,56972711.0,25686961.0,32667764.0,27743659.0,55862747.0,108586037.0,MISSING
transfer_fixed_five,B1-rank12-q1-r0-K0,9a24146ac2b7dfd129fa7d49aa2d50772fc647424d2ab958638482cfac139529,0.08608916593317346,0.005265778433252583,True,0.0037234676383787746,0.0002615994585534187,1.0,0.05715076537966209,0.06061263355948745,2684,2386,5070,101602800.0,0.0,False,101602800.0,44377710.0,58710600.0,49843170.0,98682480.0,194257050.0,MISSING
transfer_fixed_five,B3-rank0-q8-r32-K4,a090ea4c0aa58921cf4904fed6f6f74fac8d2e12f031736c8c94aa80754f295b,0.08608916593317346,6.247566909536482e-05,True,4.417696927649928e-05,3.5948699160792685e-06,1.47140967604679,0.06083005604876437,0.06087063814812479,5128,5122,10250,360576421.875,4625164.747739212,False,360576421.875,82025625.0,118465335.9375,54576125.0,177477148.4375,691578710.9375,MISSING
transfer_fixed_five,B2-rank3-q1-r4-K2,215212e37d35f0277d90e0dfb354ff27c6334677ddc57b31f4e702fb709a928b,0.08695313945209739,0.005256376547101335,True,0.0037168195009252836,0.00026014045149713727,1.0620308450250202,0.05776833505111229,0.06122501410054044,2963,2638,5601,34964417.53125,223544.13885035488,True,34964417.53125,14445854.15625,18766150.5,15191837.34375,31449264.9375,66601140.9375,MISSING
transfer_fixed_five,B2-rank3-q1-r8-K2,1e063a21340c2fb397fe431779fa0bb1d2fba619b736361014296303c8f0e3e9,0.08695313945209739,0.005256157396431461,True,0.0037166645380005137,0.0002610609785499429,1.0307583312111528,0.05776849001403706,0.06122409357348763,2791,2485,5276,35087873.125,351740.715927332,True,35087873.125,14186339.625,18477541.25,14763237.25,30888506.875,66988712.5,MISSING
transfer_fixed_five,B0-rank6-q1-r0-K0,d9ae4b8645a032031fc003c9e7268010e6a5c5734c6da898043c748bd900aa64,0.08695313945209739,0.009976267821590988,True,0.007054286627580134,0.0006265786540605722,1.0,0.05443086792445744,0.060858575897977,2959,2367,5326,55768546.0,0.0,False,55768546.0,25144046.0,31977304.0,27157274.0,54682042.0,106290982.0,MISSING
transfer_fixed_five,B1-rank12-q1-r0-K0,9a24146ac2b7dfd129fa7d49aa2d50772fc647424d2ab958638482cfac139529,0.08695313945209739,0.005265778433252583,True,0.0037234676383787746,0.0002615994585534187,1.0,0.0577616869136588,0.06122355509348416,2627,2339,4966,99518640.0,0.0,False,99518640.0,43467398.0,57506280.0,48820746.0,96658224.0,190272290.0,MISSING
transfer_fixed_five,B3-rank0-q8-r32-K4,a090ea4c0aa58921cf4904fed6f6f74fac8d2e12f031736c8c94aa80754f295b,0.08695313945209739,6.247566909536482e-05,True,4.417696927649928e-05,3.5948699160792685e-06,1.47140967604679,0.061440977582761076,0.061481559682121496,5027,5020,10047,353435249.8125,4533563.923954718,False,353435249.8125,80401117.5,116119144.40625,53495251.5,173962235.15625,677882078.90625,MISSING
transfer_fixed_five,B2-rank3-q1-r4-K2,215212e37d35f0277d90e0dfb354ff27c6334677ddc57b31f4e702fb709a928b,0.08782578363513226,0.005256376547101335,True,0.0037168195009252836,0.00026014045149713727,1.0620308450250202,0.05838538767049924,0.06184206671992739,2900,2585,5485,34240283.90625,218914.40842603045,True,34240283.90625,14146672.03125,18377492.5,14877205.46875,30797932.1875,65221792.1875,MISSING
transfer_fixed_five,B2-rank3-q1-r8-K2,1e063a21340c2fb397fe431779fa0bb1d2fba619b736361014296303c8f0e3e9,0.08782578363513226,0.005256157396431461,True,0.0037166645380005137,0.0002610609785499429,1.0307583312111528,0.05838554263342401,0.061841146192874584,2732,2435,5167,34362972.03125,344473.89673929574,True,34362972.03125,13893255.65625,18095802.8125,14458234.8125,30250362.96875,65604753.125,MISSING
transfer_fixed_five,B0-rank6-q1-r0-K0,d9ae4b8645a032031fc003c9e7268010e6a5c5734c6da898043c748bd900aa64,0.08782578363513226,0.009976267821590988,True,0.007054286627580134,0.0006265786540605722,1.0,0.05504792054384439,0.061475628517363955,2893,2319,5212,54574852.0,0.0,False,54574852.0,24605852.0,31292848.0,26575988.0,53511604.0,104015884.0,MISSING
transfer_fixed_five,B1-rank12-q1-r0-K0,9a24146ac2b7dfd129fa7d49aa2d50772fc647424d2ab958638482cfac139529,0.08782578363513226,0.005265778433252583,True,0.0037234676383787746,0.0002615994585534187,1.0,0.05837873953304575,0.06184060771287111,2572,2292,4864,97474560.0,0.0,False,97474560.0,42574592.0,56325120.0,47817984.0,94672896.0,186364160.0,MISSING
transfer_fixed_five,B3-rank0-q8-r32-K4,a090ea4c0aa58921cf4904fed6f6f74fac8d2e12f031736c8c94aa80754f295b,0.08782578363513226,6.247566909536482e-05,True,4.417696927649928e-05,3.5948699160792685e-06,1.47140967604679,0.06205803020214803,0.06209861230150845,4927,4921,9848,346434790.5,4443768.042510806,False,346434790.5,78808620.0,113819183.25,52435676.0,170516581.25,664455331.25,MISSING
transfer_fixed_five,B2-rank3-q1-r4-K2,215212e37d35f0277d90e0dfb354ff27c6334677ddc57b31f4e702fb709a928b,0.08870718549931567,0.005256376547101335,True,0.0037168195009252836,0.00026014045149713727,1.0620308450250202,0.0590086329056138,0.062465311955041944,2839,2534,5373,33541120.40625,214444.32387840684,True,33541120.40625,13857806.53125,18002236.5,14573422.96875,30169059.1875,63890007.1875,MISSING
transfer_fixed_five,B2-rank3-q1-r8-K2,1e063a21340c2fb397fe431779fa0bb1d2fba619b736361014296303c8f0e3e9,0.08870718549931567,0.005256157396431461,True,0.0037166645380005137,0.0002610609785499429,1.0307583312111528,0.05900878786853857,0.06246439142798914,2675,2387,5062,33664672.8125,337473.7498150407,True,33664672.8125,13610927.0625,17728073.125,14164425.125,29635637.1875,64271581.25,MISSING
transfer_fixed_five,B0-rank6-q1-r0-K0,d9ae4b8645a032031fc003c9e7268010e6a5c5734c6da898043c748bd900aa64,0.08870718549931567,0.009976267821590988,True,0.007054286627580134,0.0006265786540605722,1.0,0.05567116577895895,0.06209887375247851,2828,2273,5101,53412571.0,0.0,False,53412571.0,24081821.0,30626404.0,26009999.0,52371967.0,101800657.0,MISSING
transfer_fixed_five,B1-rank12-q1-r0-K0,9a24146ac2b7dfd129fa7d49aa2d50772fc647424d2ab958638482cfac139529,0.08870718549931567,0.005265778433252583,True,0.0037234676383787746,0.0002615994585534187,1.0,0.05900198476816031,0.06246385294798566,2518,2247,4765,95490600.0,0.0,False,95490600.0,41708045.0,55178700.0,46844715.0,92745960.0,182570975.0,MISSING
transfer_fixed_five,B3-rank0-q8-r32-K4,a090ea4c0aa58921cf4904fed6f6f74fac8d2e12f031736c8c94aa80754f295b,0.08870718549931567,6.247566909536482e-05,True,4.417696927649928e-05,3.5948699160792685e-06,1.47140967604679,0.06268127543726258,0.062721857536623,4830,4824,9654,339610222.125,4356228.338992619,False,339610222.125,77256135.0,111577010.0625,51402723.0,167157501.5625,651365939.0625,MISSING
transfer_fixed_five,B2-rank3-q1-r4-K2,215212e37d35f0277d90e0dfb354ff27c6334677ddc57b31f4e702fb709a928b,0.0895974329349706,0.005256376547101335,True,0.0037168195009252836,0.00026014045149713727,1.0620308450250202,0.05963813290429934,0.06309481195372749,2780,2484,5264,32860684.5,210093.9737383089,True,32860684.5,13576678.5,17637032.0,14277777.5,29557031.0,62593895.0,MISSING
transfer_fixed_five,B2-rank3-q1-r8-K2,1e063a21340c2fb397fe431779fa0bb1d2fba619b736361014296303c8f0e3e9,0.0895974329349706,0.005256157396431461,True,0.0037166645380005137,0.0002610609785499429,1.0307583312111528,0.05963828786722411,0.06309389142667468,2618,2340,4958,32973024.0625,330540.2709567309,True,32973024.0625,13331287.3125,17363845.625,13873413.625,29026765.9375,62951106.25,MISSING
transfer_fixed_five,B0-rank6-q1-r0-K0,d9ae4b8645a032031fc003c9e7268010e6a5c5734c6da898043c748bd900aa64,0.0895974329349706,0.009976267821590988,True,0.007054286627580134,0.0006265786540605722,1.0,0.05630066577764449,0.06272837375116405,2765,2228,4993,52281703.0,0.0,False,52281703.0,23571953.0,29977972.0,25459307.0,51263131.0,99645301.0,MISSING
transfer_fixed_five,B1-rank12-q1-r0-K0,9a24146ac2b7dfd129fa7d49aa2d50772fc647424d2ab958638482cfac139529,0.0895974329349706,0.005265778433252583,True,0.0037234676383787746,0.0002615994585534187,1.0,0.05963148476684585,0.0630933529466712,2465,2202,4667,93526680.0,0.0,False,93526680.0,40850251.0,54043860.0,45881277.0,90838488.0,178816105.0,MISSING
transfer_fixed_five,B3-rank0-q8-r32-K4,a090ea4c0aa58921cf4904fed6f6f74fac8d2e12f031736c8c94aa80754f295b,0.0895974329349706,6.247566909536482e-05,True,4.417696927649928e-05,3.5948699160792685e-06,1.47140967604679,0.06331077543594812,0.06335135753530854,4734,4728,9462,332856010.125,4269591.106644724,False,332856010.125,75719655.0,109357952.0625,50380419.0,163833051.5625,638411489.0625,MISSING
transfer_fixed_five,B2-rank3-q1-r4-K2,215212e37d35f0277d90e0dfb354ff27c6334677ddc57b31f4e702fb709a928b,0.09049661471446958,0.005256376547101335,True,0.0037168195009252836,0.00026014045149713727,1.0620308450250202,0.06027395043810245,0.0637306294875306,2721,2434,5155,32180248.59375,205743.62359821092,True,32180248.59375,13295550.46875,17271827.5,13982132.03125,28945002.8125,61297782.8125,MISSING
transfer_fixed_five,B2-rank3-q1-r8-K2,1e063a21340c2fb397fe431779fa0bb1d2fba619b736361014296303c8f0e3e9,0.09049661471446958,0.005256157396431461,True,0.0037166645380005137,0.0002610609785499429,1.0307583312111528,0.06027410540102722,0.06372970896047779,2564,2293,4857,32301326.71875,323806.79629625694,True,32301326.71875,13059714.09375,17010124.6875,13590796.6875,28435458.28125,61668721.875,MISSING
transfer_fixed_five,B0-rank6-q1-r0-K0,d9ae4b8645a032031fc003c9e7268010e6a5c5734c6da898043c748bd900aa64,0.09049661471446958,0.009976267821590988,True,0.007054286627580134,0.0006265786540605722,1.0,0.0569364833114476,0.06336419128496716,2704,2183,4887,51171777.0,0.0,False,51171777.0,23071527.0,29341548.0,24918813.0,50174829.0,97529859.0,MISSING
transfer_fixed_five,B1-rank12-q1-r0-K0,9a24146ac2b7dfd129fa7d49aa2d50772fc647424d2ab958638482cfac139529,0.09049661471446958,0.005265778433252583,True,0.0037234676383787746,0.0002615994585534187,1.0,0.06026730230064896,0.06372917048047431,2413,2158,4571,91602840.0,0.0,False,91602840.0,40009963.0,52932180.0,44937501.0,88969944.0,175137865.0,MISSING
transfer_fixed_five,B3-rank0-q8-r32-K4,a090ea4c0aa58921cf4904fed6f6f74fac8d2e12f031736c8c94aa80754f295b,0.09049661471446958,6.247566909536482e-05,True,4.417696927649928e-05,3.5948699160792685e-06,1.47140967604679,0.06394659296975123,0.06398717506911165,4641,4635,9276,326312867.25,4185661.2878077,False,326312867.25,74231190.0,107208239.625,49390062.0,160612490.625,625861865.625,MISSING
transfer_fixed_five,B2-rank3-q1-r4-K2,215212e37d35f0277d90e0dfb354ff27c6334677ddc57b31f4e702fb709a928b,0.09140482050108682,0.005256376547101335,True,0.0037168195009252836,0.00026014045149713727,1.0620308450250202,0.060916148908532364,0.06437282795796051,2664,2386,5050,31524782.8125,201552.9193348138,True,31524782.8125,13024739.0625,16920025.0,13697335.9375,28355434.375,60049234.375,MISSING
transfer_fixed_five,B2-rank3-q1-r8-K2,1e063a21340c2fb397fe431779fa0bb1d2fba619b736361014296303c8f0e3e9,0.09140482050108682,0.005256157396431461,True,0.0037166645380005137,0.0002610609785499429,1.0307583312111528,0.060916303871457134,0.0643719074309077,2510,2248,4758,31642930.3125,317206.65776767355,True,31642930.3125,12793518.5625,16663408.125,13313776.125,27855859.6875,60411731.25,MISSING
transfer_fixed_five,B0-rank6-q1-r0-K0,d9ae4b8645a032031fc003c9e7268010e6a5c5734c6da898043c748bd900aa64,0.09140482050108682,0.009976267821590988,True,0.007054286627580134,0.0006265786540605722,1.0,0.057578681781877514,0.06400638975539708,2644,2140,4784,50093264.0,0.0,False,50093264.0,22585264.0,28723136.0,24393616.0,49117328.0,95474288.0,MISSING
transfer_fixed_five,B1-rank12-q1-r0-K0,9a24146ac2b7dfd129fa7d49aa2d50772fc647424d2ab958638482cfac139529,0.09140482050108682,0.005265778433252583,True,0.0037234676383787746,0.0002615994585534187,1.0,0.06090950077107887,0.06437136895090423,2363,2116,4479,89759160.0,0.0,False,89759160.0,39204687.0,51866820.0,44033049.0,87179256.0,171612885.0,MISSING
transfer_fixed_five,B3-rank0-q8-r32-K4,a090ea4c0aa58921cf4904fed6f6f74fac8d2e12f031736c8c94aa80754f295b,0.09140482050108682,6.247566909536482e-05,True,4.417696927649928e-05,3.5948699160792685e-06,1.47140967604679,0.06458879144018115,0.06462937353954157,4549,4543,9092,319840080.75,4102633.940140967,False,319840080.75,72758730.0,105081642.375,48410354.0,157426559.375,613447184.375,MISSING
transfer_fixed_five,B2-rank3-q1-r4-K2,215212e37d35f0277d90e0dfb354ff27c6334677ddc57b31f4e702fb709a928b,0.09232214085793909,0.005256376547101335,True,0.0037168195009252836,0.00026014045149713727,1.0620308450250202,0.061564792353383066,0.06502147140281121,2609,2339,4948,30888044.625,197481.94947894232,True,30888044.625,12761665.125,16578274.0,13420676.875,27782710.75,58836358.75,MISSING
transfer_fixed_five,B2-rank3-q1-r8-K2,1e063a21340c2fb397fe431779fa0bb1d2fba619b736361014296303c8f0e3e9,0.09232214085793909,0.005256157396431461,True,0.0037166645380005137,0.0002610609785499429,1.0307583312111528,0.061564947316307836,0.0650205508757584,2457,2203,4660,30991184.375,310673.1873050355,True,30991184.375,12530011.875,16320193.75,13039553.75,27282115.625,59167437.5,MISSING
transfer_fixed_five,B0-rank6-q1-r0-K0,d9ae4b8645a032031fc003c9e7268010e6a5c5734c6da898043c748bd900aa64,0.09232214085793909,0.009976267821590988,True,0.007054286627580134,0.0006265786540605722,1.0,0.058227325226728216,0.06465503320024778,2585,2097,4682,49025222.0,0.0,False,49025222.0,22103722.0,28110728.0,23873518.0,48070094.0,93438674.0,MISSING
transfer_fixed_five,B1-rank12-q1-r0-K0,9a24146ac2b7dfd129fa7d49aa2d50772fc647424d2ab958638482cfac139529,0.09232214085793909,0.005265778433252583,True,0.0037234676383787746,0.0002615994585534187,1.0,0.061558144215929575,0.06502001239575493,2313,2074,4387,87915480.0,0.0,False,87915480.0,38399411.0,50801460.0,43128597.0,85388568.0,168087905.0,MISSING
transfer_fixed_five,B3-rank0-q8-r32-K4,a090ea4c0aa58921cf4904fed6f6f74fac8d2e12f031736c8c94aa80754f295b,0.09232214085793909,6.247566909536482e-05,True,4.417696927649928e-05,3.5948699160792685e-06,1.47140967604679,0.06523743488503185,0.06527801698439227,4459,4453,8912,313508007.0,4021411.534814815,False,313508007.0,71318280.0,103001275.5,47451944.0,154309887.5,601302387.5,MISSING
transfer_fixed_five,B2-rank3-q1-r4-K2,215212e37d35f0277d90e0dfb354ff27c6334677ddc57b31f4e702fb709a928b,0.09324866725701628,0.005256376547101335,True,0.0037168195009252836,0.00026014045149713727,1.0620308450250202,0.0622199454531189,0.06567662450254705,2554,2292,4846,30251306.4375,193410.97962307083,True,30251306.4375,12498591.1875,16236523.0,13144017.8125,27209987.125,57623483.125,MISSING
transfer_fixed_five,B2-rank3-q1-r8-K2,1e063a21340c2fb397fe431779fa0bb1d2fba619b736361014296303c8f0e3e9,0.09324866725701628,0.005256157396431461,True,0.0037166645380005137,0.0002610609785499429,1.0307583312111528,0.06222010041604367,0.06567570397549424,2406,2159,4565,30359389.84375,304339.7210402333,True,30359389.84375,12274571.71875,15987485.9375,12773725.9375,26725935.15625,57961234.375,MISSING
transfer_fixed_five,B0-rank6-q1-r0-K0,d9ae4b8645a032031fc003c9e7268010e6a5c5734c6da898043c748bd900aa64,0.09324866725701628,0.009976267821590988,True,0.007054286627580134,0.0006265786540605722,1.0,0.05888247832646405,0.06531018629998361,2528,2055,4583,47988593.0,0.0,False,47988593.0,21636343.0,27516332.0,23368717.0,47053661.0,91462931.0,MISSING
transfer_fixed_five,B1-rank12-q1-r0-K0,9a24146ac2b7dfd129fa7d49aa2d50772fc647424d2ab958638482cfac139529,0.09324866725701628,0.005265778433252583,True,0.0037234676383787746,0.0002615994585534187,1.0,0.06221329731566541,0.06567516549549077,2265,2032,4297,86111880.0,0.0,False,86111880.0,37611641.0,49759260.0,42243807.0,83636808.0,164639555.0,MISSING
transfer_fixed_five,B3-rank0-q8-r32-K4,a090ea4c0aa58921cf4904fed6f6f74fac8d2e12f031736c8c94aa80754f295b,0.09324866725701628,6.247566909536482e-05,True,4.417696927649928e-05,3.5948699160792685e-06,1.47140967604679,0.06589258798476769,0.0659331700841281,4371,4365,8736,307316646.0,3941994.071829244,False,307316646.0,69909840.0,100967139.0,46514832.0,151262475.0,589427475.0,MISSING
transfer_fixed_five,B2-rank3-q1-r4-K2,215212e37d35f0277d90e0dfb354ff27c6334677ddc57b31f4e702fb709a928b,0.09418449208830276,0.005256376547101335,True,0.0037168195009252836,0.00026014045149713727,1.0620308450250202,0.06288167353732432,0.06633835258675247,2500,2247,4747,29633295.84375,189459.74417472497,True,29633295.84375,12243254.71875,15904823.5,12875495.78125,26654108.3125,56446280.3125,MISSING
transfer_fixed_five,B2-rank3-q1-r8-K2,1e063a21340c2fb397fe431779fa0bb1d2fba619b736361014296303c8f0e3e9,0.09418449208830276,0.005256157396431461,True,0.0037166645380005137,0.0002610609785499429,1.0307583312111528,0.06288182850024909,0.06633743205969966,2355,2116,4471,29734245.78125,298072.92284137633,True,29734245.78125,12021820.40625,15658280.3125,12510696.3125,26175609.21875,56767728.125,MISSING
transfer_fixed_five,B0-rank6-q1-r0-K0,d9ae4b8645a032031fc003c9e7268010e6a5c5734c6da898043c748bd900aa64,0.09418449208830276,0.009976267821590988,True,0.007054286627580134,0.0006265786540605722,1.0,0.05954420641066947,0.06597191438418903,2472,2014,4486,46972906.0,0.0,False,46972906.0,21178406.0,26933944.0,22874114.0,46057762.0,89527102.0,MISSING
transfer_fixed_five,B1-rank12-q1-r0-K0,9a24146ac2b7dfd129fa7d49aa2d50772fc647424d2ab958638482cfac139529,0.09418449208830276,0.005265778433252583,True,0.0037234676383787746,0.0002615994585534187,1.0,0.06287502539987083,0.06633689357969619,2217,1992,4209,84348360.0,0.0,False,84348360.0,36841377.0,48740220.0,41378679.0,81923976.0,161267835.0,MISSING
transfer_fixed_five,B3-rank0-q8-r32-K4,a090ea4c0aa58921cf4904fed6f6f74fac8d2e12f031736c8c94aa80754f295b,0.09418449208830276,6.247566909536482e-05,True,4.417696927649928e-05,3.5948699160792685e-06,1.47140967604679,0.06655431606897311,0.06659489816833353,4284,4279,8563,301230819.5625,3863930.315599109,False,301230819.5625,68525407.5,98967675.28125,45593693.5,148267007.03125,577754975.78125,MISSING
transfer_fixed_five,B2-rank3-q1-r4-K2,215212e37d35f0277d90e0dfb354ff27c6334677ddc57b31f4e702fb709a928b,0.09512970866899023,0.005256376547101335,True,0.0037168195009252836,0.00026014045149713727,1.0620308450250202,0.0635500425912184,0.06700672164064654,2448,2202,4650,29027770.3125,185588.33166472954,True,29027770.3125,11993076.5625,15579825.0,12612398.4375,26109459.375,55292859.375,MISSING
transfer_fixed_five,B2-rank3-q1-r8-K2,1e063a21340c2fb397fe431779fa0bb1d2fba619b736361014296303c8f0e3e9,0.09512970866899023,0.005256157396431461,True,0.0037166645380005137,0.0002610609785499429,1.0307583312111528,0.06355019755414316,0.06700580111359374,2306,2074,4380,29129053.125,292006.1288403552,True,29129053.125,11777135.625,15339581.25,12256061.25,25642846.875,55612312.5,MISSING
transfer_fixed_five,B0-rank6-q1-r0-K0,d9ae4b8645a032031fc003c9e7268010e6a5c5734c6da898043c748bd900aa64,0.09512970866899023,0.009976267821590988,True,0.007054286627580134,0.0006265786540605722,1.0,0.060212575464563545,0.0666402834380831,2418,1974,4392,45988632.0,0.0,False,45988632.0,20734632.0,26369568.0,22394808.0,45092664.0,87651144.0,MISSING
transfer_fixed_five,B1-rank12-q1-r0-K0,9a24146ac2b7dfd129fa7d49aa2d50772fc647424d2ab958638482cfac139529,0.09512970866899023,0.005265778433252583,True,0.0037234676383787746,0.0002615994585534187,1.0,0.0635433944537649,0.06700526263359026,2171,1953,4124,82644960.0,0.0,False,82644960.0,36097372.0,47755920.0,40543044.0,80269536.0,158011060.0,MISSING
transfer_fixed_five,B3-rank0-q8-r32-K4,a090ea4c0aa58921cf4904fed6f6f74fac8d2e12f031736c8c94aa80754f295b,0.09512970866899023,6.247566909536482e-05,True,4.417696927649928e-05,3.5948699160792685e-06,1.47140967604679,0.06722268512286718,0.0672632672222276,4199,4194,8393,295250527.6875,3787220.26612441,False,295250527.6875,67164982.5,97002884.34375,44688528.5,145323483.59375,566284889.84375,MISSING
transfer_fixed_five,B2-rank3-q1-r4-K2,215212e37d35f0277d90e0dfb354ff27c6334677ddc57b31f4e702fb709a928b,0.09608441125278289,0.005256376547101335,True,0.0037168195009252836,0.00026014045149713727,1.0620308450250202,0.06422511926223451,0.06768179831166266,2397,2158,4555,28434729.84375,181796.74209308455,True,28434729.84375,11748056.71875,15261527.5,12354725.78125,25576040.3125,54163220.3125,MISSING
transfer_fixed_five,B2-rank3-q1-r8-K2,1e063a21340c2fb397fe431779fa0bb1d2fba619b736361014296303c8f0e3e9,0.09608441125278289,0.005256157396431461,True,0.0037166645380005137,0.0002610609785499429,1.0307583312111528,0.06422527422515928,0.06768087778460985,2258,2033,4291,28537161.40625,286072.6709712247,True,28537161.40625,11537828.53125,15027886.5625,12007022.5625,25121793.59375,54482290.625,MISSING
transfer_fixed_five,B0-rank6-q1-r0-K0,d9ae4b8645a032031fc003c9e7268010e6a5c5734c6da898043c748bd900aa64,0.09608441125278289,0.009976267821590988,True,0.007054286627580134,0.0006265786540605722,1.0,0.06088765213557966,0.06731536010909922,2364,1935,4299,45014829.0,0.0,False,45014829.0,20295579.0,25811196.0,21920601.0,44137833.0,85795143.0,MISSING
transfer_fixed_five,B1-rank12-q1-r0-K0,9a24146ac2b7dfd129fa7d49aa2d50772fc647424d2ab958638482cfac139529,0.09608441125278289,0.005265778433252583,True,0.0037234676383787746,0.0002615994585534187,1.0,0.06421847112478102,0.06768033930460637,2126,1914,4040,80961600.0,0.0,False,80961600.0,35362120.0,46783200.0,39717240.0,78634560.0,154792600.0,MISSING
transfer_fixed_five,B3-rank0-q8-r32-K4,a090ea4c0aa58921cf4904fed6f6f74fac8d2e12f031736c8c94aa80754f295b,0.09608441125278289,6.247566909536482e-05,True,4.417696927649928e-05,3.5948699160792685e-06,1.47140967604679,0.0678977617938833,0.06793834389324371,4116,4111,8227,289410948.5625,3712315.158990292,False,289410948.5625,65836567.5,95084323.78125,43804661.5,142449219.53125,555084688.28125,MISSING
transfer_fixed_five,B2-rank3-q1-r4-K2,215212e37d35f0277d90e0dfb354ff27c6334677ddc57b31f4e702fb709a928b,0.09704869503929602,0.005256376547101335,True,0.0037168195009252836,0.00026014045149713727,1.0620308450250202,0.06490697086666618,0.06836364991609432,2347,2116,4463,27860416.96875,178124.88692896516,True,27860416.96875,11510774.34375,14953281.5,12105190.15625,25059466.0625,53069254.0625,MISSING
transfer_fixed_five,B2-rank3-q1-r8-K2,1e063a21340c2fb397fe431779fa0bb1d2fba619b736361014296303c8f0e3e9,0.09704869503929602,0.005256157396431461,True,0.0037166645380005137,0.0002610609785499429,1.0307583312111528,0.06490712582959095,0.06836272938904152,2211,1993,4204,27958570.625,280272.5492339848,True,27958570.625,11303899.125,14723196.25,11763580.25,24612449.375,53377662.5,MISSING
transfer_fixed_five,B0-rank6-q1-r0-K0,d9ae4b8645a032031fc003c9e7268010e6a5c5734c6da898043c748bd900aa64,0.09704869503929602,0.009976267821590988,True,0.007054286627580134,0.0006265786540605722,1.0,0.06156950374001133,0.06799721171353089,2312,1896,4208,44061968.0,0.0,False,44061968.0,19865968.0,25264832.0,21456592.0,43203536.0,83979056.0,MISSING
transfer_fixed_five,B1-rank12-q1-r0-K0,9a24146ac2b7dfd129fa7d49aa2d50772fc647424d2ab958638482cfac139529,0.09704869503929602,0.005265778433252583,True,0.0037234676383787746,0.0002615994585534187,1.0,0.06490032272921269,0.06836219090903804,2081,1876,3957,79298280.0,0.0,False,79298280.0,34635621.0,45822060.0,38901267.0,77019048.0,151612455.0,MISSING
transfer_fixed_five,B3-rank0-q8-r32-K4,a090ea4c0aa58921cf4904fed6f6f74fac8d2e12f031736c8c94aa80754f295b,0.09704869503929602,6.247566909536482e-05,True,4.417696927649928e-05,3.5948699160792685e-06,1.47140967604679,0.06857961339831496,0.06862019549767538,4035,4030,8065,283712082.1875,3639214.994196755,False,283712082.1875,64540162.5,93211993.59375,42942092.5,139644214.84375,544154371.09375,MISSING
transfer_fixed_five,B2-rank3-q1-r4-K2,215212e37d35f0277d90e0dfb354ff27c6334677ddc57b31f4e702fb709a928b,0.09802265618354915,0.005256376547101335,True,0.0037168195009252836,0.00026014045149713727,1.0620308450250202,0.06559566539637977,0.06905234444580792,2298,2074,4372,27292346.625,174492.943234021,True,27292346.625,11276071.125,14648386.0,11858366.875,24548506.75,51987178.75,MISSING
transfer_fixed_five,B2-rank3-q1-r8-K2,1e063a21340c2fb397fe431779fa0bb1d2fba619b736361014296303c8f0e3e9,0.09802265618354915,0.005256157396431461,True,0.0037166645380005137,0.0002610609785499429,1.0307583312111528,0.06559582035930454,0.06905142391875511,2165,1953,4118,27386630.3125,274539.09556269017,True,27386630.3125,11072658.5625,14422008.125,11522936.125,24108959.6875,52285731.25,MISSING
transfer_fixed_five,B0-rank6-q1-r0-K0,d9ae4b8645a032031fc003c9e7268010e6a5c5734c6da898043c748bd900aa64,0.09802265618354915,0.009976267821590988,True,0.007054286627580134,0.0006265786540605722,1.0,0.062258198269724924,0.06868590624324449,2262,1858,4120,43140520.0,0.0,False,43140520.0,19450520.0,24736480.0,21007880.0,42300040.0,82222840.0,MISSING
transfer_fixed_five,B1-rank12-q1-r0-K0,9a24146ac2b7dfd129fa7d49aa2d50772fc647424d2ab958638482cfac139529,0.09802265618354915,0.005265778433252583,True,0.0037234676383787746,0.0002615994585534187,1.0,0.06558901725892628,0.06905088543875164,2038,1839,3877,77695080.0,0.0,False,77695080.0,33935381.0,44895660.0,38114787.0,75461928.0,148547255.0,MISSING
transfer_fixed_five,B3-rank0-q8-r32-K4,a090ea4c0aa58921cf4904fed6f6f74fac8d2e12f031736c8c94aa80754f295b,0.09802265618354915,6.247566909536482e-05,True,4.417696927649928e-05,3.5948699160792685e-06,1.47140967604679,0.06926830792802856,0.06930889002738898,3955,3950,7905,278083572.1875,3567017.3005735087,False,278083572.1875,63259762.5,91362778.59375,42090172.5,136873839.84375,533358996.09375,MISSING
transfer_fixed_five,B2-rank3-q1-r4-K2,215212e37d35f0277d90e0dfb354ff27c6334677ddc57b31f4e702fb709a928b,0.09900639180555423,0.005256376547101335,True,0.0037168195009252836,0.00026014045149713727,1.0620308450250202,0.06629127152559434,0.06974795057502249,2250,2032,4282,26730518.8125,170900.91100825203,True,26730518.8125,11043947.0625,14346841.0,11614255.9375,24043162.375,50916994.375,MISSING
transfer_fixed_five,B2-rank3-q1-r8-K2,1e063a21340c2fb397fe431779fa0bb1d2fba619b736361014296303c8f0e3e9,0.09900639180555423,0.005256157396431461,True,0.0037166645380005137,0.0002610609785499429,1.0307583312111528,0.06629142648851911,0.06974703004796969,2119,1915,4034,26827990.9375,268938.9780232861,True,26827990.9375,10846795.6875,14127824.375,11287888.375,23617179.0625,51219193.75,MISSING
transfer_fixed_five,B0-rank6-q1-r0-K0,d9ae4b8645a032031fc003c9e7268010e6a5c5734c6da898043c748bd900aa64,0.09900639180555423,0.009976267821590988,True,0.007054286627580134,0.0006265786540605722,1.0,0.0629538043989395,0.06938151237245906,2212,1821,4033,42229543.0,0.0,False,42229543.0,19039793.0,24214132.0,20564267.0,41406811.0,80486581.0,MISSING
transfer_fixed_five,B1-rank12-q1-r0-K0,9a24146ac2b7dfd129fa7d49aa2d50772fc647424d2ab958638482cfac139529,0.09900639180555423,0.005265778433252583,True,0.0037234676383787746,0.0002615994585534187,1.0,0.06628462338814085,0.06974649156796621,1995,1802,3797,76091880.0,0.0,False,76091880.0,33235141.0,43969260.0,37328307.0,73904808.0,145482055.0,MISSING
transfer_fixed_five,B3-rank0-q8-r32-K4,a090ea4c0aa58921cf4904fed6f6f74fac8d2e12f031736c8c94aa80754f295b,0.09900639180555423,6.247566909536482e-05,True,4.417696927649928e-05,3.5948699160792685e-06,1.47140967604679,0.06996391405724313,0.07000449615660355,3877,3872,7749,272595774.9375,3496624.549290844,False,272595774.9375,62011372.5,89559793.96875,41259550.5,134172724.21875,522833505.46875,MISSING
transfer_fixed_five,B2-rank3-q1-r4-K2,215212e37d35f0277d90e0dfb354ff27c6334677ddc57b31f4e702fb709a928b,0.1,0.005256376547101335,True,0.0037168195009252836,0.00026014045149713727,1.0620308450250202,0.06699385861772947,0.07045053766715761,2203,1992,4195,26187418.59375,167428.6131900087,True,26187418.59375,10819560.46875,14055347.5,11378282.03125,23554662.8125,49882482.8125,MISSING
transfer_fixed_five,B2-rank3-q1-r8-K2,1e063a21340c2fb397fe431779fa0bb1d2fba619b736361014296303c8f0e3e9,0.1,0.005256157396431461,True,0.0037166645380005137,0.0002610609785499429,1.0307583312111528,0.06699401358065424,0.07044961714010481,2075,1877,3952,26282652.5,263472.1966157726,True,26282652.5,10626310.5,13840645.0,11058437.0,23137107.5,50178050.0,MISSING
transfer_fixed_five,B0-rank6-q1-r0-K0,d9ae4b8645a032031fc003c9e7268010e6a5c5734c6da898043c748bd900aa64,0.1,0.009976267821590988,True,0.007054286627580134,0.0006265786540605722,1.0,0.06365639149107462,0.07008409946459418,2163,1785,3948,41339508.0,0.0,False,41339508.0,18638508.0,23703792.0,20130852.0,40534116.0,78790236.0,MISSING
transfer_fixed_five,B1-rank12-q1-r0-K0,9a24146ac2b7dfd129fa7d49aa2d50772fc647424d2ab958638482cfac139529,0.1,0.005265778433252583,True,0.0037234676383787746,0.0002615994585534187,1.0,0.06698721048027598,0.07044907866010133,1954,1766,3720,74548800.0,0.0,False,74548800.0,32561160.0,43077600.0,36571320.0,72406080.0,142531800.0,MISSING
transfer_fixed_five,B3-rank0-q8-r32-K4,a090ea4c0aa58921cf4904fed6f6f74fac8d2e12f031736c8c94aa80754f295b,0.1,6.247566909536482e-05,True,4.417696927649928e-05,3.5948699160792685e-06,1.47140967604679,0.07066650114937825,0.07070708324873867,3800,3796,7596,267213512.25,3427585.5047636144,False,267213512.25,60786990.0,87791482.125,40444902.0,131523553.125,512510428.125,MISSING
