dataset,candidate_id,candidate_fingerprint,epsilon,epsilon_min,accuracy_eligible,axis_bias_real,axis_bias_imag,normalization,allowance_real,allowance_imag,N_real,N_imag,N_total,primary_RZ_P0,primary_SE,point_frontier,rz_count,rz_depth,cx_count,cx_depth,total_depth,circuit_size,missing_reason
development,B2-rank3-q4-r4-K4,e5f5dfeb10d27592d7f6aa4514b976aee460d580a61e9b8f51713210ac01851e,0.005,0.0005981042231714734,True,0.00042292355206086096,6.852418488279e-05,1.013694674661216,0.0031126103538718763,0.0034670097210499472,929544,749220,1678764,40969763267.62501,128356767.37378308,True,40969763267.62501,17146370882.250004,22140903627.750008,18051486985.124992,37367555414.625,78230140093.12502,MISSING
development,B2-rank3-q4-r4-K4,e5f5dfeb10d27592d7f6aa4514b976aee460d580a61e9b8f51713210ac01851e,0.0050501789923016885,0.0005981042231714734,True,0.00042292355206086096,6.852418488279e-05,1.013694674661216,0.0031480922596015077,0.0035024916267795787,908709,734117,1642826,40092706485.18751,125608980.60573289,True,40092706485.18751,16779311380.875004,21666924084.125008,17665051286.437492,36567612595.6875,76555434908.43752,MISSING
development,B2-rank3-q4-r4-K4,e5f5dfeb10d27592d7f6aa4514b976aee460d580a61e9b8f51713210ac01851e,0.0051008615708570595,0.0005981042231714734,True,0.00042292355206086096,6.852418488279e-05,1.013694674661216,0.003183930254586031,0.003538329621764102,888367,719322,1607689,39235197882.46876,122922437.56858614,True,39235197882.46876,16420433043.187504,21203508779.312508,17287228615.593742,35785499210.71875,74918056198.59377,MISSING
development,B2-rank3-q4-r4-K4,e5f5dfeb10d27592d7f6aa4514b976aee460d580a61e9b8f51713210ac01851e,0.005152052789556263,0.0005981042231714734,True,0.00042292355206086096,6.852418488279e-05,1.013694674661216,0.003220127912465441,0.003574527279643512,868507,704827,1573334,38396773769.81251,120295685.53963727,True,38396773769.81251,16069541809.125004,20750407125.875008,16917814668.562492,35020792339.3125,73317118566.56252,MISSING
development,B2-rank3-q4-r4-K4,e5f5dfeb10d27592d7f6aa4514b976aee460d580a61e9b8f51713210ac01851e,0.005203757753009269,0.0005981042231714734,True,0.00042292355206086096,6.852418488279e-05,1.013694674661216,0.0032566888427440644,0.0036110882099221354,849116,690627,1539743,37576994862.28126,117727348.25527048,True,37576994862.28126,15726453832.312504,20307381725.187508,16556615894.156242,34273091320.03125,71751783215.15627,MISSING
development,B2-rank3-q4-r4-K4,e5f5dfeb10d27592d7f6aa4514b976aee460d580a61e9b8f51713210ac01851e,0.0052559816170548905,0.0005981042231714734,True,0.00042292355206086096,6.852418488279e-05,1.013694674661216,0.0032936166911504876,0.0036480160583285586,830182,676716,1506898,36775421874.93751,115216049.45186993,True,36775421874.93751,15390985266.375004,19874195178.625008,16203438741.187492,33541995491.4375,70221211347.18752,MISSING
development,B2-rank3-q4-r4-K4,e5f5dfeb10d27592d7f6aa4514b976aee460d580a61e9b8f51713210ac01851e,0.0053087295892748935,0.0005981042231714734,True,0.00042292355206086096,6.852418488279e-05,1.013694674661216,0.0033309151400010913,0.0036853145071791622,811694,663087,1474781,35991615522.84376,112760412.86581984,True,35991615522.84376,15062952264.937504,19450610087.562508,15858089658.468742,32827104192.09375,68724564165.46877,MISSING
development,B2-rank3-q4-r4-K4,e5f5dfeb10d27592d7f6aa4514b976aee460d580a61e9b8f51713210ac01851e,0.005362006929513287,0.0005981042231714734,True,0.00042292355206086096,6.852418488279e-05,1.013694674661216,0.0033685879085672424,0.0037229872757453134,793641,649735,1443376,35225185330.50001,110359215.15168393,True,35225185330.50001,14742191409.000004,19036415431.000008,15520396600.499996,32128061278.5,67261096072.500015,MISSING
development,B2-rank3-q4-r4-K4,e5f5dfeb10d27592d7f6aa4514b976aee460d580a61e9b8f51713210ac01851e,0.005415818950400817,0.0005981042231714734,True,0.00042292355206086096,6.852418488279e-05,1.013694674661216,0.003406638753446167,0.003761038120624238,776010,636655,1412665,34475692012.96876,108011080.04584639,True,34475692012.96876,14428518852.187502,18631373810.312504,15190166016.093746,31444466089.21875,65829968271.093765,MISSING
development,B2-rank3-q2-r4-K4,127236c66fd1401664dfc9aa26f9ae80b813a1c7a5b23c089cb3e68c3a7dbffc,0.005470171017884717,0.0024207792897476465,True,0.001711749451536515,0.00026838900843739744,1.0275373871668176,0.0021562455694598874,0.003599606012559005,1990233,714152,2704385,33472088632.968742,171064224.7351937,True,33472088632.968742,13908060470.781244,17980103672.5,14600383030.781256,30303901605.468754,63857628860.625,MISSING
development,B2-rank3-q2-r4-K4,127236c66fd1401664dfc9aa26f9ae80b813a1c7a5b23c089cb3e68c3a7dbffc,0.005525068551763788,0.0024207792897476465,True,0.001711749451536515,0.00026838900843739744,1.0275373871668176,0.002195063987936196,0.0036384244310353137,1920463,698995,2619458,32420949807.937492,165692219.11687908,True,32420949807.937492,13471299487.562494,17415466513.0,14141880735.562506,29352254760.937504,61852279457.25,MISSING
development,B2-rank3-q2-r4-K4,127236c66fd1401664dfc9aa26f9ae80b813a1c7a5b23c089cb3e68c3a7dbffc,0.0055805170262288395,0.0024207792897476465,True,0.001711749451536515,0.00026838900843739744,1.0275373871668176,0.0022342719802368833,0.003677632423336001,1853652,684170,2537822,31410543587.06249,160528383.6975574,True,31410543587.06249,13051463397.437494,16872709567.0,13701145829.437506,28437485114.062504,59924639202.75,MISSING
development,B2-rank3-q2-r4-K4,127236c66fd1401664dfc9aa26f9ae80b813a1c7a5b23c089cb3e68c3a7dbffc,0.005636521970408555,0.0024207792897476465,True,0.001711749451536515,0.00026838900843739744,1.0275373871668176,0.0022738734560463344,0.003717233899145452,1789649,669670,2459319,30438914409.28124,155562724.2835365,True,30438914409.28124,12647739640.968744,16350782371.5,13277325304.968756,27557822200.781254,58070977302.375,MISSING
development,B2-rank3-q2-r4-K4,127236c66fd1401664dfc9aa26f9ae80b813a1c7a5b23c089cb3e68c3a7dbffc,0.005693088968920841,0.0024207792897476465,True,0.001711749451536515,0.00026838900843739744,1.0275373871668176,0.002313872364285741,0.0037572328073848587,1728310,655487,2383797,29504180975.34374,150785626.20746696,True,29504180975.34374,12259346515.406244,15848674354.5,12869598547.406256,26711562789.843754,56287704637.125,MISSING
development,B2-rank3-q2-r4-K4,127236c66fd1401664dfc9aa26f9ae80b813a1c7a5b23c089cb3e68c3a7dbffc,0.005750223662429702,0.0024207792897476465,True,0.001711749451536515,0.00026838900843739744,1.0275373871668176,0.002354272693506872,0.0037976331366059895,1669502,641615,2311117,28604622886.593742,146188297.1090753,True,28604622886.593742,11885569174.156246,15365461374.5,12477215126.156254,25897149321.093754,54571539052.125,MISSING
development,B2-rank3-q2-r4-K4,127236c66fd1401664dfc9aa26f9ae80b813a1c7a5b23c089cb3e68c3a7dbffc,0.0058079317482077125,0.0024207792897476465,True,0.001711749451536515,0.00026838900843739744,1.0275373871668176,0.0023950784722897977,0.0038384389153889153,1613099,628046,2241145,27738581629.218742,141762260.90004036,True,27738581629.218742,11525718484.531246,14900252532.5,12099451604.531254,25113080261.718754,52919316455.625,MISSING
development,B2-rank3-q2-r4-K4,127236c66fd1401664dfc9aa26f9ae80b813a1c7a5b23c089cb3e68c3a7dbffc,0.0058662189807041215,0.0024207792897476465,True,0.001711749451536515,0.00026838900843739744,1.0275373871668176,0.002436293769644606,0.0038796542127437234,1558982,614773,2173755,26904497705.156242,137499547.52716458,True,26904497705.156242,11179146456.093746,14452210117.5,11735627736.093754,24357943722.656254,51328061656.875,MISSING
development,B2-rank3-q2-r4-K4,127236c66fd1401664dfc9aa26f9ae80b813a1c7a5b23c089cb3e68c3a7dbffc,0.005925091172118675,0.0024207792897476465,True,0.001711749451536515,0.00026838900843739744,1.0275373871668176,0.002477922695417149,0.003921283138516266,1507040,601789,2108829,26100910632.093742,133392692.97237405,True,26100910632.093742,10845246240.656246,14020549606.5,11385106464.656254,23630417458.593754,49794988366.125,MISSING
development,B2-rank3-q2-r4-K4,127236c66fd1401664dfc9aa26f9ae80b813a1c7a5b23c089cb3e68c3a7dbffc,0.005984554192981184,0.0024207792897476465,True,0.001711749451536515,0.00026838900843739744,1.0275373871668176,0.002519969400698867,0.003963329843797984,1457169,589088,2046257,25326458943.468742,129434739.25271855,True,25326458943.468742,10523452132.281246,13604539664.5,11047293924.281254,22929268867.968754,48317499194.625,MISSING
development,B2-rank3-q2-r4-K4,127236c66fd1401664dfc9aa26f9ae80b813a1c7a5b23c089cb3e68c3a7dbffc,0.006044613972736912,0.0024207792897476465,True,0.001711749451536515,0.00026838900843739744,1.0275373871668176,0.002562438078240712,0.0040057985213398295,1409268,576663,1985931,24579805926.656242,125618854.89402875,True,24579805926.656242,10213208710.593746,13203462253.5,10721607046.593754,22253287760.156254,46893043978.875,MISSING
development,B2-rank3-q2-r4-K4,127236c66fd1401664dfc9aa26f9ae80b813a1c7a5b23c089cb3e68c3a7dbffc,0.00610527650033784,0.0024207792897476465,True,0.001711749451536515,0.00026838900843739744,1.0275373871668176,0.0026053329628712447,0.004048693405970362,1363245,564509,1927754,23859751015.687492,121938904.22043037,True,23859751015.687492,9914017125.812496,12816672469.0,10407522149.812504,21601387204.687504,45519332294.25,MISSING
development,B2-rank3-q2-r4-K4,127236c66fd1401664dfc9aa26f9ae80b813a1c7a5b23c089cb3e68c3a7dbffc,0.006166547824839868,0.0024207792897476465,True,0.001711749451536515,0.00026838900843739744,1.0275373871668176,0.00264865833191891,0.004092018775018027,1319011,552619,1871630,23165106021.562492,118388814.81043956,True,23165106021.562492,9625383670.937496,12443532055.0,10104520950.937504,20972491476.562504,44194097328.75,MISSING
development,B2-rank3-q2-r4-K4,127236c66fd1401664dfc9aa26f9ae80b813a1c7a5b23c089cb3e68c3a7dbffc,0.006228434056005994,0.0024207792897476465,True,0.001711749451536515,0.00026838900843739744,1.0275373871668176,0.0026924185056385556,0.004135778948737673,1276484,540986,1817470,22494769394.062492,114962957.02330565,True,22494769394.062492,9346850638.437496,12083449295.0,9812122958.437504,20365603289.062504,42915237558.75,MISSING
development,B2-rank3-q2-r4-K4,127236c66fd1401664dfc9aa26f9ae80b813a1c7a5b23c089cb3e68c3a7dbffc,0.006290941364915573,0.0024207792897476465,True,0.001711749451536515,0.00026838900843739744,1.0275373871668176,0.0027366178476422413,0.004179978290741359,1235584,529606,1765190,21847701467.812492,111656017.49023034,True,21847701467.812492,9077986034.687496,11735865715.0,9529874674.687504,19779781382.812504,41680769523.75,MISSING
development,B2-rank3-q2-r4-K4,127236c66fd1401664dfc9aa26f9ae80b813a1c7a5b23c089cb3e68c3a7dbffc,0.0063540759845796685,0.0024207792897476465,True,0.001711749451536515,0.00026838900843739744,1.0275373871668176,0.0027812607653343565,0.004224621208433474,1196236,518472,1714708,21222887331.374992,108462809.35119613,True,21222887331.374992,8818368151.624996,11400236138.0,9257333399.625004,19214106909.375004,40488756988.5,MISSING
development,B2-rank3-q2-r4-K4,127236c66fd1401664dfc9aa26f9ae80b813a1c7a5b23c089cb3e68c3a7dbffc,0.006417844210562581,0.0024207792897476465,True,0.001711749451536515,0.00026838900843739744,1.0275373871668176,0.0028263517103511108,0.004269712153450228,1158372,507579,1665951,20619423466.031242,105378715.03569967,True,20619423466.031242,8567621566.218747,11076075223.5,8994105022.218754,18667761869.531254,39337476231.375,MISSING
development,B2-rank3-q2-r4-K4,127236c66fd1401664dfc9aa26f9ae80b813a1c7a5b23c089cb3e68c3a7dbffc,0.006482252401609633,0.0024207792897476465,True,0.001711749451536515,0.00026838900843739744,1.0275373871668176,0.002871895179004439,0.004315255622103557,1121924,496921,1618845,20036393976.093742,102399053.71884722,True,20036393976.093742,8325365712.656247,10762890982.5,8739790032.656254,18139917058.593754,38225179918.125,MISSING
development,B2-rank3-q2-r4-K4,127236c66fd1401664dfc9aa26f9ae80b813a1c7a5b23c089cb3e68c3a7dbffc,0.006547306980281227,0.0024207792897476465,True,0.001711749451536515,0.00026838900843739744,1.0275373871668176,0.0029178957127303576,0.004361256155829475,1086828,486494,1573322,19472957227.687492,99519524.10208769,True,19472957227.687492,8091250881.812497,10460231317.0,8494021313.812503,17629810504.687504,37150262390.25,MISSING
development,B2-rank3-q2-r4-K4,127236c66fd1401664dfc9aa26f9ae80b813a1c7a5b23c089cb3e68c3a7dbffc,0.006613014433593292,0.0024207792897476465,True,0.001711749451536515,0.00026838900843739744,1.0275373871668176,0.0029643578985418173,0.004407718341640935,1053026,476292,1529318,18928321094.812492,96736077.90443186,True,18928321094.812492,7864947935.687497,10167670723.0,8256453343.687503,17136725057.812504,36111212439.75,MISSING
development,B2-rank3-q2-r4-K4,127236c66fd1401664dfc9aa26f9ae80b813a1c7a5b23c089cb3e68c3a7dbffc,0.006679381313664138,0.0024207792897476465,True,0.001711749451536515,0.00026838900843739744,1.0275373871668176,0.003011286369486107,0.004454646812585224,1020461,466309,1486770,18401705828.437492,94044730.09928095,True,18401705828.437492,7646132879.062497,9884790345.0,8026745999.062503,16659954773.437504,35106542471.25,MISSING
development,B2-rank3-q2-r4-K4,127236c66fd1401664dfc9aa26f9ae80b813a1c7a5b23c089cb3e68c3a7dbffc,0.006746414238367818,0.0024207792897476465,True,0.001711749451536515,0.00026838900843739744,1.0275373871668176,0.003058685805106846,0.004502046248205964,989078,456542,1445620,17892393564.374992,91441811.9319885,True,17892393564.374992,7434507430.624997,9611204570.0,7804586150.625003,16198849734.375004,34134882952.5,MISSING
development,B2-rank3-q2-r4-K4,127236c66fd1401664dfc9aa26f9ae80b813a1c7a5b23c089cb3e68c3a7dbffc,0.0068141198919940285,0.0024207792897476465,True,0.001711749451536515,0.00026838900843739744,1.0275373871668176,0.0031065609319106072,0.004549921375009725,958828,446985,1405813,17399703569.343742,88923844.41107936,True,17399703569.343742,7229788737.406247,9346547730.5,7589676865.406253,15752793639.843754,33194935189.125,MISSING
development,B2-rank3-q2-r4-K4,127236c66fd1401664dfc9aa26f9ae80b813a1c7a5b23c089cb3e68c3a7dbffc,0.006882505025914659,0.0024207792897476465,True,0.001711749451536515,0.00026838900843739744,1.0275373871668176,0.0031549165238382347,0.004598276966937352,929661,437633,1367294,16922955110.062494,86487348.54507843,True,16922955110.062494,7031693946.437497,9090454159.0,7381721210.437503,15321170189.062504,32285400486.75,MISSING
development,B2-rank3-q2-r4-K4,127236c66fd1401664dfc9aa26f9ae80b813a1c7a5b23c089cb3e68c3a7dbffc,0.006951576459257,0.0024207792897476465,True,0.001711749451536515,0.00026838900843739744,1.0275373871668176,0.0032037574027408786,0.004647117845839996,901532,428483,1330015,16461554092.031244,84129288.12324378,True,16461554092.031244,6839976204.218747,8842604727.5,7180460044.218753,14903441519.531254,31405145439.375,MISSING
development,B2-rank3-q2-r4-K4,127236c66fd1401664dfc9aa26f9ae80b813a1c7a5b23c089cb3e68c3a7dbffc,0.007021341079583731,0.0024207792897476465,True,0.001711749451536515,0.00026838900843739744,1.0275373871668176,0.003253088438860815,0.004696448881959933,874397,419529,1293926,16014881666.812494,81846500.42605259,True,16014881666.812494,6654378371.687497,8602667011.0,6985623427.687503,14499047357.812504,30552989415.75,MISSING
development,B2-rank3-q2-r4-K4,127236c66fd1401664dfc9aa26f9ae80b813a1c7a5b23c089cb3e68c3a7dbffc,0.007091805843579723,0.0024207792897476465,True,0.001711749451536515,0.00026838900843739744,1.0275373871668176,0.0033029145513170906,0.004746274994416208,848215,410766,1258981,15582368493.843744,79636075.75154383,True,15582368493.843744,6474663880.906247,8370335178.5,6796963016.906253,14107472252.343754,29727846235.125,MISSING
development,B2-rank3-q2-r4-K4,127236c66fd1401664dfc9aa26f9ae80b813a1c7a5b23c089cb3e68c3a7dbffc,0.007162977777745734,0.0024207792897476465,True,0.001711749451536515,0.00026838900843739744,1.0275373871668176,0.00335324070859604,0.0047966011516951575,822946,402192,1225138,15163494740.437494,77495357.41531835,True,15163494740.437494,6300616735.062498,8145329993.0,6614252063.062503,13728245573.437504,28928724167.25,MISSING
development,B2-rank3-q2-r4-K4,127236c66fd1401664dfc9aa26f9ae80b813a1c7a5b23c089cb3e68c3a7dbffc,0.007234863979099068,0.0024207792897476465,True,0.001711749451536515,0.00026838900843739744,1.0275373871668176,0.003404071929046724,0.0048474323721458415,798552,393801,1192353,14757715819.968744,75421562.22419605,True,14757715819.968744,6132010651.781248,7927358920.5,6437253019.781253,13360874280.468754,28154584256.625,MISSING
development,B2-rank3-q2-r4-K4,127236c66fd1401664dfc9aa26f9ae80b813a1c7a5b23c089cb3e68c3a7dbffc,0.007307471615881263,0.0024207792897476465,True,0.001711749451536515,0.00026838900843739744,1.0275373871668176,0.0034554132813813436,0.004898773724480461,774998,385590,1160588,14364561407.624996,73412286.51133955,True,14364561407.624996,5968650205.374998,7716169318.0,6265760733.375002,13004932565.625004,27404529223.5,MISSING
development,B2-rank3-q2-r4-K4,127236c66fd1401664dfc9aa26f9ae80b813a1c7a5b23c089cb3e68c3a7dbffc,0.007380807928272885,0.0024207792897476465,True,0.001711749451536515,0.00026838900843739744,1.0275373871668176,0.0035072698851806748,0.004950630328279792,752250,377555,1129805,13983561178.593746,71465126.6099115,True,13983561178.593746,5810339970.156248,7511508542.5,6099570050.156252,12659994621.093752,26677661788.125,MISSING
development,B2-rank3-q2-r4-K4,127236c66fd1401664dfc9aa26f9ae80b813a1c7a5b23c089cb3e68c3a7dbffc,0.0074548802291154945,0.0024207792897476465,True,0.001711749451536515,0.00026838900843739744,1.0275373871668176,0.003559646911404574,0.0050030073545036914,730275,369691,1099966,13614244808.062496,69577678.85307457,True,13614244808.062496,5656884520.437498,7313123951.0,5938475816.437502,12325634639.062502,25973084670.75,MISSING
development,B2-rank3-q2-r4-K4,127236c66fd1401664dfc9aa26f9ae80b813a1c7a5b23c089cb3e68c3a7dbffc,0.007529695904640853,0.0024207792897476465,True,0.001711749451536515,0.00026838900843739744,1.0275373871668176,0.0036125495829076072,0.005055910026006725,709044,361995,1071039,13256216233.031246,67747919.10033412,True,13256216233.031246,5508119287.218748,7120802791.5,5782305271.218752,12001494044.531252,25290042267.375,MISSING
development,B2-rank3-q2-r4-K4,127236c66fd1401664dfc9aa26f9ae80b813a1c7a5b23c089cb3e68c3a7dbffc,0.00760526241520746,0.0024207792897476465,True,0.001711749451536515,0.00026838900843739744,1.0275373871668176,0.0036659831749598602,0.005109343618058978,688525,354463,1042988,12909029882.624996,65973570.19363375,True,12909029882.624996,5363859130.374998,6934305718.0,5630864058.375002,11687169440.625002,24627684523.5,MISSING
development,B2-rank3-q2-r4-K4,127236c66fd1401664dfc9aa26f9ae80b813a1c7a5b23c089cb3e68c3a7dbffc,0.007681587296044463,0.0024207792897476465,True,0.001711749451536515,0.00026838900843739744,1.0275373871668176,0.00371995301577296,0.005163313458872078,668691,347091,1015782,12572302070.812496,64252671.24686926,True,12572302070.812496,5223944623.687498,6753426627.0,5483984815.687502,11382313457.812502,23985279447.75,MISSING
development,B2-rank3-q2-r4-K4,127236c66fd1401664dfc9aa26f9ae80b813a1c7a5b23c089cb3e68c3a7dbffc,0.007758678158003055,0.0024207792897476465,True,0.001711749451536515,0.00026838900843739744,1.0275373871668176,0.003774464487031396,0.005217824930130514,649516,339877,989393,12245686242.468746,62583451.13710788,True,12245686242.468746,5088231769.281248,6577979360.5,5341516377.281252,11086612342.968752,23362165886.625,MISSING
development,B2-rank3-q2-r4-K4,127236c66fd1401664dfc9aa26f9ae80b813a1c7a5b23c089cb3e68c3a7dbffc,0.007836542688315398,0.0024207792897476465,True,0.001711749451536515,0.00026838900843739744,1.0275373871668176,0.0038295230244291597,0.005272883467528277,630974,332816,963790,11928798711.562496,60963948.97824545,True,11928798711.562496,4956561140.937498,6407757815.0,5203291380.937502,10799718726.562502,22757611848.75,MISSING
development,B2-rank3-q2-r4-K4,127236c66fd1401664dfc9aa26f9ae80b813a1c7a5b23c089cb3e68c3a7dbffc,0.007915188651361163,0.0024207792897476465,True,0.001711749451536515,0.00026838900843739744,1.0275373871668176,0.003885134118211767,0.0053284945613108845,613040,325906,938946,11621305299.937496,59392456.90173965,True,11621305299.937496,4828793883.562498,6242582481.0,5069164059.562502,10521330060.937502,22170979793.25,MISSING
development,B2-rank3-q2-r4-K4,127236c66fd1401664dfc9aa26f9ae80b813a1c7a5b23c089cb3e68c3a7dbffc,0.007994623889441776,0.0024207792897476465,True,0.001711749451536515,0.00026838900843739744,1.0275373871668176,0.003941303313723736,0.005384663756822854,595691,319142,914833,11322859452.468746,57867203.78465768,True,11322859452.468746,4704785999.281248,6082267200.5,4938983247.281252,10251132592.968752,21601608566.625,MISSING
development,B2-rank3-q2-r4-K4,127236c66fd1401664dfc9aa26f9ae80b813a1c7a5b23c089cb3e68c3a7dbffc,0.008074856323562416,0.0024207792897476465,True,0.001711749451536515,0.00026838900843739744,1.0275373871668176,0.003998036211961544,0.005441396655060661,578905,312522,891427,11033164121.906246,56386671.52162858,True,11033164121.906246,4584414061.343748,5926652409.5,4812619373.343752,9988857391.406252,21048931465.875,MISSING
development,B2-rank3-q2-r4-K4,127236c66fd1401664dfc9aa26f9ae80b813a1c7a5b23c089cb3e68c3a7dbffc,0.00815589395422187,0.0024207792897476465,True,0.001711749451536515,0.00026838900843739744,1.0275373871668176,0.004055338470132135,0.0054986989132312526,562661,306042,868703,10751909884.031246,54949278.752890944,True,10751909884.031246,4467549500.218748,5775571895.5,4689937468.218752,9734224319.531252,20512358175.375,MISSING
development,B2-rank3-q2-r4-K4,127236c66fd1401664dfc9aa26f9ae80b813a1c7a5b23c089cb3e68c3a7dbffc,0.008237744862210327,0.0024207792897476465,True,0.001711749451536515,0.00026838900843739744,1.0275373871668176,0.004113215802217049,0.005556576245316166,546937,299700,846637,10478799691.593746,53553507.3730738,True,10478799691.593746,4354068889.156248,5628866094.5,4570807961.156252,9486964446.093752,19991321992.125,MISSING
development,B2-rank3-q2-r4-K4,127236c66fd1401664dfc9aa26f9ae80b813a1c7a5b23c089cb3e68c3a7dbffc,0.008320417209415154,0.0024207792897476465,True,0.001711749451536515,0.00026838900843739744,1.0275373871668176,0.00417167397954219,0.005615034422641308,531716,293492,825208,10213573628.249996,52198029.039977565,True,10213573628.249996,4243864229.7499986,5486395388.0,4455117477.750002,9246842456.250002,19485327051.0,MISSING
development,B2-rank3-q2-r4-K4,127236c66fd1401664dfc9aa26f9ae80b813a1c7a5b23c089cb3e68c3a7dbffc,0.00840391923963477,0.0024207792897476465,True,0.001711749451536515,0.00026838900843739744,1.0275373871668176,0.004230718831353324,0.005674079274452442,516978,287416,804394,9955959400.687496,50881452.15701219,True,9955959400.687496,4136822380.8124986,5348013509.0,4342747244.812502,9013611829.687502,18993853874.25,MISSING
development,B2-rank3-q2-r4-K4,127236c66fd1401664dfc9aa26f9ae80b813a1c7a5b23c089cb3e68c3a7dbffc,0.008488259279400698,0.0024207792897476465,True,0.001711749451536515,0.00026838900843739744,1.0275373871668176,0.004290356245397356,0.005733716688496473,502706,281468,784174,9705697092.562496,49602448.38197808,True,9705697092.562496,4032835343.9374986,5213580839.0,4233583887.9375014,8787037251.562502,18516406596.75,MISSING
development,B2-rank3-q2-r4-K4,127236c66fd1401664dfc9aa26f9ae80b813a1c7a5b23c089cb3e68c3a7dbffc,0.008573445738807854,0.0024207792897476465,True,0.001711749451536515,0.00026838900843739744,1.0275373871668176,0.004350592168509428,0.005793952611608546,488882,275646,764528,9462539164.499996,48359752.627066106,True,9462539164.499996,3931800263.4999986,5082964408.0,4127519431.5000014,8566894612.500002,18052512966.0,MISSING
development,B2-rank3-q2-r4-K4,127236c66fd1401664dfc9aa26f9ae80b813a1c7a5b23c089cb3e68c3a7dbffc,0.008659487112353172,0.0024207792897476465,True,0.001711749451536515,0.00026838900843739744,1.0275373871668176,0.004411432607205928,0.005854793050305045,475490,269947,745437,9226250454.093746,47152163.05885759,True,9226250454.093746,3833619426.6562486,4956037894.5,4024451298.6562514,8352971008.593752,17601724342.125,MISSING
development,B2-rank3-q2-r4-K4,127236c66fd1401664dfc9aa26f9ae80b813a1c7a5b23c089cb3e68c3a7dbffc,0.00874639197978264,0.0024207792897476465,True,0.001711749451536515,0.00026838900843739744,1.0275373871668176,0.004472883628283421,0.005916244071382539,462515,264368,726883,8996608175.906246,45978541.098324314,True,8996608175.906246,3738200263.3437486,4832681625.5,3924282311.3437514,8145064741.406252,17163615697.875,MISSING
development,B2-rank3-q2-r4-K4,127236c66fd1401664dfc9aa26f9ae80b813a1c7a5b23c089cb3e68c3a7dbffc,0.008834169006946852,0.0024207792897476465,True,0.001711749451536515,0.00026838900843739744,1.0275373871668176,0.004534951359423632,0.00597831180252275,449941,258907,708848,8773389544.499996,44837748.16643806,True,8773389544.499996,3645450203.4999986,4712775928.0,3826915291.5000014,7942974112.500002,16737762006.0,MISSING
development,B2-rank3-q2-r4-K4,127236c66fd1401664dfc9aa26f9ae80b813a1c7a5b23c089cb3e68c3a7dbffc,0.008922826946665132,0.0024207792897476465,True,0.001711749451536515,0.00026838900843739744,1.0275373871668176,0.004597641989804456,0.006041002432903573,437754,253561,691315,8556384151.406247,43728708.93856105,True,8556384151.406247,3555281819.8437486,4596207777.5,3732258459.8437514,7746508628.906252,16323761851.875,MISSING
development,B2-rank3-q2-r4-K4,127236c66fd1401664dfc9aa26f9ae80b813a1c7a5b23c089cb3e68c3a7dbffc,0.009012374639598334,0.0024207792897476465,True,0.001711749451536515,0.00026838900843739744,1.0275373871668176,0.004660961770717134,0.006104322213816252,425941,248328,674269,8345406342.093747,42650474.59883645,True,8345406342.093747,3467617970.6562486,4482877446.5,3640230834.6562514,7555500208.593752,15921261046.125,MISSING
development,B2-rank3-q2-r4-K4,127236c66fd1401664dfc9aa26f9ae80b813a1c7a5b23c089cb3e68c3a7dbffc,0.009102821015130401,0.0024207792897476465,True,0.001711749451536515,0.00026838900843739744,1.0275373871668176,0.004724917016189603,0.0061682774592887206,414488,243205,657693,8140245708.093747,41601969.822626494,True,8140245708.093747,3382371228.656249,4372671910.5,3550740636.6562514,7369758358.593752,15529858174.125,MISSING
development,B2-rank3-q2-r4-K4,127236c66fd1401664dfc9aa26f9ae80b813a1c7a5b23c089cb3e68c3a7dbffc,0.009194175092258776,0.0024207792897476465,True,0.001711749451536515,0.00026838900843739744,1.0275373871668176,0.0047895141036161165,0.006232874546715234,403383,238190,641573,7940728971.843747,40582309.048464775,True,7940728971.843747,3299469594.906249,4265498090.5,3463712282.9062514,7189126202.343752,15149222659.125,MISSING
development,B2-rank3-q2-r4-K4,127236c66fd1401664dfc9aa26f9ae80b813a1c7a5b23c089cb3e68c3a7dbffc,0.009286445980493743,0.0024207792897476465,True,0.001711749451536515,0.00026838900843739744,1.0275373871668176,0.004854759474393167,0.006298119917492285,392614,233281,625895,7746682855.781248,39590606.71488492,True,7746682855.781248,3218841070.468749,4161262907.5,3379070190.468751,7013446863.281252,14779023924.375,MISSING
development,B2-rank3-q2-r4-K4,127236c66fd1401664dfc9aa26f9ae80b813a1c7a5b23c089cb3e68c3a7dbffc,0.009379642880766792,0.0024207792897476465,True,0.001711749451536515,0.00026838900843739744,1.0275373871668176,0.004920659634561807,0.006364020077660924,382168,228475,610643,7557909328.406248,38625850.751639605,True,7557909328.406248,3140403370.843749,4059859985.5,3296727978.843751,6842541053.906251,14418884167.875,MISSING
development,B2-rank3-q2-r4-K4,127236c66fd1401664dfc9aa26f9ae80b813a1c7a5b23c089cb3e68c3a7dbffc,0.009473775086348108,0.0024207792897476465,True,0.001711749451536515,0.00026838900843739744,1.0275373871668176,0.004987221155456401,0.006430581598555519,372035,223769,595804,7374247489.124998,37687218.851652905,True,7374247489.124998,3064089639.874999,3961202894.0,3216615463.875001,6676263103.125001,14068496425.5,MISSING
development,B2-rank3-q2-r4-K4,127236c66fd1401664dfc9aa26f9ae80b813a1c7a5b23c089cb3e68c3a7dbffc,0.009568851983773266,0.0024207792897476465,True,0.001711749451536515,0.00026838900843739744,1.0275373871668176,0.0050544506743599085,0.006497811117459026,362204,219163,581367,7195561191.281248,36774015.21662979,True,7195561191.281248,2989843306.968749,3865218499.5,3138673258.968751,6514489750.781251,13727600958.375,MISSING
development,B2-rank3-q2-r4-K4,127236c66fd1401664dfc9aa26f9ae80b813a1c7a5b23c089cb3e68c3a7dbffc,0.009664883053779216,0.0024207792897476465,True,0.001711749451536515,0.00026838900843739744,1.0275373871668176,0.005122354895165716,0.006565715338264833,352664,214653,567317,7021664780.343748,35885291.03071341,True,7021664780.343748,2917587230.406249,3771807074.5,3062820382.406251,6357052914.843751,13395843577.125,MISSING
development,B2-rank3-q2-r4-K4,127236c66fd1401664dfc9aa26f9ae80b813a1c7a5b23c089cb3e68c3a7dbffc,0.009761877872249677,0.0024207792897476465,True,0.001711749451536515,0.00026838900843739744,1.0275373871668176,0.005190940589046137,0.006634301032145255,343407,210238,553645,6852446863.593748,35020477.00438965,True,6852446863.593748,2847275125.156249,3680908782.5,2989008245.156251,6203851746.093751,13073011768.125,MISSING
development,B2-rank3-q2-r4-K4,127236c66fd1401664dfc9aa26f9ae80b813a1c7a5b23c089cb3e68c3a7dbffc,0.009859846111170006,0.0024207792897476465,True,0.001711749451536515,0.00026838900843739744,1.0275373871668176,0.005260214595127605,0.006703575038226723,334421,205915,540336,6687721786.499998,34178624.32180168,True,6687721786.499998,2778829849.499999,3592423896.0,2917155865.500001,6054718162.500001,12758751342.0,MISSING
development,B2-rank3-q2-r4-K4,127236c66fd1401664dfc9aa26f9ae80b813a1c7a5b23c089cb3e68c3a7dbffc,0.009958797539591653,0.0024207792897476465,True,0.001711749451536515,0.00026838900843739744,1.0275373871668176,0.005330183821172647,0.0067735442642717645,325699,201683,527382,6527390533.312498,33359226.947825816,True,6527390533.312498,2712210261.187499,3506299227.0,2847220053.187501,5909562520.312501,12452873397.75,MISSING
development,B2-rank3-q2-r4-K4,127236c66fd1401664dfc9aa26f9ae80b813a1c7a5b23c089cb3e68c3a7dbffc,0.0100587420246063,0.0024207792897476465,True,0.001711749451536515,0.00026838900843739744,1.0275373871668176,0.005400855244268702,0.00684421568736782,317231,197540,514771,6371304580.406248,32561525.8297766,True,6371304580.406248,2647354646.843749,3422454993.5,2779136022.843751,5768250353.906251,12155094583.875,MISSING
development,B2-rank3-q2-r4-K4,127236c66fd1401664dfc9aa26f9ae80b813a1c7a5b23c089cb3e68c3a7dbffc,0.010159689532329779,0.0024207792897476465,True,0.001711749451536515,0.00026838900843739744,1.0275373871668176,0.005472235911523854,0.006915596354622972,309009,193483,502492,6219327781.124998,31784825.169359002,True,6219327781.124998,2584206435.874999,3340818062.0,2712844387.875001,5630658403.125001,11865155161.5,MISSING
development,B2-rank3-q2-r4-K4,127236c66fd1401664dfc9aa26f9ae80b813a1c7a5b23c089cb3e68c3a7dbffc,0.010261650128895843,0.0024207792897476465,True,0.001711749451536515,0.00026838900843739744,1.0275373871668176,0.005544332940769545,0.006987693383868662,301025,189511,490536,6071348742.749998,31028555.677058913,True,6071348742.749998,2522719343.249999,3261328596.0,2648296559.250001,5496685818.750001,11582842617.0,MISSING
development,B2-rank3-q2-r4-K4,127236c66fd1401664dfc9aa26f9ae80b813a1c7a5b23c089cb3e68c3a7dbffc,0.010364633981459941,0.0024207792897476465,True,0.001711749451536515,0.00026838900843739744,1.0275373871668176,0.005617153521270334,0.0070605139643694515,293271,185622,478893,5927243695.593748,30292084.80897177,True,5927243695.593748,2462841941.156249,3183920110.5,2585438549.156251,5366220546.093751,11307920824.125,MISSING
development,B2-rank3-q2-r4-K4,127236c66fd1401664dfc9aa26f9ae80b813a1c7a5b23c089cb3e68c3a7dbffc,0.01046865135921304,0.0024207792897476465,True,0.001711749451536515,0.00026838900843739744,1.0275373871668176,0.005690704914440793,0.00713406535753991,285739,181814,467553,5786888869.968748,29574780.021192994,True,5786888869.968748,2404522801.781249,3108526120.5,2524216369.781251,5239150530.468751,11040153656.625,MISSING
development,B2-rank3-q2-r4-K4,127236c66fd1401664dfc9aa26f9ae80b813a1c7a5b23c089cb3e68c3a7dbffc,0.010573712634405642,0.0024207792897476465,True,0.001711749451536515,0.00026838900843739744,1.0275373871668176,0.0057649944545695875,0.007208354897668705,278422,178086,456508,5650185250.124998,28876135.278598946,True,5650185250.124998,2347720782.874999,3035093438.0,2464586830.875001,5115386128.125001,10779352213.5,MISSING
development,B2-rank3-q2-r4-K4,127236c66fd1401664dfc9aa26f9ae80b813a1c7a5b23c089cb3e68c3a7dbffc,0.010679828283382063,0.0024207792897476465,True,0.001711749451536515,0.00026838900843739744,1.0275373871668176,0.005840029549550827,0.007283389992649944,271313,174435,445748,5517009066.374998,28195518.037285045,True,5517009066.374998,2292384456.624999,2963555578.0,2406495944.625001,4994815284.375001,10525280368.5,MISSING
development,B2-rank3-q2-r4-K4,127236c66fd1401664dfc9aa26f9ae80b813a1c7a5b23c089cb3e68c3a7dbffc,0.010787008887625097,0.0024207792897476465,True,0.001711749451536515,0.00026838900843739744,1.0275373871668176,0.005915817681622747,0.007359178124721865,264406,170861,435267,5387286056.906248,27532548.770908564,True,5387286056.906248,2238482966.343749,2893872649.5,2349911318.343751,4877370766.406251,10277796445.875,MISSING
development,B2-rank3-q2-r4-K4,127236c66fd1401664dfc9aa26f9ae80b813a1c7a5b23c089cb3e68c3a7dbffc,0.010895265134811176,0.0024207792897476465,True,0.001711749451536515,0.00026838900843739744,1.0275373871668176,0.005992366408113831,0.007435726851212948,257694,167361,425055,5260892452.031248,26886594.935564928,True,5260892452.031248,2185964884.218749,2825978167.5,2294778964.218751,4762940519.531251,10036664319.375,MISSING
development,B2-rank3-q2-r4-K4,127236c66fd1401664dfc9aa26f9ae80b813a1c7a5b23c089cb3e68c3a7dbffc,0.011004607819876085,0.0024207792897476465,True,0.001711749451536515,0.00026838900843739744,1.0275373871668176,0.006069683362196373,0.0075130438052954905,251171,163934,415105,5137741612.968748,26257213.750520945,True,5137741612.968748,2134794210.781249,2759825592.5,2241061090.781251,4651446105.468751,9801718700.625,MISSING
development,B2-rank3-q2-r4-K4,127236c66fd1401664dfc9aa26f9ae80b813a1c7a5b23c089cb3e68c3a7dbffc,0.011115047846091417,0.0024207792897476465,True,0.001711749451536515,0.00026838900843739744,1.0275373871668176,0.006147776253647654,0.0075911366967467715,244830,160579,405409,5017734523.968748,25643899.180652954,True,5017734523.968748,2084929803.7812493,2695361736.5,2188714507.781251,4542797880.468751,9572770688.625,MISSING
development,B2-rank3-q2-r4-K4,127236c66fd1401664dfc9aa26f9ae80b813a1c7a5b23c089cb3e68c3a7dbffc,0.011226596226151802,0.0024207792897476465,True,0.001711749451536515,0.00026838900843739744,1.0275373871668176,0.006226652869618727,0.0076700133127178445,238667,157293,395960,4900784546.249998,25046208.44522777,True,4900784546.249998,2036335663.7499993,2632540060.0,2137701423.7500007,4436917406.250001,9349654995.0,MISSING
development,B2-rank3-q2-r4-K4,127236c66fd1401664dfc9aa26f9ae80b813a1c7a5b23c089cb3e68c3a7dbffc,0.011339264083273048,0.0024207792897476465,True,0.001711749451536515,0.00026838900843739744,1.0275373871668176,0.006306321075410917,0.007749681518510035,232675,154076,386751,4786805041.031248,24463698.763512187,True,4786805041.031248,1988975791.2187493,2571314023.5,2087984047.2187507,4333726244.531251,9132206331.375,MISSING
development,B2-rank3-q2-r4-K4,127236c66fd1401664dfc9aa26f9ae80b813a1c7a5b23c089cb3e68c3a7dbffc,0.011453062652301322,0.0024207792897476465,True,0.001711749451536515,0.00026838900843739744,1.0275373871668176,0.006386788815260135,0.007830149258359252,226849,150925,377774,4675696992.562498,23895864.100382548,True,4675696992.562498,1942809043.9374993,2511630439.0,2039519187.9375007,4233134751.562501,8920235796.75,MISSING
development,B2-rank3-q2-r4-K4,127236c66fd1401664dfc9aa26f9ae80b813a1c7a5b23c089cb3e68c3a7dbffc,0.011568003280833442,0.0024207792897476465,True,0.001711749451536515,0.00026838900843739744,1.0275373871668176,0.006468064113129042,0.00791142455622816,221183,147840,369023,4567386139.031248,23342324.929496128,True,4567386139.031248,1897804565.2187493,2453449415.5,1992274453.2187507,4135075694.531251,8713601715.375,MISSING
development,B2-rank3-q2-r4-K4,127236c66fd1401664dfc9aa26f9ae80b813a1c7a5b23c089cb3e68c3a7dbffc,0.011684097430348409,0.0024207792897476465,True,0.001711749451536515,0.00026838900843739744,1.0275373871668176,0.006550155073507159,0.007993515516606277,215674,144819,360493,4461810595.593748,22802764.97890063,True,4461810595.593748,1853936641.1562493,2396737710.5,1946222849.1562507,4039493046.093751,8512186024.125,MISSING
development,B2-rank3-q2-r4-K4,127236c66fd1401664dfc9aa26f9ae80b813a1c7a5b23c089cb3e68c3a7dbffc,0.011801356677350336,0.0024207792897476465,True,0.001711749451536515,0.00026838900843739744,1.0275373871668176,0.00663306988221905,0.008076430325318167,210316,141861,352177,4358883723.468748,22276741.467862863,True,4358883723.468748,1811169272.2812493,2341448784.5,1901326584.2812507,3946308367.968751,8315823434.625,MISSING
development,B2-rank3-q2-r4-K4,127236c66fd1401664dfc9aa26f9ae80b813a1c7a5b23c089cb3e68c3a7dbffc,0.011919792714522783,0.0024207792897476465,True,0.001711749451536515,0.00026838900843739744,1.0275373871668176,0.006716816807240549,0.008160177250339667,205104,138964,344068,4258518883.8749986,21763811.61564963,True,4258518883.8749986,1769466459.1249995,2287536098.0,1857547867.1250007,3855443221.875001,8124348658.5,MISSING
development,B2-rank3-q2-r4-K4,127236c66fd1401664dfc9aa26f9ae80b813a1c7a5b23c089cb3e68c3a7dbffc,0.012039417351894737,0.0024207792897476465,True,0.001711749451536515,0.00026838900843739744,1.0275373871668176,0.00680140419952324,0.008244764642622358,200034,136127,336161,4160654191.9687486,21263659.150308646,True,4160654191.9687486,1728802487.7812495,2234966408.5,1814859703.7812507,3766841580.468751,7937643632.625,MISSING
development,B2-rank3-q2-r4-K4,127236c66fd1401664dfc9aa26f9ae80b813a1c7a5b23c089cb3e68c3a7dbffc,0.012160242518018245,0.0024207792897476465,True,0.001711749451536515,0.00026838900843739744,1.0275373871668176,0.006886840493827163,0.00833020093692628,195102,133349,328451,4065227762.906249,20775967.79988763,True,4065227762.906249,1689151644.3437495,2183706473.5,1773235100.3437505,3680447416.406251,7755590293.875,MISSING
development,B2-rank3-q2-r4-K4,127236c66fd1401664dfc9aa26f9ae80b813a1c7a5b23c089cb3e68c3a7dbffc,0.012282280261157904,0.0024207792897476465,True,0.001711749451536515,0.00026838900843739744,1.0275373871668176,0.006973134209561919,0.008416494652661036,190303,130629,320932,3972165334.874999,20300358.038043838,True,3972165334.874999,1650483072.1249995,2133716402.0,1732641664.1250005,3596193496.8750005,7578046966.5,MISSING
development,B2-rank3-q2-r4-K4,127236c66fd1401664dfc9aa26f9ae80b813a1c7a5b23c089cb3e68c3a7dbffc,0.01240554275049227,0.0024207792897476465,True,0.001711749451536515,0.00026838900843739744,1.0275373871668176,0.007060293951636182,0.0085036543947353,185633,127965,313598,3881392646.062499,19836450.338434532,True,3881392646.062499,1612765914.4374995,2084956303.0,1693047002.4375005,3514012589.0625005,7404871974.75,MISSING
development,B2-rank3-q2-r4-K4,127236c66fd1401664dfc9aa26f9ae80b813a1c7a5b23c089cb3e68c3a7dbffc,0.012530042277327312,0.0024207792897476465,True,0.001711749451536515,0.00026838900843739744,1.0275373871668176,0.007148328411315758,0.008591688854414876,181089,125356,306445,3792860188.593749,19383991.683497887,True,3792860188.593749,1575979600.1562495,2037399582.5,1654429520.1562505,3433859871.0937505,7235970868.125,MISSING
development,B2-rank3-q2-r4-K4,127236c66fd1401664dfc9aa26f9ae80b813a1c7a5b23c089cb3e68c3a7dbffc,0.01265579125632208,0.0024207792897476465,True,0.001711749451536515,0.00026838900843739744,1.0275373871668176,0.007237246367090243,0.00868060681018936,176667,122801,299468,3706506077.624999,18942665.801281616,True,3706506077.624999,1540098415.3749995,1991012998.0,1616762223.3750005,3355679315.6250005,7071225583.5,MISSING
development,B2-rank3-q2-r4-K4,127236c66fd1401664dfc9aa26f9ae80b813a1c7a5b23c089cb3e68c3a7dbffc,0.012782802226726633,0.0024207792897476465,True,0.001711749451536515,0.00026838900843739744,1.0275373871668176,0.007327056685548386,0.008770417128647503,172362,120299,292661,3622256051.343749,18512093.165442985,True,3622256051.343749,1505091503.4062495,1945756658.5,1580012719.4062505,3279403689.8437505,6910494445.125,MISSING
development,B2-rank3-q2-r4-K4,127236c66fd1401664dfc9aa26f9ae80b813a1c7a5b23c089cb3e68c3a7dbffc,0.012911087853632416,0.0024207792897476465,True,0.001711749451536515,0.00026838900843739744,1.0275373871668176,0.0074177683222622325,0.00886112876536135,168173,117848,286021,3540072978.843749,18092084.012810618,True,3540072978.843749,1470943435.9062495,1901610618.5,1544164811.9062505,3204999377.3437505,6753706615.125,MISSING
development,B2-rank3-q2-r4-K4,127236c66fd1401664dfc9aa26f9ae80b813a1c7a5b23c089cb3e68c3a7dbffc,0.013040660929235186,0.0024207792897476465,True,0.001711749451536515,0.00026838900843739744,1.0275373871668176,0.007509390322680149,0.008952750765779267,164094,115449,279543,3459894975.281249,17682322.071432233,True,3459894975.281249,1437628498.9687495,1858541635.5,1509191506.9687505,3132410350.7812505,6600744030.375,MISSING
development,B2-rank3-q2-r4-K4,127236c66fd1401664dfc9aa26f9ae80b813a1c7a5b23c089cb3e68c3a7dbffc,0.01317153437411059,0.0024207792897476465,True,0.001711749451536515,0.00026838900843739744,1.0275373871668176,0.00760193182302879,0.009045292266127908,160123,113099,273222,3381660155.812499,17282491.069355544,True,3381660155.812499,1405120978.6874995,1816516467.0,1475065810.6875005,3061580582.8125005,6451488627.75,MISSING
development,B2-rank3-q2-r4-K4,127236c66fd1401664dfc9aa26f9ae80b813a1c7a5b23c089cb3e68c3a7dbffc,0.013303721238502573,0.0024207792897476465,True,0.001711749451536515,0.00026838900843739744,1.0275373871668176,0.007695402051224149,0.009138762494323266,156257,110797,267054,3305319012.562499,16892337.989018727,True,3305319012.562499,1373400303.9374995,1775508519.0,1441766127.9375005,2992465251.5625005,6305845956.75,MISSING
development,B2-rank3-q2-r4-K4,127236c66fd1401664dfc9aa26f9ae80b813a1c7a5b23c089cb3e68c3a7dbffc,0.013437234703624701,0.0024207792897476465,True,0.001711749451536515,0.00026838900843739744,1.0275373871668176,0.0077898103277917186,0.009233170770890836,152492,108543,261035,3230822037.656249,16511609.81285996,True,3230822037.656249,1342445903.5937495,1735491197.5,1409270863.5937505,2925019535.1562505,6163721566.875,MISSING
development,B2-rank3-q2-r4-K4,127236c66fd1401664dfc9aa26f9ae80b813a1c7a5b23c089cb3e68c3a7dbffc,0.013572088082974531,0.0024207792897476465,True,0.001711749451536515,0.00026838900843739744,1.0275373871668176,0.007885166066795905,0.009328526509895022,148826,106335,255161,3158119723.218749,16140053.523317412,True,3158119723.218749,1312237206.5312495,1696437908.5,1377558422.5312505,2859198611.7187505,6025021007.625,MISSING
development,B2-rank3-q2-r4-K4,127236c66fd1401664dfc9aa26f9ae80b813a1c7a5b23c089cb3e68c3a7dbffc,0.013708294823661217,0.0024207792897476465,True,0.001711749451536515,0.00026838900843739744,1.0275373871668176,0.007981478776778779,0.009424839219877896,145256,104173,249429,3087174938.343749,15777479.357219711,True,3087174938.343749,1282758784.4062495,1658328706.5,1346612608.4062505,2794968864.8437505,5889673441.125,MISSING
development,B2-rank3-q2-r4-K4,127236c66fd1401664dfc9aa26f9ae80b813a1c7a5b23c089cb3e68c3a7dbffc,0.01384586850774637,0.0024207792897476465,True,0.001711749451536515,0.00026838900843739744,1.0275373871668176,0.008078758061708206,0.009522118504807324,141779,102055,243834,3017925798.187499,15423571.042614575,True,3017925798.187499,1253984923.3124995,1621130349.0,1316406427.3125005,2732274267.1875005,5757560804.25,MISSING
development,B2-rank3-q2-r4-K4,127236c66fd1401664dfc9aa26f9ae80b813a1c7a5b23c089cb3e68c3a7dbffc,0.01398482285359845,0.0024207792897476465,True,0.001711749451536515,0.00026838900843739744,1.0275373871668176,0.008177013621935552,0.00962037406503467,138392,99981,238373,2950335171.843749,15078138.816330636,True,2950335171.843749,1225900194.9062495,1584822890.5,1286923682.9062505,2671081202.3437505,5628612259.125,MISSING
development,B2-rank3-q2-r4-K4,127236c66fd1401664dfc9aa26f9ae80b813a1c7a5b23c089cb3e68c3a7dbffc,0.014125171717260689,0.0024207792897476465,True,0.001711749451536515,0.00026838900843739744,1.0275373871668176,0.008276255255162948,0.009719615698262065,135093,97950,233043,2884365928.406249,14740992.915196521,True,2884365928.406249,1198489170.8437495,1549386385.5,1258148178.8437505,2611356053.9062505,5502756967.875,MISSING
development,B2-rank3-q2-r4-K4,127236c66fd1401664dfc9aa26f9ae80b813a1c7a5b23c089cb3e68c3a7dbffc,0.01426692909383278,0.0024207792897476465,True,0.001711749451536515,0.00026838900843739744,1.0275373871668176,0.008376492857420289,0.009819853300519406,131880,95961,227841,2819980936.968749,14411943.576040862,True,2819980936.968749,1171736422.7812495,1514800888.5,1230063718.7812505,2553065205.4687505,5379924092.625,MISSING
development,B2-rank3-q2-r4-K4,127236c66fd1401664dfc9aa26f9ae80b813a1c7a5b23c089cb3e68c3a7dbffc,0.014410109118866412,0.0024207792897476465,True,0.001711749451536515,0.00026838900843739744,1.0275373871668176,0.00847773642405203,0.009921096867151147,128748,94012,222760,2757093558.749999,14090548.01813046,True,2757093558.749999,1145605951.2499995,1481019860.0,1202632511.2500005,2496130218.7500005,5259948345.0,MISSING
development,B2-rank3-q2-r4-K4,127236c66fd1401664dfc9aa26f9ae80b813a1c7a5b23c089cb3e68c3a7dbffc,0.01455472606977483,0.0024207792897476465,True,0.001711749451536515,0.00026838900843739744,1.0275373871668176,0.008579996050713894,0.010023356493813012,125698,92104,217802,2695728547.687499,13776932.750246232,True,2695728547.687499,1120108041.8124995,1448056597.0,1175865353.8125005,2440573504.6875005,5142876950.25,MISSING
development,B2-rank3-q2-r4-K4,127236c66fd1401664dfc9aa26f9ae80b813a1c7a5b23c089cb3e68c3a7dbffc,0.014700794367256513,0.0024207792897476465,True,0.001711749451536515,0.00026838900843739744,1.0275373871668176,0.008683281934379566,0.010126642377478684,122725,90234,212959,2635786888.031249,13470591.737264521,True,2635786888.031249,1095201552.2187495,1415857911.5,1149719056.2187505,2386305419.5312505,5028521007.375,MISSING
development,B2-rank3-q2-r4-K4,127236c66fd1401664dfc9aa26f9ae80b813a1c7a5b23c089cb3e68c3a7dbffc,0.014848328576733167,0.0024207792897476465,True,0.001711749451536515,0.00026838900843739744,1.0275373871668176,0.008787604374357504,0.010230964817456622,119829,88404,208233,2577293333.718749,13171651.487966243,True,2577293333.718749,1070896768.0312495,1384437100.5,1124204416.0312505,2333348374.2187505,4916927741.625,MISSING
development,B2-rank3-q2-r4-K4,127236c66fd1401664dfc9aa26f9ae80b813a1c7a5b23c089cb3e68c3a7dbffc,0.014997343409802133,0.0024207792897476465,True,0.001711749451536515,0.00026838900843739744,1.0275373871668176,0.008892973773317952,0.01033633421641707,117006,86610,203616,2520148868.999999,12879605.967227742,True,2520148868.999999,1047152546.9999995,1353740976.0,1099278243.0000005,2281612725.0000005,4807908252.0,MISSING
development,B2-rank3-q2-r4-K4,127236c66fd1401664dfc9aa26f9ae80b813a1c7a5b23c089cb3e68c3a7dbffc,0.015147853725703382,0.0024207792897476465,True,0.001711749451536515,0.00026838900843739744,1.0275373871668176,0.008999400638330254,0.010442761081429372,114255,84854,199109,2464365870.843749,12594518.429439478,True,2464365870.843749,1023974031.9062495,1323776186.5,1074945935.9062505,2231109677.3437505,4701486151.125,MISSING
development,B2-rank3-q2-r4-K4,127236c66fd1401664dfc9aa26f9ae80b813a1c7a5b23c089cb3e68c3a7dbffc,0.015299874532801216,0.0024207792897476465,True,0.001711749451536515,0.00026838900843739744,1.0275373871668176,0.009106895581910584,0.010550256025009702,111574,83134,194708,2409894831.374999,12316135.857039621,True,2409894831.374999,1001340651.6249995,1294516138.0,1051185899.6250005,2181794409.3750005,4597566988.5,MISSING
development,B2-rank3-q2-r4-K4,127236c66fd1401664dfc9aa26f9ae80b813a1c7a5b23c089cb3e68c3a7dbffc,0.015453420990080862,0.0024207792897476465,True,0.001711749451536515,0.00026838900843739744,1.0275373871668176,0.009215469323080193,0.01065882976617931,108960,81449,190409,2356686242.718749,12044205.232466346,True,2356686242.718749,979231835.0312496,1265934236.5,1027976539.0312504,2133622099.2187505,4496056313.625,MISSING
development,B2-rank3-q2-r4-K4,127236c66fd1401664dfc9aa26f9ae80b813a1c7a5b23c089cb3e68c3a7dbffc,0.015608508408660068,0.0024207792897476465,True,0.001711749451536515,0.00026838900843739744,1.0275373871668176,0.009325132688434266,0.010768493131533384,106412,79798,186210,2304715350.937499,11778600.046938738,True,2304715350.937499,957637296.5624996,1238017185.0,1005307056.5625004,2086570335.9375005,4396906901.25,MISSING
development,B2-rank3-q2-r4-K4,127236c66fd1401664dfc9aa26f9ae80b813a1c7a5b23c089cb3e68c3a7dbffc,0.015765152253315866,0.0024207792897476465,True,0.001711749451536515,0.00026838900843739744,1.0275373871668176,0.009435896613221513,0.01087925705632063,103929,78182,182111,2253982156.031249,11519320.300456798,True,2253982156.031249,936557036.2187498,1210764983.5,983177452.2187504,2040639119.5312505,4300118751.375,MISSING
development,B2-rank3-q2-r4-K4,127236c66fd1401664dfc9aa26f9ae80b813a1c7a5b23c089cb3e68c3a7dbffc,0.015923368144026683,0.0024207792897476465,True,0.001711749451536515,0.00026838900843739744,1.0275373871668176,0.009547772142434602,0.01099113258553372,101508,76598,178106,2204412396.187499,11265986.466677787,True,2204412396.187499,915960197.3124998,1184137741.0,961555333.3125004,1995761217.1875005,4205550188.25,MISSING
development,B2-rank3-q2-r4-K4,127236c66fd1401664dfc9aa26f9ae80b813a1c7a5b23c089cb3e68c3a7dbffc,0.016083171857529898,0.0024207792897476465,True,0.001711749451536515,0.00026838900843739744,1.0275373871668176,0.009660770431911516,0.011104130875010634,99147,75047,174194,2155993694.437499,11018535.291211247,True,2155993694.437499,895841637.0624998,1158128809.0,940435301.0625002,1951925423.4375005,4113177599.25,MISSING
development,B2-rank3-q2-r4-K4,127236c66fd1401664dfc9aa26f9ae80b813a1c7a5b23c089cb3e68c3a7dbffc,0.016244579328895038,0.0024207792897476465,True,0.001711749451536515,0.00026838900843739744,1.0275373871668176,0.009774902749447981,0.011218263192547099,96845,73528,170373,2108701296.8437495,10776840.265276266,True,2108701296.8437495,876191069.9062498,1132724890.5,919806557.9062502,1909109327.3437505,4022953759.125,MISSING
development,B2-rank3-q2-r4-K4,127236c66fd1401664dfc9aa26f9ae80b813a1c7a5b23c089cb3e68c3a7dbffc,0.016407606653112798,0.0024207792897476465,True,0.001711749451536515,0.00026838900843739744,1.0275373871668176,0.009890180475921056,0.011333540919020174,94601,72040,166641,2062510449.4687495,10540774.88009193,True,2062510449.4687495,856998210.2812498,1107912688.5,899658306.2812502,1867290517.9687502,3934831442.625,MISSING
development,B2-rank3-q2-r4-K4,127236c66fd1401664dfc9aa26f9ae80b813a1c7a5b23c089cb3e68c3a7dbffc,0.016572270086699935,0.0024207792897476465,True,0.001711749451536515,0.00026838900843739744,1.0275373871668176,0.010006615106423982,0.0114499755495231,92412,70582,162994,2017371644.4374995,10310086.118096411,True,2017371644.4374995,838242487.0624998,1083665609.0,879968951.0625002,1826424173.4375002,3848716199.25,MISSING
development,B2-rank3-q2-r4-K4,127236c66fd1401664dfc9aa26f9ae80b813a1c7a5b23c089cb3e68c3a7dbffc,0.016738586049320336,0.0024207792897476465,True,0.001711749451536515,0.00026838900843739744,1.0275373871668176,0.010124218251412435,0.011567578694511553,90278,69154,159432,1973284881.7499995,10084773.97928971,True,1973284881.7499995,819923900.2499998,1059983652.0,860738492.2500002,1786510293.7500002,3764608029.0,MISSING
development,B2-rank3-q2-r4-K4,127236c66fd1401664dfc9aa26f9ae80b813a1c7a5b23c089cb3e68c3a7dbffc,0.016906571125422338,0.0024207792897476465,True,0.001711749451536515,0.00026838900843739744,1.0275373871668176,0.0102430016378623,0.011686362080961417,88196,67756,155952,1930213030.4999995,9864648.700500457,True,1930213030.4999995,802027021.4999998,1036846872.0,841950733.5000002,1747515262.5000002,3682436094.0,MISSING
development,B2-rank3-q2-r4-K4,127236c66fd1401664dfc9aa26f9ae80b813a1c7a5b23c089cb3e68c3a7dbffc,0.01707624206589244,0.0024207792897476465,True,0.001711749451536515,0.00026838900843739744,1.0275373871668176,0.010362977110439008,0.011806337553538125,86166,66385,152551,1888118959.7812495,9649520.518557282,True,1888118959.7812495,784536422.4687498,1014235323.5,823589478.4687502,1709405463.2812502,3602129556.375,MISSING
development,B2-rank3-q2-r4-K4,127236c66fd1401664dfc9aa26f9ae80b813a1c7a5b23c089cb3e68c3a7dbffc,0.017247615789725678,0.0024207792897476465,True,0.001711749451536515,0.00026838900843739744,1.0275373871668176,0.010484156632678682,0.0119275170757778,84185,65043,149228,1846990292.6249995,9439326.179069728,True,1846990292.6249995,767446960.3749998,992142358.0,805649328.3750002,1672169690.6250002,3523664803.5,MISSING
development,B2-rank3-q2-r4-K4,127236c66fd1401664dfc9aa26f9ae80b813a1c7a5b23c089cb3e68c3a7dbffc,0.017420709385712704,0.0024207792897476465,True,0.001711749451536515,0.00026838900843739744,1.0275373871668176,0.010606552288181073,0.01204991273128019,82254,63729,145983,1806827029.0312495,9234065.682037795,True,1806827029.0312495,750758635.2187498,970567975.5,788130283.2187502,1635807944.5312502,3447041835.375,MISSING
development,B2-rank3-q2-r4-K4,127236c66fd1401664dfc9aa26f9ae80b813a1c7a5b23c089cb3e68c3a7dbffc,0.017595540114143826,0.0024207792897476465,True,0.001711749451536515,0.00026838900843739744,1.0275373871668176,0.010730176281814502,0.01217353672491362,80369,62441,142810,1767554907.1874995,9033359.501118744,True,1767554907.1874995,734440590.3124998,949472285.0,770999950.3125002,1600252992.1875002,3372118976.25,MISSING
development,B2-rank3-q2-r4-K4,127236c66fd1401664dfc9aa26f9ae80b813a1c7a5b23c089cb3e68c3a7dbffc,0.01777212540853016,0.0024207792897476465,True,0.001711749451536515,0.00026838900843739744,1.0275373871668176,0.010855040940932903,0.01229840138403202,78531,61180,139711,1729198681.0312495,8837334.145093486,True,1729198681.0312495,718503111.2187498,928868583.5,754269127.2187502,1565527244.5312502,3298943451.375,MISSING
development,B2-rank3-q2-r4-K4,127236c66fd1401664dfc9aa26f9ae80b813a1c7a5b23c089cb3e68c3a7dbffc,0.01795048287734202,0.0024207792897476465,True,0.001711749451536515,0.00026838900843739744,1.0275373871668176,0.010981158716605035,0.012424519159704153,76737,59944,136681,1691696465.7187495,8645673.34200974,True,1691696465.7187495,702920484.0312498,908723628.5,737910820.0312502,1531574674.2187502,3227397197.625,MISSING
development,B2-rank3-q2-r4-K4,127236c66fd1401664dfc9aa26f9ae80b813a1c7a5b23c089cb3e68c3a7dbffc,0.018130630305764762,0.0024207792897476465,True,0.001711749451536515,0.00026838900843739744,1.0275373871668176,0.011108542184856076,0.012551902627955193,74988,58733,133721,1655060638.2187495,8458440.34625796,True,1655060638.2187495,687697851.5312498,889044068.5,721930427.5312502,1498406486.7187502,3157503827.625,MISSING
development,B2-rank3-q2-r4-K4,127236c66fd1401664dfc9aa26f9ae80b813a1c7a5b23c089cb3e68c3a7dbffc,0.018312585657472312,0.0024207792897476465,True,0.001711749451536515,0.00026838900843739744,1.0275373871668176,0.011237204047921667,0.012680564491020785,73280,57548,130828,1619254067.6249995,8275445.394666781,True,1619254067.6249995,672819785.3749998,869809958.0,706311753.3750002,1465989065.6250002,3089192503.5,MISSING
development,B2-rank3-q2-r4-K4,127236c66fd1401664dfc9aa26f9ae80b813a1c7a5b23c089cb3e68c3a7dbffc,0.01849636707641837,0.0024207792897476465,True,0.001711749451536515,0.00026838900843739744,1.0275373871668176,0.01136715713551451,0.012810517578613628,71614,56386,128000,1584251999.9999995,8096561.978455284,True,1584251999.9999995,658275999.9999998,851008000.0,691044000.0000002,1434300000.0000002,3022416000.0,MISSING
development,B2-rank3-q2-r4-K4,127236c66fd1401664dfc9aa26f9ae80b813a1c7a5b23c089cb3e68c3a7dbffc,0.018681992888645735,0.0024207792897476465,True,0.001711749451536515,0.00026838900843739744,1.0275373871668176,0.011498414406103741,0.012941774849202859,69989,55248,125237,1550054435.3437495,7921790.097623472,True,1550054435.3437495,644066495.4062498,832638194.5,676127167.4062502,1403339289.8437502,2957174317.125,MISSING
development,B2-rank3-q2-r4-K4,127236c66fd1401664dfc9aa26f9ae80b813a1c7a5b23c089cb3e68c3a7dbffc,0.018869481604113645,0.0024207792897476465,True,0.001711749451536515,0.00026838900843739744,1.0275373871668176,0.011630988948207055,0.013074349391306172,68402,54133,122535,1516611865.7812495,7750876.734609517,True,1516611865.7812495,630170700.4687498,814673947.5,661539660.4687502,1373062113.2812502,2893373004.375,MISSING
development,B2-rank3-q2-r4-K4,127236c66fd1401664dfc9aa26f9ae80b813a1c7a5b23c089cb3e68c3a7dbffc,0.01905885191854358,0.0024207792897476465,True,0.001711749451536515,0.00026838900843739744,1.0275373871668176,0.01176489398169589,0.013208254424795007,66854,53041,119895,1483936668.2812495,7583885.143803877,True,1483936668.2812495,616593757.9687498,797121907.5,647286877.9687502,1343479675.7812502,2831035674.375,MISSING
development,B2-rank3-q2-r4-K4,127236c66fd1401664dfc9aa26f9ae80b813a1c7a5b23c089cb3e68c3a7dbffc,0.019250122715283504,0.0024207792897476465,True,0.001711749451536515,0.00026838900843739744,1.0275373871668176,0.011900142859113646,0.013343503302212763,65343,51971,117314,1451991711.9374995,7420625.562035182,True,1451991711.9374995,603320239.5624998,779962129.0,633352623.5625002,1314558360.9375002,2770091489.25,MISSING
development,B2-rank3-q2-r4-K4,127236c66fd1401664dfc9aa26f9ae80b813a1c7a5b23c089cb3e68c3a7dbffc,0.019443313067190854,0.0024207792897476465,True,0.001711749451536515,0.00026838900843739744,1.0275373871668176,0.012036749067007147,0.013480109510106265,63868,50923,114791,1420764619.7812495,7261034.734912973,True,1420764619.7812495,590345002.4687498,763187963.5,619731498.4687502,1286286963.2812502,2710516836.375,MISSING
development,B2-rank3-q2-r4-K4,127236c66fd1401664dfc9aa26f9ae80b813a1c7a5b23c089cb3e68c3a7dbffc,0.019638442238534434,0.0024207792897476465,True,0.001711749451536515,0.00026838900843739744,1.0275373871668176,0.012174726227271504,0.013618086670370622,62429,49897,112326,1390255391.8124995,7105112.662437252,True,1390255391.8124995,577668046.6874998,746799411.0,606423502.6875002,1258665482.8125002,2652311715.75,MISSING
development,B2-rank3-q2-r4-K4,127236c66fd1401664dfc9aa26f9ae80b813a1c7a5b23c089cb3e68c3a7dbffc,0.01983552968691535,0.0024207792897476465,True,0.001711749451536515,0.00026838900843739744,1.0275373871668176,0.012314088098508404,0.013757448541607521,61024,48891,109915,1360414520.1562495,6952606.327046191,True,1360414520.1562495,565268801.0937498,730769877.5,593407041.0937502,1231649097.6562502,2595381676.875,MISSING
development,B2-rank3-q2-r4-K4,127236c66fd1401664dfc9aa26f9ae80b813a1c7a5b23c089cb3e68c3a7dbffc,0.020034595065207276,0.0024207792897476465,True,0.001711749451536515,0.00026838900843739744,1.0275373871668176,0.01245484857739809,0.013898209020497208,59652,47906,107558,1331242004.8124995,6803515.7287397925,True,1331242004.8124995,553147265.6874998,715099363.0,580682113.6875002,1205237807.8125002,2539726719.75,MISSING
development,B2-rank3-q2-r4-K4,127236c66fd1401664dfc9aa26f9ae80b813a1c7a5b23c089cb3e68c3a7dbffc,0.02023565822351617,0.0024207792897476465,True,0.001711749451536515,0.00026838900843739744,1.0275373871668176,0.012597021700085094,0.014040382143184212,58313,46940,105253,1302713091.8437495,6657714.358737141,True,1302713091.8437495,541293154.9062498,699774570.5,568237922.9062502,1179409202.3437502,2485299619.125,MISSING
development,B2-rank3-q2-r4-K4,127236c66fd1401664dfc9aa26f9ae80b813a1c7a5b23c089cb3e68c3a7dbffc,0.020438739211159653,0.0024207792897476465,True,0.001711749451536515,0.00026838900843739744,1.0275373871668176,0.012740621643577862,0.01418398208667698,57006,45995,103001,1274840158.2187495,6515265.471428693,True,1274840158.2187495,529711611.53124976,684802148.5,556079867.5312502,1154174486.7187502,2432123987.625,MISSING
development,B2-rank3-q2-r4-K4,127236c66fd1401664dfc9aa26f9ae80b813a1c7a5b23c089cb3e68c3a7dbffc,0.020643858278666258,0.0024207792897476465,True,0.001711749451536515,0.00026838900843739744,1.0275373871668176,0.012885662727162444,0.014329023170261562,55730,45068,100798,1247573696.0624995,6375916.049252624,True,1247573696.0624995,518382064.43749976,670155503.0,544186352.4375002,1129488839.0625002,2380105374.75,MISSING
development,B2-rank3-q2-r4-K4,127236c66fd1401664dfc9aa26f9ae80b813a1c7a5b23c089cb3e68c3a7dbffc,0.020851035879794724,0.0024207792897476465,True,0.001711749451536515,0.00026838900843739744,1.0275373871668176,0.013032159413830343,0.01447551985692946,54484,44161,98645,1220926082.3437495,6239729.346599386,True,1220926082.3437495,507309656.40624976,655841282.5,532562776.40625024,1105363464.8437502,2329267393.125,MISSING
development,B2-rank3-q2-r4-K4,127236c66fd1401664dfc9aa26f9ae80b813a1c7a5b23c089cb3e68c3a7dbffc,0.02106029267357361,0.0024207792897476465,True,0.001711749451536515,0.00026838900843739744,1.0275373871668176,0.01318012631172075,0.014623486754819868,53268,43272,96540,1194872563.1249995,6106578.854688072,True,1194872563.1249995,496484101.87499976,641846190.0,521198341.87500024,1081775953.1250002,2279562817.5,MISSING
development,B2-rank3-q2-r4-K4,127236c66fd1401664dfc9aa26f9ae80b813a1c7a5b23c089cb3e68c3a7dbffc,0.021271649526361323,0.0024207792897476465,True,0.001711749451536515,0.00026838900843739744,1.0275373871668176,0.013329578175577186,0.014772938618676304,52080,42401,94481,1169388384.4687495,5976338.064737763,True,1169388384.4687495,485895115.2812498,628156928.5,510082251.28125024,1058703892.9687502,2230944422.625,MISSING
development,B2-rank3-q2-r4-K4,127236c66fd1401664dfc9aa26f9ae80b813a1c7a5b23c089cb3e68c3a7dbffc,0.021485127513926824,0.0024207792897476465,True,0.001711749451536515,0.00026838900843739744,1.0275373871668176,0.01348052990821881,0.014923890351317928,50920,41547,92467,1144461169.4062495,5848943.722358006,True,1144461169.4062495,475537553.8437498,614766849.5,499209105.84375024,1036136078.9062502,2183388595.875,MISSING
development,B2-rank3-q2-r4-K4,127236c66fd1401664dfc9aa26f9ae80b813a1c7a5b23c089cb3e68c3a7dbffc,0.02170074792355125,0.0024207792897476465,True,0.001711749451536515,0.00026838900843739744,1.0275373871668176,0.013632996562026461,0.015076357005125579,49788,40711,90499,1120103294.9062495,5724459.081939256,True,1120103294.9062495,465416560.3437499,601682601.5,488584304.3437502,1014083716.4062502,2136918949.875,MISSING
development,B2-rank3-q2-r4-K4,127236c66fd1401664dfc9aa26f9ae80b813a1c7a5b23c089cb3e68c3a7dbffc,0.0219185322561506,0.0024207792897476465,True,0.001711749451536515,0.00026838900843739744,1.0275373871668176,0.013786993340443652,0.01523035378354277,48682,39892,88574,1096277630.0624998,5602694.380310143,True,1096277630.0624998,455516706.4374999,588884239.0,478191650.4375001,992513189.0625002,2091464646.75,MISSING
development,B2-rank3-q2-r4-K4,127236c66fd1401664dfc9aa26f9ae80b813a1c7a5b23c089cb3e68c3a7dbffc,0.022138502228419735,0.0024207792897476465,True,0.001711749451536515,0.00026838900843739744,1.0275373871668176,0.013942535599492573,0.01538589604259169,47602,39090,86692,1072984174.8749998,5483649.617470668,True,1072984174.8749998,445837992.1249999,576371762.0,468031144.1250001,971424496.8750001,2047025686.5,MISSING
development,B2-rank3-q2-r4-K4,127236c66fd1401664dfc9aa26f9ae80b813a1c7a5b23c089cb3e68c3a7dbffc,0.022360679774997897,0.0024207792897476465,True,0.001711749451536515,0.00026838900843739744,1.0275373871668176,0.01409963884930538,0.015542999292404498,46547,38303,84850,1050185798.4374998,5367135.03024946,True,1050185798.4374998,436364989.0624999,564125225.0,458086589.0625001,950784023.4375001,2003531231.25,MISSING
development,B2-rank3-q2-r4-K4,127236c66fd1401664dfc9aa26f9ae80b813a1c7a5b23c089cb3e68c3a7dbffc,0.02258508705065592,0.0024207792897476465,True,0.001711749451536515,0.00026838900843739744,1.0275373871668176,0.014258318755670768,0.015701679198769886,45516,37533,83049,1027894877.7187498,5253213.873036976,True,1027894877.7187498,427102840.0312499,552151276.5,448363384.0312501,930602974.2187501,1961004893.625,MISSING
development,B2-rank3-q2-r4-K4,127236c66fd1401664dfc9aa26f9ae80b813a1c7a5b23c089cb3e68c3a7dbffc,0.022811746432505494,0.0024207792897476465,True,0.001711749451536515,0.00026838900843739744,1.0275373871668176,0.014418591141596153,0.01586195158469527,44510,36778,81288,1006099035.7499998,5141822.891442759,True,1006099035.7499998,418046402.2499999,540443268.0,438856130.2500001,910870143.7500001,1919423061.0,MISSING
development,B2-rank3-q2-r4-K4,127236c66fd1401664dfc9aa26f9ae80b813a1c7a5b23c089cb3e68c3a7dbffc,0.023040680522230447,0.0024207792897476465,True,0.001711749451536515,0.00026838900843739744,1.0275373871668176,0.014580471988885436,0.016023832431984554,43527,36039,79566,984785895.5624998,5032898.831076353,True,984785895.5624998,409190532.9374999,528994551.0,429559428.9375001,891574326.5625001,1878762120.75,MISSING
development,B2-rank3-q2-r4-K4,127236c66fd1401664dfc9aa26f9ae80b813a1c7a5b23c089cb3e68c3a7dbffc,0.02327191214834057,0.0024207792897476465,True,0.001711749451536515,0.00026838900843739744,1.0275373871668176,0.014743977439732697,0.016187337882831814,42567,35315,77882,963943080.1874998,4926378.4375473,True,963943080.1874998,400530089.3124999,517798477.0,420467881.3125001,872704317.1875001,1838998460.25,MISSING
development,B2-rank3-q2-r4-K4,127236c66fd1401664dfc9aa26f9ae80b813a1c7a5b23c089cb3e68c3a7dbffc,0.02350546436844801,0.0024207792897476465,True,0.001711749451536515,0.00026838900843739744,1.0275373871668176,0.014909123798331838,0.016352484241430956,41630,34605,76235,943558212.6562498,4822198.456465146,True,943558212.6562498,392059928.5937499,506848397.5,411576088.5937501,854248910.1562501,1800108466.875,MISSING
development,B2-rank3-q1-r4-K2,ff8e17f270d298339d53b9f47b8fc13189a91c30105498e405a642bfe5bf29ec,0.0237413604715664,0.01016372648211009,True,0.007186839917625337,0.0009698292933906227,1.0554795598765143,0.009600837066413515,0.01581784769064823,105923,39023,144946,921815793.9375,6631439.935035243,True,921815793.9375,377928576.75000006,489518878.50000006,394389006.87500006,823370282.5625001,1758502990.25,MISSING
development,B2-rank3-q1-r4-K2,ff8e17f270d298339d53b9f47b8fc13189a91c30105498e405a642bfe5bf29ec,0.023979623980433264,0.01016372648211009,True,0.007186839917625337,0.0009698292933906227,1.0554795598765143,0.009769314809242573,0.015986325433477288,102301,38204,140505,893572282.96875,6428259.269466744,True,893572282.96875,366349224.37500006,474520511.25000006,382305323.43750006,798143043.2812501,1704624223.125,MISSING
development,B2-rank3-q1-r4-K2,ff8e17f270d298339d53b9f47b8fc13189a91c30105498e405a642bfe5bf29ec,0.024220278653855575,0.01016372648211009,True,0.007186839917625337,0.0009698292933906227,1.0554795598765143,0.009939483360743722,0.016156493984978437,98828,37404,136232,866397204.75,6232764.789850849,True,866397204.75,355207911.00000006,460089522.00000006,370678757.50000006,773870133.2500001,1652783653.0,MISSING
development,B2-rank3-q1-r4-K2,ff8e17f270d298339d53b9f47b8fc13189a91c30105498e405a642bfe5bf29ec,0.02446334848907889,0.01016372648211009,True,0.007186839917625337,0.0009698292933906227,1.0554795598765143,0.010111359689532026,0.01632837031376674,95497,36621,132118,840233321.8125,6044544.73622581,True,840233321.8125,344481170.25000006,446195515.50000006,359484820.62500006,750500427.6875001,1602872090.75,MISSING
development,B2-rank3-q1-r4-K2,ff8e17f270d298339d53b9f47b8fc13189a91c30105498e405a642bfe5bf29ec,0.024708857724180293,0.01016372648211009,True,0.007186839917625337,0.0009698292933906227,1.0554795598765143,0.010284960934516151,0.016501971558750866,92300,35854,128154,815023396.6875,5863187.348629879,True,815023396.6875,334145535.75000006,432808096.50000006,348699024.37500006,727982801.8125001,1554780347.25,MISSING
development,B2-rank3-q1-r4-K2,ff8e17f270d298339d53b9f47b8fc13189a91c30105498e405a642bfe5bf29ec,0.024956830840485323,0.01016372648211009,True,0.007186839917625337,0.0009698292933906227,1.0554795598765143,0.010460304406607397,0.01667731503084211,89232,35104,124336,790741990.5,5688509.622635615,True,790741990.5,324190578.00000006,419913756.00000006,338310485.00000006,706294533.5000001,1508459894.0,MISSING
development,B2-rank3-q1-r4-K2,ff8e17f270d298339d53b9f47b8fc13189a91c30105498e405a642bfe5bf29ec,0.025207292565009178,0.01016372648211009,True,0.007186839917625337,0.0009698292933906227,1.0554795598765143,0.010637407590445892,0.016854418214680606,86285,34370,120655,767331865.78125,5520099.798281271,True,767331865.78125,314592830.62500006,407482098.75000006,328294714.06250006,685384497.9687501,1463801541.875,MISSING
development,B2-rank3-q1-r4-K2,ff8e17f270d298339d53b9f47b8fc13189a91c30105498e405a642bfe5bf29ec,0.025460267872922375,0.01016372648211009,True,0.007186839917625337,0.0009698292933906227,1.0554795598765143,0.01081628814614407,0.017033298770378784,83455,33652,117107,744767583.65625,5357774.871139404,True,744767583.65625,305341864.12500006,395499615.75000006,318640827.81250006,665229973.0937501,1420756762.375,MISSING
development,B2-rank3-q1-r4-K2,ff8e17f270d298339d53b9f47b8fc13189a91c30105498e405a642bfe5bf29ec,0.025715781990041233,0.01016372648211009,True,0.007186839917625337,0.0009698292933906227,1.0554795598765143,0.010996963911047708,0.017213974535282422,80735,32950,113685,723004626.09375,5201214.58346199,True,723004626.09375,296419426.87500006,383942666.25000006,309329779.68750006,645791195.1562501,1379240630.625,MISSING
development,B2-rank3-q1-r4-K2,ff8e17f270d298339d53b9f47b8fc13189a91c30105498e405a642bfe5bf29ec,0.025973860395343277,0.01016372648211009,True,0.007186839917625337,0.0009698292933906227,1.0554795598765143,0.011179452901514592,0.017396463525749306,78121,32262,110383,702004834.78125,5050144.4286078615,True,702004834.78125,287809874.62500006,372790986.75000006,300345244.06250006,627034080.9687501,1339180353.875,MISSING
development,B2-rank3-q1-r4-K2,ff8e17f270d298339d53b9f47b8fc13189a91c30105498e405a642bfe5bf29ec,0.026234528823507883,0.01016372648211009,True,0.007186839917625337,0.0009698292933906227,1.0554795598765143,0.011363773314711025,0.01758078393894574,75607,31589,107196,681736411.125,4904335.651042718,True,681736411.125,279500170.50000006,362027691.00000006,291673616.25000006,608930227.8750001,1300515271.5,MISSING
development,B2-rank3-q1-r4-K2,ff8e17f270d298339d53b9f47b8fc13189a91c30105498e405a642bfe5bf29ec,0.026497813267482524,0.01016372648211009,True,0.007186839917625337,0.0009698292933906227,1.0554795598765143,0.011549943530426422,0.017766954154661136,73189,30930,104119,662167556.53125,4763559.495232255,True,662167556.53125,271477277.62500006,351635892.75000006,283301291.56250006,591451233.2187501,1263184722.875,MISSING
development,B2-rank3-q1-r4-K2,ff8e17f270d298339d53b9f47b8fc13189a91c30105498e405a642bfe5bf29ec,0.02676373998107465,0.01016372648211009,True,0.007186839917625337,0.0009698292933906227,1.0554795598765143,0.011737982112906067,0.017954992737140782,70863,30286,101149,643279191.84375,4627678.70785589,True,643279191.84375,263733373.87500006,341605460.25000006,275220107.18750006,574580055.4062501,1227152311.625,MISSING
development,B2-rank3-q1-r4-K2,ff8e17f270d298339d53b9f47b8fc13189a91c30105498e405a642bfe5bf29ec,0.027032335481569594,0.01016372648211009,True,0.007186839917625337,0.0009698292933906227,1.0554795598765143,0.011927907812702237,0.01814491843693695,68625,29655,98280,625033158.75,4496418.782272457,True,625033158.75,256252815.00000006,331916130.00000006,267413737.50000006,558282611.2500001,1192345245.0,MISSING
development,B2-rank3-q1-r4-K2,ff8e17f270d298339d53b9f47b8fc13189a91c30105498e405a642bfe5bf29ec,0.027303626552374862,0.01016372648211009,True,0.007186839917625337,0.0009698292933906227,1.0554795598765143,0.012119739568544001,0.018336750192778715,66469,29038,95507,607397658.65625,4369550.9629476555,True,607397658.65625,249022564.12500006,322551015.75000006,259868577.81250006,542530498.0937501,1158702862.375,MISSING
development,B2-rank3-q1-r4-K2,ff8e17f270d298339d53b9f47b8fc13189a91c30105498e405a642bfe5bf29ec,0.027577640245690815,0.01016372648211009,True,0.007186839917625337,0.0009698292933906227,1.0554795598765143,0.012313496509225683,0.018530507133460397,64394,28434,92828,590359972.125,4246983.747667762,True,590359972.125,242037406.50000006,313503363.00000006,252579186.25000006,527312354.8750001,1126200899.5,MISSING
development,B2-rank3-q1-r4-K2,ff8e17f270d298339d53b9f47b8fc13189a91c30105498e405a642bfe5bf29ec,0.02785440388520827,0.01016372648211009,True,0.007186839917625337,0.0009698292933906227,1.0554795598765143,0.012509197955514344,0.01872620857974906,62395,27843,90238,573888300.5625,4128488.380898474,True,573888300.5625,235284305.25000006,304756285.50000006,245531958.12500006,512599778.9375001,1094778695.75,MISSING
development,B2-rank3-q1-r4-K2,ff8e17f270d298339d53b9f47b8fc13189a91c30105498e405a642bfe5bf29ec,0.028133945068833068,0.01016372648211009,True,0.007186839917625337,0.0009698292933906227,1.0554795598765143,0.012706863422076352,0.018923874046311066,60469,27264,87733,557957205.09375,4013881.8582123476,True,557957205.09375,228752830.87500006,296296274.25000006,238716009.68750006,498370048.1562501,1064387722.625,MISSING
development,B2-rank3-q1-r4-K2,ff8e17f270d298339d53b9f47b8fc13189a91c30105498e405a642bfe5bf29ec,0.028416291671438082,0.01016372648211009,True,0.007186839917625337,0.0009698292933906227,1.0554795598765143,0.012906512619423341,0.019123523243658055,58613,26698,85311,542553966.28125,3903072.677395662,True,542553966.28125,222437768.62500006,288116574.75000006,232125899.06250006,484611801.4687501,1035003715.875,MISSING
development,B2-rank3-q1-r4-K2,ff8e17f270d298339d53b9f47b8fc13189a91c30105498e405a642bfe5bf29ec,0.028701471847642816,0.01016372648211009,True,0.007186839917625337,0.0009698292933906227,1.0554795598765143,0.013108165455877684,0.0193251760801124,56823,26144,82967,527646785.53125,3795832.0829141126,True,527646785.53125,216326081.62500006,280200300.75000006,225748021.56250006,471296636.2187501,1006566014.875,MISSING
development,B2-rank3-q1-r4-K2,ff8e17f270d298339d53b9f47b8fc13189a91c30105498e405a642bfe5bf29ec,0.02898951403462081,0.01016372648211009,True,0.007186839917625337,0.0009698292933906227,1.0554795598765143,0.013311842039557629,0.019528852663792343,55098,25601,80699,513222943.40625,3692068.572553979,True,513222943.40625,210412555.12500006,272540697.75000006,219576935.31250006,458413191.3437501,979050355.375,MISSING
development,B2-rank3-q1-r4-K2,ff8e17f270d298339d53b9f47b8fc13189a91c30105498e405a642bfe5bf29ec,0.029280446954935396,0.01016372648211009,True,0.007186839917625337,0.0009698292933906227,1.0554795598765143,0.013517562680382476,0.01973457330461719,53433,25070,78503,499257001.03125,3591599.141887818,True,499257001.03125,204686759.62500006,265124256.75000006,213601756.56250006,445938744.7187501,952408208.875,MISSING
development,B2-rank3-q1-r4-K2,ff8e17f270d298339d53b9f47b8fc13189a91c30105498e405a642bfe5bf29ec,0.02957429961940374,0.01016372648211009,True,0.007186839917625337,0.0009698292933906227,1.0554795598765143,0.013725347892097776,0.01994235851633249,51828,24551,76379,485748958.40625,3494423.7909156294,True,485748958.40625,199148695.12500003,257950977.75000006,207822485.31250003,433873296.3437501,926639575.375,MISSING
development,B2-rank3-q1-r4-K2,ff8e17f270d298339d53b9f47b8fc13189a91c30105498e405a642bfe5bf29ec,0.029871101329989713,0.01016372648211009,True,0.007186839917625337,0.0009698292933906227,1.0554795598765143,0.013935218394320888,0.020152229018555602,50278,24042,74320,472654297.5,3400222.261889388,True,472654297.5,193780110.00000003,250997220.00000006,202220075.00000003,422177082.5000001,901659530.0,MISSING
development,B2-rank3-q1-r4-K2,ff8e17f270d298339d53b9f47b8fc13189a91c30105498e405a642bfe5bf29ec,0.030170881682725813,0.01016372648211009,True,0.007186839917625337,0.0009698292933906227,1.0554795598765143,0.014147195114607079,0.020364205738841793,48783,23544,72327,459979378.03125,3309040.305915955,True,459979378.03125,188583611.62500003,244266360.75000006,196797246.56250003,410855783.71875006,877480204.875,MISSING
development,B2-rank3-q1-r4-K2,ff8e17f270d298339d53b9f47b8fc13189a91c30105498e405a642bfe5bf29ec,0.03047367057066435,0.01016372648211009,True,0.007186839917625337,0.0009698292933906227,1.0554795598765143,0.014361299190536352,0.020578309814771066,47339,23057,70396,447698761.125,3220694.918567887,True,447698761.125,183548770.50000003,237744891.00000006,191543116.25000003,399886677.87500006,854053071.5,MISSING
development,B2-rank3-q1-r4-K2,ff8e17f270d298339d53b9f47b8fc13189a91c30105498e405a642bfe5bf29ec,0.03077949818685826,0.01016372648211009,True,0.007186839917625337,0.0009698292933906227,1.0554795598765143,0.01457755197182118,0.020794562596055895,45945,22580,68525,435799727.34375,3135094.597631463,True,435799727.34375,178670371.87500003,231426056.25000006,186452242.18750003,389258403.90625006,831353865.625,MISSING
development,B2-rank3-q1-r4-K2,ff8e17f270d298339d53b9f47b8fc13189a91c30105498e405a642bfe5bf29ec,0.031088395027371894,0.01016372648211009,True,0.007186839917625337,0.0009698292933906227,1.0554795598765143,0.014795975022435473,0.021012985646670188,44599,22113,66712,424269557.25,3052147.840892961,True,424269557.25,173943201.00000003,225303102.00000006,181519182.50000003,378959600.75000006,809358323.0,MISSING
development,B2-rank3-q1-r4-K2,ff8e17f270d298339d53b9f47b8fc13189a91c30105498e405a642bfe5bf29ec,0.03140039189432196,0.01016372648211009,True,0.007186839917625337,0.0009698292933906227,1.0554795598765143,0.015016590122764822,0.021233600746999537,43298,21655,64953,413082811.96875,2971671.643924938,True,413082811.96875,169356828.37500003,219362519.25000006,176733053.43750003,368967546.28125006,788017915.125,MISSING
development,B2-rank3-q1-r4-K2,ff8e17f270d298339d53b9f47b8fc13189a91c30105498e405a642bfe5bf29ec,0.031715519898949,0.01016372648211009,True,0.007186839917625337,0.0009698292933906227,1.0554795598765143,0.015239419271778389,0.021456429896013103,42041,21208,63249,402245851.21875,2893711.7578342557,True,402245851.21875,164913861.37500003,213607685.25000006,172096575.93750003,359287921.03125006,767344774.125,MISSING
development,B2-rank3-q1-r4-K2,ff8e17f270d298339d53b9f47b8fc13189a91c30105498e405a642bfe5bf29ec,0.03203381046471968,0.01016372648211009,True,0.007186839917625337,0.0009698292933906227,1.0554795598765143,0.015464484689222537,0.021681495313457252,40826,20770,61596,391733236.125,2818085.1781934705,True,391733236.125,160603870.50000003,208025091.00000006,167598866.25000003,349898002.87500006,747290371.5,MISSING
development,B2-rank3-q1-r4-K2,ff8e17f270d298339d53b9f47b8fc13189a91c30105498e405a642bfe5bf29ec,0.03235529533046026,0.01016372648211009,True,0.007186839917625337,0.0009698292933906227,1.0554795598765143,0.01569180881783655,0.021908819442071265,39652,20341,59993,381538606.96875,2744746.153895722,True,381538606.96875,156424248.37500003,202611359.25000003,163237203.43750003,340792111.28125006,727842575.125,MISSING
development,B2-rank3-q1-r4-K2,ff8e17f270d298339d53b9f47b8fc13189a91c30105498e405a642bfe5bf29ec,0.032680006553521476,0.01016372648211009,True,0.007186839917625337,0.0009698292933906227,1.0554795598765143,0.01592141432559051,0.022138424949825226,38517,19922,58439,371655604.03125,2673648.9338341486,True,371655604.03125,152372387.62500003,197363112.75000003,159008866.56250003,331964565.71875006,708989252.875,MISSING
development,B2-rank3-q1-r4-K2,ff8e17f270d298339d53b9f47b8fc13189a91c30105498e405a642bfe5bf29ec,0.03300797651297513,0.01016372648211009,True,0.007186839917625337,0.0009698292933906227,1.0554795598765143,0.016153324107945666,0.02237033473218038,37419,19511,56930,362058788.4375,2604610.5135813085,True,362058788.4375,148437858.75000003,192266842.50000003,154902971.87500003,323392644.06250006,690681876.25,MISSING
development,B2-rank3-q1-r4-K2,ff8e17f270d298339d53b9f47b8fc13189a91c30105498e405a642bfe5bf29ec,0.0333392379128429,0.01016372648211009,True,0.007186839917625337,0.0009698292933906227,1.0554795598765143,0.016387561290137513,0.022604571914372228,36356,19108,55464,352735440.75,2537539.3909234796,True,352735440.75,144615447.00000003,187315794.00000003,150914077.50000003,315064985.25000006,672896181.0,MISSING
development,B2-rank3-q1-r4-K2,ff8e17f270d298339d53b9f47b8fc13189a91c30105498e405a642bfe5bf29ec,0.03367382378535745,0.01016372648211009,True,0.007186839917625337,0.0009698292933906227,1.0554795598765143,0.01662414922948177,0.022841159853716486,35329,18715,54044,343704640.125,2472572.8191812444,True,343704640.125,140912974.50000003,182520099.00000003,147050346.25000003,306998630.87500006,655668563.5,MISSING
development,B2-rank3-q1-r4-K2,ff8e17f270d298339d53b9f47b8fc13189a91c30105498e405a642bfe5bf29ec,0.03401176749425622,0.01016372648211009,True,0.007186839917625337,0.0009698292933906227,1.0554795598765143,0.016863111517703422,0.023080122141938136,34335,18329,52664,334928228.25,2409436.2917134385,True,334928228.25,137314797.00000003,177859494.00000003,143295452.50000003,299159497.75000006,638926231.0,MISSING
development,B2-rank3-q1-r4-K2,ff8e17f270d298339d53b9f47b8fc13189a91c30105498e405a642bfe5bf29ec,0.03435310273810844,0.01016372648211009,True,0.007186839917625337,0.0009698292933906227,1.0554795598765143,0.017104471983289293,0.023321482607524008,33373,17952,51325,326412564.84375,2348175.559626922,True,326412564.84375,133823521.87500003,173337356.25000003,139652117.18750003,291553266.40625006,622681315.625,MISSING
development,B2-rank3-q1-r4-K2,ff8e17f270d298339d53b9f47b8fc13189a91c30105498e405a642bfe5bf29ec,0.034697863553675365,0.01016372648211009,True,0.007186839917625337,0.0009698292933906227,1.0554795598765143,0.01734825469386407,0.023565265318098785,32441,17582,50023,318132211.03125,2288607.6184942527,True,318132211.03125,130428719.62500003,168940176.75000003,136109456.56250003,284157214.71875006,606885288.875,MISSING
development,B2-rank3-q1-r4-K2,ff8e17f270d298339d53b9f47b8fc13189a91c30105498e405a642bfe5bf29ec,0.03504608431930436,0.01016372648211009,True,0.007186839917625337,0.0009698292933906227,1.0554795598765143,0.017594483958590302,0.023811494582825016,31540,17220,48760,310099886.25,2230823.9705291516,True,310099886.25,127135605.00000003,164674710.00000003,132672912.50000003,276982703.75000006,591562415.0,MISSING
development,B2-rank3-q1-r4-K2,ff8e17f270d298339d53b9f47b8fc13189a91c30105498e405a642bfe5bf29ec,0.03539779975835689,0.01016372648211009,True,0.007186839917625337,0.0009698292933906227,1.0554795598765143,0.017843184330592354,0.024060194954827068,30667,16866,47533,302296511.34375,2174687.362411037,True,302296511.34375,123936355.87500003,160530824.25000003,129334322.18750003,270012691.90625006,576676297.625,MISSING
development,B2-rank3-q1-r4-K2,ff8e17f270d298339d53b9f47b8fc13189a91c30105498e405a642bfe5bf29ec,0.03575304494267115,0.01016372648211009,True,0.007186839917625337,0.0009698292933906227,1.0554795598765143,0.01809438060940483,0.024311391233639543,29821,16520,46341,294715726.59375,2120152.043033048,True,294715726.59375,120828364.87500003,156505142.25000003,126090964.68750003,263241498.65625006,562214804.625,MISSING
development,B2-rank3-q1-r4-K2,ff8e17f270d298339d53b9f47b8fc13189a91c30105498e405a642bfe5bf29ec,0.036111855296059196,0.01016372648211009,True,0.007186839917625337,0.0009698292933906227,1.0554795598765143,0.01834809784344546,0.024565108467680175,29002,16180,45182,287344812.5625,2067126.510181463,True,287344812.5625,117806417.25000003,152590909.50000003,122937398.12500003,256657762.93750006,548153671.75,MISSING
development,B2-rank3-q1-r4-K2,ff8e17f270d298339d53b9f47b8fc13189a91c30105498e405a642bfe5bf29ec,0.036474266597839325,0.01016372648211009,True,0.007186839917625337,0.0009698292933906227,1.0554795598765143,0.018604361332512833,0.024821371956747548,28209,15848,44057,280190128.96875,2015656.5149631426,True,280190128.96875,114873120.37500003,148791503.25000003,119876343.43750003,250267165.28125006,534505031.125,MISSING
development,B2-rank3-q1-r4-K2,ff8e17f270d298339d53b9f47b8fc13189a91c30105498e405a642bfe5bf29ec,0.03684031498640387,0.01016372648211009,True,0.007186839917625337,0.0009698292933906227,1.0554795598765143,0.018863196630309227,0.02508020725454394,27440,15522,42962,273226236.9375,1965559.0529506444,True,273226236.9375,112018044.75000003,145093414.50000003,116896916.87500003,244046983.56250006,521220354.25,MISSING
development,B2-rank3-q1-r4-K2,ff8e17f270d298339d53b9f47b8fc13189a91c30105498e405a642bfe5bf29ec,0.037210036962822775,0.01016372648211009,True,0.007186839917625337,0.0009698292933906227,1.0554795598765143,0.01912462954698873,0.025341640171223444,26695,15204,41899,266465855.90625,1916925.626357689,True,266465855.90625,109246405.12500003,141503397.75000003,114004560.31250003,238008578.84375006,508323905.375,MISSING
development,B2-rank3-q1-r4-K2,ff8e17f270d298339d53b9f47b8fc13189a91c30105498e405a642bfe5bf29ec,0.03758346939448338,0.01016372648211009,True,0.007186839917625337,0.0009698292933906227,1.0554795598765143,0.019388686151730925,0.02560569677596564,25973,14892,40865,259889906.71875,1869618.9818636954,True,259889906.71875,106550379.37500003,138011321.25000003,111191110.93750003,232134909.53125006,495779288.125,MISSING
development,B2-rank3-q1-r4-K2,ff8e17f270d298339d53b9f47b8fc13189a91c30105498e405a642bfe5bf29ec,0.03796064951876668,0.01016372648211009,True,0.007186839917625337,0.0009698292933906227,1.0554795598765143,0.019655392775340435,0.02587240339957515,25273,14586,39859,253492029.65625,1823593.3683618018,True,253492029.65625,103927360.12500003,134613807.75000003,108453847.81250003,226420295.09375006,483574370.375,MISSING
development,B2-rank3-q1-r4-K2,ff8e17f270d298339d53b9f47b8fc13189a91c30105498e405a642bfe5bf29ec,0.03834161494676055,0.01016372648211009,True,0.007186839917625337,0.0009698292933906227,1.0554795598765143,0.01992477601287253,0.026141786637107246,24594,14287,38881,247272224.71875,1778848.7858520087,True,247272224.71875,101377347.37500003,131310857.25000003,105792770.93750003,220864735.53125006,471709152.125,MISSING
development,B2-rank3-q1-r4-K2,ff8e17f270d298339d53b9f47b8fc13189a91c30105498e405a642bfe5bf29ec,0.0387264036670101,0.01016372648211009,True,0.007186839917625337,0.0009698292933906227,1.0554795598765143,0.020196862726285084,0.026413873350519798,23936,13994,37930,241224132.1875,1735339.4832274553,True,241224132.1875,98897733.75000001,128099092.50000003,103205159.37500001,215462550.31250006,460171501.25,MISSING
development,B2-rank3-q1-r4-K2,ff8e17f270d298339d53b9f47b8fc13189a91c30105498e405a642bfe5bf29ec,0.039115054049305896,0.01016372648211009,True,0.007186839917625337,0.0009698292933906227,1.0554795598765143,0.020471680047117184,0.0266886906713519,23297,13708,37005,235341392.34375,1693019.7093812812,True,235341392.34375,96485911.87500001,124975136.25000003,100688292.18750001,210208058.90625003,448949285.625,MISSING
development,B2-rank3-q1-r4-K2,ff8e17f270d298339d53b9f47b8fc13189a91c30105498e405a642bfe5bf29ec,0.03950760484850994,0.01016372648211009,True,0.007186839917625337,0.0009698292933906227,1.0554795598765143,0.020749255379194562,0.026966266003429277,22678,13427,36105,229617645.46875,1651843.7132066248,True,229617645.46875,94139274.37500001,121935611.25000003,98239448.43750001,205095580.78125003,438030373.125,MISSING
development,B2-rank3-q1-r4-K2,ff8e17f270d298339d53b9f47b8fc13189a91c30105498e405a642bfe5bf29ec,0.039904095208420254,0.01016372648211009,True,0.007186839917625337,0.0009698292933906227,1.0554795598765143,0.02102961640136224,0.027246627025596954,22078,13152,35230,224052891.5625,1611811.4947034868,True,224052891.5625,91857821.25000001,118980517.50000003,95858628.12500001,200125115.93750003,427414763.75,MISSING
development,B2-rank3-q1-r4-K2,ff8e17f270d298339d53b9f47b8fc13189a91c30105498e405a642bfe5bf29ec,0.040304564665674086,0.01016372648211009,True,0.007186839917625337,0.0009698292933906227,1.0554795598765143,0.021312791070244523,0.027529801694479238,21495,12883,34378,218634411.1875,1572831.5516581456,True,218634411.1875,89636337.75000001,116103100.50000003,93540389.37500001,195285303.31250003,417078193.25,MISSING
development,B2-rank3-q1-r4-K2,ff8e17f270d298339d53b9f47b8fc13189a91c30105498e405a642bfe5bf29ec,0.04070905315369044,0.01016372648211009,True,0.007186839917625337,0.0009698292933906227,1.0554795598765143,0.021598807623032776,0.02781581824726749,20929,12619,33548,213355844.625,1534858.1329637405,True,213355844.625,87472216.50000001,113299983.00000003,91282011.25000001,190570462.37500003,407008529.5,MISSING
development,B2-rank3-q1-r4-K2,ff8e17f270d298339d53b9f47b8fc13189a91c30105498e405a642bfe5bf29ec,0.04111760100665206,0.01016372648211009,True,0.007186839917625337,0.0009698292933906227,1.0554795598765143,0.021887694580301143,0.028104705204535858,20381,12361,32742,208229911.3125,1497982.7408339926,True,208229911.3125,85370672.25000001,110577919.50000003,89088935.62500001,185991954.18750003,397230036.75,MISSING
development,B2-rank3-q1-r4-K2,ff8e17f270d298339d53b9f47b8fc13189a91c30105498e405a642bfe5bf29ec,0.04153024896352739,0.01016372648211009,True,0.007186839917625337,0.0009698292933906227,1.0554795598765143,0.022179480748850466,0.02839649137308518,19848,12109,31957,203237532.09375,1462068.1219483204,True,203237532.09375,83323882.87500001,107926778.25000001,86952999.68750001,181532737.15625003,387706318.625,MISSING
development,B2-rank3-q1-r4-K2,ff8e17f270d298339d53b9f47b8fc13189a91c30105498e405a642bfe5bf29ec,0.041947038172132994,0.01016372648211009,True,0.007186839917625337,0.0009698292933906227,1.0554795598765143,0.022474195224580863,0.028691205848815578,19331,11861,31192,198372347.25,1427068.5251998627,True,198372347.25,81329241.00000001,105343182.00000001,84871482.50000001,177187130.75000003,378425243.0,MISSING
development,B2-rank3-q1-r4-K2,ff8e17f270d298339d53b9f47b8fc13189a91c30105498e405a642bfe5bf29ec,0.042368010193236626,0.01016372648211009,True,0.007186839917625337,0.0009698292933906227,1.0554795598765143,0.022771867395393046,0.02898887801962776,18829,11619,30448,193640716.5,1393029.7016954802,True,193640716.5,79389354.00000001,102830508.00000001,82847105.00000001,172960815.50000003,369398942.0,MISSING
development,B2-rank3-q1-r4-K2,ff8e17f270d298339d53b9f47b8fc13189a91c30105498e405a642bfe5bf29ec,0.04279320700470147,0.01016372648211009,True,0.007186839917625337,0.0009698292933906227,1.0554795598765143,0.023072526944118734,0.02928953756835345,18341,11381,29722,189023560.6875,1359814.398114591,True,189023560.6875,77496399.75000001,100378624.50000001,80871704.37500001,168836749.81250003,360591019.25,MISSING
development,B2-rank3-q1-r4-K2,ff8e17f270d298339d53b9f47b8fc13189a91c30105498e405a642bfe5bf29ec,0.04322267100567216,0.01016372648211009,True,0.007186839917625337,0.0009698292933906227,1.0554795598765143,0.023376203851480617,0.02959321447571533,17868,11149,29017,184539958.96875,1327559.867777777,True,184539958.96875,75658200.37500001,97997663.25000001,78953443.43750001,164831975.28125003,352037871.125,MISSING
development,B2-rank3-q1-r4-K2,ff8e17f270d298339d53b9f47b8fc13189a91c30105498e405a642bfe5bf29ec,0.04365644502080258,0.01016372648211009,True,0.007186839917625337,0.0009698292933906227,1.0554795598765143,0.02368292839908185,0.029899939023316564,17408,10922,28330,180170832.1875,1296128.857364456,True,180170832.1875,73866933.75000001,95677492.50000001,77084159.37500001,160929450.31250003,343703101.25,MISSING
development,B2-rank3-q1-r4-K2,ff8e17f270d298339d53b9f47b8fc13189a91c30105498e405a642bfe5bf29ec,0.04409457230452617,0.01016372648211009,True,0.007186839917625337,0.0009698292933906227,1.0554795598765143,0.023992731172425643,0.030209741796660357,16961,10699,27660,175909820.625,1265475.6157677674,True,175909820.625,72119992.50000001,93414735.00000001,75261131.25000001,157123494.37500003,335574577.5,MISSING
development,B2-rank3-q1-r4-K2,ff8e17f270d298339d53b9f47b8fc13189a91c30105498e405a642bfe5bf29ec,0.04453709654536917,0.01016372648211009,True,0.007186839917625337,0.0009698292933906227,1.0554795598765143,0.02430564306396516,0.030522653688199876,16527,10480,27007,171756924.28125,1235600.1429877111,True,171756924.28125,70417376.62500001,91209390.75000001,73484359.06250001,153414107.46875003,327652299.875,MISSING
development,B2-rank3-q1-r4-K2,ff8e17f270d298339d53b9f47b8fc13189a91c30105498e405a642bfe5bf29ec,0.044984061870307096,0.01016372648211009,True,0.007186839917625337,0.0009698292933906227,1.0554795598765143,0.02462169527618402,0.030838705900418734,16106,10267,26373,167724862.59375,1206593.9412380091,True,167724862.59375,68764300.87500001,89068214.25000001,71759284.68750001,149812650.65625003,319960532.625,MISSING
development,B2-rank3-q1-r4-K2,ff8e17f270d298339d53b9f47b8fc13189a91c30105498e405a642bfe5bf29ec,0.04543551284916487,0.01016372648211009,True,0.007186839917625337,0.0009698292933906227,1.0554795598765143,0.02494091932470765,0.031157929948942363,15696,10057,25753,163781836.96875,1178228.254984357,True,163781836.96875,67147728.37500001,86974319.25000001,70072303.43750001,146290721.28125003,312438615.125,MISSING
development,B2-rank3-q1-r4-K2,ff8e17f270d298339d53b9f47b8fc13189a91c30105498e405a642bfe5bf29ec,0.045891494499061165,0.01016372648211009,True,0.007186839917625337,0.0009698292933906227,1.0554795598765143,0.025263347041445956,0.03148035766568067,15298,9853,25151,159953286.28125,1150686.088654198,True,159953286.28125,65578088.625000015,84941214.75000001,68434299.06250001,142871041.46875003,305135075.875,MISSING
development,B2-rank3-q1-r4-K2,ff8e17f270d298339d53b9f47b8fc13189a91c30105498e405a642bfe5bf29ec,0.04635205228889744,0.01016372648211009,True,0.007186839917625337,0.0009698292933906227,1.0554795598765143,0.025589010577767468,0.03180602120200218,14911,9652,24563,156213771.65625,1123784.4378200893,True,156213771.65625,64044952.125000015,82955391.75000001,66834387.812500015,139530889.09375003,298001386.375,MISSING
development,B2-rank3-q1-r4-K2,ff8e17f270d298339d53b9f47b8fc13189a91c30105498e405a642bfe5bf29ec,0.04681723214389186,0.01016372648211009,True,0.007186839917625337,0.0009698292933906227,1.0554795598765143,0.025917942407705397,0.03213495303194011,14535,9455,23990,152569652.8125,1097569.0535888914,True,152569652.8125,62550926.250000015,81020227.50000001,65275290.625000015,136275944.68750003,291049678.75,MISSING
development,B2-rank3-q1-r4-K2,ff8e17f270d298339d53b9f47b8fc13189a91c30105498e405a642bfe5bf29ec,0.047287080450158794,0.01016372648211009,True,0.007186839917625337,0.0009698292933906227,1.0554795598765143,0.026250175331195766,0.03246718595543048,14170,9263,23433,149027289.46875,1072085.6870674654,True,149027289.46875,61098618.375000015,79139099.25000001,63759728.437500015,133111888.78125003,284292085.125,MISSING
development,B2-rank3-q1-r4-K2,ff8e17f270d298339d53b9f47b8fc13189a91c30105498e405a642bfe5bf29ec,0.04776164405933436,0.01016372648211009,True,0.007186839917625337,0.0009698292933906227,1.0554795598765143,0.02658574247734817,0.032802753101582885,13814,9074,22888,145561242.75,1047151.333828368,True,145561242.75,59677599.000000015,77298498.00000001,62276817.500000015,130015999.25000003,277680077.0,MISSING
development,B2-rank3-q1-r4-K2,ff8e17f270d298339d53b9f47b8fc13189a91c30105498e405a642bfe5bf29ec,0.048240970293248225,0.01016372648211009,True,0.007186839917625337,0.0009698292933906227,1.0554795598765143,0.02692467730774927,0.033141687931983986,13469,8890,22359,142196951.53125,1022948.9982990423,True,142196951.53125,58298297.625000015,75511932.75000001,60837441.562500015,127010998.21875003,271262182.875,MISSING
development,B2-rank3-q1-r4-K2,ff8e17f270d298339d53b9f47b8fc13189a91c30105498e405a642bfe5bf29ec,0.048725106948642405,0.01016372648211009,True,0.007186839917625337,0.0009698292933906227,1.0554795598765143,0.02726701361979947,0.03348402424403418,13132,8709,21841,138902617.21875,999249.9249451846,True,138902617.21875,56947677.375000015,73762517.25000001,59427995.937500015,124068483.03125003,264977742.125,MISSING
development,B2-rank3-q1-r4-K2,ff8e17f270d298339d53b9f47b8fc13189a91c30105498e405a642bfe5bf29ec,0.04921410230193737,0.01016372648211009,True,0.007186839917625337,0.0009698292933906227,1.0554795598765143,0.02761278555008305,0.033829796174317764,12806,8532,21338,135703678.6875,976237.1181942379,True,135703678.6875,55636167.750000015,72063760.50000001,58059364.375000015,121211175.81250003,258875283.25,MISSING
development,B2-rank3-q1-r4-K2,ff8e17f270d298339d53b9f47b8fc13189a91c30105498e405a642bfe5bf29ec,0.049708005114046064,0.01016372648211009,True,0.007186839917625337,0.0009698292933906227,1.0554795598765143,0.027962027577772212,0.03417903820200693,12488,8358,20846,132574697.0625,953727.5736187592,True,132574697.0625,54353339.250000015,70402153.50000001,56720663.125000015,118416354.43750003,252906277.75,MISSING
development,B2-rank3-q1-r4-K2,ff8e17f270d298339d53b9f47b8fc13189a91c30105498e405a642bfe5bf29ec,0.05,0.01016372648211009,True,0.007186839917625337,0.0009698292933906227,1.0554795598765143,0.02816849914170204,0.03438550976593675,12305,8258,20563,130774896.65625,940780.0103771728,True,130774896.65625,53615452.125000015,69446391.75000001,55950637.812500015,116808764.09375003,249472886.375,MISSING
development,B2-rank3-q1-r4-K2,ff8e17f270d298339d53b9f47b8fc13189a91c30105498e405a642bfe5bf29ec,0.05020686463523607,0.01016372648211009,True,0.007186839917625337,0.0009698292933906227,1.0554795598765143,0.02831477452806514,0.034531785152299856,12179,8188,20367,129528391.78125,931812.79343247,True,129528391.78125,53104406.62500001,68784450.75000001,55417334.06250001,115695379.96875003,247094989.875,MISSING
development,B2-rank3-q1-r4-K2,ff8e17f270d298339d53b9f47b8fc13189a91c30105498e405a642bfe5bf29ec,0.05071073061004074,0.01016372648211009,True,0.007186839917625337,0.0009698292933906227,1.0554795598765143,0.0286710615756587,0.03488807219989341,11878,8022,19900,126558403.125,910447.0265285095,True,126558403.125,51886762.50000001,67207275.00000001,54146656.25000001,113042571.87500003,241429287.5,MISSING
development,B2-rank3-q1-r4-K2,ff8e17f270d298339d53b9f47b8fc13189a91c30105498e405a642bfe5bf29ec,0.051219653282219585,0.01016372648211009,True,0.007186839917625337,0.0009698292933906227,1.0554795598765143,0.029030924248255936,0.03524793487249065,11585,7859,19444,123658371.375,889584.521800017,True,123658371.375,50697799.50000001,65667249.000000015,52905908.75000001,110452249.62500001,235897038.5,MISSING
development,B2-rank3-q1-r4-K2,ff8e17f270d298339d53b9f47b8fc13189a91c30105498e405a642bfe5bf29ec,0.051733683399768325,0.01016372648211009,True,0.007186839917625337,0.0009698292933906227,1.0554795598765143,0.02939439843010877,0.035611409054343485,11300,7699,18999,120828296.53125,869225.2792469925,True,120828296.53125,49537517.62500001,64164372.750000015,51695091.56250001,107924413.21875001,230498242.875,MISSING
development,B2-rank3-q1-r4-K2,ff8e17f270d298339d53b9f47b8fc13189a91c30105498e405a642bfe5bf29ec,0.05225287221997931,0.01016372648211009,True,0.007186839917625337,0.0009698292933906227,1.0554795598765143,0.0297615203655962,0.03597853098983091,11023,7543,18566,118074538.3125,849415.0499762967,True,118074538.3125,48408524.25000001,62702023.500000015,50516925.62500001,105464743.18750001,225245032.75,MISSING
development,B2-rank3-q1-r4-K2,ff8e17f270d298339d53b9f47b8fc13189a91c30105498e405a642bfe5bf29ec,0.052777271514552804,0.01016372648211009,True,0.007186839917625337,0.0009698292933906227,1.0554795598765143,0.030132326662838556,0.03634933728707327,10754,7390,18144,115390737.0,830108.082881069,True,115390737.0,47308212.00000001,61276824.000000015,49368690.00000001,103067559.00000001,220125276.0,MISSING
development,B2-rank3-q1-r4-K2,ff8e17f270d298339d53b9f47b8fc13189a91c30105498e405a642bfe5bf29ec,0.05330693357475939,0.01016372648211009,True,0.007186839917625337,0.0009698292933906227,1.0554795598765143,0.03050685429734787,0.03672386492158258,10491,7240,17731,112764173.15625,811212.875747588,True,112764173.15625,46231366.12500001,59882019.750000015,48244942.81250001,100721499.59375001,215114708.375,MISSING
development,B2-rank3-q1-r4-K2,ff8e17f270d298339d53b9f47b8fc13189a91c30105498e405a642bfe5bf29ec,0.05384191121665428,0.01016372648211009,True,0.007186839917625337,0.0009698292933906227,1.0554795598765143,0.030885140615714936,0.03710215123994965,10236,7093,17329,110207566.21875,792820.9307895749,True,110207566.21875,45183201.37500001,58524365.250000015,47151125.93750001,98437926.03125001,210237594.125,MISSING
development,B2-rank3-q1-r4-K2,ff8e17f270d298339d53b9f47b8fc13189a91c30105498e405a642bfe5bf29ec,0.05438225778634401,0.01016372648211009,True,0.007186839917625337,0.0009698292933906227,1.0554795598765143,0.03126722333933343,0.03748423396356815,9987,6949,16936,107708196.75,774840.7457933084,True,107708196.75,44158503.00000001,57197106.000000015,46081797.50000001,96205477.25000001,205469669.0,MISSING
development,B2-rank3-q1-r4-K2,ff8e17f270d298339d53b9f47b8fc13189a91c30105498e405a642bfe5bf29ec,0.0549280271653059,0.01016372648211009,True,0.007186839917625337,0.0009698292933906227,1.0554795598765143,0.031653140568161355,0.03787015119239607,9745,6808,16553,105272424.46875,757318.0718656491,True,105272424.46875,43159878.37500001,55903619.25000001,45039678.43750001,94029833.78125001,200823065.125,MISSING
development,B2-rank3-q1-r4-K2,ff8e17f270d298339d53b9f47b8fc13189a91c30105498e405a642bfe5bf29ec,0.055479273775760854,0.01016372648211009,True,0.007186839917625337,0.0009698292933906227,1.0554795598765143,0.032042930784520154,0.03825994140875487,9510,6670,16180,102900249.375,740252.9090065971,True,102900249.375,42187327.50000001,54643905.00000001,44024768.75000001,91910995.62500001,196297782.5,MISSING
development,B2-rank3-q1-r4-K2,ff8e17f270d298339d53b9f47b8fc13189a91c30105498e405a642bfe5bf29ec,0.05603605258610028,0.01016372648211009,True,0.007186839917625337,0.0009698292933906227,1.0554795598765143,0.03243663285693214,0.03865364348116686,9280,6535,15815,100578952.03125,723553.755002431,True,100578952.03125,41235635.62500001,53411208.75000001,43031626.56250001,89837601.71875001,191869556.875,MISSING
development,B2-rank3-q1-r4-K2,ff8e17f270d298339d53b9f47b8fc13189a91c30105498e405a642bfe5bf29ec,0.05659841911636728,0.01016372648211009,True,0.007186839917625337,0.0009698292933906227,1.0554795598765143,0.03283428604399629,0.039051296668231004,9057,6403,15460,98321251.875,707312.1120668722,True,98321251.875,40310017.50000001,52212285.00000001,42065693.75000001,87821013.12500001,187562652.5,MISSING
development,B2-rank3-q1-r4-K2,ff8e17f270d298339d53b9f47b8fc13189a91c30105498e405a642bfe5bf29ec,0.05716642944379286,0.01016372648211009,True,0.007186839917625337,0.0009698292933906227,1.0554795598765143,0.03323592999830291,0.039452940622537624,8839,6273,15112,96108069.75,691390.7268793384,True,96108069.75,39402651.00000001,51037002.00000001,41118807.50000001,85844188.25000001,183340673.0,MISSING
development,B2-rank3-q1-r4-K2,ff8e17f270d298339d53b9f47b8fc13189a91c30105498e405a642bfe5bf29ec,0.05774014020838788,0.01016372648211009,True,0.007186839917625337,0.0009698292933906227,1.0554795598765143,0.03364160477038776,0.039858615394622474,8627,6146,14773,93952125.09375,675881.1016535512,True,93952125.09375,38518750.87500001,49892114.25000001,40196409.68750001,83918488.15625001,179227882.625,MISSING
development,B2-rank3-q1-r4-K2,ff8e17f270d298339d53b9f47b8fc13189a91c30105498e405a642bfe5bf29ec,0.058319608618590896,0.01016372648211009,True,0.007186839917625337,0.0009698292933906227,1.0554795598765143,0.0340513508127257,0.040268361436960415,8421,6022,14443,91853417.90625,660783.2363895106,True,91853417.90625,37658317.12500001,48777621.75000001,39298500.31250001,82043912.84375001,175224281.375,MISSING
development,B2-rank3-q1-r4-K2,ff8e17f270d298339d53b9f47b8fc13189a91c30105498e405a642bfe5bf29ec,0.058904892456972856,0.01016372648211009,True,0.007186839917625337,0.0009698292933906227,1.0554795598765143,0.03446520898376448,0.04068221960799919,8220,5900,14120,89799228.75,646005.6288734952,True,89799228.75,36816135.00000001,47686770.00000001,38419637.50000001,80209101.25000001,171305605.0,MISSING
development,B2-rank3-q1-r4-K2,ff8e17f270d298339d53b9f47b8fc13189a91c30105498e405a642bfe5bf29ec,0.0594960500859989,0.01016372648211009,True,0.007186839917625337,0.0009698292933906227,1.0554795598765143,0.03488322055199895,0.04110023117623367,8024,5780,13804,87789557.625,631548.2791055047,True,87789557.625,35992204.50000001,46619559.00000001,37559821.25000001,78414053.37500001,167471853.5,MISSING
development,B2-rank3-q1-r4-K2,ff8e17f270d298339d53b9f47b8fc13189a91c30105498e405a642bfe5bf29ec,0.06009314045384813,0.01016372648211009,True,0.007186839917625337,0.0009698292933906227,1.0554795598765143,0.035305427200086316,0.04152243782432103,7833,5663,13496,85830764.25,617456.9381924002,True,85830764.25,35189133.00000001,45579366.00000001,36721772.50000001,76664449.75000001,163735159.0,MISSING
development,B2-rank3-q1-r4-K2,ff8e17f270d298339d53b9f47b8fc13189a91c30105498e405a642bfe5bf29ec,0.06069622310029173,0.01016372648211009,True,0.007186839917625337,0.0009698292933906227,1.0554795598765143,0.035731871029002514,0.04194888165323723,7648,5549,13197,83929208.34375,603777.3572410421,True,83929208.34375,34409527.87500001,44569568.25000001,35908212.18750001,74965970.90625001,160107653.625,MISSING
development,B2-rank3-q1-r4-K2,ff8e17f270d298339d53b9f47b8fc13189a91c30105498e405a642bfe5bf29ec,0.06130535816262994,0.01016372648211009,True,0.007186839917625337,0.0009698292933906227,1.0554795598765143,0.03616259456224036,0.04237960518647507,7466,5437,12903,82059451.03125,590326.5318239877,True,82059451.03125,33642959.62500001,43576656.75000001,35108256.56250001,73295894.71875001,156540808.875,MISSING
development,B2-rank3-q1-r4-K2,ff8e17f270d298339d53b9f47b8fc13189a91c30105498e405a642bfe5bf29ec,0.061920606381688906,0.01016372648211009,True,0.007186839917625337,0.0009698292933906227,1.0554795598765143,0.0365976407500499,0.04281465137428461,7290,5327,12617,80240571.46875,577241.7152618192,True,80240571.46875,32897250.375000007,42610763.25000001,34330068.43750001,71671262.78125001,153071021.125,MISSING
development,B2-rank3-q1-r4-K2,ff8e17f270d298339d53b9f47b8fc13189a91c30105498e405a642bfe5bf29ec,0.06254202910787746,0.01016372648211009,True,0.007186839917625337,0.0009698292933906227,1.0554795598765143,0.03703705297372125,0.043254063597955965,7118,5219,12337,78459850.21875,564431.4053408151,True,78459850.21875,32167185.375000007,41665133.25000001,33568205.93750001,70080714.03125001,149674026.125,MISSING
development,B2-rank3-q1-r4-K2,ff8e17f270d298339d53b9f47b8fc13189a91c30105498e405a642bfe5bf29ec,0.06316968830730468,0.01016372648211009,True,0.007186839917625337,0.0009698292933906227,1.0554795598765143,0.037480875049910364,0.04369788567414508,6951,5114,12065,76730006.71875,551987.1042746968,True,76730006.71875,31457979.375000007,40746521.25000001,32828110.937500007,68535609.53125001,146374088.125,MISSING
development,B2-rank3-q1-r4-K2,ff8e17f270d298339d53b9f47b8fc13189a91c30105498e405a642bfe5bf29ec,0.06380364656795913,0.01016372648211009,True,0.007186839917625337,0.0009698292933906227,1.0554795598765143,0.03792915123500835,0.04414616185924306,6787,5010,11797,75025602.09375,539725.8076360214,True,75025602.09375,30759202.875000007,39841418.25000001,32098899.687500007,67013227.156250015,143122678.625,MISSING
development,B2-rank3-q1-r4-K2,ff8e17f270d298339d53b9f47b8fc13189a91c30105498e405a642bfe5bf29ec,0.06444396710594981,0.01016372648211009,True,0.007186839917625337,0.0009698292933906227,1.0554795598765143,0.03838192622955458,0.044598936853789295,6628,4909,11537,73372075.21875,527830.5198522318,True,73372075.21875,30081285.375000007,38963333.25000001,31391455.937500007,65536289.031250015,139968326.125,MISSING
development,B2-rank3-q1-r4-K2,ff8e17f270d298339d53b9f47b8fc13189a91c30105498e405a642bfe5bf29ec,0.06509071377180974,0.01016372648211009,True,0.007186839917625337,0.0009698292933906227,1.0554795598765143,0.038839245182693924,0.04505625580692864,6473,4810,11283,71756706.65625,516209.73870960664,True,71756706.65625,29419012.125000007,38105511.75000001,30700337.812500007,64093434.093750015,136886766.375,MISSING
development,B2-rank3-q1-r4-K2,ff8e17f270d298339d53b9f47b8fc13189a91c30105498e405a642bfe5bf29ec,0.06574395105686313,0.01016372648211009,True,0.007186839917625337,0.0009698292933906227,1.0554795598765143,0.03930115369667907,0.04551816432091378,6322,4713,11035,70179496.40625,504863.4642081458,True,70179496.40625,28772383.125000007,37267953.75000001,30025545.312500007,62684662.343750015,133877999.375,MISSING
development,B2-rank3-q1-r4-K2,ff8e17f270d298339d53b9f47b8fc13189a91c30105498e405a642bfe5bf29ec,0.06640374409965612,0.01016372648211009,True,0.007186839917625337,0.0009698292933906227,1.0554795598765143,0.039767697831417696,0.04598470845565241,6174,4618,10792,68634084.75,493745.9452409886,True,68634084.75,28138791.000000007,36447282.00000001,29364357.500000007,61304293.250000015,130929893.0,MISSING
development,B2-rank3-q1-r4-K2,ff8e17f270d298339d53b9f47b8fc13189a91c30105498e405a642bfe5bf29ec,0.06707015869245213,0.01016372648211009,True,0.007186839917625337,0.0009698292933906227,1.0554795598765143,0.040238924109065426,0.04645593473330014,6030,4524,10554,67120471.6875,482857.18180813506,True,67120471.6875,27518235.750000004,35643496.50000001,28716774.375000004,59952326.812500015,128042447.25,MISSING
development,B2-rank3-q1-r4-K2,ff8e17f270d298339d53b9f47b8fc13189a91c30105498e405a642bfe5bf29ec,0.06774326128779243,0.01016372648211009,True,0.007186839917625337,0.0009698292933906227,1.0554795598765143,0.040714879518664815,0.04693189014289953,5890,4433,10323,65651376.65625,472288.6761233067,True,65651376.65625,26915932.125000004,34863351.75000001,28088237.812500004,58640124.09375001,125239926.375,MISSING
development,B2-rank3-q1-r4-K2,ff8e17f270d298339d53b9f47b8fc13189a91c30105498e405a642bfe5bf29ec,0.06842311900512271,0.01016372648211009,True,0.007186839917625337,0.0009698292933906227,1.0554795598765143,0.041195611520831066,0.04741262214506578,5754,4344,10098,64220439.9375,461994.6770796426,True,64220439.9375,26329272.750000004,34103470.50000001,27476026.875000004,57362004.56250001,122510198.25,MISSING
development,B2-rank3-q1-r4-K2,ff8e17f270d298339d53b9f47b8fc13189a91c30105498e405a642bfe5bf29ec,0.06910979963748584,0.01016372648211009,True,0.007186839917625337,0.0009698292933906227,1.0554795598765143,0.0416811680524845,0.047898178676719215,5620,4256,9876,62808582.375,451837.93135656073,True,62808582.375,25750435.500000004,33353721.000000007,26871978.750000004,56100926.62500001,119816866.5,MISSING
development,B2-rank3-q1-r4-K2,ff8e17f270d298339d53b9f47b8fc13189a91c30105498e405a642bfe5bf29ec,0.06980337165828196,0.01016372648211009,True,0.007186839917625337,0.0009698292933906227,1.0554795598765143,0.042171597531630696,0.04838860815586541,5490,4170,9660,61434883.125,441955.6922746433,True,61434883.125,25187242.500000004,32624235.000000007,26284256.250000004,54873931.87500001,117196327.5,MISSING
development,B2-rank3-q1-r4-K2,ff8e17f270d298339d53b9f47b8fc13189a91c30105498e405a642bfe5bf29ec,0.07050390422809652,0.01016372648211009,True,0.007186839917625337,0.0009698292933906227,1.0554795598765143,0.04266694886218861,0.04888395948642332,5364,4086,9450,60099342.1875,432347.95983389014,True,60099342.1875,24639693.750000004,31915012.500000007,25712859.375000004,53681020.31250001,114648581.25,MISSING
development,B2-rank3-q1-r4-K2,ff8e17f270d298339d53b9f47b8fc13189a91c30105498e405a642bfe5bf29ec,0.07121146720159666,0.01016372648211009,True,0.007186839917625337,0.0009698292933906227,1.0554795598765143,0.043167271438867075,0.04938428206310179,5240,4004,9244,58789240.125,422923.23182057997,True,58789240.125,24102574.500000004,31219299.000000007,25152346.250000004,52510830.87500001,112149363.5,MISSING
development,B2-rank3-q1-r4-K2,ff8e17f270d298339d53b9f47b8fc13189a91c30105498e405a642bfe5bf29ec,0.07192613113449682,0.01016372648211009,True,0.007186839917625337,0.0009698292933906227,1.0554795598765143,0.04367261515209023,0.04988962577632494,5120,3923,9043,57510936.65625,413727.2593415734,True,57510936.65625,23578492.125000004,30540471.750000007,24605437.812500004,51369044.09375001,109710806.375,MISSING
development,B2-rank3-q1-r4-K2,ff8e17f270d298339d53b9f47b8fc13189a91c30105498e405a642bfe5bf29ec,0.07264796729059445,0.01016372648211009,True,0.007186839917625337,0.0009698292933906227,1.0554795598765143,0.044183030392972486,0.0504000410172072,5002,3844,8846,56258072.0625,404714.29129000974,True,56258072.0625,23064839.250000004,29875153.500000007,24069413.125000004,50249979.43750001,107320777.75,MISSING
development,B2-rank3-q1-r4-K2,ff8e17f270d298339d53b9f47b8fc13189a91c30105498e405a642bfe5bf29ec,0.07337704764887605,0.01016372648211009,True,0.007186839917625337,0.0009698292933906227,1.0554795598765143,0.04469856805834333,0.050915578682578046,4887,3767,8654,55037006.0625,395930.0787727498,True,55037006.0625,22564223.250000004,29226721.500000004,23546993.125000004,49159317.43750001,104991409.75,MISSING
development,B2-rank3-q1-r4-K2,ff8e17f270d298339d53b9f47b8fc13189a91c30105498e405a642bfe5bf29ec,0.07411344491069477,0.01016372648211009,True,0.007186839917625337,0.0009698292933906227,1.0554795598765143,0.04521927955582255,0.05143629018005726,4775,3691,8466,53841378.9375,387328.87068293267,True,53841378.9375,22074036.750000004,28591798.500000004,23035456.875000004,48091377.56250001,102710570.25,MISSING
development,B2-rank3-q1-r4-K2,ff8e17f270d298339d53b9f47b8fc13189a91c30105498e405a642bfe5bf29ec,0.07485723250701984,0.01016372648211009,True,0.007186839917625337,0.0009698292933906227,1.0554795598765143,0.04574521680894645,0.051962227433181164,4666,3617,8283,52677550.40625,378956.4181274193,True,52677550.40625,21596887.125000004,27973761.750000004,22537525.312500004,47051840.34375001,100490391.375,MISSING
development,B2-rank3-q1-r4-K2,ff8e17f270d298339d53b9f47b8fc13189a91c30105498e405a642bfe5bf29ec,0.07560848460575892,0.01016372648211009,True,0.007186839917625337,0.0009698292933906227,1.0554795598765143,0.04627643226234548,0.05249344288658019,4560,3544,8104,51539160.75,370766.96999934874,True,51539160.75,21130167.000000004,27369234.000000004,22050477.500000004,46035025.25000001,98318741.0,MISSING
development,B2-rank3-q1-r4-K2,ff8e17f270d298339d53b9f47b8fc13189a91c30105498e405a642bfe5bf29ec,0.07636727611915388,0.01016372648211009,True,0.007186839917625337,0.0009698292933906227,1.0554795598765143,0.04681297888697386,0.053029989511208575,4456,3472,7928,50419850.25,362714.77519186045,True,50419850.25,20671269.000000004,26774838.000000004,21571592.500000004,45035251.75000001,96183487.0,MISSING
development,B2-rank3-q1-r4-K2,ff8e17f270d298339d53b9f47b8fc13189a91c30105498e405a642bfe5bf29ec,0.07713368271125066,0.01016372648211009,True,0.007186839917625337,0.0009698292933906227,1.0554795598765143,0.04735491018539156,0.05357192080962628,4354,3402,7756,49325978.625,354845.584811815,True,49325978.625,20222800.500000004,26193951.000000004,21103591.250000004,44058200.37500001,94096761.5,MISSING
development,B2-rank3-q1-r4-K2,ff8e17f270d298339d53b9f47b8fc13189a91c30105498e405a642bfe5bf29ec,0.0779077808054444,0.01016372648211009,True,0.007186839917625337,0.0009698292933906227,1.0554795598765143,0.047902280197099543,0.05411929082133426,4255,3334,7589,48263905.59375,347205.1499660733,True,48263905.59375,19787368.875000004,25629950.250000004,20649194.687500004,43109551.65625001,92070696.625,MISSING
development,B2-rank3-q1-r4-K2,ff8e17f270d298339d53b9f47b8fc13189a91c30105498e405a642bfe5bf29ec,0.07868964759210002,0.01016372648211009,True,0.007186839917625337,0.0009698292933906227,1.0554795598765143,0.048455143503928266,0.05467215412816298,4159,3267,7426,47227271.4375,339747.7195477744,True,47227271.4375,19362366.750000004,25079458.500000004,20205681.875000004,42183625.06250001,90093160.25,MISSING
development,B2-rank3-q1-r4-K2,ff8e17f270d298339d53b9f47b8fc13189a91c30105498e405a642bfe5bf29ec,0.07947936103624934,0.01016372648211009,True,0.007186839917625337,0.0009698292933906227,1.0554795598765143,0.04901355523548043,0.05523056585971514,4065,3201,7266,46209716.4375,332427.54245005775,True,46209716.4375,18945186.750000004,24539098.500000004,19770331.875000004,41274740.06250001,88152020.25,MISSING
development,B2-rank3-q1-r4-K2,ff8e17f270d298339d53b9f47b8fc13189a91c30105498e405a642bfe5bf29ec,0.08027699988536555,0.01016372648211009,True,0.007186839917625337,0.0009698292933906227,1.0554795598765143,0.04957757107462833,0.05579458169886305,3973,3137,7110,45217600.3125,325290.369779784,True,45217600.3125,18538436.250000004,24012247.500000004,19345865.625000004,40388577.18750001,86259408.75,MISSING
development,B2-rank3-q1-r4-K2,ff8e17f270d298339d53b9f47b8fc13189a91c30105498e405a642bfe5bf29ec,0.08108264367721564,0.01016372648211009,True,0.007186839917625337,0.0009698292933906227,1.0554795598765143,0.05014724726306638,0.056364257887301095,3883,3074,6957,44244563.34375,318290.45043009246,True,44244563.34375,18139507.875000004,23495528.250000004,18929562.187500004,39519455.90625001,84403193.625,MISSING
development,B2-rank3-q1-r4-K2,ff8e17f270d298339d53b9f47b8fc13189a91c30105498e405a642bfe5bf29ec,0.08189637274779153,0.01016372648211009,True,0.007186839917625337,0.0009698292933906227,1.0554795598765143,0.05072264060691922,0.05693965123115394,3795,3012,6807,43290605.53125,311427.7844009831,True,43290605.53125,17748401.625000004,22988940.750000004,18521421.562500004,38667376.21875001,82583374.875,MISSING
development,B2-rank3-q1-r4-K2,ff8e17f270d298339d53b9f47b8fc13189a91c30105498e405a642bfe5bf29ec,0.08271826823932106,0.01016372648211009,True,0.007186839917625337,0.0009698292933906227,1.0554795598765143,0.0513038084824064,0.05752081910664111,3710,2951,6661,42362086.59375,304748.12279931665,True,42362086.59375,17367724.875000004,22495862.250000004,18124164.687500004,37838018.65625001,80812084.625,MISSING
development,B2-rank3-q1-r4-K2,ff8e17f270d298339d53b9f47b8fc13189a91c30105498e405a642bfe5bf29ec,0.08354841210835902,0.01016372648211009,True,0.007186839917625337,0.0009698292933906227,1.0554795598765143,0.05189080884156358,0.058107819465798294,3626,2892,6518,41452646.8125,298205.7145182324,True,41452646.8125,16994870.250000004,22012915.500000004,17735070.625000004,37025702.68750001,79077190.75,MISSING
development,B2-rank3-q1-r4-K2,ff8e17f270d298339d53b9f47b8fc13189a91c30105498e405a642bfe5bf29ec,0.08438688713395978,0.01016372648211009,True,0.007186839917625337,0.0009698292933906227,1.0554795598765143,0.05248370021802144,0.05870071084225616,3545,2834,6379,40568645.90625,291846.31066459103,True,40568645.90625,16632445.125000004,21543477.750000004,17356860.312500004,36236108.84375001,77390825.375,MISSING
development,B2-rank3-q1-r4-K2,ff8e17f270d298339d53b9f47b8fc13189a91c30105498e405a642bfe5bf29ec,0.08523377692593145,0.01016372648211009,True,0.007186839917625337,0.0009698292933906227,1.0554795598765143,0.05308254173284228,0.05929955235707699,3465,2777,6242,39697364.4375,285578.4090246711,True,39697364.4375,16275234.750000004,21080794.500000004,16984091.875000004,35457876.06250001,75728724.25,MISSING
development,B2-rank3-q1-r4-K2,ff8e17f270d298339d53b9f47b8fc13189a91c30105498e405a642bfe5bf29ec,0.08608916593317346,0.01016372648211009,True,0.007186839917625337,0.0009698292933906227,1.0554795598765143,0.05368739310041553,0.059904403724650244,3388,2721,6109,38851521.84375,279493.5118121942,True,38851521.84375,15928453.875000004,20631620.250000004,16622207.187500004,34702365.40625001,74115151.625,MISSING
development,B2-rank3-q1-r4-K2,ff8e17f270d298339d53b9f47b8fc13189a91c30105498e405a642bfe5bf29ec,0.08695313945209739,0.01016372648211009,True,0.007186839917625337,0.0009698292933906227,1.0554795598765143,0.05429831463441224,0.06051532525864695,3312,2667,5979,38024758.40625,273545.8679202994,True,38024758.40625,15589495.125000004,20192577.750000004,16268485.312500004,33963896.34375001,72537975.375,MISSING
development,B2-rank3-q1-r4-K2,ff8e17f270d298339d53b9f47b8fc13189a91c30105498e405a642bfe5bf29ec,0.08782578363513226,0.01016372648211009,True,0.007186839917625337,0.0009698292933906227,1.0554795598765143,0.05491536725379919,0.061132377878033904,3238,2613,5851,37210714.40625,267689.7262421261,True,37210714.40625,15255751.125000004,19760289.750000004,15920205.312500004,33236788.343750007,70985063.375,MISSING
development,B2-rank3-q1-r4-K2,ff8e17f270d298339d53b9f47b8fc13189a91c30105498e405a642bfe5bf29ec,0.08870718549931567,0.01016372648211009,True,0.007186839917625337,0.0009698292933906227,1.0554795598765143,0.055538612488913744,0.06175562311314846,3166,2561,5727,36422109.28125,262016.58899139566,True,36422109.28125,14932436.625000004,19341510.750000004,15582809.062500004,32532402.468750007,69480679.875,MISSING
development,B2-rank3-q1-r4-K2,ff8e17f270d298339d53b9f47b8fc13189a91c30105498e405a642bfe5bf29ec,0.0895974329349706,0.01016372648211009,True,0.007186839917625337,0.0009698292933906227,1.0554795598765143,0.05616811248759929,0.062385123111834,3095,2509,5604,35639863.875,256389.20284752597,True,35639863.875,14611729.500000004,18926109.000000004,15248133.750000004,31833697.125000007,67988428.5,MISSING
development,B2-rank3-q1-r4-K2,ff8e17f270d298339d53b9f47b8fc13189a91c30105498e405a642bfe5bf29ec,0.09049661471446958,0.01016372648211009,True,0.007186839917625337,0.0009698292933906227,1.0554795598765143,0.056803930021402396,0.06302094064563711,3026,2459,5485,34883057.34375,250944.8211310992,True,34883057.34375,14301451.875000002,18524216.250000004,14924342.187500002,31157713.906250007,66544705.625,MISSING
development,B2-rank3-q1-r4-K2,ff8e17f270d298339d53b9f47b8fc13189a91c30105498e405a642bfe5bf29ec,0.09140482050108682,0.01016372648211009,True,0.007186839917625337,0.0009698292933906227,1.0554795598765143,0.05744612849183231,0.06366313911606702,2959,2409,5368,34138970.25,245591.9416283939,True,34138970.25,13996389.000000002,18129078.000000004,14605992.500000002,30493091.750000007,65125247.0,MISSING
development,B2-rank3-q1-r4-K2,ff8e17f270d298339d53b9f47b8fc13189a91c30105498e405a642bfe5bf29ec,0.09232214085793909,0.01016372648211009,True,0.007186839917625337,0.0009698292933906227,1.0554795598765143,0.05809477193668301,0.06431178256091773,2893,2361,5254,33413962.3125,240376.31544627078,True,33413962.3125,13699148.250000002,17744071.500000004,14295805.625000002,29845511.187500004,63742184.75,MISSING
development,B2-rank3-q1-r4-K2,ff8e17f270d298339d53b9f47b8fc13189a91c30105498e405a642bfe5bf29ec,0.09324866725701628,0.01016372648211009,True,0.007186839917625337,0.0009698292933906227,1.0554795598765143,0.05874992503641885,0.06496693566065356,2829,2314,5143,32708033.53125,235297.94258472984,True,32708033.53125,13409729.625000002,17369196.750000004,13993781.562500002,29214972.218750004,62395518.875,MISSING
development,B2-rank3-q1-r4-K2,ff8e17f270d298339d53b9f47b8fc13189a91c30105498e405a642bfe5bf29ec,0.09418449208830276,0.01016372648211009,True,0.007186839917625337,0.0009698292933906227,1.0554795598765143,0.05941165312062427,0.06562866374485898,2767,2267,5034,32014824.1875,230311.0719369104,True,32014824.1875,13125525.750000002,17001076.500000004,13697199.375000002,28595794.312500004,61073117.25,MISSING
development,B2-rank3-q1-r4-K2,ff8e17f270d298339d53b9f47b8fc13189a91c30105498e405a642bfe5bf29ec,0.09512970866899023,0.01016372648211009,True,0.007186839917625337,0.0009698292933906227,1.0554795598765143,0.06008002217451834,0.06629703279875306,2705,2222,4927,31334334.28125,225415.70350281236,True,31334334.28125,12846536.625000002,16639710.750000004,13406059.062500002,27987977.468750004,59774979.875,MISSING
development,B2-rank3-q1-r4-K2,ff8e17f270d298339d53b9f47b8fc13189a91c30105498e405a642bfe5bf29ec,0.09608441125278289,0.01016372648211009,True,0.007186839917625337,0.0009698292933906227,1.0554795598765143,0.060755098845534455,0.06697210946976917,2646,2177,4823,30672923.53125,220657.58838929652,True,30672923.53125,12575369.625000002,16288476.750000004,13123081.562500002,27397202.218750004,58513238.875,MISSING
development,B2-rank3-q1-r4-K2,ff8e17f270d298339d53b9f47b8fc13189a91c30105498e405a642bfe5bf29ec,0.09704869503929602,0.01016372648211009,True,0.007186839917625337,0.0009698292933906227,1.0554795598765143,0.061436950449966124,0.06765396107420084,2587,2134,4721,30024232.21875,215990.97548950216,True,30024232.21875,12309417.375000002,15943997.250000004,12845545.937500002,26817788.031250004,57275762.125,MISSING
development,B2-rank3-q1-r4-K2,ff8e17f270d298339d53b9f47b8fc13189a91c30105498e405a642bfe5bf29ec,0.09802265618354915,0.01016372648211009,True,0.007186839917625337,0.0009698292933906227,1.0554795598765143,0.06212564497967972,0.06834265560391443,2530,2091,4621,29388260.34375,211415.86480342923,True,29388260.34375,12048679.875000002,15606272.250000004,12573452.187500002,26249734.906250004,56062549.625,MISSING
development,B2-rank3-q1-r4-K2,ff8e17f270d298339d53b9f47b8fc13189a91c30105498e405a642bfe5bf29ec,0.09900639180555423,0.01016372648211009,True,0.007186839917625337,0.0009698292933906227,1.0554795598765143,0.06282125110889429,0.069038261733129,2474,2049,4523,28765007.90625,206932.2563310778,True,28765007.90625,11793157.125000002,15275301.750000002,12306800.312500002,25693042.843750004,54873601.375,MISSING
development,B2-rank3-q1-r4-K2,ff8e17f270d298339d53b9f47b8fc13189a91c30105498e405a642bfe5bf29ec,0.1,0.01016372648211009,True,0.007186839917625337,0.0009698292933906227,1.0554795598765143,0.06352383820102941,0.06974084882526413,2420,2008,4428,28160834.625,202585.90117930854,True,28160834.625,11545456.500000002,14954463.000000002,12048311.250000002,25153392.375000004,53721049.5,MISSING
