input_R1_commit,original_result_sha256,analysis_script_sha256,analysis_classification,no_science_rerun,no_synthesis_rerun,no_new_candidates,R1_scientific_classification_unchanged,mandatory_STOP,context,x,sigma,controlled,epsilon,arm,E_T_rotation_keys,E_T_basis_keys,E_T_total,E_1Q_synthesized_keys,E_1Q_exact_Clifford_residual
24bfeb84a4ce87b56985d174dd98d1d5e1702a2b,f726ad70cb2643533f0d037b518cde1b702724adb4e6571fea25e26e4bfdd61e,b26c3bdea5a42988c0534d45bd092d0cc28e50535e08dc75b4692ed601799911,POSTHOC_ATTRIBUTION_DESIGN_INPUT,True,True,True,True,True,pauli_commuting,1/8,-1,False,1e-3,ordinary,38,0,38,6131453138038858170493867871991923661615087314066174890259292743859259131830732465794067250058936681662/63185780935605965758579739426144179531457492580716559691976347318966280956771693146666493376196710311,1459432371047695146979888593562948238226320242001160082552232351717927414326938340450435540713468897/252743123742423863034318957704576718125829970322866238767905389275865123827086772586665973504786841244
24bfeb84a4ce87b56985d174dd98d1d5e1702a2b,f726ad70cb2643533f0d037b518cde1b702724adb4e6571fea25e26e4bfdd61e,b26c3bdea5a42988c0534d45bd092d0cc28e50535e08dc75b4692ed601799911,POSTHOC_ATTRIBUTION_DESIGN_INPUT,True,True,True,True,True,pauli_commuting,1/8,-1,False,1e-3,PTSC_K0,7319265890876690105234283036697645499938359280645779171070278415356799782223410546465652423003456673144832/194167638579407717681625555181034546828944807986565034515120623244707890670806968253563831028313206866375,0,7319265890876690105234283036697645499938359280645779171070278415356799782223410546465652423003456673144832/194167638579407717681625555181034546828944807986565034515120623244707890670806968253563831028313206866375,18683389247764182637045406698938726670895285532174752094574131744463409970412390079136007500824613086711808/194167638579407717681625555181034546828944807986565034515120623244707890670806968253563831028313206866375,709252501689638000009856722180007354738521074124305686051663215305200759207050966037277872869342253329/116500583147644630608975333108620728097366884791939020709072373946824734402484180952138298616987924119825
24bfeb84a4ce87b56985d174dd98d1d5e1702a2b,f726ad70cb2643533f0d037b518cde1b702724adb4e6571fea25e26e4bfdd61e,b26c3bdea5a42988c0534d45bd092d0cc28e50535e08dc75b4692ed601799911,POSTHOC_ATTRIBUTION_DESIGN_INPUT,True,True,True,True,True,pauli_commuting,1/8,-1,False,1e-3,A,38,0,38,3637342382714241687518988142972387040230575671909051476991631964785855741045001374111180359894102812891626/36394059218415760030378756206221750287297003746685534696565978319951375909304458794160098139635926904747,846373470195715349543692004795854657844116366201989178989906472557008742076847878933955770689207602433/145576236873663040121515024824887001149188014986742138786263913279805503637217835176640392558543707618988
24bfeb84a4ce87b56985d174dd98d1d5e1702a2b,f726ad70cb2643533f0d037b518cde1b702724adb4e6571fea25e26e4bfdd61e,b26c3bdea5a42988c0534d45bd092d0cc28e50535e08dc75b4692ed601799911,POSTHOC_ATTRIBUTION_DESIGN_INPUT,True,True,True,True,True,pauli_commuting,1/8,-1,False,1e-3,CTS_collected,2680287973762530545992198113956259652925878471993789172638033549475579806653615526716573231080029128810/71080706727578135770361496976680975155177199515454597125896799216749325267000252578610437006888108951,0,2680287973762530545992198113956259652925878471993789172638033549475579806653615526716573231080029128810/71080706727578135770361496976680975155177199515454597125896799216749325267000252578610437006888108951,6700719934406326364980495284890649132314696179984472931595083873688949516634038816791433077700072822025/71080706727578135770361496976680975155177199515454597125896799216749325267000252578610437006888108951,410109510896814735819844167584554006003719268292477331829831988701866187349882985604408720691822592/71080706727578135770361496976680975155177199515454597125896799216749325267000252578610437006888108951
24bfeb84a4ce87b56985d174dd98d1d5e1702a2b,f726ad70cb2643533f0d037b518cde1b702724adb4e6571fea25e26e4bfdd61e,b26c3bdea5a42988c0534d45bd092d0cc28e50535e08dc75b4692ed601799911,POSTHOC_ATTRIBUTION_DESIGN_INPUT,True,True,True,True,True,pauli_commuting,1/8,-1,False,1e-4,ordinary,3283714698823446625916839932034746737984821187207926223872700417450622706533025459172723741507944310976/63185780935605965758579739426144179531457492580716559691976347318966280956771693146666493376196710311,0,3283714698823446625916839932034746737984821187207926223872700417450622706533025459172723741507944310976/63185780935605965758579739426144179531457492580716559691976347318966280956771693146666493376196710311,8210259701972648361556753089149242143787537181514482999736785865194368717942114940158776310797003090038/63185780935605965758579739426144179531457492580716559691976347318966280956771693146666493376196710311,1459432371047695146979888593562948238226320242001160082552232351717927414326938340450435540713468897/252743123742423863034318957704576718125829970322866238767905389275865123827086772586665973504786841244
24bfeb84a4ce87b56985d174dd98d1d5e1702a2b,f726ad70cb2643533f0d037b518cde1b702724adb4e6571fea25e26e4bfdd61e,b26c3bdea5a42988c0534d45bd092d0cc28e50535e08dc75b4692ed601799911,POSTHOC_ATTRIBUTION_DESIGN_INPUT,True,True,True,True,True,pauli_commuting,1/8,-1,False,1e-4,PTSC_K0,10015837534883891722952176787059935947284070594567908339359328357856673386200456537268787526215256500092928/194167638579407717681625555181034546828944807986565034515120623244707890670806968253563831028313206866375,0,10015837534883891722952176787059935947284070594567908339359328357856673386200456537268787526215256500092928/194167638579407717681625555181034546828944807986565034515120623244707890670806968253563831028313206866375,5007918767441945861476088393529967973642035297283954169679664178928336693100228268634393763107628250046464/38833527715881543536325111036206909365788961597313006903024124648941578134161393650712766205662641373275,709252501689638000009856722180007354738521074124305686051663215305200759207050966037277872869342253329/116500583147644630608975333108620728097366884791939020709072373946824734402484180952138298616987924119825
24bfeb84a4ce87b56985d174dd98d1d5e1702a2b,f726ad70cb2643533f0d037b518cde1b702724adb4e6571fea25e26e4bfdd61e,b26c3bdea5a42988c0534d45bd092d0cc28e50535e08dc75b4692ed601799911,POSTHOC_ATTRIBUTION_DESIGN_INPUT,True,True,True,True,True,pauli_commuting,1/8,-1,False,1e-4,A,48,0,48,4295624554569787492049540947415869073082387189068621453830221369322961548144532231513525828151306580714550/36394059218415760030378756206221750287297003746685534696565978319951375909304458794160098139635926904747,846373470195715349543692004795854657844116366201989178989906472557008742076847878933955770689207602433/145576236873663040121515024824887001149188014986742138786263913279805503637217835176640392558543707618988
24bfeb84a4ce87b56985d174dd98d1d5e1702a2b,f726ad70cb2643533f0d037b518cde1b702724adb4e6571fea25e26e4bfdd61e,b26c3bdea5a42988c0534d45bd092d0cc28e50535e08dc75b4692ed601799911,POSTHOC_ATTRIBUTION_DESIGN_INPUT,True,True,True,True,True,pauli_commuting,1/8,-1,False,1e-4,CTS_collected,3667762490411883905041955313834881630319623172202027288873098541387635524894421247085837053056881965740/71080706727578135770361496976680975155177199515454597125896799216749325267000252578610437006888108951,0,3667762490411883905041955313834881630319623172202027288873098541387635524894421247085837053056881965740/71080706727578135770361496976680975155177199515454597125896799216749325267000252578610437006888108951,9733677378400768824919035255946416634309769187766918574317069205990263508373656386497029102343263678310/71080706727578135770361496976680975155177199515454597125896799216749325267000252578610437006888108951,410109510896814735819844167584554006003719268292477331829831988701866187349882985604408720691822592/71080706727578135770361496976680975155177199515454597125896799216749325267000252578610437006888108951
24bfeb84a4ce87b56985d174dd98d1d5e1702a2b,f726ad70cb2643533f0d037b518cde1b702724adb4e6571fea25e26e4bfdd61e,b26c3bdea5a42988c0534d45bd092d0cc28e50535e08dc75b4692ed601799911,POSTHOC_ATTRIBUTION_DESIGN_INPUT,True,True,True,True,True,pauli_commuting,1/8,-1,False,1e-6,ordinary,4548403272449597737853087979620005627439455252316924857767262185397760277278010614333020566059020829794/63185780935605965758579739426144179531457492580716559691976347318966280956771693146666493376196710311,0,4548403272449597737853087979620005627439455252316924857767262185397760277278010614333020566059020829794/63185780935605965758579739426144179531457492580716559691976347318966280956771693146666493376196710311,11875034996237794375554377975865604556612071751196043461871414009694413013434873142665432926616412288076/63185780935605965758579739426144179531457492580716559691976347318966280956771693146666493376196710311,1459432371047695146979888593562948238226320242001160082552232351717927414326938340450435540713468897/252743123742423863034318957704576718125829970322866238767905389275865123827086772586665973504786841244
24bfeb84a4ce87b56985d174dd98d1d5e1702a2b,f726ad70cb2643533f0d037b518cde1b702724adb4e6571fea25e26e4bfdd61e,b26c3bdea5a42988c0534d45bd092d0cc28e50535e08dc75b4692ed601799911,POSTHOC_ATTRIBUTION_DESIGN_INPUT,True,True,True,True,True,pauli_commuting,1/8,-1,False,1e-6,PTSC_K0,13868082740608465462549167859006065157777943900170950008343685418570778534739093666987551959374970538590208/194167638579407717681625555181034546828944807986565034515120623244707890670806968253563831028313206866375,0,13868082740608465462549167859006065157777943900170950008343685418570778534739093666987551959374970538590208/194167638579407717681625555181034546828944807986565034515120623244707890670806968253563831028313206866375,36211104933810993152211716076293614578642409072668591688452956370712588396263189019356385671701311961874432/194167638579407717681625555181034546828944807986565034515120623244707890670806968253563831028313206866375,709252501689638000009856722180007354738521074124305686051663215305200759207050966037277872869342253329/116500583147644630608975333108620728097366884791939020709072373946824734402484180952138298616987924119825
24bfeb84a4ce87b56985d174dd98d1d5e1702a2b,f726ad70cb2643533f0d037b518cde1b702724adb4e6571fea25e26e4bfdd61e,b26c3bdea5a42988c0534d45bd092d0cc28e50535e08dc75b4692ed601799911,POSTHOC_ATTRIBUTION_DESIGN_INPUT,True,True,True,True,True,pauli_commuting,1/8,-1,False,1e-6,A,68,0,68,6404791639042809861114237234754176780973602285936789926777894220527092564614281700870860148738789532258270/36394059218415760030378756206221750287297003746685534696565978319951375909304458794160098139635926904747,846373470195715349543692004795854657844116366201989178989906472557008742076847878933955770689207602433/145576236873663040121515024824887001149188014986742138786263913279805503637217835176640392558543707618988
24bfeb84a4ce87b56985d174dd98d1d5e1702a2b,f726ad70cb2643533f0d037b518cde1b702724adb4e6571fea25e26e4bfdd61e,b26c3bdea5a42988c0534d45bd092d0cc28e50535e08dc75b4692ed601799911,POSTHOC_ATTRIBUTION_DESIGN_INPUT,True,True,True,True,True,pauli_commuting,1/8,-1,False,1e-6,CTS_collected,4655237007061237264091712513713503607713367872410265405108163533299691243135226967455100875033734802670/71080706727578135770361496976680975155177199515454597125896799216749325267000252578610437006888108951,0,4655237007061237264091712513713503607713367872410265405108163533299691243135226967455100875033734802670/71080706727578135770361496976680975155177199515454597125896799216749325267000252578610437006888108951,11779160305745857925807818027123562158911097495341126100803989546379521781872468235833361305009601697665/71080706727578135770361496976680975155177199515454597125896799216749325267000252578610437006888108951,410109510896814735819844167584554006003719268292477331829831988701866187349882985604408720691822592/71080706727578135770361496976680975155177199515454597125896799216749325267000252578610437006888108951
24bfeb84a4ce87b56985d174dd98d1d5e1702a2b,f726ad70cb2643533f0d037b518cde1b702724adb4e6571fea25e26e4bfdd61e,b26c3bdea5a42988c0534d45bd092d0cc28e50535e08dc75b4692ed601799911,POSTHOC_ATTRIBUTION_DESIGN_INPUT,True,True,True,True,True,pauli_commuting,1/8,-1,True,1e-3,ordinary,4553268047019756721676354274931882121566876319790262058042436293236820035325767075467855351194732392784/63185780935605965758579739426144179531457492580716559691976347318966280956771693146666493376196710311,0,4553268047019756721676354274931882121566876319790262058042436293236820035325767075467855351194732392784/63185780935605965758579739426144179531457492580716559691976347318966280956771693146666493376196710311,11762284803163027598742364123886570381105935754959954503257948817005847774055047847549637338244011243826/63185780935605965758579739426144179531457492580716559691976347318966280956771693146666493376196710311,2432387285079491911633147655938247063710533736668600137587053919529879023878230567417392567855781495/126371561871211931517159478852288359062914985161433119383952694637932561913543386293332986752393420622
24bfeb84a4ce87b56985d174dd98d1d5e1702a2b,f726ad70cb2643533f0d037b518cde1b702724adb4e6571fea25e26e4bfdd61e,b26c3bdea5a42988c0534d45bd092d0cc28e50535e08dc75b4692ed601799911,POSTHOC_ATTRIBUTION_DESIGN_INPUT,True,True,True,True,True,pauli_commuting,1/8,-1,True,1e-3,PTSC_K0,13868082740608465462549167859006065157777943900170950008343685418570778534739093666987551959374970538590208/194167638579407717681625555181034546828944807986565034515120623244707890670806968253563831028313206866375,0,13868082740608465462549167859006065157777943900170950008343685418570778534739093666987551959374970538590208/194167638579407717681625555181034546828944807986565034515120623244707890670806968253563831028313206866375,35825880413238535778252016969099001657593021742108287521554520664641177881409325306384509228385340558024704/194167638579407717681625555181034546828944807986565034515120623244707890670806968253563831028313206866375,11758659896433472105426571972984332460138638860481910058224942780059907323695844963249606839675937357823/582502915738223153044876665543103640486834423959695103545361869734123672012420904760691493084939620599125
24bfeb84a4ce87b56985d174dd98d1d5e1702a2b,f726ad70cb2643533f0d037b518cde1b702724adb4e6571fea25e26e4bfdd61e,b26c3bdea5a42988c0534d45bd092d0cc28e50535e08dc75b4692ed601799911,POSTHOC_ATTRIBUTION_DESIGN_INPUT,True,True,True,True,True,pauli_commuting,1/8,-1,True,1e-3,A,80,0,80,200,1410622450326192249239486674659757763073527277003315298316510787595014570128079798223259617815346004055/72788118436831520060757512412443500574594007493371069393131956639902751818608917588320196279271853809494
24bfeb84a4ce87b56985d174dd98d1d5e1702a2b,f726ad70cb2643533f0d037b518cde1b702724adb4e6571fea25e26e4bfdd61e,b26c3bdea5a42988c0534d45bd092d0cc28e50535e08dc75b4692ed601799911,POSTHOC_ATTRIBUTION_DESIGN_INPUT,True,True,True,True,True,pauli_commuting,1/8,-1,True,1e-3,CTS_collected,5360575947525061091984396227912519305851756943987578345276067098951159613307231053433146462160058257620/71080706727578135770361496976680975155177199515454597125896799216749325267000252578610437006888108951,0,5360575947525061091984396227912519305851756943987578345276067098951159613307231053433146462160058257620/71080706727578135770361496976680975155177199515454597125896799216749325267000252578610437006888108951,12907702610487976050436111969841987275932520009864826805072635251421871174147674773398234244411719225585/71080706727578135770361496976680975155177199515454597125896799216749325267000252578610437006888108951,1367031702989382452732813891948513353345730894308257772766106629006220624499609952014695735639408640/71080706727578135770361496976680975155177199515454597125896799216749325267000252578610437006888108951
24bfeb84a4ce87b56985d174dd98d1d5e1702a2b,f726ad70cb2643533f0d037b518cde1b702724adb4e6571fea25e26e4bfdd61e,b26c3bdea5a42988c0534d45bd092d0cc28e50535e08dc75b4692ed601799911,POSTHOC_ATTRIBUTION_DESIGN_INPUT,True,True,True,True,True,pauli_commuting,1/8,-1,True,1e-4,ordinary,6565483487818829658304373345944742878318673947426517567635331191765621509846948333891513568961603996756/63185780935605965758579739426144179531457492580716559691976347318966280956771693146666493376196710311,0,6565483487818829658304373345944742878318673947426517567635331191765621509846948333891513568961603996756/63185780935605965758579739426144179531457492580716559691976347318966280956771693146666493376196710311,17168046271118218547805277201726086154872237925556222875171904860970401339660425983580914014809801265230/63185780935605965758579739426144179531457492580716559691976347318966280956771693146666493376196710311,2432387285079491911633147655938247063710533736668600137587053919529879023878230567417392567855781495/126371561871211931517159478852288359062914985161433119383952694637932561913543386293332986752393420622
24bfeb84a4ce87b56985d174dd98d1d5e1702a2b,f726ad70cb2643533f0d037b518cde1b702724adb4e6571fea25e26e4bfdd61e,b26c3bdea5a42988c0534d45bd092d0cc28e50535e08dc75b4692ed601799911,POSTHOC_ATTRIBUTION_DESIGN_INPUT,True,True,True,True,True,pauli_commuting,1/8,-1,True,1e-4,PTSC_K0,20031675069767783445904353574119871894568141189135816678718656715713346772400913074537575052430513000185856/194167638579407717681625555181034546828944807986565034515120623244707890670806968253563831028313206866375,0,20031675069767783445904353574119871894568141189135816678718656715713346772400913074537575052430513000185856/194167638579407717681625555181034546828944807986565034515120623244707890670806968253563831028313206866375,52390534797854202858519078578467357262716676956201366698187256025711830020125464964175196290972110923563008/194167638579407717681625555181034546828944807986565034515120623244707890670806968253563831028313206866375,11758659896433472105426571972984332460138638860481910058224942780059907323695844963249606839675937357823/582502915738223153044876665543103640486834423959695103545361869734123672012420904760691493084939620599125
24bfeb84a4ce87b56985d174dd98d1d5e1702a2b,f726ad70cb2643533f0d037b518cde1b702724adb4e6571fea25e26e4bfdd61e,b26c3bdea5a42988c0534d45bd092d0cc28e50535e08dc75b4692ed601799911,POSTHOC_ATTRIBUTION_DESIGN_INPUT,True,True,True,True,True,pauli_commuting,1/8,-1,True,1e-4,A,92,0,92,236,1410622450326192249239486674659757763073527277003315298316510787595014570128079798223259617815346004055/72788118436831520060757512412443500574594007493371069393131956639902751818608917588320196279271853809494
24bfeb84a4ce87b56985d174dd98d1d5e1702a2b,f726ad70cb2643533f0d037b518cde1b702724adb4e6571fea25e26e4bfdd61e,b26c3bdea5a42988c0534d45bd092d0cc28e50535e08dc75b4692ed601799911,POSTHOC_ATTRIBUTION_DESIGN_INPUT,True,True,True,True,True,pauli_commuting,1/8,-1,True,1e-4,CTS_collected,6771253828452708747769763656310550702128535087142204225611874230254096353651239225389237636412705167520/71080706727578135770361496976680975155177199515454597125896799216749325267000252578610437006888108951,0,6771253828452708747769763656310550702128535087142204225611874230254096353651239225389237636412705167520/71080706727578135770361496976680975155177199515454597125896799216749325267000252578610437006888108951,16787066783039007103845872397936573615693659903540047975996104862504947210093697246277484973606498227810/71080706727578135770361496976680975155177199515454597125896799216749325267000252578610437006888108951,1367031702989382452732813891948513353345730894308257772766106629006220624499609952014695735639408640/71080706727578135770361496976680975155177199515454597125896799216749325267000252578610437006888108951
24bfeb84a4ce87b56985d174dd98d1d5e1702a2b,f726ad70cb2643533f0d037b518cde1b702724adb4e6571fea25e26e4bfdd61e,b26c3bdea5a42988c0534d45bd092d0cc28e50535e08dc75b4692ed601799911,POSTHOC_ATTRIBUTION_DESIGN_INPUT,True,True,True,True,True,pauli_commuting,1/8,-1,True,1e-6,ordinary,136,0,136,22238962502048220455108435130346812948009326854675560411438087202356601017759757757059188275853386247977/63185780935605965758579739426144179531457492580716559691976347318966280956771693146666493376196710311,2432387285079491911633147655938247063710533736668600137587053919529879023878230567417392567855781495/126371561871211931517159478852288359062914985161433119383952694637932561913543386293332986752393420622
24bfeb84a4ce87b56985d174dd98d1d5e1702a2b,f726ad70cb2643533f0d037b518cde1b702724adb4e6571fea25e26e4bfdd61e,b26c3bdea5a42988c0534d45bd092d0cc28e50535e08dc75b4692ed601799911,POSTHOC_ATTRIBUTION_DESIGN_INPUT,True,True,True,True,True,pauli_commuting,1/8,-1,True,1e-6,PTSC_K0,26195267398927101429259539289233678631358338478100683349093628012855915010062732482087598145486055461781504/194167638579407717681625555181034546828944807986565034515120623244707890670806968253563831028313206866375,0,26195267398927101429259539289233678631358338478100683349093628012855915010062732482087598145486055461781504/194167638579407717681625555181034546828944807986565034515120623244707890670806968253563831028313206866375,67799515620752497816907042866251874104692170178613533374124684268568250614280013483050254023610967077552128/194167638579407717681625555181034546828944807986565034515120623244707890670806968253563831028313206866375,11758659896433472105426571972984332460138638860481910058224942780059907323695844963249606839675937357823/582502915738223153044876665543103640486834423959695103545361869734123672012420904760691493084939620599125
24bfeb84a4ce87b56985d174dd98d1d5e1702a2b,f726ad70cb2643533f0d037b518cde1b702724adb4e6571fea25e26e4bfdd61e,b26c3bdea5a42988c0534d45bd092d0cc28e50535e08dc75b4692ed601799911,POSTHOC_ATTRIBUTION_DESIGN_INPUT,True,True,True,True,True,pauli_commuting,1/8,-1,True,1e-6,A,140,0,140,351,1410622450326192249239486674659757763073527277003315298316510787595014570128079798223259617815346004055/72788118436831520060757512412443500574594007493371069393131956639902751818608917588320196279271853809494
24bfeb84a4ce87b56985d174dd98d1d5e1702a2b,f726ad70cb2643533f0d037b518cde1b702724adb4e6571fea25e26e4bfdd61e,b26c3bdea5a42988c0534d45bd092d0cc28e50535e08dc75b4692ed601799911,POSTHOC_ATTRIBUTION_DESIGN_INPUT,True,True,True,True,True,pauli_commuting,1/8,-1,True,1e-6,CTS_collected,9874745166493533590497571998786219773937447002082381162350649919120557182408057203692638219768528369300/71080706727578135770361496976680975155177199515454597125896799216749325267000252578610437006888108951,0,9874745166493533590497571998786219773937447002082381162350649919120557182408057203692638219768528369300/71080706727578135770361496976680975155177199515454597125896799216749325267000252578610437006888108951,25251134068604893038558076968324761993354328762467803258010947650322567652157746278014032019122379687210/71080706727578135770361496976680975155177199515454597125896799216749325267000252578610437006888108951,1367031702989382452732813891948513353345730894308257772766106629006220624499609952014695735639408640/71080706727578135770361496976680975155177199515454597125896799216749325267000252578610437006888108951
24bfeb84a4ce87b56985d174dd98d1d5e1702a2b,f726ad70cb2643533f0d037b518cde1b702724adb4e6571fea25e26e4bfdd61e,b26c3bdea5a42988c0534d45bd092d0cc28e50535e08dc75b4692ed601799911,POSTHOC_ATTRIBUTION_DESIGN_INPUT,True,True,True,True,True,pauli_commuting,1/8,1,False,1e-3,ordinary,38,0,38,6316632183732532982328667424489667355494780831082321089087565088761004192458066730212715423565386405904/63185780935605965758579739426144179531457492580716559691976347318966280956771693146666493376196710311,1459432371047695146979888593562948238226320242001160082552232351717927414326938340450435540713468897/252743123742423863034318957704576718125829970322866238767905389275865123827086772586665973504786841244
24bfeb84a4ce87b56985d174dd98d1d5e1702a2b,f726ad70cb2643533f0d037b518cde1b702724adb4e6571fea25e26e4bfdd61e,b26c3bdea5a42988c0534d45bd092d0cc28e50535e08dc75b4692ed601799911,POSTHOC_ATTRIBUTION_DESIGN_INPUT,True,True,True,True,True,pauli_commuting,1/8,1,False,1e-3,PTSC_K0,7319265890876690105234283036697645499938359280645779171070278415356799782223410546465652423003456673144832/194167638579407717681625555181034546828944807986565034515120623244707890670806968253563831028313206866375,0,7319265890876690105234283036697645499938359280645779171070278415356799782223410546465652423003456673144832/194167638579407717681625555181034546828944807986565034515120623244707890670806968253563831028313206866375,770449041144914747919398214389225842098774661120608333796871412142821029707727425943752886631942807699456/7766705543176308707265022207241381873157792319462601380604824929788315626832278730142553241132528274655,709252501689638000009856722180007354738521074124305686051663215305200759207050966037277872869342253329/116500583147644630608975333108620728097366884791939020709072373946824734402484180952138298616987924119825
24bfeb84a4ce87b56985d174dd98d1d5e1702a2b,f726ad70cb2643533f0d037b518cde1b702724adb4e6571fea25e26e4bfdd61e,b26c3bdea5a42988c0534d45bd092d0cc28e50535e08dc75b4692ed601799911,POSTHOC_ATTRIBUTION_DESIGN_INPUT,True,True,True,True,True,pauli_commuting,1/8,1,False,1e-3,A,38,0,38,3241134809566336958222596780003523764068558036214514580659337937684954305813541337985078188497087372105557/36394059218415760030378756206221750287297003746685534696565978319951375909304458794160098139635926904747,846373470195715349543692004795854657844116366201989178989906472557008742076847878933955770689207602433/145576236873663040121515024824887001149188014986742138786263913279805503637217835176640392558543707618988
24bfeb84a4ce87b56985d174dd98d1d5e1702a2b,f726ad70cb2643533f0d037b518cde1b702724adb4e6571fea25e26e4bfdd61e,b26c3bdea5a42988c0534d45bd092d0cc28e50535e08dc75b4692ed601799911,POSTHOC_ATTRIBUTION_DESIGN_INPUT,True,True,True,True,True,pauli_commuting,1/8,1,False,1e-3,CTS_collected,2680287973762530545992198113956259652925878471993789172638033549475579806653615526716573231080029128810/71080706727578135770361496976680975155177199515454597125896799216749325267000252578610437006888108951,0,2680287973762530545992198113956259652925878471993789172638033549475579806653615526716573231080029128810/71080706727578135770361496976680975155177199515454597125896799216749325267000252578610437006888108951,7123923298684620661716105513410058551197729622930860695695826013079830538737241268378260429975866894995/71080706727578135770361496976680975155177199515454597125896799216749325267000252578610437006888108951,410109510896814735819844167584554006003719268292477331829831988701866187349882985604408720691822592/71080706727578135770361496976680975155177199515454597125896799216749325267000252578610437006888108951
24bfeb84a4ce87b56985d174dd98d1d5e1702a2b,f726ad70cb2643533f0d037b518cde1b702724adb4e6571fea25e26e4bfdd61e,b26c3bdea5a42988c0534d45bd092d0cc28e50535e08dc75b4692ed601799911,POSTHOC_ATTRIBUTION_DESIGN_INPUT,True,True,True,True,True,pauli_commuting,1/8,1,False,1e-4,ordinary,3283714698823446625916839932034746737984821187207926223872700417450622706533025459172723741507944310976/63185780935605965758579739426144179531457492580716559691976347318966280956771693146666493376196710311,0,3283714698823446625916839932034746737984821187207926223872700417450622706533025459172723741507944310976/63185780935605965758579739426144179531457492580716559691976347318966280956771693146666493376196710311,8334685354015796699544606049876779905199483739686581239010668916696677376636555741998175383495111885464/63185780935605965758579739426144179531457492580716559691976347318966280956771693146666493376196710311,1459432371047695146979888593562948238226320242001160082552232351717927414326938340450435540713468897/252743123742423863034318957704576718125829970322866238767905389275865123827086772586665973504786841244
24bfeb84a4ce87b56985d174dd98d1d5e1702a2b,f726ad70cb2643533f0d037b518cde1b702724adb4e6571fea25e26e4bfdd61e,b26c3bdea5a42988c0534d45bd092d0cc28e50535e08dc75b4692ed601799911,POSTHOC_ATTRIBUTION_DESIGN_INPUT,True,True,True,True,True,pauli_commuting,1/8,1,False,1e-4,PTSC_K0,10015837534883891722952176787059935947284070594567908339359328357856673386200456537268787526215256500092928/194167638579407717681625555181034546828944807986565034515120623244707890670806968253563831028313206866375,0,10015837534883891722952176787059935947284070594567908339359328357856673386200456537268787526215256500092928/194167638579407717681625555181034546828944807986565034515120623244707890670806968253563831028313206866375,25424818357782186681340141074844452789259563816980075015296756600713093980355005056143845258854112654082048/194167638579407717681625555181034546828944807986565034515120623244707890670806968253563831028313206866375,709252501689638000009856722180007354738521074124305686051663215305200759207050966037277872869342253329/116500583147644630608975333108620728097366884791939020709072373946824734402484180952138298616987924119825
24bfeb84a4ce87b56985d174dd98d1d5e1702a2b,f726ad70cb2643533f0d037b518cde1b702724adb4e6571fea25e26e4bfdd61e,b26c3bdea5a42988c0534d45bd092d0cc28e50535e08dc75b4692ed601799911,POSTHOC_ATTRIBUTION_DESIGN_INPUT,True,True,True,True,True,pauli_commuting,1/8,1,False,1e-4,A,48,0,48,4511737776286826435302118054489794496443487717629277942738745384105271421907146796673217921640587730234224/36394059218415760030378756206221750287297003746685534696565978319951375909304458794160098139635926904747,846373470195715349543692004795854657844116366201989178989906472557008742076847878933955770689207602433/145576236873663040121515024824887001149188014986742138786263913279805503637217835176640392558543707618988
24bfeb84a4ce87b56985d174dd98d1d5e1702a2b,f726ad70cb2643533f0d037b518cde1b702724adb4e6571fea25e26e4bfdd61e,b26c3bdea5a42988c0534d45bd092d0cc28e50535e08dc75b4692ed601799911,POSTHOC_ATTRIBUTION_DESIGN_INPUT,True,True,True,True,True,pauli_commuting,1/8,1,False,1e-4,CTS_collected,3667762490411883905041955313834881630319623172202027288873098541387635524894421247085837053056881965740/71080706727578135770361496976680975155177199515454597125896799216749325267000252578610437006888108951,0,3667762490411883905041955313834881630319623172202027288873098541387635524894421247085837053056881965740/71080706727578135770361496976680975155177199515454597125896799216749325267000252578610437006888108951,9522075696261621676551230141686711924868252466293724692266698136294822997322055160703615426205366641825/71080706727578135770361496976680975155177199515454597125896799216749325267000252578610437006888108951,410109510896814735819844167584554006003719268292477331829831988701866187349882985604408720691822592/71080706727578135770361496976680975155177199515454597125896799216749325267000252578610437006888108951
24bfeb84a4ce87b56985d174dd98d1d5e1702a2b,f726ad70cb2643533f0d037b518cde1b702724adb4e6571fea25e26e4bfdd61e,b26c3bdea5a42988c0534d45bd092d0cc28e50535e08dc75b4692ed601799911,POSTHOC_ATTRIBUTION_DESIGN_INPUT,True,True,True,True,True,pauli_commuting,1/8,1,False,1e-6,ordinary,4548403272449597737853087979620005627439455252316924857767262185397760277278010614333020566059020829794/63185780935605965758579739426144179531457492580716559691976347318966280956771693146666493376196710311,0,4548403272449597737853087979620005627439455252316924857767262185397760277278010614333020566059020829794/63185780935605965758579739426144179531457492580716559691976347318966280956771693146666493376196710311,11246096051623830108262540358791288657773949465872880185116755001208186058695810087879668863935872122760/63185780935605965758579739426144179531457492580716559691976347318966280956771693146666493376196710311,1459432371047695146979888593562948238226320242001160082552232351717927414326938340450435540713468897/252743123742423863034318957704576718125829970322866238767905389275865123827086772586665973504786841244
24bfeb84a4ce87b56985d174dd98d1d5e1702a2b,f726ad70cb2643533f0d037b518cde1b702724adb4e6571fea25e26e4bfdd61e,b26c3bdea5a42988c0534d45bd092d0cc28e50535e08dc75b4692ed601799911,POSTHOC_ATTRIBUTION_DESIGN_INPUT,True,True,True,True,True,pauli_commuting,1/8,1,False,1e-6,PTSC_K0,13868082740608465462549167859006065157777943900170950008343685418570778534739093666987551959374970538590208/194167638579407717681625555181034546828944807986565034515120623244707890670806968253563831028313206866375,0,13868082740608465462549167859006065157777943900170950008343685418570778534739093666987551959374970538590208/194167638579407717681625555181034546828944807986565034515120623244707890670806968253563831028313206866375,34284982330948706282413220540320549973395472419867070853960777840355535821993870454497003455121454942625792/194167638579407717681625555181034546828944807986565034515120623244707890670806968253563831028313206866375,709252501689638000009856722180007354738521074124305686051663215305200759207050966037277872869342253329/116500583147644630608975333108620728097366884791939020709072373946824734402484180952138298616987924119825
24bfeb84a4ce87b56985d174dd98d1d5e1702a2b,f726ad70cb2643533f0d037b518cde1b702724adb4e6571fea25e26e4bfdd61e,b26c3bdea5a42988c0534d45bd092d0cc28e50535e08dc75b4692ed601799911,POSTHOC_ATTRIBUTION_DESIGN_INPUT,True,True,True,True,True,pauli_commuting,1/8,1,False,1e-6,A,68,0,68,6296735028184290389487948681217214069293052021656461682323632213135937627732974418291014101994148957498433/36394059218415760030378756206221750287297003746685534696565978319951375909304458794160098139635926904747,846373470195715349543692004795854657844116366201989178989906472557008742076847878933955770689207602433/145576236873663040121515024824887001149188014986742138786263913279805503637217835176640392558543707618988
24bfeb84a4ce87b56985d174dd98d1d5e1702a2b,f726ad70cb2643533f0d037b518cde1b702724adb4e6571fea25e26e4bfdd61e,b26c3bdea5a42988c0534d45bd092d0cc28e50535e08dc75b4692ed601799911,POSTHOC_ATTRIBUTION_DESIGN_INPUT,True,True,True,True,True,pauli_commuting,1/8,1,False,1e-6,CTS_collected,4655237007061237264091712513713503607713367872410265405108163533299691243135226967455100875033734802670/71080706727578135770361496976680975155177199515454597125896799216749325267000252578610437006888108951,0,4655237007061237264091712513713503607713367872410265405108163533299691243135226967455100875033734802670/71080706727578135770361496976680975155177199515454597125896799216749325267000252578610437006888108951,11779160305745857925807818027123562158911097495341126100803989546379521781872468235833361305009601697665/71080706727578135770361496976680975155177199515454597125896799216749325267000252578610437006888108951,410109510896814735819844167584554006003719268292477331829831988701866187349882985604408720691822592/71080706727578135770361496976680975155177199515454597125896799216749325267000252578610437006888108951
24bfeb84a4ce87b56985d174dd98d1d5e1702a2b,f726ad70cb2643533f0d037b518cde1b702724adb4e6571fea25e26e4bfdd61e,b26c3bdea5a42988c0534d45bd092d0cc28e50535e08dc75b4692ed601799911,POSTHOC_ATTRIBUTION_DESIGN_INPUT,True,True,True,True,True,pauli_commuting,1/8,1,True,1e-3,ordinary,4553268047019756721676354274931882121566876319790262058042436293236820035325767075467855351194732392784/63185780935605965758579739426144179531457492580716559691976347318966280956771693146666493376196710311,0,4553268047019756721676354274931882121566876319790262058042436293236820035325767075467855351194732392784/63185780935605965758579739426144179531457492580716559691976347318966280956771693146666493376196710311,11762284803163027598742364123886570381105935754959954503257948817005847774055047847549637338244011243826/63185780935605965758579739426144179531457492580716559691976347318966280956771693146666493376196710311,2432387285079491911633147655938247063710533736668600137587053919529879023878230567417392567855781495/126371561871211931517159478852288359062914985161433119383952694637932561913543386293332986752393420622
24bfeb84a4ce87b56985d174dd98d1d5e1702a2b,f726ad70cb2643533f0d037b518cde1b702724adb4e6571fea25e26e4bfdd61e,b26c3bdea5a42988c0534d45bd092d0cc28e50535e08dc75b4692ed601799911,POSTHOC_ATTRIBUTION_DESIGN_INPUT,True,True,True,True,True,pauli_commuting,1/8,1,True,1e-3,PTSC_K0,13868082740608465462549167859006065157777943900170950008343685418570778534739093666987551959374970538590208/194167638579407717681625555181034546828944807986565034515120623244707890670806968253563831028313206866375,0,13868082740608465462549167859006065157777943900170950008343685418570778534739093666987551959374970538590208/194167638579407717681625555181034546828944807986565034515120623244707890670806968253563831028313206866375,35825880413238535778252016969099001657593021742108287521554520664641177881409325306384509228385340558024704/194167638579407717681625555181034546828944807986565034515120623244707890670806968253563831028313206866375,11758659896433472105426571972984332460138638860481910058224942780059907323695844963249606839675937357823/582502915738223153044876665543103640486834423959695103545361869734123672012420904760691493084939620599125
24bfeb84a4ce87b56985d174dd98d1d5e1702a2b,f726ad70cb2643533f0d037b518cde1b702724adb4e6571fea25e26e4bfdd61e,b26c3bdea5a42988c0534d45bd092d0cc28e50535e08dc75b4692ed601799911,POSTHOC_ATTRIBUTION_DESIGN_INPUT,True,True,True,True,True,pauli_commuting,1/8,1,True,1e-3,A,80,0,80,200,1410622450326192249239486674659757763073527277003315298316510787595014570128079798223259617815346004055/72788118436831520060757512412443500574594007493371069393131956639902751818608917588320196279271853809494
24bfeb84a4ce87b56985d174dd98d1d5e1702a2b,f726ad70cb2643533f0d037b518cde1b702724adb4e6571fea25e26e4bfdd61e,b26c3bdea5a42988c0534d45bd092d0cc28e50535e08dc75b4692ed601799911,POSTHOC_ATTRIBUTION_DESIGN_INPUT,True,True,True,True,True,pauli_commuting,1/8,1,True,1e-3,CTS_collected,5360575947525061091984396227912519305851756943987578345276067098951159613307231053433146462160058257620/71080706727578135770361496976680975155177199515454597125896799216749325267000252578610437006888108951,0,5360575947525061091984396227912519305851756943987578345276067098951159613307231053433146462160058257620/71080706727578135770361496976680975155177199515454597125896799216749325267000252578610437006888108951,12907702610487976050436111969841987275932520009864826805072635251421871174147674773398234244411719225585/71080706727578135770361496976680975155177199515454597125896799216749325267000252578610437006888108951,1367031702989382452732813891948513353345730894308257772766106629006220624499609952014695735639408640/71080706727578135770361496976680975155177199515454597125896799216749325267000252578610437006888108951
24bfeb84a4ce87b56985d174dd98d1d5e1702a2b,f726ad70cb2643533f0d037b518cde1b702724adb4e6571fea25e26e4bfdd61e,b26c3bdea5a42988c0534d45bd092d0cc28e50535e08dc75b4692ed601799911,POSTHOC_ATTRIBUTION_DESIGN_INPUT,True,True,True,True,True,pauli_commuting,1/8,1,True,1e-4,ordinary,6565483487818829658304373345944742878318673947426517567635331191765621509846948333891513568961603996756/63185780935605965758579739426144179531457492580716559691976347318966280956771693146666493376196710311,0,6565483487818829658304373345944742878318673947426517567635331191765621509846948333891513568961603996756/63185780935605965758579739426144179531457492580716559691976347318966280956771693146666493376196710311,17168046271118218547805277201726086154872237925556222875171904860970401339660425983580914014809801265230/63185780935605965758579739426144179531457492580716559691976347318966280956771693146666493376196710311,2432387285079491911633147655938247063710533736668600137587053919529879023878230567417392567855781495/126371561871211931517159478852288359062914985161433119383952694637932561913543386293332986752393420622
24bfeb84a4ce87b56985d174dd98d1d5e1702a2b,f726ad70cb2643533f0d037b518cde1b702724adb4e6571fea25e26e4bfdd61e,b26c3bdea5a42988c0534d45bd092d0cc28e50535e08dc75b4692ed601799911,POSTHOC_ATTRIBUTION_DESIGN_INPUT,True,True,True,True,True,pauli_commuting,1/8,1,True,1e-4,PTSC_K0,20031675069767783445904353574119871894568141189135816678718656715713346772400913074537575052430513000185856/194167638579407717681625555181034546828944807986565034515120623244707890670806968253563831028313206866375,0,20031675069767783445904353574119871894568141189135816678718656715713346772400913074537575052430513000185856/194167638579407717681625555181034546828944807986565034515120623244707890670806968253563831028313206866375,52390534797854202858519078578467357262716676956201366698187256025711830020125464964175196290972110923563008/194167638579407717681625555181034546828944807986565034515120623244707890670806968253563831028313206866375,11758659896433472105426571972984332460138638860481910058224942780059907323695844963249606839675937357823/582502915738223153044876665543103640486834423959695103545361869734123672012420904760691493084939620599125
24bfeb84a4ce87b56985d174dd98d1d5e1702a2b,f726ad70cb2643533f0d037b518cde1b702724adb4e6571fea25e26e4bfdd61e,b26c3bdea5a42988c0534d45bd092d0cc28e50535e08dc75b4692ed601799911,POSTHOC_ATTRIBUTION_DESIGN_INPUT,True,True,True,True,True,pauli_commuting,1/8,1,True,1e-4,A,92,0,92,236,1410622450326192249239486674659757763073527277003315298316510787595014570128079798223259617815346004055/72788118436831520060757512412443500574594007493371069393131956639902751818608917588320196279271853809494
24bfeb84a4ce87b56985d174dd98d1d5e1702a2b,f726ad70cb2643533f0d037b518cde1b702724adb4e6571fea25e26e4bfdd61e,b26c3bdea5a42988c0534d45bd092d0cc28e50535e08dc75b4692ed601799911,POSTHOC_ATTRIBUTION_DESIGN_INPUT,True,True,True,True,True,pauli_commuting,1/8,1,True,1e-4,CTS_collected,6771253828452708747769763656310550702128535087142204225611874230254096353651239225389237636412705167520/71080706727578135770361496976680975155177199515454597125896799216749325267000252578610437006888108951,0,6771253828452708747769763656310550702128535087142204225611874230254096353651239225389237636412705167520/71080706727578135770361496976680975155177199515454597125896799216749325267000252578610437006888108951,16787066783039007103845872397936573615693659903540047975996104862504947210093697246277484973606498227810/71080706727578135770361496976680975155177199515454597125896799216749325267000252578610437006888108951,1367031702989382452732813891948513353345730894308257772766106629006220624499609952014695735639408640/71080706727578135770361496976680975155177199515454597125896799216749325267000252578610437006888108951
24bfeb84a4ce87b56985d174dd98d1d5e1702a2b,f726ad70cb2643533f0d037b518cde1b702724adb4e6571fea25e26e4bfdd61e,b26c3bdea5a42988c0534d45bd092d0cc28e50535e08dc75b4692ed601799911,POSTHOC_ATTRIBUTION_DESIGN_INPUT,True,True,True,True,True,pauli_commuting,1/8,1,True,1e-6,ordinary,136,0,136,22238962502048220455108435130346812948009326854675560411438087202356601017759757757059188275853386247977/63185780935605965758579739426144179531457492580716559691976347318966280956771693146666493376196710311,2432387285079491911633147655938247063710533736668600137587053919529879023878230567417392567855781495/126371561871211931517159478852288359062914985161433119383952694637932561913543386293332986752393420622
24bfeb84a4ce87b56985d174dd98d1d5e1702a2b,f726ad70cb2643533f0d037b518cde1b702724adb4e6571fea25e26e4bfdd61e,b26c3bdea5a42988c0534d45bd092d0cc28e50535e08dc75b4692ed601799911,POSTHOC_ATTRIBUTION_DESIGN_INPUT,True,True,True,True,True,pauli_commuting,1/8,1,True,1e-6,PTSC_K0,26195267398927101429259539289233678631358338478100683349093628012855915010062732482087598145486055461781504/194167638579407717681625555181034546828944807986565034515120623244707890670806968253563831028313206866375,0,26195267398927101429259539289233678631358338478100683349093628012855915010062732482087598145486055461781504/194167638579407717681625555181034546828944807986565034515120623244707890670806968253563831028313206866375,67799515620752497816907042866251874104692170178613533374124684268568250614280013483050254023610967077552128/194167638579407717681625555181034546828944807986565034515120623244707890670806968253563831028313206866375,11758659896433472105426571972984332460138638860481910058224942780059907323695844963249606839675937357823/582502915738223153044876665543103640486834423959695103545361869734123672012420904760691493084939620599125
24bfeb84a4ce87b56985d174dd98d1d5e1702a2b,f726ad70cb2643533f0d037b518cde1b702724adb4e6571fea25e26e4bfdd61e,b26c3bdea5a42988c0534d45bd092d0cc28e50535e08dc75b4692ed601799911,POSTHOC_ATTRIBUTION_DESIGN_INPUT,True,True,True,True,True,pauli_commuting,1/8,1,True,1e-6,A,140,0,140,351,1410622450326192249239486674659757763073527277003315298316510787595014570128079798223259617815346004055/72788118436831520060757512412443500574594007493371069393131956639902751818608917588320196279271853809494
24bfeb84a4ce87b56985d174dd98d1d5e1702a2b,f726ad70cb2643533f0d037b518cde1b702724adb4e6571fea25e26e4bfdd61e,b26c3bdea5a42988c0534d45bd092d0cc28e50535e08dc75b4692ed601799911,POSTHOC_ATTRIBUTION_DESIGN_INPUT,True,True,True,True,True,pauli_commuting,1/8,1,True,1e-6,CTS_collected,9874745166493533590497571998786219773937447002082381162350649919120557182408057203692638219768528369300/71080706727578135770361496976680975155177199515454597125896799216749325267000252578610437006888108951,0,9874745166493533590497571998786219773937447002082381162350649919120557182408057203692638219768528369300/71080706727578135770361496976680975155177199515454597125896799216749325267000252578610437006888108951,25251134068604893038558076968324761993354328762467803258010947650322567652157746278014032019122379687210/71080706727578135770361496976680975155177199515454597125896799216749325267000252578610437006888108951,1367031702989382452732813891948513353345730894308257772766106629006220624499609952014695735639408640/71080706727578135770361496976680975155177199515454597125896799216749325267000252578610437006888108951
24bfeb84a4ce87b56985d174dd98d1d5e1702a2b,f726ad70cb2643533f0d037b518cde1b702724adb4e6571fea25e26e4bfdd61e,b26c3bdea5a42988c0534d45bd092d0cc28e50535e08dc75b4692ed601799911,POSTHOC_ATTRIBUTION_DESIGN_INPUT,True,True,True,True,True,pauli_commuting,1/4,-1,False,1e-3,ordinary,198985680477079780463647535472690937765217847285098164114193003010784077557009560884622885101682751475324/4757821334383809352355940230100611996364149701320001465558286007095135895574721297029838730323875220663,0,198985680477079780463647535472690937765217847285098164114193003010784077557009560884622885101682751475324/4757821334383809352355940230100611996364149701320001465558286007095135895574721297029838730323875220663,529785665705172535567758140402307734625171152589919873531926332074879243428230095435030685365900662808342/4757821334383809352355940230100611996364149701320001465558286007095135895574721297029838730323875220663,421407783520106167650977095767383041038220085170948719627504643605815028564366795315170785960003896261/19031285337535237409423760920402447985456598805280005862233144028380543582298885188119354921295500882652
24bfeb84a4ce87b56985d174dd98d1d5e1702a2b,f726ad70cb2643533f0d037b518cde1b702724adb4e6571fea25e26e4bfdd61e,b26c3bdea5a42988c0534d45bd092d0cc28e50535e08dc75b4692ed601799911,POSTHOC_ATTRIBUTION_DESIGN_INPUT,True,True,True,True,True,pauli_commuting,1/4,-1,False,1e-3,PTSC_K0,1034286864399138701076457655058572486788049100069582823886202385533409585142598183151151123574201091841024/25434674436242112657220131658266521230307001351848611313464735402333978456876919622764153148146519041991,0,1034286864399138701076457655058572486788049100069582823886202385533409585142598183151151123574201091841024/25434674436242112657220131658266521230307001351848611313464735402333978456876919622764153148146519041991,8274294915193109608611661240468579894304392800556662591089619084267276681140785465209208988593608734728192/76304023308726337971660394974799563690921004055545833940394206207001935370630758868292459444439557125973,1866453951814836842131201900473703565101371247695541279083324250803159892650134121150731244393005929813/76304023308726337971660394974799563690921004055545833940394206207001935370630758868292459444439557125973
24bfeb84a4ce87b56985d174dd98d1d5e1702a2b,f726ad70cb2643533f0d037b518cde1b702724adb4e6571fea25e26e4bfdd61e,b26c3bdea5a42988c0534d45bd092d0cc28e50535e08dc75b4692ed601799911,POSTHOC_ATTRIBUTION_DESIGN_INPUT,True,True,True,True,True,pauli_commuting,1/4,-1,False,1e-3,A,38,0,38,1882250614056089812962190112136416962806576299089667538956489290470874633387716591634015108484178087055197/19024158656403374384816156728296724410713532487081200580346257641281277968197989971236765724337807679223,1729468968763943125892377884390611310064866589734654598213296149207388906199817270112433247667073425381/76096634625613497539264626913186897642854129948324802321385030565125111872791959884947062897351230716892
24bfeb84a4ce87b56985d174dd98d1d5e1702a2b,f726ad70cb2643533f0d037b518cde1b702724adb4e6571fea25e26e4bfdd61e,b26c3bdea5a42988c0534d45bd092d0cc28e50535e08dc75b4692ed601799911,POSTHOC_ATTRIBUTION_DESIGN_INPUT,True,True,True,True,True,pauli_commuting,1/4,-1,False,1e-3,CTS_collected,180255339483005614087279846126396346938337132125832353196908959668104681022761154976925398146467911960/4643086657374078597455277542354760008793001392576634607199334654603239088018989869624604527225638663,0,180255339483005614087279846126396346938337132125832353196908959668104681022761154976925398146467911960/4643086657374078597455277542354760008793001392576634607199334654603239088018989869624604527225638663,468663882655814596626927599928630502039676543527164118311963295137072170659179002940006035180816571096/4643086657374078597455277542354760008793001392576634607199334654603239088018989869624604527225638663,102527377724203683954961041896138501500929817073119332957457997175466546837470746401102180172955648/4643086657374078597455277542354760008793001392576634607199334654603239088018989869624604527225638663
24bfeb84a4ce87b56985d174dd98d1d5e1702a2b,f726ad70cb2643533f0d037b518cde1b702724adb4e6571fea25e26e4bfdd61e,b26c3bdea5a42988c0534d45bd092d0cc28e50535e08dc75b4692ed601799911,POSTHOC_ATTRIBUTION_DESIGN_INPUT,True,True,True,True,True,pauli_commuting,1/4,-1,False,1e-4,ordinary,273987067737833780320939973565587708264275655612428990977452233408024078476700123516259849357638077949236/4757821334383809352355940230100611996364149701320001465558286007095135895574721297029838730323875220663,0,273987067737833780320939973565587708264275655612428990977452233408024078476700123516259849357638077949236/4757821334383809352355940230100611996364149701320001465558286007095135895574721297029838730323875220663,671256082386126497635483416018023945392980983374007071339792398356915875209778633959980334917736907739449/4757821334383809352355940230100611996364149701320001465558286007095135895574721297029838730323875220663,421407783520106167650977095767383041038220085170948719627504643605815028564366795315170785960003896261/19031285337535237409423760920402447985456598805280005862233144028380543582298885188119354921295500882652
24bfeb84a4ce87b56985d174dd98d1d5e1702a2b,f726ad70cb2643533f0d037b518cde1b702724adb4e6571fea25e26e4bfdd61e,b26c3bdea5a42988c0534d45bd092d0cc28e50535e08dc75b4692ed601799911,POSTHOC_ATTRIBUTION_DESIGN_INPUT,True,True,True,True,True,pauli_commuting,1/4,-1,False,1e-4,PTSC_K0,4284902723939288904459610285242657445264774843145414556099981311495553995590763901626197511950261666198528/76304023308726337971660394974799563690921004055545833940394206207001935370630758868292459444439557125973,0,4284902723939288904459610285242657445264774843145414556099981311495553995590763901626197511950261666198528/76304023308726337971660394974799563690921004055545833940394206207001935370630758868292459444439557125973,10490623910334121110918356215594092365993069443562911499417195624696011506446353000533104253395468217244672/76304023308726337971660394974799563690921004055545833940394206207001935370630758868292459444439557125973,1866453951814836842131201900473703565101371247695541279083324250803159892650134121150731244393005929813/76304023308726337971660394974799563690921004055545833940394206207001935370630758868292459444439557125973
24bfeb84a4ce87b56985d174dd98d1d5e1702a2b,f726ad70cb2643533f0d037b518cde1b702724adb4e6571fea25e26e4bfdd61e,b26c3bdea5a42988c0534d45bd092d0cc28e50535e08dc75b4692ed601799911,POSTHOC_ATTRIBUTION_DESIGN_INPUT,True,True,True,True,True,pauli_commuting,1/4,-1,False,1e-4,A,46,0,46,2336928600263363712973428867007273758906928716893997488721815780501672162184660991746322988826177349376749/19024158656403374384816156728296724410713532487081200580346257641281277968197989971236765724337807679223,1729468968763943125892377884390611310064866589734654598213296149207388906199817270112433247667073425381/76096634625613497539264626913186897642854129948324802321385030565125111872791959884947062897351230716892
24bfeb84a4ce87b56985d174dd98d1d5e1702a2b,f726ad70cb2643533f0d037b518cde1b702724adb4e6571fea25e26e4bfdd61e,b26c3bdea5a42988c0534d45bd092d0cc28e50535e08dc75b4692ed601799911,POSTHOC_ATTRIBUTION_DESIGN_INPUT,True,True,True,True,True,pauli_commuting,1/4,-1,False,1e-4,CTS_collected,207293640405456456200371823045355798979087701944707206176445303618320383176175328223464207868438098754/4643086657374078597455277542354760008793001392576634607199334654603239088018989869624604527225638663,0,207293640405456456200371823045355798979087701944707206176445303618320383176175328223464207868438098754/4643086657374078597455277542354760008793001392576634607199334654603239088018989869624604527225638663,518234101013641140500929557613389497447719254861768015441113259045800957940438320558660519671095246885/4643086657374078597455277542354760008793001392576634607199334654603239088018989869624604527225638663,102527377724203683954961041896138501500929817073119332957457997175466546837470746401102180172955648/4643086657374078597455277542354760008793001392576634607199334654603239088018989869624604527225638663
24bfeb84a4ce87b56985d174dd98d1d5e1702a2b,f726ad70cb2643533f0d037b518cde1b702724adb4e6571fea25e26e4bfdd61e,b26c3bdea5a42988c0534d45bd092d0cc28e50535e08dc75b4692ed601799911,POSTHOC_ATTRIBUTION_DESIGN_INPUT,True,True,True,True,True,pauli_commuting,1/4,-1,False,1e-6,ordinary,398533237998853035817496373739738386251819988017090926521222678879709241818771610829665997917978841478996/4757821334383809352355940230100611996364149701320001465558286007095135895574721297029838730323875220663,0,398533237998853035817496373739738386251819988017090926521222678879709241818771610829665997917978841478996/4757821334383809352355940230100611996364149701320001465558286007095135895574721297029838730323875220663,1024599084481088708212775924332771382247042721527200025949988076812773376568001110326133913319583685757294/4757821334383809352355940230100611996364149701320001465558286007095135895574721297029838730323875220663,421407783520106167650977095767383041038220085170948719627504643605815028564366795315170785960003896261/19031285337535237409423760920402447985456598805280005862233144028380543582298885188119354921295500882652
24bfeb84a4ce87b56985d174dd98d1d5e1702a2b,f726ad70cb2643533f0d037b518cde1b702724adb4e6571fea25e26e4bfdd61e,b26c3bdea5a42988c0534d45bd092d0cc28e50535e08dc75b4692ed601799911,POSTHOC_ATTRIBUTION_DESIGN_INPUT,True,True,True,True,True,pauli_commuting,1/4,-1,False,1e-6,PTSC_K0,2068573728798277402152915310117144973576098200139165647772404771066819170285196366302302247148402183682048/25434674436242112657220131658266521230307001351848611313464735402333978456876919622764153148146519041991,0,2068573728798277402152915310117144973576098200139165647772404771066819170285196366302302247148402183682048/25434674436242112657220131658266521230307001351848611313464735402333978456876919622764153148146519041991,5319189588338427605536067940301229932052823943214997379986183697028963580733362084777348635524462758039552/25434674436242112657220131658266521230307001351848611313464735402333978456876919622764153148146519041991,1866453951814836842131201900473703565101371247695541279083324250803159892650134121150731244393005929813/76304023308726337971660394974799563690921004055545833940394206207001935370630758868292459444439557125973
24bfeb84a4ce87b56985d174dd98d1d5e1702a2b,f726ad70cb2643533f0d037b518cde1b702724adb4e6571fea25e26e4bfdd61e,b26c3bdea5a42988c0534d45bd092d0cc28e50535e08dc75b4692ed601799911,POSTHOC_ATTRIBUTION_DESIGN_INPUT,True,True,True,True,True,pauli_commuting,1/4,-1,False,1e-6,A,68,0,68,3329988493489153351432567030095232607777577129993457647225788564568204901410571188645383800575959592655945/19024158656403374384816156728296724410713532487081200580346257641281277968197989971236765724337807679223,1729468968763943125892377884390611310064866589734654598213296149207388906199817270112433247667073425381/76096634625613497539264626913186897642854129948324802321385030565125111872791959884947062897351230716892
24bfeb84a4ce87b56985d174dd98d1d5e1702a2b,f726ad70cb2643533f0d037b518cde1b702724adb4e6571fea25e26e4bfdd61e,b26c3bdea5a42988c0534d45bd092d0cc28e50535e08dc75b4692ed601799911,POSTHOC_ATTRIBUTION_DESIGN_INPUT,True,True,True,True,True,pauli_commuting,1/4,-1,False,1e-6,CTS_collected,315446844095259824652739730721193607142089981220206618094590679419183191789832021209619446756318845930/4643086657374078597455277542354760008793001392576634607199334654603239088018989869624604527225638663,0,315446844095259824652739730721193607142089981220206618094590679419183191789832021209619446756318845930/4643086657374078597455277542354760008793001392576634607199334654603239088018989869624604527225638663,838187328595976105505851284487743013263267664385120442365626662456686766755839370642703101381075790614/4643086657374078597455277542354760008793001392576634607199334654603239088018989869624604527225638663,102527377724203683954961041896138501500929817073119332957457997175466546837470746401102180172955648/4643086657374078597455277542354760008793001392576634607199334654603239088018989869624604527225638663
24bfeb84a4ce87b56985d174dd98d1d5e1702a2b,f726ad70cb2643533f0d037b518cde1b702724adb4e6571fea25e26e4bfdd61e,b26c3bdea5a42988c0534d45bd092d0cc28e50535e08dc75b4692ed601799911,POSTHOC_ATTRIBUTION_DESIGN_INPUT,True,True,True,True,True,pauli_commuting,1/4,-1,True,1e-3,ordinary,398533237998853035817496373739738386251819988017090926521222678879709241818771610829665997917978841478996/4757821334383809352355940230100611996364149701320001465558286007095135895574721297029838730323875220663,0,398533237998853035817496373739738386251819988017090926521222678879709241818771610829665997917978841478996/4757821334383809352355940230100611996364149701320001465558286007095135895574721297029838730323875220663,1002074201159729979953949154469570471388336633276112864781079160708115142175820604226930232025844321342762/4757821334383809352355940230100611996364149701320001465558286007095135895574721297029838730323875220663,702346305866843612751628492945638401730366808618247866045841072676358380940611325525284643266673160435/9515642668767618704711880460201223992728299402640002931116572014190271791149442594059677460647750441326
24bfeb84a4ce87b56985d174dd98d1d5e1702a2b,f726ad70cb2643533f0d037b518cde1b702724adb4e6571fea25e26e4bfdd61e,b26c3bdea5a42988c0534d45bd092d0cc28e50535e08dc75b4692ed601799911,POSTHOC_ATTRIBUTION_DESIGN_INPUT,True,True,True,True,True,pauli_commuting,1/4,-1,True,1e-3,PTSC_K0,2068573728798277402152915310117144973576098200139165647772404771066819170285196366302302247148402183682048/25434674436242112657220131658266521230307001351848611313464735402333978456876919622764153148146519041991,0,2068573728798277402152915310117144973576098200139165647772404771066819170285196366302302247148402183682048/25434674436242112657220131658266521230307001351848611313464735402333978456876919622764153148146519041991,15588180599158447566223754658382771050877025722477283988570621667682101604649158331778063362439745027032576/76304023308726337971660394974799563690921004055545833940394206207001935370630758868292459444439557125973,6159298040988961579032966271563221764834525117395286220974970027650427645745442599797413106496919568383/76304023308726337971660394974799563690921004055545833940394206207001935370630758868292459444439557125973
24bfeb84a4ce87b56985d174dd98d1d5e1702a2b,f726ad70cb2643533f0d037b518cde1b702724adb4e6571fea25e26e4bfdd61e,b26c3bdea5a42988c0534d45bd092d0cc28e50535e08dc75b4692ed601799911,POSTHOC_ATTRIBUTION_DESIGN_INPUT,True,True,True,True,True,pauli_commuting,1/4,-1,True,1e-3,A,72,0,72,188,2882448281273238543153963140651018850108110982891090997022160248678981510333028783520722079445122375635/38048317312806748769632313456593448821427064974162401160692515282562555936395979942473531448675615358446
24bfeb84a4ce87b56985d174dd98d1d5e1702a2b,f726ad70cb2643533f0d037b518cde1b702724adb4e6571fea25e26e4bfdd61e,b26c3bdea5a42988c0534d45bd092d0cc28e50535e08dc75b4692ed601799911,POSTHOC_ATTRIBUTION_DESIGN_INPUT,True,True,True,True,True,pauli_commuting,1/4,-1,True,1e-3,CTS_collected,342485145017710666765831707640153059182840551039081471074127023369398893943246194456158256478289032724/4643086657374078597455277542354760008793001392576634607199334654603239088018989869624604527225638663,0,342485145017710666765831707640153059182840551039081471074127023369398893943246194456158256478289032724/4643086657374078597455277542354760008793001392576634607199334654603239088018989869624604527225638663,847200095570126386210215276794062830610184520991412060025472110440092000806977428391549371288399186212/4643086657374078597455277542354760008793001392576634607199334654603239088018989869624604527225638663,341757925747345613183203472987128338336432723577064443191526657251555156124902488003673933909852160/4643086657374078597455277542354760008793001392576634607199334654603239088018989869624604527225638663
24bfeb84a4ce87b56985d174dd98d1d5e1702a2b,f726ad70cb2643533f0d037b518cde1b702724adb4e6571fea25e26e4bfdd61e,b26c3bdea5a42988c0534d45bd092d0cc28e50535e08dc75b4692ed601799911,POSTHOC_ATTRIBUTION_DESIGN_INPUT,True,True,True,True,True,pauli_commuting,1/4,-1,True,1e-4,ordinary,475220256393687460345392720215704688915030676685105548262991927851372502852719640642563645317774183537952/4757821334383809352355940230100611996364149701320001465558286007095135895574721297029838730323875220663,0,475220256393687460345392720215704688915030676685105548262991927851372502852719640642563645317774183537952/4757821334383809352355940230100611996364149701320001465558286007095135895574721297029838730323875220663,1197847222175333007013294332396641201640997137838851172735014728071692072275324788730678904612389878550380/4757821334383809352355940230100611996364149701320001465558286007095135895574721297029838730323875220663,702346305866843612751628492945638401730366808618247866045841072676358380940611325525284643266673160435/9515642668767618704711880460201223992728299402640002931116572014190271791149442594059677460647750441326
24bfeb84a4ce87b56985d174dd98d1d5e1702a2b,f726ad70cb2643533f0d037b518cde1b702724adb4e6571fea25e26e4bfdd61e,b26c3bdea5a42988c0534d45bd092d0cc28e50535e08dc75b4692ed601799911,POSTHOC_ATTRIBUTION_DESIGN_INPUT,True,True,True,True,True,pauli_commuting,1/4,-1,True,1e-4,PTSC_K0,7387763317136705007688983250418374905628922143354163027758588468095782751018558451079650882672864941721600/76304023308726337971660394974799563690921004055545833940394206207001935370630758868292459444439557125973,0,7387763317136705007688983250418374905628922143354163027758588468095782751018558451079650882672864941721600/76304023308726337971660394974799563690921004055545833940394206207001935370630758868292459444439557125973,6205721186394832206458745930351434920728294600417496943317214313200457510855589098906906741445206551046144/25434674436242112657220131658266521230307001351848611313464735402333978456876919622764153148146519041991,6159298040988961579032966271563221764834525117395286220974970027650427645745442599797413106496919568383/76304023308726337971660394974799563690921004055545833940394206207001935370630758868292459444439557125973
24bfeb84a4ce87b56985d174dd98d1d5e1702a2b,f726ad70cb2643533f0d037b518cde1b702724adb4e6571fea25e26e4bfdd61e,b26c3bdea5a42988c0534d45bd092d0cc28e50535e08dc75b4692ed601799911,POSTHOC_ATTRIBUTION_DESIGN_INPUT,True,True,True,True,True,pauli_commuting,1/4,-1,True,1e-4,A,100,0,100,246,2882448281273238543153963140651018850108110982891090997022160248678981510333028783520722079445122375635/38048317312806748769632313456593448821427064974162401160692515282562555936395979942473531448675615358446
24bfeb84a4ce87b56985d174dd98d1d5e1702a2b,f726ad70cb2643533f0d037b518cde1b702724adb4e6571fea25e26e4bfdd61e,b26c3bdea5a42988c0534d45bd092d0cc28e50535e08dc75b4692ed601799911,POSTHOC_ATTRIBUTION_DESIGN_INPUT,True,True,True,True,True,pauli_commuting,1/4,-1,True,1e-4,CTS_collected,432612814759213473809471630703351232652009117101997647672581503203451234454626771944620955551522988704/4643086657374078597455277542354760008793001392576634607199334654603239088018989869624604527225638663,0,432612814759213473809471630703351232652009117101997647672581503203451234454626771944620955551522988704/4643086657374078597455277542354760008793001392576634607199334654603239088018989869624604527225638663,1126595871768785088045499038289977168364607075786452207480680997925654256392257218605783738415424449750/4643086657374078597455277542354760008793001392576634607199334654603239088018989869624604527225638663,341757925747345613183203472987128338336432723577064443191526657251555156124902488003673933909852160/4643086657374078597455277542354760008793001392576634607199334654603239088018989869624604527225638663
24bfeb84a4ce87b56985d174dd98d1d5e1702a2b,f726ad70cb2643533f0d037b518cde1b702724adb4e6571fea25e26e4bfdd61e,b26c3bdea5a42988c0534d45bd092d0cc28e50535e08dc75b4692ed601799911,POSTHOC_ATTRIBUTION_DESIGN_INPUT,True,True,True,True,True,pauli_commuting,1/4,-1,True,1e-6,ordinary,140,0,140,1662586684617549994810478025783950501936279346186535255077979339694231502698399566639989570812832471492692/4757821334383809352355940230100611996364149701320001465558286007095135895574721297029838730323875220663,702346305866843612751628492945638401730366808618247866045841072676358380940611325525284643266673160435/9515642668767618704711880460201223992728299402640002931116572014190271791149442594059677460647750441326
24bfeb84a4ce87b56985d174dd98d1d5e1702a2b,f726ad70cb2643533f0d037b518cde1b702724adb4e6571fea25e26e4bfdd61e,b26c3bdea5a42988c0534d45bd092d0cc28e50535e08dc75b4692ed601799911,POSTHOC_ATTRIBUTION_DESIGN_INPUT,True,True,True,True,True,pauli_commuting,1/4,-1,True,1e-6,PTSC_K0,10342868643991387010764576550585724867880491000695828238862023855334095851425981831511511235742010918410240/76304023308726337971660394974799563690921004055545833940394206207001935370630758868292459444439557125973,0,10342868643991387010764576550585724867880491000695828238862023855334095851425981831511511235742010918410240/76304023308726337971660394974799563690921004055545833940394206207001935370630758868292459444439557125973,25783293976807100476834551543960128420644938280306028966877473753654281801054768994267981580528298646608384/76304023308726337971660394974799563690921004055545833940394206207001935370630758868292459444439557125973,6159298040988961579032966271563221764834525117395286220974970027650427645745442599797413106496919568383/76304023308726337971660394974799563690921004055545833940394206207001935370630758868292459444439557125973
24bfeb84a4ce87b56985d174dd98d1d5e1702a2b,f726ad70cb2643533f0d037b518cde1b702724adb4e6571fea25e26e4bfdd61e,b26c3bdea5a42988c0534d45bd092d0cc28e50535e08dc75b4692ed601799911,POSTHOC_ATTRIBUTION_DESIGN_INPUT,True,True,True,True,True,pauli_commuting,1/4,-1,True,1e-6,A,140,0,140,358,2882448281273238543153963140651018850108110982891090997022160248678981510333028783520722079445122375635/38048317312806748769632313456593448821427064974162401160692515282562555936395979942473531448675615358446
24bfeb84a4ce87b56985d174dd98d1d5e1702a2b,f726ad70cb2643533f0d037b518cde1b702724adb4e6571fea25e26e4bfdd61e,b26c3bdea5a42988c0534d45bd092d0cc28e50535e08dc75b4692ed601799911,POSTHOC_ATTRIBUTION_DESIGN_INPUT,True,True,True,True,True,pauli_commuting,1/4,-1,True,1e-6,CTS_collected,612868154242219087896751476829747579590346249227830000869490462871555915477387926921546353697990900664/4643086657374078597455277542354760008793001392576634607199334654603239088018989869624604527225638663,0,612868154242219087896751476829747579590346249227830000869490462871555915477387926921546353697990900664/4643086657374078597455277542354760008793001392576634607199334654603239088018989869624604527225638663,1532170385605547719741878692074368948975865623069575002173726157178889788693469817303865884244977251660/4643086657374078597455277542354760008793001392576634607199334654603239088018989869624604527225638663,341757925747345613183203472987128338336432723577064443191526657251555156124902488003673933909852160/4643086657374078597455277542354760008793001392576634607199334654603239088018989869624604527225638663
24bfeb84a4ce87b56985d174dd98d1d5e1702a2b,f726ad70cb2643533f0d037b518cde1b702724adb4e6571fea25e26e4bfdd61e,b26c3bdea5a42988c0534d45bd092d0cc28e50535e08dc75b4692ed601799911,POSTHOC_ATTRIBUTION_DESIGN_INPUT,True,True,True,True,True,pauli_commuting,1/4,1,False,1e-3,ordinary,198985680477079780463647535472690937765217847285098164114193003010784077557009560884622885101682751475324/4757821334383809352355940230100611996364149701320001465558286007095135895574721297029838730323875220663,0,198985680477079780463647535472690937765217847285098164114193003010784077557009560884622885101682751475324/4757821334383809352355940230100611996364149701320001465558286007095135895574721297029838730323875220663,516074078746714582400891622506362409357462996932854467428088146911734922446258420604361396889542375674701/4757821334383809352355940230100611996364149701320001465558286007095135895574721297029838730323875220663,421407783520106167650977095767383041038220085170948719627504643605815028564366795315170785960003896261/19031285337535237409423760920402447985456598805280005862233144028380543582298885188119354921295500882652
24bfeb84a4ce87b56985d174dd98d1d5e1702a2b,f726ad70cb2643533f0d037b518cde1b702724adb4e6571fea25e26e4bfdd61e,b26c3bdea5a42988c0534d45bd092d0cc28e50535e08dc75b4692ed601799911,POSTHOC_ATTRIBUTION_DESIGN_INPUT,True,True,True,True,True,pauli_commuting,1/4,1,False,1e-3,PTSC_K0,1034286864399138701076457655058572486788049100069582823886202385533409585142598183151151123574201091841024/25434674436242112657220131658266521230307001351848611313464735402333978456876919622764153148146519041991,0,1034286864399138701076457655058572486788049100069582823886202385533409585142598183151151123574201091841024/25434674436242112657220131658266521230307001351848611313464735402333978456876919622764153148146519041991,8052662015679008458380991742956028647135525136256037700256861430224403198610228711676819462113422786476544/76304023308726337971660394974799563690921004055545833940394206207001935370630758868292459444439557125973,1866453951814836842131201900473703565101371247695541279083324250803159892650134121150731244393005929813/76304023308726337971660394974799563690921004055545833940394206207001935370630758868292459444439557125973
24bfeb84a4ce87b56985d174dd98d1d5e1702a2b,f726ad70cb2643533f0d037b518cde1b702724adb4e6571fea25e26e4bfdd61e,b26c3bdea5a42988c0534d45bd092d0cc28e50535e08dc75b4692ed601799911,POSTHOC_ATTRIBUTION_DESIGN_INPUT,True,True,True,True,True,pauli_commuting,1/4,1,False,1e-3,A,38,0,38,1827460323942568192076960449881444297282562535891166574211030949578974570410891452757154207761694410393288/19024158656403374384816156728296724410713532487081200580346257641281277968197989971236765724337807679223,1729468968763943125892377884390611310064866589734654598213296149207388906199817270112433247667073425381/76096634625613497539264626913186897642854129948324802321385030565125111872791959884947062897351230716892
24bfeb84a4ce87b56985d174dd98d1d5e1702a2b,f726ad70cb2643533f0d037b518cde1b702724adb4e6571fea25e26e4bfdd61e,b26c3bdea5a42988c0534d45bd092d0cc28e50535e08dc75b4692ed601799911,POSTHOC_ATTRIBUTION_DESIGN_INPUT,True,True,True,True,True,pauli_commuting,1/4,1,False,1e-3,CTS_collected,180255339483005614087279846126396346938337132125832353196908959668104681022761154976925398146467911960/4643086657374078597455277542354760008793001392576634607199334654603239088018989869624604527225638663,0,180255339483005614087279846126396346938337132125832353196908959668104681022761154976925398146467911960/4643086657374078597455277542354760008793001392576634607199334654603239088018989869624604527225638663,468663882655814596626927599928630502039676543527164118311963295137072170659179002940006035180816571096/4643086657374078597455277542354760008793001392576634607199334654603239088018989869624604527225638663,102527377724203683954961041896138501500929817073119332957457997175466546837470746401102180172955648/4643086657374078597455277542354760008793001392576634607199334654603239088018989869624604527225638663
24bfeb84a4ce87b56985d174dd98d1d5e1702a2b,f726ad70cb2643533f0d037b518cde1b702724adb4e6571fea25e26e4bfdd61e,b26c3bdea5a42988c0534d45bd092d0cc28e50535e08dc75b4692ed601799911,POSTHOC_ATTRIBUTION_DESIGN_INPUT,True,True,True,True,True,pauli_commuting,1/4,1,False,1e-4,ordinary,273987067737833780320939973565587708264275655612428990977452233408024078476700123516259849357638077949236/4757821334383809352355940230100611996364149701320001465558286007095135895574721297029838730323875220663,0,273987067737833780320939973565587708264275655612428990977452233408024078476700123516259849357638077949236/4757821334383809352355940230100611996364149701320001465558286007095135895574721297029838730323875220663,731422128599035594545506730626262369181562049150483295513540097874729381737992543640107555268107270023024/4757821334383809352355940230100611996364149701320001465558286007095135895574721297029838730323875220663,421407783520106167650977095767383041038220085170948719627504643605815028564366795315170785960003896261/19031285337535237409423760920402447985456598805280005862233144028380543582298885188119354921295500882652
24bfeb84a4ce87b56985d174dd98d1d5e1702a2b,f726ad70cb2643533f0d037b518cde1b702724adb4e6571fea25e26e4bfdd61e,b26c3bdea5a42988c0534d45bd092d0cc28e50535e08dc75b4692ed601799911,POSTHOC_ATTRIBUTION_DESIGN_INPUT,True,True,True,True,True,pauli_commuting,1/4,1,False,1e-4,PTSC_K0,4284902723939288904459610285242657445264774843145414556099981311495553995590763901626197511950261666198528/76304023308726337971660394974799563690921004055545833940394206207001935370630758868292459444439557125973,0,4284902723939288904459610285242657445264774843145414556099981311495553995590763901626197511950261666198528/76304023308726337971660394974799563690921004055545833940394206207001935370630758868292459444439557125973,11451033141561892761917924038148481103724829322198952693025812125548463264078765599173458868142940659668480/76304023308726337971660394974799563690921004055545833940394206207001935370630758868292459444439557125973,1866453951814836842131201900473703565101371247695541279083324250803159892650134121150731244393005929813/76304023308726337971660394974799563690921004055545833940394206207001935370630758868292459444439557125973
24bfeb84a4ce87b56985d174dd98d1d5e1702a2b,f726ad70cb2643533f0d037b518cde1b702724adb4e6571fea25e26e4bfdd61e,b26c3bdea5a42988c0534d45bd092d0cc28e50535e08dc75b4692ed601799911,POSTHOC_ATTRIBUTION_DESIGN_INPUT,True,True,True,True,True,pauli_commuting,1/4,1,False,1e-4,A,46,0,46,2190821159960639390612816434327346650842892015031328249400593538123271994246460621408027253566220878278325/19024158656403374384816156728296724410713532487081200580346257641281277968197989971236765724337807679223,1729468968763943125892377884390611310064866589734654598213296149207388906199817270112433247667073425381/76096634625613497539264626913186897642854129948324802321385030565125111872791959884947062897351230716892
24bfeb84a4ce87b56985d174dd98d1d5e1702a2b,f726ad70cb2643533f0d037b518cde1b702724adb4e6571fea25e26e4bfdd61e,b26c3bdea5a42988c0534d45bd092d0cc28e50535e08dc75b4692ed601799911,POSTHOC_ATTRIBUTION_DESIGN_INPUT,True,True,True,True,True,pauli_commuting,1/4,1,False,1e-4,CTS_collected,207293640405456456200371823045355798979087701944707206176445303618320383176175328223464207868438098754/4643086657374078597455277542354760008793001392576634607199334654603239088018989869624604527225638663,0,207293640405456456200371823045355798979087701944707206176445303618320383176175328223464207868438098754/4643086657374078597455277542354760008793001392576634607199334654603239088018989869624604527225638663,549778785423167122966203530685508858161928252983788677250572326987719277119421522679622464346727131478/4643086657374078597455277542354760008793001392576634607199334654603239088018989869624604527225638663,102527377724203683954961041896138501500929817073119332957457997175466546837470746401102180172955648/4643086657374078597455277542354760008793001392576634607199334654603239088018989869624604527225638663
24bfeb84a4ce87b56985d174dd98d1d5e1702a2b,f726ad70cb2643533f0d037b518cde1b702724adb4e6571fea25e26e4bfdd61e,b26c3bdea5a42988c0534d45bd092d0cc28e50535e08dc75b4692ed601799911,POSTHOC_ATTRIBUTION_DESIGN_INPUT,True,True,True,True,True,pauli_commuting,1/4,1,False,1e-6,ordinary,398533237998853035817496373739738386251819988017090926521222678879709241818771610829665997917978841478996/4757821334383809352355940230100611996364149701320001465558286007095135895574721297029838730323875220663,0,398533237998853035817496373739738386251819988017090926521222678879709241818771610829665997917978841478996/4757821334383809352355940230100611996364149701320001465558286007095135895574721297029838730323875220663,1019279386102011423970218681308314259529294278378985426191593117947537153967673899968683846874646472008283/4757821334383809352355940230100611996364149701320001465558286007095135895574721297029838730323875220663,421407783520106167650977095767383041038220085170948719627504643605815028564366795315170785960003896261/19031285337535237409423760920402447985456598805280005862233144028380543582298885188119354921295500882652
24bfeb84a4ce87b56985d174dd98d1d5e1702a2b,f726ad70cb2643533f0d037b518cde1b702724adb4e6571fea25e26e4bfdd61e,b26c3bdea5a42988c0534d45bd092d0cc28e50535e08dc75b4692ed601799911,POSTHOC_ATTRIBUTION_DESIGN_INPUT,True,True,True,True,True,pauli_commuting,1/4,1,False,1e-6,PTSC_K0,2068573728798277402152915310117144973576098200139165647772404771066819170285196366302302247148402183682048/25434674436242112657220131658266521230307001351848611313464735402333978456876919622764153148146519041991,0,2068573728798277402152915310117144973576098200139165647772404771066819170285196366302302247148402183682048/25434674436242112657220131658266521230307001351848611313464735402333978456876919622764153148146519041991,15883691131843915766531313988399506047102182608211450509680965206405932914689900669821249397746659624701440/76304023308726337971660394974799563690921004055545833940394206207001935370630758868292459444439557125973,1866453951814836842131201900473703565101371247695541279083324250803159892650134121150731244393005929813/76304023308726337971660394974799563690921004055545833940394206207001935370630758868292459444439557125973
24bfeb84a4ce87b56985d174dd98d1d5e1702a2b,f726ad70cb2643533f0d037b518cde1b702724adb4e6571fea25e26e4bfdd61e,b26c3bdea5a42988c0534d45bd092d0cc28e50535e08dc75b4692ed601799911,POSTHOC_ATTRIBUTION_DESIGN_INPUT,True,True,True,True,True,pauli_commuting,1/4,1,False,1e-6,A,68,0,68,3366515353564834432022720138265214384793586305459124957056094125162804943395121281229957734390948710430551/19024158656403374384816156728296724410713532487081200580346257641281277968197989971236765724337807679223,1729468968763943125892377884390611310064866589734654598213296149207388906199817270112433247667073425381/76096634625613497539264626913186897642854129948324802321385030565125111872791959884947062897351230716892
24bfeb84a4ce87b56985d174dd98d1d5e1702a2b,f726ad70cb2643533f0d037b518cde1b702724adb4e6571fea25e26e4bfdd61e,b26c3bdea5a42988c0534d45bd092d0cc28e50535e08dc75b4692ed601799911,POSTHOC_ATTRIBUTION_DESIGN_INPUT,True,True,True,True,True,pauli_commuting,1/4,1,False,1e-6,CTS_collected,315446844095259824652739730721193607142089981220206618094590679419183191789832021209619446756318845930/4643086657374078597455277542354760008793001392576634607199334654603239088018989869624604527225638663,0,315446844095259824652739730721193607142089981220206618094590679419183191789832021209619446756318845930/4643086657374078597455277542354760008793001392576634607199334654603239088018989869624604527225638663,766085192802773859870939346037184474487932811534787501086863078589444894346734908651932942122488625830/4643086657374078597455277542354760008793001392576634607199334654603239088018989869624604527225638663,102527377724203683954961041896138501500929817073119332957457997175466546837470746401102180172955648/4643086657374078597455277542354760008793001392576634607199334654603239088018989869624604527225638663
24bfeb84a4ce87b56985d174dd98d1d5e1702a2b,f726ad70cb2643533f0d037b518cde1b702724adb4e6571fea25e26e4bfdd61e,b26c3bdea5a42988c0534d45bd092d0cc28e50535e08dc75b4692ed601799911,POSTHOC_ATTRIBUTION_DESIGN_INPUT,True,True,True,True,True,pauli_commuting,1/4,1,True,1e-3,ordinary,398533237998853035817496373739738386251819988017090926521222678879709241818771610829665997917978841478996/4757821334383809352355940230100611996364149701320001465558286007095135895574721297029838730323875220663,0,398533237998853035817496373739738386251819988017090926521222678879709241818771610829665997917978841478996/4757821334383809352355940230100611996364149701320001465558286007095135895574721297029838730323875220663,1002074201159729979953949154469570471388336633276112864781079160708115142175820604226930232025844321342762/4757821334383809352355940230100611996364149701320001465558286007095135895574721297029838730323875220663,702346305866843612751628492945638401730366808618247866045841072676358380940611325525284643266673160435/9515642668767618704711880460201223992728299402640002931116572014190271791149442594059677460647750441326
24bfeb84a4ce87b56985d174dd98d1d5e1702a2b,f726ad70cb2643533f0d037b518cde1b702724adb4e6571fea25e26e4bfdd61e,b26c3bdea5a42988c0534d45bd092d0cc28e50535e08dc75b4692ed601799911,POSTHOC_ATTRIBUTION_DESIGN_INPUT,True,True,True,True,True,pauli_commuting,1/4,1,True,1e-3,PTSC_K0,2068573728798277402152915310117144973576098200139165647772404771066819170285196366302302247148402183682048/25434674436242112657220131658266521230307001351848611313464735402333978456876919622764153148146519041991,0,2068573728798277402152915310117144973576098200139165647772404771066819170285196366302302247148402183682048/25434674436242112657220131658266521230307001351848611313464735402333978456876919622764153148146519041991,15588180599158447566223754658382771050877025722477283988570621667682101604649158331778063362439745027032576/76304023308726337971660394974799563690921004055545833940394206207001935370630758868292459444439557125973,6159298040988961579032966271563221764834525117395286220974970027650427645745442599797413106496919568383/76304023308726337971660394974799563690921004055545833940394206207001935370630758868292459444439557125973
24bfeb84a4ce87b56985d174dd98d1d5e1702a2b,f726ad70cb2643533f0d037b518cde1b702724adb4e6571fea25e26e4bfdd61e,b26c3bdea5a42988c0534d45bd092d0cc28e50535e08dc75b4692ed601799911,POSTHOC_ATTRIBUTION_DESIGN_INPUT,True,True,True,True,True,pauli_commuting,1/4,1,True,1e-3,A,72,0,72,188,2882448281273238543153963140651018850108110982891090997022160248678981510333028783520722079445122375635/38048317312806748769632313456593448821427064974162401160692515282562555936395979942473531448675615358446
24bfeb84a4ce87b56985d174dd98d1d5e1702a2b,f726ad70cb2643533f0d037b518cde1b702724adb4e6571fea25e26e4bfdd61e,b26c3bdea5a42988c0534d45bd092d0cc28e50535e08dc75b4692ed601799911,POSTHOC_ATTRIBUTION_DESIGN_INPUT,True,True,True,True,True,pauli_commuting,1/4,1,True,1e-3,CTS_collected,342485145017710666765831707640153059182840551039081471074127023369398893943246194456158256478289032724/4643086657374078597455277542354760008793001392576634607199334654603239088018989869624604527225638663,0,342485145017710666765831707640153059182840551039081471074127023369398893943246194456158256478289032724/4643086657374078597455277542354760008793001392576634607199334654603239088018989869624604527225638663,847200095570126386210215276794062830610184520991412060025472110440092000806977428391549371288399186212/4643086657374078597455277542354760008793001392576634607199334654603239088018989869624604527225638663,341757925747345613183203472987128338336432723577064443191526657251555156124902488003673933909852160/4643086657374078597455277542354760008793001392576634607199334654603239088018989869624604527225638663
24bfeb84a4ce87b56985d174dd98d1d5e1702a2b,f726ad70cb2643533f0d037b518cde1b702724adb4e6571fea25e26e4bfdd61e,b26c3bdea5a42988c0534d45bd092d0cc28e50535e08dc75b4692ed601799911,POSTHOC_ATTRIBUTION_DESIGN_INPUT,True,True,True,True,True,pauli_commuting,1/4,1,True,1e-4,ordinary,475220256393687460345392720215704688915030676685105548262991927851372502852719640642563645317774183537952/4757821334383809352355940230100611996364149701320001465558286007095135895574721297029838730323875220663,0,475220256393687460345392720215704688915030676685105548262991927851372502852719640642563645317774183537952/4757821334383809352355940230100611996364149701320001465558286007095135895574721297029838730323875220663,1197847222175333007013294332396641201640997137838851172735014728071692072275324788730678904612389878550380/4757821334383809352355940230100611996364149701320001465558286007095135895574721297029838730323875220663,702346305866843612751628492945638401730366808618247866045841072676358380940611325525284643266673160435/9515642668767618704711880460201223992728299402640002931116572014190271791149442594059677460647750441326
24bfeb84a4ce87b56985d174dd98d1d5e1702a2b,f726ad70cb2643533f0d037b518cde1b702724adb4e6571fea25e26e4bfdd61e,b26c3bdea5a42988c0534d45bd092d0cc28e50535e08dc75b4692ed601799911,POSTHOC_ATTRIBUTION_DESIGN_INPUT,True,True,True,True,True,pauli_commuting,1/4,1,True,1e-4,PTSC_K0,7387763317136705007688983250418374905628922143354163027758588468095782751018558451079650882672864941721600/76304023308726337971660394974799563690921004055545833940394206207001935370630758868292459444439557125973,0,7387763317136705007688983250418374905628922143354163027758588468095782751018558451079650882672864941721600/76304023308726337971660394974799563690921004055545833940394206207001935370630758868292459444439557125973,6205721186394832206458745930351434920728294600417496943317214313200457510855589098906906741445206551046144/25434674436242112657220131658266521230307001351848611313464735402333978456876919622764153148146519041991,6159298040988961579032966271563221764834525117395286220974970027650427645745442599797413106496919568383/76304023308726337971660394974799563690921004055545833940394206207001935370630758868292459444439557125973
24bfeb84a4ce87b56985d174dd98d1d5e1702a2b,f726ad70cb2643533f0d037b518cde1b702724adb4e6571fea25e26e4bfdd61e,b26c3bdea5a42988c0534d45bd092d0cc28e50535e08dc75b4692ed601799911,POSTHOC_ATTRIBUTION_DESIGN_INPUT,True,True,True,True,True,pauli_commuting,1/4,1,True,1e-4,A,100,0,100,246,2882448281273238543153963140651018850108110982891090997022160248678981510333028783520722079445122375635/38048317312806748769632313456593448821427064974162401160692515282562555936395979942473531448675615358446
24bfeb84a4ce87b56985d174dd98d1d5e1702a2b,f726ad70cb2643533f0d037b518cde1b702724adb4e6571fea25e26e4bfdd61e,b26c3bdea5a42988c0534d45bd092d0cc28e50535e08dc75b4692ed601799911,POSTHOC_ATTRIBUTION_DESIGN_INPUT,True,True,True,True,True,pauli_commuting,1/4,1,True,1e-4,CTS_collected,432612814759213473809471630703351232652009117101997647672581503203451234454626771944620955551522988704/4643086657374078597455277542354760008793001392576634607199334654603239088018989869624604527225638663,0,432612814759213473809471630703351232652009117101997647672581503203451234454626771944620955551522988704/4643086657374078597455277542354760008793001392576634607199334654603239088018989869624604527225638663,1126595871768785088045499038289977168364607075786452207480680997925654256392257218605783738415424449750/4643086657374078597455277542354760008793001392576634607199334654603239088018989869624604527225638663,341757925747345613183203472987128338336432723577064443191526657251555156124902488003673933909852160/4643086657374078597455277542354760008793001392576634607199334654603239088018989869624604527225638663
24bfeb84a4ce87b56985d174dd98d1d5e1702a2b,f726ad70cb2643533f0d037b518cde1b702724adb4e6571fea25e26e4bfdd61e,b26c3bdea5a42988c0534d45bd092d0cc28e50535e08dc75b4692ed601799911,POSTHOC_ATTRIBUTION_DESIGN_INPUT,True,True,True,True,True,pauli_commuting,1/4,1,True,1e-6,ordinary,140,0,140,1662586684617549994810478025783950501936279346186535255077979339694231502698399566639989570812832471492692/4757821334383809352355940230100611996364149701320001465558286007095135895574721297029838730323875220663,702346305866843612751628492945638401730366808618247866045841072676358380940611325525284643266673160435/9515642668767618704711880460201223992728299402640002931116572014190271791149442594059677460647750441326
24bfeb84a4ce87b56985d174dd98d1d5e1702a2b,f726ad70cb2643533f0d037b518cde1b702724adb4e6571fea25e26e4bfdd61e,b26c3bdea5a42988c0534d45bd092d0cc28e50535e08dc75b4692ed601799911,POSTHOC_ATTRIBUTION_DESIGN_INPUT,True,True,True,True,True,pauli_commuting,1/4,1,True,1e-6,PTSC_K0,10342868643991387010764576550585724867880491000695828238862023855334095851425981831511511235742010918410240/76304023308726337971660394974799563690921004055545833940394206207001935370630758868292459444439557125973,0,10342868643991387010764576550585724867880491000695828238862023855334095851425981831511511235742010918410240/76304023308726337971660394974799563690921004055545833940394206207001935370630758868292459444439557125973,25783293976807100476834551543960128420644938280306028966877473753654281801054768994267981580528298646608384/76304023308726337971660394974799563690921004055545833940394206207001935370630758868292459444439557125973,6159298040988961579032966271563221764834525117395286220974970027650427645745442599797413106496919568383/76304023308726337971660394974799563690921004055545833940394206207001935370630758868292459444439557125973
24bfeb84a4ce87b56985d174dd98d1d5e1702a2b,f726ad70cb2643533f0d037b518cde1b702724adb4e6571fea25e26e4bfdd61e,b26c3bdea5a42988c0534d45bd092d0cc28e50535e08dc75b4692ed601799911,POSTHOC_ATTRIBUTION_DESIGN_INPUT,True,True,True,True,True,pauli_commuting,1/4,1,True,1e-6,A,140,0,140,358,2882448281273238543153963140651018850108110982891090997022160248678981510333028783520722079445122375635/38048317312806748769632313456593448821427064974162401160692515282562555936395979942473531448675615358446
24bfeb84a4ce87b56985d174dd98d1d5e1702a2b,f726ad70cb2643533f0d037b518cde1b702724adb4e6571fea25e26e4bfdd61e,b26c3bdea5a42988c0534d45bd092d0cc28e50535e08dc75b4692ed601799911,POSTHOC_ATTRIBUTION_DESIGN_INPUT,True,True,True,True,True,pauli_commuting,1/4,1,True,1e-6,CTS_collected,612868154242219087896751476829747579590346249227830000869490462871555915477387926921546353697990900664/4643086657374078597455277542354760008793001392576634607199334654603239088018989869624604527225638663,0,612868154242219087896751476829747579590346249227830000869490462871555915477387926921546353697990900664/4643086657374078597455277542354760008793001392576634607199334654603239088018989869624604527225638663,1532170385605547719741878692074368948975865623069575002173726157178889788693469817303865884244977251660/4643086657374078597455277542354760008793001392576634607199334654603239088018989869624604527225638663,341757925747345613183203472987128338336432723577064443191526657251555156124902488003673933909852160/4643086657374078597455277542354760008793001392576634607199334654603239088018989869624604527225638663
24bfeb84a4ce87b56985d174dd98d1d5e1702a2b,f726ad70cb2643533f0d037b518cde1b702724adb4e6571fea25e26e4bfdd61e,b26c3bdea5a42988c0534d45bd092d0cc28e50535e08dc75b4692ed601799911,POSTHOC_ATTRIBUTION_DESIGN_INPUT,True,True,True,True,True,pauli_noncommuting,1/8,-1,False,1e-3,ordinary,38,0,38,6131453138038858170493867871991923661615087314066174890259292743859259131830732465794067250058936681662/63185780935605965758579739426144179531457492580716559691976347318966280956771693146666493376196710311,254202556113471558181298846298139666364056290564867398850457621627583051241413710927116409045500310141/252743123742423863034318957704576718125829970322866238767905389275865123827086772586665973504786841244
24bfeb84a4ce87b56985d174dd98d1d5e1702a2b,f726ad70cb2643533f0d037b518cde1b702724adb4e6571fea25e26e4bfdd61e,b26c3bdea5a42988c0534d45bd092d0cc28e50535e08dc75b4692ed601799911,POSTHOC_ATTRIBUTION_DESIGN_INPUT,True,True,True,True,True,pauli_noncommuting,1/8,-1,False,1e-3,PTSC_K0,7319265890876690105234283036697645499938359280645779171070278415356799782223410546465652423003456673144832/194167638579407717681625555181034546828944807986565034515120623244707890670806968253563831028313206866375,0,7319265890876690105234283036697645499938359280645779171070278415356799782223410546465652423003456673144832/194167638579407717681625555181034546828944807986565034515120623244707890670806968253563831028313206866375,18683389247764182637045406698938726670895285532174752094574131744463409970412390079136007500824613086711808/194167638579407717681625555181034546828944807986565034515120623244707890670806968253563831028313206866375,9303435211640418400823058951775442286059948579250631339341948329913830629154148282492822381283936176810659/9320046651811570448718026648689658247789350783355121656725789915745978752198734476171063889359033929586000
24bfeb84a4ce87b56985d174dd98d1d5e1702a2b,f726ad70cb2643533f0d037b518cde1b702724adb4e6571fea25e26e4bfdd61e,b26c3bdea5a42988c0534d45bd092d0cc28e50535e08dc75b4692ed601799911,POSTHOC_ATTRIBUTION_DESIGN_INPUT,True,True,True,True,True,pauli_noncommuting,1/8,-1,False,1e-3,A,38,0,38,3637342382714241687518988142972387040230575671909051476991631964785855741045001374111180359894102812891626/36394059218415760030378756206221750287297003746685534696565978319951375909304458794160098139635926904747,146422610343858755471058716829682855807032131352944127965253819752362512379294683055574348329232915221421/145576236873663040121515024824887001149188014986742138786263913279805503637217835176640392558543707618988
24bfeb84a4ce87b56985d174dd98d1d5e1702a2b,f726ad70cb2643533f0d037b518cde1b702724adb4e6571fea25e26e4bfdd61e,b26c3bdea5a42988c0534d45bd092d0cc28e50535e08dc75b4692ed601799911,POSTHOC_ATTRIBUTION_DESIGN_INPUT,True,True,True,True,True,pauli_noncommuting,1/8,-1,False,1e-3,CTS_collected,1340164080111355992405565453055987454853655583219441000859449386082377858536581182529962970451616150422/35438354755277777869895955764282707717948626446510663823160220857109405434288271836895599347260614249,0,1340164080111355992405565453055987454853655583219441000859449386082377858536581182529962970451616150422/35438354755277777869895955764282707717948626446510663823160220857109405434288271836895599347260614249,3350410200278389981013913632639968637134138958048602502148623465205944646341452956324907426129040376055/35438354755277777869895955764282707717948626446510663823160220857109405434288271836895599347260614249,35267475792404105063304354027789143548780410084722131601564457528483627856225820592893762380305688169/35438354755277777869895955764282707717948626446510663823160220857109405434288271836895599347260614249
24bfeb84a4ce87b56985d174dd98d1d5e1702a2b,f726ad70cb2643533f0d037b518cde1b702724adb4e6571fea25e26e4bfdd61e,b26c3bdea5a42988c0534d45bd092d0cc28e50535e08dc75b4692ed601799911,POSTHOC_ATTRIBUTION_DESIGN_INPUT,True,True,True,True,True,pauli_noncommuting,1/8,-1,False,1e-4,ordinary,3283714698823446625916839932034746737984821187207926223872700417450622706533025459172723741507944310976/63185780935605965758579739426144179531457492580716559691976347318966280956771693146666493376196710311,0,3283714698823446625916839932034746737984821187207926223872700417450622706533025459172723741507944310976/63185780935605965758579739426144179531457492580716559691976347318966280956771693146666493376196710311,8210259701972648361556753089149242143787537181514482999736785865194368717942114940158776310797003090038/63185780935605965758579739426144179531457492580716559691976347318966280956771693146666493376196710311,254202556113471558181298846298139666364056290564867398850457621627583051241413710927116409045500310141/252743123742423863034318957704576718125829970322866238767905389275865123827086772586665973504786841244
24bfeb84a4ce87b56985d174dd98d1d5e1702a2b,f726ad70cb2643533f0d037b518cde1b702724adb4e6571fea25e26e4bfdd61e,b26c3bdea5a42988c0534d45bd092d0cc28e50535e08dc75b4692ed601799911,POSTHOC_ATTRIBUTION_DESIGN_INPUT,True,True,True,True,True,pauli_noncommuting,1/8,-1,False,1e-4,PTSC_K0,10015837534883891722952176787059935947284070594567908339359328357856673386200456537268787526215256500092928/194167638579407717681625555181034546828944807986565034515120623244707890670806968253563831028313206866375,0,10015837534883891722952176787059935947284070594567908339359328357856673386200456537268787526215256500092928/194167638579407717681625555181034546828944807986565034515120623244707890670806968253563831028313206866375,5007918767441945861476088393529967973642035297283954169679664178928336693100228268634393763107628250046464/38833527715881543536325111036206909365788961597313006903024124648941578134161393650712766205662641373275,9303435211640418400823058951775442286059948579250631339341948329913830629154148282492822381283936176810659/9320046651811570448718026648689658247789350783355121656725789915745978752198734476171063889359033929586000
24bfeb84a4ce87b56985d174dd98d1d5e1702a2b,f726ad70cb2643533f0d037b518cde1b702724adb4e6571fea25e26e4bfdd61e,b26c3bdea5a42988c0534d45bd092d0cc28e50535e08dc75b4692ed601799911,POSTHOC_ATTRIBUTION_DESIGN_INPUT,True,True,True,True,True,pauli_noncommuting,1/8,-1,False,1e-4,A,48,0,48,4295624554569787492049540947415869073082387189068621453830221369322961548144532231513525828151306580714550/36394059218415760030378756206221750287297003746685534696565978319951375909304458794160098139635926904747,146422610343858755471058716829682855807032131352944127965253819752362512379294683055574348329232915221421/145576236873663040121515024824887001149188014986742138786263913279805503637217835176640392558543707618988
24bfeb84a4ce87b56985d174dd98d1d5e1702a2b,f726ad70cb2643533f0d037b518cde1b702724adb4e6571fea25e26e4bfdd61e,b26c3bdea5a42988c0534d45bd092d0cc28e50535e08dc75b4692ed601799911,POSTHOC_ATTRIBUTION_DESIGN_INPUT,True,True,True,True,True,pauli_noncommuting,1/8,-1,False,1e-4,CTS_collected,1692838838035397043038608993333878890341459684066662316875093961367214137098839388458900594254673032112/35438354755277777869895955764282707717948626446510663823160220857109405434288271836895599347260614249,0,1692838838035397043038608993333878890341459684066662316875093961367214137098839388458900594254673032112/35438354755277777869895955764282707717948626446510663823160220857109405434288271836895599347260614249,4549504377220129553166261669584799517792672900929154976601815021174387993453130856483295347059433773801/35438354755277777869895955764282707717948626446510663823160220857109405434288271836895599347260614249,35267475792404105063304354027789143548780410084722131601564457528483627856225820592893762380305688169/35438354755277777869895955764282707717948626446510663823160220857109405434288271836895599347260614249
24bfeb84a4ce87b56985d174dd98d1d5e1702a2b,f726ad70cb2643533f0d037b518cde1b702724adb4e6571fea25e26e4bfdd61e,b26c3bdea5a42988c0534d45bd092d0cc28e50535e08dc75b4692ed601799911,POSTHOC_ATTRIBUTION_DESIGN_INPUT,True,True,True,True,True,pauli_noncommuting,1/8,-1,False,1e-6,ordinary,4548403272449597737853087979620005627439455252316924857767262185397760277278010614333020566059020829794/63185780935605965758579739426144179531457492580716559691976347318966280956771693146666493376196710311,0,4548403272449597737853087979620005627439455252316924857767262185397760277278010614333020566059020829794/63185780935605965758579739426144179531457492580716559691976347318966280956771693146666493376196710311,11875034996237794375554377975865604556612071751196043461871414009694413013434873142665432926616412288076/63185780935605965758579739426144179531457492580716559691976347318966280956771693146666493376196710311,254202556113471558181298846298139666364056290564867398850457621627583051241413710927116409045500310141/252743123742423863034318957704576718125829970322866238767905389275865123827086772586665973504786841244
24bfeb84a4ce87b56985d174dd98d1d5e1702a2b,f726ad70cb2643533f0d037b518cde1b702724adb4e6571fea25e26e4bfdd61e,b26c3bdea5a42988c0534d45bd092d0cc28e50535e08dc75b4692ed601799911,POSTHOC_ATTRIBUTION_DESIGN_INPUT,True,True,True,True,True,pauli_noncommuting,1/8,-1,False,1e-6,PTSC_K0,13868082740608465462549167859006065157777943900170950008343685418570778534739093666987551959374970538590208/194167638579407717681625555181034546828944807986565034515120623244707890670806968253563831028313206866375,0,13868082740608465462549167859006065157777943900170950008343685418570778534739093666987551959374970538590208/194167638579407717681625555181034546828944807986565034515120623244707890670806968253563831028313206866375,36211104933810993152211716076293614578642409072668591688452956370712588396263189019356385671701311961874432/194167638579407717681625555181034546828944807986565034515120623244707890670806968253563831028313206866375,9303435211640418400823058951775442286059948579250631339341948329913830629154148282492822381283936176810659/9320046651811570448718026648689658247789350783355121656725789915745978752198734476171063889359033929586000
24bfeb84a4ce87b56985d174dd98d1d5e1702a2b,f726ad70cb2643533f0d037b518cde1b702724adb4e6571fea25e26e4bfdd61e,b26c3bdea5a42988c0534d45bd092d0cc28e50535e08dc75b4692ed601799911,POSTHOC_ATTRIBUTION_DESIGN_INPUT,True,True,True,True,True,pauli_noncommuting,1/8,-1,False,1e-6,A,68,0,68,6404791639042809861114237234754176780973602285936789926777894220527092564614281700870860148738789532258270/36394059218415760030378756206221750287297003746685534696565978319951375909304458794160098139635926904747,146422610343858755471058716829682855807032131352944127965253819752362512379294683055574348329232915221421/145576236873663040121515024824887001149188014986742138786263913279805503637217835176640392558543707618988
24bfeb84a4ce87b56985d174dd98d1d5e1702a2b,f726ad70cb2643533f0d037b518cde1b702724adb4e6571fea25e26e4bfdd61e,b26c3bdea5a42988c0534d45bd092d0cc28e50535e08dc75b4692ed601799911,POSTHOC_ATTRIBUTION_DESIGN_INPUT,True,True,True,True,True,pauli_noncommuting,1/8,-1,False,1e-6,CTS_collected,2539258257053095564557913490000818335512189526099993475312640942050821205648259082688350891382009548168/35438354755277777869895955764282707717948626446510663823160220857109405434288271836895599347260614249,0,2539258257053095564557913490000818335512189526099993475312640942050821205648259082688350891382009548168/35438354755277777869895955764282707717948626446510663823160220857109405434288271836895599347260614249,6418680594217547121521392433057624125878034635419427951484731270184020269833099347906664753215635246758/35438354755277777869895955764282707717948626446510663823160220857109405434288271836895599347260614249,35267475792404105063304354027789143548780410084722131601564457528483627856225820592893762380305688169/35438354755277777869895955764282707717948626446510663823160220857109405434288271836895599347260614249
24bfeb84a4ce87b56985d174dd98d1d5e1702a2b,f726ad70cb2643533f0d037b518cde1b702724adb4e6571fea25e26e4bfdd61e,b26c3bdea5a42988c0534d45bd092d0cc28e50535e08dc75b4692ed601799911,POSTHOC_ATTRIBUTION_DESIGN_INPUT,True,True,True,True,True,pauli_noncommuting,1/8,-1,True,1e-3,ordinary,4553268047019756721676354274931882121566876319790262058042436293236820035325767075467855351194732392784/63185780935605965758579739426144179531457492580716559691976347318966280956771693146666493376196710311,0,4553268047019756721676354274931882121566876319790262058042436293236820035325767075467855351194732392784/63185780935605965758579739426144179531457492580716559691976347318966280956771693146666493376196710311,11762284803163027598742364123886570381105935754959954503257948817005847774055047847549637338244011243826/63185780935605965758579739426144179531457492580716559691976347318966280956771693146666493376196710311,256148465941535151710605364422890264015024717554202278960527264763206954460516295381050323099784935337/252743123742423863034318957704576718125829970322866238767905389275865123827086772586665973504786841244
24bfeb84a4ce87b56985d174dd98d1d5e1702a2b,f726ad70cb2643533f0d037b518cde1b702724adb4e6571fea25e26e4bfdd61e,b26c3bdea5a42988c0534d45bd092d0cc28e50535e08dc75b4692ed601799911,POSTHOC_ATTRIBUTION_DESIGN_INPUT,True,True,True,True,True,pauli_noncommuting,1/8,-1,True,1e-3,PTSC_K0,13868082740608465462549167859006065157777943900170950008343685418570778534739093666987551959374970538590208/194167638579407717681625555181034546828944807986565034515120623244707890670806968253563831028313206866375,0,13868082740608465462549167859006065157777943900170950008343685418570778534739093666987551959374970538590208/194167638579407717681625555181034546828944807986565034515120623244707890670806968253563831028313206866375,35825880413238535778252016969099001657593021742108287521554520664641177881409325306384509228385340558024704/194167638579407717681625555181034546828944807986565034515120623244707890670806968253563831028313206866375,1562860023789517409347873571140692262813575457255767536644289939636759240818971430046379377572909985173047/1553341108635261741453004441448276374631558463892520276120964985957663125366455746028510648226505654931000
24bfeb84a4ce87b56985d174dd98d1d5e1702a2b,f726ad70cb2643533f0d037b518cde1b702724adb4e6571fea25e26e4bfdd61e,b26c3bdea5a42988c0534d45bd092d0cc28e50535e08dc75b4692ed601799911,POSTHOC_ATTRIBUTION_DESIGN_INPUT,True,True,True,True,True,pauli_noncommuting,1/8,-1,True,1e-3,A,80,0,80,200,147551108304119709270450306169410662017490953174546780203907028382438524035397146894152956023485192024665/145576236873663040121515024824887001149188014986742138786263913279805503637217835176640392558543707618988
24bfeb84a4ce87b56985d174dd98d1d5e1702a2b,f726ad70cb2643533f0d037b518cde1b702724adb4e6571fea25e26e4bfdd61e,b26c3bdea5a42988c0534d45bd092d0cc28e50535e08dc75b4692ed601799911,POSTHOC_ATTRIBUTION_DESIGN_INPUT,True,True,True,True,True,pauli_noncommuting,1/8,-1,True,1e-3,CTS_collected,2680328160222711984811130906111974909707311166438882001718898772164755717073162365059925940903232300844/35438354755277777869895955764282707717948626446510663823160220857109405434288271836895599347260614249,0,2680328160222711984811130906111974909707311166438882001718898772164755717073162365059925940903232300844/35438354755277777869895955764282707717948626446510663823160220857109405434288271836895599347260614249,6559750497387163541774609849168780700073156275758316477890989100297954781258002630278239802736857999434/35438354755277777869895955764282707717948626446510663823160220857109405434288271836895599347260614249,1
24bfeb84a4ce87b56985d174dd98d1d5e1702a2b,f726ad70cb2643533f0d037b518cde1b702724adb4e6571fea25e26e4bfdd61e,b26c3bdea5a42988c0534d45bd092d0cc28e50535e08dc75b4692ed601799911,POSTHOC_ATTRIBUTION_DESIGN_INPUT,True,True,True,True,True,pauli_noncommuting,1/8,-1,True,1e-4,ordinary,6565483487818829658304373345944742878318673947426517567635331191765621509846948333891513568961603996756/63185780935605965758579739426144179531457492580716559691976347318966280956771693146666493376196710311,0,6565483487818829658304373345944742878318673947426517567635331191765621509846948333891513568961603996756/63185780935605965758579739426144179531457492580716559691976347318966280956771693146666493376196710311,17168046271118218547805277201726086154872237925556222875171904860970401339660425983580914014809801265230/63185780935605965758579739426144179531457492580716559691976347318966280956771693146666493376196710311,256148465941535151710605364422890264015024717554202278960527264763206954460516295381050323099784935337/252743123742423863034318957704576718125829970322866238767905389275865123827086772586665973504786841244
24bfeb84a4ce87b56985d174dd98d1d5e1702a2b,f726ad70cb2643533f0d037b518cde1b702724adb4e6571fea25e26e4bfdd61e,b26c3bdea5a42988c0534d45bd092d0cc28e50535e08dc75b4692ed601799911,POSTHOC_ATTRIBUTION_DESIGN_INPUT,True,True,True,True,True,pauli_noncommuting,1/8,-1,True,1e-4,PTSC_K0,20031675069767783445904353574119871894568141189135816678718656715713346772400913074537575052430513000185856/194167638579407717681625555181034546828944807986565034515120623244707890670806968253563831028313206866375,0,20031675069767783445904353574119871894568141189135816678718656715713346772400913074537575052430513000185856/194167638579407717681625555181034546828944807986565034515120623244707890670806968253563831028313206866375,52390534797854202858519078578467357262716676956201366698187256025711830020125464964175196290972110923563008/194167638579407717681625555181034546828944807986565034515120623244707890670806968253563831028313206866375,1562860023789517409347873571140692262813575457255767536644289939636759240818971430046379377572909985173047/1553341108635261741453004441448276374631558463892520276120964985957663125366455746028510648226505654931000
24bfeb84a4ce87b56985d174dd98d1d5e1702a2b,f726ad70cb2643533f0d037b518cde1b702724adb4e6571fea25e26e4bfdd61e,b26c3bdea5a42988c0534d45bd092d0cc28e50535e08dc75b4692ed601799911,POSTHOC_ATTRIBUTION_DESIGN_INPUT,True,True,True,True,True,pauli_noncommuting,1/8,-1,True,1e-4,A,92,0,92,236,147551108304119709270450306169410662017490953174546780203907028382438524035397146894152956023485192024665/145576236873663040121515024824887001149188014986742138786263913279805503637217835176640392558543707618988
24bfeb84a4ce87b56985d174dd98d1d5e1702a2b,f726ad70cb2643533f0d037b518cde1b702724adb4e6571fea25e26e4bfdd61e,b26c3bdea5a42988c0534d45bd092d0cc28e50535e08dc75b4692ed601799911,POSTHOC_ATTRIBUTION_DESIGN_INPUT,True,True,True,True,True,pauli_noncommuting,1/8,-1,True,1e-4,CTS_collected,3385677676070794086077217986667757780682919368133324633750187922734428274197678776917801188509346064224/35438354755277777869895955764282707717948626446510663823160220857109405434288271836895599347260614249,0,3385677676070794086077217986667757780682919368133324633750187922734428274197678776917801188509346064224/35438354755277777869895955764282707717948626446510663823160220857109405434288271836895599347260614249,8781601472308622160762784152919496743646322111095810768789549924592423336200229327630546832696116354081/35438354755277777869895955764282707717948626446510663823160220857109405434288271836895599347260614249,1
24bfeb84a4ce87b56985d174dd98d1d5e1702a2b,f726ad70cb2643533f0d037b518cde1b702724adb4e6571fea25e26e4bfdd61e,b26c3bdea5a42988c0534d45bd092d0cc28e50535e08dc75b4692ed601799911,POSTHOC_ATTRIBUTION_DESIGN_INPUT,True,True,True,True,True,pauli_noncommuting,1/8,-1,True,1e-6,ordinary,136,0,136,22238962502048220455108435130346812948009326854675560411438087202356601017759757757059188275853386247977/63185780935605965758579739426144179531457492580716559691976347318966280956771693146666493376196710311,256148465941535151710605364422890264015024717554202278960527264763206954460516295381050323099784935337/252743123742423863034318957704576718125829970322866238767905389275865123827086772586665973504786841244
24bfeb84a4ce87b56985d174dd98d1d5e1702a2b,f726ad70cb2643533f0d037b518cde1b702724adb4e6571fea25e26e4bfdd61e,b26c3bdea5a42988c0534d45bd092d0cc28e50535e08dc75b4692ed601799911,POSTHOC_ATTRIBUTION_DESIGN_INPUT,True,True,True,True,True,pauli_noncommuting,1/8,-1,True,1e-6,PTSC_K0,26195267398927101429259539289233678631358338478100683349093628012855915010062732482087598145486055461781504/194167638579407717681625555181034546828944807986565034515120623244707890670806968253563831028313206866375,0,26195267398927101429259539289233678631358338478100683349093628012855915010062732482087598145486055461781504/194167638579407717681625555181034546828944807986565034515120623244707890670806968253563831028313206866375,67799515620752497816907042866251874104692170178613533374124684268568250614280013483050254023610967077552128/194167638579407717681625555181034546828944807986565034515120623244707890670806968253563831028313206866375,1562860023789517409347873571140692262813575457255767536644289939636759240818971430046379377572909985173047/1553341108635261741453004441448276374631558463892520276120964985957663125366455746028510648226505654931000
24bfeb84a4ce87b56985d174dd98d1d5e1702a2b,f726ad70cb2643533f0d037b518cde1b702724adb4e6571fea25e26e4bfdd61e,b26c3bdea5a42988c0534d45bd092d0cc28e50535e08dc75b4692ed601799911,POSTHOC_ATTRIBUTION_DESIGN_INPUT,True,True,True,True,True,pauli_noncommuting,1/8,-1,True,1e-6,A,140,0,140,351,147551108304119709270450306169410662017490953174546780203907028382438524035397146894152956023485192024665/145576236873663040121515024824887001149188014986742138786263913279805503637217835176640392558543707618988
24bfeb84a4ce87b56985d174dd98d1d5e1702a2b,f726ad70cb2643533f0d037b518cde1b702724adb4e6571fea25e26e4bfdd61e,b26c3bdea5a42988c0534d45bd092d0cc28e50535e08dc75b4692ed601799911,POSTHOC_ATTRIBUTION_DESIGN_INPUT,True,True,True,True,True,pauli_noncommuting,1/8,-1,True,1e-6,CTS_collected,282139806339232840506434832222313148390243280677777052812515660227869022849806564743150099042445505352/2084609103251633992346820927310747512820507438030039048421189462182906202016957166876211726309447897,0,282139806339232840506434832222313148390243280677777052812515660227869022849806564743150099042445505352/2084609103251633992346820927310747512820507438030039048421189462182906202016957166876211726309447897,12343616527341436772156523909726200242073143529652746060547560134969269749679037207512816833106990859150/35438354755277777869895955764282707717948626446510663823160220857109405434288271836895599347260614249,1
24bfeb84a4ce87b56985d174dd98d1d5e1702a2b,f726ad70cb2643533f0d037b518cde1b702724adb4e6571fea25e26e4bfdd61e,b26c3bdea5a42988c0534d45bd092d0cc28e50535e08dc75b4692ed601799911,POSTHOC_ATTRIBUTION_DESIGN_INPUT,True,True,True,True,True,pauli_noncommuting,1/8,1,False,1e-3,ordinary,38,0,38,6316632183732532982328667424489667355494780831082321089087565088761004192458066730212715423565386405904/63185780935605965758579739426144179531457492580716559691976347318966280956771693146666493376196710311,254202556113471558181298846298139666364056290564867398850457621627583051241413710927116409045500310141/252743123742423863034318957704576718125829970322866238767905389275865123827086772586665973504786841244
24bfeb84a4ce87b56985d174dd98d1d5e1702a2b,f726ad70cb2643533f0d037b518cde1b702724adb4e6571fea25e26e4bfdd61e,b26c3bdea5a42988c0534d45bd092d0cc28e50535e08dc75b4692ed601799911,POSTHOC_ATTRIBUTION_DESIGN_INPUT,True,True,True,True,True,pauli_noncommuting,1/8,1,False,1e-3,PTSC_K0,7319265890876690105234283036697645499938359280645779171070278415356799782223410546465652423003456673144832/194167638579407717681625555181034546828944807986565034515120623244707890670806968253563831028313206866375,0,7319265890876690105234283036697645499938359280645779171070278415356799782223410546465652423003456673144832/194167638579407717681625555181034546828944807986565034515120623244707890670806968253563831028313206866375,770449041144914747919398214389225842098774661120608333796871412142821029707727425943752886631942807699456/7766705543176308707265022207241381873157792319462601380604824929788315626832278730142553241132528274655,9303435211640418400823058951775442286059948579250631339341948329913830629154148282492822381283936176810659/9320046651811570448718026648689658247789350783355121656725789915745978752198734476171063889359033929586000
24bfeb84a4ce87b56985d174dd98d1d5e1702a2b,f726ad70cb2643533f0d037b518cde1b702724adb4e6571fea25e26e4bfdd61e,b26c3bdea5a42988c0534d45bd092d0cc28e50535e08dc75b4692ed601799911,POSTHOC_ATTRIBUTION_DESIGN_INPUT,True,True,True,True,True,pauli_noncommuting,1/8,1,False,1e-3,A,38,0,38,3241134809566336958222596780003523764068558036214514580659337937684954305813541337985078188497087372105557/36394059218415760030378756206221750287297003746685534696565978319951375909304458794160098139635926904747,146422610343858755471058716829682855807032131352944127965253819752362512379294683055574348329232915221421/145576236873663040121515024824887001149188014986742138786263913279805503637217835176640392558543707618988
24bfeb84a4ce87b56985d174dd98d1d5e1702a2b,f726ad70cb2643533f0d037b518cde1b702724adb4e6571fea25e26e4bfdd61e,b26c3bdea5a42988c0534d45bd092d0cc28e50535e08dc75b4692ed601799911,POSTHOC_ATTRIBUTION_DESIGN_INPUT,True,True,True,True,True,pauli_noncommuting,1/8,1,False,1e-3,CTS_collected,1340164080111355992405565453055987454853655583219441000859449386082377858536581182529962970451616150422/35438354755277777869895955764282707717948626446510663823160220857109405434288271836895599347260614249,0,1340164080111355992405565453055987454853655583219441000859449386082377858536581182529962970451616150422/35438354755277777869895955764282707717948626446510663823160220857109405434288271836895599347260614249,3562015055032814611393739756806703498426821418556935291758010210376846413478807879882270000410874505069/35438354755277777869895955764282707717948626446510663823160220857109405434288271836895599347260614249,35267475792404105063304354027789143548780410084722131601564457528483627856225820592893762380305688169/35438354755277777869895955764282707717948626446510663823160220857109405434288271836895599347260614249
24bfeb84a4ce87b56985d174dd98d1d5e1702a2b,f726ad70cb2643533f0d037b518cde1b702724adb4e6571fea25e26e4bfdd61e,b26c3bdea5a42988c0534d45bd092d0cc28e50535e08dc75b4692ed601799911,POSTHOC_ATTRIBUTION_DESIGN_INPUT,True,True,True,True,True,pauli_noncommuting,1/8,1,False,1e-4,ordinary,3283714698823446625916839932034746737984821187207926223872700417450622706533025459172723741507944310976/63185780935605965758579739426144179531457492580716559691976347318966280956771693146666493376196710311,0,3283714698823446625916839932034746737984821187207926223872700417450622706533025459172723741507944310976/63185780935605965758579739426144179531457492580716559691976347318966280956771693146666493376196710311,8334685354015796699544606049876779905199483739686581239010668916696677376636555741998175383495111885464/63185780935605965758579739426144179531457492580716559691976347318966280956771693146666493376196710311,254202556113471558181298846298139666364056290564867398850457621627583051241413710927116409045500310141/252743123742423863034318957704576718125829970322866238767905389275865123827086772586665973504786841244
24bfeb84a4ce87b56985d174dd98d1d5e1702a2b,f726ad70cb2643533f0d037b518cde1b702724adb4e6571fea25e26e4bfdd61e,b26c3bdea5a42988c0534d45bd092d0cc28e50535e08dc75b4692ed601799911,POSTHOC_ATTRIBUTION_DESIGN_INPUT,True,True,True,True,True,pauli_noncommuting,1/8,1,False,1e-4,PTSC_K0,10015837534883891722952176787059935947284070594567908339359328357856673386200456537268787526215256500092928/194167638579407717681625555181034546828944807986565034515120623244707890670806968253563831028313206866375,0,10015837534883891722952176787059935947284070594567908339359328357856673386200456537268787526215256500092928/194167638579407717681625555181034546828944807986565034515120623244707890670806968253563831028313206866375,25424818357782186681340141074844452789259563816980075015296756600713093980355005056143845258854112654082048/194167638579407717681625555181034546828944807986565034515120623244707890670806968253563831028313206866375,9303435211640418400823058951775442286059948579250631339341948329913830629154148282492822381283936176810659/9320046651811570448718026648689658247789350783355121656725789915745978752198734476171063889359033929586000
24bfeb84a4ce87b56985d174dd98d1d5e1702a2b,f726ad70cb2643533f0d037b518cde1b702724adb4e6571fea25e26e4bfdd61e,b26c3bdea5a42988c0534d45bd092d0cc28e50535e08dc75b4692ed601799911,POSTHOC_ATTRIBUTION_DESIGN_INPUT,True,True,True,True,True,pauli_noncommuting,1/8,1,False,1e-4,A,48,0,48,4511737776286826435302118054489794496443487717629277942738745384105271421907146796673217921640587730234224/36394059218415760030378756206221750287297003746685534696565978319951375909304458794160098139635926904747,146422610343858755471058716829682855807032131352944127965253819752362512379294683055574348329232915221421/145576236873663040121515024824887001149188014986742138786263913279805503637217835176640392558543707618988
24bfeb84a4ce87b56985d174dd98d1d5e1702a2b,f726ad70cb2643533f0d037b518cde1b702724adb4e6571fea25e26e4bfdd61e,b26c3bdea5a42988c0534d45bd092d0cc28e50535e08dc75b4692ed601799911,POSTHOC_ATTRIBUTION_DESIGN_INPUT,True,True,True,True,True,pauli_noncommuting,1/8,1,False,1e-4,CTS_collected,1692838838035397043038608993333878890341459684066662316875093961367214137098839388458900594254673032112/35438354755277777869895955764282707717948626446510663823160220857109405434288271836895599347260614249,0,1692838838035397043038608993333878890341459684066662316875093961367214137098839388458900594254673032112/35438354755277777869895955764282707717948626446510663823160220857109405434288271836895599347260614249,4478969425635321343039652961529221230695112080759710713398686106117420737740679215297507822298822397463/35438354755277777869895955764282707717948626446510663823160220857109405434288271836895599347260614249,35267475792404105063304354027789143548780410084722131601564457528483627856225820592893762380305688169/35438354755277777869895955764282707717948626446510663823160220857109405434288271836895599347260614249
24bfeb84a4ce87b56985d174dd98d1d5e1702a2b,f726ad70cb2643533f0d037b518cde1b702724adb4e6571fea25e26e4bfdd61e,b26c3bdea5a42988c0534d45bd092d0cc28e50535e08dc75b4692ed601799911,POSTHOC_ATTRIBUTION_DESIGN_INPUT,True,True,True,True,True,pauli_noncommuting,1/8,1,False,1e-6,ordinary,4548403272449597737853087979620005627439455252316924857767262185397760277278010614333020566059020829794/63185780935605965758579739426144179531457492580716559691976347318966280956771693146666493376196710311,0,4548403272449597737853087979620005627439455252316924857767262185397760277278010614333020566059020829794/63185780935605965758579739426144179531457492580716559691976347318966280956771693146666493376196710311,11246096051623830108262540358791288657773949465872880185116755001208186058695810087879668863935872122760/63185780935605965758579739426144179531457492580716559691976347318966280956771693146666493376196710311,254202556113471558181298846298139666364056290564867398850457621627583051241413710927116409045500310141/252743123742423863034318957704576718125829970322866238767905389275865123827086772586665973504786841244
24bfeb84a4ce87b56985d174dd98d1d5e1702a2b,f726ad70cb2643533f0d037b518cde1b702724adb4e6571fea25e26e4bfdd61e,b26c3bdea5a42988c0534d45bd092d0cc28e50535e08dc75b4692ed601799911,POSTHOC_ATTRIBUTION_DESIGN_INPUT,True,True,True,True,True,pauli_noncommuting,1/8,1,False,1e-6,PTSC_K0,13868082740608465462549167859006065157777943900170950008343685418570778534739093666987551959374970538590208/194167638579407717681625555181034546828944807986565034515120623244707890670806968253563831028313206866375,0,13868082740608465462549167859006065157777943900170950008343685418570778534739093666987551959374970538590208/194167638579407717681625555181034546828944807986565034515120623244707890670806968253563831028313206866375,34284982330948706282413220540320549973395472419867070853960777840355535821993870454497003455121454942625792/194167638579407717681625555181034546828944807986565034515120623244707890670806968253563831028313206866375,9303435211640418400823058951775442286059948579250631339341948329913830629154148282492822381283936176810659/9320046651811570448718026648689658247789350783355121656725789915745978752198734476171063889359033929586000
24bfeb84a4ce87b56985d174dd98d1d5e1702a2b,f726ad70cb2643533f0d037b518cde1b702724adb4e6571fea25e26e4bfdd61e,b26c3bdea5a42988c0534d45bd092d0cc28e50535e08dc75b4692ed601799911,POSTHOC_ATTRIBUTION_DESIGN_INPUT,True,True,True,True,True,pauli_noncommuting,1/8,1,False,1e-6,A,68,0,68,6296735028184290389487948681217214069293052021656461682323632213135937627732974418291014101994148957498433/36394059218415760030378756206221750287297003746685534696565978319951375909304458794160098139635926904747,146422610343858755471058716829682855807032131352944127965253819752362512379294683055574348329232915221421/145576236873663040121515024824887001149188014986742138786263913279805503637217835176640392558543707618988
24bfeb84a4ce87b56985d174dd98d1d5e1702a2b,f726ad70cb2643533f0d037b518cde1b702724adb4e6571fea25e26e4bfdd61e,b26c3bdea5a42988c0534d45bd092d0cc28e50535e08dc75b4692ed601799911,POSTHOC_ATTRIBUTION_DESIGN_INPUT,True,True,True,True,True,pauli_noncommuting,1/8,1,False,1e-6,CTS_collected,2539258257053095564557913490000818335512189526099993475312640942050821205648259082688350891382009548168/35438354755277777869895955764282707717948626446510663823160220857109405434288271836895599347260614249,0,2539258257053095564557913490000818335512189526099993475312640942050821205648259082688350891382009548168/35438354755277777869895955764282707717948626446510663823160220857109405434288271836895599347260614249,6524483021594759436711305495140991556524375865673594346289424642769471153401776809685346040356552311265/35438354755277777869895955764282707717948626446510663823160220857109405434288271836895599347260614249,35267475792404105063304354027789143548780410084722131601564457528483627856225820592893762380305688169/35438354755277777869895955764282707717948626446510663823160220857109405434288271836895599347260614249
24bfeb84a4ce87b56985d174dd98d1d5e1702a2b,f726ad70cb2643533f0d037b518cde1b702724adb4e6571fea25e26e4bfdd61e,b26c3bdea5a42988c0534d45bd092d0cc28e50535e08dc75b4692ed601799911,POSTHOC_ATTRIBUTION_DESIGN_INPUT,True,True,True,True,True,pauli_noncommuting,1/8,1,True,1e-3,ordinary,4553268047019756721676354274931882121566876319790262058042436293236820035325767075467855351194732392784/63185780935605965758579739426144179531457492580716559691976347318966280956771693146666493376196710311,0,4553268047019756721676354274931882121566876319790262058042436293236820035325767075467855351194732392784/63185780935605965758579739426144179531457492580716559691976347318966280956771693146666493376196710311,11762284803163027598742364123886570381105935754959954503257948817005847774055047847549637338244011243826/63185780935605965758579739426144179531457492580716559691976347318966280956771693146666493376196710311,256148465941535151710605364422890264015024717554202278960527264763206954460516295381050323099784935337/252743123742423863034318957704576718125829970322866238767905389275865123827086772586665973504786841244
24bfeb84a4ce87b56985d174dd98d1d5e1702a2b,f726ad70cb2643533f0d037b518cde1b702724adb4e6571fea25e26e4bfdd61e,b26c3bdea5a42988c0534d45bd092d0cc28e50535e08dc75b4692ed601799911,POSTHOC_ATTRIBUTION_DESIGN_INPUT,True,True,True,True,True,pauli_noncommuting,1/8,1,True,1e-3,PTSC_K0,13868082740608465462549167859006065157777943900170950008343685418570778534739093666987551959374970538590208/194167638579407717681625555181034546828944807986565034515120623244707890670806968253563831028313206866375,0,13868082740608465462549167859006065157777943900170950008343685418570778534739093666987551959374970538590208/194167638579407717681625555181034546828944807986565034515120623244707890670806968253563831028313206866375,35825880413238535778252016969099001657593021742108287521554520664641177881409325306384509228385340558024704/194167638579407717681625555181034546828944807986565034515120623244707890670806968253563831028313206866375,1562860023789517409347873571140692262813575457255767536644289939636759240818971430046379377572909985173047/1553341108635261741453004441448276374631558463892520276120964985957663125366455746028510648226505654931000
24bfeb84a4ce87b56985d174dd98d1d5e1702a2b,f726ad70cb2643533f0d037b518cde1b702724adb4e6571fea25e26e4bfdd61e,b26c3bdea5a42988c0534d45bd092d0cc28e50535e08dc75b4692ed601799911,POSTHOC_ATTRIBUTION_DESIGN_INPUT,True,True,True,True,True,pauli_noncommuting,1/8,1,True,1e-3,A,80,0,80,200,147551108304119709270450306169410662017490953174546780203907028382438524035397146894152956023485192024665/145576236873663040121515024824887001149188014986742138786263913279805503637217835176640392558543707618988
24bfeb84a4ce87b56985d174dd98d1d5e1702a2b,f726ad70cb2643533f0d037b518cde1b702724adb4e6571fea25e26e4bfdd61e,b26c3bdea5a42988c0534d45bd092d0cc28e50535e08dc75b4692ed601799911,POSTHOC_ATTRIBUTION_DESIGN_INPUT,True,True,True,True,True,pauli_noncommuting,1/8,1,True,1e-3,CTS_collected,2680328160222711984811130906111974909707311166438882001718898772164755717073162365059925940903232300844/35438354755277777869895955764282707717948626446510663823160220857109405434288271836895599347260614249,0,2680328160222711984811130906111974909707311166438882001718898772164755717073162365059925940903232300844/35438354755277777869895955764282707717948626446510663823160220857109405434288271836895599347260614249,6559750497387163541774609849168780700073156275758316477890989100297954781258002630278239802736857999434/35438354755277777869895955764282707717948626446510663823160220857109405434288271836895599347260614249,1
24bfeb84a4ce87b56985d174dd98d1d5e1702a2b,f726ad70cb2643533f0d037b518cde1b702724adb4e6571fea25e26e4bfdd61e,b26c3bdea5a42988c0534d45bd092d0cc28e50535e08dc75b4692ed601799911,POSTHOC_ATTRIBUTION_DESIGN_INPUT,True,True,True,True,True,pauli_noncommuting,1/8,1,True,1e-4,ordinary,6565483487818829658304373345944742878318673947426517567635331191765621509846948333891513568961603996756/63185780935605965758579739426144179531457492580716559691976347318966280956771693146666493376196710311,0,6565483487818829658304373345944742878318673947426517567635331191765621509846948333891513568961603996756/63185780935605965758579739426144179531457492580716559691976347318966280956771693146666493376196710311,17168046271118218547805277201726086154872237925556222875171904860970401339660425983580914014809801265230/63185780935605965758579739426144179531457492580716559691976347318966280956771693146666493376196710311,256148465941535151710605364422890264015024717554202278960527264763206954460516295381050323099784935337/252743123742423863034318957704576718125829970322866238767905389275865123827086772586665973504786841244
24bfeb84a4ce87b56985d174dd98d1d5e1702a2b,f726ad70cb2643533f0d037b518cde1b702724adb4e6571fea25e26e4bfdd61e,b26c3bdea5a42988c0534d45bd092d0cc28e50535e08dc75b4692ed601799911,POSTHOC_ATTRIBUTION_DESIGN_INPUT,True,True,True,True,True,pauli_noncommuting,1/8,1,True,1e-4,PTSC_K0,20031675069767783445904353574119871894568141189135816678718656715713346772400913074537575052430513000185856/194167638579407717681625555181034546828944807986565034515120623244707890670806968253563831028313206866375,0,20031675069767783445904353574119871894568141189135816678718656715713346772400913074537575052430513000185856/194167638579407717681625555181034546828944807986565034515120623244707890670806968253563831028313206866375,52390534797854202858519078578467357262716676956201366698187256025711830020125464964175196290972110923563008/194167638579407717681625555181034546828944807986565034515120623244707890670806968253563831028313206866375,1562860023789517409347873571140692262813575457255767536644289939636759240818971430046379377572909985173047/1553341108635261741453004441448276374631558463892520276120964985957663125366455746028510648226505654931000
24bfeb84a4ce87b56985d174dd98d1d5e1702a2b,f726ad70cb2643533f0d037b518cde1b702724adb4e6571fea25e26e4bfdd61e,b26c3bdea5a42988c0534d45bd092d0cc28e50535e08dc75b4692ed601799911,POSTHOC_ATTRIBUTION_DESIGN_INPUT,True,True,True,True,True,pauli_noncommuting,1/8,1,True,1e-4,A,92,0,92,236,147551108304119709270450306169410662017490953174546780203907028382438524035397146894152956023485192024665/145576236873663040121515024824887001149188014986742138786263913279805503637217835176640392558543707618988
24bfeb84a4ce87b56985d174dd98d1d5e1702a2b,f726ad70cb2643533f0d037b518cde1b702724adb4e6571fea25e26e4bfdd61e,b26c3bdea5a42988c0534d45bd092d0cc28e50535e08dc75b4692ed601799911,POSTHOC_ATTRIBUTION_DESIGN_INPUT,True,True,True,True,True,pauli_noncommuting,1/8,1,True,1e-4,CTS_collected,3385677676070794086077217986667757780682919368133324633750187922734428274197678776917801188509346064224/35438354755277777869895955764282707717948626446510663823160220857109405434288271836895599347260614249,0,3385677676070794086077217986667757780682919368133324633750187922734428274197678776917801188509346064224/35438354755277777869895955764282707717948626446510663823160220857109405434288271836895599347260614249,8781601472308622160762784152919496743646322111095810768789549924592423336200229327630546832696116354081/35438354755277777869895955764282707717948626446510663823160220857109405434288271836895599347260614249,1
24bfeb84a4ce87b56985d174dd98d1d5e1702a2b,f726ad70cb2643533f0d037b518cde1b702724adb4e6571fea25e26e4bfdd61e,b26c3bdea5a42988c0534d45bd092d0cc28e50535e08dc75b4692ed601799911,POSTHOC_ATTRIBUTION_DESIGN_INPUT,True,True,True,True,True,pauli_noncommuting,1/8,1,True,1e-6,ordinary,136,0,136,22238962502048220455108435130346812948009326854675560411438087202356601017759757757059188275853386247977/63185780935605965758579739426144179531457492580716559691976347318966280956771693146666493376196710311,256148465941535151710605364422890264015024717554202278960527264763206954460516295381050323099784935337/252743123742423863034318957704576718125829970322866238767905389275865123827086772586665973504786841244
24bfeb84a4ce87b56985d174dd98d1d5e1702a2b,f726ad70cb2643533f0d037b518cde1b702724adb4e6571fea25e26e4bfdd61e,b26c3bdea5a42988c0534d45bd092d0cc28e50535e08dc75b4692ed601799911,POSTHOC_ATTRIBUTION_DESIGN_INPUT,True,True,True,True,True,pauli_noncommuting,1/8,1,True,1e-6,PTSC_K0,26195267398927101429259539289233678631358338478100683349093628012855915010062732482087598145486055461781504/194167638579407717681625555181034546828944807986565034515120623244707890670806968253563831028313206866375,0,26195267398927101429259539289233678631358338478100683349093628012855915010062732482087598145486055461781504/194167638579407717681625555181034546828944807986565034515120623244707890670806968253563831028313206866375,67799515620752497816907042866251874104692170178613533374124684268568250614280013483050254023610967077552128/194167638579407717681625555181034546828944807986565034515120623244707890670806968253563831028313206866375,1562860023789517409347873571140692262813575457255767536644289939636759240818971430046379377572909985173047/1553341108635261741453004441448276374631558463892520276120964985957663125366455746028510648226505654931000
24bfeb84a4ce87b56985d174dd98d1d5e1702a2b,f726ad70cb2643533f0d037b518cde1b702724adb4e6571fea25e26e4bfdd61e,b26c3bdea5a42988c0534d45bd092d0cc28e50535e08dc75b4692ed601799911,POSTHOC_ATTRIBUTION_DESIGN_INPUT,True,True,True,True,True,pauli_noncommuting,1/8,1,True,1e-6,A,140,0,140,351,147551108304119709270450306169410662017490953174546780203907028382438524035397146894152956023485192024665/145576236873663040121515024824887001149188014986742138786263913279805503637217835176640392558543707618988
24bfeb84a4ce87b56985d174dd98d1d5e1702a2b,f726ad70cb2643533f0d037b518cde1b702724adb4e6571fea25e26e4bfdd61e,b26c3bdea5a42988c0534d45bd092d0cc28e50535e08dc75b4692ed601799911,POSTHOC_ATTRIBUTION_DESIGN_INPUT,True,True,True,True,True,pauli_noncommuting,1/8,1,True,1e-6,CTS_collected,282139806339232840506434832222313148390243280677777052812515660227869022849806564743150099042445505352/2084609103251633992346820927310747512820507438030039048421189462182906202016957166876211726309447897,0,282139806339232840506434832222313148390243280677777052812515660227869022849806564743150099042445505352/2084609103251633992346820927310747512820507438030039048421189462182906202016957166876211726309447897,12343616527341436772156523909726200242073143529652746060547560134969269749679037207512816833106990859150/35438354755277777869895955764282707717948626446510663823160220857109405434288271836895599347260614249,1
24bfeb84a4ce87b56985d174dd98d1d5e1702a2b,f726ad70cb2643533f0d037b518cde1b702724adb4e6571fea25e26e4bfdd61e,b26c3bdea5a42988c0534d45bd092d0cc28e50535e08dc75b4692ed601799911,POSTHOC_ATTRIBUTION_DESIGN_INPUT,True,True,True,True,True,pauli_noncommuting,1/4,-1,False,1e-3,ordinary,198985680477079780463647535472690937765217847285098164114193003010784077557009560884622885101682751475324/4757821334383809352355940230100611996364149701320001465558286007095135895574721297029838730323875220663,0,198985680477079780463647535472690937765217847285098164114193003010784077557009560884622885101682751475324/4757821334383809352355940230100611996364149701320001465558286007095135895574721297029838730323875220663,529785665705172535567758140402307734625171152589919873531926332074879243428230095435030685365900662808342/4757821334383809352355940230100611996364149701320001465558286007095135895574721297029838730323875220663,19452693121055343577074738016169831026494818890450954581860648671986358610863251983434525707255504778913/19031285337535237409423760920402447985456598805280005862233144028380543582298885188119354921295500882652
24bfeb84a4ce87b56985d174dd98d1d5e1702a2b,f726ad70cb2643533f0d037b518cde1b702724adb4e6571fea25e26e4bfdd61e,b26c3bdea5a42988c0534d45bd092d0cc28e50535e08dc75b4692ed601799911,POSTHOC_ATTRIBUTION_DESIGN_INPUT,True,True,True,True,True,pauli_noncommuting,1/4,-1,False,1e-3,PTSC_K0,1034286864399138701076457655058572486788049100069582823886202385533409585142598183151151123574201091841024/25434674436242112657220131658266521230307001351848611313464735402333978456876919622764153148146519041991,0,1034286864399138701076457655058572486788049100069582823886202385533409585142598183151151123574201091841024/25434674436242112657220131658266521230307001351848611313464735402333978456876919622764153148146519041991,8274294915193109608611661240468579894304392800556662591089619084267276681140785465209208988593608734728192/76304023308726337971660394974799563690921004055545833940394206207001935370630758868292459444439557125973,404403970579060192164609463934950278145940147591060541267355223294579336790075530665320451003007196567777/406954790979873802515522106532264339684912021629577781015435766437343655310030713964226450370344304671856
24bfeb84a4ce87b56985d174dd98d1d5e1702a2b,f726ad70cb2643533f0d037b518cde1b702724adb4e6571fea25e26e4bfdd61e,b26c3bdea5a42988c0534d45bd092d0cc28e50535e08dc75b4692ed601799911,POSTHOC_ATTRIBUTION_DESIGN_INPUT,True,True,True,True,True,pauli_noncommuting,1/4,-1,False,1e-3,A,38,0,38,1882250614056089812962190112136416962806576299089667538956489290470874633387716591634015108484178087055197/19024158656403374384816156728296724410713532487081200580346257641281277968197989971236765724337807679223,77826103594377440665157004797577508952918996538059456919598326714332500778991777155059496145018304142273/76096634625613497539264626913186897642854129948324802321385030565125111872791959884947062897351230716892
24bfeb84a4ce87b56985d174dd98d1d5e1702a2b,f726ad70cb2643533f0d037b518cde1b702724adb4e6571fea25e26e4bfdd61e,b26c3bdea5a42988c0534d45bd092d0cc28e50535e08dc75b4692ed601799911,POSTHOC_ATTRIBUTION_DESIGN_INPUT,True,True,True,True,True,pauli_noncommuting,1/4,-1,False,1e-3,CTS_collected,5481012181441591882378787309090185399687561335558168519643573329285026447567126005454554339194859662614/146971226075494340757538978023112431961627286408568318694047300870776295132344641100201874081669861033,0,5481012181441591882378787309090185399687561335558168519643573329285026447567126005454554339194859662614/146971226075494340757538978023112431961627286408568318694047300870776295132344641100201874081669861033,15000664917629619888615628424878402146513325760474987527445569111727440803867923804401938191480668550312/146971226075494340757538978023112431961627286408568318694047300870776295132344641100201874081669861033,144237162669515575852073350239215405254935824619951803148515087612763853883345421196172482610391043753/146971226075494340757538978023112431961627286408568318694047300870776295132344641100201874081669861033
24bfeb84a4ce87b56985d174dd98d1d5e1702a2b,f726ad70cb2643533f0d037b518cde1b702724adb4e6571fea25e26e4bfdd61e,b26c3bdea5a42988c0534d45bd092d0cc28e50535e08dc75b4692ed601799911,POSTHOC_ATTRIBUTION_DESIGN_INPUT,True,True,True,True,True,pauli_noncommuting,1/4,-1,False,1e-4,ordinary,273987067737833780320939973565587708264275655612428990977452233408024078476700123516259849357638077949236/4757821334383809352355940230100611996364149701320001465558286007095135895574721297029838730323875220663,0,273987067737833780320939973565587708264275655612428990977452233408024078476700123516259849357638077949236/4757821334383809352355940230100611996364149701320001465558286007095135895574721297029838730323875220663,671256082386126497635483416018023945392980983374007071339792398356915875209778633959980334917736907739449/4757821334383809352355940230100611996364149701320001465558286007095135895574721297029838730323875220663,19452693121055343577074738016169831026494818890450954581860648671986358610863251983434525707255504778913/19031285337535237409423760920402447985456598805280005862233144028380543582298885188119354921295500882652
24bfeb84a4ce87b56985d174dd98d1d5e1702a2b,f726ad70cb2643533f0d037b518cde1b702724adb4e6571fea25e26e4bfdd61e,b26c3bdea5a42988c0534d45bd092d0cc28e50535e08dc75b4692ed601799911,POSTHOC_ATTRIBUTION_DESIGN_INPUT,True,True,True,True,True,pauli_noncommuting,1/4,-1,False,1e-4,PTSC_K0,4284902723939288904459610285242657445264774843145414556099981311495553995590763901626197511950261666198528/76304023308726337971660394974799563690921004055545833940394206207001935370630758868292459444439557125973,0,4284902723939288904459610285242657445264774843145414556099981311495553995590763901626197511950261666198528/76304023308726337971660394974799563690921004055545833940394206207001935370630758868292459444439557125973,10490623910334121110918356215594092365993069443562911499417195624696011506446353000533104253395468217244672/76304023308726337971660394974799563690921004055545833940394206207001935370630758868292459444439557125973,404403970579060192164609463934950278145940147591060541267355223294579336790075530665320451003007196567777/406954790979873802515522106532264339684912021629577781015435766437343655310030713964226450370344304671856
24bfeb84a4ce87b56985d174dd98d1d5e1702a2b,f726ad70cb2643533f0d037b518cde1b702724adb4e6571fea25e26e4bfdd61e,b26c3bdea5a42988c0534d45bd092d0cc28e50535e08dc75b4692ed601799911,POSTHOC_ATTRIBUTION_DESIGN_INPUT,True,True,True,True,True,pauli_noncommuting,1/4,-1,False,1e-4,A,46,0,46,2336928600263363712973428867007273758906928716893997488721815780501672162184660991746322988826177349376749/19024158656403374384816156728296724410713532487081200580346257641281277968197989971236765724337807679223,77826103594377440665157004797577508952918996538059456919598326714332500778991777155059496145018304142273/76096634625613497539264626913186897642854129948324802321385030565125111872791959884947062897351230716892
24bfeb84a4ce87b56985d174dd98d1d5e1702a2b,f726ad70cb2643533f0d037b518cde1b702724adb4e6571fea25e26e4bfdd61e,b26c3bdea5a42988c0534d45bd092d0cc28e50535e08dc75b4692ed601799911,POSTHOC_ATTRIBUTION_DESIGN_INPUT,True,True,True,True,True,pauli_noncommuting,1/4,-1,False,1e-4,CTS_collected,7211858133475778792603667511960770262746791230997590157425754380638192694167271059808624130519552187650/146971226075494340757538978023112431961627286408568318694047300870776295132344641100201874081669861033,0,7211858133475778792603667511960770262746791230997590157425754380638192694167271059808624130519552187650/146971226075494340757538978023112431961627286408568318694047300870776295132344641100201874081669861033,5913723669450138609935007359807831615452368809418023929089118592123318009217162269043071787026032793873/48990408691831446919179659341037477320542428802856106231349100290258765044114880366733958027223287011,144237162669515575852073350239215405254935824619951803148515087612763853883345421196172482610391043753/146971226075494340757538978023112431961627286408568318694047300870776295132344641100201874081669861033
24bfeb84a4ce87b56985d174dd98d1d5e1702a2b,f726ad70cb2643533f0d037b518cde1b702724adb4e6571fea25e26e4bfdd61e,b26c3bdea5a42988c0534d45bd092d0cc28e50535e08dc75b4692ed601799911,POSTHOC_ATTRIBUTION_DESIGN_INPUT,True,True,True,True,True,pauli_noncommuting,1/4,-1,False,1e-6,ordinary,398533237998853035817496373739738386251819988017090926521222678879709241818771610829665997917978841478996/4757821334383809352355940230100611996364149701320001465558286007095135895574721297029838730323875220663,0,398533237998853035817496373739738386251819988017090926521222678879709241818771610829665997917978841478996/4757821334383809352355940230100611996364149701320001465558286007095135895574721297029838730323875220663,1024599084481088708212775924332771382247042721527200025949988076812773376568001110326133913319583685757294/4757821334383809352355940230100611996364149701320001465558286007095135895574721297029838730323875220663,19452693121055343577074738016169831026494818890450954581860648671986358610863251983434525707255504778913/19031285337535237409423760920402447985456598805280005862233144028380543582298885188119354921295500882652
24bfeb84a4ce87b56985d174dd98d1d5e1702a2b,f726ad70cb2643533f0d037b518cde1b702724adb4e6571fea25e26e4bfdd61e,b26c3bdea5a42988c0534d45bd092d0cc28e50535e08dc75b4692ed601799911,POSTHOC_ATTRIBUTION_DESIGN_INPUT,True,True,True,True,True,pauli_noncommuting,1/4,-1,False,1e-6,PTSC_K0,2068573728798277402152915310117144973576098200139165647772404771066819170285196366302302247148402183682048/25434674436242112657220131658266521230307001351848611313464735402333978456876919622764153148146519041991,0,2068573728798277402152915310117144973576098200139165647772404771066819170285196366302302247148402183682048/25434674436242112657220131658266521230307001351848611313464735402333978456876919622764153148146519041991,5319189588338427605536067940301229932052823943214997379986183697028963580733362084777348635524462758039552/25434674436242112657220131658266521230307001351848611313464735402333978456876919622764153148146519041991,404403970579060192164609463934950278145940147591060541267355223294579336790075530665320451003007196567777/406954790979873802515522106532264339684912021629577781015435766437343655310030713964226450370344304671856
24bfeb84a4ce87b56985d174dd98d1d5e1702a2b,f726ad70cb2643533f0d037b518cde1b702724adb4e6571fea25e26e4bfdd61e,b26c3bdea5a42988c0534d45bd092d0cc28e50535e08dc75b4692ed601799911,POSTHOC_ATTRIBUTION_DESIGN_INPUT,True,True,True,True,True,pauli_noncommuting,1/4,-1,False,1e-6,A,68,0,68,3329988493489153351432567030095232607777577129993457647225788564568204901410571188645383800575959592655945/19024158656403374384816156728296724410713532487081200580346257641281277968197989971236765724337807679223,77826103594377440665157004797577508952918996538059456919598326714332500778991777155059496145018304142273/76096634625613497539264626913186897642854129948324802321385030565125111872791959884947062897351230716892
24bfeb84a4ce87b56985d174dd98d1d5e1702a2b,f726ad70cb2643533f0d037b518cde1b702724adb4e6571fea25e26e4bfdd61e,b26c3bdea5a42988c0534d45bd092d0cc28e50535e08dc75b4692ed601799911,POSTHOC_ATTRIBUTION_DESIGN_INPUT,True,True,True,True,True,pauli_noncommuting,1/4,-1,False,1e-6,CTS_collected,3173217578729342668745613705262738915608588141638939669267331927480804785433599266315794617428602962566/48990408691831446919179659341037477320542428802856106231349100290258765044114880366733958027223287011,0,3173217578729342668745613705262738915608588141638939669267331927480804785433599266315794617428602962566/48990408691831446919179659341037477320542428802856106231349100290258765044114880366733958027223287011,7933043946823356671864034263156847289021470354097349173168329818702011963583998165789486543571507406415/48990408691831446919179659341037477320542428802856106231349100290258765044114880366733958027223287011,144237162669515575852073350239215405254935824619951803148515087612763853883345421196172482610391043753/146971226075494340757538978023112431961627286408568318694047300870776295132344641100201874081669861033
24bfeb84a4ce87b56985d174dd98d1d5e1702a2b,f726ad70cb2643533f0d037b518cde1b702724adb4e6571fea25e26e4bfdd61e,b26c3bdea5a42988c0534d45bd092d0cc28e50535e08dc75b4692ed601799911,POSTHOC_ATTRIBUTION_DESIGN_INPUT,True,True,True,True,True,pauli_noncommuting,1/4,-1,True,1e-3,ordinary,398533237998853035817496373739738386251819988017090926521222678879709241818771610829665997917978841478996/4757821334383809352355940230100611996364149701320001465558286007095135895574721297029838730323875220663,0,398533237998853035817496373739738386251819988017090926521222678879709241818771610829665997917978841478996/4757821334383809352355940230100611996364149701320001465558286007095135895574721297029838730323875220663,1002074201159729979953949154469570471388336633276112864781079160708115142175820604226930232025844321342762/4757821334383809352355940230100611996364149701320001465558286007095135895574721297029838730323875220663,20014570165748818467276040810526341747879112337345552874697321530127445315615741043854753421868843307261/19031285337535237409423760920402447985456598805280005862233144028380543582298885188119354921295500882652
24bfeb84a4ce87b56985d174dd98d1d5e1702a2b,f726ad70cb2643533f0d037b518cde1b702724adb4e6571fea25e26e4bfdd61e,b26c3bdea5a42988c0534d45bd092d0cc28e50535e08dc75b4692ed601799911,POSTHOC_ATTRIBUTION_DESIGN_INPUT,True,True,True,True,True,pauli_noncommuting,1/4,-1,True,1e-3,PTSC_K0,2068573728798277402152915310117144973576098200139165647772404771066819170285196366302302247148402183682048/25434674436242112657220131658266521230307001351848611313464735402333978456876919622764153148146519041991,0,2068573728798277402152915310117144973576098200139165647772404771066819170285196366302302247148402183682048/25434674436242112657220131658266521230307001351848611313464735402333978456876919622764153148146519041991,15588180599158447566223754658382771050877025722477283988570621667682101604649158331778063362439745027032576/76304023308726337971660394974799563690921004055545833940394206207001935370630758868292459444439557125973,208516821159836960731515298397411169468229713183566851961242858695840359365170719109220199545033268346423/203477395489936901257761053266132169842456010814788890507717883218671827655015356982113225185172152335928
24bfeb84a4ce87b56985d174dd98d1d5e1702a2b,f726ad70cb2643533f0d037b518cde1b702724adb4e6571fea25e26e4bfdd61e,b26c3bdea5a42988c0534d45bd092d0cc28e50535e08dc75b4692ed601799911,POSTHOC_ATTRIBUTION_DESIGN_INPUT,True,True,True,True,True,pauli_noncommuting,1/4,-1,True,1e-3,A,72,0,72,188,80132062219396031499680175310098324033005485324372329717216054913275685987258200181876073808574402042781/76096634625613497539264626913186897642854129948324802321385030565125111872791959884947062897351230716892
24bfeb84a4ce87b56985d174dd98d1d5e1702a2b,f726ad70cb2643533f0d037b518cde1b702724adb4e6571fea25e26e4bfdd61e,b26c3bdea5a42988c0534d45bd092d0cc28e50535e08dc75b4692ed601799911,POSTHOC_ATTRIBUTION_DESIGN_INPUT,True,True,True,True,True,pauli_noncommuting,1/4,-1,True,1e-3,CTS_collected,9808127061527059157940987816266647557335636074156722614099025957667942064067488641339728817506590975204/146971226075494340757538978023112431961627286408568318694047300870776295132344641100201874081669861033,0,9808127061527059157940987816266647557335636074156722614099025957667942064067488641339728817506590975204/146971226075494340757538978023112431961627286408568318694047300870776295132344641100201874081669861033,25385740629834741349964909642101911324868705133111517354138655419846438283468794130526356939428823700528/146971226075494340757538978023112431961627286408568318694047300870776295132344641100201874081669861033,1
24bfeb84a4ce87b56985d174dd98d1d5e1702a2b,f726ad70cb2643533f0d037b518cde1b702724adb4e6571fea25e26e4bfdd61e,b26c3bdea5a42988c0534d45bd092d0cc28e50535e08dc75b4692ed601799911,POSTHOC_ATTRIBUTION_DESIGN_INPUT,True,True,True,True,True,pauli_noncommuting,1/4,-1,True,1e-4,ordinary,475220256393687460345392720215704688915030676685105548262991927851372502852719640642563645317774183537952/4757821334383809352355940230100611996364149701320001465558286007095135895574721297029838730323875220663,0,475220256393687460345392720215704688915030676685105548262991927851372502852719640642563645317774183537952/4757821334383809352355940230100611996364149701320001465558286007095135895574721297029838730323875220663,1197847222175333007013294332396641201640997137838851172735014728071692072275324788730678904612389878550380/4757821334383809352355940230100611996364149701320001465558286007095135895574721297029838730323875220663,20014570165748818467276040810526341747879112337345552874697321530127445315615741043854753421868843307261/19031285337535237409423760920402447985456598805280005862233144028380543582298885188119354921295500882652
24bfeb84a4ce87b56985d174dd98d1d5e1702a2b,f726ad70cb2643533f0d037b518cde1b702724adb4e6571fea25e26e4bfdd61e,b26c3bdea5a42988c0534d45bd092d0cc28e50535e08dc75b4692ed601799911,POSTHOC_ATTRIBUTION_DESIGN_INPUT,True,True,True,True,True,pauli_noncommuting,1/4,-1,True,1e-4,PTSC_K0,7387763317136705007688983250418374905628922143354163027758588468095782751018558451079650882672864941721600/76304023308726337971660394974799563690921004055545833940394206207001935370630758868292459444439557125973,0,7387763317136705007688983250418374905628922143354163027758588468095782751018558451079650882672864941721600/76304023308726337971660394974799563690921004055545833940394206207001935370630758868292459444439557125973,6205721186394832206458745930351434920728294600417496943317214313200457510855589098906906741445206551046144/25434674436242112657220131658266521230307001351848611313464735402333978456876919622764153148146519041991,208516821159836960731515298397411169468229713183566851961242858695840359365170719109220199545033268346423/203477395489936901257761053266132169842456010814788890507717883218671827655015356982113225185172152335928
24bfeb84a4ce87b56985d174dd98d1d5e1702a2b,f726ad70cb2643533f0d037b518cde1b702724adb4e6571fea25e26e4bfdd61e,b26c3bdea5a42988c0534d45bd092d0cc28e50535e08dc75b4692ed601799911,POSTHOC_ATTRIBUTION_DESIGN_INPUT,True,True,True,True,True,pauli_noncommuting,1/4,-1,True,1e-4,A,100,0,100,246,80132062219396031499680175310098324033005485324372329717216054913275685987258200181876073808574402042781/76096634625613497539264626913186897642854129948324802321385030565125111872791959884947062897351230716892
24bfeb84a4ce87b56985d174dd98d1d5e1702a2b,f726ad70cb2643533f0d037b518cde1b702724adb4e6571fea25e26e4bfdd61e,b26c3bdea5a42988c0534d45bd092d0cc28e50535e08dc75b4692ed601799911,POSTHOC_ATTRIBUTION_DESIGN_INPUT,True,True,True,True,True,pauli_noncommuting,1/4,-1,True,1e-4,CTS_collected,4615589205424498427266347207654892968157946387838457700752482803608443324267053478277519443532513400096/48990408691831446919179659341037477320542428802856106231349100290258765044114880366733958027223287011,0,4615589205424498427266347207654892968157946387838457700752482803608443324267053478277519443532513400096/48990408691831446919179659341037477320542428802856106231349100290258765044114880366733958027223287011,35770816342039862811314190859325420503224084505748047180831741727965435763069664456650775687376978850744/146971226075494340757538978023112431961627286408568318694047300870776295132344641100201874081669861033,1
24bfeb84a4ce87b56985d174dd98d1d5e1702a2b,f726ad70cb2643533f0d037b518cde1b702724adb4e6571fea25e26e4bfdd61e,b26c3bdea5a42988c0534d45bd092d0cc28e50535e08dc75b4692ed601799911,POSTHOC_ATTRIBUTION_DESIGN_INPUT,True,True,True,True,True,pauli_noncommuting,1/4,-1,True,1e-6,ordinary,140,0,140,1662586684617549994810478025783950501936279346186535255077979339694231502698399566639989570812832471492692/4757821334383809352355940230100611996364149701320001465558286007095135895574721297029838730323875220663,20014570165748818467276040810526341747879112337345552874697321530127445315615741043854753421868843307261/19031285337535237409423760920402447985456598805280005862233144028380543582298885188119354921295500882652
24bfeb84a4ce87b56985d174dd98d1d5e1702a2b,f726ad70cb2643533f0d037b518cde1b702724adb4e6571fea25e26e4bfdd61e,b26c3bdea5a42988c0534d45bd092d0cc28e50535e08dc75b4692ed601799911,POSTHOC_ATTRIBUTION_DESIGN_INPUT,True,True,True,True,True,pauli_noncommuting,1/4,-1,True,1e-6,PTSC_K0,10342868643991387010764576550585724867880491000695828238862023855334095851425981831511511235742010918410240/76304023308726337971660394974799563690921004055545833940394206207001935370630758868292459444439557125973,0,10342868643991387010764576550585724867880491000695828238862023855334095851425981831511511235742010918410240/76304023308726337971660394974799563690921004055545833940394206207001935370630758868292459444439557125973,25783293976807100476834551543960128420644938280306028966877473753654281801054768994267981580528298646608384/76304023308726337971660394974799563690921004055545833940394206207001935370630758868292459444439557125973,208516821159836960731515298397411169468229713183566851961242858695840359365170719109220199545033268346423/203477395489936901257761053266132169842456010814788890507717883218671827655015356982113225185172152335928
24bfeb84a4ce87b56985d174dd98d1d5e1702a2b,f726ad70cb2643533f0d037b518cde1b702724adb4e6571fea25e26e4bfdd61e,b26c3bdea5a42988c0534d45bd092d0cc28e50535e08dc75b4692ed601799911,POSTHOC_ATTRIBUTION_DESIGN_INPUT,True,True,True,True,True,pauli_noncommuting,1/4,-1,True,1e-6,A,140,0,140,358,80132062219396031499680175310098324033005485324372329717216054913275685987258200181876073808574402042781/76096634625613497539264626913186897642854129948324802321385030565125111872791959884947062897351230716892
24bfeb84a4ce87b56985d174dd98d1d5e1702a2b,f726ad70cb2643533f0d037b518cde1b702724adb4e6571fea25e26e4bfdd61e,b26c3bdea5a42988c0534d45bd092d0cc28e50535e08dc75b4692ed601799911,POSTHOC_ATTRIBUTION_DESIGN_INPUT,True,True,True,True,True,pauli_noncommuting,1/4,-1,True,1e-6,CTS_collected,20193202773732180619290269033490156735691015446793252440792112265786939543668358967464147565454746125420/146971226075494340757538978023112431961627286408568318694047300870776295132344641100201874081669861033,0,20193202773732180619290269033490156735691015446793252440792112265786939543668358967464147565454746125420/146971226075494340757538978023112431961627286408568318694047300870776295132344641100201874081669861033,50483006934330451548225672583725391839227538616983131101980280664467348859170897418660368913636865313550/146971226075494340757538978023112431961627286408568318694047300870776295132344641100201874081669861033,1
24bfeb84a4ce87b56985d174dd98d1d5e1702a2b,f726ad70cb2643533f0d037b518cde1b702724adb4e6571fea25e26e4bfdd61e,b26c3bdea5a42988c0534d45bd092d0cc28e50535e08dc75b4692ed601799911,POSTHOC_ATTRIBUTION_DESIGN_INPUT,True,True,True,True,True,pauli_noncommuting,1/4,1,False,1e-3,ordinary,198985680477079780463647535472690937765217847285098164114193003010784077557009560884622885101682751475324/4757821334383809352355940230100611996364149701320001465558286007095135895574721297029838730323875220663,0,198985680477079780463647535472690937765217847285098164114193003010784077557009560884622885101682751475324/4757821334383809352355940230100611996364149701320001465558286007095135895574721297029838730323875220663,516074078746714582400891622506362409357462996932854467428088146911734922446258420604361396889542375674701/4757821334383809352355940230100611996364149701320001465558286007095135895574721297029838730323875220663,19452693121055343577074738016169831026494818890450954581860648671986358610863251983434525707255504778913/19031285337535237409423760920402447985456598805280005862233144028380543582298885188119354921295500882652
24bfeb84a4ce87b56985d174dd98d1d5e1702a2b,f726ad70cb2643533f0d037b518cde1b702724adb4e6571fea25e26e4bfdd61e,b26c3bdea5a42988c0534d45bd092d0cc28e50535e08dc75b4692ed601799911,POSTHOC_ATTRIBUTION_DESIGN_INPUT,True,True,True,True,True,pauli_noncommuting,1/4,1,False,1e-3,PTSC_K0,1034286864399138701076457655058572486788049100069582823886202385533409585142598183151151123574201091841024/25434674436242112657220131658266521230307001351848611313464735402333978456876919622764153148146519041991,0,1034286864399138701076457655058572486788049100069582823886202385533409585142598183151151123574201091841024/25434674436242112657220131658266521230307001351848611313464735402333978456876919622764153148146519041991,8052662015679008458380991742956028647135525136256037700256861430224403198610228711676819462113422786476544/76304023308726337971660394974799563690921004055545833940394206207001935370630758868292459444439557125973,404403970579060192164609463934950278145940147591060541267355223294579336790075530665320451003007196567777/406954790979873802515522106532264339684912021629577781015435766437343655310030713964226450370344304671856
24bfeb84a4ce87b56985d174dd98d1d5e1702a2b,f726ad70cb2643533f0d037b518cde1b702724adb4e6571fea25e26e4bfdd61e,b26c3bdea5a42988c0534d45bd092d0cc28e50535e08dc75b4692ed601799911,POSTHOC_ATTRIBUTION_DESIGN_INPUT,True,True,True,True,True,pauli_noncommuting,1/4,1,False,1e-3,A,38,0,38,1827460323942568192076960449881444297282562535891166574211030949578974570410891452757154207761694410393288/19024158656403374384816156728296724410713532487081200580346257641281277968197989971236765724337807679223,77826103594377440665157004797577508952918996538059456919598326714332500778991777155059496145018304142273/76096634625613497539264626913186897642854129948324802321385030565125111872791959884947062897351230716892
24bfeb84a4ce87b56985d174dd98d1d5e1702a2b,f726ad70cb2643533f0d037b518cde1b702724adb4e6571fea25e26e4bfdd61e,b26c3bdea5a42988c0534d45bd092d0cc28e50535e08dc75b4692ed601799911,POSTHOC_ATTRIBUTION_DESIGN_INPUT,True,True,True,True,True,pauli_noncommuting,1/4,1,False,1e-3,CTS_collected,5481012181441591882378787309090185399687561335558168519643573329285026447567126005454554339194859662614/146971226075494340757538978023112431961627286408568318694047300870776295132344641100201874081669861033,0,5481012181441591882378787309090185399687561335558168519643573329285026447567126005454554339194859662614/146971226075494340757538978023112431961627286408568318694047300870776295132344641100201874081669861033,15000664917629619888615628424878402146513325760474987527445569111727440803867923804401938191480668550312/146971226075494340757538978023112431961627286408568318694047300870776295132344641100201874081669861033,144237162669515575852073350239215405254935824619951803148515087612763853883345421196172482610391043753/146971226075494340757538978023112431961627286408568318694047300870776295132344641100201874081669861033
24bfeb84a4ce87b56985d174dd98d1d5e1702a2b,f726ad70cb2643533f0d037b518cde1b702724adb4e6571fea25e26e4bfdd61e,b26c3bdea5a42988c0534d45bd092d0cc28e50535e08dc75b4692ed601799911,POSTHOC_ATTRIBUTION_DESIGN_INPUT,True,True,True,True,True,pauli_noncommuting,1/4,1,False,1e-4,ordinary,273987067737833780320939973565587708264275655612428990977452233408024078476700123516259849357638077949236/4757821334383809352355940230100611996364149701320001465558286007095135895574721297029838730323875220663,0,273987067737833780320939973565587708264275655612428990977452233408024078476700123516259849357638077949236/4757821334383809352355940230100611996364149701320001465558286007095135895574721297029838730323875220663,731422128599035594545506730626262369181562049150483295513540097874729381737992543640107555268107270023024/4757821334383809352355940230100611996364149701320001465558286007095135895574721297029838730323875220663,19452693121055343577074738016169831026494818890450954581860648671986358610863251983434525707255504778913/19031285337535237409423760920402447985456598805280005862233144028380543582298885188119354921295500882652
24bfeb84a4ce87b56985d174dd98d1d5e1702a2b,f726ad70cb2643533f0d037b518cde1b702724adb4e6571fea25e26e4bfdd61e,b26c3bdea5a42988c0534d45bd092d0cc28e50535e08dc75b4692ed601799911,POSTHOC_ATTRIBUTION_DESIGN_INPUT,True,True,True,True,True,pauli_noncommuting,1/4,1,False,1e-4,PTSC_K0,4284902723939288904459610285242657445264774843145414556099981311495553995590763901626197511950261666198528/76304023308726337971660394974799563690921004055545833940394206207001935370630758868292459444439557125973,0,4284902723939288904459610285242657445264774843145414556099981311495553995590763901626197511950261666198528/76304023308726337971660394974799563690921004055545833940394206207001935370630758868292459444439557125973,11451033141561892761917924038148481103724829322198952693025812125548463264078765599173458868142940659668480/76304023308726337971660394974799563690921004055545833940394206207001935370630758868292459444439557125973,404403970579060192164609463934950278145940147591060541267355223294579336790075530665320451003007196567777/406954790979873802515522106532264339684912021629577781015435766437343655310030713964226450370344304671856
24bfeb84a4ce87b56985d174dd98d1d5e1702a2b,f726ad70cb2643533f0d037b518cde1b702724adb4e6571fea25e26e4bfdd61e,b26c3bdea5a42988c0534d45bd092d0cc28e50535e08dc75b4692ed601799911,POSTHOC_ATTRIBUTION_DESIGN_INPUT,True,True,True,True,True,pauli_noncommuting,1/4,1,False,1e-4,A,46,0,46,2190821159960639390612816434327346650842892015031328249400593538123271994246460621408027253566220878278325/19024158656403374384816156728296724410713532487081200580346257641281277968197989971236765724337807679223,77826103594377440665157004797577508952918996538059456919598326714332500778991777155059496145018304142273/76096634625613497539264626913186897642854129948324802321385030565125111872791959884947062897351230716892
24bfeb84a4ce87b56985d174dd98d1d5e1702a2b,f726ad70cb2643533f0d037b518cde1b702724adb4e6571fea25e26e4bfdd61e,b26c3bdea5a42988c0534d45bd092d0cc28e50535e08dc75b4692ed601799911,POSTHOC_ATTRIBUTION_DESIGN_INPUT,True,True,True,True,True,pauli_noncommuting,1/4,1,False,1e-4,CTS_collected,7211858133475778792603667511960770262746791230997590157425754380638192694167271059808624130519552187650/146971226075494340757538978023112431961627286408568318694047300870776295132344641100201874081669861033,0,7211858133475778792603667511960770262746791230997590157425754380638192694167271059808624130519552187650/146971226075494340757538978023112431961627286408568318694047300870776295132344641100201874081669861033,19183542635045571588325755581815648898906464674453589818752506652497592566484941019090940187182008819149/146971226075494340757538978023112431961627286408568318694047300870776295132344641100201874081669861033,144237162669515575852073350239215405254935824619951803148515087612763853883345421196172482610391043753/146971226075494340757538978023112431961627286408568318694047300870776295132344641100201874081669861033
24bfeb84a4ce87b56985d174dd98d1d5e1702a2b,f726ad70cb2643533f0d037b518cde1b702724adb4e6571fea25e26e4bfdd61e,b26c3bdea5a42988c0534d45bd092d0cc28e50535e08dc75b4692ed601799911,POSTHOC_ATTRIBUTION_DESIGN_INPUT,True,True,True,True,True,pauli_noncommuting,1/4,1,False,1e-6,ordinary,398533237998853035817496373739738386251819988017090926521222678879709241818771610829665997917978841478996/4757821334383809352355940230100611996364149701320001465558286007095135895574721297029838730323875220663,0,398533237998853035817496373739738386251819988017090926521222678879709241818771610829665997917978841478996/4757821334383809352355940230100611996364149701320001465558286007095135895574721297029838730323875220663,1019279386102011423970218681308314259529294278378985426191593117947537153967673899968683846874646472008283/4757821334383809352355940230100611996364149701320001465558286007095135895574721297029838730323875220663,19452693121055343577074738016169831026494818890450954581860648671986358610863251983434525707255504778913/19031285337535237409423760920402447985456598805280005862233144028380543582298885188119354921295500882652
24bfeb84a4ce87b56985d174dd98d1d5e1702a2b,f726ad70cb2643533f0d037b518cde1b702724adb4e6571fea25e26e4bfdd61e,b26c3bdea5a42988c0534d45bd092d0cc28e50535e08dc75b4692ed601799911,POSTHOC_ATTRIBUTION_DESIGN_INPUT,True,True,True,True,True,pauli_noncommuting,1/4,1,False,1e-6,PTSC_K0,2068573728798277402152915310117144973576098200139165647772404771066819170285196366302302247148402183682048/25434674436242112657220131658266521230307001351848611313464735402333978456876919622764153148146519041991,0,2068573728798277402152915310117144973576098200139165647772404771066819170285196366302302247148402183682048/25434674436242112657220131658266521230307001351848611313464735402333978456876919622764153148146519041991,15883691131843915766531313988399506047102182608211450509680965206405932914689900669821249397746659624701440/76304023308726337971660394974799563690921004055545833940394206207001935370630758868292459444439557125973,404403970579060192164609463934950278145940147591060541267355223294579336790075530665320451003007196567777/406954790979873802515522106532264339684912021629577781015435766437343655310030713964226450370344304671856
24bfeb84a4ce87b56985d174dd98d1d5e1702a2b,f726ad70cb2643533f0d037b518cde1b702724adb4e6571fea25e26e4bfdd61e,b26c3bdea5a42988c0534d45bd092d0cc28e50535e08dc75b4692ed601799911,POSTHOC_ATTRIBUTION_DESIGN_INPUT,True,True,True,True,True,pauli_noncommuting,1/4,1,False,1e-6,A,68,0,68,3366515353564834432022720138265214384793586305459124957056094125162804943395121281229957734390948710430551/19024158656403374384816156728296724410713532487081200580346257641281277968197989971236765724337807679223,77826103594377440665157004797577508952918996538059456919598326714332500778991777155059496145018304142273/76096634625613497539264626913186897642854129948324802321385030565125111872791959884947062897351230716892
24bfeb84a4ce87b56985d174dd98d1d5e1702a2b,f726ad70cb2643533f0d037b518cde1b702724adb4e6571fea25e26e4bfdd61e,b26c3bdea5a42988c0534d45bd092d0cc28e50535e08dc75b4692ed601799911,POSTHOC_ATTRIBUTION_DESIGN_INPUT,True,True,True,True,True,pauli_noncommuting,1/4,1,False,1e-6,CTS_collected,3173217578729342668745613705262738915608588141638939669267331927480804785433599266315794617428602962566/48990408691831446919179659341037477320542428802856106231349100290258765044114880366733958027223287011,0,3173217578729342668745613705262738915608588141638939669267331927480804785433599266315794617428602962566/48990408691831446919179659341037477320542428802856106231349100290258765044114880366733958027223287011,7933043946823356671864034263156847289021470354097349173168329818702011963583998165789486543571507406415/48990408691831446919179659341037477320542428802856106231349100290258765044114880366733958027223287011,144237162669515575852073350239215405254935824619951803148515087612763853883345421196172482610391043753/146971226075494340757538978023112431961627286408568318694047300870776295132344641100201874081669861033
24bfeb84a4ce87b56985d174dd98d1d5e1702a2b,f726ad70cb2643533f0d037b518cde1b702724adb4e6571fea25e26e4bfdd61e,b26c3bdea5a42988c0534d45bd092d0cc28e50535e08dc75b4692ed601799911,POSTHOC_ATTRIBUTION_DESIGN_INPUT,True,True,True,True,True,pauli_noncommuting,1/4,1,True,1e-3,ordinary,398533237998853035817496373739738386251819988017090926521222678879709241818771610829665997917978841478996/4757821334383809352355940230100611996364149701320001465558286007095135895574721297029838730323875220663,0,398533237998853035817496373739738386251819988017090926521222678879709241818771610829665997917978841478996/4757821334383809352355940230100611996364149701320001465558286007095135895574721297029838730323875220663,1002074201159729979953949154469570471388336633276112864781079160708115142175820604226930232025844321342762/4757821334383809352355940230100611996364149701320001465558286007095135895574721297029838730323875220663,20014570165748818467276040810526341747879112337345552874697321530127445315615741043854753421868843307261/19031285337535237409423760920402447985456598805280005862233144028380543582298885188119354921295500882652
24bfeb84a4ce87b56985d174dd98d1d5e1702a2b,f726ad70cb2643533f0d037b518cde1b702724adb4e6571fea25e26e4bfdd61e,b26c3bdea5a42988c0534d45bd092d0cc28e50535e08dc75b4692ed601799911,POSTHOC_ATTRIBUTION_DESIGN_INPUT,True,True,True,True,True,pauli_noncommuting,1/4,1,True,1e-3,PTSC_K0,2068573728798277402152915310117144973576098200139165647772404771066819170285196366302302247148402183682048/25434674436242112657220131658266521230307001351848611313464735402333978456876919622764153148146519041991,0,2068573728798277402152915310117144973576098200139165647772404771066819170285196366302302247148402183682048/25434674436242112657220131658266521230307001351848611313464735402333978456876919622764153148146519041991,15588180599158447566223754658382771050877025722477283988570621667682101604649158331778063362439745027032576/76304023308726337971660394974799563690921004055545833940394206207001935370630758868292459444439557125973,208516821159836960731515298397411169468229713183566851961242858695840359365170719109220199545033268346423/203477395489936901257761053266132169842456010814788890507717883218671827655015356982113225185172152335928
24bfeb84a4ce87b56985d174dd98d1d5e1702a2b,f726ad70cb2643533f0d037b518cde1b702724adb4e6571fea25e26e4bfdd61e,b26c3bdea5a42988c0534d45bd092d0cc28e50535e08dc75b4692ed601799911,POSTHOC_ATTRIBUTION_DESIGN_INPUT,True,True,True,True,True,pauli_noncommuting,1/4,1,True,1e-3,A,72,0,72,188,80132062219396031499680175310098324033005485324372329717216054913275685987258200181876073808574402042781/76096634625613497539264626913186897642854129948324802321385030565125111872791959884947062897351230716892
24bfeb84a4ce87b56985d174dd98d1d5e1702a2b,f726ad70cb2643533f0d037b518cde1b702724adb4e6571fea25e26e4bfdd61e,b26c3bdea5a42988c0534d45bd092d0cc28e50535e08dc75b4692ed601799911,POSTHOC_ATTRIBUTION_DESIGN_INPUT,True,True,True,True,True,pauli_noncommuting,1/4,1,True,1e-3,CTS_collected,9808127061527059157940987816266647557335636074156722614099025957667942064067488641339728817506590975204/146971226075494340757538978023112431961627286408568318694047300870776295132344641100201874081669861033,0,9808127061527059157940987816266647557335636074156722614099025957667942064067488641339728817506590975204/146971226075494340757538978023112431961627286408568318694047300870776295132344641100201874081669861033,25385740629834741349964909642101911324868705133111517354138655419846438283468794130526356939428823700528/146971226075494340757538978023112431961627286408568318694047300870776295132344641100201874081669861033,1
24bfeb84a4ce87b56985d174dd98d1d5e1702a2b,f726ad70cb2643533f0d037b518cde1b702724adb4e6571fea25e26e4bfdd61e,b26c3bdea5a42988c0534d45bd092d0cc28e50535e08dc75b4692ed601799911,POSTHOC_ATTRIBUTION_DESIGN_INPUT,True,True,True,True,True,pauli_noncommuting,1/4,1,True,1e-4,ordinary,475220256393687460345392720215704688915030676685105548262991927851372502852719640642563645317774183537952/4757821334383809352355940230100611996364149701320001465558286007095135895574721297029838730323875220663,0,475220256393687460345392720215704688915030676685105548262991927851372502852719640642563645317774183537952/4757821334383809352355940230100611996364149701320001465558286007095135895574721297029838730323875220663,1197847222175333007013294332396641201640997137838851172735014728071692072275324788730678904612389878550380/4757821334383809352355940230100611996364149701320001465558286007095135895574721297029838730323875220663,20014570165748818467276040810526341747879112337345552874697321530127445315615741043854753421868843307261/19031285337535237409423760920402447985456598805280005862233144028380543582298885188119354921295500882652
24bfeb84a4ce87b56985d174dd98d1d5e1702a2b,f726ad70cb2643533f0d037b518cde1b702724adb4e6571fea25e26e4bfdd61e,b26c3bdea5a42988c0534d45bd092d0cc28e50535e08dc75b4692ed601799911,POSTHOC_ATTRIBUTION_DESIGN_INPUT,True,True,True,True,True,pauli_noncommuting,1/4,1,True,1e-4,PTSC_K0,7387763317136705007688983250418374905628922143354163027758588468095782751018558451079650882672864941721600/76304023308726337971660394974799563690921004055545833940394206207001935370630758868292459444439557125973,0,7387763317136705007688983250418374905628922143354163027758588468095782751018558451079650882672864941721600/76304023308726337971660394974799563690921004055545833940394206207001935370630758868292459444439557125973,6205721186394832206458745930351434920728294600417496943317214313200457510855589098906906741445206551046144/25434674436242112657220131658266521230307001351848611313464735402333978456876919622764153148146519041991,208516821159836960731515298397411169468229713183566851961242858695840359365170719109220199545033268346423/203477395489936901257761053266132169842456010814788890507717883218671827655015356982113225185172152335928
24bfeb84a4ce87b56985d174dd98d1d5e1702a2b,f726ad70cb2643533f0d037b518cde1b702724adb4e6571fea25e26e4bfdd61e,b26c3bdea5a42988c0534d45bd092d0cc28e50535e08dc75b4692ed601799911,POSTHOC_ATTRIBUTION_DESIGN_INPUT,True,True,True,True,True,pauli_noncommuting,1/4,1,True,1e-4,A,100,0,100,246,80132062219396031499680175310098324033005485324372329717216054913275685987258200181876073808574402042781/76096634625613497539264626913186897642854129948324802321385030565125111872791959884947062897351230716892
24bfeb84a4ce87b56985d174dd98d1d5e1702a2b,f726ad70cb2643533f0d037b518cde1b702724adb4e6571fea25e26e4bfdd61e,b26c3bdea5a42988c0534d45bd092d0cc28e50535e08dc75b4692ed601799911,POSTHOC_ATTRIBUTION_DESIGN_INPUT,True,True,True,True,True,pauli_noncommuting,1/4,1,True,1e-4,CTS_collected,4615589205424498427266347207654892968157946387838457700752482803608443324267053478277519443532513400096/48990408691831446919179659341037477320542428802856106231349100290258765044114880366733958027223287011,0,4615589205424498427266347207654892968157946387838457700752482803608443324267053478277519443532513400096/48990408691831446919179659341037477320542428802856106231349100290258765044114880366733958027223287011,35770816342039862811314190859325420503224084505748047180831741727965435763069664456650775687376978850744/146971226075494340757538978023112431961627286408568318694047300870776295132344641100201874081669861033,1
24bfeb84a4ce87b56985d174dd98d1d5e1702a2b,f726ad70cb2643533f0d037b518cde1b702724adb4e6571fea25e26e4bfdd61e,b26c3bdea5a42988c0534d45bd092d0cc28e50535e08dc75b4692ed601799911,POSTHOC_ATTRIBUTION_DESIGN_INPUT,True,True,True,True,True,pauli_noncommuting,1/4,1,True,1e-6,ordinary,140,0,140,1662586684617549994810478025783950501936279346186535255077979339694231502698399566639989570812832471492692/4757821334383809352355940230100611996364149701320001465558286007095135895574721297029838730323875220663,20014570165748818467276040810526341747879112337345552874697321530127445315615741043854753421868843307261/19031285337535237409423760920402447985456598805280005862233144028380543582298885188119354921295500882652
24bfeb84a4ce87b56985d174dd98d1d5e1702a2b,f726ad70cb2643533f0d037b518cde1b702724adb4e6571fea25e26e4bfdd61e,b26c3bdea5a42988c0534d45bd092d0cc28e50535e08dc75b4692ed601799911,POSTHOC_ATTRIBUTION_DESIGN_INPUT,True,True,True,True,True,pauli_noncommuting,1/4,1,True,1e-6,PTSC_K0,10342868643991387010764576550585724867880491000695828238862023855334095851425981831511511235742010918410240/76304023308726337971660394974799563690921004055545833940394206207001935370630758868292459444439557125973,0,10342868643991387010764576550585724867880491000695828238862023855334095851425981831511511235742010918410240/76304023308726337971660394974799563690921004055545833940394206207001935370630758868292459444439557125973,25783293976807100476834551543960128420644938280306028966877473753654281801054768994267981580528298646608384/76304023308726337971660394974799563690921004055545833940394206207001935370630758868292459444439557125973,208516821159836960731515298397411169468229713183566851961242858695840359365170719109220199545033268346423/203477395489936901257761053266132169842456010814788890507717883218671827655015356982113225185172152335928
24bfeb84a4ce87b56985d174dd98d1d5e1702a2b,f726ad70cb2643533f0d037b518cde1b702724adb4e6571fea25e26e4bfdd61e,b26c3bdea5a42988c0534d45bd092d0cc28e50535e08dc75b4692ed601799911,POSTHOC_ATTRIBUTION_DESIGN_INPUT,True,True,True,True,True,pauli_noncommuting,1/4,1,True,1e-6,A,140,0,140,358,80132062219396031499680175310098324033005485324372329717216054913275685987258200181876073808574402042781/76096634625613497539264626913186897642854129948324802321385030565125111872791959884947062897351230716892
24bfeb84a4ce87b56985d174dd98d1d5e1702a2b,f726ad70cb2643533f0d037b518cde1b702724adb4e6571fea25e26e4bfdd61e,b26c3bdea5a42988c0534d45bd092d0cc28e50535e08dc75b4692ed601799911,POSTHOC_ATTRIBUTION_DESIGN_INPUT,True,True,True,True,True,pauli_noncommuting,1/4,1,True,1e-6,CTS_collected,20193202773732180619290269033490156735691015446793252440792112265786939543668358967464147565454746125420/146971226075494340757538978023112431961627286408568318694047300870776295132344641100201874081669861033,0,20193202773732180619290269033490156735691015446793252440792112265786939543668358967464147565454746125420/146971226075494340757538978023112431961627286408568318694047300870776295132344641100201874081669861033,50483006934330451548225672583725391839227538616983131101980280664467348859170897418660368913636865313550/146971226075494340757538978023112431961627286408568318694047300870776295132344641100201874081669861033,1
24bfeb84a4ce87b56985d174dd98d1d5e1702a2b,f726ad70cb2643533f0d037b518cde1b702724adb4e6571fea25e26e4bfdd61e,b26c3bdea5a42988c0534d45bd092d0cc28e50535e08dc75b4692ed601799911,POSTHOC_ATTRIBUTION_DESIGN_INPUT,True,True,True,True,True,distinct_basis,1/8,-1,False,1e-3,ordinary,38,19402581909773557045156565968491702693247178336723988437340256487744233756964077515866521913278691297845/1010972494969695452137275830818306872503319881291464955071621557103460495308347090346663894019147364976,57819536718621984226373047539587363848373333825799656730061875657675732578681266949039749886006291166933/1010972494969695452137275830818306872503319881291464955071621557103460495308347090346663894019147364976,585417631410655464045007068441426893765666467344489604274347813300869436019599017310755706193754718957563/4043889979878781808549103323273227490013279525165859820286486228413841981233388361386655576076589459904,1024107386309124708460094828160373406647356763469475395814591648268921842037289535410717813885568585049/505486247484847726068637915409153436251659940645732477535810778551730247654173545173331947009573682488
24bfeb84a4ce87b56985d174dd98d1d5e1702a2b,f726ad70cb2643533f0d037b518cde1b702724adb4e6571fea25e26e4bfdd61e,b26c3bdea5a42988c0534d45bd092d0cc28e50535e08dc75b4692ed601799911,POSTHOC_ATTRIBUTION_DESIGN_INPUT,True,True,True,True,True,distinct_basis,1/8,-1,False,1e-3,PTSC_K0,7319265890876690105234283036697645499938359280645779171070278415356799782223410546465652423003456673144832/194167638579407717681625555181034546828944807986565034515120623244707890670806968253563831028313206866375,88912800755596979212826427941696257215236556005788916224072127387622028544471679280794677832167227014064703/4660023325905785224359013324344829123894675391677560828362894957872989376099367238085531944679516964793000,264575182136637541738449220822439749213757178741287616329758809356185223317833532395970335984250187169540671/4660023325905785224359013324344829123894675391677560828362894957872989376099367238085531944679516964793000,892684584749643828091140643856926843182328243785628999769348217160733740016444682252881961259363160979308187/6213364434541046965812017765793105498526233855570081104483859943830652501465822984114042592906022619724000,3129390740350937331151938506018982809305183611298669637804110416966764696093488123864355193259792882008059/1553341108635261741453004441448276374631558463892520276120964985957663125366455746028510648226505654931000
24bfeb84a4ce87b56985d174dd98d1d5e1702a2b,f726ad70cb2643533f0d037b518cde1b702724adb4e6571fea25e26e4bfdd61e,b26c3bdea5a42988c0534d45bd092d0cc28e50535e08dc75b4692ed601799911,POSTHOC_ATTRIBUTION_DESIGN_INPUT,True,True,True,True,True,distinct_basis,1/8,-1,False,1e-3,A,38,11144283020227678649476293043500738390163345327345008858951791034407373499996502567947809893234371020466163/582304947494652160486060099299548004596752059946968555145055653119222014548871340706561570234174830475952,33271871025024460747946576816883562564839923605329813954463905852937810052853613514797149562133014578552339/582304947494652160486060099299548004596752059946968555145055653119222014548871340706561570234174830475952,343646201484397324040742577214529589297960646521558593177037524983294430137371613487438494076448691754964317/2329219789978608641944240397198192018387008239787874220580222612476888058195485362826246280936699321903808,588233958531321885934681754720156887745337986803193918302810920019186306957653830913015800658976889966243/291152473747326080243030049649774002298376029973484277572527826559611007274435670353280785117087415237976
24bfeb84a4ce87b56985d174dd98d1d5e1702a2b,f726ad70cb2643533f0d037b518cde1b702724adb4e6571fea25e26e4bfdd61e,b26c3bdea5a42988c0534d45bd092d0cc28e50535e08dc75b4692ed601799911,POSTHOC_ATTRIBUTION_DESIGN_INPUT,True,True,True,True,True,distinct_basis,1/8,-1,False,1e-4,ordinary,3283714698823446625916839932034746737984821187207926223872700417450622706533025459172723741507944310976/63185780935605965758579739426144179531457492580716559691976347318966280956771693146666493376196710311,25529713039175732954153376274331187754272603074636826891237179589137149680215891468245423570103541181375/1010972494969695452137275830818306872503319881291464955071621557103460495308347090346663894019147364976,78069148220350878968822815186887135562029742069963646473200386268347112984744298815009003434230650156991/1010972494969695452137275830818306872503319881291464955071621557103460495308347090346663894019147364976,777690185753305736726667555295943632214615697994338761668577629713114636788828363876426468763631184634417/4043889979878781808549103323273227490013279525165859820286486228413841981233388361386655576076589459904,1024107386309124708460094828160373406647356763469475395814591648268921842037289535410717813885568585049/505486247484847726068637915409153436251659940645732477535810778551730247654173545173331947009573682488
24bfeb84a4ce87b56985d174dd98d1d5e1702a2b,f726ad70cb2643533f0d037b518cde1b702724adb4e6571fea25e26e4bfdd61e,b26c3bdea5a42988c0534d45bd092d0cc28e50535e08dc75b4692ed601799911,POSTHOC_ATTRIBUTION_DESIGN_INPUT,True,True,True,True,True,distinct_basis,1/8,-1,False,1e-4,PTSC_K0,10015837534883891722952176787059935947284070594567908339359328357856673386200456537268787526215256500092928/194167638579407717681625555181034546828944807986565034515120623244707890670806968253563831028313206866375,4679621092399841011201390944299803011328239789778364011793269862506422554972193646357614622745643527056037/186400933036231408974360532973793164955787015667102433134515798314919575043974689523421277787180678591720,357370628147209426630887016496933538018023689014088900439455627151220725143115798053391266197807244178631197/4660023325905785224359013324344829123894675391677560828362894957872989376099367238085531944679516964793000,3559667418194894743275265992136435971146252170771553912359176461924687983766241399594839818109835511205143859/18640093303623140897436053297379316495578701566710243313451579831491957504397468952342127778718067859172000,3129390740350937331151938506018982809305183611298669637804110416966764696093488123864355193259792882008059/1553341108635261741453004441448276374631558463892520276120964985957663125366455746028510648226505654931000
24bfeb84a4ce87b56985d174dd98d1d5e1702a2b,f726ad70cb2643533f0d037b518cde1b702724adb4e6571fea25e26e4bfdd61e,b26c3bdea5a42988c0534d45bd092d0cc28e50535e08dc75b4692ed601799911,POSTHOC_ATTRIBUTION_DESIGN_INPUT,True,True,True,True,True,distinct_basis,1/8,-1,False,1e-4,A,48,14663530289773261380889859267764129460741243851769748498620777676851807236837503378878697227939961869034425/582304947494652160486060099299548004596752059946968555145055653119222014548871340706561570234174830475952,42614167769516565084220744034142433681385342729224239145583449026574463935183327732793652599180353731880121/582304947494652160486060099299548004596752059946968555145055653119222014548871340706561570234174830475952,419795650755426221934362430200125219749396269355876888211507451083965394581204596200187181613730444431791319/2329219789978608641944240397198192018387008239787874220580222612476888058195485362826246280936699321903808,588233958531321885934681754720156887745337986803193918302810920019186306957653830913015800658976889966243/291152473747326080243030049649774002298376029973484277572527826559611007274435670353280785117087415237976
24bfeb84a4ce87b56985d174dd98d1d5e1702a2b,f726ad70cb2643533f0d037b518cde1b702724adb4e6571fea25e26e4bfdd61e,b26c3bdea5a42988c0534d45bd092d0cc28e50535e08dc75b4692ed601799911,POSTHOC_ATTRIBUTION_DESIGN_INPUT,True,True,True,True,True,distinct_basis,1/8,-1,False,1e-6,ordinary,4548403272449597737853087979620005627439455252316924857767262185397760277278010614333020566059020829794/63185780935605965758579739426144179531457492580716559691976347318966280956771693146666493376196710311,17360204866639498408824295866545207672905370090753042286041282120613261782546806198406888027670408003335/505486247484847726068637915409153436251659940645732477535810778551730247654173545173331947009573682488,1733788098265686461666096764629201699755516519654465843489657406574043354863577132679711372778792730377/16306007983382184711891545658359788266182578730507499275348734791991298311424953070107482161599151048,1108227525613575837530132242837276092591450898014593100356245626216273154497976640757455284799662688150819/4043889979878781808549103323273227490013279525165859820286486228413841981233388361386655576076589459904,1024107386309124708460094828160373406647356763469475395814591648268921842037289535410717813885568585049/505486247484847726068637915409153436251659940645732477535810778551730247654173545173331947009573682488
24bfeb84a4ce87b56985d174dd98d1d5e1702a2b,f726ad70cb2643533f0d037b518cde1b702724adb4e6571fea25e26e4bfdd61e,b26c3bdea5a42988c0534d45bd092d0cc28e50535e08dc75b4692ed601799911,POSTHOC_ATTRIBUTION_DESIGN_INPUT,True,True,True,True,True,distinct_basis,1/8,-1,False,1e-6,PTSC_K0,13868082740608465462549167859006065157777943900170950008343685418570778534739093666987551959374970538590208/194167638579407717681625555181034546828944807986565034515120623244707890670806968253563831028313206866375,79553558570797297190423646053096651192580076426232188200485587662609183434527291988079448586675939959952629/2330011662952892612179506662172414561947337695838780414181447478936494688049683619042765972339758482396500,1967764411664791061928109282889355464687323225826268706404878501483668206811171327935440576793404691384281/18640093303623140897436053297379316495578701566710243313451579831491957504397468952342127778718067859172,5072016866154201127431999055330419826412601039290606930112988834703098577286784179266159610839590391066054089/18640093303623140897436053297379316495578701566710243313451579831491957504397468952342127778718067859172000,3129390740350937331151938506018982809305183611298669637804110416966764696093488123864355193259792882008059/1553341108635261741453004441448276374631558463892520276120964985957663125366455746028510648226505654931000
24bfeb84a4ce87b56985d174dd98d1d5e1702a2b,f726ad70cb2643533f0d037b518cde1b702724adb4e6571fea25e26e4bfdd61e,b26c3bdea5a42988c0534d45bd092d0cc28e50535e08dc75b4692ed601799911,POSTHOC_ATTRIBUTION_DESIGN_INPUT,True,True,True,True,True,distinct_basis,1/8,-1,False,1e-6,A,68,9971200597045817739005104302079608033304045819203428979062128820259228921049502297637514114999174070943409/291152473747326080243030049649774002298376029973484277572527826559611007274435670353280785117087415237976,29769568811863991195531147678264240189593615857400359853994021026312777415711127881660607502961118307125777/291152473747326080243030049649774002298376029973484277572527826559611007274435670353280785117087415237976,609917218051247116346648863436570039826821112438093924834972637625992574845777574943640479708383609958158837/2329219789978608641944240397198192018387008239787874220580222612476888058195485362826246280936699321903808,588233958531321885934681754720156887745337986803193918302810920019186306957653830913015800658976889966243/291152473747326080243030049649774002298376029973484277572527826559611007274435670353280785117087415237976
24bfeb84a4ce87b56985d174dd98d1d5e1702a2b,f726ad70cb2643533f0d037b518cde1b702724adb4e6571fea25e26e4bfdd61e,b26c3bdea5a42988c0534d45bd092d0cc28e50535e08dc75b4692ed601799911,POSTHOC_ATTRIBUTION_DESIGN_INPUT,True,True,True,True,True,distinct_basis,1/8,-1,True,1e-3,ordinary,4553268047019756721676354274931882121566876319790262058042436293236820035325767075467855351194732392784/63185780935605965758579739426144179531457492580716559691976347318966280956771693146666493376196710311,19402581909773557045156565968491702693247178336723988437340256487744233756964077515866521913278691297845/1010972494969695452137275830818306872503319881291464955071621557103460495308347090346663894019147364976,2975963569744827890063814011851671504461845143657038108581265715468817881360527442688780888141755147819/32612015966764369423783091316719576532365157461014998550697469583982596622849906140214964323198302096,945790857978602307452910828562684283813080767561691499506261801982251109121955201743112191837599490936059/4043889979878781808549103323273227490013279525165859820286486228413841981233388361386655576076589459904,1022161476481061114930788310035622808996388336480140515704522005133297938818186950956783899831283959853/505486247484847726068637915409153436251659940645732477535810778551730247654173545173331947009573682488
24bfeb84a4ce87b56985d174dd98d1d5e1702a2b,f726ad70cb2643533f0d037b518cde1b702724adb4e6571fea25e26e4bfdd61e,b26c3bdea5a42988c0534d45bd092d0cc28e50535e08dc75b4692ed601799911,POSTHOC_ATTRIBUTION_DESIGN_INPUT,True,True,True,True,True,distinct_basis,1/8,-1,True,1e-3,PTSC_K0,13868082740608465462549167859006065157777943900170950008343685418570778534739093666987551959374970538590208/194167638579407717681625555181034546828944807986565034515120623244707890670806968253563831028313206866375,88912800755596979212826427941696257215236556005788916224072127387622028544471679280794677832167227014064703/4660023325905785224359013324344829123894675391677560828362894957872989376099367238085531944679516964793000,84349357306040030062801291311568364200381441921978343284864115486664142675641985457699184971433303988045939/932004665181157044871802664868965824778935078335512165672578991574597875219873447617106388935903392958600,1441244302044823128609752172502055642756655802503502133432720662606422313168346609524834016541306440061320859/6213364434541046965812017765793105498526233855570081104483859943830652501465822984114042592906022619724000,624633845435644241668966899936814092817635808094603566708099867226150832623597535358770551155696572448403/310668221727052348290600888289655274926311692778504055224192997191532625073291149205702129645301130986200
24bfeb84a4ce87b56985d174dd98d1d5e1702a2b,f726ad70cb2643533f0d037b518cde1b702724adb4e6571fea25e26e4bfdd61e,b26c3bdea5a42988c0534d45bd092d0cc28e50535e08dc75b4692ed601799911,POSTHOC_ATTRIBUTION_DESIGN_INPUT,True,True,True,True,True,distinct_basis,1/8,-1,True,1e-3,A,80,11144283020227678649476293043500738390163345327345008858951791034407373499996502567947809893234371020466163/582304947494652160486060099299548004596752059946968555145055653119222014548871340706561570234174830475952,57728678819799851488361100987464578757903510123102493270556243283945134663906209824472735511968357458542323/582304947494652160486060099299548004596752059946968555145055653119222014548871340706561570234174830475952,576700246986407584428375415503935222400605451476954142765617601732377274349588598109572207230565976110661853/2329219789978608641944240397198192018387008239787874220580222612476888058195485362826246280936699321903808,587668243969424836367714022921280351125549538461455445881875675173459890724854413975754316801858216140201/291152473747326080243030049649774002298376029973484277572527826559611007274435670353280785117087415237976
24bfeb84a4ce87b56985d174dd98d1d5e1702a2b,f726ad70cb2643533f0d037b518cde1b702724adb4e6571fea25e26e4bfdd61e,b26c3bdea5a42988c0534d45bd092d0cc28e50535e08dc75b4692ed601799911,POSTHOC_ATTRIBUTION_DESIGN_INPUT,True,True,True,True,True,distinct_basis,1/8,-1,True,1e-4,ordinary,6565483487818829658304373345944742878318673947426517567635331191765621509846948333891513568961603996756/63185780935605965758579739426144179531457492580716559691976347318966280956771693146666493376196710311,25529713039175732954153376274331187754272603074636826891237179589137149680215891468245423570103541181375/1010972494969695452137275830818306872503319881291464955071621557103460495308347090346663894019147364976,130577448844277007487023349809447073807371386233461107973402478657387093837767064810509640673489205129471/1010972494969695452137275830818306872503319881291464955071621557103460495308347090346663894019147364976,1350988526178622228646573098500861648924036545613010113696425245442780724578800270655443281820450267846705/4043889979878781808549103323273227490013279525165859820286486228413841981233388361386655576076589459904,1022161476481061114930788310035622808996388336480140515704522005133297938818186950956783899831283959853/505486247484847726068637915409153436251659940645732477535810778551730247654173545173331947009573682488
24bfeb84a4ce87b56985d174dd98d1d5e1702a2b,f726ad70cb2643533f0d037b518cde1b702724adb4e6571fea25e26e4bfdd61e,b26c3bdea5a42988c0534d45bd092d0cc28e50535e08dc75b4692ed601799911,POSTHOC_ATTRIBUTION_DESIGN_INPUT,True,True,True,True,True,distinct_basis,1/8,-1,True,1e-4,PTSC_K0,20031675069767783445904353574119871894568141189135816678718656715713346772400913074537575052430513000185856/194167638579407717681625555181034546828944807986565034515120623244707890670806968253563831028313206866375,4679621092399841011201390944299803011328239789778364011793269862506422554972193646357614622745643527056037/186400933036231408974360532973793164955787015667102433134515798314919575043974689523421277787180678591720,597750728984422827981739259386372000752841383283718700584079507739780886411926754947842166826973400180861469/4660023325905785224359013324344829123894675391677560828362894957872989376099367238085531944679516964793000,6185357750416764204184575106774917641018876215870587113938914234507422053010176467211149655751496599844889907/18640093303623140897436053297379316495578701566710243313451579831491957504397468952342127778718067859172000,624633845435644241668966899936814092817635808094603566708099867226150832623597535358770551155696572448403/310668221727052348290600888289655274926311692778504055224192997191532625073291149205702129645301130986200
24bfeb84a4ce87b56985d174dd98d1d5e1702a2b,f726ad70cb2643533f0d037b518cde1b702724adb4e6571fea25e26e4bfdd61e,b26c3bdea5a42988c0534d45bd092d0cc28e50535e08dc75b4692ed601799911,POSTHOC_ATTRIBUTION_DESIGN_INPUT,True,True,True,True,True,distinct_basis,1/8,-1,True,1e-4,A,92,14663530289773261380889859267764129460741243851769748498620777676851807236837503378878697227939961869034425/582304947494652160486060099299548004596752059946968555145055653119222014548871340706561570234174830475952,68235585459281260145607388403322545883642433366890855571965897763820232575333666723882361689484046272822009/582304947494652160486060099299548004596752059946968555145055653119222014548871340706561570234174830475952,694571549697911461942032543304282915411457433845423431223305819991841437234089079010315650913107863235358807/2329219789978608641944240397198192018387008239787874220580222612476888058195485362826246280936699321903808,587668243969424836367714022921280351125549538461455445881875675173459890724854413975754316801858216140201/291152473747326080243030049649774002298376029973484277572527826559611007274435670353280785117087415237976
24bfeb84a4ce87b56985d174dd98d1d5e1702a2b,f726ad70cb2643533f0d037b518cde1b702724adb4e6571fea25e26e4bfdd61e,b26c3bdea5a42988c0534d45bd092d0cc28e50535e08dc75b4692ed601799911,POSTHOC_ATTRIBUTION_DESIGN_INPUT,True,True,True,True,True,distinct_basis,1/8,-1,True,1e-6,ordinary,136,17360204866639498408824295866545207672905370090753042286041282120613261782546806198406888027670408003335/505486247484847726068637915409153436251659940645732477535810778551730247654173545173331947009573682488,86106334524578789154159052362190075003131122018572659230911548003648575463514408341980032820972428821703/505486247484847726068637915409153436251659940645732477535810778551730247654173545173331947009573682488,1771518885985443106621591900724073429640875224637282185128512710546653186774769256078655627150829021584483/4043889979878781808549103323273227490013279525165859820286486228413841981233388361386655576076589459904,1022161476481061114930788310035622808996388336480140515704522005133297938818186950956783899831283959853/505486247484847726068637915409153436251659940645732477535810778551730247654173545173331947009573682488
24bfeb84a4ce87b56985d174dd98d1d5e1702a2b,f726ad70cb2643533f0d037b518cde1b702724adb4e6571fea25e26e4bfdd61e,b26c3bdea5a42988c0534d45bd092d0cc28e50535e08dc75b4692ed601799911,POSTHOC_ATTRIBUTION_DESIGN_INPUT,True,True,True,True,True,distinct_basis,1/8,-1,True,1e-6,PTSC_K0,26195267398927101429259539289233678631358338478100683349093628012855915010062732482087598145486055461781504/194167638579407717681625555181034546828944807986565034515120623244707890670806968253563831028313206866375,79553558570797297190423646053096651192580076426232188200485587662609183434527291988079448586675939959952629/2330011662952892612179506662172414561947337695838780414181447478936494688049683619042765972339758482396500,393896767357922514341538117523900794768880138163440388389609123816880163555280081773130626332508605501330677/2330011662952892612179506662172414561947337695838780414181447478936494688049683619042765972339758482396500,1620900858420117115048550085433282548182675621092264266387494942579448430043279865556154194524583456434222581/3728018660724628179487210659475863299115740313342048662690315966298391500879493790468425555743613571834400,624633845435644241668966899936814092817635808094603566708099867226150832623597535358770551155696572448403/310668221727052348290600888289655274926311692778504055224192997191532625073291149205702129645301130986200
24bfeb84a4ce87b56985d174dd98d1d5e1702a2b,f726ad70cb2643533f0d037b518cde1b702724adb4e6571fea25e26e4bfdd61e,b26c3bdea5a42988c0534d45bd092d0cc28e50535e08dc75b4692ed601799911,POSTHOC_ATTRIBUTION_DESIGN_INPUT,True,True,True,True,True,distinct_basis,1/8,-1,True,1e-6,A,140,9971200597045817739005104302079608033304045819203428979062128820259228921049502297637514114999174070943409/291152473747326080243030049649774002298376029973484277572527826559611007274435670353280785117087415237976,50732546921671468973029311253047968355076690015491227839216024538604769939470496147096824031391412204260049/291152473747326080243030049649774002298376029973484277572527826559611007274435670353280785117087415237976,1017566699434998918557766059828868124298350458303683220944845544491646359137078908439917874797882541881866165/2329219789978608641944240397198192018387008239787874220580222612476888058195485362826246280936699321903808,587668243969424836367714022921280351125549538461455445881875675173459890724854413975754316801858216140201/291152473747326080243030049649774002298376029973484277572527826559611007274435670353280785117087415237976
24bfeb84a4ce87b56985d174dd98d1d5e1702a2b,f726ad70cb2643533f0d037b518cde1b702724adb4e6571fea25e26e4bfdd61e,b26c3bdea5a42988c0534d45bd092d0cc28e50535e08dc75b4692ed601799911,POSTHOC_ATTRIBUTION_DESIGN_INPUT,True,True,True,True,True,distinct_basis,1/8,1,False,1e-3,ordinary,38,19402581909773557045156565968491702693247178336723988437340256487744233756964077515866521913278691297845/1010972494969695452137275830818306872503319881291464955071621557103460495308347090346663894019147364976,57819536718621984226373047539587363848373333825799656730061875657675732578681266949039749886006291166933/1010972494969695452137275830818306872503319881291464955071621557103460495308347090346663894019147364976,597269090335050652002434239801282490173966852433522960999357243374581119899748410233549189298167501309051/4043889979878781808549103323273227490013279525165859820286486228413841981233388361386655576076589459904,1024107386309124708460094828160373406647356763469475395814591648268921842037289535410717813885568585049/505486247484847726068637915409153436251659940645732477535810778551730247654173545173331947009573682488
24bfeb84a4ce87b56985d174dd98d1d5e1702a2b,f726ad70cb2643533f0d037b518cde1b702724adb4e6571fea25e26e4bfdd61e,b26c3bdea5a42988c0534d45bd092d0cc28e50535e08dc75b4692ed601799911,POSTHOC_ATTRIBUTION_DESIGN_INPUT,True,True,True,True,True,distinct_basis,1/8,1,False,1e-3,PTSC_K0,7319265890876690105234283036697645499938359280645779171070278415356799782223410546465652423003456673144832/194167638579407717681625555181034546828944807986565034515120623244707890670806968253563831028313206866375,88912800755596979212826427941696257215236556005788916224072127387622028544471679280794677832167227014064703/4660023325905785224359013324344829123894675391677560828362894957872989376099367238085531944679516964793000,264575182136637541738449220822439749213757178741287616329758809356185223317833532395970335984250187169540671/4660023325905785224359013324344829123894675391677560828362894957872989376099367238085531944679516964793000,911175361737121782041206201002268263392698835652523599780473131052161444729430140475532030538529788364095131/6213364434541046965812017765793105498526233855570081104483859943830652501465822984114042592906022619724000,3129390740350937331151938506018982809305183611298669637804110416966764696093488123864355193259792882008059/1553341108635261741453004441448276374631558463892520276120964985957663125366455746028510648226505654931000
24bfeb84a4ce87b56985d174dd98d1d5e1702a2b,f726ad70cb2643533f0d037b518cde1b702724adb4e6571fea25e26e4bfdd61e,b26c3bdea5a42988c0534d45bd092d0cc28e50535e08dc75b4692ed601799911,POSTHOC_ATTRIBUTION_DESIGN_INPUT,True,True,True,True,True,distinct_basis,1/8,1,False,1e-3,A,38,11144283020227678649476293043500738390163345327345008858951791034407373499996502567947809893234371020466163/582304947494652160486060099299548004596752059946968555145055653119222014548871340706561570234174830475952,33271871025024460747946576816883562564839923605329813954463905852937810052853613514797149562133014578552339/582304947494652160486060099299548004596752059946968555145055653119222014548871340706561570234174830475952,318288916802931421365773529984522339623591517837108231811770707248836738282558171175367955107039703544655901/2329219789978608641944240397198192018387008239787874220580222612476888058195485362826246280936699321903808,588233958531321885934681754720156887745337986803193918302810920019186306957653830913015800658976889966243/291152473747326080243030049649774002298376029973484277572527826559611007274435670353280785117087415237976
24bfeb84a4ce87b56985d174dd98d1d5e1702a2b,f726ad70cb2643533f0d037b518cde1b702724adb4e6571fea25e26e4bfdd61e,b26c3bdea5a42988c0534d45bd092d0cc28e50535e08dc75b4692ed601799911,POSTHOC_ATTRIBUTION_DESIGN_INPUT,True,True,True,True,True,distinct_basis,1/8,1,False,1e-4,ordinary,3283714698823446625916839932034746737984821187207926223872700417450622706533025459172723741507944310976/63185780935605965758579739426144179531457492580716559691976347318966280956771693146666493376196710311,25529713039175732954153376274331187754272603074636826891237179589137149680215891468245423570103541181375/1010972494969695452137275830818306872503319881291464955071621557103460495308347090346663894019147364976,78069148220350878968822815186887135562029742069963646473200386268347112984744298815009003434230650156991/1010972494969695452137275830818306872503319881291464955071621557103460495308347090346663894019147364976,785653427484067230357890144782506048944980277717353048982106145009262390945272575194148009416310147541681/4043889979878781808549103323273227490013279525165859820286486228413841981233388361386655576076589459904,1024107386309124708460094828160373406647356763469475395814591648268921842037289535410717813885568585049/505486247484847726068637915409153436251659940645732477535810778551730247654173545173331947009573682488
24bfeb84a4ce87b56985d174dd98d1d5e1702a2b,f726ad70cb2643533f0d037b518cde1b702724adb4e6571fea25e26e4bfdd61e,b26c3bdea5a42988c0534d45bd092d0cc28e50535e08dc75b4692ed601799911,POSTHOC_ATTRIBUTION_DESIGN_INPUT,True,True,True,True,True,distinct_basis,1/8,1,False,1e-4,PTSC_K0,10015837534883891722952176787059935947284070594567908339359328357856673386200456537268787526215256500092928/194167638579407717681625555181034546828944807986565034515120623244707890670806968253563831028313206866375,4679621092399841011201390944299803011328239789778364011793269862506422554972193646357614622745643527056037/186400933036231408974360532973793164955787015667102433134515798314919575043974689523421277787180678591720,357370628147209426630887016496933538018023689014088900439455627151220725143115798053391266197807244178631197/4660023325905785224359013324344829123894675391677560828362894957872989376099367238085531944679516964793000,3596648972169850651175397106427118811566993354505343112381426289707543393192212316040139956668168765974717747/18640093303623140897436053297379316495578701566710243313451579831491957504397468952342127778718067859172000,3129390740350937331151938506018982809305183611298669637804110416966764696093488123864355193259792882008059/1553341108635261741453004441448276374631558463892520276120964985957663125366455746028510648226505654931000
24bfeb84a4ce87b56985d174dd98d1d5e1702a2b,f726ad70cb2643533f0d037b518cde1b702724adb4e6571fea25e26e4bfdd61e,b26c3bdea5a42988c0534d45bd092d0cc28e50535e08dc75b4692ed601799911,POSTHOC_ATTRIBUTION_DESIGN_INPUT,True,True,True,True,True,distinct_basis,1/8,1,False,1e-4,A,48,14663530289773261380889859267764129460741243851769748498620777676851807236837503378878697227939961869034425/582304947494652160486060099299548004596752059946968555145055653119222014548871340706561570234174830475952,42614167769516565084220744034142433681385342729224239145583449026574463935183327732793652599180353731880121/582304947494652160486060099299548004596752059946968555145055653119222014548871340706561570234174830475952,433626896945316714302527365052856446844506703183758903501652988030033226502011928370407475597044438001050455/2329219789978608641944240397198192018387008239787874220580222612476888058195485362826246280936699321903808,588233958531321885934681754720156887745337986803193918302810920019186306957653830913015800658976889966243/291152473747326080243030049649774002298376029973484277572527826559611007274435670353280785117087415237976
24bfeb84a4ce87b56985d174dd98d1d5e1702a2b,f726ad70cb2643533f0d037b518cde1b702724adb4e6571fea25e26e4bfdd61e,b26c3bdea5a42988c0534d45bd092d0cc28e50535e08dc75b4692ed601799911,POSTHOC_ATTRIBUTION_DESIGN_INPUT,True,True,True,True,True,distinct_basis,1/8,1,False,1e-6,ordinary,4548403272449597737853087979620005627439455252316924857767262185397760277278010614333020566059020829794/63185780935605965758579739426144179531457492580716559691976347318966280956771693146666493376196710311,17360204866639498408824295866545207672905370090753042286041282120613261782546806198406888027670408003335/505486247484847726068637915409153436251659940645732477535810778551730247654173545173331947009573682488,1733788098265686461666096764629201699755516519654465843489657406574043354863577132679711372778792730377/16306007983382184711891545658359788266182578730507499275348734791991298311424953070107482161599151048,1067975433158282124423454635344519875065811071753910650643947449673154629394676605251166384788108117570595/4043889979878781808549103323273227490013279525165859820286486228413841981233388361386655576076589459904,1024107386309124708460094828160373406647356763469475395814591648268921842037289535410717813885568585049/505486247484847726068637915409153436251659940645732477535810778551730247654173545173331947009573682488
24bfeb84a4ce87b56985d174dd98d1d5e1702a2b,f726ad70cb2643533f0d037b518cde1b702724adb4e6571fea25e26e4bfdd61e,b26c3bdea5a42988c0534d45bd092d0cc28e50535e08dc75b4692ed601799911,POSTHOC_ATTRIBUTION_DESIGN_INPUT,True,True,True,True,True,distinct_basis,1/8,1,False,1e-6,PTSC_K0,13868082740608465462549167859006065157777943900170950008343685418570778534739093666987551959374970538590208/194167638579407717681625555181034546828944807986565034515120623244707890670806968253563831028313206866375,79553558570797297190423646053096651192580076426232188200485587662609183434527291988079448586675939959952629/2330011662952892612179506662172414561947337695838780414181447478936494688049683619042765972339758482396500,1967764411664791061928109282889355464687323225826268706404878501483668206811171327935440576793404691384281/18640093303623140897436053297379316495578701566710243313451579831491957504397468952342127778718067859172,4887109096279421587931343483877005624308895120621660930001739695788821530156929597039658918047924117218184649/18640093303623140897436053297379316495578701566710243313451579831491957504397468952342127778718067859172000,3129390740350937331151938506018982809305183611298669637804110416966764696093488123864355193259792882008059/1553341108635261741453004441448276374631558463892520276120964985957663125366455746028510648226505654931000
24bfeb84a4ce87b56985d174dd98d1d5e1702a2b,f726ad70cb2643533f0d037b518cde1b702724adb4e6571fea25e26e4bfdd61e,b26c3bdea5a42988c0534d45bd092d0cc28e50535e08dc75b4692ed601799911,POSTHOC_ATTRIBUTION_DESIGN_INPUT,True,True,True,True,True,distinct_basis,1/8,1,False,1e-6,A,68,9971200597045817739005104302079608033304045819203428979062128820259228921049502297637514114999174070943409/291152473747326080243030049649774002298376029973484277572527826559611007274435670353280785117087415237976,29769568811863991195531147678264240189593615857400359853994021026312777415711127881660607502961118307125777/291152473747326080243030049649774002298376029973484277572527826559611007274435670353280785117087415237976,603001594956301870162566396010204426279265895524152917189899869152958658885373908858530332716726613173529269/2329219789978608641944240397198192018387008239787874220580222612476888058195485362826246280936699321903808,588233958531321885934681754720156887745337986803193918302810920019186306957653830913015800658976889966243/291152473747326080243030049649774002298376029973484277572527826559611007274435670353280785117087415237976
24bfeb84a4ce87b56985d174dd98d1d5e1702a2b,f726ad70cb2643533f0d037b518cde1b702724adb4e6571fea25e26e4bfdd61e,b26c3bdea5a42988c0534d45bd092d0cc28e50535e08dc75b4692ed601799911,POSTHOC_ATTRIBUTION_DESIGN_INPUT,True,True,True,True,True,distinct_basis,1/8,1,True,1e-3,ordinary,4553268047019756721676354274931882121566876319790262058042436293236820035325767075467855351194732392784/63185780935605965758579739426144179531457492580716559691976347318966280956771693146666493376196710311,19402581909773557045156565968491702693247178336723988437340256487744233756964077515866521913278691297845/1010972494969695452137275830818306872503319881291464955071621557103460495308347090346663894019147364976,2975963569744827890063814011851671504461845143657038108581265715468817881360527442688780888141755147819/32612015966764369423783091316719576532365157461014998550697469583982596622849906140214964323198302096,945790857978602307452910828562684283813080767561691499506261801982251109121955201743112191837599490936059/4043889979878781808549103323273227490013279525165859820286486228413841981233388361386655576076589459904,1022161476481061114930788310035622808996388336480140515704522005133297938818186950956783899831283959853/505486247484847726068637915409153436251659940645732477535810778551730247654173545173331947009573682488
24bfeb84a4ce87b56985d174dd98d1d5e1702a2b,f726ad70cb2643533f0d037b518cde1b702724adb4e6571fea25e26e4bfdd61e,b26c3bdea5a42988c0534d45bd092d0cc28e50535e08dc75b4692ed601799911,POSTHOC_ATTRIBUTION_DESIGN_INPUT,True,True,True,True,True,distinct_basis,1/8,1,True,1e-3,PTSC_K0,13868082740608465462549167859006065157777943900170950008343685418570778534739093666987551959374970538590208/194167638579407717681625555181034546828944807986565034515120623244707890670806968253563831028313206866375,88912800755596979212826427941696257215236556005788916224072127387622028544471679280794677832167227014064703/4660023325905785224359013324344829123894675391677560828362894957872989376099367238085531944679516964793000,84349357306040030062801291311568364200381441921978343284864115486664142675641985457699184971433303988045939/932004665181157044871802664868965824778935078335512165672578991574597875219873447617106388935903392958600,1441244302044823128609752172502055642756655802503502133432720662606422313168346609524834016541306440061320859/6213364434541046965812017765793105498526233855570081104483859943830652501465822984114042592906022619724000,624633845435644241668966899936814092817635808094603566708099867226150832623597535358770551155696572448403/310668221727052348290600888289655274926311692778504055224192997191532625073291149205702129645301130986200
24bfeb84a4ce87b56985d174dd98d1d5e1702a2b,f726ad70cb2643533f0d037b518cde1b702724adb4e6571fea25e26e4bfdd61e,b26c3bdea5a42988c0534d45bd092d0cc28e50535e08dc75b4692ed601799911,POSTHOC_ATTRIBUTION_DESIGN_INPUT,True,True,True,True,True,distinct_basis,1/8,1,True,1e-3,A,80,11144283020227678649476293043500738390163345327345008858951791034407373499996502567947809893234371020466163/582304947494652160486060099299548004596752059946968555145055653119222014548871340706561570234174830475952,57728678819799851488361100987464578757903510123102493270556243283945134663906209824472735511968357458542323/582304947494652160486060099299548004596752059946968555145055653119222014548871340706561570234174830475952,576700246986407584428375415503935222400605451476954142765617601732377274349588598109572207230565976110661853/2329219789978608641944240397198192018387008239787874220580222612476888058195485362826246280936699321903808,587668243969424836367714022921280351125549538461455445881875675173459890724854413975754316801858216140201/291152473747326080243030049649774002298376029973484277572527826559611007274435670353280785117087415237976
24bfeb84a4ce87b56985d174dd98d1d5e1702a2b,f726ad70cb2643533f0d037b518cde1b702724adb4e6571fea25e26e4bfdd61e,b26c3bdea5a42988c0534d45bd092d0cc28e50535e08dc75b4692ed601799911,POSTHOC_ATTRIBUTION_DESIGN_INPUT,True,True,True,True,True,distinct_basis,1/8,1,True,1e-4,ordinary,6565483487818829658304373345944742878318673947426517567635331191765621509846948333891513568961603996756/63185780935605965758579739426144179531457492580716559691976347318966280956771693146666493376196710311,25529713039175732954153376274331187754272603074636826891237179589137149680215891468245423570103541181375/1010972494969695452137275830818306872503319881291464955071621557103460495308347090346663894019147364976,130577448844277007487023349809447073807371386233461107973402478657387093837767064810509640673489205129471/1010972494969695452137275830818306872503319881291464955071621557103460495308347090346663894019147364976,1350988526178622228646573098500861648924036545613010113696425245442780724578800270655443281820450267846705/4043889979878781808549103323273227490013279525165859820286486228413841981233388361386655576076589459904,1022161476481061114930788310035622808996388336480140515704522005133297938818186950956783899831283959853/505486247484847726068637915409153436251659940645732477535810778551730247654173545173331947009573682488
24bfeb84a4ce87b56985d174dd98d1d5e1702a2b,f726ad70cb2643533f0d037b518cde1b702724adb4e6571fea25e26e4bfdd61e,b26c3bdea5a42988c0534d45bd092d0cc28e50535e08dc75b4692ed601799911,POSTHOC_ATTRIBUTION_DESIGN_INPUT,True,True,True,True,True,distinct_basis,1/8,1,True,1e-4,PTSC_K0,20031675069767783445904353574119871894568141189135816678718656715713346772400913074537575052430513000185856/194167638579407717681625555181034546828944807986565034515120623244707890670806968253563831028313206866375,4679621092399841011201390944299803011328239789778364011793269862506422554972193646357614622745643527056037/186400933036231408974360532973793164955787015667102433134515798314919575043974689523421277787180678591720,597750728984422827981739259386372000752841383283718700584079507739780886411926754947842166826973400180861469/4660023325905785224359013324344829123894675391677560828362894957872989376099367238085531944679516964793000,6185357750416764204184575106774917641018876215870587113938914234507422053010176467211149655751496599844889907/18640093303623140897436053297379316495578701566710243313451579831491957504397468952342127778718067859172000,624633845435644241668966899936814092817635808094603566708099867226150832623597535358770551155696572448403/310668221727052348290600888289655274926311692778504055224192997191532625073291149205702129645301130986200
24bfeb84a4ce87b56985d174dd98d1d5e1702a2b,f726ad70cb2643533f0d037b518cde1b702724adb4e6571fea25e26e4bfdd61e,b26c3bdea5a42988c0534d45bd092d0cc28e50535e08dc75b4692ed601799911,POSTHOC_ATTRIBUTION_DESIGN_INPUT,True,True,True,True,True,distinct_basis,1/8,1,True,1e-4,A,92,14663530289773261380889859267764129460741243851769748498620777676851807236837503378878697227939961869034425/582304947494652160486060099299548004596752059946968555145055653119222014548871340706561570234174830475952,68235585459281260145607388403322545883642433366890855571965897763820232575333666723882361689484046272822009/582304947494652160486060099299548004596752059946968555145055653119222014548871340706561570234174830475952,694571549697911461942032543304282915411457433845423431223305819991841437234089079010315650913107863235358807/2329219789978608641944240397198192018387008239787874220580222612476888058195485362826246280936699321903808,587668243969424836367714022921280351125549538461455445881875675173459890724854413975754316801858216140201/291152473747326080243030049649774002298376029973484277572527826559611007274435670353280785117087415237976
24bfeb84a4ce87b56985d174dd98d1d5e1702a2b,f726ad70cb2643533f0d037b518cde1b702724adb4e6571fea25e26e4bfdd61e,b26c3bdea5a42988c0534d45bd092d0cc28e50535e08dc75b4692ed601799911,POSTHOC_ATTRIBUTION_DESIGN_INPUT,True,True,True,True,True,distinct_basis,1/8,1,True,1e-6,ordinary,136,17360204866639498408824295866545207672905370090753042286041282120613261782546806198406888027670408003335/505486247484847726068637915409153436251659940645732477535810778551730247654173545173331947009573682488,86106334524578789154159052362190075003131122018572659230911548003648575463514408341980032820972428821703/505486247484847726068637915409153436251659940645732477535810778551730247654173545173331947009573682488,1771518885985443106621591900724073429640875224637282185128512710546653186774769256078655627150829021584483/4043889979878781808549103323273227490013279525165859820286486228413841981233388361386655576076589459904,1022161476481061114930788310035622808996388336480140515704522005133297938818186950956783899831283959853/505486247484847726068637915409153436251659940645732477535810778551730247654173545173331947009573682488
24bfeb84a4ce87b56985d174dd98d1d5e1702a2b,f726ad70cb2643533f0d037b518cde1b702724adb4e6571fea25e26e4bfdd61e,b26c3bdea5a42988c0534d45bd092d0cc28e50535e08dc75b4692ed601799911,POSTHOC_ATTRIBUTION_DESIGN_INPUT,True,True,True,True,True,distinct_basis,1/8,1,True,1e-6,PTSC_K0,26195267398927101429259539289233678631358338478100683349093628012855915010062732482087598145486055461781504/194167638579407717681625555181034546828944807986565034515120623244707890670806968253563831028313206866375,79553558570797297190423646053096651192580076426232188200485587662609183434527291988079448586675939959952629/2330011662952892612179506662172414561947337695838780414181447478936494688049683619042765972339758482396500,393896767357922514341538117523900794768880138163440388389609123816880163555280081773130626332508605501330677/2330011662952892612179506662172414561947337695838780414181447478936494688049683619042765972339758482396500,1620900858420117115048550085433282548182675621092264266387494942579448430043279865556154194524583456434222581/3728018660724628179487210659475863299115740313342048662690315966298391500879493790468425555743613571834400,624633845435644241668966899936814092817635808094603566708099867226150832623597535358770551155696572448403/310668221727052348290600888289655274926311692778504055224192997191532625073291149205702129645301130986200
24bfeb84a4ce87b56985d174dd98d1d5e1702a2b,f726ad70cb2643533f0d037b518cde1b702724adb4e6571fea25e26e4bfdd61e,b26c3bdea5a42988c0534d45bd092d0cc28e50535e08dc75b4692ed601799911,POSTHOC_ATTRIBUTION_DESIGN_INPUT,True,True,True,True,True,distinct_basis,1/8,1,True,1e-6,A,140,9971200597045817739005104302079608033304045819203428979062128820259228921049502297637514114999174070943409/291152473747326080243030049649774002298376029973484277572527826559611007274435670353280785117087415237976,50732546921671468973029311253047968355076690015491227839216024538604769939470496147096824031391412204260049/291152473747326080243030049649774002298376029973484277572527826559611007274435670353280785117087415237976,1017566699434998918557766059828868124298350458303683220944845544491646359137078908439917874797882541881866165/2329219789978608641944240397198192018387008239787874220580222612476888058195485362826246280936699321903808,587668243969424836367714022921280351125549538461455445881875675173459890724854413975754316801858216140201/291152473747326080243030049649774002298376029973484277572527826559611007274435670353280785117087415237976
24bfeb84a4ce87b56985d174dd98d1d5e1702a2b,f726ad70cb2643533f0d037b518cde1b702724adb4e6571fea25e26e4bfdd61e,b26c3bdea5a42988c0534d45bd092d0cc28e50535e08dc75b4692ed601799911,POSTHOC_ATTRIBUTION_DESIGN_INPUT,True,True,True,True,True,distinct_basis,1/4,-1,False,1e-3,ordinary,198985680477079780463647535472690937765217847285098164114193003010784077557009560884622885101682751475324/4757821334383809352355940230100611996364149701320001465558286007095135895574721297029838730323875220663,1502424920860852163413785783687647991352784780529016625240177063756494711053776058073988688551138585284265/76125141350140949637695043681609791941826395221120023448932576113522174329195540752477419685182003530608,4686195808494128650832146351250702995596270337090587251067265111929039951965929032227954850178062608889449/76125141350140949637695043681609791941826395221120023448932576113522174329195540752477419685182003530608,48851456817904782217663126939272193456309707635227721493958730781738455810415340580262167133742126241772103/304500565400563798550780174726439167767305580884480093795730304454088697316782163009909678740728014122432,79917811401821905146553837543516239311170375987658561925580117905974509586274841910313956758822038596957/38062570675070474818847521840804895970913197610560011724466288056761087164597770376238709842591001765304
24bfeb84a4ce87b56985d174dd98d1d5e1702a2b,f726ad70cb2643533f0d037b518cde1b702724adb4e6571fea25e26e4bfdd61e,b26c3bdea5a42988c0534d45bd092d0cc28e50535e08dc75b4692ed601799911,POSTHOC_ATTRIBUTION_DESIGN_INPUT,True,True,True,True,True,distinct_basis,1/4,-1,False,1e-3,PTSC_K0,1034286864399138701076457655058572486788049100069582823886202385533409585142598183151151123574201091841024/25434674436242112657220131658266521230307001351848611313464735402333978456876919622764153148146519041991,11800348505907950201695189201990835777120471122568393879464643359826276392709884873301078029322575225346623/610432186469810703773283159798396509527368032444366671523153649656015482965046070946339675555516457007784,36623233251487279027530172923396575460033649524238381652733500612628106436132241268928704995103401429531199/610432186469810703773283159798396509527368032444366671523153649656015482965046070946339675555516457007784,382159851371263854218751620704271817769096834994940910452700315696930024229250831784268569084572675173960657/2441728745879242815093132639193586038109472129777466686092614598624061931860184283785358702222065828031136,1257633515790373693336550997036124979287233078468335506244248787052853215815299784079348756625575130832881/610432186469810703773283159798396509527368032444366671523153649656015482965046070946339675555516457007784
24bfeb84a4ce87b56985d174dd98d1d5e1702a2b,f726ad70cb2643533f0d037b518cde1b702724adb4e6571fea25e26e4bfdd61e,b26c3bdea5a42988c0534d45bd092d0cc28e50535e08dc75b4692ed601799911,POSTHOC_ATTRIBUTION_DESIGN_INPUT,True,True,True,True,True,distinct_basis,1/4,-1,False,1e-3,A,38,5948321307505107934055061878023506555413926356019228883613588397883693755415352963630722603298316528350305/304386538502453990157058507652747590571416519793299209285540122260500447491167839539788251589404922867568,17515009770598359560023285168827914997127754108164598836464113043782710760079730866142676163695703597317889/304386538502453990157058507652747590571416519793299209285540122260500447491167839539788251589404922867568,179634182832140558531496309016017145565580466367403683493371536021715877577524478187008891786323283037754063/1217546154009815960628234030610990362285666079173196837142160489042001789964671358159153006357619691470272,316528480437796724886261696717386830799810067706797145176089139555451291255312948415526056142613964132357/152193269251226995078529253826373795285708259896649604642770061130250223745583919769894125794702461433784
24bfeb84a4ce87b56985d174dd98d1d5e1702a2b,f726ad70cb2643533f0d037b518cde1b702724adb4e6571fea25e26e4bfdd61e,b26c3bdea5a42988c0534d45bd092d0cc28e50535e08dc75b4692ed601799911,POSTHOC_ATTRIBUTION_DESIGN_INPUT,True,True,True,True,True,distinct_basis,1/4,-1,False,1e-4,ordinary,273987067737833780320939973565587708264275655612428990977452233408024078476700123516259849357638077949236/4757821334383809352355940230100611996364149701320001465558286007095135895574721297029838730323875220663,1976874895869542320281297083799536830727348395432916612158127715469071988228652707992090379672550770110875/76125141350140949637695043681609791941826395221120023448932576113522174329195540752477419685182003530608,6360667979674882805416336660848940162955758885231780467797363449997457243855854684252247969394760017298651/76125141350140949637695043681609791941826395221120023448932576113522174329195540752477419685182003530608,62491913243903173973050153813092956392736985082813668693869015323677047257124921328400594385899963704020181/304500565400563798550780174726439167767305580884480093795730304454088697316782163009909678740728014122432,79917811401821905146553837543516239311170375987658561925580117905974509586274841910313956758822038596957/38062570675070474818847521840804895970913197610560011724466288056761087164597770376238709842591001765304
24bfeb84a4ce87b56985d174dd98d1d5e1702a2b,f726ad70cb2643533f0d037b518cde1b702724adb4e6571fea25e26e4bfdd61e,b26c3bdea5a42988c0534d45bd092d0cc28e50535e08dc75b4692ed601799911,POSTHOC_ATTRIBUTION_DESIGN_INPUT,True,True,True,True,True,distinct_basis,1/4,-1,False,1e-4,PTSC_K0,4284902723939288904459610285242657445264774843145414556099981311495553995590763901626197511950261666198528/76304023308726337971660394974799563690921004055545833940394206207001935370630758868292459444439557125973,15526774349878881844335775265777415496211146213905781420348214947139837358828795885922471091213914770192925/610432186469810703773283159798396509527368032444366671523153649656015482965046070946339675555516457007784,16601998713797731026670885849239558352776448319689699289716021813034756441184969032977350395605336033260383/203477395489936901257761053266132169842456010814788890507717883218671827655015356982113225185172152335928,163034831902498409390474952841630606938114782262467429471463541222671320437170599789991116829949486960445201/813909581959747605031044213064528679369824043259155562030871532874687310620061427928452900740688609343712,1257633515790373693336550997036124979287233078468335506244248787052853215815299784079348756625575130832881/610432186469810703773283159798396509527368032444366671523153649656015482965046070946339675555516457007784
24bfeb84a4ce87b56985d174dd98d1d5e1702a2b,f726ad70cb2643533f0d037b518cde1b702724adb4e6571fea25e26e4bfdd61e,b26c3bdea5a42988c0534d45bd092d0cc28e50535e08dc75b4692ed601799911,POSTHOC_ATTRIBUTION_DESIGN_INPUT,True,True,True,True,True,distinct_basis,1/4,-1,False,1e-4,A,46,7826738562506720965861923523715140204492008363183195899491563681425912836072832846882529741181995432039875/304386538502453990157058507652747590571416519793299209285540122260500447491167839539788251589404922867568,21828519333619604513086614875741529370777168273674959526626409305408933420666553465712789314294621883948003/304386538502453990157058507652747590571416519793299209285540122260500447491167839539788251589404922867568,226891607414421680773015251902771105790424480509465814765172859124595037200217891998964065127753465228665901/1217546154009815960628234030610990362285666079173196837142160489042001789964671358159153006357619691470272,316528480437796724886261696717386830799810067706797145176089139555451291255312948415526056142613964132357/152193269251226995078529253826373795285708259896649604642770061130250223745583919769894125794702461433784
24bfeb84a4ce87b56985d174dd98d1d5e1702a2b,f726ad70cb2643533f0d037b518cde1b702724adb4e6571fea25e26e4bfdd61e,b26c3bdea5a42988c0534d45bd092d0cc28e50535e08dc75b4692ed601799911,POSTHOC_ATTRIBUTION_DESIGN_INPUT,True,True,True,True,True,distinct_basis,1/4,-1,False,1e-6,ordinary,398533237998853035817496373739738386251819988017090926521222678879709241818771610829665997917978841478996/4757821334383809352355940230100611996364149701320001465558286007095135895574721297029838730323875220663,1344274929191288777791282016983685044894596908894383296267526846518968951995483841434621458177334523675395/38062570675070474818847521840804895970913197610560011724466288056761087164597770376238709842591001765304,4532540833182113064331253006901592134909156813031110708437308277556642886545656728071949441521165255507363/38062570675070474818847521840804895970913197610560011724466288056761087164597770376238709842591001765304,92538914986450234574254551380323050834931766291445784250636098955015638019790893997884683231186948392779151/304500565400563798550780174726439167767305580884480093795730304454088697316782163009909678740728014122432,79917811401821905146553837543516239311170375987658561925580117905974509586274841910313956758822038596957/38062570675070474818847521840804895970913197610560011724466288056761087164597770376238709842591001765304
24bfeb84a4ce87b56985d174dd98d1d5e1702a2b,f726ad70cb2643533f0d037b518cde1b702724adb4e6571fea25e26e4bfdd61e,b26c3bdea5a42988c0534d45bd092d0cc28e50535e08dc75b4692ed601799911,POSTHOC_ATTRIBUTION_DESIGN_INPUT,True,True,True,True,True,distinct_basis,1/4,-1,False,1e-6,PTSC_K0,2068573728798277402152915310117144973576098200139165647772404771066819170285196366302302247148402183682048/25434674436242112657220131658266521230307001351848611313464735402333978456876919622764153148146519041991,10558206557917639654148327180728642537423579425455931365836786164055089404003581202427280342025462043731189/305216093234905351886641579899198254763684016222183335761576824828007741482523035473169837777758228503892,35381091303496968479983310902134382220336757827125919139105643416856919447425937598054907307806288247915765/305216093234905351886641579899198254763684016222183335761576824828007741482523035473169837777758228503892,722427402612836998488202496894122020845391132906314607052223286793767885324827536022607974694506222237228489/2441728745879242815093132639193586038109472129777466686092614598624061931860184283785358702222065828031136,1257633515790373693336550997036124979287233078468335506244248787052853215815299784079348756625575130832881/610432186469810703773283159798396509527368032444366671523153649656015482965046070946339675555516457007784
24bfeb84a4ce87b56985d174dd98d1d5e1702a2b,f726ad70cb2643533f0d037b518cde1b702724adb4e6571fea25e26e4bfdd61e,b26c3bdea5a42988c0534d45bd092d0cc28e50535e08dc75b4692ed601799911,POSTHOC_ATTRIBUTION_DESIGN_INPUT,True,True,True,True,True,distinct_basis,1/4,-1,False,1e-6,A,68,5322182222504570256786107996126295339054565686964573211654263303369620728529526335880120224003756893787115/152193269251226995078529253826373795285708259896649604642770061130250223745583919769894125794702461433784,15671324531588005922126097256319713418482727359936746327362627460226635943229232880232920778043524271284427/152193269251226995078529253826373795285708259896649604642770061130250223745583919769894125794702461433784,319875977575897488466040926789569399287035930393400081491515396747014564774309996104782268906583831623004375/1217546154009815960628234030610990362285666079173196837142160489042001789964671358159153006357619691470272,316528480437796724886261696717386830799810067706797145176089139555451291255312948415526056142613964132357/152193269251226995078529253826373795285708259896649604642770061130250223745583919769894125794702461433784
24bfeb84a4ce87b56985d174dd98d1d5e1702a2b,f726ad70cb2643533f0d037b518cde1b702724adb4e6571fea25e26e4bfdd61e,b26c3bdea5a42988c0534d45bd092d0cc28e50535e08dc75b4692ed601799911,POSTHOC_ATTRIBUTION_DESIGN_INPUT,True,True,True,True,True,distinct_basis,1/4,-1,True,1e-3,ordinary,398533237998853035817496373739738386251819988017090926521222678879709241818771610829665997917978841478996/4757821334383809352355940230100611996364149701320001465558286007095135895574721297029838730323875220663,1502424920860852163413785783687647991352784780529016625240177063756494711053776058073988688551138585284265/76125141350140949637695043681609791941826395221120023448932576113522174329195540752477419685182003530608,7878956728842500736493727763523462171381904588802471449579739925831842580154121831348644655238800048948201/76125141350140949637695043681609791941826395221120023448932576113522174329195540752477419685182003530608,79077923086996458658379351839577008609152298399144072933904511814265553330261133142943738119978520387974983/304500565400563798550780174726439167767305580884480093795730304454088697316782163009909678740728014122432,79355934357128430256352534749159728589786082540763963632743445047833422881522352849893729044208700068609/38062570675070474818847521840804895970913197610560011724466288056761087164597770376238709842591001765304
24bfeb84a4ce87b56985d174dd98d1d5e1702a2b,f726ad70cb2643533f0d037b518cde1b702724adb4e6571fea25e26e4bfdd61e,b26c3bdea5a42988c0534d45bd092d0cc28e50535e08dc75b4692ed601799911,POSTHOC_ATTRIBUTION_DESIGN_INPUT,True,True,True,True,True,distinct_basis,1/4,-1,True,1e-3,PTSC_K0,2068573728798277402152915310117144973576098200139165647772404771066819170285196366302302247148402183682048/25434674436242112657220131658266521230307001351848611313464735402333978456876919622764153148146519041991,11800348505907950201695189201990835777120471122568393879464643359826276392709884873301078029322575225346623/610432186469810703773283159798396509527368032444366671523153649656015482965046070946339675555516457007784,61446117997066607853365156644802315142946827925908369426002357865429936479554597664556331960884227633715775/610432186469810703773283159798396509527368032444366671523153649656015482965046070946339675555516457007784,616204193258154668862338610077525934779421088496400795172092398366204421781518763514471909047649036527700945/2441728745879242815093132639193586038109472129777466686092614598624061931860184283785358702222065828031136,1247927955240936541757468747153661720748705947980318691593015500948676784373519086649364954154731499997853/610432186469810703773283159798396509527368032444366671523153649656015482965046070946339675555516457007784
24bfeb84a4ce87b56985d174dd98d1d5e1702a2b,f726ad70cb2643533f0d037b518cde1b702724adb4e6571fea25e26e4bfdd61e,b26c3bdea5a42988c0534d45bd092d0cc28e50535e08dc75b4692ed601799911,POSTHOC_ATTRIBUTION_DESIGN_INPUT,True,True,True,True,True,distinct_basis,1/4,-1,True,1e-3,A,72,5948321307505107934055061878023506555413926356019228883613588397883693755415352963630722603298316528350305/304386538502453990157058507652747590571416519793299209285540122260500447491167839539788251589404922867568,27864152079681795225363274429021333076555915781136771952172477200639725974779437410495476717735470974815201/304386538502453990157058507652747590571416519793299209285540122260500447491167839539788251589404922867568,288068820486396211100024139594152648055664806110225966382882393371476237554068831656352690038568387462632591/1217546154009815960628234030610990362285666079173196837142160489042001789964671358159153006357619691470272,315363614740622385186347930169824769573786996051855590876261627372479991510930940907134176704322739419729/152193269251226995078529253826373795285708259896649604642770061130250223745583919769894125794702461433784
24bfeb84a4ce87b56985d174dd98d1d5e1702a2b,f726ad70cb2643533f0d037b518cde1b702724adb4e6571fea25e26e4bfdd61e,b26c3bdea5a42988c0534d45bd092d0cc28e50535e08dc75b4692ed601799911,POSTHOC_ATTRIBUTION_DESIGN_INPUT,True,True,True,True,True,distinct_basis,1/4,-1,True,1e-4,ordinary,475220256393687460345392720215704688915030676685105548262991927851372502852719640642563645317774183537952/4757821334383809352355940230100611996364149701320001465558286007095135895574721297029838730323875220663,1976874895869542320281297083799536830727348395432916612158127715469071988228652707992090379672550770110875/76125141350140949637695043681609791941826395221120023448932576113522174329195540752477419685182003530608,9580398998168541685807580607250811853367839222394605384365998561091032033872166958273108704756937706718107/76125141350140949637695043681609791941826395221120023448932576113522174329195540752477419685182003530608,96193746190412390573230052461324460792610018968563691183163244425422723869319875233725302846357753835919765/304500565400563798550780174726439167767305580884480093795730304454088697316782163009909678740728014122432,79355934357128430256352534749159728589786082540763963632743445047833422881522352849893729044208700068609/38062570675070474818847521840804895970913197610560011724466288056761087164597770376238709842591001765304
24bfeb84a4ce87b56985d174dd98d1d5e1702a2b,f726ad70cb2643533f0d037b518cde1b702724adb4e6571fea25e26e4bfdd61e,b26c3bdea5a42988c0534d45bd092d0cc28e50535e08dc75b4692ed601799911,POSTHOC_ATTRIBUTION_DESIGN_INPUT,True,True,True,True,True,distinct_basis,1/4,-1,True,1e-4,PTSC_K0,7387763317136705007688983250418374905628922143354163027758588468095782751018558451079650882672864941721600/76304023308726337971660394974799563690921004055545833940394206207001935370630758868292459444439557125973,15526774349878881844335775265777415496211146213905781420348214947139837358828795885922471091213914770192925/610432186469810703773283159798396509527368032444366671523153649656015482965046070946339675555516457007784,24876293628990840635282547089708138247080841120246361880805640897302033122325754498186559384198944767988575/203477395489936901257761053266132169842456010814788890507717883218671827655015356982113225185172152335928,749153764470707244442077068939618617492482406233468826991492937744985514147365056847977061559933306829935923/2441728745879242815093132639193586038109472129777466686092614598624061931860184283785358702222065828031136,1247927955240936541757468747153661720748705947980318691593015500948676784373519086649364954154731499997853/610432186469810703773283159798396509527368032444366671523153649656015482965046070946339675555516457007784
24bfeb84a4ce87b56985d174dd98d1d5e1702a2b,f726ad70cb2643533f0d037b518cde1b702724adb4e6571fea25e26e4bfdd61e,b26c3bdea5a42988c0534d45bd092d0cc28e50535e08dc75b4692ed601799911,POSTHOC_ATTRIBUTION_DESIGN_INPUT,True,True,True,True,True,distinct_basis,1/4,-1,True,1e-4,A,100,7826738562506720965861923523715140204492008363183195899491563681425912836072832846882529741181995432039875/304386538502453990157058507652747590571416519793299209285540122260500447491167839539788251589404922867568,38265392412752119981567774288989899261633660342513116828045575907475957585189616800861354900122487718796675/304386538502453990157058507652747590571416519793299209285540122260500447491167839539788251589404922867568,376844530883981129457261375944609214342654898104856397423948129476820459151708742634351033406852558970240877/1217546154009815960628234030610990362285666079173196837142160489042001789964671358159153006357619691470272,315363614740622385186347930169824769573786996051855590876261627372479991510930940907134176704322739419729/152193269251226995078529253826373795285708259896649604642770061130250223745583919769894125794702461433784
24bfeb84a4ce87b56985d174dd98d1d5e1702a2b,f726ad70cb2643533f0d037b518cde1b702724adb4e6571fea25e26e4bfdd61e,b26c3bdea5a42988c0534d45bd092d0cc28e50535e08dc75b4692ed601799911,POSTHOC_ATTRIBUTION_DESIGN_INPUT,True,True,True,True,True,distinct_basis,1/4,-1,True,1e-6,ordinary,140,1344274929191288777791282016983685044894596908894383296267526846518968951995483841434621458177334523675395/38062570675070474818847521840804895970913197610560011724466288056761087164597770376238709842591001765304,6673034823701155252429935074696370480822444574372784937692807174465521155039171694108040836140074770817955/38062570675070474818847521840804895970913197610560011724466288056761087164597770376238709842591001765304,133370121395183756916507485873198514495042910269643238914827539779428958092136395201971445310754870679844623/304500565400563798550780174726439167767305580884480093795730304454088697316782163009909678740728014122432,79355934357128430256352534749159728589786082540763963632743445047833422881522352849893729044208700068609/38062570675070474818847521840804895970913197610560011724466288056761087164597770376238709842591001765304
24bfeb84a4ce87b56985d174dd98d1d5e1702a2b,f726ad70cb2643533f0d037b518cde1b702724adb4e6571fea25e26e4bfdd61e,b26c3bdea5a42988c0534d45bd092d0cc28e50535e08dc75b4692ed601799911,POSTHOC_ATTRIBUTION_DESIGN_INPUT,True,True,True,True,True,distinct_basis,1/4,-1,True,1e-6,PTSC_K0,10342868643991387010764576550585724867880491000695828238862023855334095851425981831511511235742010918410240/76304023308726337971660394974799563690921004055545833940394206207001935370630758868292459444439557125973,10558206557917639654148327180728642537423579425455931365836786164055089404003581202427280342025462043731189/305216093234905351886641579899198254763684016222183335761576824828007741482523035473169837777758228503892,51929681133883187697206633383071542008945543428239244321284881585391472809707508528473325284993505717372149/305216093234905351886641579899198254763684016222183335761576824828007741482523035473169837777758228503892,1036850609390175163615445624031928056828958059327467785513628811995924399208177383700557916261063354156899785/2441728745879242815093132639193586038109472129777466686092614598624061931860184283785358702222065828031136,1247927955240936541757468747153661720748705947980318691593015500948676784373519086649364954154731499997853/610432186469810703773283159798396509527368032444366671523153649656015482965046070946339675555516457007784
24bfeb84a4ce87b56985d174dd98d1d5e1702a2b,f726ad70cb2643533f0d037b518cde1b702724adb4e6571fea25e26e4bfdd61e,b26c3bdea5a42988c0534d45bd092d0cc28e50535e08dc75b4692ed601799911,POSTHOC_ATTRIBUTION_DESIGN_INPUT,True,True,True,True,True,distinct_basis,1/4,-1,True,1e-6,A,140,5322182222504570256786107996126295339054565686964573211654263303369620728529526335880120224003756893787115/152193269251226995078529253826373795285708259896649604642770061130250223745583919769894125794702461433784,26629239917676349567780203531818626679053722072495517861642071861604652052911275103665297835262101494516875/152193269251226995078529253826373795285708259896649604642770061130250223745583919769894125794702461433784,542638237128105787879264419822209062087539450417823259765958383691686091891385786252454481945750267239381271/1217546154009815960628234030610990362285666079173196837142160489042001789964671358159153006357619691470272,315363614740622385186347930169824769573786996051855590876261627372479991510930940907134176704322739419729/152193269251226995078529253826373795285708259896649604642770061130250223745583919769894125794702461433784
24bfeb84a4ce87b56985d174dd98d1d5e1702a2b,f726ad70cb2643533f0d037b518cde1b702724adb4e6571fea25e26e4bfdd61e,b26c3bdea5a42988c0534d45bd092d0cc28e50535e08dc75b4692ed601799911,POSTHOC_ATTRIBUTION_DESIGN_INPUT,True,True,True,True,True,distinct_basis,1/4,1,False,1e-3,ordinary,198985680477079780463647535472690937765217847285098164114193003010784077557009560884622885101682751475324/4757821334383809352355940230100611996364149701320001465558286007095135895574721297029838730323875220663,1502424920860852163413785783687647991352784780529016625240177063756494711053776058073988688551138585284265/76125141350140949637695043681609791941826395221120023448932576113522174329195540752477419685182003530608,4686195808494128650832146351250702995596270337090587251067265111929039951965929032227954850178062608889449/76125141350140949637695043681609791941826395221120023448932576113522174329195540752477419685182003530608,47973915252563473214983669793931692639176385673175535503313086931297219267569153391099332671255195865219079/304500565400563798550780174726439167767305580884480093795730304454088697316782163009909678740728014122432,79917811401821905146553837543516239311170375987658561925580117905974509586274841910313956758822038596957/38062570675070474818847521840804895970913197610560011724466288056761087164597770376238709842591001765304
24bfeb84a4ce87b56985d174dd98d1d5e1702a2b,f726ad70cb2643533f0d037b518cde1b702724adb4e6571fea25e26e4bfdd61e,b26c3bdea5a42988c0534d45bd092d0cc28e50535e08dc75b4692ed601799911,POSTHOC_ATTRIBUTION_DESIGN_INPUT,True,True,True,True,True,distinct_basis,1/4,1,False,1e-3,PTSC_K0,1034286864399138701076457655058572486788049100069582823886202385533409585142598183151151123574201091841024/25434674436242112657220131658266521230307001351848611313464735402333978456876919622764153148146519041991,11800348505907950201695189201990835777120471122568393879464643359826276392709884873301078029322575225346623/610432186469810703773283159798396509527368032444366671523153649656015482965046070946339675555516457007784,36623233251487279027530172923396575460033649524238381652733500612628106436132241268928704995103401429531199/610432186469810703773283159798396509527368032444366671523153649656015482965046070946339675555516457007784,375067598586812617411370196783870177859693069737320913946052070767558072788273015671232104237206724829907921/2441728745879242815093132639193586038109472129777466686092614598624061931860184283785358702222065828031136,1257633515790373693336550997036124979287233078468335506244248787052853215815299784079348756625575130832881/610432186469810703773283159798396509527368032444366671523153649656015482965046070946339675555516457007784
24bfeb84a4ce87b56985d174dd98d1d5e1702a2b,f726ad70cb2643533f0d037b518cde1b702724adb4e6571fea25e26e4bfdd61e,b26c3bdea5a42988c0534d45bd092d0cc28e50535e08dc75b4692ed601799911,POSTHOC_ATTRIBUTION_DESIGN_INPUT,True,True,True,True,True,distinct_basis,1/4,1,False,1e-3,A,38,5948321307505107934055061878023506555413926356019228883613588397883693755415352963630722603298316528350305/304386538502453990157058507652747590571416519793299209285540122260500447491167839539788251589404922867568,17515009770598359560023285168827914997127754108164598836464113043782710760079730866142676163695703597317889/304386538502453990157058507652747590571416519793299209285540122260500447491167839539788251589404922867568,176127604264875174794841610631698894972043585522699621749662202204634273547007669298889794140084327731391887/1217546154009815960628234030610990362285666079173196837142160489042001789964671358159153006357619691470272,316528480437796724886261696717386830799810067706797145176089139555451291255312948415526056142613964132357/152193269251226995078529253826373795285708259896649604642770061130250223745583919769894125794702461433784
24bfeb84a4ce87b56985d174dd98d1d5e1702a2b,f726ad70cb2643533f0d037b518cde1b702724adb4e6571fea25e26e4bfdd61e,b26c3bdea5a42988c0534d45bd092d0cc28e50535e08dc75b4692ed601799911,POSTHOC_ATTRIBUTION_DESIGN_INPUT,True,True,True,True,True,distinct_basis,1/4,1,False,1e-4,ordinary,273987067737833780320939973565587708264275655612428990977452233408024078476700123516259849357638077949236/4757821334383809352355940230100611996364149701320001465558286007095135895574721297029838730323875220663,1976874895869542320281297083799536830727348395432916612158127715469071988228652707992090379672550770110875/76125141350140949637695043681609791941826395221120023448932576113522174329195540752477419685182003530608,6360667979674882805416336660848940162955758885231780467797363449997457243855854684252247969394760017298651/76125141350140949637695043681609791941826395221120023448932576113522174329195540752477419685182003530608,66342540201529356175291645948020215515206173292508147040988868092817111674930611547928736488323666890168981/304500565400563798550780174726439167767305580884480093795730304454088697316782163009909678740728014122432,79917811401821905146553837543516239311170375987658561925580117905974509586274841910313956758822038596957/38062570675070474818847521840804895970913197610560011724466288056761087164597770376238709842591001765304
24bfeb84a4ce87b56985d174dd98d1d5e1702a2b,f726ad70cb2643533f0d037b518cde1b702724adb4e6571fea25e26e4bfdd61e,b26c3bdea5a42988c0534d45bd092d0cc28e50535e08dc75b4692ed601799911,POSTHOC_ATTRIBUTION_DESIGN_INPUT,True,True,True,True,True,distinct_basis,1/4,1,False,1e-4,PTSC_K0,4284902723939288904459610285242657445264774843145414556099981311495553995590763901626197511950261666198528/76304023308726337971660394974799563690921004055545833940394206207001935370630758868292459444439557125973,15526774349878881844335775265777415496211146213905781420348214947139837358828795885922471091213914770192925/610432186469810703773283159798396509527368032444366671523153649656015482965046070946339675555516457007784,16601998713797731026670885849239558352776448319689699289716021813034756441184969032977350395605336033260383/203477395489936901257761053266132169842456010814788890507717883218671827655015356982113225185172152335928,519837591106783921003411028846632260421760662903755606609866351695292417555749002526464698161767579038897459/2441728745879242815093132639193586038109472129777466686092614598624061931860184283785358702222065828031136,1257633515790373693336550997036124979287233078468335506244248787052853215815299784079348756625575130832881/610432186469810703773283159798396509527368032444366671523153649656015482965046070946339675555516457007784
24bfeb84a4ce87b56985d174dd98d1d5e1702a2b,f726ad70cb2643533f0d037b518cde1b702724adb4e6571fea25e26e4bfdd61e,b26c3bdea5a42988c0534d45bd092d0cc28e50535e08dc75b4692ed601799911,POSTHOC_ATTRIBUTION_DESIGN_INPUT,True,True,True,True,True,distinct_basis,1/4,1,False,1e-4,A,46,7826738562506720965861923523715140204492008363183195899491563681425912836072832846882529741181995432039875/304386538502453990157058507652747590571416519793299209285540122260500447491167839539788251589404922867568,21828519333619604513086614875741529370777168273674959526626409305408933420666553465712789314294621883948003/304386538502453990157058507652747590571416519793299209285540122260500447491167839539788251589404922867568,217540731235047324141936056211255770874326131590254983448614635612377426452173068297313138071116251078366765/1217546154009815960628234030610990362285666079173196837142160489042001789964671358159153006357619691470272,316528480437796724886261696717386830799810067706797145176089139555451291255312948415526056142613964132357/152193269251226995078529253826373795285708259896649604642770061130250223745583919769894125794702461433784
24bfeb84a4ce87b56985d174dd98d1d5e1702a2b,f726ad70cb2643533f0d037b518cde1b702724adb4e6571fea25e26e4bfdd61e,b26c3bdea5a42988c0534d45bd092d0cc28e50535e08dc75b4692ed601799911,POSTHOC_ATTRIBUTION_DESIGN_INPUT,True,True,True,True,True,distinct_basis,1/4,1,False,1e-6,ordinary,398533237998853035817496373739738386251819988017090926521222678879709241818771610829665997917978841478996/4757821334383809352355940230100611996364149701320001465558286007095135895574721297029838730323875220663,1344274929191288777791282016983685044894596908894383296267526846518968951995483841434621458177334523675395/38062570675070474818847521840804895970913197610560011724466288056761087164597770376238709842591001765304,4532540833182113064331253006901592134909156813031110708437308277556642886545656728071949441521165255507363/38062570675070474818847521840804895970913197610560011724466288056761087164597770376238709842591001765304,92198454290189288382730887826757794980995865929960049866098821587640519773369952535007878978710966712842447/304500565400563798550780174726439167767305580884480093795730304454088697316782163009909678740728014122432,79917811401821905146553837543516239311170375987658561925580117905974509586274841910313956758822038596957/38062570675070474818847521840804895970913197610560011724466288056761087164597770376238709842591001765304
24bfeb84a4ce87b56985d174dd98d1d5e1702a2b,f726ad70cb2643533f0d037b518cde1b702724adb4e6571fea25e26e4bfdd61e,b26c3bdea5a42988c0534d45bd092d0cc28e50535e08dc75b4692ed601799911,POSTHOC_ATTRIBUTION_DESIGN_INPUT,True,True,True,True,True,distinct_basis,1/4,1,False,1e-6,PTSC_K0,2068573728798277402152915310117144973576098200139165647772404771066819170285196366302302247148402183682048/25434674436242112657220131658266521230307001351848611313464735402333978456876919622764153148146519041991,10558206557917639654148327180728642537423579425455931365836786164055089404003581202427280342025462043731189/305216093234905351886641579899198254763684016222183335761576824828007741482523035473169837777758228503892,35381091303496968479983310902134382220336757827125919139105643416856919447425937598054907307806288247915765/305216093234905351886641579899198254763684016222183335761576824828007741482523035473169837777758228503892,240021106117117750961914007417996046958529959273480424961113512827992411614833865772754162137350301818625859/813909581959747605031044213064528679369824043259155562030871532874687310620061427928452900740688609343712,1257633515790373693336550997036124979287233078468335506244248787052853215815299784079348756625575130832881/610432186469810703773283159798396509527368032444366671523153649656015482965046070946339675555516457007784
24bfeb84a4ce87b56985d174dd98d1d5e1702a2b,f726ad70cb2643533f0d037b518cde1b702724adb4e6571fea25e26e4bfdd61e,b26c3bdea5a42988c0534d45bd092d0cc28e50535e08dc75b4692ed601799911,POSTHOC_ATTRIBUTION_DESIGN_INPUT,True,True,True,True,True,distinct_basis,1/4,1,False,1e-6,A,68,5322182222504570256786107996126295339054565686964573211654263303369620728529526335880120224003756893787115/152193269251226995078529253826373795285708259896649604642770061130250223745583919769894125794702461433784,15671324531588005922126097256319713418482727359936746327362627460226635943229232880232920778043524271284427/152193269251226995078529253826373795285708259896649604642770061130250223745583919769894125794702461433784,322213696620741077623810725712448233016060517623202789320654952625068967461321202030195000670743135160579159/1217546154009815960628234030610990362285666079173196837142160489042001789964671358159153006357619691470272,316528480437796724886261696717386830799810067706797145176089139555451291255312948415526056142613964132357/152193269251226995078529253826373795285708259896649604642770061130250223745583919769894125794702461433784
24bfeb84a4ce87b56985d174dd98d1d5e1702a2b,f726ad70cb2643533f0d037b518cde1b702724adb4e6571fea25e26e4bfdd61e,b26c3bdea5a42988c0534d45bd092d0cc28e50535e08dc75b4692ed601799911,POSTHOC_ATTRIBUTION_DESIGN_INPUT,True,True,True,True,True,distinct_basis,1/4,1,True,1e-3,ordinary,398533237998853035817496373739738386251819988017090926521222678879709241818771610829665997917978841478996/4757821334383809352355940230100611996364149701320001465558286007095135895574721297029838730323875220663,1502424920860852163413785783687647991352784780529016625240177063756494711053776058073988688551138585284265/76125141350140949637695043681609791941826395221120023448932576113522174329195540752477419685182003530608,7878956728842500736493727763523462171381904588802471449579739925831842580154121831348644655238800048948201/76125141350140949637695043681609791941826395221120023448932576113522174329195540752477419685182003530608,79077923086996458658379351839577008609152298399144072933904511814265553330261133142943738119978520387974983/304500565400563798550780174726439167767305580884480093795730304454088697316782163009909678740728014122432,79355934357128430256352534749159728589786082540763963632743445047833422881522352849893729044208700068609/38062570675070474818847521840804895970913197610560011724466288056761087164597770376238709842591001765304
24bfeb84a4ce87b56985d174dd98d1d5e1702a2b,f726ad70cb2643533f0d037b518cde1b702724adb4e6571fea25e26e4bfdd61e,b26c3bdea5a42988c0534d45bd092d0cc28e50535e08dc75b4692ed601799911,POSTHOC_ATTRIBUTION_DESIGN_INPUT,True,True,True,True,True,distinct_basis,1/4,1,True,1e-3,PTSC_K0,2068573728798277402152915310117144973576098200139165647772404771066819170285196366302302247148402183682048/25434674436242112657220131658266521230307001351848611313464735402333978456876919622764153148146519041991,11800348505907950201695189201990835777120471122568393879464643359826276392709884873301078029322575225346623/610432186469810703773283159798396509527368032444366671523153649656015482965046070946339675555516457007784,61446117997066607853365156644802315142946827925908369426002357865429936479554597664556331960884227633715775/610432186469810703773283159798396509527368032444366671523153649656015482965046070946339675555516457007784,616204193258154668862338610077525934779421088496400795172092398366204421781518763514471909047649036527700945/2441728745879242815093132639193586038109472129777466686092614598624061931860184283785358702222065828031136,1247927955240936541757468747153661720748705947980318691593015500948676784373519086649364954154731499997853/610432186469810703773283159798396509527368032444366671523153649656015482965046070946339675555516457007784
24bfeb84a4ce87b56985d174dd98d1d5e1702a2b,f726ad70cb2643533f0d037b518cde1b702724adb4e6571fea25e26e4bfdd61e,b26c3bdea5a42988c0534d45bd092d0cc28e50535e08dc75b4692ed601799911,POSTHOC_ATTRIBUTION_DESIGN_INPUT,True,True,True,True,True,distinct_basis,1/4,1,True,1e-3,A,72,5948321307505107934055061878023506555413926356019228883613588397883693755415352963630722603298316528350305/304386538502453990157058507652747590571416519793299209285540122260500447491167839539788251589404922867568,27864152079681795225363274429021333076555915781136771952172477200639725974779437410495476717735470974815201/304386538502453990157058507652747590571416519793299209285540122260500447491167839539788251589404922867568,288068820486396211100024139594152648055664806110225966382882393371476237554068831656352690038568387462632591/1217546154009815960628234030610990362285666079173196837142160489042001789964671358159153006357619691470272,315363614740622385186347930169824769573786996051855590876261627372479991510930940907134176704322739419729/152193269251226995078529253826373795285708259896649604642770061130250223745583919769894125794702461433784
24bfeb84a4ce87b56985d174dd98d1d5e1702a2b,f726ad70cb2643533f0d037b518cde1b702724adb4e6571fea25e26e4bfdd61e,b26c3bdea5a42988c0534d45bd092d0cc28e50535e08dc75b4692ed601799911,POSTHOC_ATTRIBUTION_DESIGN_INPUT,True,True,True,True,True,distinct_basis,1/4,1,True,1e-4,ordinary,475220256393687460345392720215704688915030676685105548262991927851372502852719640642563645317774183537952/4757821334383809352355940230100611996364149701320001465558286007095135895574721297029838730323875220663,1976874895869542320281297083799536830727348395432916612158127715469071988228652707992090379672550770110875/76125141350140949637695043681609791941826395221120023448932576113522174329195540752477419685182003530608,9580398998168541685807580607250811853367839222394605384365998561091032033872166958273108704756937706718107/76125141350140949637695043681609791941826395221120023448932576113522174329195540752477419685182003530608,96193746190412390573230052461324460792610018968563691183163244425422723869319875233725302846357753835919765/304500565400563798550780174726439167767305580884480093795730304454088697316782163009909678740728014122432,79355934357128430256352534749159728589786082540763963632743445047833422881522352849893729044208700068609/38062570675070474818847521840804895970913197610560011724466288056761087164597770376238709842591001765304
24bfeb84a4ce87b56985d174dd98d1d5e1702a2b,f726ad70cb2643533f0d037b518cde1b702724adb4e6571fea25e26e4bfdd61e,b26c3bdea5a42988c0534d45bd092d0cc28e50535e08dc75b4692ed601799911,POSTHOC_ATTRIBUTION_DESIGN_INPUT,True,True,True,True,True,distinct_basis,1/4,1,True,1e-4,PTSC_K0,7387763317136705007688983250418374905628922143354163027758588468095782751018558451079650882672864941721600/76304023308726337971660394974799563690921004055545833940394206207001935370630758868292459444439557125973,15526774349878881844335775265777415496211146213905781420348214947139837358828795885922471091213914770192925/610432186469810703773283159798396509527368032444366671523153649656015482965046070946339675555516457007784,24876293628990840635282547089708138247080841120246361880805640897302033122325754498186559384198944767988575/203477395489936901257761053266132169842456010814788890507717883218671827655015356982113225185172152335928,749153764470707244442077068939618617492482406233468826991492937744985514147365056847977061559933306829935923/2441728745879242815093132639193586038109472129777466686092614598624061931860184283785358702222065828031136,1247927955240936541757468747153661720748705947980318691593015500948676784373519086649364954154731499997853/610432186469810703773283159798396509527368032444366671523153649656015482965046070946339675555516457007784
24bfeb84a4ce87b56985d174dd98d1d5e1702a2b,f726ad70cb2643533f0d037b518cde1b702724adb4e6571fea25e26e4bfdd61e,b26c3bdea5a42988c0534d45bd092d0cc28e50535e08dc75b4692ed601799911,POSTHOC_ATTRIBUTION_DESIGN_INPUT,True,True,True,True,True,distinct_basis,1/4,1,True,1e-4,A,100,7826738562506720965861923523715140204492008363183195899491563681425912836072832846882529741181995432039875/304386538502453990157058507652747590571416519793299209285540122260500447491167839539788251589404922867568,38265392412752119981567774288989899261633660342513116828045575907475957585189616800861354900122487718796675/304386538502453990157058507652747590571416519793299209285540122260500447491167839539788251589404922867568,376844530883981129457261375944609214342654898104856397423948129476820459151708742634351033406852558970240877/1217546154009815960628234030610990362285666079173196837142160489042001789964671358159153006357619691470272,315363614740622385186347930169824769573786996051855590876261627372479991510930940907134176704322739419729/152193269251226995078529253826373795285708259896649604642770061130250223745583919769894125794702461433784
24bfeb84a4ce87b56985d174dd98d1d5e1702a2b,f726ad70cb2643533f0d037b518cde1b702724adb4e6571fea25e26e4bfdd61e,b26c3bdea5a42988c0534d45bd092d0cc28e50535e08dc75b4692ed601799911,POSTHOC_ATTRIBUTION_DESIGN_INPUT,True,True,True,True,True,distinct_basis,1/4,1,True,1e-6,ordinary,140,1344274929191288777791282016983685044894596908894383296267526846518968951995483841434621458177334523675395/38062570675070474818847521840804895970913197610560011724466288056761087164597770376238709842591001765304,6673034823701155252429935074696370480822444574372784937692807174465521155039171694108040836140074770817955/38062570675070474818847521840804895970913197610560011724466288056761087164597770376238709842591001765304,133370121395183756916507485873198514495042910269643238914827539779428958092136395201971445310754870679844623/304500565400563798550780174726439167767305580884480093795730304454088697316782163009909678740728014122432,79355934357128430256352534749159728589786082540763963632743445047833422881522352849893729044208700068609/38062570675070474818847521840804895970913197610560011724466288056761087164597770376238709842591001765304
24bfeb84a4ce87b56985d174dd98d1d5e1702a2b,f726ad70cb2643533f0d037b518cde1b702724adb4e6571fea25e26e4bfdd61e,b26c3bdea5a42988c0534d45bd092d0cc28e50535e08dc75b4692ed601799911,POSTHOC_ATTRIBUTION_DESIGN_INPUT,True,True,True,True,True,distinct_basis,1/4,1,True,1e-6,PTSC_K0,10342868643991387010764576550585724867880491000695828238862023855334095851425981831511511235742010918410240/76304023308726337971660394974799563690921004055545833940394206207001935370630758868292459444439557125973,10558206557917639654148327180728642537423579425455931365836786164055089404003581202427280342025462043731189/305216093234905351886641579899198254763684016222183335761576824828007741482523035473169837777758228503892,51929681133883187697206633383071542008945543428239244321284881585391472809707508528473325284993505717372149/305216093234905351886641579899198254763684016222183335761576824828007741482523035473169837777758228503892,1036850609390175163615445624031928056828958059327467785513628811995924399208177383700557916261063354156899785/2441728745879242815093132639193586038109472129777466686092614598624061931860184283785358702222065828031136,1247927955240936541757468747153661720748705947980318691593015500948676784373519086649364954154731499997853/610432186469810703773283159798396509527368032444366671523153649656015482965046070946339675555516457007784
24bfeb84a4ce87b56985d174dd98d1d5e1702a2b,f726ad70cb2643533f0d037b518cde1b702724adb4e6571fea25e26e4bfdd61e,b26c3bdea5a42988c0534d45bd092d0cc28e50535e08dc75b4692ed601799911,POSTHOC_ATTRIBUTION_DESIGN_INPUT,True,True,True,True,True,distinct_basis,1/4,1,True,1e-6,A,140,5322182222504570256786107996126295339054565686964573211654263303369620728529526335880120224003756893787115/152193269251226995078529253826373795285708259896649604642770061130250223745583919769894125794702461433784,26629239917676349567780203531818626679053722072495517861642071861604652052911275103665297835262101494516875/152193269251226995078529253826373795285708259896649604642770061130250223745583919769894125794702461433784,542638237128105787879264419822209062087539450417823259765958383691686091891385786252454481945750267239381271/1217546154009815960628234030610990362285666079173196837142160489042001789964671358159153006357619691470272,315363614740622385186347930169824769573786996051855590876261627372479991510930940907134176704322739419729/152193269251226995078529253826373795285708259896649604642770061130250223745583919769894125794702461433784
