input_R1_commit,original_result_sha256,analysis_script_sha256,analysis_classification,no_science_rerun,no_synthesis_rerun,no_new_candidates,R1_scientific_classification_unchanged,mandatory_STOP,key,angle_key,epsilon,T_count,Tdagger_count,one_qubit_count,strict_operator_error_upper,sequence_sha256,T_gate_only_count,sequence_length,symbolic_RZ_angle_identity,angle_kind,saved_rational_argument,saved_scale,used_by_arms,used_by_contexts,native_modes,role_labels,usage_rows
24bfeb84a4ce87b56985d174dd98d1d5e1702a2b,f726ad70cb2643533f0d037b518cde1b702724adb4e6571fea25e26e4bfdd61e,b26c3bdea5a42988c0534d45bd092d0cc28e50535e08dc75b4692ed601799911,POSTHOC_ATTRIBUTION_DESIGN_INPUT,True,True,True,True,True,atan:1/12:scale:-1:epsilon:1e-3,atan:1/12:scale:-1,1e-3,38,0,102,50012528832687023685093812025427571690363610877537817658762009293722422707699722366896472971362050069/286687326998758938951352611912760867599570623646035140467198604923365359511060601008752319138765710819328,59bcde782c4b8017d80fe659442a1e69d8ac81af85e33ab0084a4fa2305e9b54,38,107,-1*atan(1/12),atan,1/12,-1,"[""ordinary""]","[""distinct_basis"",""pauli_commuting"",""pauli_noncommuting""]","[""controlled_half_angle_pair""]","[""ordinary_x_over_3""]","[{""context"":""pauli_commuting"",""x"":""1/4"",""sigma"":-1,""controlled"":true,""epsilon"":""1e-3"",""arm"":""ordinary"",""roles"":[""ordinary_x_over_3""],""expected_occurrences_per_event"":""140469261173368722550325698589127680346073361723649573209168214535271676188122265105056928653334632087/4757821334383809352355940230100611996364149701320001465558286007095135895574721297029838730323875220663""},{""context"":""pauli_commuting"",""x"":""1/4"",""sigma"":1,""controlled"":true,""epsilon"":""1e-3"",""arm"":""ordinary"",""roles"":[""ordinary_x_over_3""],""expected_occurrences_per_event"":""140469261173368722550325698589127680346073361723649573209168214535271676188122265105056928653334632087/4757821334383809352355940230100611996364149701320001465558286007095135895574721297029838730323875220663""},{""context"":""pauli_noncommuting"",""x"":""1/4"",""sigma"":-1,""controlled"":true,""epsilon"":""1e-3"",""arm"":""ordinary"",""roles"":[""ordinary_x_over_3""],""expected_occurrences_per_event"":""140469261173368722550325698589127680346073361723649573209168214535271676188122265105056928653334632087/4757821334383809352355940230100611996364149701320001465558286007095135895574721297029838730323875220663""},{""context"":""pauli_noncommuting"",""x"":""1/4"",""sigma"":1,""controlled"":true,""epsilon"":""1e-3"",""arm"":""ordinary"",""roles"":[""ordinary_x_over_3""],""expected_occurrences_per_event"":""140469261173368722550325698589127680346073361723649573209168214535271676188122265105056928653334632087/4757821334383809352355940230100611996364149701320001465558286007095135895574721297029838730323875220663""},{""context"":""distinct_basis"",""x"":""1/4"",""sigma"":-1,""controlled"":true,""epsilon"":""1e-3"",""arm"":""ordinary"",""roles"":[""ordinary_x_over_3""],""expected_occurrences_per_event"":""140469261173368722550325698589127680346073361723649573209168214535271676188122265105056928653334632087/4757821334383809352355940230100611996364149701320001465558286007095135895574721297029838730323875220663""},{""context"":""distinct_basis"",""x"":""1/4"",""sigma"":1,""controlled"":true,""epsilon"":""1e-3"",""arm"":""ordinary"",""roles"":[""ordinary_x_over_3""],""expected_occurrences_per_event"":""140469261173368722550325698589127680346073361723649573209168214535271676188122265105056928653334632087/4757821334383809352355940230100611996364149701320001465558286007095135895574721297029838730323875220663""}]"
24bfeb84a4ce87b56985d174dd98d1d5e1702a2b,f726ad70cb2643533f0d037b518cde1b702724adb4e6571fea25e26e4bfdd61e,b26c3bdea5a42988c0534d45bd092d0cc28e50535e08dc75b4692ed601799911,POSTHOC_ATTRIBUTION_DESIGN_INPUT,True,True,True,True,True,atan:1/12:scale:-1:epsilon:1e-4,atan:1/12:scale:-1,1e-4,48,0,122,117610321526081972931666315440522017290059484241844502538089127037723007324673947931546525633838906617/9173994463960286046443283581208347763186259956673124494950355357547691504353939232280074212440502746218496,042e430a148f463fbdc7da6a592a1a441864c7079a1884a7fd3a5486cbc035f6,48,122,-1*atan(1/12),atan,1/12,-1,"[""ordinary""]","[""distinct_basis"",""pauli_commuting"",""pauli_noncommuting""]","[""controlled_half_angle_pair""]","[""ordinary_x_over_3""]","[{""context"":""pauli_commuting"",""x"":""1/4"",""sigma"":-1,""controlled"":true,""epsilon"":""1e-4"",""arm"":""ordinary"",""roles"":[""ordinary_x_over_3""],""expected_occurrences_per_event"":""140469261173368722550325698589127680346073361723649573209168214535271676188122265105056928653334632087/4757821334383809352355940230100611996364149701320001465558286007095135895574721297029838730323875220663""},{""context"":""pauli_commuting"",""x"":""1/4"",""sigma"":1,""controlled"":true,""epsilon"":""1e-4"",""arm"":""ordinary"",""roles"":[""ordinary_x_over_3""],""expected_occurrences_per_event"":""140469261173368722550325698589127680346073361723649573209168214535271676188122265105056928653334632087/4757821334383809352355940230100611996364149701320001465558286007095135895574721297029838730323875220663""},{""context"":""pauli_noncommuting"",""x"":""1/4"",""sigma"":-1,""controlled"":true,""epsilon"":""1e-4"",""arm"":""ordinary"",""roles"":[""ordinary_x_over_3""],""expected_occurrences_per_event"":""140469261173368722550325698589127680346073361723649573209168214535271676188122265105056928653334632087/4757821334383809352355940230100611996364149701320001465558286007095135895574721297029838730323875220663""},{""context"":""pauli_noncommuting"",""x"":""1/4"",""sigma"":1,""controlled"":true,""epsilon"":""1e-4"",""arm"":""ordinary"",""roles"":[""ordinary_x_over_3""],""expected_occurrences_per_event"":""140469261173368722550325698589127680346073361723649573209168214535271676188122265105056928653334632087/4757821334383809352355940230100611996364149701320001465558286007095135895574721297029838730323875220663""},{""context"":""distinct_basis"",""x"":""1/4"",""sigma"":-1,""controlled"":true,""epsilon"":""1e-4"",""arm"":""ordinary"",""roles"":[""ordinary_x_over_3""],""expected_occurrences_per_event"":""140469261173368722550325698589127680346073361723649573209168214535271676188122265105056928653334632087/4757821334383809352355940230100611996364149701320001465558286007095135895574721297029838730323875220663""},{""context"":""distinct_basis"",""x"":""1/4"",""sigma"":1,""controlled"":true,""epsilon"":""1e-4"",""arm"":""ordinary"",""roles"":[""ordinary_x_over_3""],""expected_occurrences_per_event"":""140469261173368722550325698589127680346073361723649573209168214535271676188122265105056928653334632087/4757821334383809352355940230100611996364149701320001465558286007095135895574721297029838730323875220663""}]"
24bfeb84a4ce87b56985d174dd98d1d5e1702a2b,f726ad70cb2643533f0d037b518cde1b702724adb4e6571fea25e26e4bfdd61e,b26c3bdea5a42988c0534d45bd092d0cc28e50535e08dc75b4692ed601799911,POSTHOC_ATTRIBUTION_DESIGN_INPUT,True,True,True,True,True,atan:1/12:scale:-1:epsilon:1e-6,atan:1/12:scale:-1,1e-6,70,0,181,49549897190865746306323326393990760477644192399667243216363156561441907608883416119634579245821411431/293567822846729153486185074598667128421960318613539983838411371441526128139326055432962374798096087878991872,a5bae00beb546b3673b3e4a48639527501c949cfab98de150968dca8d5270f46,70,183,-1*atan(1/12),atan,1/12,-1,"[""ordinary""]","[""distinct_basis"",""pauli_commuting"",""pauli_noncommuting""]","[""controlled_half_angle_pair""]","[""ordinary_x_over_3""]","[{""context"":""pauli_commuting"",""x"":""1/4"",""sigma"":-1,""controlled"":true,""epsilon"":""1e-6"",""arm"":""ordinary"",""roles"":[""ordinary_x_over_3""],""expected_occurrences_per_event"":""140469261173368722550325698589127680346073361723649573209168214535271676188122265105056928653334632087/4757821334383809352355940230100611996364149701320001465558286007095135895574721297029838730323875220663""},{""context"":""pauli_commuting"",""x"":""1/4"",""sigma"":1,""controlled"":true,""epsilon"":""1e-6"",""arm"":""ordinary"",""roles"":[""ordinary_x_over_3""],""expected_occurrences_per_event"":""140469261173368722550325698589127680346073361723649573209168214535271676188122265105056928653334632087/4757821334383809352355940230100611996364149701320001465558286007095135895574721297029838730323875220663""},{""context"":""pauli_noncommuting"",""x"":""1/4"",""sigma"":-1,""controlled"":true,""epsilon"":""1e-6"",""arm"":""ordinary"",""roles"":[""ordinary_x_over_3""],""expected_occurrences_per_event"":""140469261173368722550325698589127680346073361723649573209168214535271676188122265105056928653334632087/4757821334383809352355940230100611996364149701320001465558286007095135895574721297029838730323875220663""},{""context"":""pauli_noncommuting"",""x"":""1/4"",""sigma"":1,""controlled"":true,""epsilon"":""1e-6"",""arm"":""ordinary"",""roles"":[""ordinary_x_over_3""],""expected_occurrences_per_event"":""140469261173368722550325698589127680346073361723649573209168214535271676188122265105056928653334632087/4757821334383809352355940230100611996364149701320001465558286007095135895574721297029838730323875220663""},{""context"":""distinct_basis"",""x"":""1/4"",""sigma"":-1,""controlled"":true,""epsilon"":""1e-6"",""arm"":""ordinary"",""roles"":[""ordinary_x_over_3""],""expected_occurrences_per_event"":""140469261173368722550325698589127680346073361723649573209168214535271676188122265105056928653334632087/4757821334383809352355940230100611996364149701320001465558286007095135895574721297029838730323875220663""},{""context"":""distinct_basis"",""x"":""1/4"",""sigma"":1,""controlled"":true,""epsilon"":""1e-6"",""arm"":""ordinary"",""roles"":[""ordinary_x_over_3""],""expected_occurrences_per_event"":""140469261173368722550325698589127680346073361723649573209168214535271676188122265105056928653334632087/4757821334383809352355940230100611996364149701320001465558286007095135895574721297029838730323875220663""}]"
24bfeb84a4ce87b56985d174dd98d1d5e1702a2b,f726ad70cb2643533f0d037b518cde1b702724adb4e6571fea25e26e4bfdd61e,b26c3bdea5a42988c0534d45bd092d0cc28e50535e08dc75b4692ed601799911,POSTHOC_ATTRIBUTION_DESIGN_INPUT,True,True,True,True,True,atan:1/12:scale:-2:epsilon:1e-3,atan:1/12:scale:-2,1e-3,36,0,90,10664241736918980347193713999722375375899822036175786554107897991185619516133703558412014045336241371/71671831749689734737838152978190216899892655911508785116799651230841339877765150252188079784691427704832,d1528e0271164ccb489989ab4e23569d8ebf157f33300561c821bac3147bcc2a,36,93,-2*atan(1/12),atan,1/12,-2,"[""ordinary""]","[""distinct_basis"",""pauli_commuting"",""pauli_noncommuting""]","[""ordinary_rotation""]","[""ordinary_x_over_3""]","[{""context"":""pauli_commuting"",""x"":""1/4"",""sigma"":-1,""controlled"":false,""epsilon"":""1e-3"",""arm"":""ordinary"",""roles"":[""ordinary_x_over_3""],""expected_occurrences_per_event"":""140469261173368722550325698589127680346073361723649573209168214535271676188122265105056928653334632087/4757821334383809352355940230100611996364149701320001465558286007095135895574721297029838730323875220663""},{""context"":""pauli_noncommuting"",""x"":""1/4"",""sigma"":-1,""controlled"":false,""epsilon"":""1e-3"",""arm"":""ordinary"",""roles"":[""ordinary_x_over_3""],""expected_occurrences_per_event"":""140469261173368722550325698589127680346073361723649573209168214535271676188122265105056928653334632087/4757821334383809352355940230100611996364149701320001465558286007095135895574721297029838730323875220663""},{""context"":""distinct_basis"",""x"":""1/4"",""sigma"":-1,""controlled"":false,""epsilon"":""1e-3"",""arm"":""ordinary"",""roles"":[""ordinary_x_over_3""],""expected_occurrences_per_event"":""140469261173368722550325698589127680346073361723649573209168214535271676188122265105056928653334632087/4757821334383809352355940230100611996364149701320001465558286007095135895574721297029838730323875220663""}]"
24bfeb84a4ce87b56985d174dd98d1d5e1702a2b,f726ad70cb2643533f0d037b518cde1b702724adb4e6571fea25e26e4bfdd61e,b26c3bdea5a42988c0534d45bd092d0cc28e50535e08dc75b4692ed601799911,POSTHOC_ATTRIBUTION_DESIGN_INPUT,True,True,True,True,True,atan:1/12:scale:-2:epsilon:1e-4,atan:1/12:scale:-2,1e-4,44,0,111,88420886797335758746756033334630049005383682923375358576371240882751983995994185600948426833368726835/9173994463960286046443283581208347763186259956673124494950355357547691504353939232280074212440502746218496,5adb589c563ebceb776f7798b644fd69c9006e8c3b86c23a200554d1313c014a,44,113,-2*atan(1/12),atan,1/12,-2,"[""ordinary""]","[""distinct_basis"",""pauli_commuting"",""pauli_noncommuting""]","[""ordinary_rotation""]","[""ordinary_x_over_3""]","[{""context"":""pauli_commuting"",""x"":""1/4"",""sigma"":-1,""controlled"":false,""epsilon"":""1e-4"",""arm"":""ordinary"",""roles"":[""ordinary_x_over_3""],""expected_occurrences_per_event"":""140469261173368722550325698589127680346073361723649573209168214535271676188122265105056928653334632087/4757821334383809352355940230100611996364149701320001465558286007095135895574721297029838730323875220663""},{""context"":""pauli_noncommuting"",""x"":""1/4"",""sigma"":-1,""controlled"":false,""epsilon"":""1e-4"",""arm"":""ordinary"",""roles"":[""ordinary_x_over_3""],""expected_occurrences_per_event"":""140469261173368722550325698589127680346073361723649573209168214535271676188122265105056928653334632087/4757821334383809352355940230100611996364149701320001465558286007095135895574721297029838730323875220663""},{""context"":""distinct_basis"",""x"":""1/4"",""sigma"":-1,""controlled"":false,""epsilon"":""1e-4"",""arm"":""ordinary"",""roles"":[""ordinary_x_over_3""],""expected_occurrences_per_event"":""140469261173368722550325698589127680346073361723649573209168214535271676188122265105056928653334632087/4757821334383809352355940230100611996364149701320001465558286007095135895574721297029838730323875220663""}]"
24bfeb84a4ce87b56985d174dd98d1d5e1702a2b,f726ad70cb2643533f0d037b518cde1b702724adb4e6571fea25e26e4bfdd61e,b26c3bdea5a42988c0534d45bd092d0cc28e50535e08dc75b4692ed601799911,POSTHOC_ATTRIBUTION_DESIGN_INPUT,True,True,True,True,True,atan:1/12:scale:-2:epsilon:1e-6,atan:1/12:scale:-2,1e-6,76,0,194,91392375426796182202313377851665735380359870511906321934059723793607667989199674889947872903776812289/587135645693458306972370149197334256843920637227079967676822742883052256278652110865924749596192175757983744,9ee0c26b6233723e9745dae4b32391adeea822bbbd2343dc81ad5e31a72a6f8e,76,200,-2*atan(1/12),atan,1/12,-2,"[""ordinary""]","[""distinct_basis"",""pauli_commuting"",""pauli_noncommuting""]","[""ordinary_rotation""]","[""ordinary_x_over_3""]","[{""context"":""pauli_commuting"",""x"":""1/4"",""sigma"":-1,""controlled"":false,""epsilon"":""1e-6"",""arm"":""ordinary"",""roles"":[""ordinary_x_over_3""],""expected_occurrences_per_event"":""140469261173368722550325698589127680346073361723649573209168214535271676188122265105056928653334632087/4757821334383809352355940230100611996364149701320001465558286007095135895574721297029838730323875220663""},{""context"":""pauli_noncommuting"",""x"":""1/4"",""sigma"":-1,""controlled"":false,""epsilon"":""1e-6"",""arm"":""ordinary"",""roles"":[""ordinary_x_over_3""],""expected_occurrences_per_event"":""140469261173368722550325698589127680346073361723649573209168214535271676188122265105056928653334632087/4757821334383809352355940230100611996364149701320001465558286007095135895574721297029838730323875220663""},{""context"":""distinct_basis"",""x"":""1/4"",""sigma"":-1,""controlled"":false,""epsilon"":""1e-6"",""arm"":""ordinary"",""roles"":[""ordinary_x_over_3""],""expected_occurrences_per_event"":""140469261173368722550325698589127680346073361723649573209168214535271676188122265105056928653334632087/4757821334383809352355940230100611996364149701320001465558286007095135895574721297029838730323875220663""}]"
24bfeb84a4ce87b56985d174dd98d1d5e1702a2b,f726ad70cb2643533f0d037b518cde1b702724adb4e6571fea25e26e4bfdd61e,b26c3bdea5a42988c0534d45bd092d0cc28e50535e08dc75b4692ed601799911,POSTHOC_ATTRIBUTION_DESIGN_INPUT,True,True,True,True,True,atan:1/12:scale:1:epsilon:1e-3,atan:1/12:scale:1,1e-3,38,0,96,40999847322300284484782571465553360726649122028347752008698746586768624918884163232539164468266835527/286687326998758938951352611912760867599570623646035140467198604923365359511060601008752319138765710819328,fc09f50934929a91f8e1ecf91b21f10306ef54a84d2203ba2c55af6855554684,38,96,1*atan(1/12),atan,1/12,1,"[""ordinary""]","[""distinct_basis"",""pauli_commuting"",""pauli_noncommuting""]","[""controlled_half_angle_pair""]","[""ordinary_x_over_3""]","[{""context"":""pauli_commuting"",""x"":""1/4"",""sigma"":-1,""controlled"":true,""epsilon"":""1e-3"",""arm"":""ordinary"",""roles"":[""ordinary_x_over_3""],""expected_occurrences_per_event"":""140469261173368722550325698589127680346073361723649573209168214535271676188122265105056928653334632087/4757821334383809352355940230100611996364149701320001465558286007095135895574721297029838730323875220663""},{""context"":""pauli_commuting"",""x"":""1/4"",""sigma"":1,""controlled"":true,""epsilon"":""1e-3"",""arm"":""ordinary"",""roles"":[""ordinary_x_over_3""],""expected_occurrences_per_event"":""140469261173368722550325698589127680346073361723649573209168214535271676188122265105056928653334632087/4757821334383809352355940230100611996364149701320001465558286007095135895574721297029838730323875220663""},{""context"":""pauli_noncommuting"",""x"":""1/4"",""sigma"":-1,""controlled"":true,""epsilon"":""1e-3"",""arm"":""ordinary"",""roles"":[""ordinary_x_over_3""],""expected_occurrences_per_event"":""140469261173368722550325698589127680346073361723649573209168214535271676188122265105056928653334632087/4757821334383809352355940230100611996364149701320001465558286007095135895574721297029838730323875220663""},{""context"":""pauli_noncommuting"",""x"":""1/4"",""sigma"":1,""controlled"":true,""epsilon"":""1e-3"",""arm"":""ordinary"",""roles"":[""ordinary_x_over_3""],""expected_occurrences_per_event"":""140469261173368722550325698589127680346073361723649573209168214535271676188122265105056928653334632087/4757821334383809352355940230100611996364149701320001465558286007095135895574721297029838730323875220663""},{""context"":""distinct_basis"",""x"":""1/4"",""sigma"":-1,""controlled"":true,""epsilon"":""1e-3"",""arm"":""ordinary"",""roles"":[""ordinary_x_over_3""],""expected_occurrences_per_event"":""140469261173368722550325698589127680346073361723649573209168214535271676188122265105056928653334632087/4757821334383809352355940230100611996364149701320001465558286007095135895574721297029838730323875220663""},{""context"":""distinct_basis"",""x"":""1/4"",""sigma"":1,""controlled"":true,""epsilon"":""1e-3"",""arm"":""ordinary"",""roles"":[""ordinary_x_over_3""],""expected_occurrences_per_event"":""140469261173368722550325698589127680346073361723649573209168214535271676188122265105056928653334632087/4757821334383809352355940230100611996364149701320001465558286007095135895574721297029838730323875220663""}]"
24bfeb84a4ce87b56985d174dd98d1d5e1702a2b,f726ad70cb2643533f0d037b518cde1b702724adb4e6571fea25e26e4bfdd61e,b26c3bdea5a42988c0534d45bd092d0cc28e50535e08dc75b4692ed601799911,POSTHOC_ATTRIBUTION_DESIGN_INPUT,True,True,True,True,True,atan:1/12:scale:1:epsilon:1e-4,atan:1/12:scale:1,1e-4,48,0,122,117610321526081972931666315440522017290059484241844502538089127037723007324673947931544979348382551707/9173994463960286046443283581208347763186259956673124494950355357547691504353939232280074212440502746218496,3b36f6a9cfbb64a59ce211121e92e9b67b851de6a6bc8a016f16d2fd00156e7d,48,122,1*atan(1/12),atan,1/12,1,"[""ordinary""]","[""distinct_basis"",""pauli_commuting"",""pauli_noncommuting""]","[""controlled_half_angle_pair""]","[""ordinary_x_over_3""]","[{""context"":""pauli_commuting"",""x"":""1/4"",""sigma"":-1,""controlled"":true,""epsilon"":""1e-4"",""arm"":""ordinary"",""roles"":[""ordinary_x_over_3""],""expected_occurrences_per_event"":""140469261173368722550325698589127680346073361723649573209168214535271676188122265105056928653334632087/4757821334383809352355940230100611996364149701320001465558286007095135895574721297029838730323875220663""},{""context"":""pauli_commuting"",""x"":""1/4"",""sigma"":1,""controlled"":true,""epsilon"":""1e-4"",""arm"":""ordinary"",""roles"":[""ordinary_x_over_3""],""expected_occurrences_per_event"":""140469261173368722550325698589127680346073361723649573209168214535271676188122265105056928653334632087/4757821334383809352355940230100611996364149701320001465558286007095135895574721297029838730323875220663""},{""context"":""pauli_noncommuting"",""x"":""1/4"",""sigma"":-1,""controlled"":true,""epsilon"":""1e-4"",""arm"":""ordinary"",""roles"":[""ordinary_x_over_3""],""expected_occurrences_per_event"":""140469261173368722550325698589127680346073361723649573209168214535271676188122265105056928653334632087/4757821334383809352355940230100611996364149701320001465558286007095135895574721297029838730323875220663""},{""context"":""pauli_noncommuting"",""x"":""1/4"",""sigma"":1,""controlled"":true,""epsilon"":""1e-4"",""arm"":""ordinary"",""roles"":[""ordinary_x_over_3""],""expected_occurrences_per_event"":""140469261173368722550325698589127680346073361723649573209168214535271676188122265105056928653334632087/4757821334383809352355940230100611996364149701320001465558286007095135895574721297029838730323875220663""},{""context"":""distinct_basis"",""x"":""1/4"",""sigma"":-1,""controlled"":true,""epsilon"":""1e-4"",""arm"":""ordinary"",""roles"":[""ordinary_x_over_3""],""expected_occurrences_per_event"":""140469261173368722550325698589127680346073361723649573209168214535271676188122265105056928653334632087/4757821334383809352355940230100611996364149701320001465558286007095135895574721297029838730323875220663""},{""context"":""distinct_basis"",""x"":""1/4"",""sigma"":1,""controlled"":true,""epsilon"":""1e-4"",""arm"":""ordinary"",""roles"":[""ordinary_x_over_3""],""expected_occurrences_per_event"":""140469261173368722550325698589127680346073361723649573209168214535271676188122265105056928653334632087/4757821334383809352355940230100611996364149701320001465558286007095135895574721297029838730323875220663""}]"
24bfeb84a4ce87b56985d174dd98d1d5e1702a2b,f726ad70cb2643533f0d037b518cde1b702724adb4e6571fea25e26e4bfdd61e,b26c3bdea5a42988c0534d45bd092d0cc28e50535e08dc75b4692ed601799911,POSTHOC_ATTRIBUTION_DESIGN_INPUT,True,True,True,True,True,atan:1/12:scale:1:epsilon:1e-6,atan:1/12:scale:1,1e-6,70,0,183,24774948595432873153161663196995380238822096199833621608181578280720953804441613619300917485122277097/146783911423364576743092537299333564210980159306769991919205685720763064069663027716481187399048043939495936,d82dabd808e74ec4cf04268e860d2d6e31f14dc693b836245e8ab7465a75008f,70,184,1*atan(1/12),atan,1/12,1,"[""ordinary""]","[""distinct_basis"",""pauli_commuting"",""pauli_noncommuting""]","[""controlled_half_angle_pair""]","[""ordinary_x_over_3""]","[{""context"":""pauli_commuting"",""x"":""1/4"",""sigma"":-1,""controlled"":true,""epsilon"":""1e-6"",""arm"":""ordinary"",""roles"":[""ordinary_x_over_3""],""expected_occurrences_per_event"":""140469261173368722550325698589127680346073361723649573209168214535271676188122265105056928653334632087/4757821334383809352355940230100611996364149701320001465558286007095135895574721297029838730323875220663""},{""context"":""pauli_commuting"",""x"":""1/4"",""sigma"":1,""controlled"":true,""epsilon"":""1e-6"",""arm"":""ordinary"",""roles"":[""ordinary_x_over_3""],""expected_occurrences_per_event"":""140469261173368722550325698589127680346073361723649573209168214535271676188122265105056928653334632087/4757821334383809352355940230100611996364149701320001465558286007095135895574721297029838730323875220663""},{""context"":""pauli_noncommuting"",""x"":""1/4"",""sigma"":-1,""controlled"":true,""epsilon"":""1e-6"",""arm"":""ordinary"",""roles"":[""ordinary_x_over_3""],""expected_occurrences_per_event"":""140469261173368722550325698589127680346073361723649573209168214535271676188122265105056928653334632087/4757821334383809352355940230100611996364149701320001465558286007095135895574721297029838730323875220663""},{""context"":""pauli_noncommuting"",""x"":""1/4"",""sigma"":1,""controlled"":true,""epsilon"":""1e-6"",""arm"":""ordinary"",""roles"":[""ordinary_x_over_3""],""expected_occurrences_per_event"":""140469261173368722550325698589127680346073361723649573209168214535271676188122265105056928653334632087/4757821334383809352355940230100611996364149701320001465558286007095135895574721297029838730323875220663""},{""context"":""distinct_basis"",""x"":""1/4"",""sigma"":-1,""controlled"":true,""epsilon"":""1e-6"",""arm"":""ordinary"",""roles"":[""ordinary_x_over_3""],""expected_occurrences_per_event"":""140469261173368722550325698589127680346073361723649573209168214535271676188122265105056928653334632087/4757821334383809352355940230100611996364149701320001465558286007095135895574721297029838730323875220663""},{""context"":""distinct_basis"",""x"":""1/4"",""sigma"":1,""controlled"":true,""epsilon"":""1e-6"",""arm"":""ordinary"",""roles"":[""ordinary_x_over_3""],""expected_occurrences_per_event"":""140469261173368722550325698589127680346073361723649573209168214535271676188122265105056928653334632087/4757821334383809352355940230100611996364149701320001465558286007095135895574721297029838730323875220663""}]"
24bfeb84a4ce87b56985d174dd98d1d5e1702a2b,f726ad70cb2643533f0d037b518cde1b702724adb4e6571fea25e26e4bfdd61e,b26c3bdea5a42988c0534d45bd092d0cc28e50535e08dc75b4692ed601799911,POSTHOC_ATTRIBUTION_DESIGN_INPUT,True,True,True,True,True,atan:1/12:scale:2:epsilon:1e-3,atan:1/12:scale:2,1e-3,36,0,91,10664241736918980347193713999722375375899822036175786554107897991185619516133703558412012642394388107/71671831749689734737838152978190216899892655911508785116799651230841339877765150252188079784691427704832,58f88793c289be53e1e7316976b5702b2cd428014e504e310798d7985199d400,36,92,2*atan(1/12),atan,1/12,2,"[""ordinary""]","[""distinct_basis"",""pauli_commuting"",""pauli_noncommuting""]","[""ordinary_rotation""]","[""ordinary_x_over_3""]","[{""context"":""pauli_commuting"",""x"":""1/4"",""sigma"":1,""controlled"":false,""epsilon"":""1e-3"",""arm"":""ordinary"",""roles"":[""ordinary_x_over_3""],""expected_occurrences_per_event"":""140469261173368722550325698589127680346073361723649573209168214535271676188122265105056928653334632087/4757821334383809352355940230100611996364149701320001465558286007095135895574721297029838730323875220663""},{""context"":""pauli_noncommuting"",""x"":""1/4"",""sigma"":1,""controlled"":false,""epsilon"":""1e-3"",""arm"":""ordinary"",""roles"":[""ordinary_x_over_3""],""expected_occurrences_per_event"":""140469261173368722550325698589127680346073361723649573209168214535271676188122265105056928653334632087/4757821334383809352355940230100611996364149701320001465558286007095135895574721297029838730323875220663""},{""context"":""distinct_basis"",""x"":""1/4"",""sigma"":1,""controlled"":false,""epsilon"":""1e-3"",""arm"":""ordinary"",""roles"":[""ordinary_x_over_3""],""expected_occurrences_per_event"":""140469261173368722550325698589127680346073361723649573209168214535271676188122265105056928653334632087/4757821334383809352355940230100611996364149701320001465558286007095135895574721297029838730323875220663""}]"
24bfeb84a4ce87b56985d174dd98d1d5e1702a2b,f726ad70cb2643533f0d037b518cde1b702724adb4e6571fea25e26e4bfdd61e,b26c3bdea5a42988c0534d45bd092d0cc28e50535e08dc75b4692ed601799911,POSTHOC_ATTRIBUTION_DESIGN_INPUT,True,True,True,True,True,atan:1/12:scale:2:epsilon:1e-4,atan:1/12:scale:2,1e-4,44,0,112,88420886797335758746756033334630049005383682923375358576371240882751983995994185600943309107761958263/9173994463960286046443283581208347763186259956673124494950355357547691504353939232280074212440502746218496,3d11a5a930fdef487b58c7c8f58c91bdc08ae8b8eb40b9bc210d23d106a4a5fa,44,113,2*atan(1/12),atan,1/12,2,"[""ordinary""]","[""distinct_basis"",""pauli_commuting"",""pauli_noncommuting""]","[""ordinary_rotation""]","[""ordinary_x_over_3""]","[{""context"":""pauli_commuting"",""x"":""1/4"",""sigma"":1,""controlled"":false,""epsilon"":""1e-4"",""arm"":""ordinary"",""roles"":[""ordinary_x_over_3""],""expected_occurrences_per_event"":""140469261173368722550325698589127680346073361723649573209168214535271676188122265105056928653334632087/4757821334383809352355940230100611996364149701320001465558286007095135895574721297029838730323875220663""},{""context"":""pauli_noncommuting"",""x"":""1/4"",""sigma"":1,""controlled"":false,""epsilon"":""1e-4"",""arm"":""ordinary"",""roles"":[""ordinary_x_over_3""],""expected_occurrences_per_event"":""140469261173368722550325698589127680346073361723649573209168214535271676188122265105056928653334632087/4757821334383809352355940230100611996364149701320001465558286007095135895574721297029838730323875220663""},{""context"":""distinct_basis"",""x"":""1/4"",""sigma"":1,""controlled"":false,""epsilon"":""1e-4"",""arm"":""ordinary"",""roles"":[""ordinary_x_over_3""],""expected_occurrences_per_event"":""140469261173368722550325698589127680346073361723649573209168214535271676188122265105056928653334632087/4757821334383809352355940230100611996364149701320001465558286007095135895574721297029838730323875220663""}]"
24bfeb84a4ce87b56985d174dd98d1d5e1702a2b,f726ad70cb2643533f0d037b518cde1b702724adb4e6571fea25e26e4bfdd61e,b26c3bdea5a42988c0534d45bd092d0cc28e50535e08dc75b4692ed601799911,POSTHOC_ATTRIBUTION_DESIGN_INPUT,True,True,True,True,True,atan:1/12:scale:2:epsilon:1e-6,atan:1/12:scale:2,1e-6,76,0,189,91392375426796182202313377851665735380359870511906321934059723793607667989109388766458053836170430293/587135645693458306972370149197334256843920637227079967676822742883052256278652110865924749596192175757983744,7986ecbefd1e49049747a0e4142836ea3913d7d31f87858fb7714f3bf7d135b2,76,190,2*atan(1/12),atan,1/12,2,"[""ordinary""]","[""distinct_basis"",""pauli_commuting"",""pauli_noncommuting""]","[""ordinary_rotation""]","[""ordinary_x_over_3""]","[{""context"":""pauli_commuting"",""x"":""1/4"",""sigma"":1,""controlled"":false,""epsilon"":""1e-6"",""arm"":""ordinary"",""roles"":[""ordinary_x_over_3""],""expected_occurrences_per_event"":""140469261173368722550325698589127680346073361723649573209168214535271676188122265105056928653334632087/4757821334383809352355940230100611996364149701320001465558286007095135895574721297029838730323875220663""},{""context"":""pauli_noncommuting"",""x"":""1/4"",""sigma"":1,""controlled"":false,""epsilon"":""1e-6"",""arm"":""ordinary"",""roles"":[""ordinary_x_over_3""],""expected_occurrences_per_event"":""140469261173368722550325698589127680346073361723649573209168214535271676188122265105056928653334632087/4757821334383809352355940230100611996364149701320001465558286007095135895574721297029838730323875220663""},{""context"":""distinct_basis"",""x"":""1/4"",""sigma"":1,""controlled"":false,""epsilon"":""1e-6"",""arm"":""ordinary"",""roles"":[""ordinary_x_over_3""],""expected_occurrences_per_event"":""140469261173368722550325698589127680346073361723649573209168214535271676188122265105056928653334632087/4757821334383809352355940230100611996364149701320001465558286007095135895574721297029838730323875220663""}]"
24bfeb84a4ce87b56985d174dd98d1d5e1702a2b,f726ad70cb2643533f0d037b518cde1b702724adb4e6571fea25e26e4bfdd61e,b26c3bdea5a42988c0534d45bd092d0cc28e50535e08dc75b4692ed601799911,POSTHOC_ATTRIBUTION_DESIGN_INPUT,True,True,True,True,True,atan:1/24:scale:-1:epsilon:1e-3,atan:1/24:scale:-1,1e-3,40,0,106,66449223984751020502104658208398374069854148904735530577023002597393953868014687607016320317837872989/1146749307995035755805410447651043470398282494584140561868794419693461438044242404035009276555062843277312,d4d3550e809ab101f5f47fd76eb00bb6a2b3e89534f7abff58abec009f5de2c5,40,110,-1*atan(1/24),atan,1/24,-1,"[""ordinary""]","[""distinct_basis"",""pauli_commuting"",""pauli_noncommuting""]","[""controlled_half_angle_pair""]","[""ordinary_x_over_3""]","[{""context"":""pauli_commuting"",""x"":""1/8"",""sigma"":-1,""controlled"":true,""epsilon"":""1e-3"",""arm"":""ordinary"",""roles"":[""ordinary_x_over_3""],""expected_occurrences_per_event"":""486477457015898382326629531187649412742106747333720027517410783905975804775646113483478513571156299/63185780935605965758579739426144179531457492580716559691976347318966280956771693146666493376196710311""},{""context"":""pauli_commuting"",""x"":""1/8"",""sigma"":1,""controlled"":true,""epsilon"":""1e-3"",""arm"":""ordinary"",""roles"":[""ordinary_x_over_3""],""expected_occurrences_per_event"":""486477457015898382326629531187649412742106747333720027517410783905975804775646113483478513571156299/63185780935605965758579739426144179531457492580716559691976347318966280956771693146666493376196710311""},{""context"":""pauli_noncommuting"",""x"":""1/8"",""sigma"":-1,""controlled"":true,""epsilon"":""1e-3"",""arm"":""ordinary"",""roles"":[""ordinary_x_over_3""],""expected_occurrences_per_event"":""486477457015898382326629531187649412742106747333720027517410783905975804775646113483478513571156299/63185780935605965758579739426144179531457492580716559691976347318966280956771693146666493376196710311""},{""context"":""pauli_noncommuting"",""x"":""1/8"",""sigma"":1,""controlled"":true,""epsilon"":""1e-3"",""arm"":""ordinary"",""roles"":[""ordinary_x_over_3""],""expected_occurrences_per_event"":""486477457015898382326629531187649412742106747333720027517410783905975804775646113483478513571156299/63185780935605965758579739426144179531457492580716559691976347318966280956771693146666493376196710311""},{""context"":""distinct_basis"",""x"":""1/8"",""sigma"":-1,""controlled"":true,""epsilon"":""1e-3"",""arm"":""ordinary"",""roles"":[""ordinary_x_over_3""],""expected_occurrences_per_event"":""486477457015898382326629531187649412742106747333720027517410783905975804775646113483478513571156299/63185780935605965758579739426144179531457492580716559691976347318966280956771693146666493376196710311""},{""context"":""distinct_basis"",""x"":""1/8"",""sigma"":1,""controlled"":true,""epsilon"":""1e-3"",""arm"":""ordinary"",""roles"":[""ordinary_x_over_3""],""expected_occurrences_per_event"":""486477457015898382326629531187649412742106747333720027517410783905975804775646113483478513571156299/63185780935605965758579739426144179531457492580716559691976347318966280956771693146666493376196710311""}]"
24bfeb84a4ce87b56985d174dd98d1d5e1702a2b,f726ad70cb2643533f0d037b518cde1b702724adb4e6571fea25e26e4bfdd61e,b26c3bdea5a42988c0534d45bd092d0cc28e50535e08dc75b4692ed601799911,POSTHOC_ATTRIBUTION_DESIGN_INPUT,True,True,True,True,True,atan:1/24:scale:-1:epsilon:1e-4,atan:1/24:scale:-1,1e-4,46,0,119,39991788783947371992048295546149809489718812712925328292155974721593232716991339193314167889693584083/4586997231980143023221641790604173881593129978336562247475177678773845752176969616140037106220251373109248,3774673d8042b78f6993eb1e8e338eb3f47045eff17e32a2dd1e02eaa9193e00,46,120,-1*atan(1/24),atan,1/24,-1,"[""ordinary""]","[""distinct_basis"",""pauli_commuting"",""pauli_noncommuting""]","[""controlled_half_angle_pair""]","[""ordinary_x_over_3""]","[{""context"":""pauli_commuting"",""x"":""1/8"",""sigma"":-1,""controlled"":true,""epsilon"":""1e-4"",""arm"":""ordinary"",""roles"":[""ordinary_x_over_3""],""expected_occurrences_per_event"":""486477457015898382326629531187649412742106747333720027517410783905975804775646113483478513571156299/63185780935605965758579739426144179531457492580716559691976347318966280956771693146666493376196710311""},{""context"":""pauli_commuting"",""x"":""1/8"",""sigma"":1,""controlled"":true,""epsilon"":""1e-4"",""arm"":""ordinary"",""roles"":[""ordinary_x_over_3""],""expected_occurrences_per_event"":""486477457015898382326629531187649412742106747333720027517410783905975804775646113483478513571156299/63185780935605965758579739426144179531457492580716559691976347318966280956771693146666493376196710311""},{""context"":""pauli_noncommuting"",""x"":""1/8"",""sigma"":-1,""controlled"":true,""epsilon"":""1e-4"",""arm"":""ordinary"",""roles"":[""ordinary_x_over_3""],""expected_occurrences_per_event"":""486477457015898382326629531187649412742106747333720027517410783905975804775646113483478513571156299/63185780935605965758579739426144179531457492580716559691976347318966280956771693146666493376196710311""},{""context"":""pauli_noncommuting"",""x"":""1/8"",""sigma"":1,""controlled"":true,""epsilon"":""1e-4"",""arm"":""ordinary"",""roles"":[""ordinary_x_over_3""],""expected_occurrences_per_event"":""486477457015898382326629531187649412742106747333720027517410783905975804775646113483478513571156299/63185780935605965758579739426144179531457492580716559691976347318966280956771693146666493376196710311""},{""context"":""distinct_basis"",""x"":""1/8"",""sigma"":-1,""controlled"":true,""epsilon"":""1e-4"",""arm"":""ordinary"",""roles"":[""ordinary_x_over_3""],""expected_occurrences_per_event"":""486477457015898382326629531187649412742106747333720027517410783905975804775646113483478513571156299/63185780935605965758579739426144179531457492580716559691976347318966280956771693146666493376196710311""},{""context"":""distinct_basis"",""x"":""1/8"",""sigma"":1,""controlled"":true,""epsilon"":""1e-4"",""arm"":""ordinary"",""roles"":[""ordinary_x_over_3""],""expected_occurrences_per_event"":""486477457015898382326629531187649412742106747333720027517410783905975804775646113483478513571156299/63185780935605965758579739426144179531457492580716559691976347318966280956771693146666493376196710311""}]"
24bfeb84a4ce87b56985d174dd98d1d5e1702a2b,f726ad70cb2643533f0d037b518cde1b702724adb4e6571fea25e26e4bfdd61e,b26c3bdea5a42988c0534d45bd092d0cc28e50535e08dc75b4692ed601799911,POSTHOC_ATTRIBUTION_DESIGN_INPUT,True,True,True,True,True,atan:1/24:scale:-1:epsilon:1e-6,atan:1/24:scale:-1,1e-6,68,0,170,14758605777555744953535064401779619958276517128173504611746993226624550077429213484314239957599645313/146783911423364576743092537299333564210980159306769991919205685720763064069663027716481187399048043939495936,27e78eeac5190bebe292e2803ea40d2b7c4c54b45f4d85e0aeb340021ba52f37,68,177,-1*atan(1/24),atan,1/24,-1,"[""ordinary""]","[""distinct_basis"",""pauli_commuting"",""pauli_noncommuting""]","[""controlled_half_angle_pair""]","[""ordinary_x_over_3""]","[{""context"":""pauli_commuting"",""x"":""1/8"",""sigma"":-1,""controlled"":true,""epsilon"":""1e-6"",""arm"":""ordinary"",""roles"":[""ordinary_x_over_3""],""expected_occurrences_per_event"":""486477457015898382326629531187649412742106747333720027517410783905975804775646113483478513571156299/63185780935605965758579739426144179531457492580716559691976347318966280956771693146666493376196710311""},{""context"":""pauli_commuting"",""x"":""1/8"",""sigma"":1,""controlled"":true,""epsilon"":""1e-6"",""arm"":""ordinary"",""roles"":[""ordinary_x_over_3""],""expected_occurrences_per_event"":""486477457015898382326629531187649412742106747333720027517410783905975804775646113483478513571156299/63185780935605965758579739426144179531457492580716559691976347318966280956771693146666493376196710311""},{""context"":""pauli_noncommuting"",""x"":""1/8"",""sigma"":-1,""controlled"":true,""epsilon"":""1e-6"",""arm"":""ordinary"",""roles"":[""ordinary_x_over_3""],""expected_occurrences_per_event"":""486477457015898382326629531187649412742106747333720027517410783905975804775646113483478513571156299/63185780935605965758579739426144179531457492580716559691976347318966280956771693146666493376196710311""},{""context"":""pauli_noncommuting"",""x"":""1/8"",""sigma"":1,""controlled"":true,""epsilon"":""1e-6"",""arm"":""ordinary"",""roles"":[""ordinary_x_over_3""],""expected_occurrences_per_event"":""486477457015898382326629531187649412742106747333720027517410783905975804775646113483478513571156299/63185780935605965758579739426144179531457492580716559691976347318966280956771693146666493376196710311""},{""context"":""distinct_basis"",""x"":""1/8"",""sigma"":-1,""controlled"":true,""epsilon"":""1e-6"",""arm"":""ordinary"",""roles"":[""ordinary_x_over_3""],""expected_occurrences_per_event"":""486477457015898382326629531187649412742106747333720027517410783905975804775646113483478513571156299/63185780935605965758579739426144179531457492580716559691976347318966280956771693146666493376196710311""},{""context"":""distinct_basis"",""x"":""1/8"",""sigma"":1,""controlled"":true,""epsilon"":""1e-6"",""arm"":""ordinary"",""roles"":[""ordinary_x_over_3""],""expected_occurrences_per_event"":""486477457015898382326629531187649412742106747333720027517410783905975804775646113483478513571156299/63185780935605965758579739426144179531457492580716559691976347318966280956771693146666493376196710311""}]"
24bfeb84a4ce87b56985d174dd98d1d5e1702a2b,f726ad70cb2643533f0d037b518cde1b702724adb4e6571fea25e26e4bfdd61e,b26c3bdea5a42988c0534d45bd092d0cc28e50535e08dc75b4692ed601799911,POSTHOC_ATTRIBUTION_DESIGN_INPUT,True,True,True,True,True,atan:1/24:scale:-2:epsilon:1e-3,atan:1/24:scale:-2,1e-3,38,0,102,12130480269250325741834668863800246031626692923391113247281431093658184766552925442818801385214249755/143343663499379469475676305956380433799785311823017570233599302461682679755530300504376159569382855409664,59bcde782c4b8017d80fe659442a1e69d8ac81af85e33ab0084a4fa2305e9b54,38,107,-2*atan(1/24),atan,1/24,-2,"[""ordinary""]","[""distinct_basis"",""pauli_commuting"",""pauli_noncommuting""]","[""ordinary_rotation""]","[""ordinary_x_over_3""]","[{""context"":""pauli_commuting"",""x"":""1/8"",""sigma"":-1,""controlled"":false,""epsilon"":""1e-3"",""arm"":""ordinary"",""roles"":[""ordinary_x_over_3""],""expected_occurrences_per_event"":""486477457015898382326629531187649412742106747333720027517410783905975804775646113483478513571156299/63185780935605965758579739426144179531457492580716559691976347318966280956771693146666493376196710311""},{""context"":""pauli_noncommuting"",""x"":""1/8"",""sigma"":-1,""controlled"":false,""epsilon"":""1e-3"",""arm"":""ordinary"",""roles"":[""ordinary_x_over_3""],""expected_occurrences_per_event"":""486477457015898382326629531187649412742106747333720027517410783905975804775646113483478513571156299/63185780935605965758579739426144179531457492580716559691976347318966280956771693146666493376196710311""},{""context"":""distinct_basis"",""x"":""1/8"",""sigma"":-1,""controlled"":false,""epsilon"":""1e-3"",""arm"":""ordinary"",""roles"":[""ordinary_x_over_3""],""expected_occurrences_per_event"":""486477457015898382326629531187649412742106747333720027517410783905975804775646113483478513571156299/63185780935605965758579739426144179531457492580716559691976347318966280956771693146666493376196710311""}]"
24bfeb84a4ce87b56985d174dd98d1d5e1702a2b,f726ad70cb2643533f0d037b518cde1b702724adb4e6571fea25e26e4bfdd61e,b26c3bdea5a42988c0534d45bd092d0cc28e50535e08dc75b4692ed601799911,POSTHOC_ATTRIBUTION_DESIGN_INPUT,True,True,True,True,True,atan:1/24:scale:-2:epsilon:1e-4,atan:1/24:scale:-2,1e-4,48,0,122,78745603563849028210743757731631091093494476605822146911918772327865316506514538800977397685895062729/4586997231980143023221641790604173881593129978336562247475177678773845752176969616140037106220251373109248,2dbd30c3a1272b06f3af1629d1c3c93167886b206327f7a8cf02255bd5194d7b,48,127,-2*atan(1/24),atan,1/24,-2,"[""ordinary""]","[""distinct_basis"",""pauli_commuting"",""pauli_noncommuting""]","[""ordinary_rotation""]","[""ordinary_x_over_3""]","[{""context"":""pauli_commuting"",""x"":""1/8"",""sigma"":-1,""controlled"":false,""epsilon"":""1e-4"",""arm"":""ordinary"",""roles"":[""ordinary_x_over_3""],""expected_occurrences_per_event"":""486477457015898382326629531187649412742106747333720027517410783905975804775646113483478513571156299/63185780935605965758579739426144179531457492580716559691976347318966280956771693146666493376196710311""},{""context"":""pauli_noncommuting"",""x"":""1/8"",""sigma"":-1,""controlled"":false,""epsilon"":""1e-4"",""arm"":""ordinary"",""roles"":[""ordinary_x_over_3""],""expected_occurrences_per_event"":""486477457015898382326629531187649412742106747333720027517410783905975804775646113483478513571156299/63185780935605965758579739426144179531457492580716559691976347318966280956771693146666493376196710311""},{""context"":""distinct_basis"",""x"":""1/8"",""sigma"":-1,""controlled"":false,""epsilon"":""1e-4"",""arm"":""ordinary"",""roles"":[""ordinary_x_over_3""],""expected_occurrences_per_event"":""486477457015898382326629531187649412742106747333720027517410783905975804775646113483478513571156299/63185780935605965758579739426144179531457492580716559691976347318966280956771693146666493376196710311""}]"
24bfeb84a4ce87b56985d174dd98d1d5e1702a2b,f726ad70cb2643533f0d037b518cde1b702724adb4e6571fea25e26e4bfdd61e,b26c3bdea5a42988c0534d45bd092d0cc28e50535e08dc75b4692ed601799911,POSTHOC_ATTRIBUTION_DESIGN_INPUT,True,True,True,True,True,atan:1/24:scale:-2:epsilon:1e-6,atan:1/24:scale:-2,1e-6,70,0,180,98853119334610497262556961991934696006298593952831960592659986800273093676733474042006154012376585925/2348542582773833227889480596789337027375682548908319870707290971532209025114608443463698998384768703031934976,6d9fac89d1e3898a4321d584bb61f8f37e874b97795cd9337af90af3b6996437,70,180,-2*atan(1/24),atan,1/24,-2,"[""ordinary""]","[""distinct_basis"",""pauli_commuting"",""pauli_noncommuting""]","[""ordinary_rotation""]","[""ordinary_x_over_3""]","[{""context"":""pauli_commuting"",""x"":""1/8"",""sigma"":-1,""controlled"":false,""epsilon"":""1e-6"",""arm"":""ordinary"",""roles"":[""ordinary_x_over_3""],""expected_occurrences_per_event"":""486477457015898382326629531187649412742106747333720027517410783905975804775646113483478513571156299/63185780935605965758579739426144179531457492580716559691976347318966280956771693146666493376196710311""},{""context"":""pauli_noncommuting"",""x"":""1/8"",""sigma"":-1,""controlled"":false,""epsilon"":""1e-6"",""arm"":""ordinary"",""roles"":[""ordinary_x_over_3""],""expected_occurrences_per_event"":""486477457015898382326629531187649412742106747333720027517410783905975804775646113483478513571156299/63185780935605965758579739426144179531457492580716559691976347318966280956771693146666493376196710311""},{""context"":""distinct_basis"",""x"":""1/8"",""sigma"":-1,""controlled"":false,""epsilon"":""1e-6"",""arm"":""ordinary"",""roles"":[""ordinary_x_over_3""],""expected_occurrences_per_event"":""486477457015898382326629531187649412742106747333720027517410783905975804775646113483478513571156299/63185780935605965758579739426144179531457492580716559691976347318966280956771693146666493376196710311""}]"
24bfeb84a4ce87b56985d174dd98d1d5e1702a2b,f726ad70cb2643533f0d037b518cde1b702724adb4e6571fea25e26e4bfdd61e,b26c3bdea5a42988c0534d45bd092d0cc28e50535e08dc75b4692ed601799911,POSTHOC_ATTRIBUTION_DESIGN_INPUT,True,True,True,True,True,atan:1/24:scale:1:epsilon:1e-3,atan:1/24:scale:1,1e-3,40,0,100,33224611992375510251052329104199187034927074452367765288511501298696976934007343803508084886672224281/573374653997517877902705223825521735199141247292070280934397209846730719022121202017504638277531421638656,da90372b002b9d63fe44d100f2a49a47be40fe7c0af393e5f8a67b36ccbd612a,40,103,1*atan(1/24),atan,1/24,1,"[""ordinary""]","[""distinct_basis"",""pauli_commuting"",""pauli_noncommuting""]","[""controlled_half_angle_pair""]","[""ordinary_x_over_3""]","[{""context"":""pauli_commuting"",""x"":""1/8"",""sigma"":-1,""controlled"":true,""epsilon"":""1e-3"",""arm"":""ordinary"",""roles"":[""ordinary_x_over_3""],""expected_occurrences_per_event"":""486477457015898382326629531187649412742106747333720027517410783905975804775646113483478513571156299/63185780935605965758579739426144179531457492580716559691976347318966280956771693146666493376196710311""},{""context"":""pauli_commuting"",""x"":""1/8"",""sigma"":1,""controlled"":true,""epsilon"":""1e-3"",""arm"":""ordinary"",""roles"":[""ordinary_x_over_3""],""expected_occurrences_per_event"":""486477457015898382326629531187649412742106747333720027517410783905975804775646113483478513571156299/63185780935605965758579739426144179531457492580716559691976347318966280956771693146666493376196710311""},{""context"":""pauli_noncommuting"",""x"":""1/8"",""sigma"":-1,""controlled"":true,""epsilon"":""1e-3"",""arm"":""ordinary"",""roles"":[""ordinary_x_over_3""],""expected_occurrences_per_event"":""486477457015898382326629531187649412742106747333720027517410783905975804775646113483478513571156299/63185780935605965758579739426144179531457492580716559691976347318966280956771693146666493376196710311""},{""context"":""pauli_noncommuting"",""x"":""1/8"",""sigma"":1,""controlled"":true,""epsilon"":""1e-3"",""arm"":""ordinary"",""roles"":[""ordinary_x_over_3""],""expected_occurrences_per_event"":""486477457015898382326629531187649412742106747333720027517410783905975804775646113483478513571156299/63185780935605965758579739426144179531457492580716559691976347318966280956771693146666493376196710311""},{""context"":""distinct_basis"",""x"":""1/8"",""sigma"":-1,""controlled"":true,""epsilon"":""1e-3"",""arm"":""ordinary"",""roles"":[""ordinary_x_over_3""],""expected_occurrences_per_event"":""486477457015898382326629531187649412742106747333720027517410783905975804775646113483478513571156299/63185780935605965758579739426144179531457492580716559691976347318966280956771693146666493376196710311""},{""context"":""distinct_basis"",""x"":""1/8"",""sigma"":1,""controlled"":true,""epsilon"":""1e-3"",""arm"":""ordinary"",""roles"":[""ordinary_x_over_3""],""expected_occurrences_per_event"":""486477457015898382326629531187649412742106747333720027517410783905975804775646113483478513571156299/63185780935605965758579739426144179531457492580716559691976347318966280956771693146666493376196710311""}]"
24bfeb84a4ce87b56985d174dd98d1d5e1702a2b,f726ad70cb2643533f0d037b518cde1b702724adb4e6571fea25e26e4bfdd61e,b26c3bdea5a42988c0534d45bd092d0cc28e50535e08dc75b4692ed601799911,POSTHOC_ATTRIBUTION_DESIGN_INPUT,True,True,True,True,True,atan:1/24:scale:1:epsilon:1e-4,atan:1/24:scale:1,1e-4,46,0,115,79983577567894743984096591092299618979437625425850656584311949443186465433982678386627827205880876751/9173994463960286046443283581208347763186259956673124494950355357547691504353939232280074212440502746218496,e360524dd58fc1141dd3e112bf75fee450628f41dae6d99c377db2bd5d9d175f,46,116,1*atan(1/24),atan,1/24,1,"[""ordinary""]","[""distinct_basis"",""pauli_commuting"",""pauli_noncommuting""]","[""controlled_half_angle_pair""]","[""ordinary_x_over_3""]","[{""context"":""pauli_commuting"",""x"":""1/8"",""sigma"":-1,""controlled"":true,""epsilon"":""1e-4"",""arm"":""ordinary"",""roles"":[""ordinary_x_over_3""],""expected_occurrences_per_event"":""486477457015898382326629531187649412742106747333720027517410783905975804775646113483478513571156299/63185780935605965758579739426144179531457492580716559691976347318966280956771693146666493376196710311""},{""context"":""pauli_commuting"",""x"":""1/8"",""sigma"":1,""controlled"":true,""epsilon"":""1e-4"",""arm"":""ordinary"",""roles"":[""ordinary_x_over_3""],""expected_occurrences_per_event"":""486477457015898382326629531187649412742106747333720027517410783905975804775646113483478513571156299/63185780935605965758579739426144179531457492580716559691976347318966280956771693146666493376196710311""},{""context"":""pauli_noncommuting"",""x"":""1/8"",""sigma"":-1,""controlled"":true,""epsilon"":""1e-4"",""arm"":""ordinary"",""roles"":[""ordinary_x_over_3""],""expected_occurrences_per_event"":""486477457015898382326629531187649412742106747333720027517410783905975804775646113483478513571156299/63185780935605965758579739426144179531457492580716559691976347318966280956771693146666493376196710311""},{""context"":""pauli_noncommuting"",""x"":""1/8"",""sigma"":1,""controlled"":true,""epsilon"":""1e-4"",""arm"":""ordinary"",""roles"":[""ordinary_x_over_3""],""expected_occurrences_per_event"":""486477457015898382326629531187649412742106747333720027517410783905975804775646113483478513571156299/63185780935605965758579739426144179531457492580716559691976347318966280956771693146666493376196710311""},{""context"":""distinct_basis"",""x"":""1/8"",""sigma"":-1,""controlled"":true,""epsilon"":""1e-4"",""arm"":""ordinary"",""roles"":[""ordinary_x_over_3""],""expected_occurrences_per_event"":""486477457015898382326629531187649412742106747333720027517410783905975804775646113483478513571156299/63185780935605965758579739426144179531457492580716559691976347318966280956771693146666493376196710311""},{""context"":""distinct_basis"",""x"":""1/8"",""sigma"":1,""controlled"":true,""epsilon"":""1e-4"",""arm"":""ordinary"",""roles"":[""ordinary_x_over_3""],""expected_occurrences_per_event"":""486477457015898382326629531187649412742106747333720027517410783905975804775646113483478513571156299/63185780935605965758579739426144179531457492580716559691976347318966280956771693146666493376196710311""}]"
24bfeb84a4ce87b56985d174dd98d1d5e1702a2b,f726ad70cb2643533f0d037b518cde1b702724adb4e6571fea25e26e4bfdd61e,b26c3bdea5a42988c0534d45bd092d0cc28e50535e08dc75b4692ed601799911,POSTHOC_ATTRIBUTION_DESIGN_INPUT,True,True,True,True,True,atan:1/24:scale:1:epsilon:1e-6,atan:1/24:scale:1,1e-6,68,0,177,7379302888777872476767532200889809979138258564086752305873496613312275038714331987785813916910553565/73391955711682288371546268649666782105490079653384995959602842860381532034831513858240593699524021969747968,97e8450c28b6674d5ab16fb90636434630b113ff4207f137a55e8a0a3a0cc6b7,68,177,1*atan(1/24),atan,1/24,1,"[""ordinary""]","[""distinct_basis"",""pauli_commuting"",""pauli_noncommuting""]","[""controlled_half_angle_pair""]","[""ordinary_x_over_3""]","[{""context"":""pauli_commuting"",""x"":""1/8"",""sigma"":-1,""controlled"":true,""epsilon"":""1e-6"",""arm"":""ordinary"",""roles"":[""ordinary_x_over_3""],""expected_occurrences_per_event"":""486477457015898382326629531187649412742106747333720027517410783905975804775646113483478513571156299/63185780935605965758579739426144179531457492580716559691976347318966280956771693146666493376196710311""},{""context"":""pauli_commuting"",""x"":""1/8"",""sigma"":1,""controlled"":true,""epsilon"":""1e-6"",""arm"":""ordinary"",""roles"":[""ordinary_x_over_3""],""expected_occurrences_per_event"":""486477457015898382326629531187649412742106747333720027517410783905975804775646113483478513571156299/63185780935605965758579739426144179531457492580716559691976347318966280956771693146666493376196710311""},{""context"":""pauli_noncommuting"",""x"":""1/8"",""sigma"":-1,""controlled"":true,""epsilon"":""1e-6"",""arm"":""ordinary"",""roles"":[""ordinary_x_over_3""],""expected_occurrences_per_event"":""486477457015898382326629531187649412742106747333720027517410783905975804775646113483478513571156299/63185780935605965758579739426144179531457492580716559691976347318966280956771693146666493376196710311""},{""context"":""pauli_noncommuting"",""x"":""1/8"",""sigma"":1,""controlled"":true,""epsilon"":""1e-6"",""arm"":""ordinary"",""roles"":[""ordinary_x_over_3""],""expected_occurrences_per_event"":""486477457015898382326629531187649412742106747333720027517410783905975804775646113483478513571156299/63185780935605965758579739426144179531457492580716559691976347318966280956771693146666493376196710311""},{""context"":""distinct_basis"",""x"":""1/8"",""sigma"":-1,""controlled"":true,""epsilon"":""1e-6"",""arm"":""ordinary"",""roles"":[""ordinary_x_over_3""],""expected_occurrences_per_event"":""486477457015898382326629531187649412742106747333720027517410783905975804775646113483478513571156299/63185780935605965758579739426144179531457492580716559691976347318966280956771693146666493376196710311""},{""context"":""distinct_basis"",""x"":""1/8"",""sigma"":1,""controlled"":true,""epsilon"":""1e-6"",""arm"":""ordinary"",""roles"":[""ordinary_x_over_3""],""expected_occurrences_per_event"":""486477457015898382326629531187649412742106747333720027517410783905975804775646113483478513571156299/63185780935605965758579739426144179531457492580716559691976347318966280956771693146666493376196710311""}]"
24bfeb84a4ce87b56985d174dd98d1d5e1702a2b,f726ad70cb2643533f0d037b518cde1b702724adb4e6571fea25e26e4bfdd61e,b26c3bdea5a42988c0534d45bd092d0cc28e50535e08dc75b4692ed601799911,POSTHOC_ATTRIBUTION_DESIGN_INPUT,True,True,True,True,True,atan:1/24:scale:2:epsilon:1e-3,atan:1/24:scale:2,1e-3,38,0,96,75145239279251729034890782405741090161057837249147039601060707168653108025804160157590959193398435709/573374653997517877902705223825521735199141247292070280934397209846730719022121202017504638277531421638656,fc09f50934929a91f8e1ecf91b21f10306ef54a84d2203ba2c55af6855554684,38,96,2*atan(1/24),atan,1/24,2,"[""ordinary""]","[""distinct_basis"",""pauli_commuting"",""pauli_noncommuting""]","[""ordinary_rotation""]","[""ordinary_x_over_3""]","[{""context"":""pauli_commuting"",""x"":""1/8"",""sigma"":1,""controlled"":false,""epsilon"":""1e-3"",""arm"":""ordinary"",""roles"":[""ordinary_x_over_3""],""expected_occurrences_per_event"":""486477457015898382326629531187649412742106747333720027517410783905975804775646113483478513571156299/63185780935605965758579739426144179531457492580716559691976347318966280956771693146666493376196710311""},{""context"":""pauli_noncommuting"",""x"":""1/8"",""sigma"":1,""controlled"":false,""epsilon"":""1e-3"",""arm"":""ordinary"",""roles"":[""ordinary_x_over_3""],""expected_occurrences_per_event"":""486477457015898382326629531187649412742106747333720027517410783905975804775646113483478513571156299/63185780935605965758579739426144179531457492580716559691976347318966280956771693146666493376196710311""},{""context"":""distinct_basis"",""x"":""1/8"",""sigma"":1,""controlled"":false,""epsilon"":""1e-3"",""arm"":""ordinary"",""roles"":[""ordinary_x_over_3""],""expected_occurrences_per_event"":""486477457015898382326629531187649412742106747333720027517410783905975804775646113483478513571156299/63185780935605965758579739426144179531457492580716559691976347318966280956771693146666493376196710311""}]"
24bfeb84a4ce87b56985d174dd98d1d5e1702a2b,f726ad70cb2643533f0d037b518cde1b702724adb4e6571fea25e26e4bfdd61e,b26c3bdea5a42988c0534d45bd092d0cc28e50535e08dc75b4692ed601799911,POSTHOC_ATTRIBUTION_DESIGN_INPUT,True,True,True,True,True,atan:1/24:scale:2:epsilon:1e-4,atan:1/24:scale:2,1e-4,48,0,120,78745603563849028210743757731631091093494476605822146911918772327865316506514538801183259886326914031/4586997231980143023221641790604173881593129978336562247475177678773845752176969616140037106220251373109248,b43ec3db8136a8a70ba82da99b98e7ad57ca74d1129ca62e30825a11bd24b3c2,48,127,2*atan(1/24),atan,1/24,2,"[""ordinary""]","[""distinct_basis"",""pauli_commuting"",""pauli_noncommuting""]","[""ordinary_rotation""]","[""ordinary_x_over_3""]","[{""context"":""pauli_commuting"",""x"":""1/8"",""sigma"":1,""controlled"":false,""epsilon"":""1e-4"",""arm"":""ordinary"",""roles"":[""ordinary_x_over_3""],""expected_occurrences_per_event"":""486477457015898382326629531187649412742106747333720027517410783905975804775646113483478513571156299/63185780935605965758579739426144179531457492580716559691976347318966280956771693146666493376196710311""},{""context"":""pauli_noncommuting"",""x"":""1/8"",""sigma"":1,""controlled"":false,""epsilon"":""1e-4"",""arm"":""ordinary"",""roles"":[""ordinary_x_over_3""],""expected_occurrences_per_event"":""486477457015898382326629531187649412742106747333720027517410783905975804775646113483478513571156299/63185780935605965758579739426144179531457492580716559691976347318966280956771693146666493376196710311""},{""context"":""distinct_basis"",""x"":""1/8"",""sigma"":1,""controlled"":false,""epsilon"":""1e-4"",""arm"":""ordinary"",""roles"":[""ordinary_x_over_3""],""expected_occurrences_per_event"":""486477457015898382326629531187649412742106747333720027517410783905975804775646113483478513571156299/63185780935605965758579739426144179531457492580716559691976347318966280956771693146666493376196710311""}]"
24bfeb84a4ce87b56985d174dd98d1d5e1702a2b,f726ad70cb2643533f0d037b518cde1b702724adb4e6571fea25e26e4bfdd61e,b26c3bdea5a42988c0534d45bd092d0cc28e50535e08dc75b4692ed601799911,POSTHOC_ATTRIBUTION_DESIGN_INPUT,True,True,True,True,True,atan:1/24:scale:2:epsilon:1e-6,atan:1/24:scale:2,1e-6,70,0,176,49426559667305248631278480995967348003149296976415980296329993400136546838369061846162051848932005447/1174271291386916613944740298394668513687841274454159935353645485766104512557304221731849499192384351515967488,23beb870faf148263d64bf25b893f570048085200077ee5706ba1b5bb5902037,70,179,2*atan(1/24),atan,1/24,2,"[""ordinary""]","[""distinct_basis"",""pauli_commuting"",""pauli_noncommuting""]","[""ordinary_rotation""]","[""ordinary_x_over_3""]","[{""context"":""pauli_commuting"",""x"":""1/8"",""sigma"":1,""controlled"":false,""epsilon"":""1e-6"",""arm"":""ordinary"",""roles"":[""ordinary_x_over_3""],""expected_occurrences_per_event"":""486477457015898382326629531187649412742106747333720027517410783905975804775646113483478513571156299/63185780935605965758579739426144179531457492580716559691976347318966280956771693146666493376196710311""},{""context"":""pauli_noncommuting"",""x"":""1/8"",""sigma"":1,""controlled"":false,""epsilon"":""1e-6"",""arm"":""ordinary"",""roles"":[""ordinary_x_over_3""],""expected_occurrences_per_event"":""486477457015898382326629531187649412742106747333720027517410783905975804775646113483478513571156299/63185780935605965758579739426144179531457492580716559691976347318966280956771693146666493376196710311""},{""context"":""distinct_basis"",""x"":""1/8"",""sigma"":1,""controlled"":false,""epsilon"":""1e-6"",""arm"":""ordinary"",""roles"":[""ordinary_x_over_3""],""expected_occurrences_per_event"":""486477457015898382326629531187649412742106747333720027517410783905975804775646113483478513571156299/63185780935605965758579739426144179531457492580716559691976347318966280956771693146666493376196710311""}]"
24bfeb84a4ce87b56985d174dd98d1d5e1702a2b,f726ad70cb2643533f0d037b518cde1b702724adb4e6571fea25e26e4bfdd61e,b26c3bdea5a42988c0534d45bd092d0cc28e50535e08dc75b4692ed601799911,POSTHOC_ATTRIBUTION_DESIGN_INPUT,True,True,True,True,True,atan:1/4:scale:-1:epsilon:1e-3,atan:1/4:scale:-1,1e-3,42,0,105,20358157235709099929397380602357660764658332352896695442431224513502741679349538602994731120924610309/143343663499379469475676305956380433799785311823017570233599302461682679755530300504376159569382855409664,fb91db35f0d6ecaafcd3d35222ec22ab65c15604cb4cef451f0d7ffc60278201,42,109,-1*atan(1/4),atan,1/4,-1,"[""PTSC_K0"",""ordinary""]","[""distinct_basis"",""pauli_commuting"",""pauli_noncommuting""]","[""controlled_half_angle_pair""]","[""PTSC_K0_x"",""ordinary_x""]","[{""context"":""pauli_commuting"",""x"":""1/4"",""sigma"":-1,""controlled"":true,""epsilon"":""1e-3"",""arm"":""ordinary"",""roles"":[""ordinary_x""],""expected_occurrences_per_event"":""4617352073210440629805614531511484316018076339596351892349117792559864219386599031924781801670540588576/4757821334383809352355940230100611996364149701320001465558286007095135895574721297029838730323875220663""},{""context"":""pauli_commuting"",""x"":""1/4"",""sigma"":-1,""controlled"":true,""epsilon"":""1e-3"",""arm"":""PTSC_K0"",""roles"":[""PTSC_K0_x""],""expected_occurrences_per_event"":""73877633171367050076889832504183749056289221433541630277585884680957827510185584510796508826728649417216/76304023308726337971660394974799563690921004055545833940394206207001935370630758868292459444439557125973""},{""context"":""pauli_commuting"",""x"":""1/4"",""sigma"":1,""controlled"":true,""epsilon"":""1e-3"",""arm"":""ordinary"",""roles"":[""ordinary_x""],""expected_occurrences_per_event"":""4617352073210440629805614531511484316018076339596351892349117792559864219386599031924781801670540588576/4757821334383809352355940230100611996364149701320001465558286007095135895574721297029838730323875220663""},{""context"":""pauli_commuting"",""x"":""1/4"",""sigma"":1,""controlled"":true,""epsilon"":""1e-3"",""arm"":""PTSC_K0"",""roles"":[""PTSC_K0_x""],""expected_occurrences_per_event"":""73877633171367050076889832504183749056289221433541630277585884680957827510185584510796508826728649417216/76304023308726337971660394974799563690921004055545833940394206207001935370630758868292459444439557125973""},{""context"":""pauli_noncommuting"",""x"":""1/4"",""sigma"":-1,""controlled"":true,""epsilon"":""1e-3"",""arm"":""ordinary"",""roles"":[""ordinary_x""],""expected_occurrences_per_event"":""4617352073210440629805614531511484316018076339596351892349117792559864219386599031924781801670540588576/4757821334383809352355940230100611996364149701320001465558286007095135895574721297029838730323875220663""},{""context"":""pauli_noncommuting"",""x"":""1/4"",""sigma"":-1,""controlled"":true,""epsilon"":""1e-3"",""arm"":""PTSC_K0"",""roles"":[""PTSC_K0_x""],""expected_occurrences_per_event"":""73877633171367050076889832504183749056289221433541630277585884680957827510185584510796508826728649417216/76304023308726337971660394974799563690921004055545833940394206207001935370630758868292459444439557125973""},{""context"":""pauli_noncommuting"",""x"":""1/4"",""sigma"":1,""controlled"":true,""epsilon"":""1e-3"",""arm"":""ordinary"",""roles"":[""ordinary_x""],""expected_occurrences_per_event"":""4617352073210440629805614531511484316018076339596351892349117792559864219386599031924781801670540588576/4757821334383809352355940230100611996364149701320001465558286007095135895574721297029838730323875220663""},{""context"":""pauli_noncommuting"",""x"":""1/4"",""sigma"":1,""controlled"":true,""epsilon"":""1e-3"",""arm"":""PTSC_K0"",""roles"":[""PTSC_K0_x""],""expected_occurrences_per_event"":""73877633171367050076889832504183749056289221433541630277585884680957827510185584510796508826728649417216/76304023308726337971660394974799563690921004055545833940394206207001935370630758868292459444439557125973""},{""context"":""distinct_basis"",""x"":""1/4"",""sigma"":-1,""controlled"":true,""epsilon"":""1e-3"",""arm"":""ordinary"",""roles"":[""ordinary_x""],""expected_occurrences_per_event"":""4617352073210440629805614531511484316018076339596351892349117792559864219386599031924781801670540588576/4757821334383809352355940230100611996364149701320001465558286007095135895574721297029838730323875220663""},{""context"":""distinct_basis"",""x"":""1/4"",""sigma"":-1,""controlled"":true,""epsilon"":""1e-3"",""arm"":""PTSC_K0"",""roles"":[""PTSC_K0_x""],""expected_occurrences_per_event"":""73877633171367050076889832504183749056289221433541630277585884680957827510185584510796508826728649417216/76304023308726337971660394974799563690921004055545833940394206207001935370630758868292459444439557125973""},{""context"":""distinct_basis"",""x"":""1/4"",""sigma"":1,""controlled"":true,""epsilon"":""1e-3"",""arm"":""ordinary"",""roles"":[""ordinary_x""],""expected_occurrences_per_event"":""4617352073210440629805614531511484316018076339596351892349117792559864219386599031924781801670540588576/4757821334383809352355940230100611996364149701320001465558286007095135895574721297029838730323875220663""},{""context"":""distinct_basis"",""x"":""1/4"",""sigma"":1,""controlled"":true,""epsilon"":""1e-3"",""arm"":""PTSC_K0"",""roles"":[""PTSC_K0_x""],""expected_occurrences_per_event"":""73877633171367050076889832504183749056289221433541630277585884680957827510185584510796508826728649417216/76304023308726337971660394974799563690921004055545833940394206207001935370630758868292459444439557125973""}]"
24bfeb84a4ce87b56985d174dd98d1d5e1702a2b,f726ad70cb2643533f0d037b518cde1b702724adb4e6571fea25e26e4bfdd61e,b26c3bdea5a42988c0534d45bd092d0cc28e50535e08dc75b4692ed601799911,POSTHOC_ATTRIBUTION_DESIGN_INPUT,True,True,True,True,True,atan:1/4:scale:-1:epsilon:1e-4,atan:1/4:scale:-1,1e-4,50,0,128,79991807273264467927311258118491688114932311404453528103666445361494644105182226430422636535788741651/4586997231980143023221641790604173881593129978336562247475177678773845752176969616140037106220251373109248,3fc535467e14e39b6e98ec5508625b3d8ca3286f68ece2728a08e3e66c8042ea,50,134,-1*atan(1/4),atan,1/4,-1,"[""PTSC_K0"",""ordinary""]","[""distinct_basis"",""pauli_commuting"",""pauli_noncommuting""]","[""controlled_half_angle_pair""]","[""PTSC_K0_x"",""ordinary_x""]","[{""context"":""pauli_commuting"",""x"":""1/4"",""sigma"":-1,""controlled"":true,""epsilon"":""1e-4"",""arm"":""ordinary"",""roles"":[""ordinary_x""],""expected_occurrences_per_event"":""4617352073210440629805614531511484316018076339596351892349117792559864219386599031924781801670540588576/4757821334383809352355940230100611996364149701320001465558286007095135895574721297029838730323875220663""},{""context"":""pauli_commuting"",""x"":""1/4"",""sigma"":-1,""controlled"":true,""epsilon"":""1e-4"",""arm"":""PTSC_K0"",""roles"":[""PTSC_K0_x""],""expected_occurrences_per_event"":""73877633171367050076889832504183749056289221433541630277585884680957827510185584510796508826728649417216/76304023308726337971660394974799563690921004055545833940394206207001935370630758868292459444439557125973""},{""context"":""pauli_commuting"",""x"":""1/4"",""sigma"":1,""controlled"":true,""epsilon"":""1e-4"",""arm"":""ordinary"",""roles"":[""ordinary_x""],""expected_occurrences_per_event"":""4617352073210440629805614531511484316018076339596351892349117792559864219386599031924781801670540588576/4757821334383809352355940230100611996364149701320001465558286007095135895574721297029838730323875220663""},{""context"":""pauli_commuting"",""x"":""1/4"",""sigma"":1,""controlled"":true,""epsilon"":""1e-4"",""arm"":""PTSC_K0"",""roles"":[""PTSC_K0_x""],""expected_occurrences_per_event"":""73877633171367050076889832504183749056289221433541630277585884680957827510185584510796508826728649417216/76304023308726337971660394974799563690921004055545833940394206207001935370630758868292459444439557125973""},{""context"":""pauli_noncommuting"",""x"":""1/4"",""sigma"":-1,""controlled"":true,""epsilon"":""1e-4"",""arm"":""ordinary"",""roles"":[""ordinary_x""],""expected_occurrences_per_event"":""4617352073210440629805614531511484316018076339596351892349117792559864219386599031924781801670540588576/4757821334383809352355940230100611996364149701320001465558286007095135895574721297029838730323875220663""},{""context"":""pauli_noncommuting"",""x"":""1/4"",""sigma"":-1,""controlled"":true,""epsilon"":""1e-4"",""arm"":""PTSC_K0"",""roles"":[""PTSC_K0_x""],""expected_occurrences_per_event"":""73877633171367050076889832504183749056289221433541630277585884680957827510185584510796508826728649417216/76304023308726337971660394974799563690921004055545833940394206207001935370630758868292459444439557125973""},{""context"":""pauli_noncommuting"",""x"":""1/4"",""sigma"":1,""controlled"":true,""epsilon"":""1e-4"",""arm"":""ordinary"",""roles"":[""ordinary_x""],""expected_occurrences_per_event"":""4617352073210440629805614531511484316018076339596351892349117792559864219386599031924781801670540588576/4757821334383809352355940230100611996364149701320001465558286007095135895574721297029838730323875220663""},{""context"":""pauli_noncommuting"",""x"":""1/4"",""sigma"":1,""controlled"":true,""epsilon"":""1e-4"",""arm"":""PTSC_K0"",""roles"":[""PTSC_K0_x""],""expected_occurrences_per_event"":""73877633171367050076889832504183749056289221433541630277585884680957827510185584510796508826728649417216/76304023308726337971660394974799563690921004055545833940394206207001935370630758868292459444439557125973""},{""context"":""distinct_basis"",""x"":""1/4"",""sigma"":-1,""controlled"":true,""epsilon"":""1e-4"",""arm"":""ordinary"",""roles"":[""ordinary_x""],""expected_occurrences_per_event"":""4617352073210440629805614531511484316018076339596351892349117792559864219386599031924781801670540588576/4757821334383809352355940230100611996364149701320001465558286007095135895574721297029838730323875220663""},{""context"":""distinct_basis"",""x"":""1/4"",""sigma"":-1,""controlled"":true,""epsilon"":""1e-4"",""arm"":""PTSC_K0"",""roles"":[""PTSC_K0_x""],""expected_occurrences_per_event"":""73877633171367050076889832504183749056289221433541630277585884680957827510185584510796508826728649417216/76304023308726337971660394974799563690921004055545833940394206207001935370630758868292459444439557125973""},{""context"":""distinct_basis"",""x"":""1/4"",""sigma"":1,""controlled"":true,""epsilon"":""1e-4"",""arm"":""ordinary"",""roles"":[""ordinary_x""],""expected_occurrences_per_event"":""4617352073210440629805614531511484316018076339596351892349117792559864219386599031924781801670540588576/4757821334383809352355940230100611996364149701320001465558286007095135895574721297029838730323875220663""},{""context"":""distinct_basis"",""x"":""1/4"",""sigma"":1,""controlled"":true,""epsilon"":""1e-4"",""arm"":""PTSC_K0"",""roles"":[""PTSC_K0_x""],""expected_occurrences_per_event"":""73877633171367050076889832504183749056289221433541630277585884680957827510185584510796508826728649417216/76304023308726337971660394974799563690921004055545833940394206207001935370630758868292459444439557125973""}]"
24bfeb84a4ce87b56985d174dd98d1d5e1702a2b,f726ad70cb2643533f0d037b518cde1b702724adb4e6571fea25e26e4bfdd61e,b26c3bdea5a42988c0534d45bd092d0cc28e50535e08dc75b4692ed601799911,POSTHOC_ATTRIBUTION_DESIGN_INPUT,True,True,True,True,True,atan:1/4:scale:-1:epsilon:1e-6,atan:1/4:scale:-1,1e-6,70,0,177,6326718987959137033612749001509937242938311250615233390600431671841261614020492416705311823779252971/36695977855841144185773134324833391052745039826692497979801421430190766017415756929120296849762010984873984,345b44a92e398286bd9e691b01d72cc568aa60131f882cab52f57c017ef9135c,70,180,-1*atan(1/4),atan,1/4,-1,"[""PTSC_K0"",""ordinary""]","[""distinct_basis"",""pauli_commuting"",""pauli_noncommuting""]","[""controlled_half_angle_pair""]","[""PTSC_K0_x"",""ordinary_x""]","[{""context"":""pauli_commuting"",""x"":""1/4"",""sigma"":-1,""controlled"":true,""epsilon"":""1e-6"",""arm"":""ordinary"",""roles"":[""ordinary_x""],""expected_occurrences_per_event"":""4617352073210440629805614531511484316018076339596351892349117792559864219386599031924781801670540588576/4757821334383809352355940230100611996364149701320001465558286007095135895574721297029838730323875220663""},{""context"":""pauli_commuting"",""x"":""1/4"",""sigma"":-1,""controlled"":true,""epsilon"":""1e-6"",""arm"":""PTSC_K0"",""roles"":[""PTSC_K0_x""],""expected_occurrences_per_event"":""73877633171367050076889832504183749056289221433541630277585884680957827510185584510796508826728649417216/76304023308726337971660394974799563690921004055545833940394206207001935370630758868292459444439557125973""},{""context"":""pauli_commuting"",""x"":""1/4"",""sigma"":1,""controlled"":true,""epsilon"":""1e-6"",""arm"":""ordinary"",""roles"":[""ordinary_x""],""expected_occurrences_per_event"":""4617352073210440629805614531511484316018076339596351892349117792559864219386599031924781801670540588576/4757821334383809352355940230100611996364149701320001465558286007095135895574721297029838730323875220663""},{""context"":""pauli_commuting"",""x"":""1/4"",""sigma"":1,""controlled"":true,""epsilon"":""1e-6"",""arm"":""PTSC_K0"",""roles"":[""PTSC_K0_x""],""expected_occurrences_per_event"":""73877633171367050076889832504183749056289221433541630277585884680957827510185584510796508826728649417216/76304023308726337971660394974799563690921004055545833940394206207001935370630758868292459444439557125973""},{""context"":""pauli_noncommuting"",""x"":""1/4"",""sigma"":-1,""controlled"":true,""epsilon"":""1e-6"",""arm"":""ordinary"",""roles"":[""ordinary_x""],""expected_occurrences_per_event"":""4617352073210440629805614531511484316018076339596351892349117792559864219386599031924781801670540588576/4757821334383809352355940230100611996364149701320001465558286007095135895574721297029838730323875220663""},{""context"":""pauli_noncommuting"",""x"":""1/4"",""sigma"":-1,""controlled"":true,""epsilon"":""1e-6"",""arm"":""PTSC_K0"",""roles"":[""PTSC_K0_x""],""expected_occurrences_per_event"":""73877633171367050076889832504183749056289221433541630277585884680957827510185584510796508826728649417216/76304023308726337971660394974799563690921004055545833940394206207001935370630758868292459444439557125973""},{""context"":""pauli_noncommuting"",""x"":""1/4"",""sigma"":1,""controlled"":true,""epsilon"":""1e-6"",""arm"":""ordinary"",""roles"":[""ordinary_x""],""expected_occurrences_per_event"":""4617352073210440629805614531511484316018076339596351892349117792559864219386599031924781801670540588576/4757821334383809352355940230100611996364149701320001465558286007095135895574721297029838730323875220663""},{""context"":""pauli_noncommuting"",""x"":""1/4"",""sigma"":1,""controlled"":true,""epsilon"":""1e-6"",""arm"":""PTSC_K0"",""roles"":[""PTSC_K0_x""],""expected_occurrences_per_event"":""73877633171367050076889832504183749056289221433541630277585884680957827510185584510796508826728649417216/76304023308726337971660394974799563690921004055545833940394206207001935370630758868292459444439557125973""},{""context"":""distinct_basis"",""x"":""1/4"",""sigma"":-1,""controlled"":true,""epsilon"":""1e-6"",""arm"":""ordinary"",""roles"":[""ordinary_x""],""expected_occurrences_per_event"":""4617352073210440629805614531511484316018076339596351892349117792559864219386599031924781801670540588576/4757821334383809352355940230100611996364149701320001465558286007095135895574721297029838730323875220663""},{""context"":""distinct_basis"",""x"":""1/4"",""sigma"":-1,""controlled"":true,""epsilon"":""1e-6"",""arm"":""PTSC_K0"",""roles"":[""PTSC_K0_x""],""expected_occurrences_per_event"":""73877633171367050076889832504183749056289221433541630277585884680957827510185584510796508826728649417216/76304023308726337971660394974799563690921004055545833940394206207001935370630758868292459444439557125973""},{""context"":""distinct_basis"",""x"":""1/4"",""sigma"":1,""controlled"":true,""epsilon"":""1e-6"",""arm"":""ordinary"",""roles"":[""ordinary_x""],""expected_occurrences_per_event"":""4617352073210440629805614531511484316018076339596351892349117792559864219386599031924781801670540588576/4757821334383809352355940230100611996364149701320001465558286007095135895574721297029838730323875220663""},{""context"":""distinct_basis"",""x"":""1/4"",""sigma"":1,""controlled"":true,""epsilon"":""1e-6"",""arm"":""PTSC_K0"",""roles"":[""PTSC_K0_x""],""expected_occurrences_per_event"":""73877633171367050076889832504183749056289221433541630277585884680957827510185584510796508826728649417216/76304023308726337971660394974799563690921004055545833940394206207001935370630758868292459444439557125973""}]"
24bfeb84a4ce87b56985d174dd98d1d5e1702a2b,f726ad70cb2643533f0d037b518cde1b702724adb4e6571fea25e26e4bfdd61e,b26c3bdea5a42988c0534d45bd092d0cc28e50535e08dc75b4692ed601799911,POSTHOC_ATTRIBUTION_DESIGN_INPUT,True,True,True,True,True,atan:1/4:scale:-2:epsilon:1e-3,atan:1/4:scale:-2,1e-3,42,0,112,3134419413770011944801433781860496354662283472215198337038469237870272063243226730684860993118194259/35835915874844867368919076489095108449946327955754392558399825615420669938882575126094039892345713852416,548c8cc4871beb9e7868f610feab2cb7ecb33cec5cc5e783b5f1afeb94a4dfd6,42,118,-2*atan(1/4),atan,1/4,-2,"[""PTSC_K0"",""ordinary""]","[""distinct_basis"",""pauli_commuting"",""pauli_noncommuting""]","[""ordinary_rotation""]","[""PTSC_K0_x"",""ordinary_x""]","[{""context"":""pauli_commuting"",""x"":""1/4"",""sigma"":-1,""controlled"":false,""epsilon"":""1e-3"",""arm"":""ordinary"",""roles"":[""ordinary_x""],""expected_occurrences_per_event"":""4617352073210440629805614531511484316018076339596351892349117792559864219386599031924781801670540588576/4757821334383809352355940230100611996364149701320001465558286007095135895574721297029838730323875220663""},{""context"":""pauli_commuting"",""x"":""1/4"",""sigma"":-1,""controlled"":false,""epsilon"":""1e-3"",""arm"":""PTSC_K0"",""roles"":[""PTSC_K0_x""],""expected_occurrences_per_event"":""73877633171367050076889832504183749056289221433541630277585884680957827510185584510796508826728649417216/76304023308726337971660394974799563690921004055545833940394206207001935370630758868292459444439557125973""},{""context"":""pauli_noncommuting"",""x"":""1/4"",""sigma"":-1,""controlled"":false,""epsilon"":""1e-3"",""arm"":""ordinary"",""roles"":[""ordinary_x""],""expected_occurrences_per_event"":""4617352073210440629805614531511484316018076339596351892349117792559864219386599031924781801670540588576/4757821334383809352355940230100611996364149701320001465558286007095135895574721297029838730323875220663""},{""context"":""pauli_noncommuting"",""x"":""1/4"",""sigma"":-1,""controlled"":false,""epsilon"":""1e-3"",""arm"":""PTSC_K0"",""roles"":[""PTSC_K0_x""],""expected_occurrences_per_event"":""73877633171367050076889832504183749056289221433541630277585884680957827510185584510796508826728649417216/76304023308726337971660394974799563690921004055545833940394206207001935370630758868292459444439557125973""},{""context"":""distinct_basis"",""x"":""1/4"",""sigma"":-1,""controlled"":false,""epsilon"":""1e-3"",""arm"":""ordinary"",""roles"":[""ordinary_x""],""expected_occurrences_per_event"":""4617352073210440629805614531511484316018076339596351892349117792559864219386599031924781801670540588576/4757821334383809352355940230100611996364149701320001465558286007095135895574721297029838730323875220663""},{""context"":""distinct_basis"",""x"":""1/4"",""sigma"":-1,""controlled"":false,""epsilon"":""1e-3"",""arm"":""PTSC_K0"",""roles"":[""PTSC_K0_x""],""expected_occurrences_per_event"":""73877633171367050076889832504183749056289221433541630277585884680957827510185584510796508826728649417216/76304023308726337971660394974799563690921004055545833940394206207001935370630758868292459444439557125973""}]"
24bfeb84a4ce87b56985d174dd98d1d5e1702a2b,f726ad70cb2643533f0d037b518cde1b702724adb4e6571fea25e26e4bfdd61e,b26c3bdea5a42988c0534d45bd092d0cc28e50535e08dc75b4692ed601799911,POSTHOC_ATTRIBUTION_DESIGN_INPUT,True,True,True,True,True,atan:1/4:scale:-2:epsilon:1e-4,atan:1/4:scale:-2,1e-4,58,0,142,106971345250486277124387099050874644094042111843502994842489400918936924857557401741842993972335821389/9173994463960286046443283581208347763186259956673124494950355357547691504353939232280074212440502746218496,04f020d68b321e80f2ca586a8d68801a33a542b30a22fc36ece0f9f430a7d5c6,58,147,-2*atan(1/4),atan,1/4,-2,"[""PTSC_K0"",""ordinary""]","[""distinct_basis"",""pauli_commuting"",""pauli_noncommuting""]","[""ordinary_rotation""]","[""PTSC_K0_x"",""ordinary_x""]","[{""context"":""pauli_commuting"",""x"":""1/4"",""sigma"":-1,""controlled"":false,""epsilon"":""1e-4"",""arm"":""ordinary"",""roles"":[""ordinary_x""],""expected_occurrences_per_event"":""4617352073210440629805614531511484316018076339596351892349117792559864219386599031924781801670540588576/4757821334383809352355940230100611996364149701320001465558286007095135895574721297029838730323875220663""},{""context"":""pauli_commuting"",""x"":""1/4"",""sigma"":-1,""controlled"":false,""epsilon"":""1e-4"",""arm"":""PTSC_K0"",""roles"":[""PTSC_K0_x""],""expected_occurrences_per_event"":""73877633171367050076889832504183749056289221433541630277585884680957827510185584510796508826728649417216/76304023308726337971660394974799563690921004055545833940394206207001935370630758868292459444439557125973""},{""context"":""pauli_noncommuting"",""x"":""1/4"",""sigma"":-1,""controlled"":false,""epsilon"":""1e-4"",""arm"":""ordinary"",""roles"":[""ordinary_x""],""expected_occurrences_per_event"":""4617352073210440629805614531511484316018076339596351892349117792559864219386599031924781801670540588576/4757821334383809352355940230100611996364149701320001465558286007095135895574721297029838730323875220663""},{""context"":""pauli_noncommuting"",""x"":""1/4"",""sigma"":-1,""controlled"":false,""epsilon"":""1e-4"",""arm"":""PTSC_K0"",""roles"":[""PTSC_K0_x""],""expected_occurrences_per_event"":""73877633171367050076889832504183749056289221433541630277585884680957827510185584510796508826728649417216/76304023308726337971660394974799563690921004055545833940394206207001935370630758868292459444439557125973""},{""context"":""distinct_basis"",""x"":""1/4"",""sigma"":-1,""controlled"":false,""epsilon"":""1e-4"",""arm"":""ordinary"",""roles"":[""ordinary_x""],""expected_occurrences_per_event"":""4617352073210440629805614531511484316018076339596351892349117792559864219386599031924781801670540588576/4757821334383809352355940230100611996364149701320001465558286007095135895574721297029838730323875220663""},{""context"":""distinct_basis"",""x"":""1/4"",""sigma"":-1,""controlled"":false,""epsilon"":""1e-4"",""arm"":""PTSC_K0"",""roles"":[""PTSC_K0_x""],""expected_occurrences_per_event"":""73877633171367050076889832504183749056289221433541630277585884680957827510185584510796508826728649417216/76304023308726337971660394974799563690921004055545833940394206207001935370630758868292459444439557125973""}]"
24bfeb84a4ce87b56985d174dd98d1d5e1702a2b,f726ad70cb2643533f0d037b518cde1b702724adb4e6571fea25e26e4bfdd61e,b26c3bdea5a42988c0534d45bd092d0cc28e50535e08dc75b4692ed601799911,POSTHOC_ATTRIBUTION_DESIGN_INPUT,True,True,True,True,True,atan:1/4:scale:-2:epsilon:1e-6,atan:1/4:scale:-2,1e-6,84,0,216,126986773051195792729600250666564987938247384075239301311094888001007020581256182618744142341130131717/1174271291386916613944740298394668513687841274454159935353645485766104512557304221731849499192384351515967488,af4053e0a9063f4c4e0492680abb8dde04daeb13578c80721c9ca6913135b23a,84,216,-2*atan(1/4),atan,1/4,-2,"[""PTSC_K0"",""ordinary""]","[""distinct_basis"",""pauli_commuting"",""pauli_noncommuting""]","[""ordinary_rotation""]","[""PTSC_K0_x"",""ordinary_x""]","[{""context"":""pauli_commuting"",""x"":""1/4"",""sigma"":-1,""controlled"":false,""epsilon"":""1e-6"",""arm"":""ordinary"",""roles"":[""ordinary_x""],""expected_occurrences_per_event"":""4617352073210440629805614531511484316018076339596351892349117792559864219386599031924781801670540588576/4757821334383809352355940230100611996364149701320001465558286007095135895574721297029838730323875220663""},{""context"":""pauli_commuting"",""x"":""1/4"",""sigma"":-1,""controlled"":false,""epsilon"":""1e-6"",""arm"":""PTSC_K0"",""roles"":[""PTSC_K0_x""],""expected_occurrences_per_event"":""73877633171367050076889832504183749056289221433541630277585884680957827510185584510796508826728649417216/76304023308726337971660394974799563690921004055545833940394206207001935370630758868292459444439557125973""},{""context"":""pauli_noncommuting"",""x"":""1/4"",""sigma"":-1,""controlled"":false,""epsilon"":""1e-6"",""arm"":""ordinary"",""roles"":[""ordinary_x""],""expected_occurrences_per_event"":""4617352073210440629805614531511484316018076339596351892349117792559864219386599031924781801670540588576/4757821334383809352355940230100611996364149701320001465558286007095135895574721297029838730323875220663""},{""context"":""pauli_noncommuting"",""x"":""1/4"",""sigma"":-1,""controlled"":false,""epsilon"":""1e-6"",""arm"":""PTSC_K0"",""roles"":[""PTSC_K0_x""],""expected_occurrences_per_event"":""73877633171367050076889832504183749056289221433541630277585884680957827510185584510796508826728649417216/76304023308726337971660394974799563690921004055545833940394206207001935370630758868292459444439557125973""},{""context"":""distinct_basis"",""x"":""1/4"",""sigma"":-1,""controlled"":false,""epsilon"":""1e-6"",""arm"":""ordinary"",""roles"":[""ordinary_x""],""expected_occurrences_per_event"":""4617352073210440629805614531511484316018076339596351892349117792559864219386599031924781801670540588576/4757821334383809352355940230100611996364149701320001465558286007095135895574721297029838730323875220663""},{""context"":""distinct_basis"",""x"":""1/4"",""sigma"":-1,""controlled"":false,""epsilon"":""1e-6"",""arm"":""PTSC_K0"",""roles"":[""PTSC_K0_x""],""expected_occurrences_per_event"":""73877633171367050076889832504183749056289221433541630277585884680957827510185584510796508826728649417216/76304023308726337971660394974799563690921004055545833940394206207001935370630758868292459444439557125973""}]"
24bfeb84a4ce87b56985d174dd98d1d5e1702a2b,f726ad70cb2643533f0d037b518cde1b702724adb4e6571fea25e26e4bfdd61e,b26c3bdea5a42988c0534d45bd092d0cc28e50535e08dc75b4692ed601799911,POSTHOC_ATTRIBUTION_DESIGN_INPUT,True,True,True,True,True,atan:1/4:scale:1:epsilon:1e-3,atan:1/4:scale:1,1e-3,42,0,106,6039906603813163708553819365274594724340894029408508251954441075454105262840860455050083921804352649/71671831749689734737838152978190216899892655911508785116799651230841339877765150252188079784691427704832,294ca9cc66df1913d8c6c98e0f07dd5db36497137a060bf4c6520f3b95db95b0,42,110,1*atan(1/4),atan,1/4,1,"[""PTSC_K0"",""ordinary""]","[""distinct_basis"",""pauli_commuting"",""pauli_noncommuting""]","[""controlled_half_angle_pair""]","[""PTSC_K0_x"",""ordinary_x""]","[{""context"":""pauli_commuting"",""x"":""1/4"",""sigma"":-1,""controlled"":true,""epsilon"":""1e-3"",""arm"":""ordinary"",""roles"":[""ordinary_x""],""expected_occurrences_per_event"":""4617352073210440629805614531511484316018076339596351892349117792559864219386599031924781801670540588576/4757821334383809352355940230100611996364149701320001465558286007095135895574721297029838730323875220663""},{""context"":""pauli_commuting"",""x"":""1/4"",""sigma"":-1,""controlled"":true,""epsilon"":""1e-3"",""arm"":""PTSC_K0"",""roles"":[""PTSC_K0_x""],""expected_occurrences_per_event"":""73877633171367050076889832504183749056289221433541630277585884680957827510185584510796508826728649417216/76304023308726337971660394974799563690921004055545833940394206207001935370630758868292459444439557125973""},{""context"":""pauli_commuting"",""x"":""1/4"",""sigma"":1,""controlled"":true,""epsilon"":""1e-3"",""arm"":""ordinary"",""roles"":[""ordinary_x""],""expected_occurrences_per_event"":""4617352073210440629805614531511484316018076339596351892349117792559864219386599031924781801670540588576/4757821334383809352355940230100611996364149701320001465558286007095135895574721297029838730323875220663""},{""context"":""pauli_commuting"",""x"":""1/4"",""sigma"":1,""controlled"":true,""epsilon"":""1e-3"",""arm"":""PTSC_K0"",""roles"":[""PTSC_K0_x""],""expected_occurrences_per_event"":""73877633171367050076889832504183749056289221433541630277585884680957827510185584510796508826728649417216/76304023308726337971660394974799563690921004055545833940394206207001935370630758868292459444439557125973""},{""context"":""pauli_noncommuting"",""x"":""1/4"",""sigma"":-1,""controlled"":true,""epsilon"":""1e-3"",""arm"":""ordinary"",""roles"":[""ordinary_x""],""expected_occurrences_per_event"":""4617352073210440629805614531511484316018076339596351892349117792559864219386599031924781801670540588576/4757821334383809352355940230100611996364149701320001465558286007095135895574721297029838730323875220663""},{""context"":""pauli_noncommuting"",""x"":""1/4"",""sigma"":-1,""controlled"":true,""epsilon"":""1e-3"",""arm"":""PTSC_K0"",""roles"":[""PTSC_K0_x""],""expected_occurrences_per_event"":""73877633171367050076889832504183749056289221433541630277585884680957827510185584510796508826728649417216/76304023308726337971660394974799563690921004055545833940394206207001935370630758868292459444439557125973""},{""context"":""pauli_noncommuting"",""x"":""1/4"",""sigma"":1,""controlled"":true,""epsilon"":""1e-3"",""arm"":""ordinary"",""roles"":[""ordinary_x""],""expected_occurrences_per_event"":""4617352073210440629805614531511484316018076339596351892349117792559864219386599031924781801670540588576/4757821334383809352355940230100611996364149701320001465558286007095135895574721297029838730323875220663""},{""context"":""pauli_noncommuting"",""x"":""1/4"",""sigma"":1,""controlled"":true,""epsilon"":""1e-3"",""arm"":""PTSC_K0"",""roles"":[""PTSC_K0_x""],""expected_occurrences_per_event"":""73877633171367050076889832504183749056289221433541630277585884680957827510185584510796508826728649417216/76304023308726337971660394974799563690921004055545833940394206207001935370630758868292459444439557125973""},{""context"":""distinct_basis"",""x"":""1/4"",""sigma"":-1,""controlled"":true,""epsilon"":""1e-3"",""arm"":""ordinary"",""roles"":[""ordinary_x""],""expected_occurrences_per_event"":""4617352073210440629805614531511484316018076339596351892349117792559864219386599031924781801670540588576/4757821334383809352355940230100611996364149701320001465558286007095135895574721297029838730323875220663""},{""context"":""distinct_basis"",""x"":""1/4"",""sigma"":-1,""controlled"":true,""epsilon"":""1e-3"",""arm"":""PTSC_K0"",""roles"":[""PTSC_K0_x""],""expected_occurrences_per_event"":""73877633171367050076889832504183749056289221433541630277585884680957827510185584510796508826728649417216/76304023308726337971660394974799563690921004055545833940394206207001935370630758868292459444439557125973""},{""context"":""distinct_basis"",""x"":""1/4"",""sigma"":1,""controlled"":true,""epsilon"":""1e-3"",""arm"":""ordinary"",""roles"":[""ordinary_x""],""expected_occurrences_per_event"":""4617352073210440629805614531511484316018076339596351892349117792559864219386599031924781801670540588576/4757821334383809352355940230100611996364149701320001465558286007095135895574721297029838730323875220663""},{""context"":""distinct_basis"",""x"":""1/4"",""sigma"":1,""controlled"":true,""epsilon"":""1e-3"",""arm"":""PTSC_K0"",""roles"":[""PTSC_K0_x""],""expected_occurrences_per_event"":""73877633171367050076889832504183749056289221433541630277585884680957827510185584510796508826728649417216/76304023308726337971660394974799563690921004055545833940394206207001935370630758868292459444439557125973""}]"
24bfeb84a4ce87b56985d174dd98d1d5e1702a2b,f726ad70cb2643533f0d037b518cde1b702724adb4e6571fea25e26e4bfdd61e,b26c3bdea5a42988c0534d45bd092d0cc28e50535e08dc75b4692ed601799911,POSTHOC_ATTRIBUTION_DESIGN_INPUT,True,True,True,True,True,atan:1/4:scale:1:epsilon:1e-4,atan:1/4:scale:1,1e-4,50,0,124,79991807273264467927311258118491688114932311404453528103666445361494644105182226430002538173786819733/4586997231980143023221641790604173881593129978336562247475177678773845752176969616140037106220251373109248,f8714580304b7de9b75662f18cd9b758f5a557733337bbc9977671df8c0d9fe2,50,127,1*atan(1/4),atan,1/4,1,"[""PTSC_K0"",""ordinary""]","[""distinct_basis"",""pauli_commuting"",""pauli_noncommuting""]","[""controlled_half_angle_pair""]","[""PTSC_K0_x"",""ordinary_x""]","[{""context"":""pauli_commuting"",""x"":""1/4"",""sigma"":-1,""controlled"":true,""epsilon"":""1e-4"",""arm"":""ordinary"",""roles"":[""ordinary_x""],""expected_occurrences_per_event"":""4617352073210440629805614531511484316018076339596351892349117792559864219386599031924781801670540588576/4757821334383809352355940230100611996364149701320001465558286007095135895574721297029838730323875220663""},{""context"":""pauli_commuting"",""x"":""1/4"",""sigma"":-1,""controlled"":true,""epsilon"":""1e-4"",""arm"":""PTSC_K0"",""roles"":[""PTSC_K0_x""],""expected_occurrences_per_event"":""73877633171367050076889832504183749056289221433541630277585884680957827510185584510796508826728649417216/76304023308726337971660394974799563690921004055545833940394206207001935370630758868292459444439557125973""},{""context"":""pauli_commuting"",""x"":""1/4"",""sigma"":1,""controlled"":true,""epsilon"":""1e-4"",""arm"":""ordinary"",""roles"":[""ordinary_x""],""expected_occurrences_per_event"":""4617352073210440629805614531511484316018076339596351892349117792559864219386599031924781801670540588576/4757821334383809352355940230100611996364149701320001465558286007095135895574721297029838730323875220663""},{""context"":""pauli_commuting"",""x"":""1/4"",""sigma"":1,""controlled"":true,""epsilon"":""1e-4"",""arm"":""PTSC_K0"",""roles"":[""PTSC_K0_x""],""expected_occurrences_per_event"":""73877633171367050076889832504183749056289221433541630277585884680957827510185584510796508826728649417216/76304023308726337971660394974799563690921004055545833940394206207001935370630758868292459444439557125973""},{""context"":""pauli_noncommuting"",""x"":""1/4"",""sigma"":-1,""controlled"":true,""epsilon"":""1e-4"",""arm"":""ordinary"",""roles"":[""ordinary_x""],""expected_occurrences_per_event"":""4617352073210440629805614531511484316018076339596351892349117792559864219386599031924781801670540588576/4757821334383809352355940230100611996364149701320001465558286007095135895574721297029838730323875220663""},{""context"":""pauli_noncommuting"",""x"":""1/4"",""sigma"":-1,""controlled"":true,""epsilon"":""1e-4"",""arm"":""PTSC_K0"",""roles"":[""PTSC_K0_x""],""expected_occurrences_per_event"":""73877633171367050076889832504183749056289221433541630277585884680957827510185584510796508826728649417216/76304023308726337971660394974799563690921004055545833940394206207001935370630758868292459444439557125973""},{""context"":""pauli_noncommuting"",""x"":""1/4"",""sigma"":1,""controlled"":true,""epsilon"":""1e-4"",""arm"":""ordinary"",""roles"":[""ordinary_x""],""expected_occurrences_per_event"":""4617352073210440629805614531511484316018076339596351892349117792559864219386599031924781801670540588576/4757821334383809352355940230100611996364149701320001465558286007095135895574721297029838730323875220663""},{""context"":""pauli_noncommuting"",""x"":""1/4"",""sigma"":1,""controlled"":true,""epsilon"":""1e-4"",""arm"":""PTSC_K0"",""roles"":[""PTSC_K0_x""],""expected_occurrences_per_event"":""73877633171367050076889832504183749056289221433541630277585884680957827510185584510796508826728649417216/76304023308726337971660394974799563690921004055545833940394206207001935370630758868292459444439557125973""},{""context"":""distinct_basis"",""x"":""1/4"",""sigma"":-1,""controlled"":true,""epsilon"":""1e-4"",""arm"":""ordinary"",""roles"":[""ordinary_x""],""expected_occurrences_per_event"":""4617352073210440629805614531511484316018076339596351892349117792559864219386599031924781801670540588576/4757821334383809352355940230100611996364149701320001465558286007095135895574721297029838730323875220663""},{""context"":""distinct_basis"",""x"":""1/4"",""sigma"":-1,""controlled"":true,""epsilon"":""1e-4"",""arm"":""PTSC_K0"",""roles"":[""PTSC_K0_x""],""expected_occurrences_per_event"":""73877633171367050076889832504183749056289221433541630277585884680957827510185584510796508826728649417216/76304023308726337971660394974799563690921004055545833940394206207001935370630758868292459444439557125973""},{""context"":""distinct_basis"",""x"":""1/4"",""sigma"":1,""controlled"":true,""epsilon"":""1e-4"",""arm"":""ordinary"",""roles"":[""ordinary_x""],""expected_occurrences_per_event"":""4617352073210440629805614531511484316018076339596351892349117792559864219386599031924781801670540588576/4757821334383809352355940230100611996364149701320001465558286007095135895574721297029838730323875220663""},{""context"":""distinct_basis"",""x"":""1/4"",""sigma"":1,""controlled"":true,""epsilon"":""1e-4"",""arm"":""PTSC_K0"",""roles"":[""PTSC_K0_x""],""expected_occurrences_per_event"":""73877633171367050076889832504183749056289221433541630277585884680957827510185584510796508826728649417216/76304023308726337971660394974799563690921004055545833940394206207001935370630758868292459444439557125973""}]"
24bfeb84a4ce87b56985d174dd98d1d5e1702a2b,f726ad70cb2643533f0d037b518cde1b702724adb4e6571fea25e26e4bfdd61e,b26c3bdea5a42988c0534d45bd092d0cc28e50535e08dc75b4692ed601799911,POSTHOC_ATTRIBUTION_DESIGN_INPUT,True,True,True,True,True,atan:1/4:scale:1:epsilon:1e-6,atan:1/4:scale:1,1e-6,70,0,172,49086397901567590611492967812440659267870837580931298398131408630078032267443083650331398980434117633/293567822846729153486185074598667128421960318613539983838411371441526128139326055432962374798096087878991872,a77576b2a86d4758bbe88a6cfd0b2d3f639884f13942f6c6164484282c74e8d7,70,179,1*atan(1/4),atan,1/4,1,"[""PTSC_K0"",""ordinary""]","[""distinct_basis"",""pauli_commuting"",""pauli_noncommuting""]","[""controlled_half_angle_pair""]","[""PTSC_K0_x"",""ordinary_x""]","[{""context"":""pauli_commuting"",""x"":""1/4"",""sigma"":-1,""controlled"":true,""epsilon"":""1e-6"",""arm"":""ordinary"",""roles"":[""ordinary_x""],""expected_occurrences_per_event"":""4617352073210440629805614531511484316018076339596351892349117792559864219386599031924781801670540588576/4757821334383809352355940230100611996364149701320001465558286007095135895574721297029838730323875220663""},{""context"":""pauli_commuting"",""x"":""1/4"",""sigma"":-1,""controlled"":true,""epsilon"":""1e-6"",""arm"":""PTSC_K0"",""roles"":[""PTSC_K0_x""],""expected_occurrences_per_event"":""73877633171367050076889832504183749056289221433541630277585884680957827510185584510796508826728649417216/76304023308726337971660394974799563690921004055545833940394206207001935370630758868292459444439557125973""},{""context"":""pauli_commuting"",""x"":""1/4"",""sigma"":1,""controlled"":true,""epsilon"":""1e-6"",""arm"":""ordinary"",""roles"":[""ordinary_x""],""expected_occurrences_per_event"":""4617352073210440629805614531511484316018076339596351892349117792559864219386599031924781801670540588576/4757821334383809352355940230100611996364149701320001465558286007095135895574721297029838730323875220663""},{""context"":""pauli_commuting"",""x"":""1/4"",""sigma"":1,""controlled"":true,""epsilon"":""1e-6"",""arm"":""PTSC_K0"",""roles"":[""PTSC_K0_x""],""expected_occurrences_per_event"":""73877633171367050076889832504183749056289221433541630277585884680957827510185584510796508826728649417216/76304023308726337971660394974799563690921004055545833940394206207001935370630758868292459444439557125973""},{""context"":""pauli_noncommuting"",""x"":""1/4"",""sigma"":-1,""controlled"":true,""epsilon"":""1e-6"",""arm"":""ordinary"",""roles"":[""ordinary_x""],""expected_occurrences_per_event"":""4617352073210440629805614531511484316018076339596351892349117792559864219386599031924781801670540588576/4757821334383809352355940230100611996364149701320001465558286007095135895574721297029838730323875220663""},{""context"":""pauli_noncommuting"",""x"":""1/4"",""sigma"":-1,""controlled"":true,""epsilon"":""1e-6"",""arm"":""PTSC_K0"",""roles"":[""PTSC_K0_x""],""expected_occurrences_per_event"":""73877633171367050076889832504183749056289221433541630277585884680957827510185584510796508826728649417216/76304023308726337971660394974799563690921004055545833940394206207001935370630758868292459444439557125973""},{""context"":""pauli_noncommuting"",""x"":""1/4"",""sigma"":1,""controlled"":true,""epsilon"":""1e-6"",""arm"":""ordinary"",""roles"":[""ordinary_x""],""expected_occurrences_per_event"":""4617352073210440629805614531511484316018076339596351892349117792559864219386599031924781801670540588576/4757821334383809352355940230100611996364149701320001465558286007095135895574721297029838730323875220663""},{""context"":""pauli_noncommuting"",""x"":""1/4"",""sigma"":1,""controlled"":true,""epsilon"":""1e-6"",""arm"":""PTSC_K0"",""roles"":[""PTSC_K0_x""],""expected_occurrences_per_event"":""73877633171367050076889832504183749056289221433541630277585884680957827510185584510796508826728649417216/76304023308726337971660394974799563690921004055545833940394206207001935370630758868292459444439557125973""},{""context"":""distinct_basis"",""x"":""1/4"",""sigma"":-1,""controlled"":true,""epsilon"":""1e-6"",""arm"":""ordinary"",""roles"":[""ordinary_x""],""expected_occurrences_per_event"":""4617352073210440629805614531511484316018076339596351892349117792559864219386599031924781801670540588576/4757821334383809352355940230100611996364149701320001465558286007095135895574721297029838730323875220663""},{""context"":""distinct_basis"",""x"":""1/4"",""sigma"":-1,""controlled"":true,""epsilon"":""1e-6"",""arm"":""PTSC_K0"",""roles"":[""PTSC_K0_x""],""expected_occurrences_per_event"":""73877633171367050076889832504183749056289221433541630277585884680957827510185584510796508826728649417216/76304023308726337971660394974799563690921004055545833940394206207001935370630758868292459444439557125973""},{""context"":""distinct_basis"",""x"":""1/4"",""sigma"":1,""controlled"":true,""epsilon"":""1e-6"",""arm"":""ordinary"",""roles"":[""ordinary_x""],""expected_occurrences_per_event"":""4617352073210440629805614531511484316018076339596351892349117792559864219386599031924781801670540588576/4757821334383809352355940230100611996364149701320001465558286007095135895574721297029838730323875220663""},{""context"":""distinct_basis"",""x"":""1/4"",""sigma"":1,""controlled"":true,""epsilon"":""1e-6"",""arm"":""PTSC_K0"",""roles"":[""PTSC_K0_x""],""expected_occurrences_per_event"":""73877633171367050076889832504183749056289221433541630277585884680957827510185584510796508826728649417216/76304023308726337971660394974799563690921004055545833940394206207001935370630758868292459444439557125973""}]"
24bfeb84a4ce87b56985d174dd98d1d5e1702a2b,f726ad70cb2643533f0d037b518cde1b702724adb4e6571fea25e26e4bfdd61e,b26c3bdea5a42988c0534d45bd092d0cc28e50535e08dc75b4692ed601799911,POSTHOC_ATTRIBUTION_DESIGN_INPUT,True,True,True,True,True,atan:1/4:scale:2:epsilon:1e-3,atan:1/4:scale:2,1e-3,42,0,109,50150710620320191116822940509767941674596535555443173392615507805924353011891627690957030717426137413/573374653997517877902705223825521735199141247292070280934397209846730719022121202017504638277531421638656,e134751429455b6cbf8f9338485c16a196421492f013b6e326d476d6c4d37644,42,113,2*atan(1/4),atan,1/4,2,"[""PTSC_K0"",""ordinary""]","[""distinct_basis"",""pauli_commuting"",""pauli_noncommuting""]","[""ordinary_rotation""]","[""PTSC_K0_x"",""ordinary_x""]","[{""context"":""pauli_commuting"",""x"":""1/4"",""sigma"":1,""controlled"":false,""epsilon"":""1e-3"",""arm"":""ordinary"",""roles"":[""ordinary_x""],""expected_occurrences_per_event"":""4617352073210440629805614531511484316018076339596351892349117792559864219386599031924781801670540588576/4757821334383809352355940230100611996364149701320001465558286007095135895574721297029838730323875220663""},{""context"":""pauli_commuting"",""x"":""1/4"",""sigma"":1,""controlled"":false,""epsilon"":""1e-3"",""arm"":""PTSC_K0"",""roles"":[""PTSC_K0_x""],""expected_occurrences_per_event"":""73877633171367050076889832504183749056289221433541630277585884680957827510185584510796508826728649417216/76304023308726337971660394974799563690921004055545833940394206207001935370630758868292459444439557125973""},{""context"":""pauli_noncommuting"",""x"":""1/4"",""sigma"":1,""controlled"":false,""epsilon"":""1e-3"",""arm"":""ordinary"",""roles"":[""ordinary_x""],""expected_occurrences_per_event"":""4617352073210440629805614531511484316018076339596351892349117792559864219386599031924781801670540588576/4757821334383809352355940230100611996364149701320001465558286007095135895574721297029838730323875220663""},{""context"":""pauli_noncommuting"",""x"":""1/4"",""sigma"":1,""controlled"":false,""epsilon"":""1e-3"",""arm"":""PTSC_K0"",""roles"":[""PTSC_K0_x""],""expected_occurrences_per_event"":""73877633171367050076889832504183749056289221433541630277585884680957827510185584510796508826728649417216/76304023308726337971660394974799563690921004055545833940394206207001935370630758868292459444439557125973""},{""context"":""distinct_basis"",""x"":""1/4"",""sigma"":1,""controlled"":false,""epsilon"":""1e-3"",""arm"":""ordinary"",""roles"":[""ordinary_x""],""expected_occurrences_per_event"":""4617352073210440629805614531511484316018076339596351892349117792559864219386599031924781801670540588576/4757821334383809352355940230100611996364149701320001465558286007095135895574721297029838730323875220663""},{""context"":""distinct_basis"",""x"":""1/4"",""sigma"":1,""controlled"":false,""epsilon"":""1e-3"",""arm"":""PTSC_K0"",""roles"":[""PTSC_K0_x""],""expected_occurrences_per_event"":""73877633171367050076889832504183749056289221433541630277585884680957827510185584510796508826728649417216/76304023308726337971660394974799563690921004055545833940394206207001935370630758868292459444439557125973""}]"
24bfeb84a4ce87b56985d174dd98d1d5e1702a2b,f726ad70cb2643533f0d037b518cde1b702724adb4e6571fea25e26e4bfdd61e,b26c3bdea5a42988c0534d45bd092d0cc28e50535e08dc75b4692ed601799911,POSTHOC_ATTRIBUTION_DESIGN_INPUT,True,True,True,True,True,atan:1/4:scale:2:epsilon:1e-4,atan:1/4:scale:2,1e-4,58,0,155,53485672625243138562193549525437322047021055921751497421244700459468462428778700858493318625029455617/4586997231980143023221641790604173881593129978336562247475177678773845752176969616140037106220251373109248,bc9e110a524dbc1ab6081388b2c8703900b8ee961c9c1296ceb5c5034a334284,58,158,2*atan(1/4),atan,1/4,2,"[""PTSC_K0"",""ordinary""]","[""distinct_basis"",""pauli_commuting"",""pauli_noncommuting""]","[""ordinary_rotation""]","[""PTSC_K0_x"",""ordinary_x""]","[{""context"":""pauli_commuting"",""x"":""1/4"",""sigma"":1,""controlled"":false,""epsilon"":""1e-4"",""arm"":""ordinary"",""roles"":[""ordinary_x""],""expected_occurrences_per_event"":""4617352073210440629805614531511484316018076339596351892349117792559864219386599031924781801670540588576/4757821334383809352355940230100611996364149701320001465558286007095135895574721297029838730323875220663""},{""context"":""pauli_commuting"",""x"":""1/4"",""sigma"":1,""controlled"":false,""epsilon"":""1e-4"",""arm"":""PTSC_K0"",""roles"":[""PTSC_K0_x""],""expected_occurrences_per_event"":""73877633171367050076889832504183749056289221433541630277585884680957827510185584510796508826728649417216/76304023308726337971660394974799563690921004055545833940394206207001935370630758868292459444439557125973""},{""context"":""pauli_noncommuting"",""x"":""1/4"",""sigma"":1,""controlled"":false,""epsilon"":""1e-4"",""arm"":""ordinary"",""roles"":[""ordinary_x""],""expected_occurrences_per_event"":""4617352073210440629805614531511484316018076339596351892349117792559864219386599031924781801670540588576/4757821334383809352355940230100611996364149701320001465558286007095135895574721297029838730323875220663""},{""context"":""pauli_noncommuting"",""x"":""1/4"",""sigma"":1,""controlled"":false,""epsilon"":""1e-4"",""arm"":""PTSC_K0"",""roles"":[""PTSC_K0_x""],""expected_occurrences_per_event"":""73877633171367050076889832504183749056289221433541630277585884680957827510185584510796508826728649417216/76304023308726337971660394974799563690921004055545833940394206207001935370630758868292459444439557125973""},{""context"":""distinct_basis"",""x"":""1/4"",""sigma"":1,""controlled"":false,""epsilon"":""1e-4"",""arm"":""ordinary"",""roles"":[""ordinary_x""],""expected_occurrences_per_event"":""4617352073210440629805614531511484316018076339596351892349117792559864219386599031924781801670540588576/4757821334383809352355940230100611996364149701320001465558286007095135895574721297029838730323875220663""},{""context"":""distinct_basis"",""x"":""1/4"",""sigma"":1,""controlled"":false,""epsilon"":""1e-4"",""arm"":""PTSC_K0"",""roles"":[""PTSC_K0_x""],""expected_occurrences_per_event"":""73877633171367050076889832504183749056289221433541630277585884680957827510185584510796508826728649417216/76304023308726337971660394974799563690921004055545833940394206207001935370630758868292459444439557125973""}]"
24bfeb84a4ce87b56985d174dd98d1d5e1702a2b,f726ad70cb2643533f0d037b518cde1b702724adb4e6571fea25e26e4bfdd61e,b26c3bdea5a42988c0534d45bd092d0cc28e50535e08dc75b4692ed601799911,POSTHOC_ATTRIBUTION_DESIGN_INPUT,True,True,True,True,True,atan:1/4:scale:2:epsilon:1e-6,atan:1/4:scale:2,1e-6,84,0,215,126986773051195792729600250666564987938247384075239301311094888001007020593355543252082077987000038469/1174271291386916613944740298394668513687841274454159935353645485766104512557304221731849499192384351515967488,b0793804eaaf31088825322474b028cd9e848a0bbff297fb96c87422b4b5898a,84,221,2*atan(1/4),atan,1/4,2,"[""PTSC_K0"",""ordinary""]","[""distinct_basis"",""pauli_commuting"",""pauli_noncommuting""]","[""ordinary_rotation""]","[""PTSC_K0_x"",""ordinary_x""]","[{""context"":""pauli_commuting"",""x"":""1/4"",""sigma"":1,""controlled"":false,""epsilon"":""1e-6"",""arm"":""ordinary"",""roles"":[""ordinary_x""],""expected_occurrences_per_event"":""4617352073210440629805614531511484316018076339596351892349117792559864219386599031924781801670540588576/4757821334383809352355940230100611996364149701320001465558286007095135895574721297029838730323875220663""},{""context"":""pauli_commuting"",""x"":""1/4"",""sigma"":1,""controlled"":false,""epsilon"":""1e-6"",""arm"":""PTSC_K0"",""roles"":[""PTSC_K0_x""],""expected_occurrences_per_event"":""73877633171367050076889832504183749056289221433541630277585884680957827510185584510796508826728649417216/76304023308726337971660394974799563690921004055545833940394206207001935370630758868292459444439557125973""},{""context"":""pauli_noncommuting"",""x"":""1/4"",""sigma"":1,""controlled"":false,""epsilon"":""1e-6"",""arm"":""ordinary"",""roles"":[""ordinary_x""],""expected_occurrences_per_event"":""4617352073210440629805614531511484316018076339596351892349117792559864219386599031924781801670540588576/4757821334383809352355940230100611996364149701320001465558286007095135895574721297029838730323875220663""},{""context"":""pauli_noncommuting"",""x"":""1/4"",""sigma"":1,""controlled"":false,""epsilon"":""1e-6"",""arm"":""PTSC_K0"",""roles"":[""PTSC_K0_x""],""expected_occurrences_per_event"":""73877633171367050076889832504183749056289221433541630277585884680957827510185584510796508826728649417216/76304023308726337971660394974799563690921004055545833940394206207001935370630758868292459444439557125973""},{""context"":""distinct_basis"",""x"":""1/4"",""sigma"":1,""controlled"":false,""epsilon"":""1e-6"",""arm"":""ordinary"",""roles"":[""ordinary_x""],""expected_occurrences_per_event"":""4617352073210440629805614531511484316018076339596351892349117792559864219386599031924781801670540588576/4757821334383809352355940230100611996364149701320001465558286007095135895574721297029838730323875220663""},{""context"":""distinct_basis"",""x"":""1/4"",""sigma"":1,""controlled"":false,""epsilon"":""1e-6"",""arm"":""PTSC_K0"",""roles"":[""PTSC_K0_x""],""expected_occurrences_per_event"":""73877633171367050076889832504183749056289221433541630277585884680957827510185584510796508826728649417216/76304023308726337971660394974799563690921004055545833940394206207001935370630758868292459444439557125973""}]"
24bfeb84a4ce87b56985d174dd98d1d5e1702a2b,f726ad70cb2643533f0d037b518cde1b702724adb4e6571fea25e26e4bfdd61e,b26c3bdea5a42988c0534d45bd092d0cc28e50535e08dc75b4692ed601799911,POSTHOC_ATTRIBUTION_DESIGN_INPUT,True,True,True,True,True,atan:1/8:scale:-1:epsilon:1e-3,atan:1/8:scale:-1,1e-3,36,0,94,90396181688408149239460834693970475045872604854546273581721771766898123013869661086541235777742340599/573374653997517877902705223825521735199141247292070280934397209846730719022121202017504638277531421638656,e0be94500fc94f36e31c978a5607271e5df5dd8677dd67bb6d9ea5e52989b536,36,98,-1*atan(1/8),atan,1/8,-1,"[""PTSC_K0"",""ordinary""]","[""distinct_basis"",""pauli_commuting"",""pauli_noncommuting""]","[""controlled_half_angle_pair""]","[""PTSC_K0_x"",""ordinary_x""]","[{""context"":""pauli_commuting"",""x"":""1/8"",""sigma"":-1,""controlled"":true,""epsilon"":""1e-3"",""arm"":""ordinary"",""roles"":[""ordinary_x""],""expected_occurrences_per_event"":""62699303478590067376253109894956530118715385833382839664458936535060305151996047033183014862625554012/63185780935605965758579739426144179531457492580716559691976347318966280956771693146666493376196710311""},{""context"":""pauli_commuting"",""x"":""1/8"",""sigma"":-1,""controlled"":true,""epsilon"":""1e-3"",""arm"":""PTSC_K0"",""roles"":[""PTSC_K0_x""],""expected_occurrences_per_event"":""192612260286228686979849553597306460524693665280152083449217853035705257426931856485938221657985701924864/194167638579407717681625555181034546828944807986565034515120623244707890670806968253563831028313206866375""},{""context"":""pauli_commuting"",""x"":""1/8"",""sigma"":1,""controlled"":true,""epsilon"":""1e-3"",""arm"":""ordinary"",""roles"":[""ordinary_x""],""expected_occurrences_per_event"":""62699303478590067376253109894956530118715385833382839664458936535060305151996047033183014862625554012/63185780935605965758579739426144179531457492580716559691976347318966280956771693146666493376196710311""},{""context"":""pauli_commuting"",""x"":""1/8"",""sigma"":1,""controlled"":true,""epsilon"":""1e-3"",""arm"":""PTSC_K0"",""roles"":[""PTSC_K0_x""],""expected_occurrences_per_event"":""192612260286228686979849553597306460524693665280152083449217853035705257426931856485938221657985701924864/194167638579407717681625555181034546828944807986565034515120623244707890670806968253563831028313206866375""},{""context"":""pauli_noncommuting"",""x"":""1/8"",""sigma"":-1,""controlled"":true,""epsilon"":""1e-3"",""arm"":""ordinary"",""roles"":[""ordinary_x""],""expected_occurrences_per_event"":""62699303478590067376253109894956530118715385833382839664458936535060305151996047033183014862625554012/63185780935605965758579739426144179531457492580716559691976347318966280956771693146666493376196710311""},{""context"":""pauli_noncommuting"",""x"":""1/8"",""sigma"":-1,""controlled"":true,""epsilon"":""1e-3"",""arm"":""PTSC_K0"",""roles"":[""PTSC_K0_x""],""expected_occurrences_per_event"":""192612260286228686979849553597306460524693665280152083449217853035705257426931856485938221657985701924864/194167638579407717681625555181034546828944807986565034515120623244707890670806968253563831028313206866375""},{""context"":""pauli_noncommuting"",""x"":""1/8"",""sigma"":1,""controlled"":true,""epsilon"":""1e-3"",""arm"":""ordinary"",""roles"":[""ordinary_x""],""expected_occurrences_per_event"":""62699303478590067376253109894956530118715385833382839664458936535060305151996047033183014862625554012/63185780935605965758579739426144179531457492580716559691976347318966280956771693146666493376196710311""},{""context"":""pauli_noncommuting"",""x"":""1/8"",""sigma"":1,""controlled"":true,""epsilon"":""1e-3"",""arm"":""PTSC_K0"",""roles"":[""PTSC_K0_x""],""expected_occurrences_per_event"":""192612260286228686979849553597306460524693665280152083449217853035705257426931856485938221657985701924864/194167638579407717681625555181034546828944807986565034515120623244707890670806968253563831028313206866375""},{""context"":""distinct_basis"",""x"":""1/8"",""sigma"":-1,""controlled"":true,""epsilon"":""1e-3"",""arm"":""ordinary"",""roles"":[""ordinary_x""],""expected_occurrences_per_event"":""62699303478590067376253109894956530118715385833382839664458936535060305151996047033183014862625554012/63185780935605965758579739426144179531457492580716559691976347318966280956771693146666493376196710311""},{""context"":""distinct_basis"",""x"":""1/8"",""sigma"":-1,""controlled"":true,""epsilon"":""1e-3"",""arm"":""PTSC_K0"",""roles"":[""PTSC_K0_x""],""expected_occurrences_per_event"":""192612260286228686979849553597306460524693665280152083449217853035705257426931856485938221657985701924864/194167638579407717681625555181034546828944807986565034515120623244707890670806968253563831028313206866375""},{""context"":""distinct_basis"",""x"":""1/8"",""sigma"":1,""controlled"":true,""epsilon"":""1e-3"",""arm"":""ordinary"",""roles"":[""ordinary_x""],""expected_occurrences_per_event"":""62699303478590067376253109894956530118715385833382839664458936535060305151996047033183014862625554012/63185780935605965758579739426144179531457492580716559691976347318966280956771693146666493376196710311""},{""context"":""distinct_basis"",""x"":""1/8"",""sigma"":1,""controlled"":true,""epsilon"":""1e-3"",""arm"":""PTSC_K0"",""roles"":[""PTSC_K0_x""],""expected_occurrences_per_event"":""192612260286228686979849553597306460524693665280152083449217853035705257426931856485938221657985701924864/194167638579407717681625555181034546828944807986565034515120623244707890670806968253563831028313206866375""}]"
24bfeb84a4ce87b56985d174dd98d1d5e1702a2b,f726ad70cb2643533f0d037b518cde1b702724adb4e6571fea25e26e4bfdd61e,b26c3bdea5a42988c0534d45bd092d0cc28e50535e08dc75b4692ed601799911,POSTHOC_ATTRIBUTION_DESIGN_INPUT,True,True,True,True,True,atan:1/8:scale:-1:epsilon:1e-4,atan:1/8:scale:-1,1e-4,52,0,140,70839010909242299199184253362628247595227346993525235130892243336737624096620550500442070901188935245/4586997231980143023221641790604173881593129978336562247475177678773845752176969616140037106220251373109248,2f537ebdd699fb936df4815fc180ecec8b7c3253941d8d8f4af96c14ce9073ab,52,141,-1*atan(1/8),atan,1/8,-1,"[""PTSC_K0"",""ordinary""]","[""distinct_basis"",""pauli_commuting"",""pauli_noncommuting""]","[""controlled_half_angle_pair""]","[""PTSC_K0_x"",""ordinary_x""]","[{""context"":""pauli_commuting"",""x"":""1/8"",""sigma"":-1,""controlled"":true,""epsilon"":""1e-4"",""arm"":""ordinary"",""roles"":[""ordinary_x""],""expected_occurrences_per_event"":""62699303478590067376253109894956530118715385833382839664458936535060305151996047033183014862625554012/63185780935605965758579739426144179531457492580716559691976347318966280956771693146666493376196710311""},{""context"":""pauli_commuting"",""x"":""1/8"",""sigma"":-1,""controlled"":true,""epsilon"":""1e-4"",""arm"":""PTSC_K0"",""roles"":[""PTSC_K0_x""],""expected_occurrences_per_event"":""192612260286228686979849553597306460524693665280152083449217853035705257426931856485938221657985701924864/194167638579407717681625555181034546828944807986565034515120623244707890670806968253563831028313206866375""},{""context"":""pauli_commuting"",""x"":""1/8"",""sigma"":1,""controlled"":true,""epsilon"":""1e-4"",""arm"":""ordinary"",""roles"":[""ordinary_x""],""expected_occurrences_per_event"":""62699303478590067376253109894956530118715385833382839664458936535060305151996047033183014862625554012/63185780935605965758579739426144179531457492580716559691976347318966280956771693146666493376196710311""},{""context"":""pauli_commuting"",""x"":""1/8"",""sigma"":1,""controlled"":true,""epsilon"":""1e-4"",""arm"":""PTSC_K0"",""roles"":[""PTSC_K0_x""],""expected_occurrences_per_event"":""192612260286228686979849553597306460524693665280152083449217853035705257426931856485938221657985701924864/194167638579407717681625555181034546828944807986565034515120623244707890670806968253563831028313206866375""},{""context"":""pauli_noncommuting"",""x"":""1/8"",""sigma"":-1,""controlled"":true,""epsilon"":""1e-4"",""arm"":""ordinary"",""roles"":[""ordinary_x""],""expected_occurrences_per_event"":""62699303478590067376253109894956530118715385833382839664458936535060305151996047033183014862625554012/63185780935605965758579739426144179531457492580716559691976347318966280956771693146666493376196710311""},{""context"":""pauli_noncommuting"",""x"":""1/8"",""sigma"":-1,""controlled"":true,""epsilon"":""1e-4"",""arm"":""PTSC_K0"",""roles"":[""PTSC_K0_x""],""expected_occurrences_per_event"":""192612260286228686979849553597306460524693665280152083449217853035705257426931856485938221657985701924864/194167638579407717681625555181034546828944807986565034515120623244707890670806968253563831028313206866375""},{""context"":""pauli_noncommuting"",""x"":""1/8"",""sigma"":1,""controlled"":true,""epsilon"":""1e-4"",""arm"":""ordinary"",""roles"":[""ordinary_x""],""expected_occurrences_per_event"":""62699303478590067376253109894956530118715385833382839664458936535060305151996047033183014862625554012/63185780935605965758579739426144179531457492580716559691976347318966280956771693146666493376196710311""},{""context"":""pauli_noncommuting"",""x"":""1/8"",""sigma"":1,""controlled"":true,""epsilon"":""1e-4"",""arm"":""PTSC_K0"",""roles"":[""PTSC_K0_x""],""expected_occurrences_per_event"":""192612260286228686979849553597306460524693665280152083449217853035705257426931856485938221657985701924864/194167638579407717681625555181034546828944807986565034515120623244707890670806968253563831028313206866375""},{""context"":""distinct_basis"",""x"":""1/8"",""sigma"":-1,""controlled"":true,""epsilon"":""1e-4"",""arm"":""ordinary"",""roles"":[""ordinary_x""],""expected_occurrences_per_event"":""62699303478590067376253109894956530118715385833382839664458936535060305151996047033183014862625554012/63185780935605965758579739426144179531457492580716559691976347318966280956771693146666493376196710311""},{""context"":""distinct_basis"",""x"":""1/8"",""sigma"":-1,""controlled"":true,""epsilon"":""1e-4"",""arm"":""PTSC_K0"",""roles"":[""PTSC_K0_x""],""expected_occurrences_per_event"":""192612260286228686979849553597306460524693665280152083449217853035705257426931856485938221657985701924864/194167638579407717681625555181034546828944807986565034515120623244707890670806968253563831028313206866375""},{""context"":""distinct_basis"",""x"":""1/8"",""sigma"":1,""controlled"":true,""epsilon"":""1e-4"",""arm"":""ordinary"",""roles"":[""ordinary_x""],""expected_occurrences_per_event"":""62699303478590067376253109894956530118715385833382839664458936535060305151996047033183014862625554012/63185780935605965758579739426144179531457492580716559691976347318966280956771693146666493376196710311""},{""context"":""distinct_basis"",""x"":""1/8"",""sigma"":1,""controlled"":true,""epsilon"":""1e-4"",""arm"":""PTSC_K0"",""roles"":[""PTSC_K0_x""],""expected_occurrences_per_event"":""192612260286228686979849553597306460524693665280152083449217853035705257426931856485938221657985701924864/194167638579407717681625555181034546828944807986565034515120623244707890670806968253563831028313206866375""}]"
24bfeb84a4ce87b56985d174dd98d1d5e1702a2b,f726ad70cb2643533f0d037b518cde1b702724adb4e6571fea25e26e4bfdd61e,b26c3bdea5a42988c0534d45bd092d0cc28e50535e08dc75b4692ed601799911,POSTHOC_ATTRIBUTION_DESIGN_INPUT,True,True,True,True,True,atan:1/8:scale:-1:epsilon:1e-6,atan:1/8:scale:-1,1e-6,68,0,175,80211968372454377740788322047420142880129395466821714571017245626598576636646316737037313451560917033/1174271291386916613944740298394668513687841274454159935353645485766104512557304221731849499192384351515967488,5cda65edab8763ec6e74bb6b1c5694df9a858d34fe74349f46a30ae7d15b943f,68,176,-1*atan(1/8),atan,1/8,-1,"[""PTSC_K0"",""ordinary""]","[""distinct_basis"",""pauli_commuting"",""pauli_noncommuting""]","[""controlled_half_angle_pair""]","[""PTSC_K0_x"",""ordinary_x""]","[{""context"":""pauli_commuting"",""x"":""1/8"",""sigma"":-1,""controlled"":true,""epsilon"":""1e-6"",""arm"":""ordinary"",""roles"":[""ordinary_x""],""expected_occurrences_per_event"":""62699303478590067376253109894956530118715385833382839664458936535060305151996047033183014862625554012/63185780935605965758579739426144179531457492580716559691976347318966280956771693146666493376196710311""},{""context"":""pauli_commuting"",""x"":""1/8"",""sigma"":-1,""controlled"":true,""epsilon"":""1e-6"",""arm"":""PTSC_K0"",""roles"":[""PTSC_K0_x""],""expected_occurrences_per_event"":""192612260286228686979849553597306460524693665280152083449217853035705257426931856485938221657985701924864/194167638579407717681625555181034546828944807986565034515120623244707890670806968253563831028313206866375""},{""context"":""pauli_commuting"",""x"":""1/8"",""sigma"":1,""controlled"":true,""epsilon"":""1e-6"",""arm"":""ordinary"",""roles"":[""ordinary_x""],""expected_occurrences_per_event"":""62699303478590067376253109894956530118715385833382839664458936535060305151996047033183014862625554012/63185780935605965758579739426144179531457492580716559691976347318966280956771693146666493376196710311""},{""context"":""pauli_commuting"",""x"":""1/8"",""sigma"":1,""controlled"":true,""epsilon"":""1e-6"",""arm"":""PTSC_K0"",""roles"":[""PTSC_K0_x""],""expected_occurrences_per_event"":""192612260286228686979849553597306460524693665280152083449217853035705257426931856485938221657985701924864/194167638579407717681625555181034546828944807986565034515120623244707890670806968253563831028313206866375""},{""context"":""pauli_noncommuting"",""x"":""1/8"",""sigma"":-1,""controlled"":true,""epsilon"":""1e-6"",""arm"":""ordinary"",""roles"":[""ordinary_x""],""expected_occurrences_per_event"":""62699303478590067376253109894956530118715385833382839664458936535060305151996047033183014862625554012/63185780935605965758579739426144179531457492580716559691976347318966280956771693146666493376196710311""},{""context"":""pauli_noncommuting"",""x"":""1/8"",""sigma"":-1,""controlled"":true,""epsilon"":""1e-6"",""arm"":""PTSC_K0"",""roles"":[""PTSC_K0_x""],""expected_occurrences_per_event"":""192612260286228686979849553597306460524693665280152083449217853035705257426931856485938221657985701924864/194167638579407717681625555181034546828944807986565034515120623244707890670806968253563831028313206866375""},{""context"":""pauli_noncommuting"",""x"":""1/8"",""sigma"":1,""controlled"":true,""epsilon"":""1e-6"",""arm"":""ordinary"",""roles"":[""ordinary_x""],""expected_occurrences_per_event"":""62699303478590067376253109894956530118715385833382839664458936535060305151996047033183014862625554012/63185780935605965758579739426144179531457492580716559691976347318966280956771693146666493376196710311""},{""context"":""pauli_noncommuting"",""x"":""1/8"",""sigma"":1,""controlled"":true,""epsilon"":""1e-6"",""arm"":""PTSC_K0"",""roles"":[""PTSC_K0_x""],""expected_occurrences_per_event"":""192612260286228686979849553597306460524693665280152083449217853035705257426931856485938221657985701924864/194167638579407717681625555181034546828944807986565034515120623244707890670806968253563831028313206866375""},{""context"":""distinct_basis"",""x"":""1/8"",""sigma"":-1,""controlled"":true,""epsilon"":""1e-6"",""arm"":""ordinary"",""roles"":[""ordinary_x""],""expected_occurrences_per_event"":""62699303478590067376253109894956530118715385833382839664458936535060305151996047033183014862625554012/63185780935605965758579739426144179531457492580716559691976347318966280956771693146666493376196710311""},{""context"":""distinct_basis"",""x"":""1/8"",""sigma"":-1,""controlled"":true,""epsilon"":""1e-6"",""arm"":""PTSC_K0"",""roles"":[""PTSC_K0_x""],""expected_occurrences_per_event"":""192612260286228686979849553597306460524693665280152083449217853035705257426931856485938221657985701924864/194167638579407717681625555181034546828944807986565034515120623244707890670806968253563831028313206866375""},{""context"":""distinct_basis"",""x"":""1/8"",""sigma"":1,""controlled"":true,""epsilon"":""1e-6"",""arm"":""ordinary"",""roles"":[""ordinary_x""],""expected_occurrences_per_event"":""62699303478590067376253109894956530118715385833382839664458936535060305151996047033183014862625554012/63185780935605965758579739426144179531457492580716559691976347318966280956771693146666493376196710311""},{""context"":""distinct_basis"",""x"":""1/8"",""sigma"":1,""controlled"":true,""epsilon"":""1e-6"",""arm"":""PTSC_K0"",""roles"":[""PTSC_K0_x""],""expected_occurrences_per_event"":""192612260286228686979849553597306460524693665280152083449217853035705257426931856485938221657985701924864/194167638579407717681625555181034546828944807986565034515120623244707890670806968253563831028313206866375""}]"
24bfeb84a4ce87b56985d174dd98d1d5e1702a2b,f726ad70cb2643533f0d037b518cde1b702724adb4e6571fea25e26e4bfdd61e,b26c3bdea5a42988c0534d45bd092d0cc28e50535e08dc75b4692ed601799911,POSTHOC_ATTRIBUTION_DESIGN_INPUT,True,True,True,True,True,atan:1/8:scale:-2:epsilon:1e-3,atan:1/8:scale:-2,1e-3,38,0,97,133716315797545948060689859894309232436820732181832069769609504116092148499054763364978463065643953225/1146749307995035755805410447651043470398282494584140561868794419693461438044242404035009276555062843277312,986d8919fdeeefa8fdae2c9b3a0ffc715d2df1b824e7444e0496d01142bd4ea9,38,104,-2*atan(1/8),atan,1/8,-2,"[""PTSC_K0"",""ordinary""]","[""distinct_basis"",""pauli_commuting"",""pauli_noncommuting""]","[""ordinary_rotation""]","[""PTSC_K0_x"",""ordinary_x""]","[{""context"":""pauli_commuting"",""x"":""1/8"",""sigma"":-1,""controlled"":false,""epsilon"":""1e-3"",""arm"":""ordinary"",""roles"":[""ordinary_x""],""expected_occurrences_per_event"":""62699303478590067376253109894956530118715385833382839664458936535060305151996047033183014862625554012/63185780935605965758579739426144179531457492580716559691976347318966280956771693146666493376196710311""},{""context"":""pauli_commuting"",""x"":""1/8"",""sigma"":-1,""controlled"":false,""epsilon"":""1e-3"",""arm"":""PTSC_K0"",""roles"":[""PTSC_K0_x""],""expected_occurrences_per_event"":""192612260286228686979849553597306460524693665280152083449217853035705257426931856485938221657985701924864/194167638579407717681625555181034546828944807986565034515120623244707890670806968253563831028313206866375""},{""context"":""pauli_noncommuting"",""x"":""1/8"",""sigma"":-1,""controlled"":false,""epsilon"":""1e-3"",""arm"":""ordinary"",""roles"":[""ordinary_x""],""expected_occurrences_per_event"":""62699303478590067376253109894956530118715385833382839664458936535060305151996047033183014862625554012/63185780935605965758579739426144179531457492580716559691976347318966280956771693146666493376196710311""},{""context"":""pauli_noncommuting"",""x"":""1/8"",""sigma"":-1,""controlled"":false,""epsilon"":""1e-3"",""arm"":""PTSC_K0"",""roles"":[""PTSC_K0_x""],""expected_occurrences_per_event"":""192612260286228686979849553597306460524693665280152083449217853035705257426931856485938221657985701924864/194167638579407717681625555181034546828944807986565034515120623244707890670806968253563831028313206866375""},{""context"":""distinct_basis"",""x"":""1/8"",""sigma"":-1,""controlled"":false,""epsilon"":""1e-3"",""arm"":""ordinary"",""roles"":[""ordinary_x""],""expected_occurrences_per_event"":""62699303478590067376253109894956530118715385833382839664458936535060305151996047033183014862625554012/63185780935605965758579739426144179531457492580716559691976347318966280956771693146666493376196710311""},{""context"":""distinct_basis"",""x"":""1/8"",""sigma"":-1,""controlled"":false,""epsilon"":""1e-3"",""arm"":""PTSC_K0"",""roles"":[""PTSC_K0_x""],""expected_occurrences_per_event"":""192612260286228686979849553597306460524693665280152083449217853035705257426931856485938221657985701924864/194167638579407717681625555181034546828944807986565034515120623244707890670806968253563831028313206866375""}]"
24bfeb84a4ce87b56985d174dd98d1d5e1702a2b,f726ad70cb2643533f0d037b518cde1b702724adb4e6571fea25e26e4bfdd61e,b26c3bdea5a42988c0534d45bd092d0cc28e50535e08dc75b4692ed601799911,POSTHOC_ATTRIBUTION_DESIGN_INPUT,True,True,True,True,True,atan:1/8:scale:-2:epsilon:1e-4,atan:1/8:scale:-2,1e-4,52,0,130,43514446631069156124501430876717542312441578508116888279105801284572514042743970910467612834660891199/4586997231980143023221641790604173881593129978336562247475177678773845752176969616140037106220251373109248,bba6445afab910b4f92599217667a6b2bd1167a861353ccc2eb11a4a2f745593,52,137,-2*atan(1/8),atan,1/8,-2,"[""PTSC_K0"",""ordinary""]","[""distinct_basis"",""pauli_commuting"",""pauli_noncommuting""]","[""ordinary_rotation""]","[""PTSC_K0_x"",""ordinary_x""]","[{""context"":""pauli_commuting"",""x"":""1/8"",""sigma"":-1,""controlled"":false,""epsilon"":""1e-4"",""arm"":""ordinary"",""roles"":[""ordinary_x""],""expected_occurrences_per_event"":""62699303478590067376253109894956530118715385833382839664458936535060305151996047033183014862625554012/63185780935605965758579739426144179531457492580716559691976347318966280956771693146666493376196710311""},{""context"":""pauli_commuting"",""x"":""1/8"",""sigma"":-1,""controlled"":false,""epsilon"":""1e-4"",""arm"":""PTSC_K0"",""roles"":[""PTSC_K0_x""],""expected_occurrences_per_event"":""192612260286228686979849553597306460524693665280152083449217853035705257426931856485938221657985701924864/194167638579407717681625555181034546828944807986565034515120623244707890670806968253563831028313206866375""},{""context"":""pauli_noncommuting"",""x"":""1/8"",""sigma"":-1,""controlled"":false,""epsilon"":""1e-4"",""arm"":""ordinary"",""roles"":[""ordinary_x""],""expected_occurrences_per_event"":""62699303478590067376253109894956530118715385833382839664458936535060305151996047033183014862625554012/63185780935605965758579739426144179531457492580716559691976347318966280956771693146666493376196710311""},{""context"":""pauli_noncommuting"",""x"":""1/8"",""sigma"":-1,""controlled"":false,""epsilon"":""1e-4"",""arm"":""PTSC_K0"",""roles"":[""PTSC_K0_x""],""expected_occurrences_per_event"":""192612260286228686979849553597306460524693665280152083449217853035705257426931856485938221657985701924864/194167638579407717681625555181034546828944807986565034515120623244707890670806968253563831028313206866375""},{""context"":""distinct_basis"",""x"":""1/8"",""sigma"":-1,""controlled"":false,""epsilon"":""1e-4"",""arm"":""ordinary"",""roles"":[""ordinary_x""],""expected_occurrences_per_event"":""62699303478590067376253109894956530118715385833382839664458936535060305151996047033183014862625554012/63185780935605965758579739426144179531457492580716559691976347318966280956771693146666493376196710311""},{""context"":""distinct_basis"",""x"":""1/8"",""sigma"":-1,""controlled"":false,""epsilon"":""1e-4"",""arm"":""PTSC_K0"",""roles"":[""PTSC_K0_x""],""expected_occurrences_per_event"":""192612260286228686979849553597306460524693665280152083449217853035705257426931856485938221657985701924864/194167638579407717681625555181034546828944807986565034515120623244707890670806968253563831028313206866375""}]"
24bfeb84a4ce87b56985d174dd98d1d5e1702a2b,f726ad70cb2643533f0d037b518cde1b702724adb4e6571fea25e26e4bfdd61e,b26c3bdea5a42988c0534d45bd092d0cc28e50535e08dc75b4692ed601799911,POSTHOC_ATTRIBUTION_DESIGN_INPUT,True,True,True,True,True,atan:1/8:scale:-2:epsilon:1e-6,atan:1/8:scale:-2,1e-6,72,0,188,71672605306669143220980144239326396245442666406969010326361498988695740585207339218378303127112655215/1174271291386916613944740298394668513687841274454159935353645485766104512557304221731849499192384351515967488,49bd5963cff4f102c69e4ddfb09087f491a824b3575ebf6a1d8c31e90c26127f,72,188,-2*atan(1/8),atan,1/8,-2,"[""PTSC_K0"",""ordinary""]","[""distinct_basis"",""pauli_commuting"",""pauli_noncommuting""]","[""ordinary_rotation""]","[""PTSC_K0_x"",""ordinary_x""]","[{""context"":""pauli_commuting"",""x"":""1/8"",""sigma"":-1,""controlled"":false,""epsilon"":""1e-6"",""arm"":""ordinary"",""roles"":[""ordinary_x""],""expected_occurrences_per_event"":""62699303478590067376253109894956530118715385833382839664458936535060305151996047033183014862625554012/63185780935605965758579739426144179531457492580716559691976347318966280956771693146666493376196710311""},{""context"":""pauli_commuting"",""x"":""1/8"",""sigma"":-1,""controlled"":false,""epsilon"":""1e-6"",""arm"":""PTSC_K0"",""roles"":[""PTSC_K0_x""],""expected_occurrences_per_event"":""192612260286228686979849553597306460524693665280152083449217853035705257426931856485938221657985701924864/194167638579407717681625555181034546828944807986565034515120623244707890670806968253563831028313206866375""},{""context"":""pauli_noncommuting"",""x"":""1/8"",""sigma"":-1,""controlled"":false,""epsilon"":""1e-6"",""arm"":""ordinary"",""roles"":[""ordinary_x""],""expected_occurrences_per_event"":""62699303478590067376253109894956530118715385833382839664458936535060305151996047033183014862625554012/63185780935605965758579739426144179531457492580716559691976347318966280956771693146666493376196710311""},{""context"":""pauli_noncommuting"",""x"":""1/8"",""sigma"":-1,""controlled"":false,""epsilon"":""1e-6"",""arm"":""PTSC_K0"",""roles"":[""PTSC_K0_x""],""expected_occurrences_per_event"":""192612260286228686979849553597306460524693665280152083449217853035705257426931856485938221657985701924864/194167638579407717681625555181034546828944807986565034515120623244707890670806968253563831028313206866375""},{""context"":""distinct_basis"",""x"":""1/8"",""sigma"":-1,""controlled"":false,""epsilon"":""1e-6"",""arm"":""ordinary"",""roles"":[""ordinary_x""],""expected_occurrences_per_event"":""62699303478590067376253109894956530118715385833382839664458936535060305151996047033183014862625554012/63185780935605965758579739426144179531457492580716559691976347318966280956771693146666493376196710311""},{""context"":""distinct_basis"",""x"":""1/8"",""sigma"":-1,""controlled"":false,""epsilon"":""1e-6"",""arm"":""PTSC_K0"",""roles"":[""PTSC_K0_x""],""expected_occurrences_per_event"":""192612260286228686979849553597306460524693665280152083449217853035705257426931856485938221657985701924864/194167638579407717681625555181034546828944807986565034515120623244707890670806968253563831028313206866375""}]"
24bfeb84a4ce87b56985d174dd98d1d5e1702a2b,f726ad70cb2643533f0d037b518cde1b702724adb4e6571fea25e26e4bfdd61e,b26c3bdea5a42988c0534d45bd092d0cc28e50535e08dc75b4692ed601799911,POSTHOC_ATTRIBUTION_DESIGN_INPUT,True,True,True,True,True,atan:1/8:scale:1:epsilon:1e-3,atan:1/8:scale:1,1e-3,36,0,92,5649761355525509327466302168373154690367037803409142098857610735431132688366853817908826450837446687/35835915874844867368919076489095108449946327955754392558399825615420669938882575126094039892345713852416,97c0ce50e1d2a940c11875fd2c7c199fa05eb629709bce847f4504d77f6509cb,36,94,1*atan(1/8),atan,1/8,1,"[""PTSC_K0"",""ordinary""]","[""distinct_basis"",""pauli_commuting"",""pauli_noncommuting""]","[""controlled_half_angle_pair""]","[""PTSC_K0_x"",""ordinary_x""]","[{""context"":""pauli_commuting"",""x"":""1/8"",""sigma"":-1,""controlled"":true,""epsilon"":""1e-3"",""arm"":""ordinary"",""roles"":[""ordinary_x""],""expected_occurrences_per_event"":""62699303478590067376253109894956530118715385833382839664458936535060305151996047033183014862625554012/63185780935605965758579739426144179531457492580716559691976347318966280956771693146666493376196710311""},{""context"":""pauli_commuting"",""x"":""1/8"",""sigma"":-1,""controlled"":true,""epsilon"":""1e-3"",""arm"":""PTSC_K0"",""roles"":[""PTSC_K0_x""],""expected_occurrences_per_event"":""192612260286228686979849553597306460524693665280152083449217853035705257426931856485938221657985701924864/194167638579407717681625555181034546828944807986565034515120623244707890670806968253563831028313206866375""},{""context"":""pauli_commuting"",""x"":""1/8"",""sigma"":1,""controlled"":true,""epsilon"":""1e-3"",""arm"":""ordinary"",""roles"":[""ordinary_x""],""expected_occurrences_per_event"":""62699303478590067376253109894956530118715385833382839664458936535060305151996047033183014862625554012/63185780935605965758579739426144179531457492580716559691976347318966280956771693146666493376196710311""},{""context"":""pauli_commuting"",""x"":""1/8"",""sigma"":1,""controlled"":true,""epsilon"":""1e-3"",""arm"":""PTSC_K0"",""roles"":[""PTSC_K0_x""],""expected_occurrences_per_event"":""192612260286228686979849553597306460524693665280152083449217853035705257426931856485938221657985701924864/194167638579407717681625555181034546828944807986565034515120623244707890670806968253563831028313206866375""},{""context"":""pauli_noncommuting"",""x"":""1/8"",""sigma"":-1,""controlled"":true,""epsilon"":""1e-3"",""arm"":""ordinary"",""roles"":[""ordinary_x""],""expected_occurrences_per_event"":""62699303478590067376253109894956530118715385833382839664458936535060305151996047033183014862625554012/63185780935605965758579739426144179531457492580716559691976347318966280956771693146666493376196710311""},{""context"":""pauli_noncommuting"",""x"":""1/8"",""sigma"":-1,""controlled"":true,""epsilon"":""1e-3"",""arm"":""PTSC_K0"",""roles"":[""PTSC_K0_x""],""expected_occurrences_per_event"":""192612260286228686979849553597306460524693665280152083449217853035705257426931856485938221657985701924864/194167638579407717681625555181034546828944807986565034515120623244707890670806968253563831028313206866375""},{""context"":""pauli_noncommuting"",""x"":""1/8"",""sigma"":1,""controlled"":true,""epsilon"":""1e-3"",""arm"":""ordinary"",""roles"":[""ordinary_x""],""expected_occurrences_per_event"":""62699303478590067376253109894956530118715385833382839664458936535060305151996047033183014862625554012/63185780935605965758579739426144179531457492580716559691976347318966280956771693146666493376196710311""},{""context"":""pauli_noncommuting"",""x"":""1/8"",""sigma"":1,""controlled"":true,""epsilon"":""1e-3"",""arm"":""PTSC_K0"",""roles"":[""PTSC_K0_x""],""expected_occurrences_per_event"":""192612260286228686979849553597306460524693665280152083449217853035705257426931856485938221657985701924864/194167638579407717681625555181034546828944807986565034515120623244707890670806968253563831028313206866375""},{""context"":""distinct_basis"",""x"":""1/8"",""sigma"":-1,""controlled"":true,""epsilon"":""1e-3"",""arm"":""ordinary"",""roles"":[""ordinary_x""],""expected_occurrences_per_event"":""62699303478590067376253109894956530118715385833382839664458936535060305151996047033183014862625554012/63185780935605965758579739426144179531457492580716559691976347318966280956771693146666493376196710311""},{""context"":""distinct_basis"",""x"":""1/8"",""sigma"":-1,""controlled"":true,""epsilon"":""1e-3"",""arm"":""PTSC_K0"",""roles"":[""PTSC_K0_x""],""expected_occurrences_per_event"":""192612260286228686979849553597306460524693665280152083449217853035705257426931856485938221657985701924864/194167638579407717681625555181034546828944807986565034515120623244707890670806968253563831028313206866375""},{""context"":""distinct_basis"",""x"":""1/8"",""sigma"":1,""controlled"":true,""epsilon"":""1e-3"",""arm"":""ordinary"",""roles"":[""ordinary_x""],""expected_occurrences_per_event"":""62699303478590067376253109894956530118715385833382839664458936535060305151996047033183014862625554012/63185780935605965758579739426144179531457492580716559691976347318966280956771693146666493376196710311""},{""context"":""distinct_basis"",""x"":""1/8"",""sigma"":1,""controlled"":true,""epsilon"":""1e-3"",""arm"":""PTSC_K0"",""roles"":[""PTSC_K0_x""],""expected_occurrences_per_event"":""192612260286228686979849553597306460524693665280152083449217853035705257426931856485938221657985701924864/194167638579407717681625555181034546828944807986565034515120623244707890670806968253563831028313206866375""}]"
24bfeb84a4ce87b56985d174dd98d1d5e1702a2b,f726ad70cb2643533f0d037b518cde1b702724adb4e6571fea25e26e4bfdd61e,b26c3bdea5a42988c0534d45bd092d0cc28e50535e08dc75b4692ed601799911,POSTHOC_ATTRIBUTION_DESIGN_INPUT,True,True,True,True,True,atan:1/8:scale:1:epsilon:1e-4,atan:1/8:scale:1,1e-4,52,0,132,67665384230805707959222178014086507561660688256612708406730666884278694284605510675234548888215468635/4586997231980143023221641790604173881593129978336562247475177678773845752176969616140037106220251373109248,e89686572bdc8bf261f30fe2926f1a0fda9da686e1d2a71143e8adcb42714134,52,133,1*atan(1/8),atan,1/8,1,"[""PTSC_K0"",""ordinary""]","[""distinct_basis"",""pauli_commuting"",""pauli_noncommuting""]","[""controlled_half_angle_pair""]","[""PTSC_K0_x"",""ordinary_x""]","[{""context"":""pauli_commuting"",""x"":""1/8"",""sigma"":-1,""controlled"":true,""epsilon"":""1e-4"",""arm"":""ordinary"",""roles"":[""ordinary_x""],""expected_occurrences_per_event"":""62699303478590067376253109894956530118715385833382839664458936535060305151996047033183014862625554012/63185780935605965758579739426144179531457492580716559691976347318966280956771693146666493376196710311""},{""context"":""pauli_commuting"",""x"":""1/8"",""sigma"":-1,""controlled"":true,""epsilon"":""1e-4"",""arm"":""PTSC_K0"",""roles"":[""PTSC_K0_x""],""expected_occurrences_per_event"":""192612260286228686979849553597306460524693665280152083449217853035705257426931856485938221657985701924864/194167638579407717681625555181034546828944807986565034515120623244707890670806968253563831028313206866375""},{""context"":""pauli_commuting"",""x"":""1/8"",""sigma"":1,""controlled"":true,""epsilon"":""1e-4"",""arm"":""ordinary"",""roles"":[""ordinary_x""],""expected_occurrences_per_event"":""62699303478590067376253109894956530118715385833382839664458936535060305151996047033183014862625554012/63185780935605965758579739426144179531457492580716559691976347318966280956771693146666493376196710311""},{""context"":""pauli_commuting"",""x"":""1/8"",""sigma"":1,""controlled"":true,""epsilon"":""1e-4"",""arm"":""PTSC_K0"",""roles"":[""PTSC_K0_x""],""expected_occurrences_per_event"":""192612260286228686979849553597306460524693665280152083449217853035705257426931856485938221657985701924864/194167638579407717681625555181034546828944807986565034515120623244707890670806968253563831028313206866375""},{""context"":""pauli_noncommuting"",""x"":""1/8"",""sigma"":-1,""controlled"":true,""epsilon"":""1e-4"",""arm"":""ordinary"",""roles"":[""ordinary_x""],""expected_occurrences_per_event"":""62699303478590067376253109894956530118715385833382839664458936535060305151996047033183014862625554012/63185780935605965758579739426144179531457492580716559691976347318966280956771693146666493376196710311""},{""context"":""pauli_noncommuting"",""x"":""1/8"",""sigma"":-1,""controlled"":true,""epsilon"":""1e-4"",""arm"":""PTSC_K0"",""roles"":[""PTSC_K0_x""],""expected_occurrences_per_event"":""192612260286228686979849553597306460524693665280152083449217853035705257426931856485938221657985701924864/194167638579407717681625555181034546828944807986565034515120623244707890670806968253563831028313206866375""},{""context"":""pauli_noncommuting"",""x"":""1/8"",""sigma"":1,""controlled"":true,""epsilon"":""1e-4"",""arm"":""ordinary"",""roles"":[""ordinary_x""],""expected_occurrences_per_event"":""62699303478590067376253109894956530118715385833382839664458936535060305151996047033183014862625554012/63185780935605965758579739426144179531457492580716559691976347318966280956771693146666493376196710311""},{""context"":""pauli_noncommuting"",""x"":""1/8"",""sigma"":1,""controlled"":true,""epsilon"":""1e-4"",""arm"":""PTSC_K0"",""roles"":[""PTSC_K0_x""],""expected_occurrences_per_event"":""192612260286228686979849553597306460524693665280152083449217853035705257426931856485938221657985701924864/194167638579407717681625555181034546828944807986565034515120623244707890670806968253563831028313206866375""},{""context"":""distinct_basis"",""x"":""1/8"",""sigma"":-1,""controlled"":true,""epsilon"":""1e-4"",""arm"":""ordinary"",""roles"":[""ordinary_x""],""expected_occurrences_per_event"":""62699303478590067376253109894956530118715385833382839664458936535060305151996047033183014862625554012/63185780935605965758579739426144179531457492580716559691976347318966280956771693146666493376196710311""},{""context"":""distinct_basis"",""x"":""1/8"",""sigma"":-1,""controlled"":true,""epsilon"":""1e-4"",""arm"":""PTSC_K0"",""roles"":[""PTSC_K0_x""],""expected_occurrences_per_event"":""192612260286228686979849553597306460524693665280152083449217853035705257426931856485938221657985701924864/194167638579407717681625555181034546828944807986565034515120623244707890670806968253563831028313206866375""},{""context"":""distinct_basis"",""x"":""1/8"",""sigma"":1,""controlled"":true,""epsilon"":""1e-4"",""arm"":""ordinary"",""roles"":[""ordinary_x""],""expected_occurrences_per_event"":""62699303478590067376253109894956530118715385833382839664458936535060305151996047033183014862625554012/63185780935605965758579739426144179531457492580716559691976347318966280956771693146666493376196710311""},{""context"":""distinct_basis"",""x"":""1/8"",""sigma"":1,""controlled"":true,""epsilon"":""1e-4"",""arm"":""PTSC_K0"",""roles"":[""PTSC_K0_x""],""expected_occurrences_per_event"":""192612260286228686979849553597306460524693665280152083449217853035705257426931856485938221657985701924864/194167638579407717681625555181034546828944807986565034515120623244707890670806968253563831028313206866375""}]"
24bfeb84a4ce87b56985d174dd98d1d5e1702a2b,f726ad70cb2643533f0d037b518cde1b702724adb4e6571fea25e26e4bfdd61e,b26c3bdea5a42988c0534d45bd092d0cc28e50535e08dc75b4692ed601799911,POSTHOC_ATTRIBUTION_DESIGN_INPUT,True,True,True,True,True,atan:1/8:scale:1:epsilon:1e-6,atan:1/8:scale:1,1e-6,68,0,177,5013248023278398608799270127963758930008087216676357160688577851662411039790424306053902704781044133/73391955711682288371546268649666782105490079653384995959602842860381532034831513858240593699524021969747968,1a4c4b3abdf8593065ffe0452de1a1d13730a64a15881495bc57f1f3a91a80d8,68,180,1*atan(1/8),atan,1/8,1,"[""PTSC_K0"",""ordinary""]","[""distinct_basis"",""pauli_commuting"",""pauli_noncommuting""]","[""controlled_half_angle_pair""]","[""PTSC_K0_x"",""ordinary_x""]","[{""context"":""pauli_commuting"",""x"":""1/8"",""sigma"":-1,""controlled"":true,""epsilon"":""1e-6"",""arm"":""ordinary"",""roles"":[""ordinary_x""],""expected_occurrences_per_event"":""62699303478590067376253109894956530118715385833382839664458936535060305151996047033183014862625554012/63185780935605965758579739426144179531457492580716559691976347318966280956771693146666493376196710311""},{""context"":""pauli_commuting"",""x"":""1/8"",""sigma"":-1,""controlled"":true,""epsilon"":""1e-6"",""arm"":""PTSC_K0"",""roles"":[""PTSC_K0_x""],""expected_occurrences_per_event"":""192612260286228686979849553597306460524693665280152083449217853035705257426931856485938221657985701924864/194167638579407717681625555181034546828944807986565034515120623244707890670806968253563831028313206866375""},{""context"":""pauli_commuting"",""x"":""1/8"",""sigma"":1,""controlled"":true,""epsilon"":""1e-6"",""arm"":""ordinary"",""roles"":[""ordinary_x""],""expected_occurrences_per_event"":""62699303478590067376253109894956530118715385833382839664458936535060305151996047033183014862625554012/63185780935605965758579739426144179531457492580716559691976347318966280956771693146666493376196710311""},{""context"":""pauli_commuting"",""x"":""1/8"",""sigma"":1,""controlled"":true,""epsilon"":""1e-6"",""arm"":""PTSC_K0"",""roles"":[""PTSC_K0_x""],""expected_occurrences_per_event"":""192612260286228686979849553597306460524693665280152083449217853035705257426931856485938221657985701924864/194167638579407717681625555181034546828944807986565034515120623244707890670806968253563831028313206866375""},{""context"":""pauli_noncommuting"",""x"":""1/8"",""sigma"":-1,""controlled"":true,""epsilon"":""1e-6"",""arm"":""ordinary"",""roles"":[""ordinary_x""],""expected_occurrences_per_event"":""62699303478590067376253109894956530118715385833382839664458936535060305151996047033183014862625554012/63185780935605965758579739426144179531457492580716559691976347318966280956771693146666493376196710311""},{""context"":""pauli_noncommuting"",""x"":""1/8"",""sigma"":-1,""controlled"":true,""epsilon"":""1e-6"",""arm"":""PTSC_K0"",""roles"":[""PTSC_K0_x""],""expected_occurrences_per_event"":""192612260286228686979849553597306460524693665280152083449217853035705257426931856485938221657985701924864/194167638579407717681625555181034546828944807986565034515120623244707890670806968253563831028313206866375""},{""context"":""pauli_noncommuting"",""x"":""1/8"",""sigma"":1,""controlled"":true,""epsilon"":""1e-6"",""arm"":""ordinary"",""roles"":[""ordinary_x""],""expected_occurrences_per_event"":""62699303478590067376253109894956530118715385833382839664458936535060305151996047033183014862625554012/63185780935605965758579739426144179531457492580716559691976347318966280956771693146666493376196710311""},{""context"":""pauli_noncommuting"",""x"":""1/8"",""sigma"":1,""controlled"":true,""epsilon"":""1e-6"",""arm"":""PTSC_K0"",""roles"":[""PTSC_K0_x""],""expected_occurrences_per_event"":""192612260286228686979849553597306460524693665280152083449217853035705257426931856485938221657985701924864/194167638579407717681625555181034546828944807986565034515120623244707890670806968253563831028313206866375""},{""context"":""distinct_basis"",""x"":""1/8"",""sigma"":-1,""controlled"":true,""epsilon"":""1e-6"",""arm"":""ordinary"",""roles"":[""ordinary_x""],""expected_occurrences_per_event"":""62699303478590067376253109894956530118715385833382839664458936535060305151996047033183014862625554012/63185780935605965758579739426144179531457492580716559691976347318966280956771693146666493376196710311""},{""context"":""distinct_basis"",""x"":""1/8"",""sigma"":-1,""controlled"":true,""epsilon"":""1e-6"",""arm"":""PTSC_K0"",""roles"":[""PTSC_K0_x""],""expected_occurrences_per_event"":""192612260286228686979849553597306460524693665280152083449217853035705257426931856485938221657985701924864/194167638579407717681625555181034546828944807986565034515120623244707890670806968253563831028313206866375""},{""context"":""distinct_basis"",""x"":""1/8"",""sigma"":1,""controlled"":true,""epsilon"":""1e-6"",""arm"":""ordinary"",""roles"":[""ordinary_x""],""expected_occurrences_per_event"":""62699303478590067376253109894956530118715385833382839664458936535060305151996047033183014862625554012/63185780935605965758579739426144179531457492580716559691976347318966280956771693146666493376196710311""},{""context"":""distinct_basis"",""x"":""1/8"",""sigma"":1,""controlled"":true,""epsilon"":""1e-6"",""arm"":""PTSC_K0"",""roles"":[""PTSC_K0_x""],""expected_occurrences_per_event"":""192612260286228686979849553597306460524693665280152083449217853035705257426931856485938221657985701924864/194167638579407717681625555181034546828944807986565034515120623244707890670806968253563831028313206866375""}]"
24bfeb84a4ce87b56985d174dd98d1d5e1702a2b,f726ad70cb2643533f0d037b518cde1b702724adb4e6571fea25e26e4bfdd61e,b26c3bdea5a42988c0534d45bd092d0cc28e50535e08dc75b4692ed601799911,POSTHOC_ATTRIBUTION_DESIGN_INPUT,True,True,True,True,True,atan:1/8:scale:2:epsilon:1e-3,atan:1/8:scale:2,1e-3,38,0,100,133716315797545948060689859894309232436820732181832069769609504116092148499054763364978017486925647413/1146749307995035755805410447651043470398282494584140561868794419693461438044242404035009276555062843277312,bc1d9b40284e0e6849b941916310aff7c18982addd8be87465145d5d43308be3,38,101,2*atan(1/8),atan,1/8,2,"[""PTSC_K0"",""ordinary""]","[""distinct_basis"",""pauli_commuting"",""pauli_noncommuting""]","[""ordinary_rotation""]","[""PTSC_K0_x"",""ordinary_x""]","[{""context"":""pauli_commuting"",""x"":""1/8"",""sigma"":1,""controlled"":false,""epsilon"":""1e-3"",""arm"":""ordinary"",""roles"":[""ordinary_x""],""expected_occurrences_per_event"":""62699303478590067376253109894956530118715385833382839664458936535060305151996047033183014862625554012/63185780935605965758579739426144179531457492580716559691976347318966280956771693146666493376196710311""},{""context"":""pauli_commuting"",""x"":""1/8"",""sigma"":1,""controlled"":false,""epsilon"":""1e-3"",""arm"":""PTSC_K0"",""roles"":[""PTSC_K0_x""],""expected_occurrences_per_event"":""192612260286228686979849553597306460524693665280152083449217853035705257426931856485938221657985701924864/194167638579407717681625555181034546828944807986565034515120623244707890670806968253563831028313206866375""},{""context"":""pauli_noncommuting"",""x"":""1/8"",""sigma"":1,""controlled"":false,""epsilon"":""1e-3"",""arm"":""ordinary"",""roles"":[""ordinary_x""],""expected_occurrences_per_event"":""62699303478590067376253109894956530118715385833382839664458936535060305151996047033183014862625554012/63185780935605965758579739426144179531457492580716559691976347318966280956771693146666493376196710311""},{""context"":""pauli_noncommuting"",""x"":""1/8"",""sigma"":1,""controlled"":false,""epsilon"":""1e-3"",""arm"":""PTSC_K0"",""roles"":[""PTSC_K0_x""],""expected_occurrences_per_event"":""192612260286228686979849553597306460524693665280152083449217853035705257426931856485938221657985701924864/194167638579407717681625555181034546828944807986565034515120623244707890670806968253563831028313206866375""},{""context"":""distinct_basis"",""x"":""1/8"",""sigma"":1,""controlled"":false,""epsilon"":""1e-3"",""arm"":""ordinary"",""roles"":[""ordinary_x""],""expected_occurrences_per_event"":""62699303478590067376253109894956530118715385833382839664458936535060305151996047033183014862625554012/63185780935605965758579739426144179531457492580716559691976347318966280956771693146666493376196710311""},{""context"":""distinct_basis"",""x"":""1/8"",""sigma"":1,""controlled"":false,""epsilon"":""1e-3"",""arm"":""PTSC_K0"",""roles"":[""PTSC_K0_x""],""expected_occurrences_per_event"":""192612260286228686979849553597306460524693665280152083449217853035705257426931856485938221657985701924864/194167638579407717681625555181034546828944807986565034515120623244707890670806968253563831028313206866375""}]"
24bfeb84a4ce87b56985d174dd98d1d5e1702a2b,f726ad70cb2643533f0d037b518cde1b702724adb4e6571fea25e26e4bfdd61e,b26c3bdea5a42988c0534d45bd092d0cc28e50535e08dc75b4692ed601799911,POSTHOC_ATTRIBUTION_DESIGN_INPUT,True,True,True,True,True,atan:1/8:scale:2:epsilon:1e-4,atan:1/8:scale:2,1e-4,52,0,132,87028893262138312249002861753435084624883157016233776558211602569145028085487941816475588316105696323/9173994463960286046443283581208347763186259956673124494950355357547691504353939232280074212440502746218496,93df88994324978c32b44ed304735924eb9c0f055362d0bf0a3c4cd211ae98e3,52,136,2*atan(1/8),atan,1/8,2,"[""PTSC_K0"",""ordinary""]","[""distinct_basis"",""pauli_commuting"",""pauli_noncommuting""]","[""ordinary_rotation""]","[""PTSC_K0_x"",""ordinary_x""]","[{""context"":""pauli_commuting"",""x"":""1/8"",""sigma"":1,""controlled"":false,""epsilon"":""1e-4"",""arm"":""ordinary"",""roles"":[""ordinary_x""],""expected_occurrences_per_event"":""62699303478590067376253109894956530118715385833382839664458936535060305151996047033183014862625554012/63185780935605965758579739426144179531457492580716559691976347318966280956771693146666493376196710311""},{""context"":""pauli_commuting"",""x"":""1/8"",""sigma"":1,""controlled"":false,""epsilon"":""1e-4"",""arm"":""PTSC_K0"",""roles"":[""PTSC_K0_x""],""expected_occurrences_per_event"":""192612260286228686979849553597306460524693665280152083449217853035705257426931856485938221657985701924864/194167638579407717681625555181034546828944807986565034515120623244707890670806968253563831028313206866375""},{""context"":""pauli_noncommuting"",""x"":""1/8"",""sigma"":1,""controlled"":false,""epsilon"":""1e-4"",""arm"":""ordinary"",""roles"":[""ordinary_x""],""expected_occurrences_per_event"":""62699303478590067376253109894956530118715385833382839664458936535060305151996047033183014862625554012/63185780935605965758579739426144179531457492580716559691976347318966280956771693146666493376196710311""},{""context"":""pauli_noncommuting"",""x"":""1/8"",""sigma"":1,""controlled"":false,""epsilon"":""1e-4"",""arm"":""PTSC_K0"",""roles"":[""PTSC_K0_x""],""expected_occurrences_per_event"":""192612260286228686979849553597306460524693665280152083449217853035705257426931856485938221657985701924864/194167638579407717681625555181034546828944807986565034515120623244707890670806968253563831028313206866375""},{""context"":""distinct_basis"",""x"":""1/8"",""sigma"":1,""controlled"":false,""epsilon"":""1e-4"",""arm"":""ordinary"",""roles"":[""ordinary_x""],""expected_occurrences_per_event"":""62699303478590067376253109894956530118715385833382839664458936535060305151996047033183014862625554012/63185780935605965758579739426144179531457492580716559691976347318966280956771693146666493376196710311""},{""context"":""distinct_basis"",""x"":""1/8"",""sigma"":1,""controlled"":false,""epsilon"":""1e-4"",""arm"":""PTSC_K0"",""roles"":[""PTSC_K0_x""],""expected_occurrences_per_event"":""192612260286228686979849553597306460524693665280152083449217853035705257426931856485938221657985701924864/194167638579407717681625555181034546828944807986565034515120623244707890670806968253563831028313206866375""}]"
24bfeb84a4ce87b56985d174dd98d1d5e1702a2b,f726ad70cb2643533f0d037b518cde1b702724adb4e6571fea25e26e4bfdd61e,b26c3bdea5a42988c0534d45bd092d0cc28e50535e08dc75b4692ed601799911,POSTHOC_ATTRIBUTION_DESIGN_INPUT,True,True,True,True,True,atan:1/8:scale:2:epsilon:1e-6,atan:1/8:scale:2,1e-6,72,0,178,71672605306669143220980144239326396245442666406969010326361498988695740585209636013766872735989273103/1174271291386916613944740298394668513687841274454159935353645485766104512557304221731849499192384351515967488,2f8afb476ccaad151d106e63e341e11cc393d04f4d74be6e892b7927d1a05b5f,72,180,2*atan(1/8),atan,1/8,2,"[""PTSC_K0"",""ordinary""]","[""distinct_basis"",""pauli_commuting"",""pauli_noncommuting""]","[""ordinary_rotation""]","[""PTSC_K0_x"",""ordinary_x""]","[{""context"":""pauli_commuting"",""x"":""1/8"",""sigma"":1,""controlled"":false,""epsilon"":""1e-6"",""arm"":""ordinary"",""roles"":[""ordinary_x""],""expected_occurrences_per_event"":""62699303478590067376253109894956530118715385833382839664458936535060305151996047033183014862625554012/63185780935605965758579739426144179531457492580716559691976347318966280956771693146666493376196710311""},{""context"":""pauli_commuting"",""x"":""1/8"",""sigma"":1,""controlled"":false,""epsilon"":""1e-6"",""arm"":""PTSC_K0"",""roles"":[""PTSC_K0_x""],""expected_occurrences_per_event"":""192612260286228686979849553597306460524693665280152083449217853035705257426931856485938221657985701924864/194167638579407717681625555181034546828944807986565034515120623244707890670806968253563831028313206866375""},{""context"":""pauli_noncommuting"",""x"":""1/8"",""sigma"":1,""controlled"":false,""epsilon"":""1e-6"",""arm"":""ordinary"",""roles"":[""ordinary_x""],""expected_occurrences_per_event"":""62699303478590067376253109894956530118715385833382839664458936535060305151996047033183014862625554012/63185780935605965758579739426144179531457492580716559691976347318966280956771693146666493376196710311""},{""context"":""pauli_noncommuting"",""x"":""1/8"",""sigma"":1,""controlled"":false,""epsilon"":""1e-6"",""arm"":""PTSC_K0"",""roles"":[""PTSC_K0_x""],""expected_occurrences_per_event"":""192612260286228686979849553597306460524693665280152083449217853035705257426931856485938221657985701924864/194167638579407717681625555181034546828944807986565034515120623244707890670806968253563831028313206866375""},{""context"":""distinct_basis"",""x"":""1/8"",""sigma"":1,""controlled"":false,""epsilon"":""1e-6"",""arm"":""ordinary"",""roles"":[""ordinary_x""],""expected_occurrences_per_event"":""62699303478590067376253109894956530118715385833382839664458936535060305151996047033183014862625554012/63185780935605965758579739426144179531457492580716559691976347318966280956771693146666493376196710311""},{""context"":""distinct_basis"",""x"":""1/8"",""sigma"":1,""controlled"":false,""epsilon"":""1e-6"",""arm"":""PTSC_K0"",""roles"":[""PTSC_K0_x""],""expected_occurrences_per_event"":""192612260286228686979849553597306460524693665280152083449217853035705257426931856485938221657985701924864/194167638579407717681625555181034546828944807986565034515120623244707890670806968253563831028313206866375""}]"
24bfeb84a4ce87b56985d174dd98d1d5e1702a2b,f726ad70cb2643533f0d037b518cde1b702724adb4e6571fea25e26e4bfdd61e,b26c3bdea5a42988c0534d45bd092d0cc28e50535e08dc75b4692ed601799911,POSTHOC_ATTRIBUTION_DESIGN_INPUT,True,True,True,True,True,atan:3067/24576:scale:-1:epsilon:1e-3,atan:3067/24576:scale:-1,1e-3,38,0,94,19496956538911609844487942278389893577901792261098355542747635170208483572951281080685319124123834187/143343663499379469475676305956380433799785311823017570233599302461682679755530300504376159569382855409664,76612c025b5c12c1227cee72867ed1925fb2d717a13985fdfef7b23c02518de8,38,101,-1*atan(3067/24576),atan,3067/24576,-1,"[""CTS_collected""]","[""pauli_noncommuting""]","[""controlled_half_angle_pair""]","[""CTS_collected_common_angle""]","[{""context"":""pauli_noncommuting"",""x"":""1/8"",""sigma"":-1,""controlled"":true,""epsilon"":""1e-3"",""arm"":""CTS_collected"",""roles"":[""CTS_collected_common_angle""],""expected_occurrences_per_event"":""35267475792404105063304354027789143548780410084722131601564457528483627856225820592893762380305688169/35438354755277777869895955764282707717948626446510663823160220857109405434288271836895599347260614249""},{""context"":""pauli_noncommuting"",""x"":""1/8"",""sigma"":1,""controlled"":true,""epsilon"":""1e-3"",""arm"":""CTS_collected"",""roles"":[""CTS_collected_common_angle""],""expected_occurrences_per_event"":""35267475792404105063304354027789143548780410084722131601564457528483627856225820592893762380305688169/35438354755277777869895955764282707717948626446510663823160220857109405434288271836895599347260614249""}]"
24bfeb84a4ce87b56985d174dd98d1d5e1702a2b,f726ad70cb2643533f0d037b518cde1b702724adb4e6571fea25e26e4bfdd61e,b26c3bdea5a42988c0534d45bd092d0cc28e50535e08dc75b4692ed601799911,POSTHOC_ATTRIBUTION_DESIGN_INPUT,True,True,True,True,True,atan:3067/24576:scale:-1:epsilon:1e-4,atan:3067/24576:scale:-1,1e-4,48,0,126,77189465636926809469154788234236949044594801250003070696206127201827795762549702458496103565523295679/9173994463960286046443283581208347763186259956673124494950355357547691504353939232280074212440502746218496,168b51f7a13c8224eddec49f71bb712775d7de18e8ab7e788dedab0b746e4a5d,48,130,-1*atan(3067/24576),atan,3067/24576,-1,"[""CTS_collected""]","[""pauli_noncommuting""]","[""controlled_half_angle_pair""]","[""CTS_collected_common_angle""]","[{""context"":""pauli_noncommuting"",""x"":""1/8"",""sigma"":-1,""controlled"":true,""epsilon"":""1e-4"",""arm"":""CTS_collected"",""roles"":[""CTS_collected_common_angle""],""expected_occurrences_per_event"":""35267475792404105063304354027789143548780410084722131601564457528483627856225820592893762380305688169/35438354755277777869895955764282707717948626446510663823160220857109405434288271836895599347260614249""},{""context"":""pauli_noncommuting"",""x"":""1/8"",""sigma"":1,""controlled"":true,""epsilon"":""1e-4"",""arm"":""CTS_collected"",""roles"":[""CTS_collected_common_angle""],""expected_occurrences_per_event"":""35267475792404105063304354027789143548780410084722131601564457528483627856225820592893762380305688169/35438354755277777869895955764282707717948626446510663823160220857109405434288271836895599347260614249""}]"
24bfeb84a4ce87b56985d174dd98d1d5e1702a2b,f726ad70cb2643533f0d037b518cde1b702724adb4e6571fea25e26e4bfdd61e,b26c3bdea5a42988c0534d45bd092d0cc28e50535e08dc75b4692ed601799911,POSTHOC_ATTRIBUTION_DESIGN_INPUT,True,True,True,True,True,atan:3067/24576:scale:-1:epsilon:1e-6,atan:3067/24576:scale:-1,1e-6,68,0,176,128564049154706750447229517528809891871380307058868866123535645174810135192018667953388957425929786619/1174271291386916613944740298394668513687841274454159935353645485766104512557304221731849499192384351515967488,1f4ec5c590466f4c0001c6eff7a37095b7c6b32a740a6476d8ffd5d12c5cd06d,68,178,-1*atan(3067/24576),atan,3067/24576,-1,"[""CTS_collected""]","[""pauli_noncommuting""]","[""controlled_half_angle_pair""]","[""CTS_collected_common_angle""]","[{""context"":""pauli_noncommuting"",""x"":""1/8"",""sigma"":-1,""controlled"":true,""epsilon"":""1e-6"",""arm"":""CTS_collected"",""roles"":[""CTS_collected_common_angle""],""expected_occurrences_per_event"":""35267475792404105063304354027789143548780410084722131601564457528483627856225820592893762380305688169/35438354755277777869895955764282707717948626446510663823160220857109405434288271836895599347260614249""},{""context"":""pauli_noncommuting"",""x"":""1/8"",""sigma"":1,""controlled"":true,""epsilon"":""1e-6"",""arm"":""CTS_collected"",""roles"":[""CTS_collected_common_angle""],""expected_occurrences_per_event"":""35267475792404105063304354027789143548780410084722131601564457528483627856225820592893762380305688169/35438354755277777869895955764282707717948626446510663823160220857109405434288271836895599347260614249""}]"
24bfeb84a4ce87b56985d174dd98d1d5e1702a2b,f726ad70cb2643533f0d037b518cde1b702724adb4e6571fea25e26e4bfdd61e,b26c3bdea5a42988c0534d45bd092d0cc28e50535e08dc75b4692ed601799911,POSTHOC_ATTRIBUTION_DESIGN_INPUT,True,True,True,True,True,atan:3067/24576:scale:-2:epsilon:1e-3,atan:3067/24576:scale:-2,1e-3,38,0,95,47687817012836551563084611208701533275387873993468736935354371179054846840331753552185567021384482541/286687326998758938951352611912760867599570623646035140467198604923365359511060601008752319138765710819328,89795522018d5bdd7653196cee67d3bfce8a286cc2387da566b88cd2f36c25e3,38,97,-2*atan(3067/24576),atan,3067/24576,-2,"[""CTS_collected""]","[""pauli_noncommuting""]","[""ordinary_rotation""]","[""CTS_collected_common_angle""]","[{""context"":""pauli_noncommuting"",""x"":""1/8"",""sigma"":-1,""controlled"":false,""epsilon"":""1e-3"",""arm"":""CTS_collected"",""roles"":[""CTS_collected_common_angle""],""expected_occurrences_per_event"":""35267475792404105063304354027789143548780410084722131601564457528483627856225820592893762380305688169/35438354755277777869895955764282707717948626446510663823160220857109405434288271836895599347260614249""}]"
24bfeb84a4ce87b56985d174dd98d1d5e1702a2b,f726ad70cb2643533f0d037b518cde1b702724adb4e6571fea25e26e4bfdd61e,b26c3bdea5a42988c0534d45bd092d0cc28e50535e08dc75b4692ed601799911,POSTHOC_ATTRIBUTION_DESIGN_INPUT,True,True,True,True,True,atan:3067/24576:scale:-2:epsilon:1e-4,atan:3067/24576:scale:-2,1e-4,48,0,129,88612246297532506111918713820176780252464030287086026959336755841772171709175669630916696802833943935/9173994463960286046443283581208347763186259956673124494950355357547691504353939232280074212440502746218496,9b487b2d845113494ec67c3756c227692171afd204aacd5ad8085e7dc398a8e4,48,134,-2*atan(3067/24576),atan,3067/24576,-2,"[""CTS_collected""]","[""pauli_noncommuting""]","[""ordinary_rotation""]","[""CTS_collected_common_angle""]","[{""context"":""pauli_noncommuting"",""x"":""1/8"",""sigma"":-1,""controlled"":false,""epsilon"":""1e-4"",""arm"":""CTS_collected"",""roles"":[""CTS_collected_common_angle""],""expected_occurrences_per_event"":""35267475792404105063304354027789143548780410084722131601564457528483627856225820592893762380305688169/35438354755277777869895955764282707717948626446510663823160220857109405434288271836895599347260614249""}]"
24bfeb84a4ce87b56985d174dd98d1d5e1702a2b,f726ad70cb2643533f0d037b518cde1b702724adb4e6571fea25e26e4bfdd61e,b26c3bdea5a42988c0534d45bd092d0cc28e50535e08dc75b4692ed601799911,POSTHOC_ATTRIBUTION_DESIGN_INPUT,True,True,True,True,True,atan:3067/24576:scale:-2:epsilon:1e-6,atan:3067/24576:scale:-2,1e-6,72,0,182,89678300144388558010010317416350807686662060490328481729939288541521203433261648156592507854167538951/1174271291386916613944740298394668513687841274454159935353645485766104512557304221731849499192384351515967488,aff00b5577ec7e06bdf5bb38665868b6ff996798d21230cb0521be679aed35d7,72,186,-2*atan(3067/24576),atan,3067/24576,-2,"[""CTS_collected""]","[""pauli_noncommuting""]","[""ordinary_rotation""]","[""CTS_collected_common_angle""]","[{""context"":""pauli_noncommuting"",""x"":""1/8"",""sigma"":-1,""controlled"":false,""epsilon"":""1e-6"",""arm"":""CTS_collected"",""roles"":[""CTS_collected_common_angle""],""expected_occurrences_per_event"":""35267475792404105063304354027789143548780410084722131601564457528483627856225820592893762380305688169/35438354755277777869895955764282707717948626446510663823160220857109405434288271836895599347260614249""}]"
24bfeb84a4ce87b56985d174dd98d1d5e1702a2b,f726ad70cb2643533f0d037b518cde1b702724adb4e6571fea25e26e4bfdd61e,b26c3bdea5a42988c0534d45bd092d0cc28e50535e08dc75b4692ed601799911,POSTHOC_ATTRIBUTION_DESIGN_INPUT,True,True,True,True,True,atan:3067/24576:scale:1:epsilon:1e-3,atan:3067/24576:scale:1,1e-3,38,0,92,47287511691915862786265778344587517816960757806918953573220184108099765765831732910423420622110942705/286687326998758938951352611912760867599570623646035140467198604923365359511060601008752319138765710819328,7feafef2129d06a5c60d254fde45c2ad3cf5a3baa44462c1917961d5ee5c1a9c,38,96,1*atan(3067/24576),atan,3067/24576,1,"[""CTS_collected""]","[""pauli_noncommuting""]","[""controlled_half_angle_pair""]","[""CTS_collected_common_angle""]","[{""context"":""pauli_noncommuting"",""x"":""1/8"",""sigma"":-1,""controlled"":true,""epsilon"":""1e-3"",""arm"":""CTS_collected"",""roles"":[""CTS_collected_common_angle""],""expected_occurrences_per_event"":""35267475792404105063304354027789143548780410084722131601564457528483627856225820592893762380305688169/35438354755277777869895955764282707717948626446510663823160220857109405434288271836895599347260614249""},{""context"":""pauli_noncommuting"",""x"":""1/8"",""sigma"":1,""controlled"":true,""epsilon"":""1e-3"",""arm"":""CTS_collected"",""roles"":[""CTS_collected_common_angle""],""expected_occurrences_per_event"":""35267475792404105063304354027789143548780410084722131601564457528483627856225820592893762380305688169/35438354755277777869895955764282707717948626446510663823160220857109405434288271836895599347260614249""}]"
24bfeb84a4ce87b56985d174dd98d1d5e1702a2b,f726ad70cb2643533f0d037b518cde1b702724adb4e6571fea25e26e4bfdd61e,b26c3bdea5a42988c0534d45bd092d0cc28e50535e08dc75b4692ed601799911,POSTHOC_ATTRIBUTION_DESIGN_INPUT,True,True,True,True,True,atan:3067/24576:scale:1:epsilon:1e-4,atan:3067/24576:scale:1,1e-4,48,0,123,4824341602307925591822174264639809315287175078125191918512882950114237235159356403655738076396235477/573374653997517877902705223825521735199141247292070280934397209846730719022121202017504638277531421638656,d76ca16c22fa7e238d09a9b70ad3020039343a306c0c484200ddf3907a3651c2,48,127,1*atan(3067/24576),atan,3067/24576,1,"[""CTS_collected""]","[""pauli_noncommuting""]","[""controlled_half_angle_pair""]","[""CTS_collected_common_angle""]","[{""context"":""pauli_noncommuting"",""x"":""1/8"",""sigma"":-1,""controlled"":true,""epsilon"":""1e-4"",""arm"":""CTS_collected"",""roles"":[""CTS_collected_common_angle""],""expected_occurrences_per_event"":""35267475792404105063304354027789143548780410084722131601564457528483627856225820592893762380305688169/35438354755277777869895955764282707717948626446510663823160220857109405434288271836895599347260614249""},{""context"":""pauli_noncommuting"",""x"":""1/8"",""sigma"":1,""controlled"":true,""epsilon"":""1e-4"",""arm"":""CTS_collected"",""roles"":[""CTS_collected_common_angle""],""expected_occurrences_per_event"":""35267475792404105063304354027789143548780410084722131601564457528483627856225820592893762380305688169/35438354755277777869895955764282707717948626446510663823160220857109405434288271836895599347260614249""}]"
24bfeb84a4ce87b56985d174dd98d1d5e1702a2b,f726ad70cb2643533f0d037b518cde1b702724adb4e6571fea25e26e4bfdd61e,b26c3bdea5a42988c0534d45bd092d0cc28e50535e08dc75b4692ed601799911,POSTHOC_ATTRIBUTION_DESIGN_INPUT,True,True,True,True,True,atan:3067/24576:scale:1:epsilon:1e-6,atan:3067/24576:scale:1,1e-6,68,0,174,23074496405537988020738574745447158827688007509851177099983244979587002350486929986387572747108935369/146783911423364576743092537299333564210980159306769991919205685720763064069663027716481187399048043939495936,20ba2654e0420952c1cb174de1c35a63247512117668aa7f7df16f32c465c93c,68,177,1*atan(3067/24576),atan,3067/24576,1,"[""CTS_collected""]","[""pauli_noncommuting""]","[""controlled_half_angle_pair""]","[""CTS_collected_common_angle""]","[{""context"":""pauli_noncommuting"",""x"":""1/8"",""sigma"":-1,""controlled"":true,""epsilon"":""1e-6"",""arm"":""CTS_collected"",""roles"":[""CTS_collected_common_angle""],""expected_occurrences_per_event"":""35267475792404105063304354027789143548780410084722131601564457528483627856225820592893762380305688169/35438354755277777869895955764282707717948626446510663823160220857109405434288271836895599347260614249""},{""context"":""pauli_noncommuting"",""x"":""1/8"",""sigma"":1,""controlled"":true,""epsilon"":""1e-6"",""arm"":""CTS_collected"",""roles"":[""CTS_collected_common_angle""],""expected_occurrences_per_event"":""35267475792404105063304354027789143548780410084722131601564457528483627856225820592893762380305688169/35438354755277777869895955764282707717948626446510663823160220857109405434288271836895599347260614249""}]"
24bfeb84a4ce87b56985d174dd98d1d5e1702a2b,f726ad70cb2643533f0d037b518cde1b702724adb4e6571fea25e26e4bfdd61e,b26c3bdea5a42988c0534d45bd092d0cc28e50535e08dc75b4692ed601799911,POSTHOC_ATTRIBUTION_DESIGN_INPUT,True,True,True,True,True,atan:3067/24576:scale:2:epsilon:1e-3,atan:3067/24576:scale:2,1e-3,38,0,101,38474623983738686801084446135077873136951765320416966125799604775432712399823615700574278704648900791/286687326998758938951352611912760867599570623646035140467198604923365359511060601008752319138765710819328,1447871346076f68af1df16d78b4afed812d6027a16923f5ed1e77d92c400b43,38,108,2*atan(3067/24576),atan,3067/24576,2,"[""CTS_collected""]","[""pauli_noncommuting""]","[""ordinary_rotation""]","[""CTS_collected_common_angle""]","[{""context"":""pauli_noncommuting"",""x"":""1/8"",""sigma"":1,""controlled"":false,""epsilon"":""1e-3"",""arm"":""CTS_collected"",""roles"":[""CTS_collected_common_angle""],""expected_occurrences_per_event"":""35267475792404105063304354027789143548780410084722131601564457528483627856225820592893762380305688169/35438354755277777869895955764282707717948626446510663823160220857109405434288271836895599347260614249""}]"
24bfeb84a4ce87b56985d174dd98d1d5e1702a2b,f726ad70cb2643533f0d037b518cde1b702724adb4e6571fea25e26e4bfdd61e,b26c3bdea5a42988c0534d45bd092d0cc28e50535e08dc75b4692ed601799911,POSTHOC_ATTRIBUTION_DESIGN_INPUT,True,True,True,True,True,atan:3067/24576:scale:2:epsilon:1e-4,atan:3067/24576:scale:2,1e-4,48,0,127,44306123148766253055959356910088390126232015143543013479668377920886085854587834815339289419909855049/4586997231980143023221641790604173881593129978336562247475177678773845752176969616140037106220251373109248,25a26d3bf33f99fdf56a86a4362179bca6ce01e147020799c3637cb1e9340e45,48,130,2*atan(3067/24576),atan,3067/24576,2,"[""CTS_collected""]","[""pauli_noncommuting""]","[""ordinary_rotation""]","[""CTS_collected_common_angle""]","[{""context"":""pauli_noncommuting"",""x"":""1/8"",""sigma"":1,""controlled"":false,""epsilon"":""1e-4"",""arm"":""CTS_collected"",""roles"":[""CTS_collected_common_angle""],""expected_occurrences_per_event"":""35267475792404105063304354027789143548780410084722131601564457528483627856225820592893762380305688169/35438354755277777869895955764282707717948626446510663823160220857109405434288271836895599347260614249""}]"
24bfeb84a4ce87b56985d174dd98d1d5e1702a2b,f726ad70cb2643533f0d037b518cde1b702724adb4e6571fea25e26e4bfdd61e,b26c3bdea5a42988c0534d45bd092d0cc28e50535e08dc75b4692ed601799911,POSTHOC_ATTRIBUTION_DESIGN_INPUT,True,True,True,True,True,atan:3067/24576:scale:2:epsilon:1e-6,atan:3067/24576:scale:2,1e-6,72,0,185,45648653592872984082650118290601659356986370478302306439830804170162570958172425522533630822049396717/293567822846729153486185074598667128421960318613539983838411371441526128139326055432962374798096087878991872,c34f7369872e32dc57357efc217866c22587706717d21162aaa75cecfd81ea3a,72,190,2*atan(3067/24576),atan,3067/24576,2,"[""CTS_collected""]","[""pauli_noncommuting""]","[""ordinary_rotation""]","[""CTS_collected_common_angle""]","[{""context"":""pauli_noncommuting"",""x"":""1/8"",""sigma"":1,""controlled"":false,""epsilon"":""1e-6"",""arm"":""CTS_collected"",""roles"":[""CTS_collected_common_angle""],""expected_occurrences_per_event"":""35267475792404105063304354027789143548780410084722131601564457528483627856225820592893762380305688169/35438354755277777869895955764282707717948626446510663823160220857109405434288271836895599347260614249""}]"
24bfeb84a4ce87b56985d174dd98d1d5e1702a2b,f726ad70cb2643533f0d037b518cde1b702724adb4e6571fea25e26e4bfdd61e,b26c3bdea5a42988c0534d45bd092d0cc28e50535e08dc75b4692ed601799911,POSTHOC_ATTRIBUTION_DESIGN_INPUT,True,True,True,True,True,atan:383/3072:scale:-1:epsilon:1e-3,atan:383/3072:scale:-1,1e-3,38,0,94,36721869173642879952870498275063586729578470872029494157730452921278634046935438341732625092459570307/286687326998758938951352611912760867599570623646035140467198604923365359511060601008752319138765710819328,76612c025b5c12c1227cee72867ed1925fb2d717a13985fdfef7b23c02518de8,38,101,-1*atan(383/3072),atan,383/3072,-1,"[""CTS_collected""]","[""pauli_commuting""]","[""controlled_half_angle_pair""]","[""CTS_collected_common_angle""]","[{""context"":""pauli_commuting"",""x"":""1/8"",""sigma"":-1,""controlled"":true,""epsilon"":""1e-3"",""arm"":""CTS_collected"",""roles"":[""CTS_collected_common_angle""],""expected_occurrences_per_event"":""70533894046382382789268371419901569813838907157731294016790356565146837017200408597804558712632345495/71080706727578135770361496976680975155177199515454597125896799216749325267000252578610437006888108951""},{""context"":""pauli_commuting"",""x"":""1/8"",""sigma"":1,""controlled"":true,""epsilon"":""1e-3"",""arm"":""CTS_collected"",""roles"":[""CTS_collected_common_angle""],""expected_occurrences_per_event"":""70533894046382382789268371419901569813838907157731294016790356565146837017200408597804558712632345495/71080706727578135770361496976680975155177199515454597125896799216749325267000252578610437006888108951""}]"
24bfeb84a4ce87b56985d174dd98d1d5e1702a2b,f726ad70cb2643533f0d037b518cde1b702724adb4e6571fea25e26e4bfdd61e,b26c3bdea5a42988c0534d45bd092d0cc28e50535e08dc75b4692ed601799911,POSTHOC_ATTRIBUTION_DESIGN_INPUT,True,True,True,True,True,atan:383/3072:scale:-1:epsilon:1e-4,atan:383/3072:scale:-1,1e-4,48,0,115,36861210876052308256987874314069491922790777266704013121726310383752749965926019444850947725250904043/9173994463960286046443283581208347763186259956673124494950355357547691504353939232280074212440502746218496,d7dc10d81d5ac57d06b4939aa8c033c1486601bcbadaffe850243bfc1356d298,48,119,-1*atan(383/3072),atan,383/3072,-1,"[""CTS_collected""]","[""pauli_commuting""]","[""controlled_half_angle_pair""]","[""CTS_collected_common_angle""]","[{""context"":""pauli_commuting"",""x"":""1/8"",""sigma"":-1,""controlled"":true,""epsilon"":""1e-4"",""arm"":""CTS_collected"",""roles"":[""CTS_collected_common_angle""],""expected_occurrences_per_event"":""70533894046382382789268371419901569813838907157731294016790356565146837017200408597804558712632345495/71080706727578135770361496976680975155177199515454597125896799216749325267000252578610437006888108951""},{""context"":""pauli_commuting"",""x"":""1/8"",""sigma"":1,""controlled"":true,""epsilon"":""1e-4"",""arm"":""CTS_collected"",""roles"":[""CTS_collected_common_angle""],""expected_occurrences_per_event"":""70533894046382382789268371419901569813838907157731294016790356565146837017200408597804558712632345495/71080706727578135770361496976680975155177199515454597125896799216749325267000252578610437006888108951""}]"
24bfeb84a4ce87b56985d174dd98d1d5e1702a2b,f726ad70cb2643533f0d037b518cde1b702724adb4e6571fea25e26e4bfdd61e,b26c3bdea5a42988c0534d45bd092d0cc28e50535e08dc75b4692ed601799911,POSTHOC_ATTRIBUTION_DESIGN_INPUT,True,True,True,True,True,atan:383/3072:scale:-1:epsilon:1e-6,atan:383/3072:scale:-1,1e-6,70,0,176,50029831399293534295003135282101318300479568276601689243864465916514564404179325872109472276489840165/293567822846729153486185074598667128421960318613539983838411371441526128139326055432962374798096087878991872,5e8db00154158e871e632c572dc144bfdbea95e9d57cee9a4d670b49a5fc86e2,70,179,-1*atan(383/3072),atan,383/3072,-1,"[""CTS_collected""]","[""pauli_commuting""]","[""controlled_half_angle_pair""]","[""CTS_collected_common_angle""]","[{""context"":""pauli_commuting"",""x"":""1/8"",""sigma"":-1,""controlled"":true,""epsilon"":""1e-6"",""arm"":""CTS_collected"",""roles"":[""CTS_collected_common_angle""],""expected_occurrences_per_event"":""70533894046382382789268371419901569813838907157731294016790356565146837017200408597804558712632345495/71080706727578135770361496976680975155177199515454597125896799216749325267000252578610437006888108951""},{""context"":""pauli_commuting"",""x"":""1/8"",""sigma"":1,""controlled"":true,""epsilon"":""1e-6"",""arm"":""CTS_collected"",""roles"":[""CTS_collected_common_angle""],""expected_occurrences_per_event"":""70533894046382382789268371419901569813838907157731294016790356565146837017200408597804558712632345495/71080706727578135770361496976680975155177199515454597125896799216749325267000252578610437006888108951""}]"
24bfeb84a4ce87b56985d174dd98d1d5e1702a2b,f726ad70cb2643533f0d037b518cde1b702724adb4e6571fea25e26e4bfdd61e,b26c3bdea5a42988c0534d45bd092d0cc28e50535e08dc75b4692ed601799911,POSTHOC_ATTRIBUTION_DESIGN_INPUT,True,True,True,True,True,atan:383/3072:scale:-2:epsilon:1e-3,atan:383/3072:scale:-2,1e-3,38,0,95,26921207759385825051325922980301421773067482584705562763015377408703662226441357442791075734150438165/286687326998758938951352611912760867599570623646035140467198604923365359511060601008752319138765710819328,89795522018d5bdd7653196cee67d3bfce8a286cc2387da566b88cd2f36c25e3,38,97,-2*atan(383/3072),atan,383/3072,-2,"[""CTS_collected""]","[""pauli_commuting""]","[""ordinary_rotation""]","[""CTS_collected_common_angle""]","[{""context"":""pauli_commuting"",""x"":""1/8"",""sigma"":-1,""controlled"":false,""epsilon"":""1e-3"",""arm"":""CTS_collected"",""roles"":[""CTS_collected_common_angle""],""expected_occurrences_per_event"":""70533894046382382789268371419901569813838907157731294016790356565146837017200408597804558712632345495/71080706727578135770361496976680975155177199515454597125896799216749325267000252578610437006888108951""}]"
24bfeb84a4ce87b56985d174dd98d1d5e1702a2b,f726ad70cb2643533f0d037b518cde1b702724adb4e6571fea25e26e4bfdd61e,b26c3bdea5a42988c0534d45bd092d0cc28e50535e08dc75b4692ed601799911,POSTHOC_ATTRIBUTION_DESIGN_INPUT,True,True,True,True,True,atan:383/3072:scale:-2:epsilon:1e-4,atan:383/3072:scale:-2,1e-4,52,0,138,68542727948647072132461656154201262830584386375855206233053106469434048516410723679332092787652646921/4586997231980143023221641790604173881593129978336562247475177678773845752176969616140037106220251373109248,e5be6503be5442b3f16743684b8904c6cbb05a2f026c46c1a2d0b0f9366a5572,52,144,-2*atan(383/3072),atan,383/3072,-2,"[""CTS_collected""]","[""pauli_commuting""]","[""ordinary_rotation""]","[""CTS_collected_common_angle""]","[{""context"":""pauli_commuting"",""x"":""1/8"",""sigma"":-1,""controlled"":false,""epsilon"":""1e-4"",""arm"":""CTS_collected"",""roles"":[""CTS_collected_common_angle""],""expected_occurrences_per_event"":""70533894046382382789268371419901569813838907157731294016790356565146837017200408597804558712632345495/71080706727578135770361496976680975155177199515454597125896799216749325267000252578610437006888108951""}]"
24bfeb84a4ce87b56985d174dd98d1d5e1702a2b,f726ad70cb2643533f0d037b518cde1b702724adb4e6571fea25e26e4bfdd61e,b26c3bdea5a42988c0534d45bd092d0cc28e50535e08dc75b4692ed601799911,POSTHOC_ATTRIBUTION_DESIGN_INPUT,True,True,True,True,True,atan:383/3072:scale:-2:epsilon:1e-6,atan:383/3072:scale:-2,1e-6,66,0,167,85495532128682863545640459972217812963471025951987956434599559332095760160250428208435000157023100349/587135645693458306972370149197334256843920637227079967676822742883052256278652110865924749596192175757983744,ff053b1a3457eef56defe34447fe2c516e7fb9d79382fe591214acc290ac1881,66,169,-2*atan(383/3072),atan,383/3072,-2,"[""CTS_collected""]","[""pauli_commuting""]","[""ordinary_rotation""]","[""CTS_collected_common_angle""]","[{""context"":""pauli_commuting"",""x"":""1/8"",""sigma"":-1,""controlled"":false,""epsilon"":""1e-6"",""arm"":""CTS_collected"",""roles"":[""CTS_collected_common_angle""],""expected_occurrences_per_event"":""70533894046382382789268371419901569813838907157731294016790356565146837017200408597804558712632345495/71080706727578135770361496976680975155177199515454597125896799216749325267000252578610437006888108951""}]"
24bfeb84a4ce87b56985d174dd98d1d5e1702a2b,f726ad70cb2643533f0d037b518cde1b702724adb4e6571fea25e26e4bfdd61e,b26c3bdea5a42988c0534d45bd092d0cc28e50535e08dc75b4692ed601799911,POSTHOC_ATTRIBUTION_DESIGN_INPUT,True,True,True,True,True,atan:383/3072:scale:1:epsilon:1e-3,atan:383/3072:scale:1,1e-3,38,0,89,73443738347285759905740996550127173459156941744058988315460905842557268093870876683465094403512618021/573374653997517877902705223825521735199141247292070280934397209846730719022121202017504638277531421638656,51ecb8699985ee8a09d49c85bf15e9893e9f6ca8ff029c39debe1a41d7861114,38,89,1*atan(383/3072),atan,383/3072,1,"[""CTS_collected""]","[""pauli_commuting""]","[""controlled_half_angle_pair""]","[""CTS_collected_common_angle""]","[{""context"":""pauli_commuting"",""x"":""1/8"",""sigma"":-1,""controlled"":true,""epsilon"":""1e-3"",""arm"":""CTS_collected"",""roles"":[""CTS_collected_common_angle""],""expected_occurrences_per_event"":""70533894046382382789268371419901569813838907157731294016790356565146837017200408597804558712632345495/71080706727578135770361496976680975155177199515454597125896799216749325267000252578610437006888108951""},{""context"":""pauli_commuting"",""x"":""1/8"",""sigma"":1,""controlled"":true,""epsilon"":""1e-3"",""arm"":""CTS_collected"",""roles"":[""CTS_collected_common_angle""],""expected_occurrences_per_event"":""70533894046382382789268371419901569813838907157731294016790356565146837017200408597804558712632345495/71080706727578135770361496976680975155177199515454597125896799216749325267000252578610437006888108951""}]"
24bfeb84a4ce87b56985d174dd98d1d5e1702a2b,f726ad70cb2643533f0d037b518cde1b702724adb4e6571fea25e26e4bfdd61e,b26c3bdea5a42988c0534d45bd092d0cc28e50535e08dc75b4692ed601799911,POSTHOC_ATTRIBUTION_DESIGN_INPUT,True,True,True,True,True,atan:383/3072:scale:1:epsilon:1e-4,atan:383/3072:scale:1,1e-4,48,0,123,73722421752104616513975748628138983845581554533408026243452620767505499931852038889708468262658560119/18347988927920572092886567162416695526372519913346248989900710715095383008707878464560148424881005492436992,2e65e8b51b868b168cc46c90366c9dee567e80c050bca097e7140ca716564d19,48,127,1*atan(383/3072),atan,383/3072,1,"[""CTS_collected""]","[""pauli_commuting""]","[""controlled_half_angle_pair""]","[""CTS_collected_common_angle""]","[{""context"":""pauli_commuting"",""x"":""1/8"",""sigma"":-1,""controlled"":true,""epsilon"":""1e-4"",""arm"":""CTS_collected"",""roles"":[""CTS_collected_common_angle""],""expected_occurrences_per_event"":""70533894046382382789268371419901569813838907157731294016790356565146837017200408597804558712632345495/71080706727578135770361496976680975155177199515454597125896799216749325267000252578610437006888108951""},{""context"":""pauli_commuting"",""x"":""1/8"",""sigma"":1,""controlled"":true,""epsilon"":""1e-4"",""arm"":""CTS_collected"",""roles"":[""CTS_collected_common_angle""],""expected_occurrences_per_event"":""70533894046382382789268371419901569813838907157731294016790356565146837017200408597804558712632345495/71080706727578135770361496976680975155177199515454597125896799216749325267000252578610437006888108951""}]"
24bfeb84a4ce87b56985d174dd98d1d5e1702a2b,f726ad70cb2643533f0d037b518cde1b702724adb4e6571fea25e26e4bfdd61e,b26c3bdea5a42988c0534d45bd092d0cc28e50535e08dc75b4692ed601799911,POSTHOC_ATTRIBUTION_DESIGN_INPUT,True,True,True,True,True,atan:383/3072:scale:1:epsilon:1e-6,atan:383/3072:scale:1,1e-6,70,0,182,131179304680732607866067460689422503936528322351704577812366548149725607295868150393276503129715369847/1174271291386916613944740298394668513687841274454159935353645485766104512557304221731849499192384351515967488,73f9874c9fec671a0e2164596d517d7ef31779383e7a68f692f1cc82beb51ab2,70,184,1*atan(383/3072),atan,383/3072,1,"[""CTS_collected""]","[""pauli_commuting""]","[""controlled_half_angle_pair""]","[""CTS_collected_common_angle""]","[{""context"":""pauli_commuting"",""x"":""1/8"",""sigma"":-1,""controlled"":true,""epsilon"":""1e-6"",""arm"":""CTS_collected"",""roles"":[""CTS_collected_common_angle""],""expected_occurrences_per_event"":""70533894046382382789268371419901569813838907157731294016790356565146837017200408597804558712632345495/71080706727578135770361496976680975155177199515454597125896799216749325267000252578610437006888108951""},{""context"":""pauli_commuting"",""x"":""1/8"",""sigma"":1,""controlled"":true,""epsilon"":""1e-6"",""arm"":""CTS_collected"",""roles"":[""CTS_collected_common_angle""],""expected_occurrences_per_event"":""70533894046382382789268371419901569813838907157731294016790356565146837017200408597804558712632345495/71080706727578135770361496976680975155177199515454597125896799216749325267000252578610437006888108951""}]"
24bfeb84a4ce87b56985d174dd98d1d5e1702a2b,f726ad70cb2643533f0d037b518cde1b702724adb4e6571fea25e26e4bfdd61e,b26c3bdea5a42988c0534d45bd092d0cc28e50535e08dc75b4692ed601799911,POSTHOC_ATTRIBUTION_DESIGN_INPUT,True,True,True,True,True,atan:383/3072:scale:2:epsilon:1e-3,atan:383/3072:scale:2,1e-3,38,0,101,11086557001426134051139043803310291083182121360859138734063836064740589368166042244748683053920022495/71671831749689734737838152978190216899892655911508785116799651230841339877765150252188079784691427704832,1447871346076f68af1df16d78b4afed812d6027a16923f5ed1e77d92c400b43,38,108,2*atan(383/3072),atan,383/3072,2,"[""CTS_collected""]","[""pauli_commuting""]","[""ordinary_rotation""]","[""CTS_collected_common_angle""]","[{""context"":""pauli_commuting"",""x"":""1/8"",""sigma"":1,""controlled"":false,""epsilon"":""1e-3"",""arm"":""CTS_collected"",""roles"":[""CTS_collected_common_angle""],""expected_occurrences_per_event"":""70533894046382382789268371419901569813838907157731294016790356565146837017200408597804558712632345495/71080706727578135770361496976680975155177199515454597125896799216749325267000252578610437006888108951""}]"
24bfeb84a4ce87b56985d174dd98d1d5e1702a2b,f726ad70cb2643533f0d037b518cde1b702724adb4e6571fea25e26e4bfdd61e,b26c3bdea5a42988c0534d45bd092d0cc28e50535e08dc75b4692ed601799911,POSTHOC_ATTRIBUTION_DESIGN_INPUT,True,True,True,True,True,atan:383/3072:scale:2:epsilon:1e-4,atan:383/3072:scale:2,1e-4,52,0,135,71464613321063828411861707200203528860696816917725562622691491058320354966344454637165703232395006383/4586997231980143023221641790604173881593129978336562247475177678773845752176969616140037106220251373109248,167d00c0c614a98f815e2921d3f77d6b018ec83c2981421d2b00b86a1468d43c,52,137,2*atan(383/3072),atan,383/3072,2,"[""CTS_collected""]","[""pauli_commuting""]","[""ordinary_rotation""]","[""CTS_collected_common_angle""]","[{""context"":""pauli_commuting"",""x"":""1/8"",""sigma"":1,""controlled"":false,""epsilon"":""1e-4"",""arm"":""CTS_collected"",""roles"":[""CTS_collected_common_angle""],""expected_occurrences_per_event"":""70533894046382382789268371419901569813838907157731294016790356565146837017200408597804558712632345495/71080706727578135770361496976680975155177199515454597125896799216749325267000252578610437006888108951""}]"
24bfeb84a4ce87b56985d174dd98d1d5e1702a2b,f726ad70cb2643533f0d037b518cde1b702724adb4e6571fea25e26e4bfdd61e,b26c3bdea5a42988c0534d45bd092d0cc28e50535e08dc75b4692ed601799911,POSTHOC_ATTRIBUTION_DESIGN_INPUT,True,True,True,True,True,atan:383/3072:scale:2:epsilon:1e-6,atan:383/3072:scale:2,1e-6,66,0,167,42747766064341431772820229986108906481735512975993978217299779666047880080125213874857030638222810861/293567822846729153486185074598667128421960318613539983838411371441526128139326055432962374798096087878991872,1a606176e5780409d94efa90f986f5d5da0a49f450eaf03024413bb18134f6de,66,169,2*atan(383/3072),atan,383/3072,2,"[""CTS_collected""]","[""pauli_commuting""]","[""ordinary_rotation""]","[""CTS_collected_common_angle""]","[{""context"":""pauli_commuting"",""x"":""1/8"",""sigma"":1,""controlled"":false,""epsilon"":""1e-6"",""arm"":""CTS_collected"",""roles"":[""CTS_collected_common_angle""],""expected_occurrences_per_event"":""70533894046382382789268371419901569813838907157731294016790356565146837017200408597804558712632345495/71080706727578135770361496976680975155177199515454597125896799216749325267000252578610437006888108951""}]"
24bfeb84a4ce87b56985d174dd98d1d5e1702a2b,f726ad70cb2643533f0d037b518cde1b702724adb4e6571fea25e26e4bfdd61e,b26c3bdea5a42988c0534d45bd092d0cc28e50535e08dc75b4692ed601799911,POSTHOC_ATTRIBUTION_DESIGN_INPUT,True,True,True,True,True,atan:385/3096:scale:-1:epsilon:1e-3,atan:385/3096:scale:-1,1e-3,40,0,97,1097600971069073943037043226898837473841742832086561989548182500297277892747074442330243478029022655/8958978968711216842229769122273777112486581988938598139599956403855167484720643781523509973086428463104,bffc10f4d8bed4f8692b90cf852298ba1d7d0c039d8254716be1a250433e78a8,40,99,-1*atan(385/3096),atan,385/3096,-1,"[""A""]","[""distinct_basis"",""pauli_commuting"",""pauli_noncommuting""]","[""controlled_half_angle_pair""]","[""A_rho_even_order_0"",""A_rho_even_order_2"",""A_rho_odd_complement""]","[{""context"":""pauli_commuting"",""x"":""1/8"",""sigma"":-1,""controlled"":true,""epsilon"":""1e-3"",""arm"":""A"",""roles"":[""A_rho_even_order_0"",""A_rho_odd_complement"",""A_rho_even_order_2""],""expected_occurrences_per_event"":""1""},{""context"":""pauli_commuting"",""x"":""1/8"",""sigma"":1,""controlled"":true,""epsilon"":""1e-3"",""arm"":""A"",""roles"":[""A_rho_even_order_0"",""A_rho_odd_complement"",""A_rho_even_order_2""],""expected_occurrences_per_event"":""1""},{""context"":""pauli_noncommuting"",""x"":""1/8"",""sigma"":-1,""controlled"":true,""epsilon"":""1e-3"",""arm"":""A"",""roles"":[""A_rho_even_order_0"",""A_rho_odd_complement"",""A_rho_even_order_2""],""expected_occurrences_per_event"":""1""},{""context"":""pauli_noncommuting"",""x"":""1/8"",""sigma"":1,""controlled"":true,""epsilon"":""1e-3"",""arm"":""A"",""roles"":[""A_rho_even_order_0"",""A_rho_odd_complement"",""A_rho_even_order_2""],""expected_occurrences_per_event"":""1""},{""context"":""distinct_basis"",""x"":""1/8"",""sigma"":-1,""controlled"":true,""epsilon"":""1e-3"",""arm"":""A"",""roles"":[""A_rho_even_order_0"",""A_rho_odd_complement"",""A_rho_even_order_2""],""expected_occurrences_per_event"":""1""},{""context"":""distinct_basis"",""x"":""1/8"",""sigma"":1,""controlled"":true,""epsilon"":""1e-3"",""arm"":""A"",""roles"":[""A_rho_even_order_0"",""A_rho_odd_complement"",""A_rho_even_order_2""],""expected_occurrences_per_event"":""1""}]"
24bfeb84a4ce87b56985d174dd98d1d5e1702a2b,f726ad70cb2643533f0d037b518cde1b702724adb4e6571fea25e26e4bfdd61e,b26c3bdea5a42988c0534d45bd092d0cc28e50535e08dc75b4692ed601799911,POSTHOC_ATTRIBUTION_DESIGN_INPUT,True,True,True,True,True,atan:385/3096:scale:-1:epsilon:1e-4,atan:385/3096:scale:-1,1e-4,46,0,112,9073516482384175483012969949785389978472970511157666489253555813051298357557899581820823215899858655/573374653997517877902705223825521735199141247292070280934397209846730719022121202017504638277531421638656,d4cda713d26950c2c6c4ce677fc73acc1453c2c5fed4258ae7f88686b3cf2632,46,115,-1*atan(385/3096),atan,385/3096,-1,"[""A""]","[""distinct_basis"",""pauli_commuting"",""pauli_noncommuting""]","[""controlled_half_angle_pair""]","[""A_rho_even_order_0"",""A_rho_even_order_2"",""A_rho_odd_complement""]","[{""context"":""pauli_commuting"",""x"":""1/8"",""sigma"":-1,""controlled"":true,""epsilon"":""1e-4"",""arm"":""A"",""roles"":[""A_rho_even_order_0"",""A_rho_odd_complement"",""A_rho_even_order_2""],""expected_occurrences_per_event"":""1""},{""context"":""pauli_commuting"",""x"":""1/8"",""sigma"":1,""controlled"":true,""epsilon"":""1e-4"",""arm"":""A"",""roles"":[""A_rho_even_order_0"",""A_rho_odd_complement"",""A_rho_even_order_2""],""expected_occurrences_per_event"":""1""},{""context"":""pauli_noncommuting"",""x"":""1/8"",""sigma"":-1,""controlled"":true,""epsilon"":""1e-4"",""arm"":""A"",""roles"":[""A_rho_even_order_0"",""A_rho_odd_complement"",""A_rho_even_order_2""],""expected_occurrences_per_event"":""1""},{""context"":""pauli_noncommuting"",""x"":""1/8"",""sigma"":1,""controlled"":true,""epsilon"":""1e-4"",""arm"":""A"",""roles"":[""A_rho_even_order_0"",""A_rho_odd_complement"",""A_rho_even_order_2""],""expected_occurrences_per_event"":""1""},{""context"":""distinct_basis"",""x"":""1/8"",""sigma"":-1,""controlled"":true,""epsilon"":""1e-4"",""arm"":""A"",""roles"":[""A_rho_even_order_0"",""A_rho_odd_complement"",""A_rho_even_order_2""],""expected_occurrences_per_event"":""1""},{""context"":""distinct_basis"",""x"":""1/8"",""sigma"":1,""controlled"":true,""epsilon"":""1e-4"",""arm"":""A"",""roles"":[""A_rho_even_order_0"",""A_rho_odd_complement"",""A_rho_even_order_2""],""expected_occurrences_per_event"":""1""}]"
24bfeb84a4ce87b56985d174dd98d1d5e1702a2b,f726ad70cb2643533f0d037b518cde1b702724adb4e6571fea25e26e4bfdd61e,b26c3bdea5a42988c0534d45bd092d0cc28e50535e08dc75b4692ed601799911,POSTHOC_ATTRIBUTION_DESIGN_INPUT,True,True,True,True,True,atan:385/3096:scale:-1:epsilon:1e-6,atan:385/3096:scale:-1,1e-6,70,0,182,2645039865033662109492843247469188894692399792864223137074984662520243614023269230815770114098260505/18347988927920572092886567162416695526372519913346248989900710715095383008707878464560148424881005492436992,64f0ad327aac86dda2a102fd47c12a63822fbc59a37edb26df878525c2ecf307,70,183,-1*atan(385/3096),atan,385/3096,-1,"[""A""]","[""distinct_basis"",""pauli_commuting"",""pauli_noncommuting""]","[""controlled_half_angle_pair""]","[""A_rho_even_order_0"",""A_rho_even_order_2"",""A_rho_odd_complement""]","[{""context"":""pauli_commuting"",""x"":""1/8"",""sigma"":-1,""controlled"":true,""epsilon"":""1e-6"",""arm"":""A"",""roles"":[""A_rho_even_order_0"",""A_rho_odd_complement"",""A_rho_even_order_2""],""expected_occurrences_per_event"":""1""},{""context"":""pauli_commuting"",""x"":""1/8"",""sigma"":1,""controlled"":true,""epsilon"":""1e-6"",""arm"":""A"",""roles"":[""A_rho_even_order_0"",""A_rho_odd_complement"",""A_rho_even_order_2""],""expected_occurrences_per_event"":""1""},{""context"":""pauli_noncommuting"",""x"":""1/8"",""sigma"":-1,""controlled"":true,""epsilon"":""1e-6"",""arm"":""A"",""roles"":[""A_rho_even_order_0"",""A_rho_odd_complement"",""A_rho_even_order_2""],""expected_occurrences_per_event"":""1""},{""context"":""pauli_noncommuting"",""x"":""1/8"",""sigma"":1,""controlled"":true,""epsilon"":""1e-6"",""arm"":""A"",""roles"":[""A_rho_even_order_0"",""A_rho_odd_complement"",""A_rho_even_order_2""],""expected_occurrences_per_event"":""1""},{""context"":""distinct_basis"",""x"":""1/8"",""sigma"":-1,""controlled"":true,""epsilon"":""1e-6"",""arm"":""A"",""roles"":[""A_rho_even_order_0"",""A_rho_odd_complement"",""A_rho_even_order_2""],""expected_occurrences_per_event"":""1""},{""context"":""distinct_basis"",""x"":""1/8"",""sigma"":1,""controlled"":true,""epsilon"":""1e-6"",""arm"":""A"",""roles"":[""A_rho_even_order_0"",""A_rho_odd_complement"",""A_rho_even_order_2""],""expected_occurrences_per_event"":""1""}]"
24bfeb84a4ce87b56985d174dd98d1d5e1702a2b,f726ad70cb2643533f0d037b518cde1b702724adb4e6571fea25e26e4bfdd61e,b26c3bdea5a42988c0534d45bd092d0cc28e50535e08dc75b4692ed601799911,POSTHOC_ATTRIBUTION_DESIGN_INPUT,True,True,True,True,True,atan:385/3096:scale:-2:epsilon:1e-3,atan:385/3096:scale:-2,1e-3,38,0,100,82865987160744071007112651099997703866740952840753564663100787665314041649984470380437829807754001209/573374653997517877902705223825521735199141247292070280934397209846730719022121202017504638277531421638656,6fffe53901bf4711124428aa392fe7a8f2d156a3fcba175f96a4ee79c91f78f9,38,101,-2*atan(385/3096),atan,385/3096,-2,"[""A""]","[""distinct_basis"",""pauli_commuting"",""pauli_noncommuting""]","[""ordinary_rotation""]","[""A_rho_even_order_0"",""A_rho_even_order_2"",""A_rho_odd_complement""]","[{""context"":""pauli_commuting"",""x"":""1/8"",""sigma"":-1,""controlled"":false,""epsilon"":""1e-3"",""arm"":""A"",""roles"":[""A_rho_even_order_0"",""A_rho_even_order_2""],""expected_occurrences_per_event"":""36206464752294458619570803692604660423740212586730808090659990391834844101536776493721056860591392579013/36394059218415760030378756206221750287297003746685534696565978319951375909304458794160098139635926904747""},{""context"":""pauli_commuting"",""x"":""1/8"",""sigma"":1,""controlled"":false,""epsilon"":""1e-3"",""arm"":""A"",""roles"":[""A_rho_odd_complement""],""expected_occurrences_per_event"":""187594466121301410807952513617089863556791159954726605905987928116531807767682300439041279044534325734/36394059218415760030378756206221750287297003746685534696565978319951375909304458794160098139635926904747""},{""context"":""pauli_noncommuting"",""x"":""1/8"",""sigma"":-1,""controlled"":false,""epsilon"":""1e-3"",""arm"":""A"",""roles"":[""A_rho_even_order_0"",""A_rho_even_order_2""],""expected_occurrences_per_event"":""36206464752294458619570803692604660423740212586730808090659990391834844101536776493721056860591392579013/36394059218415760030378756206221750287297003746685534696565978319951375909304458794160098139635926904747""},{""context"":""pauli_noncommuting"",""x"":""1/8"",""sigma"":1,""controlled"":false,""epsilon"":""1e-3"",""arm"":""A"",""roles"":[""A_rho_odd_complement""],""expected_occurrences_per_event"":""187594466121301410807952513617089863556791159954726605905987928116531807767682300439041279044534325734/36394059218415760030378756206221750287297003746685534696565978319951375909304458794160098139635926904747""},{""context"":""distinct_basis"",""x"":""1/8"",""sigma"":-1,""controlled"":false,""epsilon"":""1e-3"",""arm"":""A"",""roles"":[""A_rho_even_order_0"",""A_rho_even_order_2""],""expected_occurrences_per_event"":""36206464752294458619570803692604660423740212586730808090659990391834844101536776493721056860591392579013/36394059218415760030378756206221750287297003746685534696565978319951375909304458794160098139635926904747""},{""context"":""distinct_basis"",""x"":""1/8"",""sigma"":1,""controlled"":false,""epsilon"":""1e-3"",""arm"":""A"",""roles"":[""A_rho_odd_complement""],""expected_occurrences_per_event"":""187594466121301410807952513617089863556791159954726605905987928116531807767682300439041279044534325734/36394059218415760030378756206221750287297003746685534696565978319951375909304458794160098139635926904747""}]"
24bfeb84a4ce87b56985d174dd98d1d5e1702a2b,f726ad70cb2643533f0d037b518cde1b702724adb4e6571fea25e26e4bfdd61e,b26c3bdea5a42988c0534d45bd092d0cc28e50535e08dc75b4692ed601799911,POSTHOC_ATTRIBUTION_DESIGN_INPUT,True,True,True,True,True,atan:385/3096:scale:-2:epsilon:1e-4,atan:385/3096:scale:-2,1e-4,48,0,118,54200514143461961538479932734279921405553930955156990129871818051598136646548360287104100890161566653/4586997231980143023221641790604173881593129978336562247475177678773845752176969616140037106220251373109248,b454aa58d4796ded194ee3b30c4bd56ad169f313fffd8d480a04c512cfda327f,48,119,-2*atan(385/3096),atan,385/3096,-2,"[""A""]","[""distinct_basis"",""pauli_commuting"",""pauli_noncommuting""]","[""ordinary_rotation""]","[""A_rho_even_order_0"",""A_rho_even_order_2"",""A_rho_odd_complement""]","[{""context"":""pauli_commuting"",""x"":""1/8"",""sigma"":-1,""controlled"":false,""epsilon"":""1e-4"",""arm"":""A"",""roles"":[""A_rho_even_order_0"",""A_rho_even_order_2""],""expected_occurrences_per_event"":""36206464752294458619570803692604660423740212586730808090659990391834844101536776493721056860591392579013/36394059218415760030378756206221750287297003746685534696565978319951375909304458794160098139635926904747""},{""context"":""pauli_commuting"",""x"":""1/8"",""sigma"":1,""controlled"":false,""epsilon"":""1e-4"",""arm"":""A"",""roles"":[""A_rho_odd_complement""],""expected_occurrences_per_event"":""187594466121301410807952513617089863556791159954726605905987928116531807767682300439041279044534325734/36394059218415760030378756206221750287297003746685534696565978319951375909304458794160098139635926904747""},{""context"":""pauli_noncommuting"",""x"":""1/8"",""sigma"":-1,""controlled"":false,""epsilon"":""1e-4"",""arm"":""A"",""roles"":[""A_rho_even_order_0"",""A_rho_even_order_2""],""expected_occurrences_per_event"":""36206464752294458619570803692604660423740212586730808090659990391834844101536776493721056860591392579013/36394059218415760030378756206221750287297003746685534696565978319951375909304458794160098139635926904747""},{""context"":""pauli_noncommuting"",""x"":""1/8"",""sigma"":1,""controlled"":false,""epsilon"":""1e-4"",""arm"":""A"",""roles"":[""A_rho_odd_complement""],""expected_occurrences_per_event"":""187594466121301410807952513617089863556791159954726605905987928116531807767682300439041279044534325734/36394059218415760030378756206221750287297003746685534696565978319951375909304458794160098139635926904747""},{""context"":""distinct_basis"",""x"":""1/8"",""sigma"":-1,""controlled"":false,""epsilon"":""1e-4"",""arm"":""A"",""roles"":[""A_rho_even_order_0"",""A_rho_even_order_2""],""expected_occurrences_per_event"":""36206464752294458619570803692604660423740212586730808090659990391834844101536776493721056860591392579013/36394059218415760030378756206221750287297003746685534696565978319951375909304458794160098139635926904747""},{""context"":""distinct_basis"",""x"":""1/8"",""sigma"":1,""controlled"":false,""epsilon"":""1e-4"",""arm"":""A"",""roles"":[""A_rho_odd_complement""],""expected_occurrences_per_event"":""187594466121301410807952513617089863556791159954726605905987928116531807767682300439041279044534325734/36394059218415760030378756206221750287297003746685534696565978319951375909304458794160098139635926904747""}]"
24bfeb84a4ce87b56985d174dd98d1d5e1702a2b,f726ad70cb2643533f0d037b518cde1b702724adb4e6571fea25e26e4bfdd61e,b26c3bdea5a42988c0534d45bd092d0cc28e50535e08dc75b4692ed601799911,POSTHOC_ATTRIBUTION_DESIGN_INPUT,True,True,True,True,True,atan:385/3096:scale:-2:epsilon:1e-6,atan:385/3096:scale:-2,1e-6,68,0,176,539838742964623697670927083462040559610053005770603304941971482260740942448400973620104640784290391/4586997231980143023221641790604173881593129978336562247475177678773845752176969616140037106220251373109248,deaf66fef5a5e78becc990c0b0b336a8690cb0b79b76d35f238ebb3d56e12505,68,181,-2*atan(385/3096),atan,385/3096,-2,"[""A""]","[""distinct_basis"",""pauli_commuting"",""pauli_noncommuting""]","[""ordinary_rotation""]","[""A_rho_even_order_0"",""A_rho_even_order_2"",""A_rho_odd_complement""]","[{""context"":""pauli_commuting"",""x"":""1/8"",""sigma"":-1,""controlled"":false,""epsilon"":""1e-6"",""arm"":""A"",""roles"":[""A_rho_even_order_0"",""A_rho_even_order_2""],""expected_occurrences_per_event"":""36206464752294458619570803692604660423740212586730808090659990391834844101536776493721056860591392579013/36394059218415760030378756206221750287297003746685534696565978319951375909304458794160098139635926904747""},{""context"":""pauli_commuting"",""x"":""1/8"",""sigma"":1,""controlled"":false,""epsilon"":""1e-6"",""arm"":""A"",""roles"":[""A_rho_odd_complement""],""expected_occurrences_per_event"":""187594466121301410807952513617089863556791159954726605905987928116531807767682300439041279044534325734/36394059218415760030378756206221750287297003746685534696565978319951375909304458794160098139635926904747""},{""context"":""pauli_noncommuting"",""x"":""1/8"",""sigma"":-1,""controlled"":false,""epsilon"":""1e-6"",""arm"":""A"",""roles"":[""A_rho_even_order_0"",""A_rho_even_order_2""],""expected_occurrences_per_event"":""36206464752294458619570803692604660423740212586730808090659990391834844101536776493721056860591392579013/36394059218415760030378756206221750287297003746685534696565978319951375909304458794160098139635926904747""},{""context"":""pauli_noncommuting"",""x"":""1/8"",""sigma"":1,""controlled"":false,""epsilon"":""1e-6"",""arm"":""A"",""roles"":[""A_rho_odd_complement""],""expected_occurrences_per_event"":""187594466121301410807952513617089863556791159954726605905987928116531807767682300439041279044534325734/36394059218415760030378756206221750287297003746685534696565978319951375909304458794160098139635926904747""},{""context"":""distinct_basis"",""x"":""1/8"",""sigma"":-1,""controlled"":false,""epsilon"":""1e-6"",""arm"":""A"",""roles"":[""A_rho_even_order_0"",""A_rho_even_order_2""],""expected_occurrences_per_event"":""36206464752294458619570803692604660423740212586730808090659990391834844101536776493721056860591392579013/36394059218415760030378756206221750287297003746685534696565978319951375909304458794160098139635926904747""},{""context"":""distinct_basis"",""x"":""1/8"",""sigma"":1,""controlled"":false,""epsilon"":""1e-6"",""arm"":""A"",""roles"":[""A_rho_odd_complement""],""expected_occurrences_per_event"":""187594466121301410807952513617089863556791159954726605905987928116531807767682300439041279044534325734/36394059218415760030378756206221750287297003746685534696565978319951375909304458794160098139635926904747""}]"
24bfeb84a4ce87b56985d174dd98d1d5e1702a2b,f726ad70cb2643533f0d037b518cde1b702724adb4e6571fea25e26e4bfdd61e,b26c3bdea5a42988c0534d45bd092d0cc28e50535e08dc75b4692ed601799911,POSTHOC_ATTRIBUTION_DESIGN_INPUT,True,True,True,True,True,atan:385/3096:scale:1:epsilon:1e-3,atan:385/3096:scale:1,1e-3,40,0,103,96755239659540664074234631545263961805903157918731448065336200208735997197232728254588589756843009077/573374653997517877902705223825521735199141247292070280934397209846730719022121202017504638277531421638656,4d129277aae4efb37111472358d64b84079577456219102863a053e8c77a27e0,40,106,1*atan(385/3096),atan,385/3096,1,"[""A""]","[""distinct_basis"",""pauli_commuting"",""pauli_noncommuting""]","[""controlled_half_angle_pair""]","[""A_rho_even_order_0"",""A_rho_even_order_2"",""A_rho_odd_complement""]","[{""context"":""pauli_commuting"",""x"":""1/8"",""sigma"":-1,""controlled"":true,""epsilon"":""1e-3"",""arm"":""A"",""roles"":[""A_rho_even_order_0"",""A_rho_odd_complement"",""A_rho_even_order_2""],""expected_occurrences_per_event"":""1""},{""context"":""pauli_commuting"",""x"":""1/8"",""sigma"":1,""controlled"":true,""epsilon"":""1e-3"",""arm"":""A"",""roles"":[""A_rho_even_order_0"",""A_rho_odd_complement"",""A_rho_even_order_2""],""expected_occurrences_per_event"":""1""},{""context"":""pauli_noncommuting"",""x"":""1/8"",""sigma"":-1,""controlled"":true,""epsilon"":""1e-3"",""arm"":""A"",""roles"":[""A_rho_even_order_0"",""A_rho_odd_complement"",""A_rho_even_order_2""],""expected_occurrences_per_event"":""1""},{""context"":""pauli_noncommuting"",""x"":""1/8"",""sigma"":1,""controlled"":true,""epsilon"":""1e-3"",""arm"":""A"",""roles"":[""A_rho_even_order_0"",""A_rho_odd_complement"",""A_rho_even_order_2""],""expected_occurrences_per_event"":""1""},{""context"":""distinct_basis"",""x"":""1/8"",""sigma"":-1,""controlled"":true,""epsilon"":""1e-3"",""arm"":""A"",""roles"":[""A_rho_even_order_0"",""A_rho_odd_complement"",""A_rho_even_order_2""],""expected_occurrences_per_event"":""1""},{""context"":""distinct_basis"",""x"":""1/8"",""sigma"":1,""controlled"":true,""epsilon"":""1e-3"",""arm"":""A"",""roles"":[""A_rho_even_order_0"",""A_rho_odd_complement"",""A_rho_even_order_2""],""expected_occurrences_per_event"":""1""}]"
24bfeb84a4ce87b56985d174dd98d1d5e1702a2b,f726ad70cb2643533f0d037b518cde1b702724adb4e6571fea25e26e4bfdd61e,b26c3bdea5a42988c0534d45bd092d0cc28e50535e08dc75b4692ed601799911,POSTHOC_ATTRIBUTION_DESIGN_INPUT,True,True,True,True,True,atan:385/3096:scale:1:epsilon:1e-4,atan:385/3096:scale:1,1e-4,46,0,124,72588131859073403864103759598283119827783764089261331914028446504410386860463196654540901318284362979/4586997231980143023221641790604173881593129978336562247475177678773845752176969616140037106220251373109248,db390d83445e2387d46d88fd39875ab87b3f72e3d2aa21a23e27157117c409d1,46,124,1*atan(385/3096),atan,385/3096,1,"[""A""]","[""distinct_basis"",""pauli_commuting"",""pauli_noncommuting""]","[""controlled_half_angle_pair""]","[""A_rho_even_order_0"",""A_rho_even_order_2"",""A_rho_odd_complement""]","[{""context"":""pauli_commuting"",""x"":""1/8"",""sigma"":-1,""controlled"":true,""epsilon"":""1e-4"",""arm"":""A"",""roles"":[""A_rho_even_order_0"",""A_rho_odd_complement"",""A_rho_even_order_2""],""expected_occurrences_per_event"":""1""},{""context"":""pauli_commuting"",""x"":""1/8"",""sigma"":1,""controlled"":true,""epsilon"":""1e-4"",""arm"":""A"",""roles"":[""A_rho_even_order_0"",""A_rho_odd_complement"",""A_rho_even_order_2""],""expected_occurrences_per_event"":""1""},{""context"":""pauli_noncommuting"",""x"":""1/8"",""sigma"":-1,""controlled"":true,""epsilon"":""1e-4"",""arm"":""A"",""roles"":[""A_rho_even_order_0"",""A_rho_odd_complement"",""A_rho_even_order_2""],""expected_occurrences_per_event"":""1""},{""context"":""pauli_noncommuting"",""x"":""1/8"",""sigma"":1,""controlled"":true,""epsilon"":""1e-4"",""arm"":""A"",""roles"":[""A_rho_even_order_0"",""A_rho_odd_complement"",""A_rho_even_order_2""],""expected_occurrences_per_event"":""1""},{""context"":""distinct_basis"",""x"":""1/8"",""sigma"":-1,""controlled"":true,""epsilon"":""1e-4"",""arm"":""A"",""roles"":[""A_rho_even_order_0"",""A_rho_odd_complement"",""A_rho_even_order_2""],""expected_occurrences_per_event"":""1""},{""context"":""distinct_basis"",""x"":""1/8"",""sigma"":1,""controlled"":true,""epsilon"":""1e-4"",""arm"":""A"",""roles"":[""A_rho_even_order_0"",""A_rho_odd_complement"",""A_rho_even_order_2""],""expected_occurrences_per_event"":""1""}]"
24bfeb84a4ce87b56985d174dd98d1d5e1702a2b,f726ad70cb2643533f0d037b518cde1b702724adb4e6571fea25e26e4bfdd61e,b26c3bdea5a42988c0534d45bd092d0cc28e50535e08dc75b4692ed601799911,POSTHOC_ATTRIBUTION_DESIGN_INPUT,True,True,True,True,True,atan:385/3096:scale:1:epsilon:1e-6,atan:385/3096:scale:1,1e-6,70,0,169,10954398027823874322173719201757637353981283050110417569852491386981578213413145927837085215470008001/73391955711682288371546268649666782105490079653384995959602842860381532034831513858240593699524021969747968,a0482ac9e2e3c6c2ea334c6d1763da3ad28fb8d1842f0f14dbc29e13041caa77,70,176,1*atan(385/3096),atan,385/3096,1,"[""A""]","[""distinct_basis"",""pauli_commuting"",""pauli_noncommuting""]","[""controlled_half_angle_pair""]","[""A_rho_even_order_0"",""A_rho_even_order_2"",""A_rho_odd_complement""]","[{""context"":""pauli_commuting"",""x"":""1/8"",""sigma"":-1,""controlled"":true,""epsilon"":""1e-6"",""arm"":""A"",""roles"":[""A_rho_even_order_0"",""A_rho_odd_complement"",""A_rho_even_order_2""],""expected_occurrences_per_event"":""1""},{""context"":""pauli_commuting"",""x"":""1/8"",""sigma"":1,""controlled"":true,""epsilon"":""1e-6"",""arm"":""A"",""roles"":[""A_rho_even_order_0"",""A_rho_odd_complement"",""A_rho_even_order_2""],""expected_occurrences_per_event"":""1""},{""context"":""pauli_noncommuting"",""x"":""1/8"",""sigma"":-1,""controlled"":true,""epsilon"":""1e-6"",""arm"":""A"",""roles"":[""A_rho_even_order_0"",""A_rho_odd_complement"",""A_rho_even_order_2""],""expected_occurrences_per_event"":""1""},{""context"":""pauli_noncommuting"",""x"":""1/8"",""sigma"":1,""controlled"":true,""epsilon"":""1e-6"",""arm"":""A"",""roles"":[""A_rho_even_order_0"",""A_rho_odd_complement"",""A_rho_even_order_2""],""expected_occurrences_per_event"":""1""},{""context"":""distinct_basis"",""x"":""1/8"",""sigma"":-1,""controlled"":true,""epsilon"":""1e-6"",""arm"":""A"",""roles"":[""A_rho_even_order_0"",""A_rho_odd_complement"",""A_rho_even_order_2""],""expected_occurrences_per_event"":""1""},{""context"":""distinct_basis"",""x"":""1/8"",""sigma"":1,""controlled"":true,""epsilon"":""1e-6"",""arm"":""A"",""roles"":[""A_rho_even_order_0"",""A_rho_odd_complement"",""A_rho_even_order_2""],""expected_occurrences_per_event"":""1""}]"
24bfeb84a4ce87b56985d174dd98d1d5e1702a2b,f726ad70cb2643533f0d037b518cde1b702724adb4e6571fea25e26e4bfdd61e,b26c3bdea5a42988c0534d45bd092d0cc28e50535e08dc75b4692ed601799911,POSTHOC_ATTRIBUTION_DESIGN_INPUT,True,True,True,True,True,atan:385/3096:scale:2:epsilon:1e-3,atan:385/3096:scale:2,1e-3,38,0,89,82865987160744071007112651099997703866740952840753564663100787665314041649984470380437850212226417497/573374653997517877902705223825521735199141247292070280934397209846730719022121202017504638277531421638656,3b895f043f4d6b4647cc02aee007bcf220ad4d6bf5ede5f3b37473926cd3a8a1,38,92,2*atan(385/3096),atan,385/3096,2,"[""A""]","[""distinct_basis"",""pauli_commuting"",""pauli_noncommuting""]","[""ordinary_rotation""]","[""A_rho_even_order_0"",""A_rho_even_order_2"",""A_rho_odd_complement""]","[{""context"":""pauli_commuting"",""x"":""1/8"",""sigma"":-1,""controlled"":false,""epsilon"":""1e-3"",""arm"":""A"",""roles"":[""A_rho_odd_complement""],""expected_occurrences_per_event"":""187594466121301410807952513617089863556791159954726605905987928116531807767682300439041279044534325734/36394059218415760030378756206221750287297003746685534696565978319951375909304458794160098139635926904747""},{""context"":""pauli_commuting"",""x"":""1/8"",""sigma"":1,""controlled"":false,""epsilon"":""1e-3"",""arm"":""A"",""roles"":[""A_rho_even_order_0"",""A_rho_even_order_2""],""expected_occurrences_per_event"":""36206464752294458619570803692604660423740212586730808090659990391834844101536776493721056860591392579013/36394059218415760030378756206221750287297003746685534696565978319951375909304458794160098139635926904747""},{""context"":""pauli_noncommuting"",""x"":""1/8"",""sigma"":-1,""controlled"":false,""epsilon"":""1e-3"",""arm"":""A"",""roles"":[""A_rho_odd_complement""],""expected_occurrences_per_event"":""187594466121301410807952513617089863556791159954726605905987928116531807767682300439041279044534325734/36394059218415760030378756206221750287297003746685534696565978319951375909304458794160098139635926904747""},{""context"":""pauli_noncommuting"",""x"":""1/8"",""sigma"":1,""controlled"":false,""epsilon"":""1e-3"",""arm"":""A"",""roles"":[""A_rho_even_order_0"",""A_rho_even_order_2""],""expected_occurrences_per_event"":""36206464752294458619570803692604660423740212586730808090659990391834844101536776493721056860591392579013/36394059218415760030378756206221750287297003746685534696565978319951375909304458794160098139635926904747""},{""context"":""distinct_basis"",""x"":""1/8"",""sigma"":-1,""controlled"":false,""epsilon"":""1e-3"",""arm"":""A"",""roles"":[""A_rho_odd_complement""],""expected_occurrences_per_event"":""187594466121301410807952513617089863556791159954726605905987928116531807767682300439041279044534325734/36394059218415760030378756206221750287297003746685534696565978319951375909304458794160098139635926904747""},{""context"":""distinct_basis"",""x"":""1/8"",""sigma"":1,""controlled"":false,""epsilon"":""1e-3"",""arm"":""A"",""roles"":[""A_rho_even_order_0"",""A_rho_even_order_2""],""expected_occurrences_per_event"":""36206464752294458619570803692604660423740212586730808090659990391834844101536776493721056860591392579013/36394059218415760030378756206221750287297003746685534696565978319951375909304458794160098139635926904747""}]"
24bfeb84a4ce87b56985d174dd98d1d5e1702a2b,f726ad70cb2643533f0d037b518cde1b702724adb4e6571fea25e26e4bfdd61e,b26c3bdea5a42988c0534d45bd092d0cc28e50535e08dc75b4692ed601799911,POSTHOC_ATTRIBUTION_DESIGN_INPUT,True,True,True,True,True,atan:385/3096:scale:2:epsilon:1e-4,atan:385/3096:scale:2,1e-4,48,0,124,6775064267932745192309991591784990175694241369394623766233977256449767080818545035895535559309997085/573374653997517877902705223825521735199141247292070280934397209846730719022121202017504638277531421638656,868385657b4f49aeb41ee45195bbeb90562e6602f4da0b3d7505ed32124c1e44,48,127,2*atan(385/3096),atan,385/3096,2,"[""A""]","[""distinct_basis"",""pauli_commuting"",""pauli_noncommuting""]","[""ordinary_rotation""]","[""A_rho_even_order_0"",""A_rho_even_order_2"",""A_rho_odd_complement""]","[{""context"":""pauli_commuting"",""x"":""1/8"",""sigma"":-1,""controlled"":false,""epsilon"":""1e-4"",""arm"":""A"",""roles"":[""A_rho_odd_complement""],""expected_occurrences_per_event"":""187594466121301410807952513617089863556791159954726605905987928116531807767682300439041279044534325734/36394059218415760030378756206221750287297003746685534696565978319951375909304458794160098139635926904747""},{""context"":""pauli_commuting"",""x"":""1/8"",""sigma"":1,""controlled"":false,""epsilon"":""1e-4"",""arm"":""A"",""roles"":[""A_rho_even_order_0"",""A_rho_even_order_2""],""expected_occurrences_per_event"":""36206464752294458619570803692604660423740212586730808090659990391834844101536776493721056860591392579013/36394059218415760030378756206221750287297003746685534696565978319951375909304458794160098139635926904747""},{""context"":""pauli_noncommuting"",""x"":""1/8"",""sigma"":-1,""controlled"":false,""epsilon"":""1e-4"",""arm"":""A"",""roles"":[""A_rho_odd_complement""],""expected_occurrences_per_event"":""187594466121301410807952513617089863556791159954726605905987928116531807767682300439041279044534325734/36394059218415760030378756206221750287297003746685534696565978319951375909304458794160098139635926904747""},{""context"":""pauli_noncommuting"",""x"":""1/8"",""sigma"":1,""controlled"":false,""epsilon"":""1e-4"",""arm"":""A"",""roles"":[""A_rho_even_order_0"",""A_rho_even_order_2""],""expected_occurrences_per_event"":""36206464752294458619570803692604660423740212586730808090659990391834844101536776493721056860591392579013/36394059218415760030378756206221750287297003746685534696565978319951375909304458794160098139635926904747""},{""context"":""distinct_basis"",""x"":""1/8"",""sigma"":-1,""controlled"":false,""epsilon"":""1e-4"",""arm"":""A"",""roles"":[""A_rho_odd_complement""],""expected_occurrences_per_event"":""187594466121301410807952513617089863556791159954726605905987928116531807767682300439041279044534325734/36394059218415760030378756206221750287297003746685534696565978319951375909304458794160098139635926904747""},{""context"":""distinct_basis"",""x"":""1/8"",""sigma"":1,""controlled"":false,""epsilon"":""1e-4"",""arm"":""A"",""roles"":[""A_rho_even_order_0"",""A_rho_even_order_2""],""expected_occurrences_per_event"":""36206464752294458619570803692604660423740212586730808090659990391834844101536776493721056860591392579013/36394059218415760030378756206221750287297003746685534696565978319951375909304458794160098139635926904747""}]"
24bfeb84a4ce87b56985d174dd98d1d5e1702a2b,f726ad70cb2643533f0d037b518cde1b702724adb4e6571fea25e26e4bfdd61e,b26c3bdea5a42988c0534d45bd092d0cc28e50535e08dc75b4692ed601799911,POSTHOC_ATTRIBUTION_DESIGN_INPUT,True,True,True,True,True,atan:385/3096:scale:2:epsilon:1e-6,atan:385/3096:scale:2,1e-6,68,0,173,69099359099471833301878666683141191630086784738637223032572349729374840633394964909416105662214393981/587135645693458306972370149197334256843920637227079967676822742883052256278652110865924749596192175757983744,35aaeae46b9c6ddf8fd595450b37b924b77a0674d5035a1fe7aec53392108772,68,177,2*atan(385/3096),atan,385/3096,2,"[""A""]","[""distinct_basis"",""pauli_commuting"",""pauli_noncommuting""]","[""ordinary_rotation""]","[""A_rho_even_order_0"",""A_rho_even_order_2"",""A_rho_odd_complement""]","[{""context"":""pauli_commuting"",""x"":""1/8"",""sigma"":-1,""controlled"":false,""epsilon"":""1e-6"",""arm"":""A"",""roles"":[""A_rho_odd_complement""],""expected_occurrences_per_event"":""187594466121301410807952513617089863556791159954726605905987928116531807767682300439041279044534325734/36394059218415760030378756206221750287297003746685534696565978319951375909304458794160098139635926904747""},{""context"":""pauli_commuting"",""x"":""1/8"",""sigma"":1,""controlled"":false,""epsilon"":""1e-6"",""arm"":""A"",""roles"":[""A_rho_even_order_0"",""A_rho_even_order_2""],""expected_occurrences_per_event"":""36206464752294458619570803692604660423740212586730808090659990391834844101536776493721056860591392579013/36394059218415760030378756206221750287297003746685534696565978319951375909304458794160098139635926904747""},{""context"":""pauli_noncommuting"",""x"":""1/8"",""sigma"":-1,""controlled"":false,""epsilon"":""1e-6"",""arm"":""A"",""roles"":[""A_rho_odd_complement""],""expected_occurrences_per_event"":""187594466121301410807952513617089863556791159954726605905987928116531807767682300439041279044534325734/36394059218415760030378756206221750287297003746685534696565978319951375909304458794160098139635926904747""},{""context"":""pauli_noncommuting"",""x"":""1/8"",""sigma"":1,""controlled"":false,""epsilon"":""1e-6"",""arm"":""A"",""roles"":[""A_rho_even_order_0"",""A_rho_even_order_2""],""expected_occurrences_per_event"":""36206464752294458619570803692604660423740212586730808090659990391834844101536776493721056860591392579013/36394059218415760030378756206221750287297003746685534696565978319951375909304458794160098139635926904747""},{""context"":""distinct_basis"",""x"":""1/8"",""sigma"":-1,""controlled"":false,""epsilon"":""1e-6"",""arm"":""A"",""roles"":[""A_rho_odd_complement""],""expected_occurrences_per_event"":""187594466121301410807952513617089863556791159954726605905987928116531807767682300439041279044534325734/36394059218415760030378756206221750287297003746685534696565978319951375909304458794160098139635926904747""},{""context"":""distinct_basis"",""x"":""1/8"",""sigma"":1,""controlled"":false,""epsilon"":""1e-6"",""arm"":""A"",""roles"":[""A_rho_even_order_0"",""A_rho_even_order_2""],""expected_occurrences_per_event"":""36206464752294458619570803692604660423740212586730808090659990391834844101536776493721056860591392579013/36394059218415760030378756206221750287297003746685534696565978319951375909304458794160098139635926904747""}]"
24bfeb84a4ce87b56985d174dd98d1d5e1702a2b,f726ad70cb2643533f0d037b518cde1b702724adb4e6571fea25e26e4bfdd61e,b26c3bdea5a42988c0534d45bd092d0cc28e50535e08dc75b4692ed601799911,POSTHOC_ATTRIBUTION_DESIGN_INPUT,True,True,True,True,True,atan:763/3072:scale:-1:epsilon:1e-3,atan:763/3072:scale:-1,1e-3,34,0,84,83287865206069256665347078062794715851046544441662971292867177292696736594701261508962136185381475743/1146749307995035755805410447651043470398282494584140561868794419693461438044242404035009276555062843277312,a35200e838d2942210d9d686e2583b766e160b6aa9cd03269eba2465aa124313,34,90,-1*atan(763/3072),atan,763/3072,-1,"[""CTS_collected""]","[""pauli_noncommuting""]","[""controlled_half_angle_pair""]","[""CTS_collected_common_angle""]","[{""context"":""pauli_noncommuting"",""x"":""1/4"",""sigma"":-1,""controlled"":true,""epsilon"":""1e-3"",""arm"":""CTS_collected"",""roles"":[""CTS_collected_common_angle""],""expected_occurrences_per_event"":""144237162669515575852073350239215405254935824619951803148515087612763853883345421196172482610391043753/146971226075494340757538978023112431961627286408568318694047300870776295132344641100201874081669861033""},{""context"":""pauli_noncommuting"",""x"":""1/4"",""sigma"":1,""controlled"":true,""epsilon"":""1e-3"",""arm"":""CTS_collected"",""roles"":[""CTS_collected_common_angle""],""expected_occurrences_per_event"":""144237162669515575852073350239215405254935824619951803148515087612763853883345421196172482610391043753/146971226075494340757538978023112431961627286408568318694047300870776295132344641100201874081669861033""}]"
24bfeb84a4ce87b56985d174dd98d1d5e1702a2b,f726ad70cb2643533f0d037b518cde1b702724adb4e6571fea25e26e4bfdd61e,b26c3bdea5a42988c0534d45bd092d0cc28e50535e08dc75b4692ed601799911,POSTHOC_ATTRIBUTION_DESIGN_INPUT,True,True,True,True,True,atan:763/3072:scale:-1:epsilon:1e-4,atan:763/3072:scale:-1,1e-4,48,0,123,74335759664682553603796609286257875537659030314286420362751749920272396942270497794452420433996308259/4586997231980143023221641790604173881593129978336562247475177678773845752176969616140037106220251373109248,9a1e18c6d6d7598268a8a4ff7656f7f48709c139a81d280ebbd725f0428fe3d7,48,123,-1*atan(763/3072),atan,763/3072,-1,"[""CTS_collected""]","[""pauli_noncommuting""]","[""controlled_half_angle_pair""]","[""CTS_collected_common_angle""]","[{""context"":""pauli_noncommuting"",""x"":""1/4"",""sigma"":-1,""controlled"":true,""epsilon"":""1e-4"",""arm"":""CTS_collected"",""roles"":[""CTS_collected_common_angle""],""expected_occurrences_per_event"":""144237162669515575852073350239215405254935824619951803148515087612763853883345421196172482610391043753/146971226075494340757538978023112431961627286408568318694047300870776295132344641100201874081669861033""},{""context"":""pauli_noncommuting"",""x"":""1/4"",""sigma"":1,""controlled"":true,""epsilon"":""1e-4"",""arm"":""CTS_collected"",""roles"":[""CTS_collected_common_angle""],""expected_occurrences_per_event"":""144237162669515575852073350239215405254935824619951803148515087612763853883345421196172482610391043753/146971226075494340757538978023112431961627286408568318694047300870776295132344641100201874081669861033""}]"
24bfeb84a4ce87b56985d174dd98d1d5e1702a2b,f726ad70cb2643533f0d037b518cde1b702724adb4e6571fea25e26e4bfdd61e,b26c3bdea5a42988c0534d45bd092d0cc28e50535e08dc75b4692ed601799911,POSTHOC_ATTRIBUTION_DESIGN_INPUT,True,True,True,True,True,atan:763/3072:scale:-1:epsilon:1e-6,atan:763/3072:scale:-1,1e-6,70,0,176,76418918994818817037770989913004994994823767507879739478743716704856269876660301727079713630373071317/587135645693458306972370149197334256843920637227079967676822742883052256278652110865924749596192175757983744,61efd5a04b95170bc9f86837b8b81f17179ed4d95d379bb567fa20e5558b0959,70,176,-1*atan(763/3072),atan,763/3072,-1,"[""CTS_collected""]","[""pauli_noncommuting""]","[""controlled_half_angle_pair""]","[""CTS_collected_common_angle""]","[{""context"":""pauli_noncommuting"",""x"":""1/4"",""sigma"":-1,""controlled"":true,""epsilon"":""1e-6"",""arm"":""CTS_collected"",""roles"":[""CTS_collected_common_angle""],""expected_occurrences_per_event"":""144237162669515575852073350239215405254935824619951803148515087612763853883345421196172482610391043753/146971226075494340757538978023112431961627286408568318694047300870776295132344641100201874081669861033""},{""context"":""pauli_noncommuting"",""x"":""1/4"",""sigma"":1,""controlled"":true,""epsilon"":""1e-6"",""arm"":""CTS_collected"",""roles"":[""CTS_collected_common_angle""],""expected_occurrences_per_event"":""144237162669515575852073350239215405254935824619951803148515087612763853883345421196172482610391043753/146971226075494340757538978023112431961627286408568318694047300870776295132344641100201874081669861033""}]"
24bfeb84a4ce87b56985d174dd98d1d5e1702a2b,f726ad70cb2643533f0d037b518cde1b702724adb4e6571fea25e26e4bfdd61e,b26c3bdea5a42988c0534d45bd092d0cc28e50535e08dc75b4692ed601799911,POSTHOC_ATTRIBUTION_DESIGN_INPUT,True,True,True,True,True,atan:763/3072:scale:-2:epsilon:1e-3,atan:763/3072:scale:-2,1e-3,38,0,104,41614352124319718024204211347598858036162808695893631543410314997858733256756553505970412437146568979/286687326998758938951352611912760867599570623646035140467198604923365359511060601008752319138765710819328,2c20485421dd069ac08f6b4758e6373f46a893b6cfbb5ccef5a423e15ab69e48,38,107,-2*atan(763/3072),atan,763/3072,-2,"[""CTS_collected""]","[""pauli_noncommuting""]","[""ordinary_rotation""]","[""CTS_collected_common_angle""]","[{""context"":""pauli_noncommuting"",""x"":""1/4"",""sigma"":-1,""controlled"":false,""epsilon"":""1e-3"",""arm"":""CTS_collected"",""roles"":[""CTS_collected_common_angle""],""expected_occurrences_per_event"":""144237162669515575852073350239215405254935824619951803148515087612763853883345421196172482610391043753/146971226075494340757538978023112431961627286408568318694047300870776295132344641100201874081669861033""}]"
24bfeb84a4ce87b56985d174dd98d1d5e1702a2b,f726ad70cb2643533f0d037b518cde1b702724adb4e6571fea25e26e4bfdd61e,b26c3bdea5a42988c0534d45bd092d0cc28e50535e08dc75b4692ed601799911,POSTHOC_ATTRIBUTION_DESIGN_INPUT,True,True,True,True,True,atan:763/3072:scale:-2:epsilon:1e-4,atan:763/3072:scale:-2,1e-4,50,0,123,72253815150045596973962712216509803567810862300702067626332347440706035167066297175925930279713226729/4586997231980143023221641790604173881593129978336562247475177678773845752176969616140037106220251373109248,88c928154c42daeffbcdba6b5b522dff7b5a7af0f8e8aca5d4fb68f4d5f9fa64,50,129,-2*atan(763/3072),atan,763/3072,-2,"[""CTS_collected""]","[""pauli_noncommuting""]","[""ordinary_rotation""]","[""CTS_collected_common_angle""]","[{""context"":""pauli_noncommuting"",""x"":""1/4"",""sigma"":-1,""controlled"":false,""epsilon"":""1e-4"",""arm"":""CTS_collected"",""roles"":[""CTS_collected_common_angle""],""expected_occurrences_per_event"":""144237162669515575852073350239215405254935824619951803148515087612763853883345421196172482610391043753/146971226075494340757538978023112431961627286408568318694047300870776295132344641100201874081669861033""}]"
24bfeb84a4ce87b56985d174dd98d1d5e1702a2b,f726ad70cb2643533f0d037b518cde1b702724adb4e6571fea25e26e4bfdd61e,b26c3bdea5a42988c0534d45bd092d0cc28e50535e08dc75b4692ed601799911,POSTHOC_ATTRIBUTION_DESIGN_INPUT,True,True,True,True,True,atan:763/3072:scale:-2:epsilon:1e-6,atan:763/3072:scale:-2,1e-6,66,0,165,61409536900093459266063512544831892650103743619323725469978784021462215237138284838640727267289805117/587135645693458306972370149197334256843920637227079967676822742883052256278652110865924749596192175757983744,1831351783b7e806d147e8100e358df9e0de36101833c37a59c3a8819d59275c,66,169,-2*atan(763/3072),atan,763/3072,-2,"[""CTS_collected""]","[""pauli_noncommuting""]","[""ordinary_rotation""]","[""CTS_collected_common_angle""]","[{""context"":""pauli_noncommuting"",""x"":""1/4"",""sigma"":-1,""controlled"":false,""epsilon"":""1e-6"",""arm"":""CTS_collected"",""roles"":[""CTS_collected_common_angle""],""expected_occurrences_per_event"":""144237162669515575852073350239215405254935824619951803148515087612763853883345421196172482610391043753/146971226075494340757538978023112431961627286408568318694047300870776295132344641100201874081669861033""}]"
24bfeb84a4ce87b56985d174dd98d1d5e1702a2b,f726ad70cb2643533f0d037b518cde1b702724adb4e6571fea25e26e4bfdd61e,b26c3bdea5a42988c0534d45bd092d0cc28e50535e08dc75b4692ed601799911,POSTHOC_ATTRIBUTION_DESIGN_INPUT,True,True,True,True,True,atan:763/3072:scale:1:epsilon:1e-3,atan:763/3072:scale:1,1e-3,34,0,92,83287865206069256665347078062794715851046544441662971292867177292696736594701261508962123066162009369/1146749307995035755805410447651043470398282494584140561868794419693461438044242404035009276555062843277312,55b2d420395f693944f2ee2a21471361102ec4ccefb542830645a89af9757d24,34,97,1*atan(763/3072),atan,763/3072,1,"[""CTS_collected""]","[""pauli_noncommuting""]","[""controlled_half_angle_pair""]","[""CTS_collected_common_angle""]","[{""context"":""pauli_noncommuting"",""x"":""1/4"",""sigma"":-1,""controlled"":true,""epsilon"":""1e-3"",""arm"":""CTS_collected"",""roles"":[""CTS_collected_common_angle""],""expected_occurrences_per_event"":""144237162669515575852073350239215405254935824619951803148515087612763853883345421196172482610391043753/146971226075494340757538978023112431961627286408568318694047300870776295132344641100201874081669861033""},{""context"":""pauli_noncommuting"",""x"":""1/4"",""sigma"":1,""controlled"":true,""epsilon"":""1e-3"",""arm"":""CTS_collected"",""roles"":[""CTS_collected_common_angle""],""expected_occurrences_per_event"":""144237162669515575852073350239215405254935824619951803148515087612763853883345421196172482610391043753/146971226075494340757538978023112431961627286408568318694047300870776295132344641100201874081669861033""}]"
24bfeb84a4ce87b56985d174dd98d1d5e1702a2b,f726ad70cb2643533f0d037b518cde1b702724adb4e6571fea25e26e4bfdd61e,b26c3bdea5a42988c0534d45bd092d0cc28e50535e08dc75b4692ed601799911,POSTHOC_ATTRIBUTION_DESIGN_INPUT,True,True,True,True,True,atan:763/3072:scale:1:epsilon:1e-4,atan:763/3072:scale:1,1e-4,48,0,125,74335759664682553603796609286257875537659030314286420362751749920272396942270497794475588112452084231/4586997231980143023221641790604173881593129978336562247475177678773845752176969616140037106220251373109248,562dc8e8817226cf16b9b89562882a81495573d5f3693cb0cb824a52f5eb6f71,48,127,1*atan(763/3072),atan,763/3072,1,"[""CTS_collected""]","[""pauli_noncommuting""]","[""controlled_half_angle_pair""]","[""CTS_collected_common_angle""]","[{""context"":""pauli_noncommuting"",""x"":""1/4"",""sigma"":-1,""controlled"":true,""epsilon"":""1e-4"",""arm"":""CTS_collected"",""roles"":[""CTS_collected_common_angle""],""expected_occurrences_per_event"":""144237162669515575852073350239215405254935824619951803148515087612763853883345421196172482610391043753/146971226075494340757538978023112431961627286408568318694047300870776295132344641100201874081669861033""},{""context"":""pauli_noncommuting"",""x"":""1/4"",""sigma"":1,""controlled"":true,""epsilon"":""1e-4"",""arm"":""CTS_collected"",""roles"":[""CTS_collected_common_angle""],""expected_occurrences_per_event"":""144237162669515575852073350239215405254935824619951803148515087612763853883345421196172482610391043753/146971226075494340757538978023112431961627286408568318694047300870776295132344641100201874081669861033""}]"
24bfeb84a4ce87b56985d174dd98d1d5e1702a2b,f726ad70cb2643533f0d037b518cde1b702724adb4e6571fea25e26e4bfdd61e,b26c3bdea5a42988c0534d45bd092d0cc28e50535e08dc75b4692ed601799911,POSTHOC_ATTRIBUTION_DESIGN_INPUT,True,True,True,True,True,atan:763/3072:scale:1:epsilon:1e-6,atan:763/3072:scale:1,1e-6,70,0,174,92986449387990408204207262386801461010497635973527546477102518988586672452164767379029250993644533303/587135645693458306972370149197334256843920637227079967676822742883052256278652110865924749596192175757983744,8b32b4367f8024a7d0d37dac1cc63d343e0cb222ea286745f5f2aa8a4007db37,70,177,1*atan(763/3072),atan,763/3072,1,"[""CTS_collected""]","[""pauli_noncommuting""]","[""controlled_half_angle_pair""]","[""CTS_collected_common_angle""]","[{""context"":""pauli_noncommuting"",""x"":""1/4"",""sigma"":-1,""controlled"":true,""epsilon"":""1e-6"",""arm"":""CTS_collected"",""roles"":[""CTS_collected_common_angle""],""expected_occurrences_per_event"":""144237162669515575852073350239215405254935824619951803148515087612763853883345421196172482610391043753/146971226075494340757538978023112431961627286408568318694047300870776295132344641100201874081669861033""},{""context"":""pauli_noncommuting"",""x"":""1/4"",""sigma"":1,""controlled"":true,""epsilon"":""1e-6"",""arm"":""CTS_collected"",""roles"":[""CTS_collected_common_angle""],""expected_occurrences_per_event"":""144237162669515575852073350239215405254935824619951803148515087612763853883345421196172482610391043753/146971226075494340757538978023112431961627286408568318694047300870776295132344641100201874081669861033""}]"
24bfeb84a4ce87b56985d174dd98d1d5e1702a2b,f726ad70cb2643533f0d037b518cde1b702724adb4e6571fea25e26e4bfdd61e,b26c3bdea5a42988c0534d45bd092d0cc28e50535e08dc75b4692ed601799911,POSTHOC_ATTRIBUTION_DESIGN_INPUT,True,True,True,True,True,atan:763/3072:scale:2:epsilon:1e-3,atan:763/3072:scale:2,1e-3,38,0,104,83228704248639436048408422695197716072325617391787263086820629995717466513513107011940824840203444911/573374653997517877902705223825521735199141247292070280934397209846730719022121202017504638277531421638656,429dfd300b4d294ac36f13c390486b229dcded230ae89753f1551be729c4ba22,38,107,2*atan(763/3072),atan,763/3072,2,"[""CTS_collected""]","[""pauli_noncommuting""]","[""ordinary_rotation""]","[""CTS_collected_common_angle""]","[{""context"":""pauli_noncommuting"",""x"":""1/4"",""sigma"":1,""controlled"":false,""epsilon"":""1e-3"",""arm"":""CTS_collected"",""roles"":[""CTS_collected_common_angle""],""expected_occurrences_per_event"":""144237162669515575852073350239215405254935824619951803148515087612763853883345421196172482610391043753/146971226075494340757538978023112431961627286408568318694047300870776295132344641100201874081669861033""}]"
24bfeb84a4ce87b56985d174dd98d1d5e1702a2b,f726ad70cb2643533f0d037b518cde1b702724adb4e6571fea25e26e4bfdd61e,b26c3bdea5a42988c0534d45bd092d0cc28e50535e08dc75b4692ed601799911,POSTHOC_ATTRIBUTION_DESIGN_INPUT,True,True,True,True,True,atan:763/3072:scale:2:epsilon:1e-4,atan:763/3072:scale:2,1e-4,50,0,133,72253815150045596973962712216509803567810862300702067626332347440706035167066297175471762817761859315/4586997231980143023221641790604173881593129978336562247475177678773845752176969616140037106220251373109248,73fb777a422169bd7e21e30fe3010c04fc420644ae41259c82a597515079e44b,50,137,2*atan(763/3072),atan,763/3072,2,"[""CTS_collected""]","[""pauli_noncommuting""]","[""ordinary_rotation""]","[""CTS_collected_common_angle""]","[{""context"":""pauli_noncommuting"",""x"":""1/4"",""sigma"":1,""controlled"":false,""epsilon"":""1e-4"",""arm"":""CTS_collected"",""roles"":[""CTS_collected_common_angle""],""expected_occurrences_per_event"":""144237162669515575852073350239215405254935824619951803148515087612763853883345421196172482610391043753/146971226075494340757538978023112431961627286408568318694047300870776295132344641100201874081669861033""}]"
24bfeb84a4ce87b56985d174dd98d1d5e1702a2b,f726ad70cb2643533f0d037b518cde1b702724adb4e6571fea25e26e4bfdd61e,b26c3bdea5a42988c0534d45bd092d0cc28e50535e08dc75b4692ed601799911,POSTHOC_ATTRIBUTION_DESIGN_INPUT,True,True,True,True,True,atan:763/3072:scale:2:epsilon:1e-6,atan:763/3072:scale:2,1e-6,66,0,165,61409536900093459266063512544831892650103743619323725469978784021462215237138275616828108790064627819/587135645693458306972370149197334256843920637227079967676822742883052256278652110865924749596192175757983744,7ce1061c176ad1d1b102f38bc24d1d7561e26422ea5945e86e13f2ca38cae053,66,169,2*atan(763/3072),atan,763/3072,2,"[""CTS_collected""]","[""pauli_noncommuting""]","[""ordinary_rotation""]","[""CTS_collected_common_angle""]","[{""context"":""pauli_noncommuting"",""x"":""1/4"",""sigma"":1,""controlled"":false,""epsilon"":""1e-6"",""arm"":""CTS_collected"",""roles"":[""CTS_collected_common_angle""],""expected_occurrences_per_event"":""144237162669515575852073350239215405254935824619951803148515087612763853883345421196172482610391043753/146971226075494340757538978023112431961627286408568318694047300870776295132344641100201874081669861033""}]"
24bfeb84a4ce87b56985d174dd98d1d5e1702a2b,f726ad70cb2643533f0d037b518cde1b702724adb4e6571fea25e26e4bfdd61e,b26c3bdea5a42988c0534d45bd092d0cc28e50535e08dc75b4692ed601799911,POSTHOC_ATTRIBUTION_DESIGN_INPUT,True,True,True,True,True,atan:95/384:scale:-1:epsilon:1e-3,atan:95/384:scale:-1,1e-3,38,0,94,21953596949939220212339206071720420233384437460435459575248674947385931515484137416462163604671244301/286687326998758938951352611912760867599570623646035140467198604923365359511060601008752319138765710819328,e9bcb4e210990db6bf7a33f72f4901839b8f28b690cbf62168f464e01c752d91,38,100,-1*atan(95/384),atan,95/384,-1,"[""CTS_collected""]","[""pauli_commuting""]","[""controlled_half_angle_pair""]","[""CTS_collected_common_angle""]","[{""context"":""pauli_commuting"",""x"":""1/4"",""sigma"":-1,""controlled"":true,""epsilon"":""1e-3"",""arm"":""CTS_collected"",""roles"":[""CTS_collected_common_angle""],""expected_occurrences_per_event"":""4506383487075140352181996153159908673458428303145808829922723991702617025569028874423134953661697799/4643086657374078597455277542354760008793001392576634607199334654603239088018989869624604527225638663""},{""context"":""pauli_commuting"",""x"":""1/4"",""sigma"":1,""controlled"":true,""epsilon"":""1e-3"",""arm"":""CTS_collected"",""roles"":[""CTS_collected_common_angle""],""expected_occurrences_per_event"":""4506383487075140352181996153159908673458428303145808829922723991702617025569028874423134953661697799/4643086657374078597455277542354760008793001392576634607199334654603239088018989869624604527225638663""}]"
24bfeb84a4ce87b56985d174dd98d1d5e1702a2b,f726ad70cb2643533f0d037b518cde1b702724adb4e6571fea25e26e4bfdd61e,b26c3bdea5a42988c0534d45bd092d0cc28e50535e08dc75b4692ed601799911,POSTHOC_ATTRIBUTION_DESIGN_INPUT,True,True,True,True,True,atan:95/384:scale:-1:epsilon:1e-4,atan:95/384:scale:-1,1e-4,48,0,125,132348807569167870986742912457890303803654445307795663091571190931889311333214571889671783538009765857/9173994463960286046443283581208347763186259956673124494950355357547691504353939232280074212440502746218496,da87d0fc2ce25eace662f01b8d6f31d50fc9a3d05fff318c987cd4fad7bc81d9,48,131,-1*atan(95/384),atan,95/384,-1,"[""CTS_collected""]","[""pauli_commuting""]","[""controlled_half_angle_pair""]","[""CTS_collected_common_angle""]","[{""context"":""pauli_commuting"",""x"":""1/4"",""sigma"":-1,""controlled"":true,""epsilon"":""1e-4"",""arm"":""CTS_collected"",""roles"":[""CTS_collected_common_angle""],""expected_occurrences_per_event"":""4506383487075140352181996153159908673458428303145808829922723991702617025569028874423134953661697799/4643086657374078597455277542354760008793001392576634607199334654603239088018989869624604527225638663""},{""context"":""pauli_commuting"",""x"":""1/4"",""sigma"":1,""controlled"":true,""epsilon"":""1e-4"",""arm"":""CTS_collected"",""roles"":[""CTS_collected_common_angle""],""expected_occurrences_per_event"":""4506383487075140352181996153159908673458428303145808829922723991702617025569028874423134953661697799/4643086657374078597455277542354760008793001392576634607199334654603239088018989869624604527225638663""}]"
24bfeb84a4ce87b56985d174dd98d1d5e1702a2b,f726ad70cb2643533f0d037b518cde1b702724adb4e6571fea25e26e4bfdd61e,b26c3bdea5a42988c0534d45bd092d0cc28e50535e08dc75b4692ed601799911,POSTHOC_ATTRIBUTION_DESIGN_INPUT,True,True,True,True,True,atan:95/384:scale:-1:epsilon:1e-6,atan:95/384:scale:-1,1e-6,68,0,174,20154168550693793450107437880997784167969926598305315723705980970592961050879716371529241131193783787/146783911423364576743092537299333564210980159306769991919205685720763064069663027716481187399048043939495936,3883b773b463e0fd427127462c4c8ab75d0d9d041751a27fe14fa7f6acf8ad09,68,174,-1*atan(95/384),atan,95/384,-1,"[""CTS_collected""]","[""pauli_commuting""]","[""controlled_half_angle_pair""]","[""CTS_collected_common_angle""]","[{""context"":""pauli_commuting"",""x"":""1/4"",""sigma"":-1,""controlled"":true,""epsilon"":""1e-6"",""arm"":""CTS_collected"",""roles"":[""CTS_collected_common_angle""],""expected_occurrences_per_event"":""4506383487075140352181996153159908673458428303145808829922723991702617025569028874423134953661697799/4643086657374078597455277542354760008793001392576634607199334654603239088018989869624604527225638663""},{""context"":""pauli_commuting"",""x"":""1/4"",""sigma"":1,""controlled"":true,""epsilon"":""1e-6"",""arm"":""CTS_collected"",""roles"":[""CTS_collected_common_angle""],""expected_occurrences_per_event"":""4506383487075140352181996153159908673458428303145808829922723991702617025569028874423134953661697799/4643086657374078597455277542354760008793001392576634607199334654603239088018989869624604527225638663""}]"
24bfeb84a4ce87b56985d174dd98d1d5e1702a2b,f726ad70cb2643533f0d037b518cde1b702724adb4e6571fea25e26e4bfdd61e,b26c3bdea5a42988c0534d45bd092d0cc28e50535e08dc75b4692ed601799911,POSTHOC_ATTRIBUTION_DESIGN_INPUT,True,True,True,True,True,atan:95/384:scale:-2:epsilon:1e-3,atan:95/384:scale:-2,1e-3,40,0,104,48124838162152360749450367935514548570338276961143513031646919393441203817410189802146011161692144019/286687326998758938951352611912760867599570623646035140467198604923365359511060601008752319138765710819328,881c31ccc4e965550266ddd3f81fa5ace6a609ef4b74b18872058887de9dc707,40,107,-2*atan(95/384),atan,95/384,-2,"[""CTS_collected""]","[""pauli_commuting""]","[""ordinary_rotation""]","[""CTS_collected_common_angle""]","[{""context"":""pauli_commuting"",""x"":""1/4"",""sigma"":-1,""controlled"":false,""epsilon"":""1e-3"",""arm"":""CTS_collected"",""roles"":[""CTS_collected_common_angle""],""expected_occurrences_per_event"":""4506383487075140352181996153159908673458428303145808829922723991702617025569028874423134953661697799/4643086657374078597455277542354760008793001392576634607199334654603239088018989869624604527225638663""}]"
24bfeb84a4ce87b56985d174dd98d1d5e1702a2b,f726ad70cb2643533f0d037b518cde1b702724adb4e6571fea25e26e4bfdd61e,b26c3bdea5a42988c0534d45bd092d0cc28e50535e08dc75b4692ed601799911,POSTHOC_ATTRIBUTION_DESIGN_INPUT,True,True,True,True,True,atan:95/384:scale:-2:epsilon:1e-4,atan:95/384:scale:-2,1e-4,46,0,115,93708291986712905190629922245917663564934726781550516630992794183126490513147720439213247290385936259/9173994463960286046443283581208347763186259956673124494950355357547691504353939232280074212440502746218496,8b90cfa1c460ad7d5c6e775a50e7d863d846e2cf5e82c1af711a3f7905f85f56,46,116,-2*atan(95/384),atan,95/384,-2,"[""CTS_collected""]","[""pauli_commuting""]","[""ordinary_rotation""]","[""CTS_collected_common_angle""]","[{""context"":""pauli_commuting"",""x"":""1/4"",""sigma"":-1,""controlled"":false,""epsilon"":""1e-4"",""arm"":""CTS_collected"",""roles"":[""CTS_collected_common_angle""],""expected_occurrences_per_event"":""4506383487075140352181996153159908673458428303145808829922723991702617025569028874423134953661697799/4643086657374078597455277542354760008793001392576634607199334654603239088018989869624604527225638663""}]"
24bfeb84a4ce87b56985d174dd98d1d5e1702a2b,f726ad70cb2643533f0d037b518cde1b702724adb4e6571fea25e26e4bfdd61e,b26c3bdea5a42988c0534d45bd092d0cc28e50535e08dc75b4692ed601799911,POSTHOC_ATTRIBUTION_DESIGN_INPUT,True,True,True,True,True,atan:95/384:scale:-2:epsilon:1e-6,atan:95/384:scale:-2,1e-6,70,0,186,85679502978559858276903103759406292855143462326131801233853126193855131318355562102487987082695403797/587135645693458306972370149197334256843920637227079967676822742883052256278652110865924749596192175757983744,d8f4e7b8de870eba4d5c22923fd60381e4ec587f75403e1309e55b53026638e0,70,187,-2*atan(95/384),atan,95/384,-2,"[""CTS_collected""]","[""pauli_commuting""]","[""ordinary_rotation""]","[""CTS_collected_common_angle""]","[{""context"":""pauli_commuting"",""x"":""1/4"",""sigma"":-1,""controlled"":false,""epsilon"":""1e-6"",""arm"":""CTS_collected"",""roles"":[""CTS_collected_common_angle""],""expected_occurrences_per_event"":""4506383487075140352181996153159908673458428303145808829922723991702617025569028874423134953661697799/4643086657374078597455277542354760008793001392576634607199334654603239088018989869624604527225638663""}]"
24bfeb84a4ce87b56985d174dd98d1d5e1702a2b,f726ad70cb2643533f0d037b518cde1b702724adb4e6571fea25e26e4bfdd61e,b26c3bdea5a42988c0534d45bd092d0cc28e50535e08dc75b4692ed601799911,POSTHOC_ATTRIBUTION_DESIGN_INPUT,True,True,True,True,True,atan:95/384:scale:1:epsilon:1e-3,atan:95/384:scale:1,1e-3,38,0,94,87814387799756880849356824286881680933537749841741838300994699789543726061936549665848656214423735709/1146749307995035755805410447651043470398282494584140561868794419693461438044242404035009276555062843277312,812ea9ff2a97e9586428784dc37e2e9b02170298a5e538dc69c472f77934d9ee,38,100,1*atan(95/384),atan,95/384,1,"[""CTS_collected""]","[""pauli_commuting""]","[""controlled_half_angle_pair""]","[""CTS_collected_common_angle""]","[{""context"":""pauli_commuting"",""x"":""1/4"",""sigma"":-1,""controlled"":true,""epsilon"":""1e-3"",""arm"":""CTS_collected"",""roles"":[""CTS_collected_common_angle""],""expected_occurrences_per_event"":""4506383487075140352181996153159908673458428303145808829922723991702617025569028874423134953661697799/4643086657374078597455277542354760008793001392576634607199334654603239088018989869624604527225638663""},{""context"":""pauli_commuting"",""x"":""1/4"",""sigma"":1,""controlled"":true,""epsilon"":""1e-3"",""arm"":""CTS_collected"",""roles"":[""CTS_collected_common_angle""],""expected_occurrences_per_event"":""4506383487075140352181996153159908673458428303145808829922723991702617025569028874423134953661697799/4643086657374078597455277542354760008793001392576634607199334654603239088018989869624604527225638663""}]"
24bfeb84a4ce87b56985d174dd98d1d5e1702a2b,f726ad70cb2643533f0d037b518cde1b702724adb4e6571fea25e26e4bfdd61e,b26c3bdea5a42988c0534d45bd092d0cc28e50535e08dc75b4692ed601799911,POSTHOC_ATTRIBUTION_DESIGN_INPUT,True,True,True,True,True,atan:95/384:scale:1:epsilon:1e-4,atan:95/384:scale:1,1e-4,48,0,125,132348807569167870986742912457890303803654445307795663091571190931889311333214571889668344174992933349/9173994463960286046443283581208347763186259956673124494950355357547691504353939232280074212440502746218496,9478d7bfa15f39a10a9b2c90495af4dfb2cae388308b4ee2717456f7f3686517,48,131,1*atan(95/384),atan,95/384,1,"[""CTS_collected""]","[""pauli_commuting""]","[""controlled_half_angle_pair""]","[""CTS_collected_common_angle""]","[{""context"":""pauli_commuting"",""x"":""1/4"",""sigma"":-1,""controlled"":true,""epsilon"":""1e-4"",""arm"":""CTS_collected"",""roles"":[""CTS_collected_common_angle""],""expected_occurrences_per_event"":""4506383487075140352181996153159908673458428303145808829922723991702617025569028874423134953661697799/4643086657374078597455277542354760008793001392576634607199334654603239088018989869624604527225638663""},{""context"":""pauli_commuting"",""x"":""1/4"",""sigma"":1,""controlled"":true,""epsilon"":""1e-4"",""arm"":""CTS_collected"",""roles"":[""CTS_collected_common_angle""],""expected_occurrences_per_event"":""4506383487075140352181996153159908673458428303145808829922723991702617025569028874423134953661697799/4643086657374078597455277542354760008793001392576634607199334654603239088018989869624604527225638663""}]"
24bfeb84a4ce87b56985d174dd98d1d5e1702a2b,f726ad70cb2643533f0d037b518cde1b702724adb4e6571fea25e26e4bfdd61e,b26c3bdea5a42988c0534d45bd092d0cc28e50535e08dc75b4692ed601799911,POSTHOC_ATTRIBUTION_DESIGN_INPUT,True,True,True,True,True,atan:95/384:scale:1:epsilon:1e-6,atan:95/384:scale:1,1e-6,68,0,166,10077084275346896725053718940498892083984963299152657861852990485296480525440057709349311568398466315/73391955711682288371546268649666782105490079653384995959602842860381532034831513858240593699524021969747968,b87072037b0461c4b10df7857db869a9d51adcd75061cccf137b1d2f081c5c5d,68,173,1*atan(95/384),atan,95/384,1,"[""CTS_collected""]","[""pauli_commuting""]","[""controlled_half_angle_pair""]","[""CTS_collected_common_angle""]","[{""context"":""pauli_commuting"",""x"":""1/4"",""sigma"":-1,""controlled"":true,""epsilon"":""1e-6"",""arm"":""CTS_collected"",""roles"":[""CTS_collected_common_angle""],""expected_occurrences_per_event"":""4506383487075140352181996153159908673458428303145808829922723991702617025569028874423134953661697799/4643086657374078597455277542354760008793001392576634607199334654603239088018989869624604527225638663""},{""context"":""pauli_commuting"",""x"":""1/4"",""sigma"":1,""controlled"":true,""epsilon"":""1e-6"",""arm"":""CTS_collected"",""roles"":[""CTS_collected_common_angle""],""expected_occurrences_per_event"":""4506383487075140352181996153159908673458428303145808829922723991702617025569028874423134953661697799/4643086657374078597455277542354760008793001392576634607199334654603239088018989869624604527225638663""}]"
24bfeb84a4ce87b56985d174dd98d1d5e1702a2b,f726ad70cb2643533f0d037b518cde1b702724adb4e6571fea25e26e4bfdd61e,b26c3bdea5a42988c0534d45bd092d0cc28e50535e08dc75b4692ed601799911,POSTHOC_ATTRIBUTION_DESIGN_INPUT,True,True,True,True,True,atan:95/384:scale:2:epsilon:1e-3,atan:95/384:scale:2,1e-3,40,0,104,96249676324304721498900735871029097140676553922287026063293838786882407634820379604292025522760190217/573374653997517877902705223825521735199141247292070280934397209846730719022121202017504638277531421638656,5d782d711681734a7669a436ae2b19eba3369c718efefd665e41ee50f2c8ce33,40,107,2*atan(95/384),atan,95/384,2,"[""CTS_collected""]","[""pauli_commuting""]","[""ordinary_rotation""]","[""CTS_collected_common_angle""]","[{""context"":""pauli_commuting"",""x"":""1/4"",""sigma"":1,""controlled"":false,""epsilon"":""1e-3"",""arm"":""CTS_collected"",""roles"":[""CTS_collected_common_angle""],""expected_occurrences_per_event"":""4506383487075140352181996153159908673458428303145808829922723991702617025569028874423134953661697799/4643086657374078597455277542354760008793001392576634607199334654603239088018989869624604527225638663""}]"
24bfeb84a4ce87b56985d174dd98d1d5e1702a2b,f726ad70cb2643533f0d037b518cde1b702724adb4e6571fea25e26e4bfdd61e,b26c3bdea5a42988c0534d45bd092d0cc28e50535e08dc75b4692ed601799911,POSTHOC_ATTRIBUTION_DESIGN_INPUT,True,True,True,True,True,atan:95/384:scale:2:epsilon:1e-4,atan:95/384:scale:2,1e-4,46,0,122,93708291986712905190629922245917663564934726781550516630992794183126490513147720439230377724286100905/9173994463960286046443283581208347763186259956673124494950355357547691504353939232280074212440502746218496,d85a67e2b3761bce24adb1f5777e9c4a2d733b84bb72b5607abca3b7820dbd00,46,125,2*atan(95/384),atan,95/384,2,"[""CTS_collected""]","[""pauli_commuting""]","[""ordinary_rotation""]","[""CTS_collected_common_angle""]","[{""context"":""pauli_commuting"",""x"":""1/4"",""sigma"":1,""controlled"":false,""epsilon"":""1e-4"",""arm"":""CTS_collected"",""roles"":[""CTS_collected_common_angle""],""expected_occurrences_per_event"":""4506383487075140352181996153159908673458428303145808829922723991702617025569028874423134953661697799/4643086657374078597455277542354760008793001392576634607199334654603239088018989869624604527225638663""}]"
24bfeb84a4ce87b56985d174dd98d1d5e1702a2b,f726ad70cb2643533f0d037b518cde1b702724adb4e6571fea25e26e4bfdd61e,b26c3bdea5a42988c0534d45bd092d0cc28e50535e08dc75b4692ed601799911,POSTHOC_ATTRIBUTION_DESIGN_INPUT,True,True,True,True,True,atan:95/384:scale:2:epsilon:1e-6,atan:95/384:scale:2,1e-6,70,0,170,85679502978559858276903103759406292855143462326131801233853126193855131318355917932242836954487448447/587135645693458306972370149197334256843920637227079967676822742883052256278652110865924749596192175757983744,d6f374e46bf1e9a0a4a43e8fd2741efa1bdb5bba8e41b58de82db0bee40024e0,70,172,2*atan(95/384),atan,95/384,2,"[""CTS_collected""]","[""pauli_commuting""]","[""ordinary_rotation""]","[""CTS_collected_common_angle""]","[{""context"":""pauli_commuting"",""x"":""1/4"",""sigma"":1,""controlled"":false,""epsilon"":""1e-6"",""arm"":""CTS_collected"",""roles"":[""CTS_collected_common_angle""],""expected_occurrences_per_event"":""4506383487075140352181996153159908673458428303145808829922723991702617025569028874423134953661697799/4643086657374078597455277542354760008793001392576634607199334654603239088018989869624604527225638663""}]"
24bfeb84a4ce87b56985d174dd98d1d5e1702a2b,f726ad70cb2643533f0d037b518cde1b702724adb4e6571fea25e26e4bfdd61e,b26c3bdea5a42988c0534d45bd092d0cc28e50535e08dc75b4692ed601799911,POSTHOC_ATTRIBUTION_DESIGN_INPUT,True,True,True,True,True,atan:97/396:scale:-1:epsilon:1e-3,atan:97/396:scale:-1,1e-3,36,0,92,137610074403729555496815075600944799259045995485309125220789468616503962534620074936570477244002081711/2293498615990071511610820895302086940796564989168281123737588839386922876088484808070018553110125686554624,7b513854bf8af4dcbdcfd16fe01838f0e45f0be0656584d52d30069bb92919df,36,98,-1*atan(97/396),atan,97/396,-1,"[""A""]","[""distinct_basis"",""pauli_commuting"",""pauli_noncommuting""]","[""controlled_half_angle_pair""]","[""A_rho_even_order_0"",""A_rho_even_order_2"",""A_rho_odd_complement""]","[{""context"":""pauli_commuting"",""x"":""1/4"",""sigma"":-1,""controlled"":true,""epsilon"":""1e-3"",""arm"":""A"",""roles"":[""A_rho_even_order_0"",""A_rho_odd_complement"",""A_rho_even_order_2""],""expected_occurrences_per_event"":""1""},{""context"":""pauli_commuting"",""x"":""1/4"",""sigma"":1,""controlled"":true,""epsilon"":""1e-3"",""arm"":""A"",""roles"":[""A_rho_even_order_0"",""A_rho_odd_complement"",""A_rho_even_order_2""],""expected_occurrences_per_event"":""1""},{""context"":""pauli_noncommuting"",""x"":""1/4"",""sigma"":-1,""controlled"":true,""epsilon"":""1e-3"",""arm"":""A"",""roles"":[""A_rho_even_order_0"",""A_rho_odd_complement"",""A_rho_even_order_2""],""expected_occurrences_per_event"":""1""},{""context"":""pauli_noncommuting"",""x"":""1/4"",""sigma"":1,""controlled"":true,""epsilon"":""1e-3"",""arm"":""A"",""roles"":[""A_rho_even_order_0"",""A_rho_odd_complement"",""A_rho_even_order_2""],""expected_occurrences_per_event"":""1""},{""context"":""distinct_basis"",""x"":""1/4"",""sigma"":-1,""controlled"":true,""epsilon"":""1e-3"",""arm"":""A"",""roles"":[""A_rho_even_order_0"",""A_rho_odd_complement"",""A_rho_even_order_2""],""expected_occurrences_per_event"":""1""},{""context"":""distinct_basis"",""x"":""1/4"",""sigma"":1,""controlled"":true,""epsilon"":""1e-3"",""arm"":""A"",""roles"":[""A_rho_even_order_0"",""A_rho_odd_complement"",""A_rho_even_order_2""],""expected_occurrences_per_event"":""1""}]"
24bfeb84a4ce87b56985d174dd98d1d5e1702a2b,f726ad70cb2643533f0d037b518cde1b702724adb4e6571fea25e26e4bfdd61e,b26c3bdea5a42988c0534d45bd092d0cc28e50535e08dc75b4692ed601799911,POSTHOC_ATTRIBUTION_DESIGN_INPUT,True,True,True,True,True,atan:97/396:scale:-1:epsilon:1e-4,atan:97/396:scale:-1,1e-4,50,0,124,9571445187316308364300408583203528180535870777069802625640668460440459846599038317900069595546528637/1146749307995035755805410447651043470398282494584140561868794419693461438044242404035009276555062843277312,dab1ddcfb6672c088ccef32b8aade6bc5b1ec49930671359d1d64b0bed961317,50,125,-1*atan(97/396),atan,97/396,-1,"[""A""]","[""distinct_basis"",""pauli_commuting"",""pauli_noncommuting""]","[""controlled_half_angle_pair""]","[""A_rho_even_order_0"",""A_rho_even_order_2"",""A_rho_odd_complement""]","[{""context"":""pauli_commuting"",""x"":""1/4"",""sigma"":-1,""controlled"":true,""epsilon"":""1e-4"",""arm"":""A"",""roles"":[""A_rho_even_order_0"",""A_rho_odd_complement"",""A_rho_even_order_2""],""expected_occurrences_per_event"":""1""},{""context"":""pauli_commuting"",""x"":""1/4"",""sigma"":1,""controlled"":true,""epsilon"":""1e-4"",""arm"":""A"",""roles"":[""A_rho_even_order_0"",""A_rho_odd_complement"",""A_rho_even_order_2""],""expected_occurrences_per_event"":""1""},{""context"":""pauli_noncommuting"",""x"":""1/4"",""sigma"":-1,""controlled"":true,""epsilon"":""1e-4"",""arm"":""A"",""roles"":[""A_rho_even_order_0"",""A_rho_odd_complement"",""A_rho_even_order_2""],""expected_occurrences_per_event"":""1""},{""context"":""pauli_noncommuting"",""x"":""1/4"",""sigma"":1,""controlled"":true,""epsilon"":""1e-4"",""arm"":""A"",""roles"":[""A_rho_even_order_0"",""A_rho_odd_complement"",""A_rho_even_order_2""],""expected_occurrences_per_event"":""1""},{""context"":""distinct_basis"",""x"":""1/4"",""sigma"":-1,""controlled"":true,""epsilon"":""1e-4"",""arm"":""A"",""roles"":[""A_rho_even_order_0"",""A_rho_odd_complement"",""A_rho_even_order_2""],""expected_occurrences_per_event"":""1""},{""context"":""distinct_basis"",""x"":""1/4"",""sigma"":1,""controlled"":true,""epsilon"":""1e-4"",""arm"":""A"",""roles"":[""A_rho_even_order_0"",""A_rho_odd_complement"",""A_rho_even_order_2""],""expected_occurrences_per_event"":""1""}]"
24bfeb84a4ce87b56985d174dd98d1d5e1702a2b,f726ad70cb2643533f0d037b518cde1b702724adb4e6571fea25e26e4bfdd61e,b26c3bdea5a42988c0534d45bd092d0cc28e50535e08dc75b4692ed601799911,POSTHOC_ATTRIBUTION_DESIGN_INPUT,True,True,True,True,True,atan:97/396:scale:-1:epsilon:1e-6,atan:97/396:scale:-1,1e-6,70,0,178,79863854042680482894299971123431289022843806498099754589290570487499059985303725413238040952220296193/587135645693458306972370149197334256843920637227079967676822742883052256278652110865924749596192175757983744,76776045d71fbef89282681627e2a84eea1a52cc6fefe89780258567e5f5451e,70,183,-1*atan(97/396),atan,97/396,-1,"[""A""]","[""distinct_basis"",""pauli_commuting"",""pauli_noncommuting""]","[""controlled_half_angle_pair""]","[""A_rho_even_order_0"",""A_rho_even_order_2"",""A_rho_odd_complement""]","[{""context"":""pauli_commuting"",""x"":""1/4"",""sigma"":-1,""controlled"":true,""epsilon"":""1e-6"",""arm"":""A"",""roles"":[""A_rho_even_order_0"",""A_rho_odd_complement"",""A_rho_even_order_2""],""expected_occurrences_per_event"":""1""},{""context"":""pauli_commuting"",""x"":""1/4"",""sigma"":1,""controlled"":true,""epsilon"":""1e-6"",""arm"":""A"",""roles"":[""A_rho_even_order_0"",""A_rho_odd_complement"",""A_rho_even_order_2""],""expected_occurrences_per_event"":""1""},{""context"":""pauli_noncommuting"",""x"":""1/4"",""sigma"":-1,""controlled"":true,""epsilon"":""1e-6"",""arm"":""A"",""roles"":[""A_rho_even_order_0"",""A_rho_odd_complement"",""A_rho_even_order_2""],""expected_occurrences_per_event"":""1""},{""context"":""pauli_noncommuting"",""x"":""1/4"",""sigma"":1,""controlled"":true,""epsilon"":""1e-6"",""arm"":""A"",""roles"":[""A_rho_even_order_0"",""A_rho_odd_complement"",""A_rho_even_order_2""],""expected_occurrences_per_event"":""1""},{""context"":""distinct_basis"",""x"":""1/4"",""sigma"":-1,""controlled"":true,""epsilon"":""1e-6"",""arm"":""A"",""roles"":[""A_rho_even_order_0"",""A_rho_odd_complement"",""A_rho_even_order_2""],""expected_occurrences_per_event"":""1""},{""context"":""distinct_basis"",""x"":""1/4"",""sigma"":1,""controlled"":true,""epsilon"":""1e-6"",""arm"":""A"",""roles"":[""A_rho_even_order_0"",""A_rho_odd_complement"",""A_rho_even_order_2""],""expected_occurrences_per_event"":""1""}]"
24bfeb84a4ce87b56985d174dd98d1d5e1702a2b,f726ad70cb2643533f0d037b518cde1b702724adb4e6571fea25e26e4bfdd61e,b26c3bdea5a42988c0534d45bd092d0cc28e50535e08dc75b4692ed601799911,POSTHOC_ATTRIBUTION_DESIGN_INPUT,True,True,True,True,True,atan:97/396:scale:-2:epsilon:1e-3,atan:97/396:scale:-2,1e-3,38,0,99,44401894753937610398472666745227452395622532135803235221445626820263637288935345448704365201757129003/286687326998758938951352611912760867599570623646035140467198604923365359511060601008752319138765710819328,76d9b81ee7fa5834a8142ed8cd681c185028e2c3998894d76f5ffebeacb8d213,38,104,-2*atan(97/396),atan,97/396,-2,"[""A""]","[""distinct_basis"",""pauli_commuting"",""pauli_noncommuting""]","[""ordinary_rotation""]","[""A_rho_even_order_0"",""A_rho_even_order_2"",""A_rho_odd_complement""]","[{""context"":""pauli_commuting"",""x"":""1/4"",""sigma"":-1,""controlled"":false,""epsilon"":""1e-3"",""arm"":""A"",""roles"":[""A_rho_even_order_0"",""A_rho_even_order_2""],""expected_occurrences_per_event"":""18643794347121957339946355406643806459359060109957427747749518969290649480236518131761866315916183283263/19024158656403374384816156728296724410713532487081200580346257641281277968197989971236765724337807679223""},{""context"":""pauli_commuting"",""x"":""1/4"",""sigma"":1,""controlled"":false,""epsilon"":""1e-3"",""arm"":""A"",""roles"":[""A_rho_odd_complement""],""expected_occurrences_per_event"":""380364309281417044869801321652917951354472377123772832596738671990628487961471839474899408421624395960/19024158656403374384816156728296724410713532487081200580346257641281277968197989971236765724337807679223""},{""context"":""pauli_noncommuting"",""x"":""1/4"",""sigma"":-1,""controlled"":false,""epsilon"":""1e-3"",""arm"":""A"",""roles"":[""A_rho_even_order_0"",""A_rho_even_order_2""],""expected_occurrences_per_event"":""18643794347121957339946355406643806459359060109957427747749518969290649480236518131761866315916183283263/19024158656403374384816156728296724410713532487081200580346257641281277968197989971236765724337807679223""},{""context"":""pauli_noncommuting"",""x"":""1/4"",""sigma"":1,""controlled"":false,""epsilon"":""1e-3"",""arm"":""A"",""roles"":[""A_rho_odd_complement""],""expected_occurrences_per_event"":""380364309281417044869801321652917951354472377123772832596738671990628487961471839474899408421624395960/19024158656403374384816156728296724410713532487081200580346257641281277968197989971236765724337807679223""},{""context"":""distinct_basis"",""x"":""1/4"",""sigma"":-1,""controlled"":false,""epsilon"":""1e-3"",""arm"":""A"",""roles"":[""A_rho_even_order_0"",""A_rho_even_order_2""],""expected_occurrences_per_event"":""18643794347121957339946355406643806459359060109957427747749518969290649480236518131761866315916183283263/19024158656403374384816156728296724410713532487081200580346257641281277968197989971236765724337807679223""},{""context"":""distinct_basis"",""x"":""1/4"",""sigma"":1,""controlled"":false,""epsilon"":""1e-3"",""arm"":""A"",""roles"":[""A_rho_odd_complement""],""expected_occurrences_per_event"":""380364309281417044869801321652917951354472377123772832596738671990628487961471839474899408421624395960/19024158656403374384816156728296724410713532487081200580346257641281277968197989971236765724337807679223""}]"
24bfeb84a4ce87b56985d174dd98d1d5e1702a2b,f726ad70cb2643533f0d037b518cde1b702724adb4e6571fea25e26e4bfdd61e,b26c3bdea5a42988c0534d45bd092d0cc28e50535e08dc75b4692ed601799911,POSTHOC_ATTRIBUTION_DESIGN_INPUT,True,True,True,True,True,atan:97/396:scale:-2:epsilon:1e-4,atan:97/396:scale:-2,1e-4,46,0,123,72126462303835933059603429415829614957953228866021861669797957640834735665716777250508086757911359989/4586997231980143023221641790604173881593129978336562247475177678773845752176969616140037106220251373109248,c81a6dd14eda5d86df891560c97966437280795f5130a13d7afd6b97d54a9022,46,124,-2*atan(97/396),atan,97/396,-2,"[""A""]","[""distinct_basis"",""pauli_commuting"",""pauli_noncommuting""]","[""ordinary_rotation""]","[""A_rho_even_order_0"",""A_rho_even_order_2"",""A_rho_odd_complement""]","[{""context"":""pauli_commuting"",""x"":""1/4"",""sigma"":-1,""controlled"":false,""epsilon"":""1e-4"",""arm"":""A"",""roles"":[""A_rho_even_order_0"",""A_rho_even_order_2""],""expected_occurrences_per_event"":""18643794347121957339946355406643806459359060109957427747749518969290649480236518131761866315916183283263/19024158656403374384816156728296724410713532487081200580346257641281277968197989971236765724337807679223""},{""context"":""pauli_commuting"",""x"":""1/4"",""sigma"":1,""controlled"":false,""epsilon"":""1e-4"",""arm"":""A"",""roles"":[""A_rho_odd_complement""],""expected_occurrences_per_event"":""380364309281417044869801321652917951354472377123772832596738671990628487961471839474899408421624395960/19024158656403374384816156728296724410713532487081200580346257641281277968197989971236765724337807679223""},{""context"":""pauli_noncommuting"",""x"":""1/4"",""sigma"":-1,""controlled"":false,""epsilon"":""1e-4"",""arm"":""A"",""roles"":[""A_rho_even_order_0"",""A_rho_even_order_2""],""expected_occurrences_per_event"":""18643794347121957339946355406643806459359060109957427747749518969290649480236518131761866315916183283263/19024158656403374384816156728296724410713532487081200580346257641281277968197989971236765724337807679223""},{""context"":""pauli_noncommuting"",""x"":""1/4"",""sigma"":1,""controlled"":false,""epsilon"":""1e-4"",""arm"":""A"",""roles"":[""A_rho_odd_complement""],""expected_occurrences_per_event"":""380364309281417044869801321652917951354472377123772832596738671990628487961471839474899408421624395960/19024158656403374384816156728296724410713532487081200580346257641281277968197989971236765724337807679223""},{""context"":""distinct_basis"",""x"":""1/4"",""sigma"":-1,""controlled"":false,""epsilon"":""1e-4"",""arm"":""A"",""roles"":[""A_rho_even_order_0"",""A_rho_even_order_2""],""expected_occurrences_per_event"":""18643794347121957339946355406643806459359060109957427747749518969290649480236518131761866315916183283263/19024158656403374384816156728296724410713532487081200580346257641281277968197989971236765724337807679223""},{""context"":""distinct_basis"",""x"":""1/4"",""sigma"":1,""controlled"":false,""epsilon"":""1e-4"",""arm"":""A"",""roles"":[""A_rho_odd_complement""],""expected_occurrences_per_event"":""380364309281417044869801321652917951354472377123772832596738671990628487961471839474899408421624395960/19024158656403374384816156728296724410713532487081200580346257641281277968197989971236765724337807679223""}]"
24bfeb84a4ce87b56985d174dd98d1d5e1702a2b,f726ad70cb2643533f0d037b518cde1b702724adb4e6571fea25e26e4bfdd61e,b26c3bdea5a42988c0534d45bd092d0cc28e50535e08dc75b4692ed601799911,POSTHOC_ATTRIBUTION_DESIGN_INPUT,True,True,True,True,True,atan:97/396:scale:-2:epsilon:1e-6,atan:97/396:scale:-2,1e-6,68,0,175,57382472093168884239741586294417500458969347143298289402186893813733238079426829219760917953057083783/587135645693458306972370149197334256843920637227079967676822742883052256278652110865924749596192175757983744,b0fa107f87a69e4737e800f21c33ce67f218fd30d0ea908a387e80a6e793e2b8,68,176,-2*atan(97/396),atan,97/396,-2,"[""A""]","[""distinct_basis"",""pauli_commuting"",""pauli_noncommuting""]","[""ordinary_rotation""]","[""A_rho_even_order_0"",""A_rho_even_order_2"",""A_rho_odd_complement""]","[{""context"":""pauli_commuting"",""x"":""1/4"",""sigma"":-1,""controlled"":false,""epsilon"":""1e-6"",""arm"":""A"",""roles"":[""A_rho_even_order_0"",""A_rho_even_order_2""],""expected_occurrences_per_event"":""18643794347121957339946355406643806459359060109957427747749518969290649480236518131761866315916183283263/19024158656403374384816156728296724410713532487081200580346257641281277968197989971236765724337807679223""},{""context"":""pauli_commuting"",""x"":""1/4"",""sigma"":1,""controlled"":false,""epsilon"":""1e-6"",""arm"":""A"",""roles"":[""A_rho_odd_complement""],""expected_occurrences_per_event"":""380364309281417044869801321652917951354472377123772832596738671990628487961471839474899408421624395960/19024158656403374384816156728296724410713532487081200580346257641281277968197989971236765724337807679223""},{""context"":""pauli_noncommuting"",""x"":""1/4"",""sigma"":-1,""controlled"":false,""epsilon"":""1e-6"",""arm"":""A"",""roles"":[""A_rho_even_order_0"",""A_rho_even_order_2""],""expected_occurrences_per_event"":""18643794347121957339946355406643806459359060109957427747749518969290649480236518131761866315916183283263/19024158656403374384816156728296724410713532487081200580346257641281277968197989971236765724337807679223""},{""context"":""pauli_noncommuting"",""x"":""1/4"",""sigma"":1,""controlled"":false,""epsilon"":""1e-6"",""arm"":""A"",""roles"":[""A_rho_odd_complement""],""expected_occurrences_per_event"":""380364309281417044869801321652917951354472377123772832596738671990628487961471839474899408421624395960/19024158656403374384816156728296724410713532487081200580346257641281277968197989971236765724337807679223""},{""context"":""distinct_basis"",""x"":""1/4"",""sigma"":-1,""controlled"":false,""epsilon"":""1e-6"",""arm"":""A"",""roles"":[""A_rho_even_order_0"",""A_rho_even_order_2""],""expected_occurrences_per_event"":""18643794347121957339946355406643806459359060109957427747749518969290649480236518131761866315916183283263/19024158656403374384816156728296724410713532487081200580346257641281277968197989971236765724337807679223""},{""context"":""distinct_basis"",""x"":""1/4"",""sigma"":1,""controlled"":false,""epsilon"":""1e-6"",""arm"":""A"",""roles"":[""A_rho_odd_complement""],""expected_occurrences_per_event"":""380364309281417044869801321652917951354472377123772832596738671990628487961471839474899408421624395960/19024158656403374384816156728296724410713532487081200580346257641281277968197989971236765724337807679223""}]"
24bfeb84a4ce87b56985d174dd98d1d5e1702a2b,f726ad70cb2643533f0d037b518cde1b702724adb4e6571fea25e26e4bfdd61e,b26c3bdea5a42988c0534d45bd092d0cc28e50535e08dc75b4692ed601799911,POSTHOC_ATTRIBUTION_DESIGN_INPUT,True,True,True,True,True,atan:97/396:scale:1:epsilon:1e-3,atan:97/396:scale:1,1e-3,36,0,96,68805037201864777748407537800472399629522997742654562610394734308251981267310037468285171183242557785/1146749307995035755805410447651043470398282494584140561868794419693461438044242404035009276555062843277312,8a266e3c08d3a9ea76b84b9f893937f05bc745095e0dc633206cd1164fe1307e,36,98,1*atan(97/396),atan,97/396,1,"[""A""]","[""distinct_basis"",""pauli_commuting"",""pauli_noncommuting""]","[""controlled_half_angle_pair""]","[""A_rho_even_order_0"",""A_rho_even_order_2"",""A_rho_odd_complement""]","[{""context"":""pauli_commuting"",""x"":""1/4"",""sigma"":-1,""controlled"":true,""epsilon"":""1e-3"",""arm"":""A"",""roles"":[""A_rho_even_order_0"",""A_rho_odd_complement"",""A_rho_even_order_2""],""expected_occurrences_per_event"":""1""},{""context"":""pauli_commuting"",""x"":""1/4"",""sigma"":1,""controlled"":true,""epsilon"":""1e-3"",""arm"":""A"",""roles"":[""A_rho_even_order_0"",""A_rho_odd_complement"",""A_rho_even_order_2""],""expected_occurrences_per_event"":""1""},{""context"":""pauli_noncommuting"",""x"":""1/4"",""sigma"":-1,""controlled"":true,""epsilon"":""1e-3"",""arm"":""A"",""roles"":[""A_rho_even_order_0"",""A_rho_odd_complement"",""A_rho_even_order_2""],""expected_occurrences_per_event"":""1""},{""context"":""pauli_noncommuting"",""x"":""1/4"",""sigma"":1,""controlled"":true,""epsilon"":""1e-3"",""arm"":""A"",""roles"":[""A_rho_even_order_0"",""A_rho_odd_complement"",""A_rho_even_order_2""],""expected_occurrences_per_event"":""1""},{""context"":""distinct_basis"",""x"":""1/4"",""sigma"":-1,""controlled"":true,""epsilon"":""1e-3"",""arm"":""A"",""roles"":[""A_rho_even_order_0"",""A_rho_odd_complement"",""A_rho_even_order_2""],""expected_occurrences_per_event"":""1""},{""context"":""distinct_basis"",""x"":""1/4"",""sigma"":1,""controlled"":true,""epsilon"":""1e-3"",""arm"":""A"",""roles"":[""A_rho_even_order_0"",""A_rho_odd_complement"",""A_rho_even_order_2""],""expected_occurrences_per_event"":""1""}]"
24bfeb84a4ce87b56985d174dd98d1d5e1702a2b,f726ad70cb2643533f0d037b518cde1b702724adb4e6571fea25e26e4bfdd61e,b26c3bdea5a42988c0534d45bd092d0cc28e50535e08dc75b4692ed601799911,POSTHOC_ATTRIBUTION_DESIGN_INPUT,True,True,True,True,True,atan:97/396:scale:1:epsilon:1e-4,atan:97/396:scale:1,1e-4,50,0,122,38978890067657188832666671696285540566885606233449934745933422445414770764899435541269181466362892357/2293498615990071511610820895302086940796564989168281123737588839386922876088484808070018553110125686554624,9bc4ea07a5d7293240fa63cc843e5697168f147895bcebf9706e5487df9f77bf,50,126,1*atan(97/396),atan,97/396,1,"[""A""]","[""distinct_basis"",""pauli_commuting"",""pauli_noncommuting""]","[""controlled_half_angle_pair""]","[""A_rho_even_order_0"",""A_rho_even_order_2"",""A_rho_odd_complement""]","[{""context"":""pauli_commuting"",""x"":""1/4"",""sigma"":-1,""controlled"":true,""epsilon"":""1e-4"",""arm"":""A"",""roles"":[""A_rho_even_order_0"",""A_rho_odd_complement"",""A_rho_even_order_2""],""expected_occurrences_per_event"":""1""},{""context"":""pauli_commuting"",""x"":""1/4"",""sigma"":1,""controlled"":true,""epsilon"":""1e-4"",""arm"":""A"",""roles"":[""A_rho_even_order_0"",""A_rho_odd_complement"",""A_rho_even_order_2""],""expected_occurrences_per_event"":""1""},{""context"":""pauli_noncommuting"",""x"":""1/4"",""sigma"":-1,""controlled"":true,""epsilon"":""1e-4"",""arm"":""A"",""roles"":[""A_rho_even_order_0"",""A_rho_odd_complement"",""A_rho_even_order_2""],""expected_occurrences_per_event"":""1""},{""context"":""pauli_noncommuting"",""x"":""1/4"",""sigma"":1,""controlled"":true,""epsilon"":""1e-4"",""arm"":""A"",""roles"":[""A_rho_even_order_0"",""A_rho_odd_complement"",""A_rho_even_order_2""],""expected_occurrences_per_event"":""1""},{""context"":""distinct_basis"",""x"":""1/4"",""sigma"":-1,""controlled"":true,""epsilon"":""1e-4"",""arm"":""A"",""roles"":[""A_rho_even_order_0"",""A_rho_odd_complement"",""A_rho_even_order_2""],""expected_occurrences_per_event"":""1""},{""context"":""distinct_basis"",""x"":""1/4"",""sigma"":1,""controlled"":true,""epsilon"":""1e-4"",""arm"":""A"",""roles"":[""A_rho_even_order_0"",""A_rho_odd_complement"",""A_rho_even_order_2""],""expected_occurrences_per_event"":""1""}]"
24bfeb84a4ce87b56985d174dd98d1d5e1702a2b,f726ad70cb2643533f0d037b518cde1b702724adb4e6571fea25e26e4bfdd61e,b26c3bdea5a42988c0534d45bd092d0cc28e50535e08dc75b4692ed601799911,POSTHOC_ATTRIBUTION_DESIGN_INPUT,True,True,True,True,True,atan:97/396:scale:1:epsilon:1e-6,atan:97/396:scale:1,1e-6,70,0,180,79863854042680482894299971123431289022843806498099754589290570487499059985302753833400475559007908323/587135645693458306972370149197334256843920637227079967676822742883052256278652110865924749596192175757983744,03cbf4307dfa70f69ab690de12428a115377918d2ee19bf64f530a5c44c3b8c8,70,184,1*atan(97/396),atan,97/396,1,"[""A""]","[""distinct_basis"",""pauli_commuting"",""pauli_noncommuting""]","[""controlled_half_angle_pair""]","[""A_rho_even_order_0"",""A_rho_even_order_2"",""A_rho_odd_complement""]","[{""context"":""pauli_commuting"",""x"":""1/4"",""sigma"":-1,""controlled"":true,""epsilon"":""1e-6"",""arm"":""A"",""roles"":[""A_rho_even_order_0"",""A_rho_odd_complement"",""A_rho_even_order_2""],""expected_occurrences_per_event"":""1""},{""context"":""pauli_commuting"",""x"":""1/4"",""sigma"":1,""controlled"":true,""epsilon"":""1e-6"",""arm"":""A"",""roles"":[""A_rho_even_order_0"",""A_rho_odd_complement"",""A_rho_even_order_2""],""expected_occurrences_per_event"":""1""},{""context"":""pauli_noncommuting"",""x"":""1/4"",""sigma"":-1,""controlled"":true,""epsilon"":""1e-6"",""arm"":""A"",""roles"":[""A_rho_even_order_0"",""A_rho_odd_complement"",""A_rho_even_order_2""],""expected_occurrences_per_event"":""1""},{""context"":""pauli_noncommuting"",""x"":""1/4"",""sigma"":1,""controlled"":true,""epsilon"":""1e-6"",""arm"":""A"",""roles"":[""A_rho_even_order_0"",""A_rho_odd_complement"",""A_rho_even_order_2""],""expected_occurrences_per_event"":""1""},{""context"":""distinct_basis"",""x"":""1/4"",""sigma"":-1,""controlled"":true,""epsilon"":""1e-6"",""arm"":""A"",""roles"":[""A_rho_even_order_0"",""A_rho_odd_complement"",""A_rho_even_order_2""],""expected_occurrences_per_event"":""1""},{""context"":""distinct_basis"",""x"":""1/4"",""sigma"":1,""controlled"":true,""epsilon"":""1e-6"",""arm"":""A"",""roles"":[""A_rho_even_order_0"",""A_rho_odd_complement"",""A_rho_even_order_2""],""expected_occurrences_per_event"":""1""}]"
24bfeb84a4ce87b56985d174dd98d1d5e1702a2b,f726ad70cb2643533f0d037b518cde1b702724adb4e6571fea25e26e4bfdd61e,b26c3bdea5a42988c0534d45bd092d0cc28e50535e08dc75b4692ed601799911,POSTHOC_ATTRIBUTION_DESIGN_INPUT,True,True,True,True,True,atan:97/396:scale:2:epsilon:1e-3,atan:97/396:scale:2,1e-3,38,0,96,44401894753937610398472666745227452395622532135803235221445626820263637288935345448704308143500411483/286687326998758938951352611912760867599570623646035140467198604923365359511060601008752319138765710819328,3cdd4b79336ee1ee129a8a9740d8d9456db8268b587fdd93cdfb55ca54a20489,38,96,2*atan(97/396),atan,97/396,2,"[""A""]","[""distinct_basis"",""pauli_commuting"",""pauli_noncommuting""]","[""ordinary_rotation""]","[""A_rho_even_order_0"",""A_rho_even_order_2"",""A_rho_odd_complement""]","[{""context"":""pauli_commuting"",""x"":""1/4"",""sigma"":-1,""controlled"":false,""epsilon"":""1e-3"",""arm"":""A"",""roles"":[""A_rho_odd_complement""],""expected_occurrences_per_event"":""380364309281417044869801321652917951354472377123772832596738671990628487961471839474899408421624395960/19024158656403374384816156728296724410713532487081200580346257641281277968197989971236765724337807679223""},{""context"":""pauli_commuting"",""x"":""1/4"",""sigma"":1,""controlled"":false,""epsilon"":""1e-3"",""arm"":""A"",""roles"":[""A_rho_even_order_0"",""A_rho_even_order_2""],""expected_occurrences_per_event"":""18643794347121957339946355406643806459359060109957427747749518969290649480236518131761866315916183283263/19024158656403374384816156728296724410713532487081200580346257641281277968197989971236765724337807679223""},{""context"":""pauli_noncommuting"",""x"":""1/4"",""sigma"":-1,""controlled"":false,""epsilon"":""1e-3"",""arm"":""A"",""roles"":[""A_rho_odd_complement""],""expected_occurrences_per_event"":""380364309281417044869801321652917951354472377123772832596738671990628487961471839474899408421624395960/19024158656403374384816156728296724410713532487081200580346257641281277968197989971236765724337807679223""},{""context"":""pauli_noncommuting"",""x"":""1/4"",""sigma"":1,""controlled"":false,""epsilon"":""1e-3"",""arm"":""A"",""roles"":[""A_rho_even_order_0"",""A_rho_even_order_2""],""expected_occurrences_per_event"":""18643794347121957339946355406643806459359060109957427747749518969290649480236518131761866315916183283263/19024158656403374384816156728296724410713532487081200580346257641281277968197989971236765724337807679223""},{""context"":""distinct_basis"",""x"":""1/4"",""sigma"":-1,""controlled"":false,""epsilon"":""1e-3"",""arm"":""A"",""roles"":[""A_rho_odd_complement""],""expected_occurrences_per_event"":""380364309281417044869801321652917951354472377123772832596738671990628487961471839474899408421624395960/19024158656403374384816156728296724410713532487081200580346257641281277968197989971236765724337807679223""},{""context"":""distinct_basis"",""x"":""1/4"",""sigma"":1,""controlled"":false,""epsilon"":""1e-3"",""arm"":""A"",""roles"":[""A_rho_even_order_0"",""A_rho_even_order_2""],""expected_occurrences_per_event"":""18643794347121957339946355406643806459359060109957427747749518969290649480236518131761866315916183283263/19024158656403374384816156728296724410713532487081200580346257641281277968197989971236765724337807679223""}]"
24bfeb84a4ce87b56985d174dd98d1d5e1702a2b,f726ad70cb2643533f0d037b518cde1b702724adb4e6571fea25e26e4bfdd61e,b26c3bdea5a42988c0534d45bd092d0cc28e50535e08dc75b4692ed601799911,POSTHOC_ATTRIBUTION_DESIGN_INPUT,True,True,True,True,True,atan:97/396:scale:2:epsilon:1e-4,atan:97/396:scale:2,1e-4,46,0,115,36063231151917966529801714707914807478976614433010930834898978820417367832858388625251533263301529825/2293498615990071511610820895302086940796564989168281123737588839386922876088484808070018553110125686554624,25e9e215140b571e44821b4a3d2f8b012bc07847900107f67732143b27ee30dc,46,115,2*atan(97/396),atan,97/396,2,"[""A""]","[""distinct_basis"",""pauli_commuting"",""pauli_noncommuting""]","[""ordinary_rotation""]","[""A_rho_even_order_0"",""A_rho_even_order_2"",""A_rho_odd_complement""]","[{""context"":""pauli_commuting"",""x"":""1/4"",""sigma"":-1,""controlled"":false,""epsilon"":""1e-4"",""arm"":""A"",""roles"":[""A_rho_odd_complement""],""expected_occurrences_per_event"":""380364309281417044869801321652917951354472377123772832596738671990628487961471839474899408421624395960/19024158656403374384816156728296724410713532487081200580346257641281277968197989971236765724337807679223""},{""context"":""pauli_commuting"",""x"":""1/4"",""sigma"":1,""controlled"":false,""epsilon"":""1e-4"",""arm"":""A"",""roles"":[""A_rho_even_order_0"",""A_rho_even_order_2""],""expected_occurrences_per_event"":""18643794347121957339946355406643806459359060109957427747749518969290649480236518131761866315916183283263/19024158656403374384816156728296724410713532487081200580346257641281277968197989971236765724337807679223""},{""context"":""pauli_noncommuting"",""x"":""1/4"",""sigma"":-1,""controlled"":false,""epsilon"":""1e-4"",""arm"":""A"",""roles"":[""A_rho_odd_complement""],""expected_occurrences_per_event"":""380364309281417044869801321652917951354472377123772832596738671990628487961471839474899408421624395960/19024158656403374384816156728296724410713532487081200580346257641281277968197989971236765724337807679223""},{""context"":""pauli_noncommuting"",""x"":""1/4"",""sigma"":1,""controlled"":false,""epsilon"":""1e-4"",""arm"":""A"",""roles"":[""A_rho_even_order_0"",""A_rho_even_order_2""],""expected_occurrences_per_event"":""18643794347121957339946355406643806459359060109957427747749518969290649480236518131761866315916183283263/19024158656403374384816156728296724410713532487081200580346257641281277968197989971236765724337807679223""},{""context"":""distinct_basis"",""x"":""1/4"",""sigma"":-1,""controlled"":false,""epsilon"":""1e-4"",""arm"":""A"",""roles"":[""A_rho_odd_complement""],""expected_occurrences_per_event"":""380364309281417044869801321652917951354472377123772832596738671990628487961471839474899408421624395960/19024158656403374384816156728296724410713532487081200580346257641281277968197989971236765724337807679223""},{""context"":""distinct_basis"",""x"":""1/4"",""sigma"":1,""controlled"":false,""epsilon"":""1e-4"",""arm"":""A"",""roles"":[""A_rho_even_order_0"",""A_rho_even_order_2""],""expected_occurrences_per_event"":""18643794347121957339946355406643806459359060109957427747749518969290649480236518131761866315916183283263/19024158656403374384816156728296724410713532487081200580346257641281277968197989971236765724337807679223""}]"
24bfeb84a4ce87b56985d174dd98d1d5e1702a2b,f726ad70cb2643533f0d037b518cde1b702724adb4e6571fea25e26e4bfdd61e,b26c3bdea5a42988c0534d45bd092d0cc28e50535e08dc75b4692ed601799911,POSTHOC_ATTRIBUTION_DESIGN_INPUT,True,True,True,True,True,atan:97/396:scale:2:epsilon:1e-6,atan:97/396:scale:2,1e-6,68,0,177,114764944186337768479483172588835000917938694286596578804373787627466476158854237899320890052257191529/1174271291386916613944740298394668513687841274454159935353645485766104512557304221731849499192384351515967488,caa7c94f363768eb39949c36af355c67f7ab75b68d510212e6625947aab3e484,68,180,2*atan(97/396),atan,97/396,2,"[""A""]","[""distinct_basis"",""pauli_commuting"",""pauli_noncommuting""]","[""ordinary_rotation""]","[""A_rho_even_order_0"",""A_rho_even_order_2"",""A_rho_odd_complement""]","[{""context"":""pauli_commuting"",""x"":""1/4"",""sigma"":-1,""controlled"":false,""epsilon"":""1e-6"",""arm"":""A"",""roles"":[""A_rho_odd_complement""],""expected_occurrences_per_event"":""380364309281417044869801321652917951354472377123772832596738671990628487961471839474899408421624395960/19024158656403374384816156728296724410713532487081200580346257641281277968197989971236765724337807679223""},{""context"":""pauli_commuting"",""x"":""1/4"",""sigma"":1,""controlled"":false,""epsilon"":""1e-6"",""arm"":""A"",""roles"":[""A_rho_even_order_0"",""A_rho_even_order_2""],""expected_occurrences_per_event"":""18643794347121957339946355406643806459359060109957427747749518969290649480236518131761866315916183283263/19024158656403374384816156728296724410713532487081200580346257641281277968197989971236765724337807679223""},{""context"":""pauli_noncommuting"",""x"":""1/4"",""sigma"":-1,""controlled"":false,""epsilon"":""1e-6"",""arm"":""A"",""roles"":[""A_rho_odd_complement""],""expected_occurrences_per_event"":""380364309281417044869801321652917951354472377123772832596738671990628487961471839474899408421624395960/19024158656403374384816156728296724410713532487081200580346257641281277968197989971236765724337807679223""},{""context"":""pauli_noncommuting"",""x"":""1/4"",""sigma"":1,""controlled"":false,""epsilon"":""1e-6"",""arm"":""A"",""roles"":[""A_rho_even_order_0"",""A_rho_even_order_2""],""expected_occurrences_per_event"":""18643794347121957339946355406643806459359060109957427747749518969290649480236518131761866315916183283263/19024158656403374384816156728296724410713532487081200580346257641281277968197989971236765724337807679223""},{""context"":""distinct_basis"",""x"":""1/4"",""sigma"":-1,""controlled"":false,""epsilon"":""1e-6"",""arm"":""A"",""roles"":[""A_rho_odd_complement""],""expected_occurrences_per_event"":""380364309281417044869801321652917951354472377123772832596738671990628487961471839474899408421624395960/19024158656403374384816156728296724410713532487081200580346257641281277968197989971236765724337807679223""},{""context"":""distinct_basis"",""x"":""1/4"",""sigma"":1,""controlled"":false,""epsilon"":""1e-6"",""arm"":""A"",""roles"":[""A_rho_even_order_0"",""A_rho_even_order_2""],""expected_occurrences_per_event"":""18643794347121957339946355406643806459359060109957427747749518969290649480236518131761866315916183283263/19024158656403374384816156728296724410713532487081200580346257641281277968197989971236765724337807679223""}]"
24bfeb84a4ce87b56985d174dd98d1d5e1702a2b,f726ad70cb2643533f0d037b518cde1b702724adb4e6571fea25e26e4bfdd61e,b26c3bdea5a42988c0534d45bd092d0cc28e50535e08dc75b4692ed601799911,POSTHOC_ATTRIBUTION_DESIGN_INPUT,True,True,True,True,True,pi:1/8:scale:-1:epsilon:1e-3,pi:1/8:scale:-1,1e-3,38,0,95,84004241021693714410163392305903968014833696345988522283914173075729196949427438894413015688158458529/573374653997517877902705223825521735199141247292070280934397209846730719022121202017504638277531421638656,9682c7bc23220c68e318cf421b72d352d9c0b150f0df5039e0b4a391d39574f6,38,100,-1*pi*1/8,pi,1/8,-1,"[""A"",""PTSC_K0"",""ordinary""]","[""distinct_basis""]","[""basis_conjugator""]","[""distinct_basis_conjugator_saved_cost_residual""]","[{""context"":""distinct_basis"",""x"":""1/8"",""sigma"":-1,""controlled"":false,""epsilon"":""1e-3"",""arm"":""ordinary"",""roles"":[""distinct_basis_conjugator_saved_cost_residual""],""expected_occurrences_per_event"":""1021188521567029318166135050973247510170904122985473075649487183565485987208635658729816942804141647255/4043889979878781808549103323273227490013279525165859820286486228413841981233388361386655576076589459904""},{""context"":""distinct_basis"",""x"":""1/8"",""sigma"":-1,""controlled"":false,""epsilon"":""1e-3"",""arm"":""PTSC_K0"",""roles"":[""distinct_basis_conjugator_saved_cost_residual""],""expected_occurrences_per_event"":""4679621092399841011201390944299803011328239789778364011793269862506422554972193646357614622745643527056037/18640093303623140897436053297379316495578701566710243313451579831491957504397468952342127778718067859172000""},{""context"":""distinct_basis"",""x"":""1/8"",""sigma"":-1,""controlled"":false,""epsilon"":""1e-3"",""arm"":""A"",""roles"":[""distinct_basis_conjugator_saved_cost_residual""],""expected_occurrences_per_event"":""586541211590930455235594370710565178429649754070789939944831107074072289473500135155147889117598474761377/2329219789978608641944240397198192018387008239787874220580222612476888058195485362826246280936699321903808""},{""context"":""distinct_basis"",""x"":""1/8"",""sigma"":-1,""controlled"":true,""epsilon"":""1e-3"",""arm"":""ordinary"",""roles"":[""distinct_basis_conjugator_saved_cost_residual""],""expected_occurrences_per_event"":""1021188521567029318166135050973247510170904122985473075649487183565485987208635658729816942804141647255/4043889979878781808549103323273227490013279525165859820286486228413841981233388361386655576076589459904""},{""context"":""distinct_basis"",""x"":""1/8"",""sigma"":-1,""controlled"":true,""epsilon"":""1e-3"",""arm"":""PTSC_K0"",""roles"":[""distinct_basis_conjugator_saved_cost_residual""],""expected_occurrences_per_event"":""4679621092399841011201390944299803011328239789778364011793269862506422554972193646357614622745643527056037/18640093303623140897436053297379316495578701566710243313451579831491957504397468952342127778718067859172000""},{""context"":""distinct_basis"",""x"":""1/8"",""sigma"":-1,""controlled"":true,""epsilon"":""1e-3"",""arm"":""A"",""roles"":[""distinct_basis_conjugator_saved_cost_residual""],""expected_occurrences_per_event"":""586541211590930455235594370710565178429649754070789939944831107074072289473500135155147889117598474761377/2329219789978608641944240397198192018387008239787874220580222612476888058195485362826246280936699321903808""},{""context"":""distinct_basis"",""x"":""1/8"",""sigma"":1,""controlled"":false,""epsilon"":""1e-3"",""arm"":""ordinary"",""roles"":[""distinct_basis_conjugator_saved_cost_residual""],""expected_occurrences_per_event"":""1021188521567029318166135050973247510170904122985473075649487183565485987208635658729816942804141647255/4043889979878781808549103323273227490013279525165859820286486228413841981233388361386655576076589459904""},{""context"":""distinct_basis"",""x"":""1/8"",""sigma"":1,""controlled"":false,""epsilon"":""1e-3"",""arm"":""PTSC_K0"",""roles"":[""distinct_basis_conjugator_saved_cost_residual""],""expected_occurrences_per_event"":""4679621092399841011201390944299803011328239789778364011793269862506422554972193646357614622745643527056037/18640093303623140897436053297379316495578701566710243313451579831491957504397468952342127778718067859172000""},{""context"":""distinct_basis"",""x"":""1/8"",""sigma"":1,""controlled"":false,""epsilon"":""1e-3"",""arm"":""A"",""roles"":[""distinct_basis_conjugator_saved_cost_residual""],""expected_occurrences_per_event"":""586541211590930455235594370710565178429649754070789939944831107074072289473500135155147889117598474761377/2329219789978608641944240397198192018387008239787874220580222612476888058195485362826246280936699321903808""},{""context"":""distinct_basis"",""x"":""1/8"",""sigma"":1,""controlled"":true,""epsilon"":""1e-3"",""arm"":""ordinary"",""roles"":[""distinct_basis_conjugator_saved_cost_residual""],""expected_occurrences_per_event"":""1021188521567029318166135050973247510170904122985473075649487183565485987208635658729816942804141647255/4043889979878781808549103323273227490013279525165859820286486228413841981233388361386655576076589459904""},{""context"":""distinct_basis"",""x"":""1/8"",""sigma"":1,""controlled"":true,""epsilon"":""1e-3"",""arm"":""PTSC_K0"",""roles"":[""distinct_basis_conjugator_saved_cost_residual""],""expected_occurrences_per_event"":""4679621092399841011201390944299803011328239789778364011793269862506422554972193646357614622745643527056037/18640093303623140897436053297379316495578701566710243313451579831491957504397468952342127778718067859172000""},{""context"":""distinct_basis"",""x"":""1/8"",""sigma"":1,""controlled"":true,""epsilon"":""1e-3"",""arm"":""A"",""roles"":[""distinct_basis_conjugator_saved_cost_residual""],""expected_occurrences_per_event"":""586541211590930455235594370710565178429649754070789939944831107074072289473500135155147889117598474761377/2329219789978608641944240397198192018387008239787874220580222612476888058195485362826246280936699321903808""},{""context"":""distinct_basis"",""x"":""1/4"",""sigma"":-1,""controlled"":false,""epsilon"":""1e-3"",""arm"":""ordinary"",""roles"":[""distinct_basis_conjugator_saved_cost_residual""],""expected_occurrences_per_event"":""79074995834781692811251883351981473229093935817316664486325108618762879529146108319683615186902030804435/304500565400563798550780174726439167767305580884480093795730304454088697316782163009909678740728014122432""},{""context"":""distinct_basis"",""x"":""1/4"",""sigma"":-1,""controlled"":false,""epsilon"":""1e-3"",""arm"":""PTSC_K0"",""roles"":[""distinct_basis_conjugator_saved_cost_residual""],""expected_occurrences_per_event"":""621070973995155273773431010631096619848445848556231256813928597885593494353151835436898843648556590807717/2441728745879242815093132639193586038109472129777466686092614598624061931860184283785358702222065828031136""},{""context"":""distinct_basis"",""x"":""1/4"",""sigma"":-1,""controlled"":false,""epsilon"":""1e-3"",""arm"":""A"",""roles"":[""distinct_basis_conjugator_saved_cost_residual""],""expected_occurrences_per_event"":""313069542500268838634476940948605608179680334527327835979662547257036513442913313875301189647279817281595/1217546154009815960628234030610990362285666079173196837142160489042001789964671358159153006357619691470272""},{""context"":""distinct_basis"",""x"":""1/4"",""sigma"":-1,""controlled"":true,""epsilon"":""1e-3"",""arm"":""ordinary"",""roles"":[""distinct_basis_conjugator_saved_cost_residual""],""expected_occurrences_per_event"":""79074995834781692811251883351981473229093935817316664486325108618762879529146108319683615186902030804435/304500565400563798550780174726439167767305580884480093795730304454088697316782163009909678740728014122432""},{""context"":""distinct_basis"",""x"":""1/4"",""sigma"":-1,""controlled"":true,""epsilon"":""1e-3"",""arm"":""PTSC_K0"",""roles"":[""distinct_basis_conjugator_saved_cost_residual""],""expected_occurrences_per_event"":""621070973995155273773431010631096619848445848556231256813928597885593494353151835436898843648556590807717/2441728745879242815093132639193586038109472129777466686092614598624061931860184283785358702222065828031136""},{""context"":""distinct_basis"",""x"":""1/4"",""sigma"":-1,""controlled"":true,""epsilon"":""1e-3"",""arm"":""A"",""roles"":[""distinct_basis_conjugator_saved_cost_residual""],""expected_occurrences_per_event"":""313069542500268838634476940948605608179680334527327835979662547257036513442913313875301189647279817281595/1217546154009815960628234030610990362285666079173196837142160489042001789964671358159153006357619691470272""},{""context"":""distinct_basis"",""x"":""1/4"",""sigma"":1,""controlled"":false,""epsilon"":""1e-3"",""arm"":""ordinary"",""roles"":[""distinct_basis_conjugator_saved_cost_residual""],""expected_occurrences_per_event"":""79074995834781692811251883351981473229093935817316664486325108618762879529146108319683615186902030804435/304500565400563798550780174726439167767305580884480093795730304454088697316782163009909678740728014122432""},{""context"":""distinct_basis"",""x"":""1/4"",""sigma"":1,""controlled"":false,""epsilon"":""1e-3"",""arm"":""PTSC_K0"",""roles"":[""distinct_basis_conjugator_saved_cost_residual""],""expected_occurrences_per_event"":""621070973995155273773431010631096619848445848556231256813928597885593494353151835436898843648556590807717/2441728745879242815093132639193586038109472129777466686092614598624061931860184283785358702222065828031136""},{""context"":""distinct_basis"",""x"":""1/4"",""sigma"":1,""controlled"":false,""epsilon"":""1e-3"",""arm"":""A"",""roles"":[""distinct_basis_conjugator_saved_cost_residual""],""expected_occurrences_per_event"":""313069542500268838634476940948605608179680334527327835979662547257036513442913313875301189647279817281595/1217546154009815960628234030610990362285666079173196837142160489042001789964671358159153006357619691470272""},{""context"":""distinct_basis"",""x"":""1/4"",""sigma"":1,""controlled"":true,""epsilon"":""1e-3"",""arm"":""ordinary"",""roles"":[""distinct_basis_conjugator_saved_cost_residual""],""expected_occurrences_per_event"":""79074995834781692811251883351981473229093935817316664486325108618762879529146108319683615186902030804435/304500565400563798550780174726439167767305580884480093795730304454088697316782163009909678740728014122432""},{""context"":""distinct_basis"",""x"":""1/4"",""sigma"":1,""controlled"":true,""epsilon"":""1e-3"",""arm"":""PTSC_K0"",""roles"":[""distinct_basis_conjugator_saved_cost_residual""],""expected_occurrences_per_event"":""621070973995155273773431010631096619848445848556231256813928597885593494353151835436898843648556590807717/2441728745879242815093132639193586038109472129777466686092614598624061931860184283785358702222065828031136""},{""context"":""distinct_basis"",""x"":""1/4"",""sigma"":1,""controlled"":true,""epsilon"":""1e-3"",""arm"":""A"",""roles"":[""distinct_basis_conjugator_saved_cost_residual""],""expected_occurrences_per_event"":""313069542500268838634476940948605608179680334527327835979662547257036513442913313875301189647279817281595/1217546154009815960628234030610990362285666079173196837142160489042001789964671358159153006357619691470272""}]"
24bfeb84a4ce87b56985d174dd98d1d5e1702a2b,f726ad70cb2643533f0d037b518cde1b702724adb4e6571fea25e26e4bfdd61e,b26c3bdea5a42988c0534d45bd092d0cc28e50535e08dc75b4692ed601799911,POSTHOC_ATTRIBUTION_DESIGN_INPUT,True,True,True,True,True,pi:1/8:scale:-1:epsilon:1e-4,pi:1/8:scale:-1,1e-4,50,0,121,120914777472359634929247744376125191335224231364873936845023595160050195404526337054810798159113392911/18347988927920572092886567162416695526372519913346248989900710715095383008707878464560148424881005492436992,d0df92e438c2d4f813f7a3ed8cb8d44082e514e233c0b16daddd2959e4b57365,50,126,-1*pi*1/8,pi,1/8,-1,"[""A"",""PTSC_K0"",""ordinary""]","[""distinct_basis""]","[""basis_conjugator""]","[""distinct_basis_conjugator_saved_cost_residual""]","[{""context"":""distinct_basis"",""x"":""1/8"",""sigma"":-1,""controlled"":false,""epsilon"":""1e-4"",""arm"":""ordinary"",""roles"":[""distinct_basis_conjugator_saved_cost_residual""],""expected_occurrences_per_event"":""1021188521567029318166135050973247510170904122985473075649487183565485987208635658729816942804141647255/4043889979878781808549103323273227490013279525165859820286486228413841981233388361386655576076589459904""},{""context"":""distinct_basis"",""x"":""1/8"",""sigma"":-1,""controlled"":false,""epsilon"":""1e-4"",""arm"":""PTSC_K0"",""roles"":[""distinct_basis_conjugator_saved_cost_residual""],""expected_occurrences_per_event"":""4679621092399841011201390944299803011328239789778364011793269862506422554972193646357614622745643527056037/18640093303623140897436053297379316495578701566710243313451579831491957504397468952342127778718067859172000""},{""context"":""distinct_basis"",""x"":""1/8"",""sigma"":-1,""controlled"":false,""epsilon"":""1e-4"",""arm"":""A"",""roles"":[""distinct_basis_conjugator_saved_cost_residual""],""expected_occurrences_per_event"":""586541211590930455235594370710565178429649754070789939944831107074072289473500135155147889117598474761377/2329219789978608641944240397198192018387008239787874220580222612476888058195485362826246280936699321903808""},{""context"":""distinct_basis"",""x"":""1/8"",""sigma"":-1,""controlled"":true,""epsilon"":""1e-4"",""arm"":""ordinary"",""roles"":[""distinct_basis_conjugator_saved_cost_residual""],""expected_occurrences_per_event"":""1021188521567029318166135050973247510170904122985473075649487183565485987208635658729816942804141647255/4043889979878781808549103323273227490013279525165859820286486228413841981233388361386655576076589459904""},{""context"":""distinct_basis"",""x"":""1/8"",""sigma"":-1,""controlled"":true,""epsilon"":""1e-4"",""arm"":""PTSC_K0"",""roles"":[""distinct_basis_conjugator_saved_cost_residual""],""expected_occurrences_per_event"":""4679621092399841011201390944299803011328239789778364011793269862506422554972193646357614622745643527056037/18640093303623140897436053297379316495578701566710243313451579831491957504397468952342127778718067859172000""},{""context"":""distinct_basis"",""x"":""1/8"",""sigma"":-1,""controlled"":true,""epsilon"":""1e-4"",""arm"":""A"",""roles"":[""distinct_basis_conjugator_saved_cost_residual""],""expected_occurrences_per_event"":""586541211590930455235594370710565178429649754070789939944831107074072289473500135155147889117598474761377/2329219789978608641944240397198192018387008239787874220580222612476888058195485362826246280936699321903808""},{""context"":""distinct_basis"",""x"":""1/8"",""sigma"":1,""controlled"":false,""epsilon"":""1e-4"",""arm"":""ordinary"",""roles"":[""distinct_basis_conjugator_saved_cost_residual""],""expected_occurrences_per_event"":""1021188521567029318166135050973247510170904122985473075649487183565485987208635658729816942804141647255/4043889979878781808549103323273227490013279525165859820286486228413841981233388361386655576076589459904""},{""context"":""distinct_basis"",""x"":""1/8"",""sigma"":1,""controlled"":false,""epsilon"":""1e-4"",""arm"":""PTSC_K0"",""roles"":[""distinct_basis_conjugator_saved_cost_residual""],""expected_occurrences_per_event"":""4679621092399841011201390944299803011328239789778364011793269862506422554972193646357614622745643527056037/18640093303623140897436053297379316495578701566710243313451579831491957504397468952342127778718067859172000""},{""context"":""distinct_basis"",""x"":""1/8"",""sigma"":1,""controlled"":false,""epsilon"":""1e-4"",""arm"":""A"",""roles"":[""distinct_basis_conjugator_saved_cost_residual""],""expected_occurrences_per_event"":""586541211590930455235594370710565178429649754070789939944831107074072289473500135155147889117598474761377/2329219789978608641944240397198192018387008239787874220580222612476888058195485362826246280936699321903808""},{""context"":""distinct_basis"",""x"":""1/8"",""sigma"":1,""controlled"":true,""epsilon"":""1e-4"",""arm"":""ordinary"",""roles"":[""distinct_basis_conjugator_saved_cost_residual""],""expected_occurrences_per_event"":""1021188521567029318166135050973247510170904122985473075649487183565485987208635658729816942804141647255/4043889979878781808549103323273227490013279525165859820286486228413841981233388361386655576076589459904""},{""context"":""distinct_basis"",""x"":""1/8"",""sigma"":1,""controlled"":true,""epsilon"":""1e-4"",""arm"":""PTSC_K0"",""roles"":[""distinct_basis_conjugator_saved_cost_residual""],""expected_occurrences_per_event"":""4679621092399841011201390944299803011328239789778364011793269862506422554972193646357614622745643527056037/18640093303623140897436053297379316495578701566710243313451579831491957504397468952342127778718067859172000""},{""context"":""distinct_basis"",""x"":""1/8"",""sigma"":1,""controlled"":true,""epsilon"":""1e-4"",""arm"":""A"",""roles"":[""distinct_basis_conjugator_saved_cost_residual""],""expected_occurrences_per_event"":""586541211590930455235594370710565178429649754070789939944831107074072289473500135155147889117598474761377/2329219789978608641944240397198192018387008239787874220580222612476888058195485362826246280936699321903808""},{""context"":""distinct_basis"",""x"":""1/4"",""sigma"":-1,""controlled"":false,""epsilon"":""1e-4"",""arm"":""ordinary"",""roles"":[""distinct_basis_conjugator_saved_cost_residual""],""expected_occurrences_per_event"":""79074995834781692811251883351981473229093935817316664486325108618762879529146108319683615186902030804435/304500565400563798550780174726439167767305580884480093795730304454088697316782163009909678740728014122432""},{""context"":""distinct_basis"",""x"":""1/4"",""sigma"":-1,""controlled"":false,""epsilon"":""1e-4"",""arm"":""PTSC_K0"",""roles"":[""distinct_basis_conjugator_saved_cost_residual""],""expected_occurrences_per_event"":""621070973995155273773431010631096619848445848556231256813928597885593494353151835436898843648556590807717/2441728745879242815093132639193586038109472129777466686092614598624061931860184283785358702222065828031136""},{""context"":""distinct_basis"",""x"":""1/4"",""sigma"":-1,""controlled"":false,""epsilon"":""1e-4"",""arm"":""A"",""roles"":[""distinct_basis_conjugator_saved_cost_residual""],""expected_occurrences_per_event"":""313069542500268838634476940948605608179680334527327835979662547257036513442913313875301189647279817281595/1217546154009815960628234030610990362285666079173196837142160489042001789964671358159153006357619691470272""},{""context"":""distinct_basis"",""x"":""1/4"",""sigma"":-1,""controlled"":true,""epsilon"":""1e-4"",""arm"":""ordinary"",""roles"":[""distinct_basis_conjugator_saved_cost_residual""],""expected_occurrences_per_event"":""79074995834781692811251883351981473229093935817316664486325108618762879529146108319683615186902030804435/304500565400563798550780174726439167767305580884480093795730304454088697316782163009909678740728014122432""},{""context"":""distinct_basis"",""x"":""1/4"",""sigma"":-1,""controlled"":true,""epsilon"":""1e-4"",""arm"":""PTSC_K0"",""roles"":[""distinct_basis_conjugator_saved_cost_residual""],""expected_occurrences_per_event"":""621070973995155273773431010631096619848445848556231256813928597885593494353151835436898843648556590807717/2441728745879242815093132639193586038109472129777466686092614598624061931860184283785358702222065828031136""},{""context"":""distinct_basis"",""x"":""1/4"",""sigma"":-1,""controlled"":true,""epsilon"":""1e-4"",""arm"":""A"",""roles"":[""distinct_basis_conjugator_saved_cost_residual""],""expected_occurrences_per_event"":""313069542500268838634476940948605608179680334527327835979662547257036513442913313875301189647279817281595/1217546154009815960628234030610990362285666079173196837142160489042001789964671358159153006357619691470272""},{""context"":""distinct_basis"",""x"":""1/4"",""sigma"":1,""controlled"":false,""epsilon"":""1e-4"",""arm"":""ordinary"",""roles"":[""distinct_basis_conjugator_saved_cost_residual""],""expected_occurrences_per_event"":""79074995834781692811251883351981473229093935817316664486325108618762879529146108319683615186902030804435/304500565400563798550780174726439167767305580884480093795730304454088697316782163009909678740728014122432""},{""context"":""distinct_basis"",""x"":""1/4"",""sigma"":1,""controlled"":false,""epsilon"":""1e-4"",""arm"":""PTSC_K0"",""roles"":[""distinct_basis_conjugator_saved_cost_residual""],""expected_occurrences_per_event"":""621070973995155273773431010631096619848445848556231256813928597885593494353151835436898843648556590807717/2441728745879242815093132639193586038109472129777466686092614598624061931860184283785358702222065828031136""},{""context"":""distinct_basis"",""x"":""1/4"",""sigma"":1,""controlled"":false,""epsilon"":""1e-4"",""arm"":""A"",""roles"":[""distinct_basis_conjugator_saved_cost_residual""],""expected_occurrences_per_event"":""313069542500268838634476940948605608179680334527327835979662547257036513442913313875301189647279817281595/1217546154009815960628234030610990362285666079173196837142160489042001789964671358159153006357619691470272""},{""context"":""distinct_basis"",""x"":""1/4"",""sigma"":1,""controlled"":true,""epsilon"":""1e-4"",""arm"":""ordinary"",""roles"":[""distinct_basis_conjugator_saved_cost_residual""],""expected_occurrences_per_event"":""79074995834781692811251883351981473229093935817316664486325108618762879529146108319683615186902030804435/304500565400563798550780174726439167767305580884480093795730304454088697316782163009909678740728014122432""},{""context"":""distinct_basis"",""x"":""1/4"",""sigma"":1,""controlled"":true,""epsilon"":""1e-4"",""arm"":""PTSC_K0"",""roles"":[""distinct_basis_conjugator_saved_cost_residual""],""expected_occurrences_per_event"":""621070973995155273773431010631096619848445848556231256813928597885593494353151835436898843648556590807717/2441728745879242815093132639193586038109472129777466686092614598624061931860184283785358702222065828031136""},{""context"":""distinct_basis"",""x"":""1/4"",""sigma"":1,""controlled"":true,""epsilon"":""1e-4"",""arm"":""A"",""roles"":[""distinct_basis_conjugator_saved_cost_residual""],""expected_occurrences_per_event"":""313069542500268838634476940948605608179680334527327835979662547257036513442913313875301189647279817281595/1217546154009815960628234030610990362285666079173196837142160489042001789964671358159153006357619691470272""}]"
24bfeb84a4ce87b56985d174dd98d1d5e1702a2b,f726ad70cb2643533f0d037b518cde1b702724adb4e6571fea25e26e4bfdd61e,b26c3bdea5a42988c0534d45bd092d0cc28e50535e08dc75b4692ed601799911,POSTHOC_ATTRIBUTION_DESIGN_INPUT,True,True,True,True,True,pi:1/8:scale:-1:epsilon:1e-6,pi:1/8:scale:-1,1e-6,68,0,172,42953347535358069728140667524539728554657962150669569995913330848381183912307217585156408483814413235/293567822846729153486185074598667128421960318613539983838411371441526128139326055432962374798096087878991872,ffe6aef9661ea3a763cf9b567305750ad8870bdb0a47be1094ce246b3f8cafa3,68,173,-1*pi*1/8,pi,1/8,-1,"[""A"",""PTSC_K0"",""ordinary""]","[""distinct_basis""]","[""basis_conjugator""]","[""distinct_basis_conjugator_saved_cost_residual""]","[{""context"":""distinct_basis"",""x"":""1/8"",""sigma"":-1,""controlled"":false,""epsilon"":""1e-6"",""arm"":""ordinary"",""roles"":[""distinct_basis_conjugator_saved_cost_residual""],""expected_occurrences_per_event"":""1021188521567029318166135050973247510170904122985473075649487183565485987208635658729816942804141647255/4043889979878781808549103323273227490013279525165859820286486228413841981233388361386655576076589459904""},{""context"":""distinct_basis"",""x"":""1/8"",""sigma"":-1,""controlled"":false,""epsilon"":""1e-6"",""arm"":""PTSC_K0"",""roles"":[""distinct_basis_conjugator_saved_cost_residual""],""expected_occurrences_per_event"":""4679621092399841011201390944299803011328239789778364011793269862506422554972193646357614622745643527056037/18640093303623140897436053297379316495578701566710243313451579831491957504397468952342127778718067859172000""},{""context"":""distinct_basis"",""x"":""1/8"",""sigma"":-1,""controlled"":false,""epsilon"":""1e-6"",""arm"":""A"",""roles"":[""distinct_basis_conjugator_saved_cost_residual""],""expected_occurrences_per_event"":""586541211590930455235594370710565178429649754070789939944831107074072289473500135155147889117598474761377/2329219789978608641944240397198192018387008239787874220580222612476888058195485362826246280936699321903808""},{""context"":""distinct_basis"",""x"":""1/8"",""sigma"":-1,""controlled"":true,""epsilon"":""1e-6"",""arm"":""ordinary"",""roles"":[""distinct_basis_conjugator_saved_cost_residual""],""expected_occurrences_per_event"":""1021188521567029318166135050973247510170904122985473075649487183565485987208635658729816942804141647255/4043889979878781808549103323273227490013279525165859820286486228413841981233388361386655576076589459904""},{""context"":""distinct_basis"",""x"":""1/8"",""sigma"":-1,""controlled"":true,""epsilon"":""1e-6"",""arm"":""PTSC_K0"",""roles"":[""distinct_basis_conjugator_saved_cost_residual""],""expected_occurrences_per_event"":""4679621092399841011201390944299803011328239789778364011793269862506422554972193646357614622745643527056037/18640093303623140897436053297379316495578701566710243313451579831491957504397468952342127778718067859172000""},{""context"":""distinct_basis"",""x"":""1/8"",""sigma"":-1,""controlled"":true,""epsilon"":""1e-6"",""arm"":""A"",""roles"":[""distinct_basis_conjugator_saved_cost_residual""],""expected_occurrences_per_event"":""586541211590930455235594370710565178429649754070789939944831107074072289473500135155147889117598474761377/2329219789978608641944240397198192018387008239787874220580222612476888058195485362826246280936699321903808""},{""context"":""distinct_basis"",""x"":""1/8"",""sigma"":1,""controlled"":false,""epsilon"":""1e-6"",""arm"":""ordinary"",""roles"":[""distinct_basis_conjugator_saved_cost_residual""],""expected_occurrences_per_event"":""1021188521567029318166135050973247510170904122985473075649487183565485987208635658729816942804141647255/4043889979878781808549103323273227490013279525165859820286486228413841981233388361386655576076589459904""},{""context"":""distinct_basis"",""x"":""1/8"",""sigma"":1,""controlled"":false,""epsilon"":""1e-6"",""arm"":""PTSC_K0"",""roles"":[""distinct_basis_conjugator_saved_cost_residual""],""expected_occurrences_per_event"":""4679621092399841011201390944299803011328239789778364011793269862506422554972193646357614622745643527056037/18640093303623140897436053297379316495578701566710243313451579831491957504397468952342127778718067859172000""},{""context"":""distinct_basis"",""x"":""1/8"",""sigma"":1,""controlled"":false,""epsilon"":""1e-6"",""arm"":""A"",""roles"":[""distinct_basis_conjugator_saved_cost_residual""],""expected_occurrences_per_event"":""586541211590930455235594370710565178429649754070789939944831107074072289473500135155147889117598474761377/2329219789978608641944240397198192018387008239787874220580222612476888058195485362826246280936699321903808""},{""context"":""distinct_basis"",""x"":""1/8"",""sigma"":1,""controlled"":true,""epsilon"":""1e-6"",""arm"":""ordinary"",""roles"":[""distinct_basis_conjugator_saved_cost_residual""],""expected_occurrences_per_event"":""1021188521567029318166135050973247510170904122985473075649487183565485987208635658729816942804141647255/4043889979878781808549103323273227490013279525165859820286486228413841981233388361386655576076589459904""},{""context"":""distinct_basis"",""x"":""1/8"",""sigma"":1,""controlled"":true,""epsilon"":""1e-6"",""arm"":""PTSC_K0"",""roles"":[""distinct_basis_conjugator_saved_cost_residual""],""expected_occurrences_per_event"":""4679621092399841011201390944299803011328239789778364011793269862506422554972193646357614622745643527056037/18640093303623140897436053297379316495578701566710243313451579831491957504397468952342127778718067859172000""},{""context"":""distinct_basis"",""x"":""1/8"",""sigma"":1,""controlled"":true,""epsilon"":""1e-6"",""arm"":""A"",""roles"":[""distinct_basis_conjugator_saved_cost_residual""],""expected_occurrences_per_event"":""586541211590930455235594370710565178429649754070789939944831107074072289473500135155147889117598474761377/2329219789978608641944240397198192018387008239787874220580222612476888058195485362826246280936699321903808""},{""context"":""distinct_basis"",""x"":""1/4"",""sigma"":-1,""controlled"":false,""epsilon"":""1e-6"",""arm"":""ordinary"",""roles"":[""distinct_basis_conjugator_saved_cost_residual""],""expected_occurrences_per_event"":""79074995834781692811251883351981473229093935817316664486325108618762879529146108319683615186902030804435/304500565400563798550780174726439167767305580884480093795730304454088697316782163009909678740728014122432""},{""context"":""distinct_basis"",""x"":""1/4"",""sigma"":-1,""controlled"":false,""epsilon"":""1e-6"",""arm"":""PTSC_K0"",""roles"":[""distinct_basis_conjugator_saved_cost_residual""],""expected_occurrences_per_event"":""621070973995155273773431010631096619848445848556231256813928597885593494353151835436898843648556590807717/2441728745879242815093132639193586038109472129777466686092614598624061931860184283785358702222065828031136""},{""context"":""distinct_basis"",""x"":""1/4"",""sigma"":-1,""controlled"":false,""epsilon"":""1e-6"",""arm"":""A"",""roles"":[""distinct_basis_conjugator_saved_cost_residual""],""expected_occurrences_per_event"":""313069542500268838634476940948605608179680334527327835979662547257036513442913313875301189647279817281595/1217546154009815960628234030610990362285666079173196837142160489042001789964671358159153006357619691470272""},{""context"":""distinct_basis"",""x"":""1/4"",""sigma"":-1,""controlled"":true,""epsilon"":""1e-6"",""arm"":""ordinary"",""roles"":[""distinct_basis_conjugator_saved_cost_residual""],""expected_occurrences_per_event"":""79074995834781692811251883351981473229093935817316664486325108618762879529146108319683615186902030804435/304500565400563798550780174726439167767305580884480093795730304454088697316782163009909678740728014122432""},{""context"":""distinct_basis"",""x"":""1/4"",""sigma"":-1,""controlled"":true,""epsilon"":""1e-6"",""arm"":""PTSC_K0"",""roles"":[""distinct_basis_conjugator_saved_cost_residual""],""expected_occurrences_per_event"":""621070973995155273773431010631096619848445848556231256813928597885593494353151835436898843648556590807717/2441728745879242815093132639193586038109472129777466686092614598624061931860184283785358702222065828031136""},{""context"":""distinct_basis"",""x"":""1/4"",""sigma"":-1,""controlled"":true,""epsilon"":""1e-6"",""arm"":""A"",""roles"":[""distinct_basis_conjugator_saved_cost_residual""],""expected_occurrences_per_event"":""313069542500268838634476940948605608179680334527327835979662547257036513442913313875301189647279817281595/1217546154009815960628234030610990362285666079173196837142160489042001789964671358159153006357619691470272""},{""context"":""distinct_basis"",""x"":""1/4"",""sigma"":1,""controlled"":false,""epsilon"":""1e-6"",""arm"":""ordinary"",""roles"":[""distinct_basis_conjugator_saved_cost_residual""],""expected_occurrences_per_event"":""79074995834781692811251883351981473229093935817316664486325108618762879529146108319683615186902030804435/304500565400563798550780174726439167767305580884480093795730304454088697316782163009909678740728014122432""},{""context"":""distinct_basis"",""x"":""1/4"",""sigma"":1,""controlled"":false,""epsilon"":""1e-6"",""arm"":""PTSC_K0"",""roles"":[""distinct_basis_conjugator_saved_cost_residual""],""expected_occurrences_per_event"":""621070973995155273773431010631096619848445848556231256813928597885593494353151835436898843648556590807717/2441728745879242815093132639193586038109472129777466686092614598624061931860184283785358702222065828031136""},{""context"":""distinct_basis"",""x"":""1/4"",""sigma"":1,""controlled"":false,""epsilon"":""1e-6"",""arm"":""A"",""roles"":[""distinct_basis_conjugator_saved_cost_residual""],""expected_occurrences_per_event"":""313069542500268838634476940948605608179680334527327835979662547257036513442913313875301189647279817281595/1217546154009815960628234030610990362285666079173196837142160489042001789964671358159153006357619691470272""},{""context"":""distinct_basis"",""x"":""1/4"",""sigma"":1,""controlled"":true,""epsilon"":""1e-6"",""arm"":""ordinary"",""roles"":[""distinct_basis_conjugator_saved_cost_residual""],""expected_occurrences_per_event"":""79074995834781692811251883351981473229093935817316664486325108618762879529146108319683615186902030804435/304500565400563798550780174726439167767305580884480093795730304454088697316782163009909678740728014122432""},{""context"":""distinct_basis"",""x"":""1/4"",""sigma"":1,""controlled"":true,""epsilon"":""1e-6"",""arm"":""PTSC_K0"",""roles"":[""distinct_basis_conjugator_saved_cost_residual""],""expected_occurrences_per_event"":""621070973995155273773431010631096619848445848556231256813928597885593494353151835436898843648556590807717/2441728745879242815093132639193586038109472129777466686092614598624061931860184283785358702222065828031136""},{""context"":""distinct_basis"",""x"":""1/4"",""sigma"":1,""controlled"":true,""epsilon"":""1e-6"",""arm"":""A"",""roles"":[""distinct_basis_conjugator_saved_cost_residual""],""expected_occurrences_per_event"":""313069542500268838634476940948605608179680334527327835979662547257036513442913313875301189647279817281595/1217546154009815960628234030610990362285666079173196837142160489042001789964671358159153006357619691470272""}]"
24bfeb84a4ce87b56985d174dd98d1d5e1702a2b,f726ad70cb2643533f0d037b518cde1b702724adb4e6571fea25e26e4bfdd61e,b26c3bdea5a42988c0534d45bd092d0cc28e50535e08dc75b4692ed601799911,POSTHOC_ATTRIBUTION_DESIGN_INPUT,True,True,True,True,True,pi:1/8:scale:1:epsilon:1e-3,pi:1/8:scale:1,1e-3,38,0,94,42002120510846857205081696152951984007416848172994261141957086537864598474713719447206535982796121693/286687326998758938951352611912760867599570623646035140467198604923365359511060601008752319138765710819328,93ee63e224911e7a5bd59269c022d975b18c1b513b0af2c9bbfdfc8043c1b80a,38,100,1*pi*1/8,pi,1/8,1,"[""A"",""PTSC_K0"",""ordinary""]","[""distinct_basis""]","[""basis_conjugator""]","[""distinct_basis_conjugator_saved_cost_residual""]","[{""context"":""distinct_basis"",""x"":""1/8"",""sigma"":-1,""controlled"":false,""epsilon"":""1e-3"",""arm"":""ordinary"",""roles"":[""distinct_basis_conjugator_saved_cost_residual""],""expected_occurrences_per_event"":""1021188521567029318166135050973247510170904122985473075649487183565485987208635658729816942804141647255/4043889979878781808549103323273227490013279525165859820286486228413841981233388361386655576076589459904""},{""context"":""distinct_basis"",""x"":""1/8"",""sigma"":-1,""controlled"":false,""epsilon"":""1e-3"",""arm"":""PTSC_K0"",""roles"":[""distinct_basis_conjugator_saved_cost_residual""],""expected_occurrences_per_event"":""4679621092399841011201390944299803011328239789778364011793269862506422554972193646357614622745643527056037/18640093303623140897436053297379316495578701566710243313451579831491957504397468952342127778718067859172000""},{""context"":""distinct_basis"",""x"":""1/8"",""sigma"":-1,""controlled"":false,""epsilon"":""1e-3"",""arm"":""A"",""roles"":[""distinct_basis_conjugator_saved_cost_residual""],""expected_occurrences_per_event"":""586541211590930455235594370710565178429649754070789939944831107074072289473500135155147889117598474761377/2329219789978608641944240397198192018387008239787874220580222612476888058195485362826246280936699321903808""},{""context"":""distinct_basis"",""x"":""1/8"",""sigma"":-1,""controlled"":true,""epsilon"":""1e-3"",""arm"":""ordinary"",""roles"":[""distinct_basis_conjugator_saved_cost_residual""],""expected_occurrences_per_event"":""1021188521567029318166135050973247510170904122985473075649487183565485987208635658729816942804141647255/4043889979878781808549103323273227490013279525165859820286486228413841981233388361386655576076589459904""},{""context"":""distinct_basis"",""x"":""1/8"",""sigma"":-1,""controlled"":true,""epsilon"":""1e-3"",""arm"":""PTSC_K0"",""roles"":[""distinct_basis_conjugator_saved_cost_residual""],""expected_occurrences_per_event"":""4679621092399841011201390944299803011328239789778364011793269862506422554972193646357614622745643527056037/18640093303623140897436053297379316495578701566710243313451579831491957504397468952342127778718067859172000""},{""context"":""distinct_basis"",""x"":""1/8"",""sigma"":-1,""controlled"":true,""epsilon"":""1e-3"",""arm"":""A"",""roles"":[""distinct_basis_conjugator_saved_cost_residual""],""expected_occurrences_per_event"":""586541211590930455235594370710565178429649754070789939944831107074072289473500135155147889117598474761377/2329219789978608641944240397198192018387008239787874220580222612476888058195485362826246280936699321903808""},{""context"":""distinct_basis"",""x"":""1/8"",""sigma"":1,""controlled"":false,""epsilon"":""1e-3"",""arm"":""ordinary"",""roles"":[""distinct_basis_conjugator_saved_cost_residual""],""expected_occurrences_per_event"":""1021188521567029318166135050973247510170904122985473075649487183565485987208635658729816942804141647255/4043889979878781808549103323273227490013279525165859820286486228413841981233388361386655576076589459904""},{""context"":""distinct_basis"",""x"":""1/8"",""sigma"":1,""controlled"":false,""epsilon"":""1e-3"",""arm"":""PTSC_K0"",""roles"":[""distinct_basis_conjugator_saved_cost_residual""],""expected_occurrences_per_event"":""4679621092399841011201390944299803011328239789778364011793269862506422554972193646357614622745643527056037/18640093303623140897436053297379316495578701566710243313451579831491957504397468952342127778718067859172000""},{""context"":""distinct_basis"",""x"":""1/8"",""sigma"":1,""controlled"":false,""epsilon"":""1e-3"",""arm"":""A"",""roles"":[""distinct_basis_conjugator_saved_cost_residual""],""expected_occurrences_per_event"":""586541211590930455235594370710565178429649754070789939944831107074072289473500135155147889117598474761377/2329219789978608641944240397198192018387008239787874220580222612476888058195485362826246280936699321903808""},{""context"":""distinct_basis"",""x"":""1/8"",""sigma"":1,""controlled"":true,""epsilon"":""1e-3"",""arm"":""ordinary"",""roles"":[""distinct_basis_conjugator_saved_cost_residual""],""expected_occurrences_per_event"":""1021188521567029318166135050973247510170904122985473075649487183565485987208635658729816942804141647255/4043889979878781808549103323273227490013279525165859820286486228413841981233388361386655576076589459904""},{""context"":""distinct_basis"",""x"":""1/8"",""sigma"":1,""controlled"":true,""epsilon"":""1e-3"",""arm"":""PTSC_K0"",""roles"":[""distinct_basis_conjugator_saved_cost_residual""],""expected_occurrences_per_event"":""4679621092399841011201390944299803011328239789778364011793269862506422554972193646357614622745643527056037/18640093303623140897436053297379316495578701566710243313451579831491957504397468952342127778718067859172000""},{""context"":""distinct_basis"",""x"":""1/8"",""sigma"":1,""controlled"":true,""epsilon"":""1e-3"",""arm"":""A"",""roles"":[""distinct_basis_conjugator_saved_cost_residual""],""expected_occurrences_per_event"":""586541211590930455235594370710565178429649754070789939944831107074072289473500135155147889117598474761377/2329219789978608641944240397198192018387008239787874220580222612476888058195485362826246280936699321903808""},{""context"":""distinct_basis"",""x"":""1/4"",""sigma"":-1,""controlled"":false,""epsilon"":""1e-3"",""arm"":""ordinary"",""roles"":[""distinct_basis_conjugator_saved_cost_residual""],""expected_occurrences_per_event"":""79074995834781692811251883351981473229093935817316664486325108618762879529146108319683615186902030804435/304500565400563798550780174726439167767305580884480093795730304454088697316782163009909678740728014122432""},{""context"":""distinct_basis"",""x"":""1/4"",""sigma"":-1,""controlled"":false,""epsilon"":""1e-3"",""arm"":""PTSC_K0"",""roles"":[""distinct_basis_conjugator_saved_cost_residual""],""expected_occurrences_per_event"":""621070973995155273773431010631096619848445848556231256813928597885593494353151835436898843648556590807717/2441728745879242815093132639193586038109472129777466686092614598624061931860184283785358702222065828031136""},{""context"":""distinct_basis"",""x"":""1/4"",""sigma"":-1,""controlled"":false,""epsilon"":""1e-3"",""arm"":""A"",""roles"":[""distinct_basis_conjugator_saved_cost_residual""],""expected_occurrences_per_event"":""313069542500268838634476940948605608179680334527327835979662547257036513442913313875301189647279817281595/1217546154009815960628234030610990362285666079173196837142160489042001789964671358159153006357619691470272""},{""context"":""distinct_basis"",""x"":""1/4"",""sigma"":-1,""controlled"":true,""epsilon"":""1e-3"",""arm"":""ordinary"",""roles"":[""distinct_basis_conjugator_saved_cost_residual""],""expected_occurrences_per_event"":""79074995834781692811251883351981473229093935817316664486325108618762879529146108319683615186902030804435/304500565400563798550780174726439167767305580884480093795730304454088697316782163009909678740728014122432""},{""context"":""distinct_basis"",""x"":""1/4"",""sigma"":-1,""controlled"":true,""epsilon"":""1e-3"",""arm"":""PTSC_K0"",""roles"":[""distinct_basis_conjugator_saved_cost_residual""],""expected_occurrences_per_event"":""621070973995155273773431010631096619848445848556231256813928597885593494353151835436898843648556590807717/2441728745879242815093132639193586038109472129777466686092614598624061931860184283785358702222065828031136""},{""context"":""distinct_basis"",""x"":""1/4"",""sigma"":-1,""controlled"":true,""epsilon"":""1e-3"",""arm"":""A"",""roles"":[""distinct_basis_conjugator_saved_cost_residual""],""expected_occurrences_per_event"":""313069542500268838634476940948605608179680334527327835979662547257036513442913313875301189647279817281595/1217546154009815960628234030610990362285666079173196837142160489042001789964671358159153006357619691470272""},{""context"":""distinct_basis"",""x"":""1/4"",""sigma"":1,""controlled"":false,""epsilon"":""1e-3"",""arm"":""ordinary"",""roles"":[""distinct_basis_conjugator_saved_cost_residual""],""expected_occurrences_per_event"":""79074995834781692811251883351981473229093935817316664486325108618762879529146108319683615186902030804435/304500565400563798550780174726439167767305580884480093795730304454088697316782163009909678740728014122432""},{""context"":""distinct_basis"",""x"":""1/4"",""sigma"":1,""controlled"":false,""epsilon"":""1e-3"",""arm"":""PTSC_K0"",""roles"":[""distinct_basis_conjugator_saved_cost_residual""],""expected_occurrences_per_event"":""621070973995155273773431010631096619848445848556231256813928597885593494353151835436898843648556590807717/2441728745879242815093132639193586038109472129777466686092614598624061931860184283785358702222065828031136""},{""context"":""distinct_basis"",""x"":""1/4"",""sigma"":1,""controlled"":false,""epsilon"":""1e-3"",""arm"":""A"",""roles"":[""distinct_basis_conjugator_saved_cost_residual""],""expected_occurrences_per_event"":""313069542500268838634476940948605608179680334527327835979662547257036513442913313875301189647279817281595/1217546154009815960628234030610990362285666079173196837142160489042001789964671358159153006357619691470272""},{""context"":""distinct_basis"",""x"":""1/4"",""sigma"":1,""controlled"":true,""epsilon"":""1e-3"",""arm"":""ordinary"",""roles"":[""distinct_basis_conjugator_saved_cost_residual""],""expected_occurrences_per_event"":""79074995834781692811251883351981473229093935817316664486325108618762879529146108319683615186902030804435/304500565400563798550780174726439167767305580884480093795730304454088697316782163009909678740728014122432""},{""context"":""distinct_basis"",""x"":""1/4"",""sigma"":1,""controlled"":true,""epsilon"":""1e-3"",""arm"":""PTSC_K0"",""roles"":[""distinct_basis_conjugator_saved_cost_residual""],""expected_occurrences_per_event"":""621070973995155273773431010631096619848445848556231256813928597885593494353151835436898843648556590807717/2441728745879242815093132639193586038109472129777466686092614598624061931860184283785358702222065828031136""},{""context"":""distinct_basis"",""x"":""1/4"",""sigma"":1,""controlled"":true,""epsilon"":""1e-3"",""arm"":""A"",""roles"":[""distinct_basis_conjugator_saved_cost_residual""],""expected_occurrences_per_event"":""313069542500268838634476940948605608179680334527327835979662547257036513442913313875301189647279817281595/1217546154009815960628234030610990362285666079173196837142160489042001789964671358159153006357619691470272""}]"
24bfeb84a4ce87b56985d174dd98d1d5e1702a2b,f726ad70cb2643533f0d037b518cde1b702724adb4e6571fea25e26e4bfdd61e,b26c3bdea5a42988c0534d45bd092d0cc28e50535e08dc75b4692ed601799911,POSTHOC_ATTRIBUTION_DESIGN_INPUT,True,True,True,True,True,pi:1/8:scale:1:epsilon:1e-4,pi:1/8:scale:1,1e-4,50,0,126,91937909075637637164571034144835545115510918010405798875444237260578274400200470290364904263154171757/9173994463960286046443283581208347763186259956673124494950355357547691504353939232280074212440502746218496,07383e5343e1851559e766cf0991b163cf63e109f242a851330300338bbe46df,50,133,1*pi*1/8,pi,1/8,1,"[""A"",""PTSC_K0"",""ordinary""]","[""distinct_basis""]","[""basis_conjugator""]","[""distinct_basis_conjugator_saved_cost_residual""]","[{""context"":""distinct_basis"",""x"":""1/8"",""sigma"":-1,""controlled"":false,""epsilon"":""1e-4"",""arm"":""ordinary"",""roles"":[""distinct_basis_conjugator_saved_cost_residual""],""expected_occurrences_per_event"":""1021188521567029318166135050973247510170904122985473075649487183565485987208635658729816942804141647255/4043889979878781808549103323273227490013279525165859820286486228413841981233388361386655576076589459904""},{""context"":""distinct_basis"",""x"":""1/8"",""sigma"":-1,""controlled"":false,""epsilon"":""1e-4"",""arm"":""PTSC_K0"",""roles"":[""distinct_basis_conjugator_saved_cost_residual""],""expected_occurrences_per_event"":""4679621092399841011201390944299803011328239789778364011793269862506422554972193646357614622745643527056037/18640093303623140897436053297379316495578701566710243313451579831491957504397468952342127778718067859172000""},{""context"":""distinct_basis"",""x"":""1/8"",""sigma"":-1,""controlled"":false,""epsilon"":""1e-4"",""arm"":""A"",""roles"":[""distinct_basis_conjugator_saved_cost_residual""],""expected_occurrences_per_event"":""586541211590930455235594370710565178429649754070789939944831107074072289473500135155147889117598474761377/2329219789978608641944240397198192018387008239787874220580222612476888058195485362826246280936699321903808""},{""context"":""distinct_basis"",""x"":""1/8"",""sigma"":-1,""controlled"":true,""epsilon"":""1e-4"",""arm"":""ordinary"",""roles"":[""distinct_basis_conjugator_saved_cost_residual""],""expected_occurrences_per_event"":""1021188521567029318166135050973247510170904122985473075649487183565485987208635658729816942804141647255/4043889979878781808549103323273227490013279525165859820286486228413841981233388361386655576076589459904""},{""context"":""distinct_basis"",""x"":""1/8"",""sigma"":-1,""controlled"":true,""epsilon"":""1e-4"",""arm"":""PTSC_K0"",""roles"":[""distinct_basis_conjugator_saved_cost_residual""],""expected_occurrences_per_event"":""4679621092399841011201390944299803011328239789778364011793269862506422554972193646357614622745643527056037/18640093303623140897436053297379316495578701566710243313451579831491957504397468952342127778718067859172000""},{""context"":""distinct_basis"",""x"":""1/8"",""sigma"":-1,""controlled"":true,""epsilon"":""1e-4"",""arm"":""A"",""roles"":[""distinct_basis_conjugator_saved_cost_residual""],""expected_occurrences_per_event"":""586541211590930455235594370710565178429649754070789939944831107074072289473500135155147889117598474761377/2329219789978608641944240397198192018387008239787874220580222612476888058195485362826246280936699321903808""},{""context"":""distinct_basis"",""x"":""1/8"",""sigma"":1,""controlled"":false,""epsilon"":""1e-4"",""arm"":""ordinary"",""roles"":[""distinct_basis_conjugator_saved_cost_residual""],""expected_occurrences_per_event"":""1021188521567029318166135050973247510170904122985473075649487183565485987208635658729816942804141647255/4043889979878781808549103323273227490013279525165859820286486228413841981233388361386655576076589459904""},{""context"":""distinct_basis"",""x"":""1/8"",""sigma"":1,""controlled"":false,""epsilon"":""1e-4"",""arm"":""PTSC_K0"",""roles"":[""distinct_basis_conjugator_saved_cost_residual""],""expected_occurrences_per_event"":""4679621092399841011201390944299803011328239789778364011793269862506422554972193646357614622745643527056037/18640093303623140897436053297379316495578701566710243313451579831491957504397468952342127778718067859172000""},{""context"":""distinct_basis"",""x"":""1/8"",""sigma"":1,""controlled"":false,""epsilon"":""1e-4"",""arm"":""A"",""roles"":[""distinct_basis_conjugator_saved_cost_residual""],""expected_occurrences_per_event"":""586541211590930455235594370710565178429649754070789939944831107074072289473500135155147889117598474761377/2329219789978608641944240397198192018387008239787874220580222612476888058195485362826246280936699321903808""},{""context"":""distinct_basis"",""x"":""1/8"",""sigma"":1,""controlled"":true,""epsilon"":""1e-4"",""arm"":""ordinary"",""roles"":[""distinct_basis_conjugator_saved_cost_residual""],""expected_occurrences_per_event"":""1021188521567029318166135050973247510170904122985473075649487183565485987208635658729816942804141647255/4043889979878781808549103323273227490013279525165859820286486228413841981233388361386655576076589459904""},{""context"":""distinct_basis"",""x"":""1/8"",""sigma"":1,""controlled"":true,""epsilon"":""1e-4"",""arm"":""PTSC_K0"",""roles"":[""distinct_basis_conjugator_saved_cost_residual""],""expected_occurrences_per_event"":""4679621092399841011201390944299803011328239789778364011793269862506422554972193646357614622745643527056037/18640093303623140897436053297379316495578701566710243313451579831491957504397468952342127778718067859172000""},{""context"":""distinct_basis"",""x"":""1/8"",""sigma"":1,""controlled"":true,""epsilon"":""1e-4"",""arm"":""A"",""roles"":[""distinct_basis_conjugator_saved_cost_residual""],""expected_occurrences_per_event"":""586541211590930455235594370710565178429649754070789939944831107074072289473500135155147889117598474761377/2329219789978608641944240397198192018387008239787874220580222612476888058195485362826246280936699321903808""},{""context"":""distinct_basis"",""x"":""1/4"",""sigma"":-1,""controlled"":false,""epsilon"":""1e-4"",""arm"":""ordinary"",""roles"":[""distinct_basis_conjugator_saved_cost_residual""],""expected_occurrences_per_event"":""79074995834781692811251883351981473229093935817316664486325108618762879529146108319683615186902030804435/304500565400563798550780174726439167767305580884480093795730304454088697316782163009909678740728014122432""},{""context"":""distinct_basis"",""x"":""1/4"",""sigma"":-1,""controlled"":false,""epsilon"":""1e-4"",""arm"":""PTSC_K0"",""roles"":[""distinct_basis_conjugator_saved_cost_residual""],""expected_occurrences_per_event"":""621070973995155273773431010631096619848445848556231256813928597885593494353151835436898843648556590807717/2441728745879242815093132639193586038109472129777466686092614598624061931860184283785358702222065828031136""},{""context"":""distinct_basis"",""x"":""1/4"",""sigma"":-1,""controlled"":false,""epsilon"":""1e-4"",""arm"":""A"",""roles"":[""distinct_basis_conjugator_saved_cost_residual""],""expected_occurrences_per_event"":""313069542500268838634476940948605608179680334527327835979662547257036513442913313875301189647279817281595/1217546154009815960628234030610990362285666079173196837142160489042001789964671358159153006357619691470272""},{""context"":""distinct_basis"",""x"":""1/4"",""sigma"":-1,""controlled"":true,""epsilon"":""1e-4"",""arm"":""ordinary"",""roles"":[""distinct_basis_conjugator_saved_cost_residual""],""expected_occurrences_per_event"":""79074995834781692811251883351981473229093935817316664486325108618762879529146108319683615186902030804435/304500565400563798550780174726439167767305580884480093795730304454088697316782163009909678740728014122432""},{""context"":""distinct_basis"",""x"":""1/4"",""sigma"":-1,""controlled"":true,""epsilon"":""1e-4"",""arm"":""PTSC_K0"",""roles"":[""distinct_basis_conjugator_saved_cost_residual""],""expected_occurrences_per_event"":""621070973995155273773431010631096619848445848556231256813928597885593494353151835436898843648556590807717/2441728745879242815093132639193586038109472129777466686092614598624061931860184283785358702222065828031136""},{""context"":""distinct_basis"",""x"":""1/4"",""sigma"":-1,""controlled"":true,""epsilon"":""1e-4"",""arm"":""A"",""roles"":[""distinct_basis_conjugator_saved_cost_residual""],""expected_occurrences_per_event"":""313069542500268838634476940948605608179680334527327835979662547257036513442913313875301189647279817281595/1217546154009815960628234030610990362285666079173196837142160489042001789964671358159153006357619691470272""},{""context"":""distinct_basis"",""x"":""1/4"",""sigma"":1,""controlled"":false,""epsilon"":""1e-4"",""arm"":""ordinary"",""roles"":[""distinct_basis_conjugator_saved_cost_residual""],""expected_occurrences_per_event"":""79074995834781692811251883351981473229093935817316664486325108618762879529146108319683615186902030804435/304500565400563798550780174726439167767305580884480093795730304454088697316782163009909678740728014122432""},{""context"":""distinct_basis"",""x"":""1/4"",""sigma"":1,""controlled"":false,""epsilon"":""1e-4"",""arm"":""PTSC_K0"",""roles"":[""distinct_basis_conjugator_saved_cost_residual""],""expected_occurrences_per_event"":""621070973995155273773431010631096619848445848556231256813928597885593494353151835436898843648556590807717/2441728745879242815093132639193586038109472129777466686092614598624061931860184283785358702222065828031136""},{""context"":""distinct_basis"",""x"":""1/4"",""sigma"":1,""controlled"":false,""epsilon"":""1e-4"",""arm"":""A"",""roles"":[""distinct_basis_conjugator_saved_cost_residual""],""expected_occurrences_per_event"":""313069542500268838634476940948605608179680334527327835979662547257036513442913313875301189647279817281595/1217546154009815960628234030610990362285666079173196837142160489042001789964671358159153006357619691470272""},{""context"":""distinct_basis"",""x"":""1/4"",""sigma"":1,""controlled"":true,""epsilon"":""1e-4"",""arm"":""ordinary"",""roles"":[""distinct_basis_conjugator_saved_cost_residual""],""expected_occurrences_per_event"":""79074995834781692811251883351981473229093935817316664486325108618762879529146108319683615186902030804435/304500565400563798550780174726439167767305580884480093795730304454088697316782163009909678740728014122432""},{""context"":""distinct_basis"",""x"":""1/4"",""sigma"":1,""controlled"":true,""epsilon"":""1e-4"",""arm"":""PTSC_K0"",""roles"":[""distinct_basis_conjugator_saved_cost_residual""],""expected_occurrences_per_event"":""621070973995155273773431010631096619848445848556231256813928597885593494353151835436898843648556590807717/2441728745879242815093132639193586038109472129777466686092614598624061931860184283785358702222065828031136""},{""context"":""distinct_basis"",""x"":""1/4"",""sigma"":1,""controlled"":true,""epsilon"":""1e-4"",""arm"":""A"",""roles"":[""distinct_basis_conjugator_saved_cost_residual""],""expected_occurrences_per_event"":""313069542500268838634476940948605608179680334527327835979662547257036513442913313875301189647279817281595/1217546154009815960628234030610990362285666079173196837142160489042001789964671358159153006357619691470272""}]"
24bfeb84a4ce87b56985d174dd98d1d5e1702a2b,f726ad70cb2643533f0d037b518cde1b702724adb4e6571fea25e26e4bfdd61e,b26c3bdea5a42988c0534d45bd092d0cc28e50535e08dc75b4692ed601799911,POSTHOC_ATTRIBUTION_DESIGN_INPUT,True,True,True,True,True,pi:1/8:scale:1:epsilon:1e-6,pi:1/8:scale:1,1e-6,68,0,169,21476673767679034864070333762269864277328981075334784997956665424190591956153583420444915206740665759/146783911423364576743092537299333564210980159306769991919205685720763064069663027716481187399048043939495936,ec4ec794aa0a0d6828e2293495738890bcccb3d507907138ffad809aef5ad839,68,169,1*pi*1/8,pi,1/8,1,"[""A"",""PTSC_K0"",""ordinary""]","[""distinct_basis""]","[""basis_conjugator""]","[""distinct_basis_conjugator_saved_cost_residual""]","[{""context"":""distinct_basis"",""x"":""1/8"",""sigma"":-1,""controlled"":false,""epsilon"":""1e-6"",""arm"":""ordinary"",""roles"":[""distinct_basis_conjugator_saved_cost_residual""],""expected_occurrences_per_event"":""1021188521567029318166135050973247510170904122985473075649487183565485987208635658729816942804141647255/4043889979878781808549103323273227490013279525165859820286486228413841981233388361386655576076589459904""},{""context"":""distinct_basis"",""x"":""1/8"",""sigma"":-1,""controlled"":false,""epsilon"":""1e-6"",""arm"":""PTSC_K0"",""roles"":[""distinct_basis_conjugator_saved_cost_residual""],""expected_occurrences_per_event"":""4679621092399841011201390944299803011328239789778364011793269862506422554972193646357614622745643527056037/18640093303623140897436053297379316495578701566710243313451579831491957504397468952342127778718067859172000""},{""context"":""distinct_basis"",""x"":""1/8"",""sigma"":-1,""controlled"":false,""epsilon"":""1e-6"",""arm"":""A"",""roles"":[""distinct_basis_conjugator_saved_cost_residual""],""expected_occurrences_per_event"":""586541211590930455235594370710565178429649754070789939944831107074072289473500135155147889117598474761377/2329219789978608641944240397198192018387008239787874220580222612476888058195485362826246280936699321903808""},{""context"":""distinct_basis"",""x"":""1/8"",""sigma"":-1,""controlled"":true,""epsilon"":""1e-6"",""arm"":""ordinary"",""roles"":[""distinct_basis_conjugator_saved_cost_residual""],""expected_occurrences_per_event"":""1021188521567029318166135050973247510170904122985473075649487183565485987208635658729816942804141647255/4043889979878781808549103323273227490013279525165859820286486228413841981233388361386655576076589459904""},{""context"":""distinct_basis"",""x"":""1/8"",""sigma"":-1,""controlled"":true,""epsilon"":""1e-6"",""arm"":""PTSC_K0"",""roles"":[""distinct_basis_conjugator_saved_cost_residual""],""expected_occurrences_per_event"":""4679621092399841011201390944299803011328239789778364011793269862506422554972193646357614622745643527056037/18640093303623140897436053297379316495578701566710243313451579831491957504397468952342127778718067859172000""},{""context"":""distinct_basis"",""x"":""1/8"",""sigma"":-1,""controlled"":true,""epsilon"":""1e-6"",""arm"":""A"",""roles"":[""distinct_basis_conjugator_saved_cost_residual""],""expected_occurrences_per_event"":""586541211590930455235594370710565178429649754070789939944831107074072289473500135155147889117598474761377/2329219789978608641944240397198192018387008239787874220580222612476888058195485362826246280936699321903808""},{""context"":""distinct_basis"",""x"":""1/8"",""sigma"":1,""controlled"":false,""epsilon"":""1e-6"",""arm"":""ordinary"",""roles"":[""distinct_basis_conjugator_saved_cost_residual""],""expected_occurrences_per_event"":""1021188521567029318166135050973247510170904122985473075649487183565485987208635658729816942804141647255/4043889979878781808549103323273227490013279525165859820286486228413841981233388361386655576076589459904""},{""context"":""distinct_basis"",""x"":""1/8"",""sigma"":1,""controlled"":false,""epsilon"":""1e-6"",""arm"":""PTSC_K0"",""roles"":[""distinct_basis_conjugator_saved_cost_residual""],""expected_occurrences_per_event"":""4679621092399841011201390944299803011328239789778364011793269862506422554972193646357614622745643527056037/18640093303623140897436053297379316495578701566710243313451579831491957504397468952342127778718067859172000""},{""context"":""distinct_basis"",""x"":""1/8"",""sigma"":1,""controlled"":false,""epsilon"":""1e-6"",""arm"":""A"",""roles"":[""distinct_basis_conjugator_saved_cost_residual""],""expected_occurrences_per_event"":""586541211590930455235594370710565178429649754070789939944831107074072289473500135155147889117598474761377/2329219789978608641944240397198192018387008239787874220580222612476888058195485362826246280936699321903808""},{""context"":""distinct_basis"",""x"":""1/8"",""sigma"":1,""controlled"":true,""epsilon"":""1e-6"",""arm"":""ordinary"",""roles"":[""distinct_basis_conjugator_saved_cost_residual""],""expected_occurrences_per_event"":""1021188521567029318166135050973247510170904122985473075649487183565485987208635658729816942804141647255/4043889979878781808549103323273227490013279525165859820286486228413841981233388361386655576076589459904""},{""context"":""distinct_basis"",""x"":""1/8"",""sigma"":1,""controlled"":true,""epsilon"":""1e-6"",""arm"":""PTSC_K0"",""roles"":[""distinct_basis_conjugator_saved_cost_residual""],""expected_occurrences_per_event"":""4679621092399841011201390944299803011328239789778364011793269862506422554972193646357614622745643527056037/18640093303623140897436053297379316495578701566710243313451579831491957504397468952342127778718067859172000""},{""context"":""distinct_basis"",""x"":""1/8"",""sigma"":1,""controlled"":true,""epsilon"":""1e-6"",""arm"":""A"",""roles"":[""distinct_basis_conjugator_saved_cost_residual""],""expected_occurrences_per_event"":""586541211590930455235594370710565178429649754070789939944831107074072289473500135155147889117598474761377/2329219789978608641944240397198192018387008239787874220580222612476888058195485362826246280936699321903808""},{""context"":""distinct_basis"",""x"":""1/4"",""sigma"":-1,""controlled"":false,""epsilon"":""1e-6"",""arm"":""ordinary"",""roles"":[""distinct_basis_conjugator_saved_cost_residual""],""expected_occurrences_per_event"":""79074995834781692811251883351981473229093935817316664486325108618762879529146108319683615186902030804435/304500565400563798550780174726439167767305580884480093795730304454088697316782163009909678740728014122432""},{""context"":""distinct_basis"",""x"":""1/4"",""sigma"":-1,""controlled"":false,""epsilon"":""1e-6"",""arm"":""PTSC_K0"",""roles"":[""distinct_basis_conjugator_saved_cost_residual""],""expected_occurrences_per_event"":""621070973995155273773431010631096619848445848556231256813928597885593494353151835436898843648556590807717/2441728745879242815093132639193586038109472129777466686092614598624061931860184283785358702222065828031136""},{""context"":""distinct_basis"",""x"":""1/4"",""sigma"":-1,""controlled"":false,""epsilon"":""1e-6"",""arm"":""A"",""roles"":[""distinct_basis_conjugator_saved_cost_residual""],""expected_occurrences_per_event"":""313069542500268838634476940948605608179680334527327835979662547257036513442913313875301189647279817281595/1217546154009815960628234030610990362285666079173196837142160489042001789964671358159153006357619691470272""},{""context"":""distinct_basis"",""x"":""1/4"",""sigma"":-1,""controlled"":true,""epsilon"":""1e-6"",""arm"":""ordinary"",""roles"":[""distinct_basis_conjugator_saved_cost_residual""],""expected_occurrences_per_event"":""79074995834781692811251883351981473229093935817316664486325108618762879529146108319683615186902030804435/304500565400563798550780174726439167767305580884480093795730304454088697316782163009909678740728014122432""},{""context"":""distinct_basis"",""x"":""1/4"",""sigma"":-1,""controlled"":true,""epsilon"":""1e-6"",""arm"":""PTSC_K0"",""roles"":[""distinct_basis_conjugator_saved_cost_residual""],""expected_occurrences_per_event"":""621070973995155273773431010631096619848445848556231256813928597885593494353151835436898843648556590807717/2441728745879242815093132639193586038109472129777466686092614598624061931860184283785358702222065828031136""},{""context"":""distinct_basis"",""x"":""1/4"",""sigma"":-1,""controlled"":true,""epsilon"":""1e-6"",""arm"":""A"",""roles"":[""distinct_basis_conjugator_saved_cost_residual""],""expected_occurrences_per_event"":""313069542500268838634476940948605608179680334527327835979662547257036513442913313875301189647279817281595/1217546154009815960628234030610990362285666079173196837142160489042001789964671358159153006357619691470272""},{""context"":""distinct_basis"",""x"":""1/4"",""sigma"":1,""controlled"":false,""epsilon"":""1e-6"",""arm"":""ordinary"",""roles"":[""distinct_basis_conjugator_saved_cost_residual""],""expected_occurrences_per_event"":""79074995834781692811251883351981473229093935817316664486325108618762879529146108319683615186902030804435/304500565400563798550780174726439167767305580884480093795730304454088697316782163009909678740728014122432""},{""context"":""distinct_basis"",""x"":""1/4"",""sigma"":1,""controlled"":false,""epsilon"":""1e-6"",""arm"":""PTSC_K0"",""roles"":[""distinct_basis_conjugator_saved_cost_residual""],""expected_occurrences_per_event"":""621070973995155273773431010631096619848445848556231256813928597885593494353151835436898843648556590807717/2441728745879242815093132639193586038109472129777466686092614598624061931860184283785358702222065828031136""},{""context"":""distinct_basis"",""x"":""1/4"",""sigma"":1,""controlled"":false,""epsilon"":""1e-6"",""arm"":""A"",""roles"":[""distinct_basis_conjugator_saved_cost_residual""],""expected_occurrences_per_event"":""313069542500268838634476940948605608179680334527327835979662547257036513442913313875301189647279817281595/1217546154009815960628234030610990362285666079173196837142160489042001789964671358159153006357619691470272""},{""context"":""distinct_basis"",""x"":""1/4"",""sigma"":1,""controlled"":true,""epsilon"":""1e-6"",""arm"":""ordinary"",""roles"":[""distinct_basis_conjugator_saved_cost_residual""],""expected_occurrences_per_event"":""79074995834781692811251883351981473229093935817316664486325108618762879529146108319683615186902030804435/304500565400563798550780174726439167767305580884480093795730304454088697316782163009909678740728014122432""},{""context"":""distinct_basis"",""x"":""1/4"",""sigma"":1,""controlled"":true,""epsilon"":""1e-6"",""arm"":""PTSC_K0"",""roles"":[""distinct_basis_conjugator_saved_cost_residual""],""expected_occurrences_per_event"":""621070973995155273773431010631096619848445848556231256813928597885593494353151835436898843648556590807717/2441728745879242815093132639193586038109472129777466686092614598624061931860184283785358702222065828031136""},{""context"":""distinct_basis"",""x"":""1/4"",""sigma"":1,""controlled"":true,""epsilon"":""1e-6"",""arm"":""A"",""roles"":[""distinct_basis_conjugator_saved_cost_residual""],""expected_occurrences_per_event"":""313069542500268838634476940948605608179680334527327835979662547257036513442913313875301189647279817281595/1217546154009815960628234030610990362285666079173196837142160489042001789964671358159153006357619691470272""}]"
