K,R,T,accuracy_eligible,bias_decomposition_status,candidate_fingerprint,candidate_id,circuit_size,cx_count,cx_depth,delta,effective_rz_cost,expected_random_applications,finite_bias_imag_signed,finite_bias_real_signed,finite_truncation_bias_abs,imag_allowance,imag_bias,imag_one_shot_rz,imag_shots,legacy_outer_pf_bias_abs,method,n_det,n_fixed,n_rand_ceil,normalization,normalization_squared,outer_bias_imag_signed,outer_bias_real_signed,q,r,rank,real_allowance,real_bias,real_one_shot_rz,real_shots,rz_count,rz_depth,stage,tau,total_bias_abs,total_bias_imag_signed,total_bias_real_signed,total_depth,total_shots
2,16,0.8,True,SAVED_COMPLEX_DIFFERENCES_NOT_SUM_OF_MAGNITUDES,2bae3de500df0676aa16f29c6ba63b0c02e98824df975ed0d3942faa53640140,B2-rank3-q1-r16-K2,284759471.00000006,73977571.0,56865471.25,0.8,7819.156249999998,16.013597254850833,-2.0664948863213795e-08,3.4543825300215047e-09,2.0951679411993657e-08,0.034384223855712895,0.000971115203614481,7819.156249999999,7618,0.007251858689198468,B2,6,6,17,1.0136941862182753,1.0275759031727314,0.0009711358685633442,0.007186539471323666,1,16,3,0.02816879613362118,0.007186542925706196,7819.156249999999,11350,148313755.74999997,56327847.0,M1,0.029163521231699914,0.007251859345141008,0.000971115203614481,0.007186542925706196,122838546.24999997,18968
4,16,0.8,True,SAVED_COMPLEX_DIFFERENCES_NOT_SUM_OF_MAGNITUDES,26b1ddb01fa478bdaf439432feff9a314c0e5da23eeba8db14e3cd9a4bf833ea,B2-rank3-q1-r16-K4,276341828.25,72659295.0,56371710.5,0.8,7586.84375,16.013599181818744,4.4220183070819985e-13,-7.463474283042615e-14,4.484560222798299e-13,0.03438420319032183,0.000971135869005546,7586.84375,7618,0.007251858689198468,B2,6,6,17,1.013694674661216,1.0275768934365088,0.0009711358685633442,0.007186539471323666,1,16,3,0.028168799588078344,0.007186539471249032,7586.84375,11350,143907252.25,55402564.24999999,M1,0.029163521231699914,0.007251858689183723,0.000971135869005546,0.007186539471249032,120820232.5,18968
2,2,0.8,True,SAVED_COMPLEX_DIFFERENCES_NOT_SUM_OF_MAGNITUDES,e40346bc9672fad548e88097736b7ebbde8f6e0fd4067f1ac32d199da134b52f,B2-rank3-q1-r2-K2,267798877.50000006,75333258.00000003,61091819.25,0.8,6167.812499999999,2.1035845745784556,-1.0219643762021668e-05,3.234737921326003e-06,1.0719358564871915e-05,0.03439442283452605,0.0009609162248013225,6167.812499999999,9149,0.007251858689198468,B2,6,6,3,1.1112412167073342,1.2348570417091966,0.0009711358685633442,0.007186539471323666,1,2,3,0.028165564850082384,0.007189774209244992,6167.812499999999,13643,140576782.49999997,58272733.75,M1,0.2333081698535993,0.007253703410742053,0.0009609162248013225,0.007189774209244992,126932921.49999997,22792
4,2,0.8,True,SAVED_COMPLEX_DIFFERENCES_NOT_SUM_OF_MAGNITUDES,49dbaa81d25e9ed02a3b9415bb75b67cffebae4e47a02261720820c91dd4e92c,B2-rank3-q1-r2-K4,268710602.34375006,75511630.93749999,61195079.53125,0.8,6187.249999999999,2.1045102436051564,1.3918499797149764e-08,-4.624716276602214e-09,1.4666718693774946e-08,0.034384189272264234,0.0009711497870631414,6187.249999999999,9159,0.007251858689198468,B2,6,6,3,1.1115017963309746,1.2354362432469832,0.0009711358685633442,0.007186539471323666,1,2,3,0.028168804212719986,0.00718653484660739,6187.249999999999,13646,141100236.24999997,58445651.71875,M1,0.2333081698535993,0.007251855970054499,0.0009711497870631414,0.00718653484660739,127282544.21875,22805
2,32,0.8,True,SAVED_COMPLEX_DIFFERENCES_NOT_SUM_OF_MAGNITUDES,7c883f567f0b3193442048dab93dad3a1ff5dd6ff26f134109c3aa3e0b14132f,B2-rank3-q1-r32-K2,331365545.2499999,82799430.49999999,61856609.249999985,0.8,9180.718749999998,32.006802721721435,-2.5873556630529038e-09,4.057810198965228e-10,2.6189821616880466e-09,0.034384205778119695,0.0009711332812076812,9180.718749999998,7515,0.007251858689198468,B2,6,6,33,1.0068264183894304,1.0136994367668883,0.0009711358685633442,0.007186539471323666,1,32,3,0.02816879918222269,0.007186539877104686,9180.718749999998,11197,171789609.24999997,62438435.5,M1,0.014581760615849957,0.007251858744838115,0.0009711332812076812,0.007186539877104686,136223360.00000003,18712
4,32,0.8,True,SAVED_COMPLEX_DIFFERENCES_NOT_SUM_OF_MAGNITUDES,1d6ce39582516148549c9db5d1f9e7e842e82d94c45ba03caf0b0bcb3832bba4,B2-rank3-q1-r32-K4,333658934.75,83129229.5,62003381.500000015,0.8,9241.15625,32.00680296278136,1.3766765505351941e-14,-2.1649348980190553e-15,1.3935952625924388e-14,0.034384203190750265,0.000971135868577111,9241.15625,7515,0.007251858689198468,B2,6,6,33,1.0068264790690369,1.0136995589545537,0.0009711358685633442,0.007186539471323666,1,32,3,0.028168799588005874,0.007186539471321501,9241.15625,11197,172920515.75,62738997.0,M1,0.014581760615849957,0.007251858689198166,0.000971135868577111,0.007186539471321501,136887051.24999997,18712
2,4,0.8,True,SAVED_COMPLEX_DIFFERENCES_NOT_SUM_OF_MAGNITUDES,ff8e17f270d298339d53b9f47b8fc13189a91c30105498e405a642bfe5bf29ec,B2-rank3-q1-r4-K2,249472886.375,69446391.75000001,55950637.812500015,0.8,6359.71875,4.053743447266317,-1.3065751727214803e-06,3.0044630167092023e-07,1.340673958186665e-06,0.03438550976593675,0.0009698292933906227,6359.71875,8258,0.007251858689198468,B2,6,6,5,1.0554795598765143,1.1140371013171204,0.0009711358685633442,0.007186539471323666,1,4,3,0.02816849914170204,0.007186839917625337,6359.71875,12305,130774896.65625,53615452.125000015,M1,0.11665408492679966,0.007251981581601784,0.0009698292933906227,0.007186839917625337,116808764.09375003,20563
4,4,0.8,True,SAVED_COMPLEX_DIFFERENCES_NOT_SUM_OF_MAGNITUDES,ec7deef660e32ec94e5f8b46148d6c72eecf85f2393ee596279ff7b10359768b,B2-rank3-q1-r4-K4,251290161.56249994,69723061.87499999,56064045.937500015,0.8,6406.218750000002,4.053864869918171,4.4604420157412505e-10,-1.0592685062427165e-10,4.5844948188549137e-10,0.03438420274471983,0.0009711363146075458,6406.218750000001,8259,0.007251858689198468,B2,6,6,5,1.055511708253512,1.114104966260247,0.0009711358685633442,0.007186539471323666,1,4,3,0.02816879969393056,0.007186539365396816,6406.218750000001,12306,131743888.59375003,53817962.343750015,M1,0.11665408492679966,0.007251858643957947,0.0009711363146075458,0.007186539365396816,117235923.75,20565
2,64,0.8,True,SAVED_COMPLEX_DIFFERENCES_NOT_SUM_OF_MAGNITUDES,5f11e879f44a5388f939fc1dbc2b0432152f73e6e57313fa160812dc526c0b3b,B2-rank3-q1-r64-K2,446157317.81249994,104489516.24999999,73973527.03124999,0.8,12394.781249999996,64.00340187309709,-3.2366931357330486e-10,4.9094117660075653e-11,3.2737143573903284e-10,0.034384203514433345,0.0009711355448940306,12394.781249999996,7464,0.007251858689198468,B2,6,6,65,1.0034077290355972,1.0068270706883744,0.0009711358685633442,0.007186539471323666,1,64,3,0.028168799538909592,0.007186539520417784,12394.781249999996,11121,230357009.53124994,77741635.78124999,M1,0.0072908803079249785,0.0072518586945060715,0.0009711355448940306,0.007186539520417784,169591028.90624997,18585
2,8,0.8,True,SAVED_COMPLEX_DIFFERENCES_NOT_SUM_OF_MAGNITUDES,2a527a84ef1481d55ffd576634b4a4841282871ce6d6872ca72767971c7255f2,B2-rank3-q1-r8-K2,253752870.31249994,68976443.25000001,54716585.56249999,0.8,6809.187499999998,8.027129230160506,-1.6472415731438872e-07,3.0956044450025644e-08,1.676076510512794e-07,0.034384367914921346,0.0009709711444060298,6809.187499999998,7827,0.007251858689198468,B2,6,6,9,1.027533436136943,1.0558249623793932,0.0009711358685633442,0.007186539471323666,1,8,3,0.02816876863195926,0.007186570427368116,6809.187499999998,11662,132704255.18749997,52970492.96875001,M1,0.05832704246339983,0.007251867309237746,0.0009709711444060298,0.007186570427368116,115424211.53125,19489
4,8,0.8,True,SAVED_COMPLEX_DIFFERENCES_NOT_SUM_OF_MAGNITUDES,14624b9f1ef123d39e3b1d126d4a3288015d1f8b7fe9ded3105c8e4f8713b62c,B2-rank3-q1-r8-K4,257690257.34375006,69580602.24999999,54976641.90625,0.8,6914.281249999998,8.027144597725437,1.4070633547191846e-11,-2.6964819266339646e-12,1.4326679419880388e-11,0.0343842031766934,0.0009711358826339778,6914.281249999998,7827,0.007251858689198468,B2,6,6,9,1.0275373871668176,1.0558330820256105,0.0009711358685633442,0.007186539471323666,1,8,3,0.02816879959070019,0.007186539468627184,6914.281249999998,11662,134752427.28124997,53460763.12499999,M1,0.05832704246339983,0.007251858688410549,0.0009711358826339778,0.007186539468627184,116503414.90625,19489
2,2,0.8,True,SAVED_COMPLEX_DIFFERENCES_NOT_SUM_OF_MAGNITUDES,1f47cf083aa52bf62847b99e9d1b45cd2ec87e9989523f46bfe28bbce8178375,B2-rank3-q2-r1-K2,413046457.8125,118149915.625,96932728.12500003,0.4,11815.59375,2.1035845745784556,-9.725275462391103e-06,3.2150646839812502e-06,1.0242930427449458e-05,0.0350966753397572,0.00025866371957017353,11815.59375,8786,0.0017326623580171774,B2,12,10,3,1.1112412167073342,1.2348570417091966,0.00026838899503256464,0.0017117494542820966,2,1,3,0.0336403745403613,0.0017149645189660778,11815.59375,9564,216816145.3125,91808490.625,M1,0.2333081698535993,0.0017343616177528918,0.00025866371957017353,0.0017149645189660778,200017293.75,18350
4,2,0.8,True,SAVED_COMPLEX_DIFFERENCES_NOT_SUM_OF_MAGNITUDES,ca6f63315793fde5bb949bac34cb178743e77289ede3e5933c97319870834050,B2-rank3-q2-r1-K4,413167828.71875006,118186314.31250001,96978211.75,0.4,11810.78125,2.1045102436051564,1.3237544060906714e-08,-4.586355240032702e-09,1.4009540576058233e-08,0.03508693682675075,0.00026840223257662554,11810.78125,8795,0.0017326623580171774,B2,12,10,3,1.1115017963309746,1.2354362432469832,0.00026838899503256464,0.0017117494542820966,2,1,3,0.03364359419140052,0.0017117448679268565,11810.78125,9566,216857754.53125,91847459.81250001,M1,0.2333081698535993,0.001732659877565718,0.00026840223257662554,0.0017117448679268565,200115965.21875003,18361
2,32,0.8,True,SAVED_COMPLEX_DIFFERENCES_NOT_SUM_OF_MAGNITUDES,d72416fe9386c72201ee531653079b046e19dd601a57ac98452e463e88e05248,B2-rank3-q2-r16-K2,432953996.0625,114457343.62500001,89170004.25,0.4,14972.499999999998,32.006802721721435,-2.467199111677587e-09,4.1925315996671486e-10,2.5025676152313548e-09,0.03508695253149392,0.00026838652783345296,14972.499999999998,7217,0.0017326623580171774,B2,12,10,33,1.0068264183894304,1.0136994367668883,0.00026838899503256464,0.0017117494542820966,2,16,3,0.03364358918579212,0.0017117498735352565,14972.499999999998,7849,225575684.99999997,87468487.875,M1,0.014581760615849957,0.001732662390043272,0.00026838652783345296,0.0017117498735352565,190708723.68750006,15066
4,32,0.8,True,SAVED_COMPLEX_DIFFERENCES_NOT_SUM_OF_MAGNITUDES,706dcf93f5323b57899110e5205eef5a821184af75ad4813f59ca8b6ded56c0b,B2-rank3-q2-r16-K4,431689864.5,114284084.62500003,89114919.1875,0.4,14927.0625,32.00680296278136,1.2545520178264269e-14,-1.8596235662471372e-15,1.2682597381900036e-14,0.035086950064282266,0.00026838899504511016,14927.0625,7217,0.0017326623580171774,B2,12,10,33,1.0068264790690369,1.0136995589545537,0.00026838899503256464,0.0017117494542820966,2,16,3,0.03364358960504714,0.001711749454280237,14927.0625,7849,224891123.625,87328185.75000001,M1,0.014581760615849957,0.0017326623580172836,0.00026838899504511016,0.001711749454280237,190405049.62499997,15066
2,4,0.8,True,SAVED_COMPLEX_DIFFERENCES_NOT_SUM_OF_MAGNITUDES,432f72f136fb44eb45f8a1464decd8866f1035c4d24c18879bfbdb4eb9a32a0b,B2-rank3-q2-r2-K2,381403947.5625,108126523.3125,88195517.15625,0.4,12078.781250000002,4.053743447266317,-1.2447404498239223e-06,3.0297238656773473e-07,1.281081985842596e-06,0.035088194804744635,0.0002671442545827407,12078.781250000002,7931,0.0017326623580171774,B2,12,10,5,1.0554795598765143,1.1140371013171204,0.00026838899503256464,0.0017117494542820966,2,2,3,0.03364328663265871,0.0017120524266686643,12078.781250000002,8626,199988381.15625003,83792389.96875,M1,0.11665408492679966,0.001732769333875294,0.0002671442545827407,0.0017120524266686643,182574556.40625,16557
4,4,0.8,True,SAVED_COMPLEX_DIFFERENCES_NOT_SUM_OF_MAGNITUDES,2e505e1c84c0033fde8c92ead4b49dc0269cebda2a0d00c7865b02c45b2ca80f,B2-rank3-q2-r2-K4,381282876.78124994,108109571.25,88195821.34374999,0.4,12073.781250000002,4.053864869918171,4.2473469186177226e-10,-1.0659509386279353e-10,4.379064654769696e-10,0.03508694963956012,0.0002683894197672565,12073.781250000002,7932,0.0017326623580171774,B2,12,10,5,1.055511708253512,1.114104966260247,0.00026838899503256464,0.0017117494542820966,2,2,3,0.03364358971164037,0.0017117493476870027,12073.781250000002,8627,199929743.71875003,83785435.18750001,M1,0.11665408492679966,0.0017326623185000254,0.0002683894197672565,0.0017117493476870027,182571771.96875,16559
2,64,0.8,True,SAVED_COMPLEX_DIFFERENCES_NOT_SUM_OF_MAGNITUDES,f3be6a53917827b98a55f7fcaf41047e0261f7a1ae0346f24b33318d72606e70,B2-rank3-q2-r32-K2,541813238.6250001,133973627.25,99415672.125,0.4,18737.781249999996,64.00340187309709,-3.086588762357678e-10,5.085473708810184e-11,3.1282024576971836e-10,0.03508695037295369,0.0002683886863736884,18737.781249999996,7168,0.0017326623580171774,B2,12,10,65,1.0034077290355972,1.0068270706883744,0.00026838899503256464,0.0017117494542820966,2,32,3,0.03364358955419054,0.0017117495051368337,18737.781249999996,7796,280392158.62499994,100970057.62499999,M1,0.0072908803079249785,0.001732662360446948,0.0002683886863736884,0.0017117495051368337,220393065.37500003,14964
4,64,0.8,True,SAVED_COMPLEX_DIFFERENCES_NOT_SUM_OF_MAGNITUDES,43111e149ded1dba5eda31791bf072fad9b43602b75e5ada11188936fc50ff79,B2-rank3-q2-r32-K4,526632728.2500001,131788883.25000003,98622580.12500001,0.4,18238.34375,64.0034019032355,2.220446049250313e-16,-9.159339953157541e-16,9.424642647609475e-16,0.03508695006429459,0.0002683889950327867,18238.34375,7168,0.0017326623580171774,B2,12,10,65,1.0034077365959655,1.0068270858606385,0.00026838899503256464,0.0017117494542820966,2,32,3,0.033643589605046195,0.0017117494542811806,18238.34375,7796,272918575.875,99480672.00000001,M1,0.0072908803079249785,0.001732662358016307,0.0002683889950327867,0.0017117494542811806,217025697.75000003,14964
2,8,0.8,True,SAVED_COMPLEX_DIFFERENCES_NOT_SUM_OF_MAGNITUDES,8cb55a75f4e5cbe1668180d41f607ced4d2d5348b0c46f7e6adfc6e1f8b69a64,B2-rank3-q2-r4-K2,372737193.5625,104660540.24999997,84835377.18750001,0.4,12446.906250000002,8.027129230160506,-1.5701224420627824e-07,3.158426048477381e-08,1.6015745484073478e-07,0.03508710707653902,0.00026823198278835836,12446.906250000002,7517,0.0017326623580171774,B2,12,10,9,1.027533436136943,1.0558249623793932,0.00026838899503256464,0.0017117494542820966,2,4,3,0.033643558020784795,0.0017117810385425813,12446.906250000002,8176,195329299.78125003,80923896.9375,M1,0.05832704246339983,0.0017326692472899993,0.00026823198278835836,0.0017117810385425813,176324095.96874997,15693
4,8,0.8,True,SAVED_COMPLEX_DIFFERENCES_NOT_SUM_OF_MAGNITUDES,127236c66fd1401664dfc9aa26f9ae80b813a1c7a5b23c089cb3e68c3a7dbffc,B2-rank3-q2-r4-K4,370552924.125,104334910.5,84723074.15625003,0.4,12376.968749999996,8.027144597725437,1.340483279932414e-11,-2.745581539898012e-12,1.3683119540881932e-11,0.03508695005088998,0.00026838900843739744,12376.968749999996,7517,0.0017326623580171774,B2,12,10,9,1.0275373871668176,1.0558330820256105,0.00026838899503256464,0.0017117494542820966,2,4,3,0.03364358960779086,0.001711749451536515,12376.968749999996,8176,194231770.59374994,80705666.15624997,M1,0.05832704246339983,0.0017326623573811401,0.00026838900843739744,0.001711749451536515,175847421.09375003,15693
2,16,0.8,True,SAVED_COMPLEX_DIFFERENCES_NOT_SUM_OF_MAGNITUDES,f12de42481de9b2e8ee5db614a8b7657291f9bf4b19f3cd0c473f9751b716223,B2-rank3-q2-r8-K2,390254741.4375,106858499.06249999,85262477.0625,0.4,13351.500000000004,16.013597254850833,-1.9702676268273933e-08,3.5524152508514817e-09,2.0020367285514194e-08,0.03508696976697108,0.00026836929235629636,13351.500000000004,7316,0.0017326623580171774,B2,12,10,17,1.0136941862182753,1.0275759031727314,0.00026838899503256464,0.0017117494542820966,2,8,3,0.03364358605263003,0.0017117530066973474,13351.500000000004,7957,203917459.50000006,82217899.96875,M1,0.029163521231699914,0.0017326628157311014,0.00026836929235629636,0.0017117530066973474,179222927.62500003,15273
4,16,0.8,True,SAVED_COMPLEX_DIFFERENCES_NOT_SUM_OF_MAGNITUDES,c9b417e6f6571261f810811dc1da992b81b468cc3c83a04cd8227b9aa7769de5,B2-rank3-q2-r8-K4,391960067.3437501,107146776.93750003,85368433.50000001,0.4,13415.187500000002,16.013599181818744,4.2088554863539684e-13,-7.646661082105766e-14,4.2777539389331186e-13,0.035086950063873926,0.0002683889954534502,13415.187500000002,7316,0.0017326623580171774,B2,12,10,17,1.013694674661216,1.0275768934365088,0.00026838899503256464,0.0017117494542820966,2,8,3,0.033643589605121746,0.00171174945420563,13415.187500000002,7957,204890158.68750003,82433153.8125,M1,0.029163521231699914,0.0017326623580068289,0.0002683889954534502,0.00171174945420563,179656776.28125,15273
2,4,0.8,True,SAVED_COMPLEX_DIFFERENCES_NOT_SUM_OF_MAGNITUDES,674d3082b53a74bc118e4cf1f9471aa25d76dcf97802cf6624ac631ac723b552,B2-rank3-q4-r1-K2,704154512.34375,202466608.6875,166761437.62500003,0.2,23317.84375,4.053743447266317,-1.229802942370739e-06,3.033015812115014e-07,1.26665193570654e-06,0.0352880446778014,6.7294381525973e-05,23317.84375,7841,0.0004284389044065214,B2,24,18,5,1.0554795598765143,1.1140371013171204,6.852418446834374e-05,0.0004229235521368002,4,1,3,0.034932112205609364,0.0004232268537180117,23317.84375,8002,369424598.53125,157536850.87500006,M1,0.11665408492679966,0.0004285434674487648,6.7294381525973e-05,0.0004232268537180117,343278697.59375,15843
4,4,0.8,True,SAVED_COMPLEX_DIFFERENCES_NOT_SUM_OF_MAGNITUDES,66558e0cb333e7d41a33d7e61bc9a6e433df0e6cda3946a9c8a9d4cba9163860,B2-rank3-q4-r1-K4,704079137.875,202457602.74999997,166767012.25,0.2,23314.46875,4.053864869918171,4.1958403418362877e-10,-1.066618182665735e-10,4.3292898403518806e-10,0.035286814455275,6.852460405237792e-05,23314.46875,7842,0.0004284389044065214,B2,24,18,5,1.055511708253512,1.114104966260247,6.852418446834374e-05,0.0004229235521368002,4,1,3,0.034932415613852394,0.00042292344547498195,23314.46875,8002,369394442.875,157551745.75,M1,0.11665408492679966,0.00042843886622593566,6.852460405237792e-05,0.00042292344547498195,343314723.75000006,15844
2,64,0.8,True,SAVED_COMPLEX_DIFFERENCES_NOT_SUM_OF_MAGNITUDES,58389a3d07fa30f8584c1c9deb491b34af2e9475c08e53bf2d93f3e553d1b2ed,B2-rank3-q4-r16-K2,817475737.2187498,216568610.43749997,169022370.9375,0.2,29721.781249999996,64.00340187309709,-3.05025671387682e-10,5.1211257456884596e-11,3.092947673269328e-10,0.035286815179884704,6.852387944267235e-05,29721.781249999996,7087,0.0004284389044065214,B2,24,18,65,1.0034077290355972,1.0068270706883744,6.852418446834374e-05,0.0004229235521368002,4,16,3,0.03493241545597932,0.0004229236033480577,29721.781249999996,7232,425586185.71874994,165463651.96875003,M1,0.0072908803079249785,0.00042843890617307284,6.852387944267235e-05,0.0004229236033480577,360854908.87500006,14319
4,64,0.8,True,SAVED_COMPLEX_DIFFERENCES_NOT_SUM_OF_MAGNITUDES,d92e4db3997289d26ef352e06e4450c20efdb5c828acf7f9bc167d13fb96bf1e,B2-rank3-q4-r16-K4,819164484.2812499,216761916.93749997,169116339.375,0.2,29764.656250000004,64.0034019032355,4.440892098500626e-16,-5.273559366969494e-16,6.894341957538586e-16,0.03528681487485859,6.852418446878783e-05,29764.656250000004,7087,0.0004284389044065214,B2,24,18,65,1.0034077365959655,1.0068270858606385,6.852418446834374e-05,0.0004229235521368002,4,16,3,0.0349324155071911,0.00042292355213627286,29764.656250000004,7232,426200112.84375006,165643086.9375,M1,0.0072908803079249785,0.00042843890440607185,6.852418446878783e-05,0.00042292355213627286,361311327.00000006,14319
2,8,0.8,True,SAVED_COMPLEX_DIFFERENCES_NOT_SUM_OF_MAGNITUDES,fc52f4ae1b4edae4de4611f9aa054f7e0c451c1d20a25418875a6f741227578c,B2-rank3-q4-r2-K2,681442636.8749999,194408589.37500003,159303519.37499994,0.2,23791.3125,8.027129230160506,-1.5514786511072742e-07,3.1700950281488005e-08,1.5835343475013685e-07,0.03528697002272414,6.836903660323301e-05,23791.3125,7432,0.0004284389044065214,B2,24,18,9,1.027533436136943,1.0558249623793932,6.852418446834374e-05,0.0004229235521368002,4,2,3,0.034932383806240294,0.0004229552530870817,23791.3125,7583,357226557.1875,150889957.96875003,M1,0.05832704246339983,0.00042844541225226293,6.836903660323301e-05,0.0004229552530870817,328816769.5312499,15015
4,8,0.8,True,SAVED_COMPLEX_DIFFERENCES_NOT_SUM_OF_MAGNITUDES,8e56ba2ae30e8521b664233eb5ee96cb22d1b5acdece8360e315a446a367530c,B2-rank3-q4-r2-K4,680817462.7499999,194308916.99999997,159238110.50000003,0.2,23768.46875,8.027144597725437,1.324462761687073e-11,-2.755157213485404e-12,1.3528157745258423e-11,0.035286814861614405,6.852419771297136e-05,23768.46875,7432,0.0004284389044065214,B2,24,18,9,1.0275373871668176,1.0558330820256105,6.852418446834374e-05,0.0004229235521368002,4,2,3,0.03493241550994573,0.000422923549381643,23768.46875,7584,356907326.75,150769086.49999997,M1,0.05832704246339983,0.0004284389038051673,6.852419771297136e-05,0.000422923549381643,328554303.25000006,15016
2,128,0.8,True,SAVED_COMPLEX_DIFFERENCES_NOT_SUM_OF_MAGNITUDES,b21b40eaacf68ce89dc26ff215b980c60dad8d27487d551bbc4085e379373fa2,B2-rank3-q4-r32-K2,992283179.3750002,249372709.37500006,187359748.74999997,0.2,36011.31249999999,128.00170100059216,-3.81430442786268e-11,6.3038740893972545e-12,3.86604533777898e-11,0.035286814913002076,6.852414632529946e-05,36011.31249999999,7063,0.0004284389044065214,B2,24,18,129,1.0017024559765242,1.0034078103094004,6.852418446834374e-05,0.0004229235521368002,4,32,3,0.0349324155008867,0.0004229235584406743,36011.31249999999,7207,513881429.3749999,188471470.93749997,M1,0.0036454401539624893,0.0004284389045286778,6.852414632529946e-05,0.0004229235584406743,411285926.56249994,14270
4,128,0.8,True,SAVED_COMPLEX_DIFFERENCES_NOT_SUM_OF_MAGNITUDES,4344e3cc40ba8373dd6d92dcee63b0fbe09cc79c4f74f6698c3ab2506f5b5fe6,B2-rank3-q4-r32-K4,992105250.3125002,249267468.12500006,187347262.5,0.2,35980.5625,128.00170100435963,6.661338147750939e-16,-1.6653345369377348e-16,6.866350197783356e-16,0.035286814874858366,6.852418446900987e-05,35980.5625,7063,0.0004284389044065214,B2,24,18,129,1.0017024569200106,1.0034078121995857,6.852418446834374e-05,0.0004229235521368002,4,32,3,0.03493241550719074,0.0004229235521366337,35980.5625,7207,513442626.875,188438471.56250003,M1,0.0036454401539624893,0.0004284389044064635,6.852418446900987e-05,0.0004229235521366337,411298858.75,14270
2,16,0.8,True,SAVED_COMPLEX_DIFFERENCES_NOT_SUM_OF_MAGNITUDES,90ed4abcfcb472ebb81f150bd1c1d6570e02f8a443d1ccaa394caaff9144dc40,B2-rank3-q4-r4-K2,686684002.0624998,193601705.12499997,157458086.31250006,0.2,24603.062500000004,16.013597254850833,-1.946995453749878e-08,3.571718587558337e-09,1.979485547714302e-08,0.03528683434481357,6.850471451380624e-05,24603.062500000004,7233,0.0004284389044065214,B2,24,18,17,1.0136941862182753,1.0275759031727314,6.852418446834374e-05,0.0004229235521368002,4,4,3,0.03493241193547199,0.0004229271238553878,24603.062500000004,7381,359549155.37500006,149867026.68750003,M1,0.029163521231699914,0.00042843931659362054,6.850471451380624e-05,0.0004229271238553878,326621073.25,14614
4,16,0.8,True,SAVED_COMPLEX_DIFFERENCES_NOT_SUM_OF_MAGNITUDES,e5f5dfeb10d27592d7f6aa4514b976aee460d580a61e9b8f51713210ac01851e,B2-rank3-q4-r4-K4,681010116.5625001,192741305.87500006,157142058.56249994,0.2,24404.718750000004,16.013599181818744,4.1444625509257094e-13,-7.593925488436071e-14,4.2134602026440013e-13,0.035286814874444586,6.852418488279e-05,24404.718750000004,7233,0.0004284389044065214,B2,24,18,17,1.013694674661216,1.0275768934365088,6.852418446834374e-05,0.0004229235521368002,4,4,3,0.034932415507266515,0.00042292355206086096,24404.718750000004,7381,356650559.81250006,149262829.12500003,M1,0.029163521231699914,0.0004284389043978459,6.852418488279e-05,0.00042292355206086096,325292569.3125,14614
2,32,0.8,True,SAVED_COMPLEX_DIFFERENCES_NOT_SUM_OF_MAGNITUDES,6817aeb8429ff98787c96a9b618d57108ca5d525f5c9d21a3a0bf646e0b95226,B2-rank3-q4-r8-K2,726291594.9999998,200027406.0,160314029.00000006,0.2,26319.000000000004,32.006802721721435,-2.438134028004413e-09,4.219599392119022e-10,2.4743782509577504e-09,0.03528681731299306,6.852174633431574e-05,26319.000000000004,7135,0.0004284389044065214,B2,24,18,33,1.0068264183894304,1.0136994367668883,6.852418446834374e-05,0.0004229235521368002,4,8,3,0.034932415085230636,0.00042292397409673943,26319.000000000004,7281,379414704.00000006,154176867.5,M1,0.014581760615849957,0.000428438930988401,6.852174633431574e-05,0.00042292397409673943,336096876.5,14416
4,32,0.8,True,SAVED_COMPLEX_DIFFERENCES_NOT_SUM_OF_MAGNITUDES,2a25ec7dde94e71f05514143db7e8d8376837e58686e99f4acf800e0a3f34b76,B2-rank3-q4-r8-K4,718059158.0,198863313.99999997,159885603.5,0.2,26038.875000000004,32.00680296278136,1.3322676295501878e-14,-1.7763568394002505e-15,1.3440578383968888e-14,0.03528681487484571,6.852418448166642e-05,26038.875000000004,7135,0.0004284389044065214,B2,24,18,33,1.0068264790690369,1.0136995589545537,6.852418446834374e-05,0.0004229235521368002,4,8,3,0.03493241550719235,0.00042292355213502386,26038.875000000004,7281,375376422.00000006,153360561.50000003,M1,0.014581760615849957,0.0004284389044068987,6.852418448166642e-05,0.00042292355213502386,334271000.0,14416
2,8,0.8,True,SAVED_COMPLEX_DIFFERENCES_NOT_SUM_OF_MAGNITUDES,a8a8f1e7a7a7117e8e7a0db4681611ef33caed0070494ee7642d733a4d8a6fc4,B2-rank3-q8-r1-K2,1312503252.6875,378350612.375,312187009.75,0.1,46332.65625000001,8.027129230160506,-1.5468552538866476e-07,3.1727944660442375e-08,1.579059031105023e-07,0.03533827598411339,1.7063075213985535e-05,46332.65625000001,7410,0.00010681854917026146,B2,48,34,9,1.027533436136943,1.0558249623793932,1.72177607393742e-05,0.00010542177745589965,8,1,3,0.035249885553926816,0.00010545350540056009,46332.65625000001,7448,688410606.5625001,294526883.8125,M1,0.05832704246339983,0.00010682504545762704,1.7063075213985535e-05,0.00010545350540056009,641854920.8124999,14858
4,8,0.8,True,SAVED_COMPLEX_DIFFERENCES_NOT_SUM_OF_MAGNITUDES,89f6f91b5f2d748deda158aa3bae176f6943faa916a3ba36abfef49054343628,B2-rank3-q8-r1-K4,1312945742.5,378407258.49999994,312185616.8125,0.1,46348.8125,8.027144597725437,1.3208545368570412e-11,-2.7576829708664263e-12,1.3493349699810999e-11,0.035338121285379456,1.7217773947919568e-05,46348.8125,7410,0.00010681854917026146,B2,48,34,9,1.0275373871668176,1.0558330820256105,1.72177607393742e-05,0.00010542177745589965,8,1,3,0.03524991728462916,0.00010542177469821667,46348.8125,7448,688650656.125,294525955.1875,M1,0.05832704246339983,0.00010681854857768483,1.7217773947919568e-05,0.00010542177469821667,641841920.0625,14858
2,128,0.8,True,SAVED_COMPLEX_DIFFERENCES_NOT_SUM_OF_MAGNITUDES,58dea35b859b0db7caa7df00896671005c61138e847205ea8c22a6f199306a59,B2-rank3-q8-r16-K2,1600125613.7499998,425180557.5,332672053.75,0.1,58978.625000000015,128.00170100059216,-3.803046766392981e-11,6.316197564970594e-12,3.8551404934411294e-11,0.03533812133661847,1.7217722708906535e-05,58978.625000000015,7042,0.00010681854917026146,B2,48,34,129,1.0017024559765242,1.0034078103094004,1.72177607393742e-05,0.00010542177745589965,8,16,3,0.03524991727555528,0.00010542178377209721,58978.625000000015,7078,832778185.0000002,325237432.49999994,M1,0.0036454401539624893,0.00010681854927385793,1.7217722708906535e-05,0.00010542178377209721,709374238.75,14120
4,128,0.8,True,SAVED_COMPLEX_DIFFERENCES_NOT_SUM_OF_MAGNITUDES,ada9f8a66321054c0bf9691b433eab48ae4f533ef011ea646f2b10d8aa839416,B2-rank3-q8-r16-K4,1597490468.7500002,424753427.5,332619103.75,0.1,58877.375,128.00170100435963,2.9976021664879227e-15,-7.494005416219807e-16,3.0898575890025104e-15,0.035338121298585004,1.72177607423718e-05,58877.375,7042,0.00010681854917026146,B2,48,34,129,1.0017024569200106,1.0034078121995857,1.72177607393742e-05,0.00010542177745589965,8,16,3,0.035249917281872226,0.00010542177745515025,58877.375,7078,831348535.0,325151388.75,M1,0.0036454401539624893,0.00010681854917000504,1.72177607423718e-05,0.00010542177745515025,709137287.5000001,14120
2,16,0.8,True,SAVED_COMPLEX_DIFFERENCES_NOT_SUM_OF_MAGNITUDES,f0d03002cc89c460507fbdc85f422f89530551efbc0355555d73336da55f25c1,B2-rank3-q8-r2-K2,1305461904.3749995,373223445.0,306302565.0000001,0.1,47307.15625,16.013597254850833,-1.941223637391687e-08,3.57626328550964e-09,1.9738910307413257e-08,0.035338140710824376,1.7198348503000283e-05,47307.15625,7212,0.00010681854917026146,B2,48,34,17,1.0136941862182753,1.0275759031727314,1.72177607393742e-05,0.00010542177745589965,8,2,3,0.03524991370560819,0.00010542535371918516,47307.15625,7248,684061479.375,289774333.125,M1,0.029163521231699914,0.00010681895149291608,1.7198348503000283e-05,0.00010542535371918516,631549537.5000001,14460
4,16,0.8,True,SAVED_COMPLEX_DIFFERENCES_NOT_SUM_OF_MAGNITUDES,c904cccb489d0c29a24e8301e097a0dee129239048c2afa55328d8e5be388542,B2-rank3-q8-r2-K4,1308717663.75,373700624.99999994,306447616.87500006,0.1,47422.18750000001,16.013599181818744,4.1455727739503345e-13,-7.799316747991725e-14,4.218301440328004e-13,0.035338121298173444,1.7217761153931477e-05,47422.18750000001,7212,0.00010681854917026146,B2,48,34,17,1.013694674661216,1.0275768934365088,1.72177607393742e-05,0.00010542177745589965,8,2,3,0.03524991728194947,0.00010542177737790648,47422.18750000001,7248,685724831.2500001,290049073.125,M1,0.029163521231699914,0.00010681854916010939,1.7217761153931477e-05,0.00010542177737790648,632141945.625,14460
2,32,0.8,True,SAVED_COMPLEX_DIFFERENCES_NOT_SUM_OF_MAGNITUDES,e643f82e31b6fec2bf50d85a1377ebac85822e3c74a272d30015c31615af234d,B2-rank3-q8-r4-K2,1337345087.34375,377292310.3125,307047438.28124994,0.1,49061.53125,32.006802721721435,-2.43092346252638e-09,4.2260195343146734e-10,2.4673834910093194e-09,0.035338123729511464,1.7215329815911673e-05,49061.53125,7115,0.00010681854917026146,B2,48,34,33,1.0068264183894304,1.0136994367668883,1.72177607393742e-05,0.00010542177745589965,8,4,3,0.03524991685926952,0.00010542220005785308,49061.53125,7150,699862743.28125,292050019.6875,M1,0.014581760615849957,0.0001068185744414735,1.7215329815911673e-05,0.00010542220005785308,636588998.4375001,14265
4,32,0.8,True,SAVED_COMPLEX_DIFFERENCES_NOT_SUM_OF_MAGNITUDES,458f6f6cc62a3291793c82518d7b8d99b6b4a7e470c248501d25b7f4122a900e,B2-rank3-q8-r4-K4,1348152607.96875,378863243.4375,307658158.59375,0.1,49445.12499999999,32.00680296278136,1.1213252548714081e-14,-3.3029134982598407e-15,1.168957956037042e-14,0.03533812129857679,1.7217760750587452e-05,49445.12499999999,7115,0.00010681854917026146,B2,48,34,33,1.0068264790690369,1.0136995589545537,1.72177607393742e-05,0.00010542177745589965,8,4,3,0.03524991728187478,0.00010542177745259673,49445.12499999999,7150,705334708.1249999,293218412.34375006,M1,0.014581760615849957,0.00010681854916880918,1.7217760750587452e-05,0.00010542177745259673,639186565.7812499,14265
2,64,0.8,True,SAVED_COMPLEX_DIFFERENCES_NOT_SUM_OF_MAGNITUDES,8243ce07aed765f0bfda156e2b336a03b289d98758c63ca5ae69fb6e7aa3a938,B2-rank3-q8-r8-K2,1414146156.5000002,391041227.49999994,314154590.75000006,0.1,52139.218749999985,64.00340187309709,-3.041255025593159e-10,5.129618951826842e-11,3.0842117366687164e-10,0.035338121602713504,1.721745661387164e-05,52139.218749999985,7066,0.00010681854917026146,B2,48,34,65,1.0034077290355972,1.0068270706883744,1.72177607393742e-05,0.00010542177745589965,8,8,3,0.03524991723057529,0.00010542182875208916,52139.218749999985,7102,738708451.2499998,301394978.5,M1,0.0072908803079249785,0.00010681855077506606,1.721745661387164e-05,0.00010542182875208916,657071106.9999999,14168
4,64,0.8,True,SAVED_COMPLEX_DIFFERENCES_NOT_SUM_OF_MAGNITUDES,1163c4136d3d573a3aa05c5471b91190fa3ed3ae43b3340113c1d426a0947559,B2-rank3-q8-r8-K4,1430078072.5,393371863.5,315009983.74999994,0.1,52703.03125000001,64.0034019032355,-1.4432899320127035e-15,-1.1102230246251565e-16,1.4475537224895361e-15,0.035338121298589445,1.721776073793091e-05,52703.03125000001,7066,0.00010681854917026146,B2,48,34,65,1.0034077365959655,1.0068270858606385,1.72177607393742e-05,0.00010542177745589965,8,8,3,0.03524991728187159,0.00010542177745578862,52703.03125000001,7102,746696546.7500001,302964084.50000006,M1,0.0072908803079249785,0.00010681854916991925,1.721776073793091e-05,0.00010542177745578862,660523228.7499999,14168
2,16,0.8,True,SAVED_COMPLEX_DIFFERENCES_NOT_SUM_OF_MAGNITUDES,d9a62c7bb664ce1eb8dd36302f1ac26080d6a804a48d81c12e788678499e1aed,B2-rank6-q1-r16-K2,413054123.75000006,119695096.5,99326253.0,0.8,11702.3125,16.000019499126545,-8.436584764126565e-13,1.3047896096907152e-13,8.536886927202991e-13,0.034382376568785136,0.0009729624905422396,11702.3125,7414,0.007267057895574897,B2,12,6,17,1.0000194993249019,1.0000389990300274,0.0009729624913858981,0.007201629985495894,1,16,6,0.028153709073701003,0.007201629985626373,11702.3125,11058,216165116.5,93285331.74999999,M1,0.001103946018487101,0.0072670578955912465,0.0009729624905422396,0.007201629985626373,203003239.25,18472
4,16,0.8,True,SAVED_COMPLEX_DIFFERENCES_NOT_SUM_OF_MAGNITUDES,76ea1c35be9c40a23d7b5e317385499ec237ac3bf101fd328a13a7a62120c4c7,B2-rank6-q1-r16-K4,415162240.75000006,120034519.5,99465947.50000001,0.8,11763.062500000002,16.000019499130506,-1.4432899320127035e-15,2.498001805406602e-16,1.464747745534152e-15,0.03438237656794292,0.0009729624913844548,11763.062500000002,7414,0.007267057895574897,B2,12,6,17,1.000019499325893,1.0000389990320098,0.0009729624913858981,0.007201629985495894,1,16,6,0.028153709073831232,0.007201629985496144,11763.062500000002,11058,217287290.50000003,93555484.74999999,M1,0.001103946018487101,0.007267057895574951,0.0009729624913844548,0.007201629985496144,203562017.24999997,18472
2,2,0.8,True,SAVED_COMPLEX_DIFFERENCES_NOT_SUM_OF_MAGNITUDES,1248f643ae50f43b327a7f80b7cce6f3c6f7402fa28a3db0767cda48fca6be34,B2-rank6-q1-r2-K2,399342246.18749994,115582873.5,95901981.46875,0.8,11304.0,2.0001559817018917,-4.3105619074168544e-10,6.923320250429299e-11,4.3658066368740237e-10,0.03438237699899767,0.0009729620603297073,11304.0,7416,0.007267057895574897,B2,12,6,3,1.0001559980924404,1.0003120205202856,0.0009729624913858981,0.007201629985495894,1,2,6,0.02815370900459828,0.007201630054729097,11304.0,11061,208864008.0,90019366.59374999,M1,0.008831568147896807,0.007267057906472085,0.0009729620603297073,0.007201630054729097,196034618.53125006,18477
4,2,0.8,True,SAVED_COMPLEX_DIFFERENCES_NOT_SUM_OF_MAGNITUDES,e0d82aecd1a68db4259272a946f1a3de48c9c9777a1843e02ee9634c2e44f727,B2-rank6-q1-r2-K4,399354949.125,115571325.37499997,95885814.09375,0.8,11304.0,2.0001559837295204,9.992007221626409e-16,-1.1102230246251565e-16,1.0053497077208614e-15,0.03438237656794048,0.0009729624913868973,11304.0,7416,0.007267057895574897,B2,12,6,3,1.0001559985994362,1.0003120215344354,0.0009729624913858981,0.007201629985495894,1,2,6,0.028153709073831593,0.007201629985495783,11304.0,11061,208864008.0,90004354.03124997,M1,0.008831568147896807,0.007267057895574921,0.0009729624913868973,0.007201629985495783,196011522.28124994,18477
2,32,0.8,True,SAVED_COMPLEX_DIFFERENCES_NOT_SUM_OF_MAGNITUDES,454877b51803a98987c05a65abdd8515863fc5943e5ca695275e3231ad3e7983,B2-rank6-q1-r32-K2,425923335.25,124016390.0,103174201.49999999,0.8,12071.499999999998,32.00000974957169,-1.0469403122215226e-13,1.607047828144914e-14,1.0592025512497372e-13,0.03438237656804617,0.000972962491281204,12071.499999999998,7414,0.007267057895574897,B2,12,6,33,1.000009749620246,1.0000194993355471,0.0009729624913858981,0.007201629985495894,1,32,6,0.02815370907381541,0.007201629985511965,12071.499999999998,11058,222984747.99999997,96872940.49999999,M1,0.0005519730092435505,0.007267057895576806,0.000972962491281204,0.007201629985511965,210639102.25,18472
4,32,0.8,True,SAVED_COMPLEX_DIFFERENCES_NOT_SUM_OF_MAGNITUDES,0ce9cef4ee4a3a27bd5e6c4cfe088a470321f9ebaff976b9c561884e98f405a5,B2-rank6-q1-r32-K4,432546124.49999994,125083147.99999997,103574235.75000001,0.8,12263.90625,32.000009749572186,2.220446049250313e-16,1.1102230246251565e-16,2.482534153247273e-16,0.034382376567941256,0.0009729624913861201,12263.90625,7414,0.007267057895574897,B2,12,6,33,1.0000097496203668,1.0000194993357887,0.0009729624913858981,0.007201629985495894,1,32,6,0.02815370907383137,0.007201629985496005,12263.90625,11058,226538876.25,97592771.25,M1,0.0005519730092435505,0.007267057895575036,0.0009729624913861201,0.007201629985496005,212169391.99999994,18472
2,4,0.8,True,SAVED_COMPLEX_DIFFERENCES_NOT_SUM_OF_MAGNITUDES,03ca38676ff43beb4da9086de144188865ce7d46a022f6e8515eac3076a96948,B2-rank6-q1-r4-K2,401989621.5,116259191.25000003,96392136.1875,0.8,11383.21875,4.000077995159607,-5.3912652120402527e-11,8.466782830396369e-12,5.457344106937584e-11,0.03438237662185413,0.000972962437473246,11383.21875,7415,0.007267057895574897,B2,12,6,5,1.000077998729413,1.0001560035426278,0.0009729624913858981,0.007201629985495894,1,4,6,0.0281537090653647,0.007201629993962677,11383.21875,11059,210293583.1875,90517981.50000003,M1,0.004415784073948404,0.007267057896747263,0.000972962437473246,0.007201629993962677,197094487.5,18474
4,4,0.8,True,SAVED_COMPLEX_DIFFERENCES_NOT_SUM_OF_MAGNITUDES,f909dd9997848d27541389957c88b7adce7501cabe080b3d063ad205882832b9,B2-rank6-q1-r4-K4,402390276.37499994,116318077.12500003,96409455.56249997,0.8,11394.15625,4.000077995413079,-4.440892098500626e-16,1.942890293094024e-16,4.847302891456678e-16,0.03438237656794192,0.000972962491385454,11394.15625,7415,0.007267057895574897,B2,12,6,5,1.0000779987927857,1.000156003669383,0.0009729624913858981,0.007201629985495894,1,4,6,0.028153709073831287,0.007201629985496089,11394.15625,11059,210495642.5625,90556661.4375,M1,0.004415784073948404,0.00726705789557503,0.000972962491385454,0.007201629985496089,197170115.43750003,18474
2,8,0.8,True,SAVED_COMPLEX_DIFFERENCES_NOT_SUM_OF_MAGNITUDES,a43d281e2598db131cabc67c2aee50467a7fcd6edcca4518a58cdac4d131a627,B2-rank6-q1-r8-K2,405515255.03125006,117397069.5625,97383305.90624999,0.8,11484.4375,8.00003899811843,-6.740719094011638e-12,1.0468848010702914e-12,6.821529278034733e-12,0.0343823765746822,0.000972962484645179,11484.4375,7415,0.007267057895574897,B2,12,6,9,1.0000389989448781,1.0000779994106739,0.0009729624913858981,0.007201629985495894,1,8,6,0.028153709072784597,0.007201629986542779,11484.4375,11058,212152013.9375,91421722.43749999,M1,0.002207892036974202,0.007267057895709863,0.000972962484645179,0.007201629986542779,199022329.18750003,18473
4,8,0.8,True,SAVED_COMPLEX_DIFFERENCES_NOT_SUM_OF_MAGNITUDES,9dd3c6bce30ced31980a597b9120a6605cbe0472ecd67ddef5fb8b650ba3547d,B2-rank6-q1-r8-K4,405497359.31249994,117378596.5625,97360791.93749999,0.8,11484.34375,8.000038998150115,-1.1102230246251565e-16,8.326672684688674e-17,1.3877787807814457e-16,0.03438237656794159,0.000972962491385787,11484.34375,7415,0.007267057895574897,B2,12,6,9,1.0000389989527991,1.0000779994265165,0.0009729624913858981,0.007201629985495894,1,8,6,0.0281537090738314,0.0072016299854959775,11484.34375,11058,212150282.09375,91383044.59375003,M1,0.002207892036974202,0.007267057895574964,0.000972962491385787,0.0072016299854959775,198954210.00000003,18473
2,2,0.8,True,SAVED_COMPLEX_DIFFERENCES_NOT_SUM_OF_MAGNITUDES,1f181876c150c7bae32c4eace35ae31ab6dad4ba5d329a0171975eaca0cf4ce5,B2-rank6-q2-r1-K2,632105816.78125,183998299.125,153347714.25,0.4,22217.40625,2.0001559817018917,-4.256227592591699e-10,7.165312787549283e-11,4.316119830747648e-10,0.03508642414297232,0.0002689149163550564,22217.40625,7122,0.0017361276182524725,B2,24,10,3,1.0001559980924404,1.0003120205202856,0.00026891534197781564,0.0017151745233963678,2,1,6,0.03364016446427788,0.0017151745950494957,22217.40625,7747,330350613.53125,143554619.125,M1,0.008831568147896807,0.0017361276231145706,0.0002689149163550564,0.0017151745950494957,312691352.75,14869
4,2,0.8,True,SAVED_COMPLEX_DIFFERENCES_NOT_SUM_OF_MAGNITUDES,1ded7d34bc1818a5b6d5e3553bfe7f5f056f86539650bfe58cdc0ed0ad379ca9,B2-rank6-q2-r1-K4,631883711.09375,183987147.375,153346784.9375,0.4,22210.71875,2.0001559837295204,8.881784197001252e-16,-4.440892098500626e-16,9.930136612989092e-16,0.03508642371734867,0.0002689153419787038,22210.71875,7122,0.0017361276182524725,B2,24,10,3,1.0001559985994362,1.0003120215344354,0.00026891534197781564,0.0017151745233963678,2,1,6,0.03364016453593145,0.0017151745233959237,22210.71875,7747,330251177.09375,143550901.87499997,M1,0.008831568147896807,0.0017361276182521713,0.0002689153419787038,0.0017151745233959237,312688564.81250006,14869
2,32,0.8,True,SAVED_COMPLEX_DIFFERENCES_NOT_SUM_OF_MAGNITUDES,dc81fc6ca334b9050e88cb9492808ded22af54b28e152b3f0104203350f25dde,B2-rank6-q2-r16-K2,656643722.8125,191298614.0625,159324463.59375003,0.4,23107.281249999996,32.00000974957169,-1.0347278589506459e-13,1.607047828144914e-14,1.047133119191653e-13,0.03508642371745303,0.00026891534187434285,23107.281249999996,7120,0.0017361276182524725,B2,24,10,33,1.000009749620246,1.0000194993355471,0.00026891534197781564,0.0017151745233963678,2,16,6,0.03364016453591494,0.0017151745234124383,23107.281249999996,7745,343489735.78124994,149250174.375,M1,0.0005519730092435505,0.0017361276182523218,0.00026891534187434285,0.0017151745234124383,324807682.5,14865
4,32,0.8,True,SAVED_COMPLEX_DIFFERENCES_NOT_SUM_OF_MAGNITUDES,1735ee7fd8f28aede0340a5a3897d22eab93a1e35108d5ad1de28515f05f8837,B2-rank6-q2-r16-K4,656550816.5625001,191286536.25000003,159322605.46874997,0.4,23103.625000000004,32.000009749572186,6.661338147750939e-16,-6.661338147750939e-16,9.42055475210265e-16,0.035086423717348894,0.00026891534197848177,23103.625000000004,7120,0.0017361276182524725,B2,24,10,33,1.0000097496203668,1.0000194993357887,0.00026891534197781564,0.0017151745233963678,2,16,6,0.033640164535931674,0.0017151745233957016,23103.625000000004,7745,343435385.62500006,149259465.0,M1,0.0005519730092435505,0.0017361276182519176,0.00026891534197848177,0.0017151745233957016,324836018.9062499,14865
2,4,0.8,True,SAVED_COMPLEX_DIFFERENCES_NOT_SUM_OF_MAGNITUDES,1356043563d33720e953579d1d84d52976b8ff4f57adb3c38683dbc098907c74,B2-rank6-q2-r2-K2,634541214.5624999,184597034.6875,153698762.75,0.4,22309.75,4.000077995159607,-5.3233417673936856e-11,8.770650872236274e-12,5.395109891346488e-11,0.03508642377058298,0.00026891528874439796,22309.75,7121,0.0017361276182524725,B2,24,10,5,1.000077998729413,1.0001560035426278,0.00026891534197781564,0.0017151745233963678,2,2,6,0.03364016452716036,0.0017151745321670187,22309.75,7746,331679053.25,143879109.25,M1,0.004415784073948404,0.001736127618671748,0.00026891528874439796,0.0017151745321670187,313383351.375,14867
4,4,0.8,True,SAVED_COMPLEX_DIFFERENCES_NOT_SUM_OF_MAGNITUDES,d03676f212e5f3998a2d367c39ba1470928420db37c0c6a346c48c9788e85177,B2-rank6-q2-r2-K4,634251772.65625,184564513.12500006,153702479.50000003,0.4,22300.5,4.000077995413079,-4.440892098500626e-16,-3.0531133177191805e-16,5.389157964038493e-16,0.035086423717350004,0.00026891534197737155,22300.5,7121,0.0017361276182524725,B2,24,10,5,1.0000779987927857,1.000156003669383,0.00026891534197781564,0.0017151745233963678,2,2,6,0.03364016453593131,0.0017151745233960625,22300.5,7746,331541533.5,143864706.84375003,M1,0.004415784073948404,0.0017361276182521021,0.00026891534197737155,0.0017151745233960625,313354546.5625,14867
2,64,0.8,True,SAVED_COMPLEX_DIFFERENCES_NOT_SUM_OF_MAGNITUDES,d6554cc93e8dcbf5127d2e36079b2e60ff7f99c66333f1a35a60d29e2c3cb764,B2-rank6-q2-r32-K2,679618509.375,198648427.49999994,165699690.46875003,0.4,23927.9375,64.0000048747869,-1.8096635301390052e-14,3.0808688933348094e-15,1.835701398292856e-14,0.03508642371736766,0.000268915341959719,23927.9375,7120,0.0017361276182524725,B2,24,10,65,1.0000048747989048,1.0000097496215732,0.00026891534197781564,0.0017151745233963678,2,32,6,0.03364016453592793,0.0017151745233994486,23927.9375,7745,355688790.9375,155223581.71874997,M1,0.00027598650462177523,0.0017361276182527132,0.000268915341959719,0.0017151745233994486,337585543.59375,14865
4,64,0.8,True,SAVED_COMPLEX_DIFFERENCES_NOT_SUM_OF_MAGNITUDES,abaae2cba4ce9374ddf005b2f382a1060e424b4e1f82984496886ec436aa85f9,B2-rank6-q2-r32-K4,682781038.125,199181709.375,165963079.68749994,0.4,24042.718750000004,64.00000487478695,-5.551115123125783e-15,1.3877787807814457e-16,5.552849575635887e-15,0.03508642371735511,0.0002689153419722645,24042.718750000004,7120,0.0017361276182524725,B2,24,10,65,1.000004874798919,1.0000097496216016,0.00026891534197781564,0.0017151745233963678,2,32,6,0.03364016453593087,0.0017151745233965066,24042.718750000004,7745,357395014.21875006,155724810.9375,M1,0.00027598650462177523,0.0017361276182517498,0.0002689153419722645,0.0017151745233965066,338589395.625,14865
2,8,0.8,True,SAVED_COMPLEX_DIFFERENCES_NOT_SUM_OF_MAGNITUDES,f001e8b94db94701b9f67815f2a902acd52ac6c2c51f8a39b5f7cf24c4d2f6e3,B2-rank6-q2-r4-K2,637203680.8125,185465428.62499997,154435440.99999997,0.4,22409.3125,8.00003899811843,-6.656897255652439e-12,1.0845213616050842e-12,6.744662160263531e-12,0.03508642372400646,0.0002689153353209184,22409.3125,7120,0.0017361276182524725,B2,24,10,9,1.0000389989448781,1.0000779994106739,0.00026891534197781564,0.0017151745233963678,2,4,6,0.03364016453484649,0.0017151745244808891,22409.3125,7746,333136839.625,144530503.93749997,M1,0.002207892036974202,0.0017361276182927931,0.0002689153353209184,0.0017151745244808891,314761069.9375,14866
4,8,0.8,True,SAVED_COMPLEX_DIFFERENCES_NOT_SUM_OF_MAGNITUDES,caad486e79c9bac0e56b96b582f24e7ea86784b1d9dad3f46d5e21a3e0feb7be,B2-rank6-q2-r4-K4,638752996.75,185727441.8750001,154575738.875,0.4,22464.1875,8.000038998150115,-7.771561172376096e-16,-1.3877787807814457e-16,7.894497640785698e-16,0.03508642371735034,0.0002689153419770385,22464.1875,7120,0.0017361276182524725,B2,24,10,9,1.0000389989527991,1.0000779994265165,0.00026891534197781564,0.0017151745233963678,2,4,6,0.03364016453593115,0.001715174523396229,22464.1875,7746,333952611.375,144769753.625,M1,0.002207892036974202,0.0017361276182522151,0.0002689153419770385,0.001715174523396229,315271624.125,14866
2,16,0.8,True,SAVED_COMPLEX_DIFFERENCES_NOT_SUM_OF_MAGNITUDES,5c4171e81f2227f7d72310ef5885733a1466fac57dce14e213cdc21c8a8acc54,B2-rank6-q2-r8-K2,643791536.71875,187461585.93750003,156121520.625,0.4,22647.968749999993,16.000019499126545,-8.322231792590173e-13,1.3503087537003466e-13,8.431066109331514e-13,0.03508642371818178,0.00026891534114559246,22647.968749999993,7120,0.0017361276182524725,B2,24,10,17,1.0000194993249019,1.0000389990300274,0.00026891534197781564,0.0017151745233963678,2,8,6,0.03364016453579598,0.0017151745235313987,22647.968749999993,7745,336662055.4687499,146170796.71875,M1,0.001103946018487101,0.0017361276182569676,0.00026891534114559246,0.0017151745235313987,318228526.40624994,14865
4,16,0.8,True,SAVED_COMPLEX_DIFFERENCES_NOT_SUM_OF_MAGNITUDES,87975c107b1a6c1bb8ade028214092f3e785194bde41c4b8686fd37236928e3a,B2-rank6-q2-r8-K4,644425157.34375,187498748.43749997,156082500.00000003,0.4,22668.812499999993,16.000019499130506,-7.771561172376096e-16,3.608224830031759e-16,8.568339948907339e-16,0.03508642371735034,0.0002689153419770385,22668.812499999993,7120,0.0017361276182524725,B2,24,10,17,1.000019499325893,1.0000389990320098,0.00026891534197781564,0.0017151745233963678,2,8,6,0.03364016453593065,0.0017151745233967286,22668.812499999993,7745,336971897.8124999,146144318.4375,M1,0.001103946018487101,0.0017361276182527086,0.0002689153419770385,0.0017151745233967286,318214590.46875,14865
2,4,0.8,True,SAVED_COMPLEX_DIFFERENCES_NOT_SUM_OF_MAGNITUDES,b074f06c9de6b62333660538b40186ed6be7d5da51716ac97e0db51d2aa02fe3,B2-rank6-q4-r1-K2,1200433146.5,350552258.0,292791260.99999994,0.2,44095.90625,4.000077995159607,-5.3059112659070706e-11,8.846035015608322e-12,5.379146560250358e-11,0.03528668002214903,6.865903717834243e-05,44095.90625,7040,0.00042928623447433857,B2,48,18,5,1.000077998729413,1.0001560035426278,6.865909023745509e-05,0.00042376007414210437,4,1,6,0.034931578976339236,0.0004237600829881394,44095.90625,7184,627220170.5,273708875.99999994,M1,0.004415784073948404,0.0004292862347203458,6.865903717834243e-05,0.0004237600829881394,596237631.5000001,14224
4,4,0.8,True,SAVED_COMPLEX_DIFFERENCES_NOT_SUM_OF_MAGNITUDES,a53e7172c52b2f55000edf4e85973aea57195bdff363a785c2b6c8a0fb53e766,B2-rank6-q4-r1-K4,1200839863.9999998,350619821.99999994,292799262.0,0.2,44111.124999999985,4.000077995413079,1.1102230246251565e-16,5.551115123125783e-16,5.661048867003676e-16,0.03528667996908981,6.865909023756611e-05,44111.124999999985,7040,0.00042928623447433857,B2,48,18,5,1.0000779987927857,1.000156003669383,6.865909023745509e-05,0.00042376007414210437,4,1,6,0.034931578985184716,0.0004237600741426595,44111.124999999985,7184,627436641.9999998,273711987.50000006,M1,0.004415784073948404,0.0004292862344749043,6.865909023756611e-05,0.0004237600741426595,596230964.0,14224
2,64,0.8,True,SAVED_COMPLEX_DIFFERENCES_NOT_SUM_OF_MAGNITUDES,7d1a5e9859531c532ba4dc06e9e100fdb47fa35540ad1b0fad14966a094463d0,B2-rank6-q4-r16-K2,1248104942.5,364669857.49999994,304329022.5625,0.2,45892.90625000001,64.0000048747869,-1.865174681370263e-14,3.4139358007223564e-15,1.8961609025974564e-14,0.03528667996910857,6.865909021880334e-05,45892.90625000001,7039,0.00042928623447433857,B2,48,18,65,1.0000048747989048,1.0000097496215732,6.865909023745509e-05,0.00042376007414210437,4,16,6,0.03493157898518186,0.0004237600741455183,45892.90625000001,7183,652688912.6875001,284683551.7500001,M1,0.00027598650462177523,0.00042928623447472547,6.865909021880334e-05,0.0004237600741455183,619623651.5625001,14222
4,64,0.8,True,SAVED_COMPLEX_DIFFERENCES_NOT_SUM_OF_MAGNITUDES,6bda16d8c99d6d60249b9741acc5f6baf82ae5a9484562398293c88e6fe86176,B2-rank6-q4-r16-K4,1242165924.1875,363727650.0,303940584.1875,0.2,45675.71875000001,64.00000487478695,-7.216449660063518e-15,2.0539125955565396e-15,7.503046224462212e-15,0.03528667996909714,6.865909023023864e-05,45675.71875000001,7039,0.00042928623447433857,B2,48,18,65,1.000004874798919,1.0000097496216016,6.865909023745509e-05,0.00042376007414210437,4,16,6,0.03493157898518322,0.0004237600741441583,45675.71875000001,7183,649600072.0625001,283998229.125,M1,0.00027598650462177523,0.00042928623447521184,6.865909023023864e-05,0.0004237600741441583,618147674.6249999,14222
2,8,0.8,True,SAVED_COMPLEX_DIFFERENCES_NOT_SUM_OF_MAGNITUDES,1d58488d677e17777853175aa1c66c47f88cc47cd8d218fe21fde300ecd9d0cc,B2-rank6-q4-r2-K2,1206011283.4687502,351842351.4375001,293535607.40624994,0.2,44310.906249999985,8.00003899811843,-6.634803817462398e-12,1.0939027461631667e-12,6.724376916434483e-12,0.035286679975724725,6.865908360265127e-05,44310.906249999985,7040,0.00042928623447433857,B2,48,18,9,1.0000389989448781,1.0000779994106739,6.865909023745509e-05,0.00042376007414210437,4,2,6,0.03493157898409137,0.0004237600752360071,44310.906249999985,7183,630234019.5937498,274402116.65625006,M1,0.002207892036974202,0.0004292862344930038,6.865908360265127e-05,0.0004237600752360071,597706907.5312499,14223
4,8,0.8,True,SAVED_COMPLEX_DIFFERENCES_NOT_SUM_OF_MAGNITUDES,20b11fae9be7109e97b53be41cc58aad912a4f9ecd1ae30435905c63fc6e5d93,B2-rank6-q4-r2-K4,1205820606.375,351805016.0625,293507605.87500006,0.2,44304.90625,8.000038998150115,-1.1102230246251565e-16,4.718447854656915e-16,4.847302891456678e-16,0.03528667996909003,6.865909023734407e-05,44304.90625,7040,0.00042928623447433857,B2,48,18,9,1.0000389989527991,1.0000779994265165,6.865909023745509e-05,0.00042376007414210437,4,2,6,0.0349315789851848,0.0004237600741425762,44304.90625,7183,630148681.59375,274371448.31249994,M1,0.002207892036974202,0.00042928623447478656,6.865909023734407e-05,0.0004237600741425762,597643348.5,14223
2,128,0.8,True,SAVED_COMPLEX_DIFFERENCES_NOT_SUM_OF_MAGNITUDES,a03014aa67c345b474fa067e0caf5c4269989859da6a86507164b363086dcfca,B2-rank6-q4-r32-K2,1287841210.5,378147869.1249999,316347945.87499994,0.2,47386.75000000001,128.0000024373936,2.220446049250313e-16,7.771561172376096e-16,8.08254562088053e-16,0.0352866799690897,6.865909023767713e-05,47386.75000000001,7039,0.00042928623447433857,B2,48,18,129,1.0000024373965657,1.0000048747990722,6.865909023745509e-05,0.00042376007414210437,4,32,6,0.034931578985184494,0.0004237600741428815,47386.75000000001,7183,673934358.5000001,295823377.6875,M1,0.00013799325231088761,0.00042928623447514126,6.865909023767713e-05,0.0004237600741428815,643313059.1875001,14222
4,128,0.8,True,SAVED_COMPLEX_DIFFERENCES_NOT_SUM_OF_MAGNITUDES,2dfe69ffa6dcdb300b6803666fec70973e749380595b152f39ff0c8a19413789,B2-rank6-q4-r32-K4,1292505137.625,378815414.25000006,316554609.3125,0.2,47556.90624999999,128.0000024373936,2.220446049250313e-16,7.771561172376096e-16,8.08254562088053e-16,0.0352866799690897,6.865909023767713e-05,47556.90624999999,7039,0.00042928623447433857,B2,48,18,129,1.0000024373965657,1.0000048747990722,6.865909023745509e-05,0.00042376007414210437,4,32,6,0.034931578985184494,0.0004237600741428815,47556.90624999999,7183,676354320.6874999,296280259.43749994,M1,0.00013799325231088761,0.00042928623447514126,6.865909023767713e-05,0.0004237600741428815,644284599.5625,14222
2,16,0.8,True,SAVED_COMPLEX_DIFFERENCES_NOT_SUM_OF_MAGNITUDES,42361a3deedfb54efcacccec0946bdd0e888c4f8009b27d4df078a313288bf27,B2-rank6-q4-r4-K2,1213067712.1875,353814027.12500006,295076722.6875,0.2,44580.4375,16.000019499126545,-8.316680677467048e-13,1.3561374245796287e-13,8.426522782577593e-13,0.03528667996992159,6.865908940578702e-05,44580.4375,7039,0.00042928623447433857,B2,48,18,17,1.0000194993249019,1.0000389990300274,6.865909023745509e-05,0.00042376007414210437,4,4,6,0.03493157898504966,0.0004237600742777181,44580.4375,7183,634022982.125,275844134.3125,M1,0.001103946018487101,0.0004292862344751914,6.865908940578702e-05,0.0004237600742777181,600797723.4999999,14222
4,16,0.8,True,SAVED_COMPLEX_DIFFERENCES_NOT_SUM_OF_MAGNITUDES,adee9d7a84a1e663c11c0b21eee2a877b2356b908c74e750b9845ab5ebb2a9d2,B2-rank6-q4-r4-K4,1213449484.0,353893137.00000006,295094944.62500006,0.2,44596.874999999985,16.000019499130506,-1.3322676295501878e-15,1.3877787807814457e-15,1.923763753981895e-15,0.03528667996909125,6.865909023612282e-05,44596.874999999985,7039,0.00042928623447433857,B2,48,18,17,1.000019499325893,1.0000389990320098,6.865909023745509e-05,0.00042376007414210437,4,4,6,0.034931578985183884,0.00042376007414349215,44596.874999999985,7183,634256756.2499998,275887689.18750006,M1,0.001103946018487101,0.0004292862344754954,6.865909023612282e-05,0.00042376007414349215,600890166.5,14222
2,32,0.8,True,SAVED_COMPLEX_DIFFERENCES_NOT_SUM_OF_MAGNITUDES,a2c37c26fc5f4a21a4bb9674583bc56f73132c1d5dfb262463ec19e181df38bb,B2-rank6-q4-r8-K2,1224356869.1250005,357375749.25,298115341.875,0.2,45005.18749999999,32.00000974957169,-1.0402789740737717e-13,1.8790524691780774e-14,1.0571133930280238e-13,0.03528667996919395,6.865909013342719e-05,45005.18749999999,7039,0.00042928623447433857,B2,48,18,33,1.000009749620246,1.0000194993355471,6.865909023745509e-05,0.00042376007414210437,4,8,6,0.03493157898516648,0.0004237600741608949,45005.18749999999,7183,640063776.6249999,278692534.24999994,M1,0.0005519730092435505,0.0004292862344762492,6.865909013342719e-05,0.0004237600741608949,606869184.1874999,14222
4,32,0.8,True,SAVED_COMPLEX_DIFFERENCES_NOT_SUM_OF_MAGNITUDES,0fd820307c65baac590d8af8dae0ea1d47507380ab8c0a53c0cbb24caedf3020,B2-rank6-q4-r8-K4,1227477264.8125002,357815742.375,298253561.93749994,0.2,45121.40624999999,32.000009749572186,-4.440892098500626e-16,9.71445146547012e-16,1.0681389886409907e-15,0.035286679969090365,6.8659090237011e-05,45121.40624999999,7039,0.00042928623447433857,B2,48,18,33,1.0000097496203668,1.0000194993357887,6.865909023745509e-05,0.00042376007414210437,4,8,6,0.0349315789851843,0.0004237600741430758,45121.40624999999,7183,641716639.6874999,279028973.4375,M1,0.0005519730092435505,0.0004292862344752265,6.8659090237011e-05,0.0004237600741430758,607574506.5,14222
2,8,0.8,True,SAVED_COMPLEX_DIFFERENCES_NOT_SUM_OF_MAGNITUDES,10ba41c319067ed3b5c78b86e2b0f1cdea3ff6207fa8940511de2a6aa100f4bc,B2-rank6-q8-r1-K2,2367350384.8125005,692303643.75,578789066.6249999,0.1,87881.62500000001,8.00003899811843,-6.629252702339272e-12,1.0962897256661108e-12,6.7192888428816345e-12,0.03533808738537321,1.7251673954166158e-05,87881.62500000001,7019,0.00010702922241132995,B2,96,34,9,1.0000389989448781,1.0000779994106739,1.725168058341886e-05,0.00010562970210609146,8,1,6,0.035249709356124995,0.00010562970320238119,87881.62500000001,7054,1236758108.6250002,540653435.53125,M1,0.002207892036974202,0.00010702922242473779,1.7251673954166158e-05,0.00010562970320238119,1177780804.3124998,14073
4,8,0.8,True,SAVED_COMPLEX_DIFFERENCES_NOT_SUM_OF_MAGNITUDES,b086253a9c225d6d85c2e3664eb3a7782ff87fe41f088d8f313701181c81affd,B2-rank6-q8-r1-K4,2367941450.8125,692437337.2500001,578842719.9374999,0.1,87902.25,8.000038998150115,-1.2212453270876722e-15,-1.4432899320127035e-15,1.8906416838689214e-15,0.03533808737874518,1.7251680582197615e-05,87902.25,7019,0.00010702922241132995,B2,96,34,9,1.0000389989527991,1.0000779994265165,1.725168058341886e-05,0.00010562970210609146,8,1,6,0.03524970935722273,0.00010562970210464817,87902.25,7054,1237048364.25,540702251.2500001,M1,0.002207892036974202,0.00010702922240970869,1.7251680582197615e-05,0.00010562970210464817,1177915377.3749998,14073
2,128,0.8,True,SAVED_COMPLEX_DIFFERENCES_NOT_SUM_OF_MAGNITUDES,46485c79c46c15175af5a5a1e8d49826f60359668bd8282cfea164c4d3d74710,B2-rank6-q8-r16-K2,2462531800.96875,720302756.8125001,601584687.9375001,0.1,91496.43750000001,128.0000024373936,3.774758283725532e-15,-6.38378239159465e-16,3.828358248229503e-15,0.03533808737874018,1.725168058719362e-05,91496.43750000001,7019,0.00010702922241132995,B2,96,34,129,1.0000024373965657,1.0000048747990722,1.725168058341886e-05,0.00010562970210609146,8,16,6,0.03524970935722192,0.00010562970210545308,91496.43750000001,7054,1287629364.9375002,562415570.90625,M1,0.00013799325231088761,0.00010702922241130836,1.725168058719362e-05,0.00010562970210545308,1224146501.7187505,14073
4,128,0.8,True,SAVED_COMPLEX_DIFFERENCES_NOT_SUM_OF_MAGNITUDES,0548a5163294a93cee044683d08a1f82b524398dbf8cb65e87d6286fbce93a76,B2-rank6-q8-r16-K4,2458935269.9062505,719946534.0,601605357.6562499,0.1,91361.28125000001,128.0000024373936,3.774758283725532e-15,-6.38378239159465e-16,3.828358248229503e-15,0.03533808737874018,1.725168058719362e-05,91361.28125000001,7019,0.00010702922241132995,B2,96,34,129,1.0000024373965657,1.0000048747990722,1.725168058341886e-05,0.00010562970210609146,8,16,6,0.03524970935722192,0.00010562970210545308,91361.28125000001,7054,1285727311.0312502,562161817.1249998,M1,0.00013799325231088761,0.00010702922241130836,1.725168058719362e-05,0.00010562970210545308,1223597214.9375,14073
2,16,0.8,True,SAVED_COMPLEX_DIFFERENCES_NOT_SUM_OF_MAGNITUDES,6aceea2aa4c3afa8f6beeb6bfc151cc5ab465130549f38044715e9c4e053f7c8,B2-rank6-q8-r2-K2,2377689641.9999995,694747947.9375,580253098.40625,0.1,88278.09374999999,16.000019499126545,-8.29780688604842e-13,1.371680546924381e-13,8.410416555733928e-13,0.03533808737957374,1.725167975363817e-05,88278.09374999999,7019,0.00010702922241132995,B2,96,34,17,1.0000194993249019,1.0000389990300274,1.725168058341886e-05,0.00010562970210609146,8,2,6,0.035249709357084116,0.00010562970224325952,88278.09374999999,7054,1242337613.3437498,542007082.21875,M1,0.001103946018487101,0.00010702922241295483,1.725167975363817e-05,0.00010562970224325952,1180703590.5000002,14073
4,16,0.8,True,SAVED_COMPLEX_DIFFERENCES_NOT_SUM_OF_MAGNITUDES,a9fa20b579829f161d1dd0a7d608b836b116cb48747264c454654fcd80125091,B2-rank6-q8-r2-K4,2377641705.8437495,694773455.25,580289160.4687501,0.1,88277.65625000003,16.000019499130506,-9.992007221626409e-16,-5.273559366969494e-16,1.1298258127427696e-15,0.035338087378744956,1.725168058241966e-05,88277.65625000003,7019,0.00010702922241132995,B2,96,34,17,1.000019499325893,1.0000389990320098,1.725168058341886e-05,0.00010562970210609146,8,2,6,0.03524970935722181,0.0001056297021055641,88277.65625000003,7054,1242331456.4062505,542018956.3125,M1,0.001103946018487101,0.00010702922241064843,1.725168058241966e-05,0.0001056297021055641,1180719422.6249998,14073
2,32,0.8,True,SAVED_COMPLEX_DIFFERENCES_NOT_SUM_OF_MAGNITUDES,e33dc8c98c0ec5d814de213fad448beb39327b2fa0d9ab3cb11e1c97842d52ec,B2-rank6-q8-r4-K2,2391508888.2187495,698660241.9375001,583315735.03125,0.1,88805.0625,32.00000974957169,-1.0758061108617767e-13,1.6708856520608606e-14,1.0887044487785332e-13,0.03533808737885154,1.725168047583825e-05,88805.0625,7019,0.00010702922241132995,B2,96,34,33,1.000009749620246,1.0000194993355471,1.725168058341886e-05,0.00010562970210609146,8,4,6,0.035249709357204576,0.00010562970212280032,88805.0625,7054,1249753644.5625,544880612.9062499,M1,0.0005519730092435505,0.00010702922241047977,1.725168047583825e-05,0.00010562970212280032,1186806874.6875,14073
4,32,0.8,True,SAVED_COMPLEX_DIFFERENCES_NOT_SUM_OF_MAGNITUDES,521508d82e8b1711110e0efa3bb5d8888d5a4f06e52a8ce7c4a0f93b2c6889d8,B2-rank6-q8-r4-K4,2393046803.25,698911796.8124998,583426559.9062501,0.1,88865.0625,32.000009749572186,-1.2212453270876722e-15,-4.440892098500626e-16,1.2994827337208943e-15,0.03533808737874518,1.7251680582197615e-05,88865.0625,7019,0.00010702922241132995,B2,96,34,33,1.0000097496203668,1.0000194993357887,1.725168058341886e-05,0.00010562970210609146,8,4,6,0.03524970935722173,0.00010562970210564737,88865.0625,7054,1250598024.5625,545098304.6250001,M1,0.0005519730092435505,0.00010702922241069482,1.7251680582197615e-05,0.00010562970210564737,1187276561.0625,14073
2,64,0.8,True,SAVED_COMPLEX_DIFFERENCES_NOT_SUM_OF_MAGNITUDES,320658683d49757b27e02857d72c812104b84a10d2e28161114e0e3882eba643,B2-rank6-q8-r8-K2,2416385114.6249995,706023939.1875,589376800.21875,0.1,89750.46875000001,64.0000048747869,-2.042810365310288e-14,2.886579864025407e-15,2.063103880499749e-14,0.035338087378764385,1.7251680562990757e-05,89750.46875000001,7019,0.00010702922241132995,B2,96,34,65,1.0000048747989048,1.0000097496215732,1.725168058341886e-05,0.00010562970210609146,8,8,6,0.0352497093572184,0.00010562970210897804,89750.46875000001,7054,1263058346.7187502,550690563.0000002,M1,0.00027598650462177523,0.00010702922241088605,1.7251680562990757e-05,0.00010562970210897804,1199207826.3749998,14073
4,64,0.8,True,SAVED_COMPLEX_DIFFERENCES_NOT_SUM_OF_MAGNITUDES,eaa1c049e9af23fd93bda470d29e0e1bba5c574a55c59aa17dd8e85ef2f3cf55,B2-rank6-q8-r8-K4,2413022107.4062495,705507635.9999998,589179778.21875,0.1,89621.68750000001,64.00000487478695,-5.218048215738236e-15,5.551115123125783e-17,5.2183434794654904e-15,0.035338087378749175,1.7251680578200812e-05,89621.68750000001,7019,0.00010702922241132995,B2,96,34,65,1.000004874798919,1.0000097496216016,1.725168058341886e-05,0.00010562970210609146,8,8,6,0.03524970935722123,0.00010562970210614697,89621.68750000001,7054,1261246008.1875002,550318068.28125,M1,0.00027598650462177523,0.00010702922241054366,1.7251680578200812e-05,0.00010562970210614697,1198401267.5625,14073
2,16,0.8,True,SAVED_COMPLEX_DIFFERENCES_NOT_SUM_OF_MAGNITUDES,b2bcf4a11a0c4a580bc5d23ee09257b041105e712d4489fbcc2a7c9dcbb2df12,B2-rank9-q1-r16-K2,582160319.71875,173110212.0,146315140.40625003,0.8,16508.40625,16.0,1.3322676295501878e-15,-2.498001805406602e-16,1.3554841079649082e-15,0.03438237657991068,0.0009729624794166947,16508.40625,7414,0.007267057820755458,B2,18,6,16,1.0,1.0,0.0009729624794153624,0.007201629911613966,1,16,9,0.02815370914771366,0.007201629911613716,16508.40625,11057,304926771.84375,136231128.84375,M1,7.80284920433646e-09,0.007267057820755389,0.0009729624794166947,0.007201629911613716,296282921.0625,18471
4,16,0.8,True,SAVED_COMPLEX_DIFFERENCES_NOT_SUM_OF_MAGNITUDES,0360617a53633f2510d1d4e0616b64460c8017ace85a4cf7df6a321d1ce37992,B2-rank9-q1-r16-K4,582163205.8124999,173110212.0,146305327.6875,0.8,16508.53125,16.0,1.3322676295501878e-15,-2.498001805406602e-16,1.3554841079649082e-15,0.03438237657991068,0.0009729624794166947,16508.53125,7414,0.007267057820755458,B2,18,6,16,1.0,1.0,0.0009729624794153624,0.007201629911613966,1,16,9,0.02815370914771366,0.007201629911613716,16508.53125,11057,304929080.71875,136239209.90624997,M1,7.80284920433646e-09,0.007267057820755389,0.0009729624794166947,0.007201629911613716,296274840.0,18471
2,2,0.8,True,SAVED_COMPLEX_DIFFERENCES_NOT_SUM_OF_MAGNITUDES,d126eb1b40503ed38a63098cbc47c230436e0a86cd1e56cba4a72957ca3c5c6e,B2-rank9-q1-r2-K2,572138647.78125,169365216.74999997,142827007.5,0.8,16219.968750000004,2.0000000000000075,0.0,1.3877787807814457e-16,1.3877787807814457e-16,0.03438237657991201,0.0009729624794153624,16219.968750000002,7414,0.007267057820755458,B2,18,6,3,1.000000000000008,1.000000000000016,0.0009729624794153624,0.007201629911613966,1,2,9,0.02815370914771327,0.007201629911614105,16219.968750000002,11057,299599042.78125006,133095676.59375,M1,6.242279363469168e-08,0.007267057820755596,0.0009729624794153624,0.007201629911614105,289682424.65625,18471
4,2,0.8,True,SAVED_COMPLEX_DIFFERENCES_NOT_SUM_OF_MAGNITUDES,db758e4ddf1bb9298002d1cd6745073f43da1a33aa0afcb5c00ff988891adbd8,B2-rank9-q1-r2-K4,572119599.5625,169360598.99999994,142825853.0625,0.8,16219.625,2.0000000000000075,0.0,1.3877787807814457e-16,1.3877787807814457e-16,0.03438237657991201,0.0009729624794153624,16219.625,7414,0.007267057820755458,B2,18,6,3,1.000000000000008,1.000000000000016,0.0009729624794153624,0.007201629911613966,1,2,9,0.02815370914771327,0.007201629911614105,16219.625,11057,299592693.375,133089327.18750003,M1,6.242279363469168e-08,0.007267057820755596,0.0009729624794153624,0.007201629911614105,289672611.93750006,18471
2,32,0.8,True,SAVED_COMPLEX_DIFFERENCES_NOT_SUM_OF_MAGNITUDES,7d51e7e28f78cc5cac73051384d7627067962afc0e04733d1f9560fb76259e42,B2-rank9-q1-r32-K2,592556606.6249999,177247716.0,150315843.56250003,0.8,16807.78125,32.0,1.3322676295501878e-15,-2.498001805406602e-16,1.3554841079649082e-15,0.03438237657991068,0.0009729624794166947,16807.78125,7414,0.007267057820755458,B2,18,6,32,1.0,1.0,0.0009729624794153624,0.007201629911613966,1,32,9,0.02815370914771366,0.007201629911613716,16807.78125,11057,310456527.46875,139853753.71875,M1,3.90142460216823e-09,0.007267057820755389,0.0009729624794166947,0.007201629911613716,303879697.0312499,18471
4,32,0.8,True,SAVED_COMPLEX_DIFFERENCES_NOT_SUM_OF_MAGNITUDES,3f58c9f59b129ad5041d557b112d25b17b5a751520c86027abdec294a05794c2,B2-rank9-q1-r32-K4,592537558.4062501,177247716.0,150305453.625,0.8,16806.999999999996,32.0,1.3322676295501878e-15,-2.498001805406602e-16,1.3554841079649082e-15,0.03438237657991068,0.0009729624794166947,16806.999999999996,7414,0.007267057820755458,B2,18,6,32,1.0,1.0,0.0009729624794153624,0.007201629911613966,1,32,9,0.02815370914771366,0.007201629911613716,16806.999999999996,11057,310442096.99999994,139819120.59375,M1,3.90142460216823e-09,0.007267057820755389,0.0009729624794166947,0.007201629911613716,303809276.34374994,18471
2,4,0.8,True,SAVED_COMPLEX_DIFFERENCES_NOT_SUM_OF_MAGNITUDES,12eb2560e8c9c80d29f0d21a80113e79c5ce3638403617b5084a605a5b20e71a,B2-rank9-q1-r4-K2,574355744.9999999,170007084.0,143333228.34374997,0.8,16283.781250000004,4.000000000000004,1.3322676295501878e-15,-2.498001805406602e-16,1.3554841079649082e-15,0.03438237657991068,0.0009729624794166947,16283.781250000002,7414,0.007267057820755458,B2,18,6,5,1.0000000000000036,1.000000000000007,0.0009729624794153624,0.007201629911613966,1,4,9,0.02815370914771366,0.007201629911613716,16283.781250000002,11057,300777723.46875006,133546484.43749997,M1,3.121139681734584e-08,0.007267057820755389,0.0009729624794166947,0.007201629911613716,290646957.18749994,18471
4,4,0.8,True,SAVED_COMPLEX_DIFFERENCES_NOT_SUM_OF_MAGNITUDES,6f616ccf400452573d1fe754f747cd1e9d940214c2abe1d14e1c521d94f1ff37,B2-rank9-q1-r4-K4,574311299.1562499,169997848.5,143330919.46874997,0.8,16282.375,4.000000000000004,1.3322676295501878e-15,-2.498001805406602e-16,1.3554841079649082e-15,0.03438237657991068,0.0009729624794166947,16282.375,7414,0.007267057820755458,B2,18,6,5,1.0000000000000036,1.000000000000007,0.0009729624794153624,0.007201629911613966,1,4,9,0.02815370914771366,0.007201629911613716,16282.375,11057,300751748.625,133540712.25,M1,3.121139681734584e-08,0.007267057820755389,0.0009729624794166947,0.007201629911613716,290632526.71875006,18471
2,8,0.8,True,SAVED_COMPLEX_DIFFERENCES_NOT_SUM_OF_MAGNITUDES,5c2bd2a43249bab045b8148a97116e7bec121b49e5156aeec97abb0d594aa34f,B2-rank9-q1-r8-K2,576965350.96875,171041460.0,144327199.03125,0.8,16358.656249999996,8.000000000000002,1.3322676295501878e-15,-2.498001805406602e-16,1.3554841079649082e-15,0.03438237657991068,0.0009729624794166947,16358.656249999998,7414,0.007267057820755458,B2,18,6,8,1.0000000000000036,1.000000000000007,0.0009729624794153624,0.007201629911613966,1,8,9,0.02815370914771366,0.007201629911613716,16358.656249999998,11057,302160739.59374994,134433092.4375,M1,1.560569840867292e-08,0.007267057820755389,0.0009729624794166947,0.007201629911613716,292510796.53124994,18471
4,8,0.8,True,SAVED_COMPLEX_DIFFERENCES_NOT_SUM_OF_MAGNITUDES,88fa19f21f5fd6540f76bf36e08b2194e3b23777c908061aacac3a294f975d45,B2-rank9-q1-r8-K4,576988439.71875,171041460.0,144313923.00000003,0.8,16359.343750000004,8.000000000000002,1.3322676295501878e-15,-2.498001805406602e-16,1.3554841079649082e-15,0.03438237657991068,0.0009729624794166947,16359.343750000002,7414,0.007267057820755458,B2,18,6,8,1.0000000000000036,1.000000000000007,0.0009729624794153624,0.007201629911613966,1,8,9,0.02815370914771366,0.007201629911613716,16359.343750000002,11057,302173438.40625006,134449254.56249997,M1,1.560569840867292e-08,0.007267057820755389,0.0009729624794166947,0.007201629911613716,292517145.93749994,18471
2,2,0.8,True,SAVED_COMPLEX_DIFFERENCES_NOT_SUM_OF_MAGNITUDES,8b17853946975ed52cf4c981cb3cc29a981436ecf3ba1f2a393e848552338580,B2-rank9-q2-r1-K2,910740922.96875,270669352.5000001,228893128.125,0.4,32070.156250000004,2.0000000000000075,0.0,0.0,0.0,0.03508642372039368,0.0002689153389336951,32070.156250000004,7120,0.0017361275992096722,B2,36,10,3,1.000000000000008,1.000000000000016,0.0002689153389336951,0.0017151745045982103,2,1,9,0.033640164554729166,0.0017151745045982103,32070.156250000004,7745,476722872.65625006,212894671.87500006,M1,6.242279363469168e-08,0.0017361275992096722,0.0002689153389336951,0.0017151745045982103,463459111.8749999,14865
4,2,0.8,True,SAVED_COMPLEX_DIFFERENCES_NOT_SUM_OF_MAGNITUDES,87c8a6538609b7bf78b083bad67b5f6e4572ed001e5395f8deeb2a68a082c818,B2-rank9-q2-r1-K4,910835222.8125,270678643.12499994,228895915.3125,0.4,32073.687500000004,2.0000000000000075,0.0,0.0,0.0,0.03508642372039368,0.0002689153389336951,32073.687500000004,7120,0.0017361275992096722,B2,36,10,3,1.000000000000008,1.000000000000016,0.0002689153389336951,0.0017151745045982103,2,1,9,0.033640164554729166,0.0017151745045982103,32073.687500000004,7745,476775364.68750006,212893742.8125,M1,6.242279363469168e-08,0.0017361275992096722,0.0002689153389336951,0.0017151745045982103,463469331.5625,14865
2,32,0.8,True,SAVED_COMPLEX_DIFFERENCES_NOT_SUM_OF_MAGNITUDES,76120a039be5c0ef133f62c4c00ae3bcacb45f35c6962803e8ead5593b48ddfe,B2-rank9-q2-r16-K2,928549192.96875,277202520.0,234926924.53125,0.4,32706.281249999996,32.0,-1.1102230246251565e-16,-8.604228440844963e-16,8.675560052622147e-16,0.03508642372039379,0.0002689153389335841,32706.281249999996,7120,0.0017361275992096722,B2,36,10,32,1.0,1.0,0.0002689153389336951,0.0017151745045982103,2,16,9,0.033640164554730026,0.0017151745045973499,32706.281249999996,7745,486178870.78124994,218323184.06250003,M1,3.90142460216823e-09,0.001736127599208805,0.0002689153389335841,0.0017151745045973499,474869392.96875,14865
4,32,0.8,True,SAVED_COMPLEX_DIFFERENCES_NOT_SUM_OF_MAGNITUDES,bf0f920bd28e547b297c0eeaa17d894676a04238308dcdb278de3433cc52f8ef,B2-rank9-q2-r16-K4,928565916.09375,277202520.0,234909736.875,0.4,32706.687500000004,32.0,-1.1102230246251565e-16,-8.604228440844963e-16,8.675560052622147e-16,0.03508642372039379,0.0002689153389335841,32706.687500000004,7120,0.0017361275992096722,B2,36,10,32,1.0,1.0,0.0002689153389336951,0.0017151745045982103,2,16,9,0.033640164554730026,0.0017151745045973499,32706.687500000004,7745,486184909.68750006,218314357.96874997,M1,3.90142460216823e-09,0.001736127599208805,0.0002689153389335841,0.0017151745045973499,474835946.71875006,14865
2,4,0.8,True,SAVED_COMPLEX_DIFFERENCES_NOT_SUM_OF_MAGNITUDES,c6b6e1622d990b66bd9ffa36353ad422a7eaa149186484001b5ff0d258b88bcc,B2-rank9-q2-r2-K2,912809016.0937501,271224931.87500006,229296341.25,0.4,32143.718750000004,4.000000000000004,-1.1102230246251565e-16,-8.604228440844963e-16,8.675560052622147e-16,0.03508642372039379,0.0002689153389335841,32143.718750000004,7120,0.0017361275992096722,B2,36,10,5,1.0000000000000036,1.000000000000007,0.0002689153389336951,0.0017151745045982103,2,2,9,0.033640164554730026,0.0017151745045973499,32143.718750000004,7745,477816379.21875006,213262116.09375003,M1,3.121139681734584e-08,0.001736127599208805,0.0002689153389335841,0.0017151745045973499,464224194.84374994,14865
4,4,0.8,True,SAVED_COMPLEX_DIFFERENCES_NOT_SUM_OF_MAGNITUDES,d209869a9ef2a48337c70f37f75b012576caa433500c41d048b315d67b0ae241,B2-rank9-q2-r2-K4,912745375.3124999,271217499.37500006,229284263.4375,0.4,32141.21875,4.000000000000004,-1.1102230246251565e-16,-8.604228440844963e-16,8.675560052622147e-16,0.03508642372039379,0.0002689153389335841,32141.21875,7120,0.0017361275992096722,B2,36,10,5,1.0000000000000036,1.000000000000007,0.0002689153389336951,0.0017151745045982103,2,2,9,0.033640164554730026,0.0017151745045973499,32141.21875,7745,477779216.71875,213246786.56250006,M1,3.121139681734584e-08,0.001736127599208805,0.0002689153389335841,0.0017151745045973499,464182851.56250006,14865
2,64,0.8,True,SAVED_COMPLEX_DIFFERENCES_NOT_SUM_OF_MAGNITUDES,7ab2b562151371e73e5083036b36b8cfa984caaf92464eecc3d6249c14a35e7b,B2-rank9-q2-r32-K2,945182198.9062499,283850891.24999994,241340242.96875,0.4,33300.75,64.0,-1.1102230246251565e-16,-8.604228440844963e-16,8.675560052622147e-16,0.03508642372039379,0.0002689153389335841,33300.75,7120,0.0017361275992096722,B2,36,10,64,1.0,1.0,0.0002689153389336951,0.0017151745045982103,2,32,9,0.033640164554730026,0.0017151745045973499,33300.75,7745,495015648.75,224078726.25000003,M1,1.950712301084115e-09,0.001736127599208805,0.0002689153389335841,0.0017151745045973499,486998303.90625,14865
4,64,0.8,True,SAVED_COMPLEX_DIFFERENCES_NOT_SUM_OF_MAGNITUDES,5dcbd33f279fa88617301114d22fa0d8fd626cc85645a902a634e8ae5afcbe36,B2-rank9-q2-r32-K4,945224006.71875,283856465.625,241318874.53124997,0.4,33302.40625,64.0,-1.1102230246251565e-16,-8.604228440844963e-16,8.675560052622147e-16,0.03508642372039379,0.0002689153389335841,33302.40625,7120,0.0017361275992096722,B2,36,10,64,1.0,1.0,0.0002689153389336951,0.0017151745045982103,2,32,9,0.033640164554730026,0.0017151745045973499,33302.40625,7745,495040268.90625,224099165.625,M1,1.950712301084115e-09,0.001736127599208805,0.0002689153389335841,0.0017151745045973499,486973683.74999994,14865
2,8,0.8,True,SAVED_COMPLEX_DIFFERENCES_NOT_SUM_OF_MAGNITUDES,91eada46941a69e34c2c216123e73683d25a6af4d03d6759f21787869f34906a,B2-rank9-q2-r4-K2,915847979.5312501,272185582.4999999,230094870.46875,0.4,32251.968750000004,8.000000000000002,-1.1102230246251565e-16,-8.604228440844963e-16,8.675560052622147e-16,0.03508642372039379,0.0002689153389335841,32251.968750000004,7120,0.0017361275992096722,B2,36,10,8,1.0000000000000036,1.000000000000007,0.0002689153389336951,0.0017151745045982103,2,4,9,0.033640164554730026,0.0017151745045973499,32251.968750000004,7745,479425515.46875006,213975636.09375,M1,1.560569840867292e-08,0.001736127599208805,0.0002689153389335841,0.0017151745045973499,465729740.62499994,14865
4,8,0.8,True,SAVED_COMPLEX_DIFFERENCES_NOT_SUM_OF_MAGNITUDES,e65cdad1c7bc4b357f5e775b4d41fad00b6a30a35596ca5bd6cc3bc145cd25e6,B2-rank9-q2-r4-K4,915862380.0,272185582.49999994,230089760.625,0.4,32252.437499999996,8.000000000000002,-1.1102230246251565e-16,-8.604228440844963e-16,8.675560052622147e-16,0.03508642372039379,0.0002689153389335841,32252.437499999996,7120,0.0017361275992096722,B2,36,10,8,1.0000000000000036,1.000000000000007,0.0002689153389336951,0.0017151745045982103,2,4,9,0.033640164554730026,0.0017151745045973499,32252.437499999996,7745,479432483.43749994,213968203.59374997,M1,1.560569840867292e-08,0.001736127599208805,0.0002689153389335841,0.0017151745045973499,465708372.1875,14865
2,16,0.8,True,SAVED_COMPLEX_DIFFERENCES_NOT_SUM_OF_MAGNITUDES,9a6fcf15d704dbb8e5254b4a087963f23e5d63154ed11e66a8f7b811f7647ee8,B2-rank9-q2-r8-K2,920238264.3749999,273872760.0,231717478.12500003,0.4,32409.406249999996,16.0,-1.1102230246251565e-16,-8.604228440844963e-16,8.675560052622147e-16,0.03508642372039379,0.0002689153389335841,32409.406249999996,7120,0.0017361275992096722,B2,36,10,16,1.0,1.0,0.0002689153389336951,0.0017151745045982103,2,8,9,0.033640164554730026,0.0017151745045973499,32409.406249999996,7745,481765823.90624994,215438909.53124997,M1,7.80284920433646e-09,0.001736127599208805,0.0002689153389335841,0.0017151745045973499,468820267.03125,14865
4,16,0.8,True,SAVED_COMPLEX_DIFFERENCES_NOT_SUM_OF_MAGNITUDES,8d5804c62f37fff23f5d770aaf526f2257aaaec290bb60005c61700a35349789,B2-rank9-q2-r8-K4,920156506.8749999,273865327.5,231690535.31250003,0.4,32406.09375,16.0,-1.1102230246251565e-16,-8.604228440844963e-16,8.675560052622147e-16,0.03508642372039379,0.0002689153389335841,32406.09375,7120,0.0017361275992096722,B2,36,10,16,1.0,1.0,0.0002689153389336951,0.0017151745045982103,2,8,9,0.033640164554730026,0.0017151745045973499,32406.09375,7745,481716583.59375,215415682.96874997,M1,7.80284920433646e-09,0.001736127599208805,0.0002689153389335841,0.0017151745045973499,468735257.81250006,14865
2,4,0.8,True,SAVED_COMPLEX_DIFFERENCES_NOT_SUM_OF_MAGNITUDES,3276bc2d6835f558e94f5062a78717aa12bb7c658550fe367a0cbf1ecf8f1ae2,B2-rank9-q4-r1-K2,1733855574.7499995,516447041.5,437406498.7500002,0.2,63802.99999999999,4.000000000000004,0.0,0.0,0.0,0.035286679969855864,6.865908947151222e-05,63802.99999999999,7039,0.0004292862297023745,B2,72,18,5,1.0000000000000036,1.000000000000007,6.865908947151222e-05,0.00042376006943201094,4,1,9,0.034931578989895365,0.00042376006943201094,63802.99999999999,7183,907406265.9999999,406436316.00000006,M1,3.121139681734584e-08,0.0004292862297023745,6.865908947151222e-05,0.00042376006943201094,884819952.25,14222
4,4,0.8,True,SAVED_COMPLEX_DIFFERENCES_NOT_SUM_OF_MAGNITUDES,7e9dba91042dcc748c473162c58cb42da4ae30d1b10a5fe9740185eebcdd77bc,B2-rank9-q4-r1-K4,1733893796.3749998,516438152.75,437413609.74999994,0.2,63805.06250000001,4.000000000000004,0.0,0.0,0.0,0.035286679969855864,6.865908947151222e-05,63805.06250000001,7039,0.0004292862297023745,B2,72,18,5,1.0000000000000036,1.000000000000007,6.865908947151222e-05,0.00042376006943201094,4,1,9,0.034931578989895365,0.00042376006943201094,63805.06250000001,7183,907435598.8750001,406438093.74999994,M1,3.121139681734584e-08,0.0004292862297023745,6.865908947151222e-05,0.00042376006943201094,884844840.7500001,14222
2,64,0.8,True,SAVED_COMPLEX_DIFFERENCES_NOT_SUM_OF_MAGNITUDES,4f548d39532e640d0dc5bb2385e0f30191e18a957429b3be087fb6e6f584a941,B2-rank9-q4-r16-K2,1768703030.25,529058400.0,448949873.93749994,0.2,65103.56249999999,64.0,0.0,0.0,0.0,0.035286679969855864,6.865908947151222e-05,65103.56249999999,7039,0.0004292862297023745,B2,72,18,64,1.0,1.0,6.865908947151222e-05,0.00042376006943201094,4,16,9,0.034931578989895365,0.00042376006943201094,65103.56249999999,7183,925902865.8749999,416818820.43749994,M1,1.950712301084115e-09,0.0004292862297023745,6.865908947151222e-05,0.00042376006943201094,906674721.875,14222
4,64,0.8,True,SAVED_COMPLEX_DIFFERENCES_NOT_SUM_OF_MAGNITUDES,8f671e3db6ee05e1becf6b2ce0315908fa37d553fe3d98e9497f7e0f65d368f6,B2-rank9-q4-r16-K4,1768719918.875,529058400.0,448941429.62500006,0.2,65104.71874999999,64.0,0.0,0.0,0.0,0.035286679969855864,6.865908947151222e-05,65104.71874999999,7039,0.0004292862297023745,B2,72,18,64,1.0,1.0,6.865908947151222e-05,0.00042376006943201094,4,16,9,0.034931578989895365,0.00042376006943201094,65104.71874999999,7183,925919310.0624999,416840597.87500006,M1,1.950712301084115e-09,0.0004292862297023745,6.865908947151222e-05,0.00042376006943201094,906702721.4374999,14222
2,8,0.8,True,SAVED_COMPLEX_DIFFERENCES_NOT_SUM_OF_MAGNITUDES,dafe1fc3d9cabbcf37c5209ff808b1d18d7caff908bb6fd42cd24d29e03f55b4,B2-rank9-q4-r2-K2,1738557279.0625,517618578.75,438175375.62500006,0.2,63977.59375,8.000000000000002,0.0,0.0,0.0,0.035286679969855864,6.865908947151222e-05,63977.59375,7039,0.0004292862297023745,B2,72,18,8,1.0000000000000036,1.000000000000007,6.865908947151222e-05,0.00042376006943201094,4,2,9,0.034931578989895365,0.00042376006943201094,63977.59375,7183,909889338.3125,407128305.18750006,M1,1.560569840867292e-08,0.0004292862297023745,6.865908947151222e-05,0.00042376006943201094,886280818.3125,14222
4,8,0.8,True,SAVED_COMPLEX_DIFFERENCES_NOT_SUM_OF_MAGNITUDES,0dd5e9256d7a6fd9db7bc2486c672e3ca5f32e0b0e6d4d421d0644d05d18321f,B2-rank9-q4-r2-K4,1738474169.2500005,517604356.7500001,438182931.06249994,0.2,63974.78125000001,8.000000000000002,0.0,0.0,0.0,0.035286679969855864,6.865908947151222e-05,63974.78125000001,7039,0.0004292862297023745,B2,72,18,8,1.0000000000000036,1.000000000000007,6.865908947151222e-05,0.00042376006943201094,4,2,9,0.034931578989895365,0.00042376006943201094,63974.78125000001,7183,909849338.9375001,407129194.0625,M1,1.560569840867292e-08,0.0004292862297023745,6.865908947151222e-05,0.00042376006943201094,886299040.25,14222
2,128,0.8,True,SAVED_COMPLEX_DIFFERENCES_NOT_SUM_OF_MAGNITUDES,f8becb5621f43ad78652b06f507a0c56a7c8ebaa9b6c8cd700211e9fef7204e1,B2-rank9-q4-r32-K2,1800671419.625,541801312.0,461229237.625,0.2,66298.93750000001,128.0,0.0,0.0,0.0,0.035286679969855864,6.865908947151222e-05,66298.93750000001,7039,0.0004292862297023745,B2,72,18,128,1.0,1.0,6.865908947151222e-05,0.00042376006943201094,4,32,9,0.034931578989895365,0.00042376006943201094,66298.93750000001,7183,942903489.1250002,427939980.0,M1,9.753561505420575e-10,0.0004292862297023745,6.865908947151222e-05,0.00042376006943201094,929977468.875,14222
4,128,0.8,True,SAVED_COMPLEX_DIFFERENCES_NOT_SUM_OF_MAGNITUDES,6100bc0d97e038cf36a1745b212130fff012367b9ef409a587dc5d8a4ce94593,B2-rank9-q4-r32-K4,1800673641.8124998,541801312.0,461227459.87500006,0.2,66299.12500000001,128.0,0.0,0.0,0.0,0.035286679969855864,6.865908947151222e-05,66299.12500000001,7039,0.0004292862297023745,B2,72,18,128,1.0,1.0,6.865908947151222e-05,0.00042376006943201094,4,32,9,0.034931578989895365,0.00042376006943201094,66299.12500000001,7183,942906155.7500002,427884869.75,M1,9.753561505420575e-10,0.0004292862297023745,6.865908947151222e-05,0.00042376006943201094,929898359.0000001,14222
2,16,0.8,True,SAVED_COMPLEX_DIFFERENCES_NOT_SUM_OF_MAGNITUDES,d4521b96b99f11a9fe8f4634aab9a868a1d711a3b51650039fc62eda27f0366c,B2-rank9-q4-r4-K2,1744384743.5625,519458549.99999976,439716684.875,0.2,64194.15625,16.0,0.0,0.0,0.0,0.035286679969855864,6.865908947151222e-05,64194.15625,7039,0.0004292862297023745,B2,72,18,16,1.0,1.0,6.865908947151222e-05,0.00042376006943201094,4,4,9,0.034931578989895365,0.00042376006943201094,64194.15625,7183,912969290.1875,408524727.81249994,M1,7.80284920433646e-09,0.0004292862297023745,6.865908947151222e-05,0.00042376006943201094,889222105.6875,14222
4,16,0.8,True,SAVED_COMPLEX_DIFFERENCES_NOT_SUM_OF_MAGNITUDES,34e6daf1cb314e655e990b32fb3212f6757d0b360aca598559f347e88dfeb98e,B2-rank9-q4-r4-K4,1744198079.8125005,519437217.0,439707351.6875,0.2,64187.28125,16.0,0.0,0.0,0.0,0.035286679969855864,6.865908947151222e-05,64187.28125,7039,0.0004292862297023745,B2,72,18,16,1.0,1.0,6.865908947151222e-05,0.00042376006943201094,4,4,9,0.034931578989895365,0.00042376006943201094,64187.28125,7183,912871513.9375,408511839.125,M1,7.80284920433646e-09,0.0004292862297023745,6.865908947151222e-05,0.00042376006943201094,889174995.3125,14222
2,32,0.8,True,SAVED_COMPLEX_DIFFERENCES_NOT_SUM_OF_MAGNITUDES,daf8f64a01a6bef1467d66403425195bb0f6350166e6030c29d2bb9bfdbd3795,B2-rank9-q4-r8-K2,1752706835.7500002,522686944.0,442789525.75,0.2,64505.53124999999,32.0,0.0,0.0,0.0,0.035286679969855864,6.865908947151222e-05,64505.53124999999,7039,0.0004292862297023745,B2,72,18,32,1.0,1.0,6.865908947151222e-05,0.00042376006943201094,4,8,9,0.034931578989895365,0.00042376006943201094,64505.53124999999,7183,917397665.4374999,411274907.0625,M1,3.90142460216823e-09,0.0004292862297023745,6.865908947151222e-05,0.00042376006943201094,895005570.875,14222
4,32,0.8,True,SAVED_COMPLEX_DIFFERENCES_NOT_SUM_OF_MAGNITUDES,cdca33ea00530ae5e2944d7720f317af54634eb24cbcbf595b80bd90a10e55a4,B2-rank9-q4-r8-K4,1752576171.125,522672722.0,442782859.1875,0.2,64500.593749999985,32.0,0.0,0.0,0.0,0.035286679969855864,6.865908947151222e-05,64500.593749999985,7039,0.0004292862297023745,B2,72,18,32,1.0,1.0,6.865908947151222e-05,0.00042376006943201094,4,8,9,0.034931578989895365,0.00042376006943201094,64500.593749999985,7183,917327444.3124998,411284240.25,M1,3.90142460216823e-09,0.0004292862297023745,6.865908947151222e-05,0.00042376006943201094,894994459.9375001,14222
2,8,0.8,True,SAVED_COMPLEX_DIFFERENCES_NOT_SUM_OF_MAGNITUDES,bb3274d41dba00cd35559bf3f60afe130e96d55d4105956c36c239fd7164f16d,B2-rank9-q8-r1-K2,3423495171.65625,1020716449.125,865097215.1250002,0.1,127301.78125000001,8.000000000000002,0.0,0.0,0.0,0.03533808737893614,1.7251680391239255e-05,127301.78125000001,7019,0.00010702922121753551,B2,144,34,8,1.0000000000000036,1.000000000000007,1.7251680391239255e-05,0.00010562970092786728,8,1,9,0.03524970935839951,0.00010562970092786728,127301.78125000001,7054,1791517967.5312502,803451757.9687502,M1,1.560569840867292e-08,0.00010702922121753551,1.7251680391239255e-05,0.00010562970092786728,1749213649.9687495,14073
4,8,0.8,True,SAVED_COMPLEX_DIFFERENCES_NOT_SUM_OF_MAGNITUDES,8cc05214474642fd5e1181e922a270c1158f4bdec02e69395433ba5312ecba30,B2-rank9-q8-r1-K4,3424550206.875,1020876529.4999998,865106890.3125,0.1,127340.6875,8.000000000000002,0.0,0.0,0.0,0.03533808737893614,1.7251680391239255e-05,127340.6875,7019,0.00010702922121753551,B2,144,34,8,1.0000000000000036,1.000000000000007,1.7251680391239255e-05,0.00010562970092786728,8,1,9,0.03524970935839951,0.00010562970092786728,127340.6875,7054,1792065495.1875,803462752.5,M1,1.560569840867292e-08,0.00010702922121753551,1.7251680391239255e-05,0.00010562970092786728,1749265983.9375002,14073
2,128,0.8,True,SAVED_COMPLEX_DIFFERENCES_NOT_SUM_OF_MAGNITUDES,b0daff612f84d7a465894886fdd43c9a193cc7b89bf32f087fd00eedc8dc5fcf,B2-rank9-q8-r16-K2,3492263765.71875,1045669637.25,887905590.0937499,0.1,129893.90625,128.0,0.0,0.0,0.0,0.03533808737893614,1.7251680391239255e-05,129893.90625,7019,0.00010702922121753551,B2,144,34,128,1.0,1.0,1.7251680391239255e-05,0.00010562970092786728,8,16,9,0.03524970935839951,0.00010562970092786728,129893.90625,7054,1827996942.65625,823988223.0000001,M1,9.753561505420575e-10,0.00010702922121753551,1.7251680391239255e-05,0.00010562970092786728,1792372902.28125,14073
4,128,0.8,True,SAVED_COMPLEX_DIFFERENCES_NOT_SUM_OF_MAGNITUDES,af18a108ec1bed6872e20655686841d3145e1e8c7a5f4a3f5d1b32a263bf310d,B2-rank9-q8-r16-K4,3492302906.2499995,1045680192.0,887900752.4999999,0.1,129896.34375000003,128.0,0.0,0.0,0.0,0.03533808737893614,1.7251680391239255e-05,129896.34375000003,7019,0.00010702922121753551,B2,144,34,128,1.0,1.0,1.7251680391239255e-05,0.00010562970092786728,8,16,9,0.03524970935839951,0.00010562970092786728,129896.34375000003,7054,1828031245.5937505,823978987.59375,M1,9.753561505420575e-10,0.00010702922121753551,1.7251680391239255e-05,0.00010562970092786728,1792361467.9687502,14073
2,16,0.8,True,SAVED_COMPLEX_DIFFERENCES_NOT_SUM_OF_MAGNITUDES,6981e2d0884098159c77cee4c7868e6b81fd65141cf90e1e7ee9198a868ba714,B2-rank9-q8-r2-K2,3433113627.375,1023112377.375,866610502.4062501,0.1,127660.6875,16.0,0.0,0.0,0.0,0.03533808737893614,1.7251680391239255e-05,127660.6875,7019,0.00010702922121753551,B2,144,34,16,1.0,1.0,1.7251680391239255e-05,0.00010562970092786728,8,2,9,0.03524970935839951,0.00010562970092786728,127660.6875,7054,1796568855.1875,804817278.7499999,M1,7.80284920433646e-09,0.00010702922121753551,1.7251680391239255e-05,0.00010562970092786728,1752069589.4062495,14073
4,16,0.8,True,SAVED_COMPLEX_DIFFERENCES_NOT_SUM_OF_MAGNITUDES,dd53221831709e1179ac560b750ab4e994c7427e849246ed0098e85c0f34ccfe,B2-rank9-q8-r2-K4,3434060036.625,1023233757.0000002,866624575.4062501,0.1,127696.8125,16.0,0.0,0.0,0.0,0.03533808737893614,1.7251680391239255e-05,127696.8125,7019,0.00010702922121753551,B2,144,34,16,1.0,1.0,1.7251680391239255e-05,0.00010562970092786728,8,2,9,0.03524970935839951,0.00010562970092786728,127696.8125,7054,1797077242.3125,804829152.8437501,M1,7.80284920433646e-09,0.00010702922121753551,1.7251680391239255e-05,0.00010562970092786728,1752132917.9062495,14073
2,32,0.8,True,SAVED_COMPLEX_DIFFERENCES_NOT_SUM_OF_MAGNITUDES,4c0e41a091c151a93aebfd45c5ff805c351f4e187c638864c4fbd4ec7853a915,B2-rank9-q8-r4-K2,3443804269.781251,1026625349.9999998,869669181.0,0.1,128064.40624999997,32.0,0.0,0.0,0.0,0.03533808737893614,1.7251680391239255e-05,128064.40624999997,7019,0.00010702922121753551,B2,144,34,32,1.0,1.0,1.7251680391239255e-05,0.00010562970092786728,8,4,9,0.03524970935839951,0.00010562970092786728,128064.40624999997,7054,1802250389.1562495,807562833.0937501,M1,3.90142460216823e-09,0.00010702922121753551,1.7251680391239255e-05,0.00010562970092786728,1757883937.3124998,14073
4,32,0.8,True,SAVED_COMPLEX_DIFFERENCES_NOT_SUM_OF_MAGNITUDES,4b34b204f05636c1581487aa5e329f94bbc3806415a04ee8345a3b2d26e74db9,B2-rank9-q8-r4-K4,3443930487.0000005,1026646459.5000002,869654668.2187499,0.1,128068.75,32.0,0.0,0.0,0.0,0.03533808737893614,1.7251680391239255e-05,128068.75,7019,0.00010702922121753551,B2,144,34,32,1.0,1.0,1.7251680391239255e-05,0.00010562970092786728,8,4,9,0.03524970935839951,0.00010562970092786728,128068.75,7054,1802311518.75,807560194.4062502,M1,3.90142460216823e-09,0.00010702922121753551,1.7251680391239255e-05,0.00010562970092786728,1757849634.375,14073
2,64,0.8,True,SAVED_COMPLEX_DIFFERENCES_NOT_SUM_OF_MAGNITUDES,c0a571a3d3d03d7fe5b14d9e1878f40572e72073aeba8c3db752e484b5df1b6c,B2-rank9-q8-r8-K2,3460626342.375,1033056710.9999998,875714414.0625001,0.1,128699.96875,64.0,0.0,0.0,0.0,0.03533808737893614,1.7251680391239255e-05,128699.96875,7019,0.00010702922121753551,B2,144,34,64,1.0,1.0,1.7251680391239255e-05,0.00010562970092786728,8,8,9,0.03524970935839951,0.00010562970092786728,128699.96875,7054,1811194660.21875,813040748.3437499,M1,1.950712301084115e-09,0.00010702922121753551,1.7251680391239255e-05,0.00010562970092786728,1769327045.4375,14073
4,64,0.8,True,SAVED_COMPLEX_DIFFERENCES_NOT_SUM_OF_MAGNITUDES,92735bdef2a99ce6e10b1b31fb84540c69267e99e786e03882f6e62e2860a785,B2-rank9-q8-r8-K4,3460711220.15625,1033070784.0,875740800.9375,0.1,128703.31250000003,64.0,0.0,0.0,0.0,0.03533808737893614,1.7251680391239255e-05,128703.31250000003,7019,0.00010702922121753551,B2,144,34,64,1.0,1.0,1.7251680391239255e-05,0.00010562970092786728,8,8,9,0.03524970935839951,0.00010562970092786728,128703.31250000003,7054,1811241716.8125005,813054821.34375,M1,1.950712301084115e-09,0.00010702922121753551,1.7251680391239255e-05,0.00010562970092786728,1769382897.65625,14073
2,16,0.8,True,SAVED_COMPLEX_DIFFERENCES_NOT_SUM_OF_MAGNITUDES,7a2b2e2783901f3ece32404e620ca80f834c73d70274c4f5ca697fca3d1d2f6e,B3-rank0-q1-r16-K2,16975615980558.121,2829328348206.2495,1249915111023.9062,0.8,3102.531250000001,21.31403420856994,-2.0615493492304182e-06,2.6408457703963606e-07,2.078395146054418e-06,0.034528666147769796,0.0008266729115575799,3102.5312500000005,1178105390,0.006275784434155972,B3,0,6,22,400.33113591830335,160265.01838563906,0.0008287344609068104,0.006220825464301333,1,16,0,0.029134249510449003,0.006221089548878372,3102.5312500000005,1654764045,8789065949257.346,1935912150143.1245,M1,0.6861849324224125,0.006275774316996015,0.0008266729115575799,0.006221089548878372,4249658261179.374,2832869435
4,16,0.8,True,SAVED_COMPLEX_DIFFERENCES_NOT_SUM_OF_MAGNITUDES,05bb75401d4a800d8ed5745ffeeae23dba1e9d0eb30f93bbe2e87906c24027db,B3-rank0-q1-r16-K4,21213233290932.566,3515607043089.874,1544690346653.3123,0.8,3157.6249999999995,21.687897367856564,1.4259993186271913e-10,-1.7897738846528455e-11,1.4371871702416034e-10,0.034526604455820634,0.0008287346035067422,3157.6249999999995,1445618684,0.006275784434155972,B3,0,6,22,443.43323638622957,196633.03513196573,0.0008287344609068104,0.006220825464301333,1,16,0,0.029134513612923782,0.006220825446403594,3157.6249999999995,2030233302,10975437127293.248,2405180953937.437,M1,0.6861849324224125,0.006275784435245681,0.0008287346035067422,0.006220825446403594,5285250185462.125,3475851986
2,2,0.8,True,SAVED_COMPLEX_DIFFERENCES_NOT_SUM_OF_MAGNITUDES,f648c9344197ebac77d4f30c40107df9901e9bae0cc2147e36b9ec32a8866ca1,B3-rank0-q1-r2-K2,84747468493768.12,13836259231193.436,5663841092584.0625,0.8,1366.1875000000002,5.3967546428331135,-0.001052478229398357,-0.00012691665168892974,0.0010601029477524482,0.03513159529083583,0.00022374376849154665,1366.1875000000002,13306194121,0.006275784434155972,B3,0,6,6,1368.9017991613202,1873892.1357470995,0.0008287344609068104,0.006220825464301333,1,2,0,0.029261430246714973,0.006093908812612403,1366.1875000000002,19180436989,44382829339593.13,9320617506903.438,M1,5.4894794593793,0.006098014913918619,-0.00022374376849154665,0.006093908812612403,20395513093746.88,32486631110
4,2,0.8,True,SAVED_COMPLEX_DIFFERENCES_NOT_SUM_OF_MAGNITUDES,750af879952bd78b9e5d39c5a9645d8e85a43cc36c8bb93162d6269f9feb618b,B3-rank0-q1-r2-K4,3565364394218321.0,585748852098339.0,239649149816462.5,0.8,1403.4999999999995,8.172363725011156,4.649029015646455e-06,6.631831674375199e-07,4.696092279959489e-06,0.03452195556940492,0.0008333834899224568,1403.4999999999995,554569826478,0.006275784434155972,B3,0,6,9,8684.023762648805,75412268.71024911,0.0008287344609068104,0.006220825464301333,1,2,0,0.029133850411858606,0.00622148864746877,1403.4999999999995,778666055672,1871196560597524.5,390388131742046.9,M1,5.4894794593793,0.006277057354513986,0.0008333834899224568,0.00622148864746877,855854109097665.5,1333235882150
2,32,0.8,True,SAVED_COMPLEX_DIFFERENCES_NOT_SUM_OF_MAGNITUDES,c1ded26f91069ef243491b22c21355e42f3fa20d78730046b90a530faf66e798,B3-rank0-q1-r32-K2,181026863539.50006,30680381254.87502,14127194948.437502,0.8,4590.718750000001,35.395871340171595,-2.5706936712666106e-07,3.755590480269966e-08,2.597982014957984e-07,0.03452686166778769,0.0008284773915396837,4590.718750000001,8478721,0.006275784434155972,B3,0,6,36,33.96016213803372,1153.2926124415392,0.0008287344609068104,0.006220825464301333,1,32,0,0.02913447603912124,0.0062208630202061355,4590.718750000001,11907761,93588605163.93752,21229335615.1875,M1,0.34309246621120626,0.006275787719837295,0.0008284773915396837,0.0062208630202061355,46581200137.3125,20386482
4,32,0.8,True,SAVED_COMPLEX_DIFFERENCES_NOT_SUM_OF_MAGNITUDES,5faa42f0cdb8133f4c12efd6e98588bf48efa9c397750ed4474f44ee6417e8ed,B3-rank0-q1-r32-K4,196713576013.49994,33136281066.0,15143667682.5,0.8,4818.000000000001,35.46042458818451,4.445444012901589e-12,-6.439848654338221e-13,4.491846945160799e-12,0.03452660459397512,0.0008287344653522544,4818.000000000001,8764762,0.006275784434155972,B3,0,6,36,34.527999187486905,1192.1827278910964,0.0008287344609068104,0.006220825464301333,1,32,0,0.029134513595670028,0.006220825463657348,4818.000000000001,12309270,101534686176.00002,23069479405.0,M1,0.34309246621120626,0.00627578443410466,0.0008287344653522544,0.006220825463657348,50590848069.99999,21074032
2,4,0.8,True,SAVED_COMPLEX_DIFFERENCES_NOT_SUM_OF_MAGNITUDES,918dfe844674bba518736eb21e65014f0413e1a561fa15b4617caa6fb75a5a11,B3-rank0-q1-r4-K2,1105238511059908.8,180059805163832.0,74923704762521.98,0.8,1893.9375,9.08848175708883,-0.00013288791622678708,2.849562883489032e-06,0.00013291846481104324,0.03465949251464735,0.0006958465446800233,1893.9375,125705051966,0.006275784434155972,B3,0,6,10,4150.936226878082,17230271.55960885,0.0008287344609068104,0.006220825464301333,1,4,0,0.029131664032142554,0.006223675027184822,1893.9375,177937115258,575079287086804.5,122083128859499.5,M1,2.74473972968965,0.006262454251948442,0.0006958465446800233,0.006223675027184822,268068589570163.2,303642167224
4,4,0.8,True,SAVED_COMPLEX_DIFFERENCES_NOT_SUM_OF_MAGNITUDES,1f755b938934c6efc8d31d21444c585ca0fbf1c1ee9b426adf55f08ea9061d22,B3-rank0-q1-r4-K4,1.283833379355342e+16,2086899792483431.8,865941144034971.1,0.8,2160.1875,11.833233587501832,1.4708090922965766e-07,-1.5791894181216293e-09,1.4708938676546688e-07,0.034526457517511336,0.00082888154181604,2160.1875,1286392446735,0.006275784434155972,B3,0,6,12,13227.758505455224,174973595.07864302,0.0008287344609068104,0.006220825464301333,1,4,0,0.02913451517421546,0.006220823885111915,2160.1875,1806599696263,6681442964902492.0,1413884033367961.0,M1,2.74473972968965,0.006275802292929744,0.00082888154181604,0.006220823885111915,3105170799561054.0,3092992142998
2,8,0.8,True,SAVED_COMPLEX_DIFFERENCES_NOT_SUM_OF_MAGNITUDES,2dfb7c8f663ea3b1458b4988c4e483f829644b4ca79032b3e602a1be6d3de8f3,B3-rank0-q1-r8-K2,813991480547521.5,133711793199228.72,56890867360224.37,0.8,2457.59375,14.06116821636913,-1.6555075464164126e-05,1.5288369822064052e-06,1.662551852251024e-05,0.03454315967388473,0.0008121793854426462,2457.59375,71412324823,0.006275784434155972,B3,0,6,15,3118.1438137153423,9722820.84301126,0.0008287344609068104,0.006220825464301333,1,8,0,0.029132984758043837,0.006222354301283539,2457.59375,100398524132,422241268574002.0,90861093652045.78,M1,1.372369864844825,0.006275135728001408,0.0008121793854426462,0.006222354301283539,199595884684441.44,171810848955
4,8,0.8,True,SAVED_COMPLEX_DIFFERENCES_NOT_SUM_OF_MAGNITUDES,9b7172074e0cf2315b476e8ffade7716829fb6bab7562a99a04027db13f38aba,B3-rank0-q1-r8-K4,1857369876239700.5,306709718338032.25,130721566670625.47,0.8,2353.1562499999995,15.438274293334135,4.581383383772675e-09,-3.9877537383326e-10,4.598705851419965e-09,0.03452660001703718,0.0008287390422901941,2353.1562499999995,171101664742,0.006275784434155972,B3,0,6,16,4824.234685182909,23273240.29772184,0.0008287344609068104,0.006220825464301333,1,8,0,0.029134513993801417,0.006220825065525959,2353.1562499999995,240295870020,968082680159792.4,210198427917459.44,M1,1.372369864844825,0.006275784643858656,0.0008287390422901941,0.006220825065525959,459942443863916.0,411397534762
2,2,0.8,True,SAVED_COMPLEX_DIFFERENCES_NOT_SUM_OF_MAGNITUDES,cf45a20fe03fc32e573b12d58667588459ffadf087be9cecdbfedc45042929bf,B3-rank0-q2-r1-K2,95372197532610.48,15741882897187.504,6509268577987.032,0.4,1793.9687499999998,5.3967546428331135,-0.0010753671601434478,-0.00013228884294919085,0.0010834735193274542,0.034510501726682866,0.0008448373326445102,1793.9687499999998,13789453373,0.0014929187949241063,B3,0,10,6,1368.9017991613202,1873892.1357470995,0.00023052982749893758,0.0014750127209183506,2,1,0,0.034012615181358216,0.0013427238779691597,1793.9687499999998,14196116222,50205237304380.15,10749956920679.375,M1,5.4894794593793,0.001586397658564343,-0.0008448373326445102,0.0013427238779691597,23411678064317.188,27985569595
4,2,0.8,True,SAVED_COMPLEX_DIFFERENCES_NOT_SUM_OF_MAGNITUDES,ef7c029e36978da610cb160434d92246ec8ce87b1a5ad1c6ed071b96b06b133d,B3-rank0-q2-r1-K4,4366517883791457.0,713012184674290.6,287254458225174.56,0.4,2056.25,8.172363725011156,4.751852301421167e-06,6.90003341380363e-07,4.801687714297725e-06,0.03512005737952702,0.00023528167980035875,2056.25,535841790492,0.0014929187949241063,B3,0,10,9,8684.023762648805,75412268.71024911,0.00023052982749893758,0.0014750127209183506,2,1,0,0.033879636335067645,0.001475702724259731,2056.25,575797181960,2285807637104425.0,475156183287451.75,M1,5.4894794593793,0.0014943413262160925,0.00023528167980035875,0.001475702724259731,1040910942829741.5,1111638972452
2,32,0.8,True,SAVED_COMPLEX_DIFFERENCES_NOT_SUM_OF_MAGNITUDES,a8d1ae8bad611016990b909226cd9268c6ac2aa5c79af8b1f3a6f48ef8be551d,B3-rank0-q2-r16-K2,178159847681.81247,29804590458.125,13382053954.9375,0.4,5412.156250000001,35.395871340171595,-2.627805102406455e-07,3.826217589986136e-08,2.6555148402320397e-07,0.03512507201233868,0.00023026704698869693,5412.156250000001,8192380,0.0014929187949241063,B3,0,10,36,33.96016213803372,1153.2926124415392,0.00023052982749893758,0.0014750127209183506,2,16,0,0.033880288076233125,0.0014750509830942504,5412.156250000001,8805426,91994781979.18752,20536005555.1875,M1,0.34309246621120626,0.0014929160444098017,0.00023026704698869693,0.0014750509830942504,45139798558.74999,16997806
4,32,0.8,True,SAVED_COMPLEX_DIFFERENCES_NOT_SUM_OF_MAGNITUDES,11f3f418f74a8e5ee0d2ab5ed19c53183a6293a7b00fa6bb24bc630276001037,B3-rank0-q2-r16-K4,180540245366.56253,30391952556.437504,13677998485.625,0.4,5322.843749999999,35.46042458818451,4.546141241235091e-12,-6.558364962216956e-13,4.593203859511886e-12,0.0351248092272823,0.00023052983204507882,5322.843749999999,8468762,0.0014929187949241063,B3,0,10,36,34.527999187486905,1192.1827278910964,0.00023052982749893758,0.0014750127209183506,2,16,0,0.03388032633906486,0.001475012720262514,5322.843749999999,9102332,93528187878.56248,20958471465.187504,M1,0.34309246621120626,0.0014929187949781306,0.00023052983204507882,0.001475012720262514,45952254486.8125,17571094
2,4,0.8,True,SAVED_COMPLEX_DIFFERENCES_NOT_SUM_OF_MAGNITUDES,6a8710a6d8c25f7ab6cbc86318d12688ddaba5f7b0071421e47f0fa7beff11b2,B3-rank0-q2-r2-K2,1055673004953689.6,173736759331594.12,72176822281940.23,0.4,2183.4062499999995,9.08848175708883,-0.00013581017597963374,2.725373982187529e-06,0.00013583751898117792,0.03526061940780807,9.471965151930384e-05,2183.4062499999995,121455519707,0.0014929187949241063,B3,0,10,10,4150.936226878082,17230271.55960885,0.00023052982749893758,0.0014750127209183506,2,2,0,0.03387760096442684,0.001477738094900538,2183.4062499999995,131574532114,552467396583795.1,117793396311794.9,M1,2.74473972968965,0.00148077064041134,9.471965151930384e-05,0.001477738094900538,257450170538748.12,253030051821
4,4,0.8,True,SAVED_COMPLEX_DIFFERENCES_NOT_SUM_OF_MAGNITUDES,87e3b363e0679bbba5326b8ea415c1352bbd4c143a89cf4cbd00d4ad3b96ed13,B3-rank0-q2-r2-K4,1.3098668720109168e+16,2127974575042191.0,861908277980543.0,0.4,2646.3437499999995,11.833233587501832,1.5037591283295626e-07,-1.391133652717258e-09,1.503823474121367e-07,0.035124658855915605,0.00023068020341177053,2646.3437499999995,1242948956037,0.0014929187949241063,B3,0,10,12,13227.758505455224,174973595.07864302,0.00023052982749893758,0.0014750127209183506,2,2,0,0.03388032772954268,0.0014750113297846978,2646.3437499999995,1335925741988,6824588939151595.0,1422491165463727.5,M1,2.74473972968965,0.0014929406482641293,0.00023068020341177053,0.0014750113297846978,3124306696657287.0,2578874698025
2,64,0.8,True,SAVED_COMPLEX_DIFFERENCES_NOT_SUM_OF_MAGNITUDES,45c818f0164c7a78e47c2bb417235234f21bc83f5e4c9ba38c23812fce104ea4,B3-rank0-q2-r32-K2,10663755386.999998,1794126286.6875,820340576.2500002,0.4,9199.156249999996,65.83269443367953,-3.280392546489708e-08,5.074719061637367e-09,3.3194130497138626e-08,0.0351248420357539,0.00023049702357347268,9199.156249999996,287942,0.0014929187949241063,B3,0,10,66,6.366691166025887,40.534756403552066,0.00023052982749893758,0.0014750127209183506,2,32,0,0.033880321263689964,0.0014750177956374122,9199.156249999996,309484,5495815121.812498,1245969262.125,M1,0.17154623310560313,0.0014929187437108828,0.00023049702357347268,0.0014750177956374122,2735352280.1250005,597426
4,64,0.8,True,SAVED_COMPLEX_DIFFERENCES_NOT_SUM_OF_MAGNITUDES,8945ba19711a13784eb8dcf48316da1cb06038c11627b50c15a0b61f9e03e041,B3-rank0-q2-r32-K4,9928283806.40625,1684091472.3437502,779361849.0625,0.4,8532.687499999996,65.84160924715012,1.4055423491754482e-13,-2.1344037648418634e-14,1.4216561080793585e-13,0.035124809231687884,0.0002305298276394918,8532.687499999996,289238,0.0014929187949241063,B3,0,10,66,6.380999250513481,40.71715143505361,0.00023052982749893758,0.0014750127209183506,2,32,0,0.03388032633843037,0.0014750127208970065,8532.687499999996,310877,5120593759.062498,1171105668.90625,M1,0.17154623310560313,0.001492918794924722,0.0002305298276394918,0.0014750127208970065,2570123762.6562505,600115
2,8,0.8,True,SAVED_COMPLEX_DIFFERENCES_NOT_SUM_OF_MAGNITUDES,da42ffc9e56d75ed6a85fa3cb86e4967f7bc201cf7b2ac134b4e47a000403a47,B3-rank0-q2-r4-K2,779441215999717.9,128791529554542.89,54158512306423.41,0.4,2837.4375,14.06116821636913,-1.6921258028879116e-05,1.5480105004517242e-06,1.6991918955474532e-05,0.03514173048985732,0.00021360856947005846,2837.4375,69000304056,0.0014929187949241063,B3,0,10,15,3118.1438137153423,9722820.84301126,0.00023052982749893758,0.0014750127209183506,2,4,0,0.033878778327908574,0.0014765607314188023,2837.4375,74240657495,406437275840865.56,86732402219130.47,M1,1.372369864844825,0.0014919317057154704,0.00021360856947005846,0.0014765607314188023,189879323375995.9,143240961551
4,8,0.8,True,SAVED_COMPLEX_DIFFERENCES_NOT_SUM_OF_MAGNITUDES,17fc1f89f61619edf9479d925a0e65cca1229d5abf131cf55f0d41ca85160129,B3-rank0-q2-r4-K4,1789272378972276.0,294531800224183.8,123646115499725.64,0.4,2719.28125,15.438274293334135,4.684658994058566e-09,-4.0315092930676144e-10,4.70197411332886e-09,0.035124804547169444,0.00023053451215793164,2719.28125,165323286338,0.0014929187949241063,B3,0,10,16,4824.234685182909,23273240.29772184,0.00023052982749893758,0.0014750127209183506,2,4,0,0.033880326741559955,0.0014750123177674213,2719.28125,177691511754,932753708924111.4,199055775017763.72,M1,1.372369864844825,0.0014929191199999803,0.00023053451215793164,0.0014750123177674213,436475611359629.56,343014798092
2,16,0.8,True,SAVED_COMPLEX_DIFFERENCES_NOT_SUM_OF_MAGNITUDES,cb15bc04c13e677de3f7aaae70a957ab795a1032771d26acd12649fbdab2f09c,B3-rank0-q2-r8-K2,16784849280693.377,2790216763743.374,1212572906057.2498,0.4,3691.531250000001,21.31403420856994,-2.1072825115986404e-06,2.686512725891266e-07,2.124338271074838e-06,0.03512691651434004,0.00022842254498733894,3691.531250000001,1138318226,0.0014929187949241063,B3,0,10,22,400.33113591830335,160265.01838563906,0.00023052982749893758,0.0014750127209183506,2,8,0,0.033880057687136436,0.0014752813721909397,3691.531250000001,1223645068,8719261311153.939,1909278266434.3123,M1,0.6861849324224125,0.0014928603371354183,0.00022842254498733894,0.0014752813721909397,4183184616379.875,2361963294
4,16,0.8,True,SAVED_COMPLEX_DIFFERENCES_NOT_SUM_OF_MAGNITUDES,e66323b52ebc9b603a359a3e7204a59c2b64cfaf7c267a70d822f95bc762d7e0,B3-rank0-q2-r8-K4,21137971602693.746,3508414232719.594,1515521922876.9373,0.4,3789.3125000000005,21.687897367856564,1.4582490770465029e-10,-1.8194529216586375e-11,1.4695558717001198e-10,0.03512480908600353,0.00023052997332384528,3789.3125000000005,1396797814,0.0014929187949241063,B3,0,10,22,443.43323638622957,196633.03513196573,0.00023052982749893758,0.0014750127209183506,2,8,0,0.033880326356603555,0.0014750127027238213,3789.3125000000005,1501295979,10981783035987.314,2397991482845.4375,M1,0.6861849324224125,0.001492918799465438,0.00023052997332384528,0.0014750127027238213,5251708214640.126,2898093793
2,4,0.8,True,SAVED_COMPLEX_DIFFERENCES_NOT_SUM_OF_MAGNITUDES,2caa6473e54141eda42d4324121850162754ffc43f8af467d07f84dbf97c01c3,B3-rank0-q4-r1-K2,1370983599027165.2,227751730371868.3,95099824429576.16,0.2,2948.343749999999,9.08848175708883,-0.0001365141093548905,2.7034988417107275e-06,0.00013654087651302863,0.035277758643403725,7.758041592365039e-05,2948.343749999999,121337533238,0.00036875721567233556,B3,0,18,10,4150.936226878082,17230271.55960885,5.893369343124011e-05,0.0003640174499786597,4,1,0,0.034988618110507005,0.00036672094882037043,2948.343749999999,123351248763,721426641107760.6,155859107610199.5,M1,2.74473972968965,0.00037483726500789555,-7.758041592365039e-05,0.00036672094882037043,339436866306449.75,244688782001
4,4,0.8,True,SAVED_COMPLEX_DIFFERENCES_NOT_SUM_OF_MAGNITUDES,c72bdad0577d84103eccd94f9c73cf3160cf52b053167e2248a7904889302211,B3-rank0-q4-r1-K4,1.605831490980812e+16,2640325759819460.0,1078775192876886.8,0.2,3389.5625,11.833233587501832,1.5116877183363187e-07,-1.3556014366589153e-09,1.5117484986909602e-07,0.0352962541971243,5.908486220307374e-05,3389.5625,1230892957093,0.00036875721567233556,B3,0,18,12,13227.758505455224,174973595.07864302,5.893369343124011e-05,0.0003640174499786597,4,1,0,0.03499132296495015,0.00036401609437722304,3389.5625,1252439621287,8417410982705159.0,1779307792409269.5,M1,2.74473972968965,0.00036878006712294466,5.908486220307374e-05,0.00036401609437722304,3894641524330584.0,2483332578380
2,64,0.8,True,SAVED_COMPLEX_DIFFERENCES_NOT_SUM_OF_MAGNITUDES,786e73a44ae1d4387a2103e393853c0babd7ccf005b684dcffbad98b369d0ef4,B3-rank0-q4-r16-K2,10777592239.500002,1824071153.2500002,834137444.2500001,0.2,9691.343750000002,65.83269443367953,-3.2975160157988626e-08,5.09912206902996e-09,3.33670830807829e-08,0.035296438341056294,5.890071827108212e-05,9691.343750000002,285149,0.00036875721567233556,B3,0,18,66,6.366691166025887,40.534756403552066,5.893369343124011e-05,0.0003640174499786597,4,16,0,0.03499131651022665,0.00036402254910072873,9691.343750000002,290143,5575352528.625001,1270370581.1249998,M1,0.17154623310560313,0.0003687569807700484,5.890071827108212e-05,0.00036402254910072873,2781446930.625,575292
4,64,0.8,True,SAVED_COMPLEX_DIFFERENCES_NOT_SUM_OF_MAGNITUDES,eea3b79549639a1f94af3626c61f8af8f3c21c448b01c89f752dd3a47f1a842d,B3-rank0-q4-r16-K4,10455095287.124998,1766419687.9687502,803561589.2812499,0.2,9352.093749999998,65.84160924715012,1.4221956945448255e-13,-2.245426067304379e-14,1.4398124793941532e-13,0.035296405365753916,5.893369357345968e-05,9352.093749999998,286432,0.00036875721567233556,B3,0,18,66,6.380999250513481,40.71715143505361,5.893369343124011e-05,0.0003640174499786597,4,16,0,0.03499132160937117,0.00036401744995620544,9352.093749999998,291449,5404397288.343749,1219888732.21875,M1,0.17154623310560313,0.000368757215672899,5.893369357345968e-05,0.00036401744995620544,2675480677.3124995,577881
2,8,0.8,True,SAVED_COMPLEX_DIFFERENCES_NOT_SUM_OF_MAGNITUDES,bc0c4f7cd840b4439a3014f9e5398028d5824ebc5afeffa1830471772bb67ecd,B3-rank0-q4-r2-K2,1026360355153722.4,168755445982274.84,69866849478345.19,0.2,3883.8124999999995,14.06116821636913,-1.700929565995324e-05,1.553401349413397e-06,1.7080081808939423e-05,0.03531341466155609,4.192439777128687e-05,3883.8124999999995,68331013730,0.00036875721567233556,B3,0,18,15,3118.1438137153423,9722820.84301126,5.893369343124011e-05,0.0003640174499786597,4,2,0,0.0349897682079993,0.0003655708513280731,3883.8124999999995,69600948964,535701880860490.8,114263699970476.45,M1,1.372369864844825,0.00036796698556965297,4.192439777128687e-05,0.0003655708513280731,250049096495051.0,137931962694
4,8,0.8,True,SAVED_COMPLEX_DIFFERENCES_NOT_SUM_OF_MAGNITUDES,311c4b79fd41796b21aee085729f34aafe4f4fbdee2fcc6bf5ac5da93caf9e63,B3-rank0-q4-r2-K4,2425865677471422.0,400238883331650.0,165968820247314.03,0.2,3836.937499999999,15.438274293334135,4.709458711893433e-09,-4.0444472770850837e-10,4.726793511123599e-09,0.035296400656437424,5.8938402889952e-05,3836.9374999999995,163719730532,0.00036875721567233556,B3,0,18,16,4824.234685182909,23273240.29772184,5.893369343124011e-05,0.0003640174499786597,4,2,0,0.034991322013793444,0.000364017045533932,3836.9374999999995,166587020380,1267366359077411.8,269261934509076.03,M1,1.372369864844825,0.00036875756910804015,5.8938402889952e-05,0.000364017045533932,589783347925307.9,330306750912
2,128,0.8,True,SAVED_COMPLEX_DIFFERENCES_NOT_SUM_OF_MAGNITUDES,48e4aadcc19eb9135024b910a5b8f77269ad837985dd5fc71f392228c3413ad0,B3-rank0-q4-r32-K2,2947726613.6249995,499469558.75,230767837.2500001,0.2,16414.593750000004,128.9352088802392,-4.119025898141615e-09,6.557407117302461e-10,4.1708956149227506e-09,0.035296409484922034,5.892957440534197e-05,16414.593750000004,45880,0.00036875721567233556,B3,0,18,129,2.553811184207638,6.521951564584019,5.893369343124011e-05,0.0003640174499786597,4,32,0,0.034991320953608004,0.00036401810571937143,16414.593750000004,46684,1519400455.8750002,346527797.12499994,M1,0.08577311655280156,0.0003687572047175678,5.892957440534197e-05,0.00036401810571937143,761431464.0,92564
4,128,0.8,True,SAVED_COMPLEX_DIFFERENCES_NOT_SUM_OF_MAGNITUDES,35c7b343b6d07ad42fe08258526dec3c2e0612b2a051c5dd24cbfd503878aabe,B3-rank0-q4-r32-K4,3157718091.9999995,533505728.8124999,246193115.5625,0.2,17573.34375,128.9363532101242,-1.7763568394002505e-15,-6.106226635438361e-16,1.878377932716794e-15,0.03529640536589791,5.893369342946375e-05,17573.34375,45907,0.00036875721567233556,B3,0,18,129,2.5545432274832476,6.525691101080527,5.893369343124011e-05,0.0003640174499786597,4,32,0,0.03499132160934933,0.0003640174499780491,17573.34375,46711,1627607951.4375,372095709.31249994,M1,0.08577311655280156,0.0003687572156714489,5.893369342946375e-05,0.0003640174499780491,816514499.375,92618
2,16,0.8,True,SAVED_COMPLEX_DIFFERENCES_NOT_SUM_OF_MAGNITUDES,51d527be43673608b0ba3347a6ccdd5f1336703fb370972865ca3a5ead959ea3,B3-rank0-q4-r4-K2,19704290642731.375,3285517357535.938,1401275818362.8125,0.2,4519.40625,21.31403420856994,-2.1182669938113463e-06,2.69833006244502e-07,2.1353840189365247e-06,0.03529852363288995,5.681542643742876e-05,4519.40625,1127277046,0.00036875721567233556,B3,0,18,22,400.33113591830335,160265.01838563906,5.893369343124011e-05,0.0003640174499786597,4,4,0,0.03499105177634247,0.0003642872829849042,4519.40625,1147175208,10279173732054.188,2223206001652.0615,M1,0.6861849324224125,0.00036869122206229773,5.681542643742876e-05,0.0003642872829849042,4862849995684.938,2274452254
4,16,0.8,True,SAVED_COMPLEX_DIFFERENCES_NOT_SUM_OF_MAGNITUDES,d092cdb598d9df416d89170fe8d36a7192e45edb5aabd1f12681d4637ed8910d,B3-rank0-q4-r4-K4,23772877338951.38,3971463174544.1255,1703563136027.2502,0.2,4445.875,21.687897367856564,1.465976229297894e-10,-1.8273077495578605e-11,1.4773208321087241e-10,0.03529640521929851,5.893384002886304e-05,4445.875,1383249552,0.00036875721567233556,B3,0,18,22,443.43323638622957,196633.03513196573,5.893369343124011e-05,0.0003640174499786597,4,4,0,0.034991321627621794,0.0003640174317055822,4445.875,1407475356,12407214100354.5,2704125225698.6255,M1,0.6861849324224125,0.00036875722106295873,5.893384002886304e-05,0.0003640174317055822,5903604122567.251,2790724908
2,32,0.8,True,SAVED_COMPLEX_DIFFERENCES_NOT_SUM_OF_MAGNITUDES,878c8e427c9aafb49c188e6a2287b6876caf611d5276b6e99d1d843be3fb16a0,B3-rank0-q4-r8-K2,197897578380.46872,33242005508.90625,14728700989.843754,0.2,6278.250000000001,35.395871340171595,-2.6415158016490636e-07,3.8441581751147424e-08,2.6693409769294575e-07,0.0352966695174763,5.86695418510752e-05,6278.250000000001,8112918,0.00036875721567233556,B3,0,18,36,33.96016213803372,1153.2926124415392,5.893369343124011e-05,0.0003640174499786597,4,8,0,0.034991283167766965,0.00036405589156041085,6278.250000000001,8255147,102762804086.25002,22903014951.250004,M1,0.34309246621120626,0.0003687530438123334,5.86695418510752e-05,0.00036405589156041085,50092416924.375,16368065
4,32,0.8,True,SAVED_COMPLEX_DIFFERENCES_NOT_SUM_OF_MAGNITUDES,f376bc777f907474583ffb58d55f107c58b24eaa9827eab8a92d15c2437855f3,B3-rank0-q4-r8-K4,191809641506.31247,32489801002.312504,14516404594.5625,0.2,5899.343750000001,35.46042458818451,4.5705661477768444e-12,-6.588896095394148e-13,4.617814464523523e-12,0.03529640536132557,5.8933698001806256e-05,5899.343750000001,8386619,0.00036875721567233556,B3,0,18,36,34.527999187486905,1192.1827278910964,5.893369343124011e-05,0.0003640174499786597,4,8,0,0.034991321610007606,0.0003640174493197701,5899.343750000001,8533500,99817598271.90627,22279566693.25,M1,0.34309246621120626,0.00036875721575236936,5.8933698001806256e-05,0.0003640174493197701,48672837318.37501,16920119
2,8,0.8,True,SAVED_COMPLEX_DIFFERENCES_NOT_SUM_OF_MAGNITUDES,e841434c51fa80a0654e08890b2f0ebab855d256f7d77b180d81389ea2a16ff6,B3-rank0-q8-r1-K2,1353346938507141.0,225988582670268.75,94428197189860.52,0.1,5207.281249999998,14.06116821636913,-1.7031086947505436e-05,1.5547880051203222e-06,1.7101908909661403e-05,0.035353120472896585,2.218586430791092e-06,5207.281249999999,68177612010,9.191383007404414e-05,B3,0,34,15,3118.1438137153423,9722820.84301126,1.4812500516714344e-05,9.071241363409199e-05,8,1,0,0.035263071857688164,9.226720163921232e-05,5207.281249999999,68526256524,711855491419563.0,154240411669377.16,M1,1.372369864844825,9.229387099955204e-05,-2.218586430791092e-06,9.226720163921232e-05,335821597045554.25,136703868534
4,8,0.8,True,SAVED_COMPLEX_DIFFERENCES_NOT_SUM_OF_MAGNITUDES,92a14248d5e875c5b94ed1727cbdd7c4708b188c9726600a11083038d44be726,B3-rank0-q8-r1-K4,3251278798642858.0,543852280364835.94,228964592305267.97,0.1,5225.3125,15.438274293334135,4.71559691295198e-09,-4.047786827943156e-10,4.732937779803042e-09,0.03534052184321375,1.4817216113627296e-05,5225.3125,163311191025,9.191383007404414e-05,B3,0,34,16,4824.234685182909,23273240.29772184,1.4812500516714344e-05,9.071241363409199e-05,8,1,0,0.03526462705047197,9.07120088554092e-05,5225.3125,164014888039,1710381052509107.5,372323185995329.2,M1,1.372369864844825,9.191419065596876e-05,1.4817216113627296e-05,9.07120088554092e-05,811287915900094.8,327326079064
2,128,0.8,True,SAVED_COMPLEX_DIFFERENCES_NOT_SUM_OF_MAGNITUDES,6aa509612424a195747e286c9eea21bfa4f8f1cafe5d119deccbcd0211457218,B3-rank0-q8-r16-K2,3286962521.90625,556883892.46875,254255588.8125001,0.1,18533.187499999996,128.9352088802392,-4.12431999663454e-09,6.565368249056291e-10,4.1762490391614215e-09,0.03534053068313066,1.480837619671771e-05,18533.187499999996,45766,9.191383007404414e-05,B3,0,34,129,2.553811184207638,6.521951564584019,1.4812500516714344e-05,9.071241363409199e-05,8,16,0,0.03526462598915646,9.07130701709169e-05,18533.187499999996,45963,1700030756.1874998,385923968.71875006,M1,0.08577311655280156,9.191381346357689e-05,1.480837619671771e-05,9.07130701709169e-05,845930571.0625001,91729
4,128,0.8,True,SAVED_COMPLEX_DIFFERENCES_NOT_SUM_OF_MAGNITUDES,bb1ef0b3d7fbcc5cae3084f25e03b16e170052bb8a895c0f96f8c8d40851bc0c,B3-rank0-q8-r16-K4,3130887966.9687495,532166315.09374994,243598246.62499997,0.1,17648.062500000004,128.9363532101242,-2.1094237467877974e-15,-3.608224830031759e-16,2.140061075706216e-15,0.03534052655881277,1.481250051460492e-05,17648.062500000004,45792,9.191383007404414e-05,B3,0,34,129,2.5545432274832476,6.525691101080527,1.4812500516714344e-05,9.071241363409199e-05,8,16,0,0.035264626645693645,9.071241363373117e-05,17648.062500000004,45989,1619756824.3125002,367192835.75,M1,0.08577311655280156,9.19138300733481e-05,1.481250051460492e-05,9.071241363373117e-05,805257812.4374996,91781
2,16,0.8,True,SAVED_COMPLEX_DIFFERENCES_NOT_SUM_OF_MAGNITUDES,84ca3010c9ef77270bd1c05046902ef1275e0d0537529fe49238865e7cc8691e,B3-rank0-q8-r2-K2,25505292422028.133,4280699640851.562,1810889144653.1252,0.1,5931.624999999998,21.31403420856994,-2.120985279074894e-06,2.7013127612551813e-07,2.138118205430562e-06,0.035342647544089736,1.269151523763945e-05,5931.624999999998,1124464081,9.191383007404414e-05,B3,0,34,22,400.33113591830335,160265.01838563906,1.4812500516714344e-05,9.071241363409199e-05,8,2,0,0.03526435651441716,9.098254491021751e-05,5931.624999999998,1129462509,13369447309408.746,2895943492120.3125,M1,0.6861849324224125,9.186347499070009e-05,1.269151523763945e-05,9.098254491021751e-05,6319517111918.437,2253926590
4,16,0.8,True,SAVED_COMPLEX_DIFFERENCES_NOT_SUM_OF_MAGNITUDES,c30ac93e411cfcdcc1e83245c50605b7b566d929f05c979ab6ca8c13c56aa1c4,B3-rank0-q8-r2-K4,32233164468913.406,5389781193889.532,2283300234788.1255,0.1,6103.249999999999,21.687897367856564,1.4678935844614216e-10,-1.829164597566546e-11,1.479246431989244e-10,0.0353405264120213,1.481264730607279e-05,6103.249999999999,1379797848,9.191383007404414e-05,B3,0,34,22,443.43323638622957,196633.03513196573,1.4812500516714344e-05,9.071241363409199e-05,8,2,0,0.03526462666398493,9.071239534244602e-05,6103.249999999999,1385743693,16878791410108.248,3667972315097.5625,M1,0.6861849324224125,9.191383567765153e-05,1.481264730607279e-05,9.071239534244602e-05,8008835456389.6875,2765541541
2,32,0.8,True,SAVED_COMPLEX_DIFFERENCES_NOT_SUM_OF_MAGNITUDES,54425881a560c7306c36a12eb3cfe0944e179ad9f295929d1829997a7ec05b70,B3-rank0-q8-r4-K2,240637642830.71878,40538732230.75001,17573238317.84375,0.1,7748.40625,35.395871340171595,-2.644908358995224e-07,3.848665963701592e-08,2.672763087982988e-07,0.03534079104964656,1.4548009680814822e-05,7748.40625,8092673,9.191383007404414e-05,B3,0,34,36,33.96016213803372,1153.2926124415392,1.4812500516714344e-05,9.071241363409199e-05,8,4,0,0.03526458815903365,9.075090029372901e-05,7748.40625,8127686,125681931052.84375,27620736945.906258,M1,0.34309246621120626,9.190957779141098e-05,1.4548009680814822e-05,9.075090029372901e-05,60282964223.5,16220359
4,32,0.8,True,SAVED_COMPLEX_DIFFERENCES_NOT_SUM_OF_MAGNITUDES,38363bd96a7369aa4c98340f85e43aa05fafad310deb0f8fc441050a6a7db96d,B3-rank0-q8-r4-K4,252165409848.00003,42490768617.0,18503385194.249996,0.1,7859.843749999999,35.46042458818451,4.5746739729679575e-12,-6.593892099004961e-13,4.621951545514474e-12,0.03534052655423599,1.4812505091388317e-05,7859.843749999999,8365691,9.191383007404414e-05,B3,0,34,36,34.527999187486905,1192.1827278910964,1.4812500516714344e-05,9.071241363409199e-05,8,4,0,0.03526462664635267,9.071241297470278e-05,7859.843749999999,8401741,131789395608.74998,29148608585.25,M1,0.34309246621120626,9.191383016051192e-05,1.4812505091388317e-05,9.071241297470278e-05,63517652327.25001,16767432
2,64,0.8,True,SAVED_COMPLEX_DIFFERENCES_NOT_SUM_OF_MAGNITUDES,30417cbeec0ce17eaa6d0e3cb89213b52cb65cb6c654cc0a1a427471d2c0cebd,B3-rank0-q8-r8-K2,12354765664.937502,2090114975.59375,933112811.7499999,0.1,11263.5,65.83269443367953,-3.30175297102997e-08,5.10524461594386e-09,3.3409890612798285e-08,0.03534055957634037,1.4779482987004045e-05,11263.5,284437,9.191383007404414e-05,B3,0,34,66,6.366691166025887,40.534756403552066,1.4812500516714344e-05,9.071241363409199e-05,8,8,0,0.03526462154044867,9.071751887870794e-05,11263.5,285664,6421332613.5,1437741275.0312505,M1,0.17154623310560313,9.191355367339397e-05,1.4779482987004045e-05,9.071751887870794e-05,3144588037.71875,570101
4,64,0.8,True,SAVED_COMPLEX_DIFFERENCES_NOT_SUM_OF_MAGNITUDES,5162239684a3433e4d03200707a0ddbf67e1e7c5c4bb3aa516d93e789f5a2dc9,B3-rank0-q8-r8-K4,12665640247.3125,2138696494.875,952953679.6874996,0.1,11494.312500000002,65.84160924715012,1.4033219031261979e-13,-2.2010171463193728e-14,1.420477781796552e-13,0.03534052655867033,1.4812500657046535e-05,11494.312500000002,285718,9.191383007404414e-05,B3,0,34,66,6.380999250513481,40.71715143505361,1.4812500516714344e-05,9.071241363409199e-05,8,8,0,0.035264626645715294,9.071241361208182e-05,11494.312500000002,286949,6582413456.437501,1476729234.5624998,M1,0.17154623310560313,9.19138300749371e-05,1.4812500657046535e-05,9.071241361208182e-05,3227157503.4374995,572667
