candidate_fingerprint,epsilon,metric,reference_RZ_total,statistics
0360617a53633f2510d1d4e0616b64460c8017ace85a4cf7df6a321d1ce37992,,rz_count,,"{""cov_cos_sin"":19.160282258064516,""cross_candidate_covariance"":null,""formal_ci"":false,""interval_kind"":""ENGINEERING_INTERVAL_ONLY"",""mean_cosine"":16508.53125,""mean_sine"":16508.53125,""n"":32,""quantum_shot_uncertainty"":false,""rare_event_cost_tail"":""UNRESOLVED"",""var_cosine"":19.160282258064516,""var_sine"":19.160282258064516}"
0360617a53633f2510d1d4e0616b64460c8017ace85a4cf7df6a321d1ce37992,,rz_depth,,"{""cov_cos_sin"":9.297379032258064,""cross_candidate_covariance"":null,""formal_ci"":false,""interval_kind"":""ENGINEERING_INTERVAL_ONLY"",""mean_cosine"":7375.84375,""mean_sine"":7375.84375,""n"":32,""quantum_shot_uncertainty"":false,""rare_event_cost_tail"":""UNRESOLVED"",""var_cosine"":9.297379032258064,""var_sine"":9.297379032258064}"
0360617a53633f2510d1d4e0616b64460c8017ace85a4cf7df6a321d1ce37992,,cx_count,,"{""cov_cos_sin"":0.0,""cross_candidate_covariance"":null,""formal_ci"":false,""interval_kind"":""ENGINEERING_INTERVAL_ONLY"",""mean_cosine"":9372.0,""mean_sine"":9372.0,""n"":32,""quantum_shot_uncertainty"":false,""rare_event_cost_tail"":""UNRESOLVED"",""var_cosine"":0.0,""var_sine"":0.0}"
0360617a53633f2510d1d4e0616b64460c8017ace85a4cf7df6a321d1ce37992,,cx_depth,,"{""cov_cos_sin"":6.415322580645161,""cross_candidate_covariance"":null,""formal_ci"":false,""interval_kind"":""ENGINEERING_INTERVAL_ONLY"",""mean_cosine"":7920.8125,""mean_sine"":7920.8125,""n"":32,""quantum_shot_uncertainty"":false,""rare_event_cost_tail"":""UNRESOLVED"",""var_cosine"":6.415322580645161,""var_sine"":6.415322580645161}"
0360617a53633f2510d1d4e0616b64460c8017ace85a4cf7df6a321d1ce37992,,total_depth,,"{""cov_cos_sin"":45.41935483870968,""cross_candidate_covariance"":null,""formal_ci"":false,""interval_kind"":""ENGINEERING_INTERVAL_ONLY"",""mean_cosine"":16040.0,""mean_sine"":16040.0,""n"":32,""quantum_shot_uncertainty"":false,""rare_event_cost_tail"":""UNRESOLVED"",""var_cosine"":45.41935483870968,""var_sine"":45.41935483870968}"
0360617a53633f2510d1d4e0616b64460c8017ace85a4cf7df6a321d1ce37992,,circuit_size,,"{""cov_cos_sin"":45.125,""cross_candidate_covariance"":null,""formal_ci"":false,""interval_kind"":""ENGINEERING_INTERVAL_ONLY"",""mean_cosine"":31517.6875,""mean_sine"":31517.6875,""n"":32,""quantum_shot_uncertainty"":false,""rare_event_cost_tail"":""UNRESOLVED"",""var_cosine"":45.125,""var_sine"":45.125}"
03ca38676ff43beb4da9086de144188865ce7d46a022f6e8515eac3076a96948,,rz_count,,"{""cov_cos_sin"":8798.369959677419,""cross_candidate_covariance"":null,""formal_ci"":false,""interval_kind"":""ENGINEERING_INTERVAL_ONLY"",""mean_cosine"":11383.21875,""mean_sine"":11383.21875,""n"":32,""quantum_shot_uncertainty"":false,""rare_event_cost_tail"":""UNRESOLVED"",""var_cosine"":8798.369959677419,""var_sine"":8798.369959677419}"
03ca38676ff43beb4da9086de144188865ce7d46a022f6e8515eac3076a96948,,rz_depth,,"{""cov_cos_sin"":788.258064516129,""cross_candidate_covariance"":null,""formal_ci"":false,""interval_kind"":""ENGINEERING_INTERVAL_ONLY"",""mean_cosine"":4899.75,""mean_sine"":4899.75,""n"":32,""quantum_shot_uncertainty"":false,""rare_event_cost_tail"":""UNRESOLVED"",""var_cosine"":788.258064516129,""var_sine"":788.258064516129}"
03ca38676ff43beb4da9086de144188865ce7d46a022f6e8515eac3076a96948,,cx_count,,"{""cov_cos_sin"":846.6935483870968,""cross_candidate_covariance"":null,""formal_ci"":false,""interval_kind"":""ENGINEERING_INTERVAL_ONLY"",""mean_cosine"":6293.125,""mean_sine"":6293.125,""n"":32,""quantum_shot_uncertainty"":false,""rare_event_cost_tail"":""UNRESOLVED"",""var_cosine"":846.6935483870968,""var_sine"":846.6935483870968}"
03ca38676ff43beb4da9086de144188865ce7d46a022f6e8515eac3076a96948,,cx_depth,,"{""cov_cos_sin"":247.7570564516129,""cross_candidate_covariance"":null,""formal_ci"":false,""interval_kind"":""ENGINEERING_INTERVAL_ONLY"",""mean_cosine"":5217.71875,""mean_sine"":5217.71875,""n"":32,""quantum_shot_uncertainty"":false,""rare_event_cost_tail"":""UNRESOLVED"",""var_cosine"":247.7570564516129,""var_sine"":247.7570564516129}"
03ca38676ff43beb4da9086de144188865ce7d46a022f6e8515eac3076a96948,,total_depth,,"{""cov_cos_sin"":3497.6774193548385,""cross_candidate_covariance"":null,""formal_ci"":false,""interval_kind"":""ENGINEERING_INTERVAL_ONLY"",""mean_cosine"":10668.75,""mean_sine"":10668.75,""n"":32,""quantum_shot_uncertainty"":false,""rare_event_cost_tail"":""UNRESOLVED"",""var_cosine"":3497.6774193548385,""var_sine"":3497.6774193548385}"
03ca38676ff43beb4da9086de144188865ce7d46a022f6e8515eac3076a96948,,circuit_size,,"{""cov_cos_sin"":30463.225806451614,""cross_candidate_covariance"":null,""formal_ci"":false,""interval_kind"":""ENGINEERING_INTERVAL_ONLY"",""mean_cosine"":21759.75,""mean_sine"":21759.75,""n"":32,""quantum_shot_uncertainty"":false,""rare_event_cost_tail"":""UNRESOLVED"",""var_cosine"":30463.225806451614,""var_sine"":30463.225806451614}"
04fd01953da32388ffe89213935b02c8e125b7c4ab80f6528f3cc8f10c7bb2a8,,rz_count,,"{""cov_cos_sin"":903153.1764112903,""cross_candidate_covariance"":null,""formal_ci"":false,""interval_kind"":""ENGINEERING_INTERVAL_ONLY"",""mean_cosine"":94511.71875,""mean_sine"":94511.71875,""n"":32,""quantum_shot_uncertainty"":false,""rare_event_cost_tail"":""UNRESOLVED"",""var_cosine"":903153.1764112903,""var_sine"":903153.1764112903}"
04fd01953da32388ffe89213935b02c8e125b7c4ab80f6528f3cc8f10c7bb2a8,,rz_depth,,"{""cov_cos_sin"":37949.91935483871,""cross_candidate_covariance"":null,""formal_ci"":false,""interval_kind"":""ENGINEERING_INTERVAL_ONLY"",""mean_cosine"":41555.375,""mean_sine"":41555.375,""n"":32,""quantum_shot_uncertainty"":false,""rare_event_cost_tail"":""UNRESOLVED"",""var_cosine"":37949.91935483871,""var_sine"":37949.91935483871}"
04fd01953da32388ffe89213935b02c8e125b7c4ab80f6528f3cc8f10c7bb2a8,,cx_count,,"{""cov_cos_sin"":77596.12903225806,""cross_candidate_covariance"":null,""formal_ci"":false,""interval_kind"":""ENGINEERING_INTERVAL_ONLY"",""mean_cosine"":53101.5,""mean_sine"":53101.5,""n"":32,""quantum_shot_uncertainty"":false,""rare_event_cost_tail"":""UNRESOLVED"",""var_cosine"":77596.12903225806,""var_sine"":77596.12903225806}"
04fd01953da32388ffe89213935b02c8e125b7c4ab80f6528f3cc8f10c7bb2a8,,cx_depth,,"{""cov_cos_sin"":11757.286290322581,""cross_candidate_covariance"":null,""formal_ci"":false,""interval_kind"":""ENGINEERING_INTERVAL_ONLY"",""mean_cosine"":44459.4375,""mean_sine"":44459.4375,""n"":32,""quantum_shot_uncertainty"":false,""rare_event_cost_tail"":""UNRESOLVED"",""var_cosine"":11757.286290322581,""var_sine"":11757.286290322581}"
04fd01953da32388ffe89213935b02c8e125b7c4ab80f6528f3cc8f10c7bb2a8,,total_depth,,"{""cov_cos_sin"":171663.49092741936,""cross_candidate_covariance"":null,""formal_ci"":false,""interval_kind"":""ENGINEERING_INTERVAL_ONLY"",""mean_cosine"":90371.84375,""mean_sine"":90371.84375,""n"":32,""quantum_shot_uncertainty"":false,""rare_event_cost_tail"":""UNRESOLVED"",""var_cosine"":171663.49092741936,""var_sine"":171663.49092741936}"
04fd01953da32388ffe89213935b02c8e125b7c4ab80f6528f3cc8f10c7bb2a8,,circuit_size,,"{""cov_cos_sin"":3202721.0967741935,""cross_candidate_covariance"":null,""formal_ci"":false,""interval_kind"":""ENGINEERING_INTERVAL_ONLY"",""mean_cosine"":180643.0,""mean_sine"":180643.0,""n"":32,""quantum_shot_uncertainty"":false,""rare_event_cost_tail"":""UNRESOLVED"",""var_cosine"":3202721.0967741935,""var_sine"":3202721.0967741935}"
0548a5163294a93cee044683d08a1f82b524398dbf8cb65e87d6286fbce93a76,,rz_count,,"{""cov_cos_sin"":280445.30544354836,""cross_candidate_covariance"":null,""formal_ci"":false,""interval_kind"":""ENGINEERING_INTERVAL_ONLY"",""mean_cosine"":91361.28125,""mean_sine"":91361.28125,""n"":32,""quantum_shot_uncertainty"":false,""rare_event_cost_tail"":""UNRESOLVED"",""var_cosine"":280445.30544354836,""var_sine"":280445.30544354836}"
0548a5163294a93cee044683d08a1f82b524398dbf8cb65e87d6286fbce93a76,,rz_depth,,"{""cov_cos_sin"":11315.725806451614,""cross_candidate_covariance"":null,""formal_ci"":false,""interval_kind"":""ENGINEERING_INTERVAL_ONLY"",""mean_cosine"":39946.125,""mean_sine"":39946.125,""n"":32,""quantum_shot_uncertainty"":false,""rare_event_cost_tail"":""UNRESOLVED"",""var_cosine"":11315.725806451614,""var_sine"":11315.725806451614}"
0548a5163294a93cee044683d08a1f82b524398dbf8cb65e87d6286fbce93a76,,cx_count,,"{""cov_cos_sin"":24466.322580645163,""cross_candidate_covariance"":null,""formal_ci"":false,""interval_kind"":""ENGINEERING_INTERVAL_ONLY"",""mean_cosine"":51158.0,""mean_sine"":51158.0,""n"":32,""quantum_shot_uncertainty"":false,""rare_event_cost_tail"":""UNRESOLVED"",""var_cosine"":24466.322580645163,""var_sine"":24466.322580645163}"
0548a5163294a93cee044683d08a1f82b524398dbf8cb65e87d6286fbce93a76,,cx_depth,,"{""cov_cos_sin"":3727.1199596774195,""cross_candidate_covariance"":null,""formal_ci"":false,""interval_kind"":""ENGINEERING_INTERVAL_ONLY"",""mean_cosine"":42748.90625,""mean_sine"":42748.90625,""n"":32,""quantum_shot_uncertainty"":false,""rare_event_cost_tail"":""UNRESOLVED"",""var_cosine"":3727.1199596774195,""var_sine"":3727.1199596774195}"
0548a5163294a93cee044683d08a1f82b524398dbf8cb65e87d6286fbce93a76,,total_depth,,"{""cov_cos_sin"":50588.770161290326,""cross_candidate_covariance"":null,""formal_ci"":false,""interval_kind"":""ENGINEERING_INTERVAL_ONLY"",""mean_cosine"":86946.4375,""mean_sine"":86946.4375,""n"":32,""quantum_shot_uncertainty"":false,""rare_event_cost_tail"":""UNRESOLVED"",""var_cosine"":50588.770161290326,""var_sine"":50588.770161290326}"
0548a5163294a93cee044683d08a1f82b524398dbf8cb65e87d6286fbce93a76,,circuit_size,,"{""cov_cos_sin"":1000869.6844758064,""cross_candidate_covariance"":null,""formal_ci"":false,""interval_kind"":""ENGINEERING_INTERVAL_ONLY"",""mean_cosine"":174727.15625,""mean_sine"":174727.15625,""n"":32,""quantum_shot_uncertainty"":false,""rare_event_cost_tail"":""UNRESOLVED"",""var_cosine"":1000869.6844758064,""var_sine"":1000869.6844758064}"
05bb75401d4a800d8ed5745ffeeae23dba1e9d0eb30f93bbe2e87906c24027db,,rz_count,,"{""cov_cos_sin"":746463.5322580645,""cross_candidate_covariance"":null,""formal_ci"":false,""interval_kind"":""ENGINEERING_INTERVAL_ONLY"",""mean_cosine"":3157.625,""mean_sine"":3157.625,""n"":32,""quantum_shot_uncertainty"":false,""rare_event_cost_tail"":""UNRESOLVED"",""var_cosine"":746463.5322580645,""var_sine"":746463.5322580645}"
05bb75401d4a800d8ed5745ffeeae23dba1e9d0eb30f93bbe2e87906c24027db,,rz_depth,,"{""cov_cos_sin"":30779.902217741936,""cross_candidate_covariance"":null,""formal_ci"":false,""interval_kind"":""ENGINEERING_INTERVAL_ONLY"",""mean_cosine"":691.96875,""mean_sine"":691.96875,""n"":32,""quantum_shot_uncertainty"":false,""rare_event_cost_tail"":""UNRESOLVED"",""var_cosine"":30779.902217741936,""var_sine"":30779.902217741936}"
05bb75401d4a800d8ed5745ffeeae23dba1e9d0eb30f93bbe2e87906c24027db,,cx_count,,"{""cov_cos_sin"":67589.99596774194,""cross_candidate_covariance"":null,""formal_ci"":false,""interval_kind"":""ENGINEERING_INTERVAL_ONLY"",""mean_cosine"":1011.4375,""mean_sine"":1011.4375,""n"":32,""quantum_shot_uncertainty"":false,""rare_event_cost_tail"":""UNRESOLVED"",""var_cosine"":67589.99596774194,""var_sine"":67589.99596774194}"
05bb75401d4a800d8ed5745ffeeae23dba1e9d0eb30f93bbe2e87906c24027db,,cx_depth,,"{""cov_cos_sin"":9942.894153225807,""cross_candidate_covariance"":null,""formal_ci"":false,""interval_kind"":""ENGINEERING_INTERVAL_ONLY"",""mean_cosine"":444.40625,""mean_sine"":444.40625,""n"":32,""quantum_shot_uncertainty"":false,""rare_event_cost_tail"":""UNRESOLVED"",""var_cosine"":9942.894153225807,""var_sine"":9942.894153225807}"
05bb75401d4a800d8ed5745ffeeae23dba1e9d0eb30f93bbe2e87906c24027db,,total_depth,,"{""cov_cos_sin"":150656.38306451612,""cross_candidate_covariance"":null,""formal_ci"":false,""interval_kind"":""ENGINEERING_INTERVAL_ONLY"",""mean_cosine"":1520.5625,""mean_sine"":1520.5625,""n"":32,""quantum_shot_uncertainty"":false,""rare_event_cost_tail"":""UNRESOLVED"",""var_cosine"":150656.38306451612,""var_sine"":150656.38306451612}"
05bb75401d4a800d8ed5745ffeeae23dba1e9d0eb30f93bbe2e87906c24027db,,circuit_size,,"{""cov_cos_sin"":2890479.1925403224,""cross_candidate_covariance"":null,""formal_ci"":false,""interval_kind"":""ENGINEERING_INTERVAL_ONLY"",""mean_cosine"":6103.03125,""mean_sine"":6103.03125,""n"":32,""quantum_shot_uncertainty"":false,""rare_event_cost_tail"":""UNRESOLVED"",""var_cosine"":2890479.1925403224,""var_sine"":2890479.1925403224}"
0ce9cef4ee4a3a27bd5e6c4cfe088a470321f9ebaff976b9c561884e98f405a5,,rz_count,,"{""cov_cos_sin"":164362.99092741936,""cross_candidate_covariance"":null,""formal_ci"":false,""interval_kind"":""ENGINEERING_INTERVAL_ONLY"",""mean_cosine"":12263.90625,""mean_sine"":12263.90625,""n"":32,""quantum_shot_uncertainty"":false,""rare_event_cost_tail"":""UNRESOLVED"",""var_cosine"":164362.99092741936,""var_sine"":164362.99092741936}"
0ce9cef4ee4a3a27bd5e6c4cfe088a470321f9ebaff976b9c561884e98f405a5,,rz_depth,,"{""cov_cos_sin"":6821.757056451613,""cross_candidate_covariance"":null,""formal_ci"":false,""interval_kind"":""ENGINEERING_INTERVAL_ONLY"",""mean_cosine"":5283.28125,""mean_sine"":5283.28125,""n"":32,""quantum_shot_uncertainty"":false,""rare_event_cost_tail"":""UNRESOLVED"",""var_cosine"":6821.757056451613,""var_sine"":6821.757056451613}"
0ce9cef4ee4a3a27bd5e6c4cfe088a470321f9ebaff976b9c561884e98f405a5,,cx_count,,"{""cov_cos_sin"":14181.935483870968,""cross_candidate_covariance"":null,""formal_ci"":false,""interval_kind"":""ENGINEERING_INTERVAL_ONLY"",""mean_cosine"":6771.5,""mean_sine"":6771.5,""n"":32,""quantum_shot_uncertainty"":false,""rare_event_cost_tail"":""UNRESOLVED"",""var_cosine"":14181.935483870968,""var_sine"":14181.935483870968}"
0ce9cef4ee4a3a27bd5e6c4cfe088a470321f9ebaff976b9c561884e98f405a5,,cx_depth,,"{""cov_cos_sin"":2097.8941532258063,""cross_candidate_covariance"":null,""formal_ci"":false,""interval_kind"":""ENGINEERING_INTERVAL_ONLY"",""mean_cosine"":5607.09375,""mean_sine"":5607.09375,""n"":32,""quantum_shot_uncertainty"":false,""rare_event_cost_tail"":""UNRESOLVED"",""var_cosine"":2097.8941532258063,""var_sine"":2097.8941532258063}"
0ce9cef4ee4a3a27bd5e6c4cfe088a470321f9ebaff976b9c561884e98f405a5,,total_depth,,"{""cov_cos_sin"":31009.548387096773,""cross_candidate_covariance"":null,""formal_ci"":false,""interval_kind"":""ENGINEERING_INTERVAL_ONLY"",""mean_cosine"":11486.0,""mean_sine"":11486.0,""n"":32,""quantum_shot_uncertainty"":false,""rare_event_cost_tail"":""UNRESOLVED"",""var_cosine"":31009.548387096773,""var_sine"":31009.548387096773}"
0ce9cef4ee4a3a27bd5e6c4cfe088a470321f9ebaff976b9c561884e98f405a5,,circuit_size,,"{""cov_cos_sin"":585300.3508064516,""cross_candidate_covariance"":null,""formal_ci"":false,""interval_kind"":""ENGINEERING_INTERVAL_ONLY"",""mean_cosine"":23416.3125,""mean_sine"":23416.3125,""n"":32,""quantum_shot_uncertainty"":false,""rare_event_cost_tail"":""UNRESOLVED"",""var_cosine"":585300.3508064516,""var_sine"":585300.3508064516}"
0dd5e9256d7a6fd9db7bc2486c672e3ca5f32e0b0e6d4d421d0644d05d18321f,,rz_count,,"{""cov_cos_sin"":5913.724798387097,""cross_candidate_covariance"":null,""formal_ci"":false,""interval_kind"":""ENGINEERING_INTERVAL_ONLY"",""mean_cosine"":63974.78125,""mean_sine"":63974.78125,""n"":32,""quantum_shot_uncertainty"":false,""rare_event_cost_tail"":""UNRESOLVED"",""var_cosine"":5913.724798387097,""var_sine"":5913.724798387097}"
0dd5e9256d7a6fd9db7bc2486c672e3ca5f32e0b0e6d4d421d0644d05d18321f,,rz_depth,,"{""cov_cos_sin"":4.595766129032258,""cross_candidate_covariance"":null,""formal_ci"":false,""interval_kind"":""ENGINEERING_INTERVAL_ONLY"",""mean_cosine"":28626.71875,""mean_sine"":28626.71875,""n"":32,""quantum_shot_uncertainty"":false,""rare_event_cost_tail"":""UNRESOLVED"",""var_cosine"":4.595766129032258,""var_sine"":4.595766129032258}"
0dd5e9256d7a6fd9db7bc2486c672e3ca5f32e0b0e6d4d421d0644d05d18321f,,cx_count,,"{""cov_cos_sin"":421.7903225806452,""cross_candidate_covariance"":null,""formal_ci"":false,""interval_kind"":""ENGINEERING_INTERVAL_ONLY"",""mean_cosine"":36394.625,""mean_sine"":36394.625,""n"":32,""quantum_shot_uncertainty"":false,""rare_event_cost_tail"":""UNRESOLVED"",""var_cosine"":421.7903225806452,""var_sine"":421.7903225806452}"
0dd5e9256d7a6fd9db7bc2486c672e3ca5f32e0b0e6d4d421d0644d05d18321f,,cx_depth,,"{""cov_cos_sin"":6.692540322580645,""cross_candidate_covariance"":null,""formal_ci"":false,""interval_kind"":""ENGINEERING_INTERVAL_ONLY"",""mean_cosine"":30810.21875,""mean_sine"":30810.21875,""n"":32,""quantum_shot_uncertainty"":false,""rare_event_cost_tail"":""UNRESOLVED"",""var_cosine"":6.692540322580645,""var_sine"":6.692540322580645}"
0dd5e9256d7a6fd9db7bc2486c672e3ca5f32e0b0e6d4d421d0644d05d18321f,,total_depth,,"{""cov_cos_sin"":53.854838709677416,""cross_candidate_covariance"":null,""formal_ci"":false,""interval_kind"":""ENGINEERING_INTERVAL_ONLY"",""mean_cosine"":62318.875,""mean_sine"":62318.875,""n"":32,""quantum_shot_uncertainty"":false,""rare_event_cost_tail"":""UNRESOLVED"",""var_cosine"":53.854838709677416,""var_sine"":53.854838709677416}"
0dd5e9256d7a6fd9db7bc2486c672e3ca5f32e0b0e6d4d421d0644d05d18321f,,circuit_size,,"{""cov_cos_sin"":21305.59677419355,""cross_candidate_covariance"":null,""formal_ci"":false,""interval_kind"":""ENGINEERING_INTERVAL_ONLY"",""mean_cosine"":122238.375,""mean_sine"":122238.375,""n"":32,""quantum_shot_uncertainty"":false,""rare_event_cost_tail"":""UNRESOLVED"",""var_cosine"":21305.59677419355,""var_sine"":21305.59677419355}"
0fd820307c65baac590d8af8dae0ea1d47507380ab8c0a53c0cbb24caedf3020,,rz_count,,"{""cov_cos_sin"":163064.44254032258,""cross_candidate_covariance"":null,""formal_ci"":false,""interval_kind"":""ENGINEERING_INTERVAL_ONLY"",""mean_cosine"":45121.40625,""mean_sine"":45121.40625,""n"":32,""quantum_shot_uncertainty"":false,""rare_event_cost_tail"":""UNRESOLVED"",""var_cosine"":163064.44254032258,""var_sine"":163064.44254032258}"
0fd820307c65baac590d8af8dae0ea1d47507380ab8c0a53c0cbb24caedf3020,,rz_depth,,"{""cov_cos_sin"":7704.1925403225805,""cross_candidate_covariance"":null,""formal_ci"":false,""interval_kind"":""ENGINEERING_INTERVAL_ONLY"",""mean_cosine"":19619.53125,""mean_sine"":19619.53125,""n"":32,""quantum_shot_uncertainty"":false,""rare_event_cost_tail"":""UNRESOLVED"",""var_cosine"":7704.1925403225805,""var_sine"":7704.1925403225805}"
0fd820307c65baac590d8af8dae0ea1d47507380ab8c0a53c0cbb24caedf3020,,cx_count,,"{""cov_cos_sin"":14435.254032258064,""cross_candidate_covariance"":null,""formal_ci"":false,""interval_kind"":""ENGINEERING_INTERVAL_ONLY"",""mean_cosine"":25159.3125,""mean_sine"":25159.3125,""n"":32,""quantum_shot_uncertainty"":false,""rare_event_cost_tail"":""UNRESOLVED"",""var_cosine"":14435.254032258064,""var_sine"":14435.254032258064}"
0fd820307c65baac590d8af8dae0ea1d47507380ab8c0a53c0cbb24caedf3020,,cx_depth,,"{""cov_cos_sin"":2382.3377016129034,""cross_candidate_covariance"":null,""formal_ci"":false,""interval_kind"":""ENGINEERING_INTERVAL_ONLY"",""mean_cosine"":20971.28125,""mean_sine"":20971.28125,""n"":32,""quantum_shot_uncertainty"":false,""rare_event_cost_tail"":""UNRESOLVED"",""var_cosine"":2382.3377016129034,""var_sine"":2382.3377016129034}"
0fd820307c65baac590d8af8dae0ea1d47507380ab8c0a53c0cbb24caedf3020,,total_depth,,"{""cov_cos_sin"":35526.51612903226,""cross_candidate_covariance"":null,""formal_ci"":false,""interval_kind"":""ENGINEERING_INTERVAL_ONLY"",""mean_cosine"":42720.75,""mean_sine"":42720.75,""n"":32,""quantum_shot_uncertainty"":false,""rare_event_cost_tail"":""UNRESOLVED"",""var_cosine"":35526.51612903226,""var_sine"":35526.51612903226}"
0fd820307c65baac590d8af8dae0ea1d47507380ab8c0a53c0cbb24caedf3020,,circuit_size,,"{""cov_cos_sin"":594627.3941532258,""cross_candidate_covariance"":null,""formal_ci"":false,""interval_kind"":""ENGINEERING_INTERVAL_ONLY"",""mean_cosine"":86308.34375,""mean_sine"":86308.34375,""n"":32,""quantum_shot_uncertainty"":false,""rare_event_cost_tail"":""UNRESOLVED"",""var_cosine"":594627.3941532258,""var_sine"":594627.3941532258}"
10ba41c319067ed3b5c78b86e2b0f1cdea3ff6207fa8940511de2a6aa100f4bc,,rz_count,,"{""cov_cos_sin"":13213.725806451614,""cross_candidate_covariance"":null,""formal_ci"":false,""interval_kind"":""ENGINEERING_INTERVAL_ONLY"",""mean_cosine"":87881.625,""mean_sine"":87881.625,""n"":32,""quantum_shot_uncertainty"":false,""rare_event_cost_tail"":""UNRESOLVED"",""var_cosine"":13213.725806451614,""var_sine"":13213.725806451614}"
10ba41c319067ed3b5c78b86e2b0f1cdea3ff6207fa8940511de2a6aa100f4bc,,rz_depth,,"{""cov_cos_sin"":150.7570564516129,""cross_candidate_covariance"":null,""formal_ci"":false,""interval_kind"":""ENGINEERING_INTERVAL_ONLY"",""mean_cosine"":38417.78125,""mean_sine"":38417.78125,""n"":32,""quantum_shot_uncertainty"":false,""rare_event_cost_tail"":""UNRESOLVED"",""var_cosine"":150.7570564516129,""var_sine"":150.7570564516129}"
10ba41c319067ed3b5c78b86e2b0f1cdea3ff6207fa8940511de2a6aa100f4bc,,cx_count,,"{""cov_cos_sin"":1389.3548387096773,""cross_candidate_covariance"":null,""formal_ci"":false,""interval_kind"":""ENGINEERING_INTERVAL_ONLY"",""mean_cosine"":49193.75,""mean_sine"":49193.75,""n"":32,""quantum_shot_uncertainty"":false,""rare_event_cost_tail"":""UNRESOLVED"",""var_cosine"":1389.3548387096773,""var_sine"":1389.3548387096773}"
10ba41c319067ed3b5c78b86e2b0f1cdea3ff6207fa8940511de2a6aa100f4bc,,cx_depth,,"{""cov_cos_sin"":125.53225806451613,""cross_candidate_covariance"":null,""formal_ci"":false,""interval_kind"":""ENGINEERING_INTERVAL_ONLY"",""mean_cosine"":41127.625,""mean_sine"":41127.625,""n"":32,""quantum_shot_uncertainty"":false,""rare_event_cost_tail"":""UNRESOLVED"",""var_cosine"":125.53225806451613,""var_sine"":125.53225806451613}"
10ba41c319067ed3b5c78b86e2b0f1cdea3ff6207fa8940511de2a6aa100f4bc,,total_depth,,"{""cov_cos_sin"":714.6733870967741,""cross_candidate_covariance"":null,""formal_ci"":false,""interval_kind"":""ENGINEERING_INTERVAL_ONLY"",""mean_cosine"":83690.8125,""mean_sine"":83690.8125,""n"":32,""quantum_shot_uncertainty"":false,""rare_event_cost_tail"":""UNRESOLVED"",""var_cosine"":714.6733870967741,""var_sine"":714.6733870967741}"
10ba41c319067ed3b5c78b86e2b0f1cdea3ff6207fa8940511de2a6aa100f4bc,,circuit_size,,"{""cov_cos_sin"":45312.86693548387,""cross_candidate_covariance"":null,""formal_ci"":false,""interval_kind"":""ENGINEERING_INTERVAL_ONLY"",""mean_cosine"":168219.3125,""mean_sine"":168219.3125,""n"":32,""quantum_shot_uncertainty"":false,""rare_event_cost_tail"":""UNRESOLVED"",""var_cosine"":45312.86693548387,""var_sine"":45312.86693548387}"
1163c4136d3d573a3aa05c5471b91190fa3ed3ae43b3340113c1d426a0947559,,rz_count,,"{""cov_cos_sin"":1842671.9022177418,""cross_candidate_covariance"":null,""formal_ci"":false,""interval_kind"":""ENGINEERING_INTERVAL_ONLY"",""mean_cosine"":52703.03125,""mean_sine"":52703.03125,""n"":32,""quantum_shot_uncertainty"":false,""rare_event_cost_tail"":""UNRESOLVED"",""var_cosine"":1842671.9022177418,""var_sine"":1842671.9022177418}"
1163c4136d3d573a3aa05c5471b91190fa3ed3ae43b3340113c1d426a0947559,,rz_depth,,"{""cov_cos_sin"":62330.60887096774,""cross_candidate_covariance"":null,""formal_ci"":false,""interval_kind"":""ENGINEERING_INTERVAL_ONLY"",""mean_cosine"":21383.6875,""mean_sine"":21383.6875,""n"":32,""quantum_shot_uncertainty"":false,""rare_event_cost_tail"":""UNRESOLVED"",""var_cosine"":62330.60887096774,""var_sine"":62330.60887096774}"
1163c4136d3d573a3aa05c5471b91190fa3ed3ae43b3340113c1d426a0947559,,cx_count,,"{""cov_cos_sin"":154462.41532258064,""cross_candidate_covariance"":null,""formal_ci"":false,""interval_kind"":""ENGINEERING_INTERVAL_ONLY"",""mean_cosine"":27764.8125,""mean_sine"":27764.8125,""n"":32,""quantum_shot_uncertainty"":false,""rare_event_cost_tail"":""UNRESOLVED"",""var_cosine"":154462.41532258064,""var_sine"":154462.41532258064}"
1163c4136d3d573a3aa05c5471b91190fa3ed3ae43b3340113c1d426a0947559,,cx_depth,,"{""cov_cos_sin"":17208.797379032258,""cross_candidate_covariance"":null,""formal_ci"":false,""interval_kind"":""ENGINEERING_INTERVAL_ONLY"",""mean_cosine"":22233.90625,""mean_sine"":22233.90625,""n"":32,""quantum_shot_uncertainty"":false,""rare_event_cost_tail"":""UNRESOLVED"",""var_cosine"":17208.797379032258,""var_sine"":17208.797379032258}"
1163c4136d3d573a3aa05c5471b91190fa3ed3ae43b3340113c1d426a0947559,,total_depth,,"{""cov_cos_sin"":309771.3377016129,""cross_candidate_covariance"":null,""formal_ci"":false,""interval_kind"":""ENGINEERING_INTERVAL_ONLY"",""mean_cosine"":46620.78125,""mean_sine"":46620.78125,""n"":32,""quantum_shot_uncertainty"":false,""rare_event_cost_tail"":""UNRESOLVED"",""var_cosine"":309771.3377016129,""var_sine"":309771.3377016129}"
1163c4136d3d573a3aa05c5471b91190fa3ed3ae43b3340113c1d426a0947559,,circuit_size,,"{""cov_cos_sin"":7294613.189516129,""cross_candidate_covariance"":null,""formal_ci"":false,""interval_kind"":""ENGINEERING_INTERVAL_ONLY"",""mean_cosine"":100937.1875,""mean_sine"":100937.1875,""n"":32,""quantum_shot_uncertainty"":false,""rare_event_cost_tail"":""UNRESOLVED"",""var_cosine"":7294613.189516129,""var_sine"":7294613.189516129}"
11f3f418f74a8e5ee0d2ab5ed19c53183a6293a7b00fa6bb24bc630276001037,,rz_count,,"{""cov_cos_sin"":685351.1683467742,""cross_candidate_covariance"":null,""formal_ci"":false,""interval_kind"":""ENGINEERING_INTERVAL_ONLY"",""mean_cosine"":5322.84375,""mean_sine"":5322.84375,""n"":32,""quantum_shot_uncertainty"":false,""rare_event_cost_tail"":""UNRESOLVED"",""var_cosine"":685351.1683467742,""var_sine"":685351.1683467742}"
11f3f418f74a8e5ee0d2ab5ed19c53183a6293a7b00fa6bb24bc630276001037,,rz_depth,,"{""cov_cos_sin"":32264.176411290322,""cross_candidate_covariance"":null,""formal_ci"":false,""interval_kind"":""ENGINEERING_INTERVAL_ONLY"",""mean_cosine"":1192.78125,""mean_sine"":1192.78125,""n"":32,""quantum_shot_uncertainty"":false,""rare_event_cost_tail"":""UNRESOLVED"",""var_cosine"":32264.176411290322,""var_sine"":32264.176411290322}"
11f3f418f74a8e5ee0d2ab5ed19c53183a6293a7b00fa6bb24bc630276001037,,cx_count,,"{""cov_cos_sin"":63980.36189516129,""cross_candidate_covariance"":null,""formal_ci"":false,""interval_kind"":""ENGINEERING_INTERVAL_ONLY"",""mean_cosine"":1729.65625,""mean_sine"":1729.65625,""n"":32,""quantum_shot_uncertainty"":false,""rare_event_cost_tail"":""UNRESOLVED"",""var_cosine"":63980.36189516129,""var_sine"":63980.36189516129}"
11f3f418f74a8e5ee0d2ab5ed19c53183a6293a7b00fa6bb24bc630276001037,,cx_depth,,"{""cov_cos_sin"":11223.931451612903,""cross_candidate_covariance"":null,""formal_ci"":false,""interval_kind"":""ENGINEERING_INTERVAL_ONLY"",""mean_cosine"":778.4375,""mean_sine"":778.4375,""n"":32,""quantum_shot_uncertainty"":false,""rare_event_cost_tail"":""UNRESOLVED"",""var_cosine"":11223.931451612903,""var_sine"":11223.931451612903}"
11f3f418f74a8e5ee0d2ab5ed19c53183a6293a7b00fa6bb24bc630276001037,,total_depth,,"{""cov_cos_sin"":156576.1118951613,""cross_candidate_covariance"":null,""formal_ci"":false,""interval_kind"":""ENGINEERING_INTERVAL_ONLY"",""mean_cosine"":2615.21875,""mean_sine"":2615.21875,""n"":32,""quantum_shot_uncertainty"":false,""rare_event_cost_tail"":""UNRESOLVED"",""var_cosine"":156576.1118951613,""var_sine"":156576.1118951613}"
11f3f418f74a8e5ee0d2ab5ed19c53183a6293a7b00fa6bb24bc630276001037,,circuit_size,,"{""cov_cos_sin"":2672596.587701613,""cross_candidate_covariance"":null,""formal_ci"":false,""interval_kind"":""ENGINEERING_INTERVAL_ONLY"",""mean_cosine"":10274.84375,""mean_sine"":10274.84375,""n"":32,""quantum_shot_uncertainty"":false,""rare_event_cost_tail"":""UNRESOLVED"",""var_cosine"":2672596.587701613,""var_sine"":2672596.587701613}"
1248f643ae50f43b327a7f80b7cce6f3c6f7402fa28a3db0767cda48fca6be34,,rz_count,,"{""cov_cos_sin"":916.3870967741935,""cross_candidate_covariance"":null,""formal_ci"":false,""interval_kind"":""ENGINEERING_INTERVAL_ONLY"",""mean_cosine"":11304.0,""mean_sine"":11304.0,""n"":32,""quantum_shot_uncertainty"":false,""rare_event_cost_tail"":""UNRESOLVED"",""var_cosine"":916.3870967741935,""var_sine"":916.3870967741935}"
1248f643ae50f43b327a7f80b7cce6f3c6f7402fa28a3db0767cda48fca6be34,,rz_depth,,"{""cov_cos_sin"":6.998991935483871,""cross_candidate_covariance"":null,""formal_ci"":false,""interval_kind"":""ENGINEERING_INTERVAL_ONLY"",""mean_cosine"":4871.96875,""mean_sine"":4871.96875,""n"":32,""quantum_shot_uncertainty"":false,""rare_event_cost_tail"":""UNRESOLVED"",""var_cosine"":6.998991935483871,""var_sine"":6.998991935483871}"
1248f643ae50f43b327a7f80b7cce6f3c6f7402fa28a3db0767cda48fca6be34,,cx_count,,"{""cov_cos_sin"":78.19354838709677,""cross_candidate_covariance"":null,""formal_ci"":false,""interval_kind"":""ENGINEERING_INTERVAL_ONLY"",""mean_cosine"":6255.5,""mean_sine"":6255.5,""n"":32,""quantum_shot_uncertainty"":false,""rare_event_cost_tail"":""UNRESOLVED"",""var_cosine"":78.19354838709677,""var_sine"":78.19354838709677}"
1248f643ae50f43b327a7f80b7cce6f3c6f7402fa28a3db0767cda48fca6be34,,cx_depth,,"{""cov_cos_sin"":4.813508064516129,""cross_candidate_covariance"":null,""formal_ci"":false,""interval_kind"":""ENGINEERING_INTERVAL_ONLY"",""mean_cosine"":5190.34375,""mean_sine"":5190.34375,""n"":32,""quantum_shot_uncertainty"":false,""rare_event_cost_tail"":""UNRESOLVED"",""var_cosine"":4.813508064516129,""var_sine"":4.813508064516129}"
1248f643ae50f43b327a7f80b7cce6f3c6f7402fa28a3db0767cda48fca6be34,,total_depth,,"{""cov_cos_sin"":27.71673387096774,""cross_candidate_covariance"":null,""formal_ci"":false,""interval_kind"":""ENGINEERING_INTERVAL_ONLY"",""mean_cosine"":10609.65625,""mean_sine"":10609.65625,""n"":32,""quantum_shot_uncertainty"":false,""rare_event_cost_tail"":""UNRESOLVED"",""var_cosine"":27.71673387096774,""var_sine"":27.71673387096774}"
1248f643ae50f43b327a7f80b7cce6f3c6f7402fa28a3db0767cda48fca6be34,,circuit_size,,"{""cov_cos_sin"":3048.125,""cross_candidate_covariance"":null,""formal_ci"":false,""interval_kind"":""ENGINEERING_INTERVAL_ONLY"",""mean_cosine"":21612.9375,""mean_sine"":21612.9375,""n"":32,""quantum_shot_uncertainty"":false,""rare_event_cost_tail"":""UNRESOLVED"",""var_cosine"":3048.125,""var_sine"":3048.125}"
127236c66fd1401664dfc9aa26f9ae80b813a1c7a5b23c089cb3e68c3a7dbffc,,rz_count,,"{""cov_cos_sin"":128035.77318548386,""cross_candidate_covariance"":null,""formal_ci"":false,""interval_kind"":""ENGINEERING_INTERVAL_ONLY"",""mean_cosine"":12376.96875,""mean_sine"":12376.96875,""n"":32,""quantum_shot_uncertainty"":false,""rare_event_cost_tail"":""UNRESOLVED"",""var_cosine"":128035.77318548386,""var_sine"":128035.77318548386}"
127236c66fd1401664dfc9aa26f9ae80b813a1c7a5b23c089cb3e68c3a7dbffc,,rz_depth,,"{""cov_cos_sin"":4816.950604838709,""cross_candidate_covariance"":null,""formal_ci"":false,""interval_kind"":""ENGINEERING_INTERVAL_ONLY"",""mean_cosine"":5142.78125,""mean_sine"":5142.78125,""n"":32,""quantum_shot_uncertainty"":false,""rare_event_cost_tail"":""UNRESOLVED"",""var_cosine"":4816.950604838709,""var_sine"":4816.950604838709}"
127236c66fd1401664dfc9aa26f9ae80b813a1c7a5b23c089cb3e68c3a7dbffc,,cx_count,,"{""cov_cos_sin"":10912.258064516129,""cross_candidate_covariance"":null,""formal_ci"":false,""interval_kind"":""ENGINEERING_INTERVAL_ONLY"",""mean_cosine"":6648.5,""mean_sine"":6648.5,""n"":32,""quantum_shot_uncertainty"":false,""rare_event_cost_tail"":""UNRESOLVED"",""var_cosine"":10912.258064516129,""var_sine"":10912.258064516129}"
127236c66fd1401664dfc9aa26f9ae80b813a1c7a5b23c089cb3e68c3a7dbffc,,cx_depth,,"{""cov_cos_sin"":1389.1441532258063,""cross_candidate_covariance"":null,""formal_ci"":false,""interval_kind"":""ENGINEERING_INTERVAL_ONLY"",""mean_cosine"":5398.78125,""mean_sine"":5398.78125,""n"":32,""quantum_shot_uncertainty"":false,""rare_event_cost_tail"":""UNRESOLVED"",""var_cosine"":1389.1441532258063,""var_sine"":1389.1441532258063}"
127236c66fd1401664dfc9aa26f9ae80b813a1c7a5b23c089cb3e68c3a7dbffc,,total_depth,,"{""cov_cos_sin"":23856.579637096773,""cross_candidate_covariance"":null,""formal_ci"":false,""interval_kind"":""ENGINEERING_INTERVAL_ONLY"",""mean_cosine"":11205.46875,""mean_sine"":11205.46875,""n"":32,""quantum_shot_uncertainty"":false,""rare_event_cost_tail"":""UNRESOLVED"",""var_cosine"":23856.579637096773,""var_sine"":23856.579637096773}"
127236c66fd1401664dfc9aa26f9ae80b813a1c7a5b23c089cb3e68c3a7dbffc,,circuit_size,,"{""cov_cos_sin"":502797.46774193546,""cross_candidate_covariance"":null,""formal_ci"":false,""interval_kind"":""ENGINEERING_INTERVAL_ONLY"",""mean_cosine"":23612.625,""mean_sine"":23612.625,""n"":32,""quantum_shot_uncertainty"":false,""rare_event_cost_tail"":""UNRESOLVED"",""var_cosine"":502797.46774193546,""var_sine"":502797.46774193546}"
12eb2560e8c9c80d29f0d21a80113e79c5ce3638403617b5084a605a5b20e71a,,rz_count,,"{""cov_cos_sin"":3.660282258064516,""cross_candidate_covariance"":null,""formal_ci"":false,""interval_kind"":""ENGINEERING_INTERVAL_ONLY"",""mean_cosine"":16283.78125,""mean_sine"":16283.78125,""n"":32,""quantum_shot_uncertainty"":false,""rare_event_cost_tail"":""UNRESOLVED"",""var_cosine"":3.660282258064516,""var_sine"":3.660282258064516}"
12eb2560e8c9c80d29f0d21a80113e79c5ce3638403617b5084a605a5b20e71a,,rz_depth,,"{""cov_cos_sin"":2.4475806451612905,""cross_candidate_covariance"":null,""formal_ci"":false,""interval_kind"":""ENGINEERING_INTERVAL_ONLY"",""mean_cosine"":7230.0625,""mean_sine"":7230.0625,""n"":32,""quantum_shot_uncertainty"":false,""rare_event_cost_tail"":""UNRESOLVED"",""var_cosine"":2.4475806451612905,""var_sine"":2.4475806451612905}"
12eb2560e8c9c80d29f0d21a80113e79c5ce3638403617b5084a605a5b20e71a,,cx_count,,"{""cov_cos_sin"":0.0,""cross_candidate_covariance"":null,""formal_ci"":false,""interval_kind"":""ENGINEERING_INTERVAL_ONLY"",""mean_cosine"":9204.0,""mean_sine"":9204.0,""n"":32,""quantum_shot_uncertainty"":false,""rare_event_cost_tail"":""UNRESOLVED"",""var_cosine"":0.0,""var_sine"":0.0}"
12eb2560e8c9c80d29f0d21a80113e79c5ce3638403617b5084a605a5b20e71a,,cx_depth,,"{""cov_cos_sin"":2.087701612903226,""cross_candidate_covariance"":null,""formal_ci"":false,""interval_kind"":""ENGINEERING_INTERVAL_ONLY"",""mean_cosine"":7759.90625,""mean_sine"":7759.90625,""n"":32,""quantum_shot_uncertainty"":false,""rare_event_cost_tail"":""UNRESOLVED"",""var_cosine"":2.087701612903226,""var_sine"":2.087701612903226}"
12eb2560e8c9c80d29f0d21a80113e79c5ce3638403617b5084a605a5b20e71a,,total_depth,,"{""cov_cos_sin"":21.447580645161292,""cross_candidate_covariance"":null,""formal_ci"":false,""interval_kind"":""ENGINEERING_INTERVAL_ONLY"",""mean_cosine"":15735.3125,""mean_sine"":15735.3125,""n"":32,""quantum_shot_uncertainty"":false,""rare_event_cost_tail"":""UNRESOLVED"",""var_cosine"":21.447580645161292,""var_sine"":21.447580645161292}"
12eb2560e8c9c80d29f0d21a80113e79c5ce3638403617b5084a605a5b20e71a,,circuit_size,,"{""cov_cos_sin"":6.967741935483871,""cross_candidate_covariance"":null,""formal_ci"":false,""interval_kind"":""ENGINEERING_INTERVAL_ONLY"",""mean_cosine"":31095.0,""mean_sine"":31095.0,""n"":32,""quantum_shot_uncertainty"":false,""rare_event_cost_tail"":""UNRESOLVED"",""var_cosine"":6.967741935483871,""var_sine"":6.967741935483871}"
1348cf85115c90d38103b1942cca71ee6016a96d26d693e03d9338694b91166f,,rz_count,,"{""cov_cos_sin"":0.0,""cross_candidate_covariance"":null,""formal_ci"":false,""interval_kind"":""ENGINEERING_INTERVAL_ONLY"",""mean_cosine"":61506.0,""mean_sine"":61506.0,""n"":1,""quantum_shot_uncertainty"":false,""rare_event_cost_tail"":""UNRESOLVED"",""var_cosine"":0.0,""var_sine"":0.0}"
1348cf85115c90d38103b1942cca71ee6016a96d26d693e03d9338694b91166f,,rz_depth,,"{""cov_cos_sin"":0.0,""cross_candidate_covariance"":null,""formal_ci"":false,""interval_kind"":""ENGINEERING_INTERVAL_ONLY"",""mean_cosine"":28097.0,""mean_sine"":28097.0,""n"":1,""quantum_shot_uncertainty"":false,""rare_event_cost_tail"":""UNRESOLVED"",""var_cosine"":0.0,""var_sine"":0.0}"
1348cf85115c90d38103b1942cca71ee6016a96d26d693e03d9338694b91166f,,cx_count,,"{""cov_cos_sin"":0.0,""cross_candidate_covariance"":null,""formal_ci"":false,""interval_kind"":""ENGINEERING_INTERVAL_ONLY"",""mean_cosine"":35616.0,""mean_sine"":35616.0,""n"":1,""quantum_shot_uncertainty"":false,""rare_event_cost_tail"":""UNRESOLVED"",""var_cosine"":0.0,""var_sine"":0.0}"
1348cf85115c90d38103b1942cca71ee6016a96d26d693e03d9338694b91166f,,cx_depth,,"{""cov_cos_sin"":0.0,""cross_candidate_covariance"":null,""formal_ci"":false,""interval_kind"":""ENGINEERING_INTERVAL_ONLY"",""mean_cosine"":30468.0,""mean_sine"":30468.0,""n"":1,""quantum_shot_uncertainty"":false,""rare_event_cost_tail"":""UNRESOLVED"",""var_cosine"":0.0,""var_sine"":0.0}"
1348cf85115c90d38103b1942cca71ee6016a96d26d693e03d9338694b91166f,,total_depth,,"{""cov_cos_sin"":0.0,""cross_candidate_covariance"":null,""formal_ci"":false,""interval_kind"":""ENGINEERING_INTERVAL_ONLY"",""mean_cosine"":61146.0,""mean_sine"":61146.0,""n"":1,""quantum_shot_uncertainty"":false,""rare_event_cost_tail"":""UNRESOLVED"",""var_cosine"":0.0,""var_sine"":0.0}"
1348cf85115c90d38103b1942cca71ee6016a96d26d693e03d9338694b91166f,,circuit_size,,"{""cov_cos_sin"":0.0,""cross_candidate_covariance"":null,""formal_ci"":false,""interval_kind"":""ENGINEERING_INTERVAL_ONLY"",""mean_cosine"":117349.0,""mean_sine"":117349.0,""n"":1,""quantum_shot_uncertainty"":false,""rare_event_cost_tail"":""UNRESOLVED"",""var_cosine"":0.0,""var_sine"":0.0}"
1356043563d33720e953579d1d84d52976b8ff4f57adb3c38683dbc098907c74,,rz_count,,"{""cov_cos_sin"":4931.096774193548,""cross_candidate_covariance"":null,""formal_ci"":false,""interval_kind"":""ENGINEERING_INTERVAL_ONLY"",""mean_cosine"":22309.75,""mean_sine"":22309.75,""n"":32,""quantum_shot_uncertainty"":false,""rare_event_cost_tail"":""UNRESOLVED"",""var_cosine"":4931.096774193548,""var_sine"":4931.096774193548}"
1356043563d33720e953579d1d84d52976b8ff4f57adb3c38683dbc098907c74,,rz_depth,,"{""cov_cos_sin"":164.1290322580645,""cross_candidate_covariance"":null,""formal_ci"":false,""interval_kind"":""ENGINEERING_INTERVAL_ONLY"",""mean_cosine"":9677.75,""mean_sine"":9677.75,""n"":32,""quantum_shot_uncertainty"":false,""rare_event_cost_tail"":""UNRESOLVED"",""var_cosine"":164.1290322580645,""var_sine"":164.1290322580645}"
1356043563d33720e953579d1d84d52976b8ff4f57adb3c38683dbc098907c74,,cx_count,,"{""cov_cos_sin"":474.64112903225805,""cross_candidate_covariance"":null,""formal_ci"":false,""interval_kind"":""ENGINEERING_INTERVAL_ONLY"",""mean_cosine"":12416.5625,""mean_sine"":12416.5625,""n"":32,""quantum_shot_uncertainty"":false,""rare_event_cost_tail"":""UNRESOLVED"",""var_cosine"":474.64112903225805,""var_sine"":474.64112903225805}"
1356043563d33720e953579d1d84d52976b8ff4f57adb3c38683dbc098907c74,,cx_depth,,"{""cov_cos_sin"":90.3225806451613,""cross_candidate_covariance"":null,""formal_ci"":false,""interval_kind"":""ENGINEERING_INTERVAL_ONLY"",""mean_cosine"":10338.25,""mean_sine"":10338.25,""n"":32,""quantum_shot_uncertainty"":false,""rare_event_cost_tail"":""UNRESOLVED"",""var_cosine"":90.3225806451613,""var_sine"":90.3225806451613}"
1356043563d33720e953579d1d84d52976b8ff4f57adb3c38683dbc098907c74,,total_depth,,"{""cov_cos_sin"":806.1774193548387,""cross_candidate_covariance"":null,""formal_ci"":false,""interval_kind"":""ENGINEERING_INTERVAL_ONLY"",""mean_cosine"":21079.125,""mean_sine"":21079.125,""n"":32,""quantum_shot_uncertainty"":false,""rare_event_cost_tail"":""UNRESOLVED"",""var_cosine"":806.1774193548387,""var_sine"":806.1774193548387}"
1356043563d33720e953579d1d84d52976b8ff4f57adb3c38683dbc098907c74,,circuit_size,,"{""cov_cos_sin"":19226.350806451614,""cross_candidate_covariance"":null,""formal_ci"":false,""interval_kind"":""ENGINEERING_INTERVAL_ONLY"",""mean_cosine"":42681.1875,""mean_sine"":42681.1875,""n"":32,""quantum_shot_uncertainty"":false,""rare_event_cost_tail"":""UNRESOLVED"",""var_cosine"":19226.350806451614,""var_sine"":19226.350806451614}"
14624b9f1ef123d39e3b1d126d4a3288015d1f8b7fe9ded3105c8e4f8713b62c,,rz_count,,"{""cov_cos_sin"":156113.82157258064,""cross_candidate_covariance"":null,""formal_ci"":false,""interval_kind"":""ENGINEERING_INTERVAL_ONLY"",""mean_cosine"":6914.28125,""mean_sine"":6914.28125,""n"":32,""quantum_shot_uncertainty"":false,""rare_event_cost_tail"":""UNRESOLVED"",""var_cosine"":156113.82157258064,""var_sine"":156113.82157258064}"
14624b9f1ef123d39e3b1d126d4a3288015d1f8b7fe9ded3105c8e4f8713b62c,,rz_depth,,"{""cov_cos_sin"":5759.790322580645,""cross_candidate_covariance"":null,""formal_ci"":false,""interval_kind"":""ENGINEERING_INTERVAL_ONLY"",""mean_cosine"":2743.125,""mean_sine"":2743.125,""n"":32,""quantum_shot_uncertainty"":false,""rare_event_cost_tail"":""UNRESOLVED"",""var_cosine"":5759.790322580645,""var_sine"":5759.790322580645}"
14624b9f1ef123d39e3b1d126d4a3288015d1f8b7fe9ded3105c8e4f8713b62c,,cx_count,,"{""cov_cos_sin"":12888.967741935483,""cross_candidate_covariance"":null,""formal_ci"":false,""interval_kind"":""ENGINEERING_INTERVAL_ONLY"",""mean_cosine"":3570.25,""mean_sine"":3570.25,""n"":32,""quantum_shot_uncertainty"":false,""rare_event_cost_tail"":""UNRESOLVED"",""var_cosine"":12888.967741935483,""var_sine"":12888.967741935483}"
14624b9f1ef123d39e3b1d126d4a3288015d1f8b7fe9ded3105c8e4f8713b62c,,cx_depth,,"{""cov_cos_sin"":1567.4425403225807,""cross_candidate_covariance"":null,""formal_ci"":false,""interval_kind"":""ENGINEERING_INTERVAL_ONLY"",""mean_cosine"":2820.90625,""mean_sine"":2820.90625,""n"":32,""quantum_shot_uncertainty"":false,""rare_event_cost_tail"":""UNRESOLVED"",""var_cosine"":1567.4425403225807,""var_sine"":1567.4425403225807}"
14624b9f1ef123d39e3b1d126d4a3288015d1f8b7fe9ded3105c8e4f8713b62c,,total_depth,,"{""cov_cos_sin"":29122.02318548387,""cross_candidate_covariance"":null,""formal_ci"":false,""interval_kind"":""ENGINEERING_INTERVAL_ONLY"",""mean_cosine"":5977.90625,""mean_sine"":5977.90625,""n"":32,""quantum_shot_uncertainty"":false,""rare_event_cost_tail"":""UNRESOLVED"",""var_cosine"":29122.02318548387,""var_sine"":29122.02318548387}"
14624b9f1ef123d39e3b1d126d4a3288015d1f8b7fe9ded3105c8e4f8713b62c,,circuit_size,,"{""cov_cos_sin"":637331.6522177419,""cross_candidate_covariance"":null,""formal_ci"":false,""interval_kind"":""ENGINEERING_INTERVAL_ONLY"",""mean_cosine"":13222.34375,""mean_sine"":13222.34375,""n"":32,""quantum_shot_uncertainty"":false,""rare_event_cost_tail"":""UNRESOLVED"",""var_cosine"":637331.6522177419,""var_sine"":637331.6522177419}"
1735ee7fd8f28aede0340a5a3897d22eab93a1e35108d5ad1de28515f05f8837,,rz_count,,"{""cov_cos_sin"":92201.33870967742,""cross_candidate_covariance"":null,""formal_ci"":false,""interval_kind"":""ENGINEERING_INTERVAL_ONLY"",""mean_cosine"":23103.625,""mean_sine"":23103.625,""n"":32,""quantum_shot_uncertainty"":false,""rare_event_cost_tail"":""UNRESOLVED"",""var_cosine"":92201.33870967742,""var_sine"":92201.33870967742}"
1735ee7fd8f28aede0340a5a3897d22eab93a1e35108d5ad1de28515f05f8837,,rz_depth,,"{""cov_cos_sin"":4087.0967741935483,""cross_candidate_covariance"":null,""formal_ci"":false,""interval_kind"":""ENGINEERING_INTERVAL_ONLY"",""mean_cosine"":10041.0,""mean_sine"":10041.0,""n"":32,""quantum_shot_uncertainty"":false,""rare_event_cost_tail"":""UNRESOLVED"",""var_cosine"":4087.0967741935483,""var_sine"":4087.0967741935483}"
1735ee7fd8f28aede0340a5a3897d22eab93a1e35108d5ad1de28515f05f8837,,cx_count,,"{""cov_cos_sin"":7525.612903225807,""cross_candidate_covariance"":null,""formal_ci"":false,""interval_kind"":""ENGINEERING_INTERVAL_ONLY"",""mean_cosine"":12868.25,""mean_sine"":12868.25,""n"":32,""quantum_shot_uncertainty"":false,""rare_event_cost_tail"":""UNRESOLVED"",""var_cosine"":7525.612903225807,""var_sine"":7525.612903225807}"
1735ee7fd8f28aede0340a5a3897d22eab93a1e35108d5ad1de28515f05f8837,,cx_depth,,"{""cov_cos_sin"":1174.3538306451612,""cross_candidate_covariance"":null,""formal_ci"":false,""interval_kind"":""ENGINEERING_INTERVAL_ONLY"",""mean_cosine"":10717.96875,""mean_sine"":10717.96875,""n"":32,""quantum_shot_uncertainty"":false,""rare_event_cost_tail"":""UNRESOLVED"",""var_cosine"":1174.3538306451612,""var_sine"":1174.3538306451612}"
1735ee7fd8f28aede0340a5a3897d22eab93a1e35108d5ad1de28515f05f8837,,total_depth,,"{""cov_cos_sin"":18004.958669354837,""cross_candidate_covariance"":null,""formal_ci"":false,""interval_kind"":""ENGINEERING_INTERVAL_ONLY"",""mean_cosine"":21852.40625,""mean_sine"":21852.40625,""n"":32,""quantum_shot_uncertainty"":false,""rare_event_cost_tail"":""UNRESOLVED"",""var_cosine"":18004.958669354837,""var_sine"":18004.958669354837}"
1735ee7fd8f28aede0340a5a3897d22eab93a1e35108d5ad1de28515f05f8837,,circuit_size,,"{""cov_cos_sin"":331820.125,""cross_candidate_covariance"":null,""formal_ci"":false,""interval_kind"":""ENGINEERING_INTERVAL_ONLY"",""mean_cosine"":44167.5625,""mean_sine"":44167.5625,""n"":32,""quantum_shot_uncertainty"":false,""rare_event_cost_tail"":""UNRESOLVED"",""var_cosine"":331820.125,""var_sine"":331820.125}"
17fc1f89f61619edf9479d925a0e65cca1229d5abf131cf55f0d41ca85160129,,rz_count,,"{""cov_cos_sin"":490016.9183467742,""cross_candidate_covariance"":null,""formal_ci"":false,""interval_kind"":""ENGINEERING_INTERVAL_ONLY"",""mean_cosine"":2719.28125,""mean_sine"":2719.28125,""n"":32,""quantum_shot_uncertainty"":false,""rare_event_cost_tail"":""UNRESOLVED"",""var_cosine"":490016.9183467742,""var_sine"":490016.9183467742}"
17fc1f89f61619edf9479d925a0e65cca1229d5abf131cf55f0d41ca85160129,,rz_depth,,"{""cov_cos_sin"":21987.189516129034,""cross_candidate_covariance"":null,""formal_ci"":false,""interval_kind"":""ENGINEERING_INTERVAL_ONLY"",""mean_cosine"":580.3125,""mean_sine"":580.3125,""n"":32,""quantum_shot_uncertainty"":false,""rare_event_cost_tail"":""UNRESOLVED"",""var_cosine"":21987.189516129034,""var_sine"":21987.189516129034}"
17fc1f89f61619edf9479d925a0e65cca1229d5abf131cf55f0d41ca85160129,,cx_count,,"{""cov_cos_sin"":43354.426411290326,""cross_candidate_covariance"":null,""formal_ci"":false,""interval_kind"":""ENGINEERING_INTERVAL_ONLY"",""mean_cosine"":858.65625,""mean_sine"":858.65625,""n"":32,""quantum_shot_uncertainty"":false,""rare_event_cost_tail"":""UNRESOLVED"",""var_cosine"":43354.426411290326,""var_sine"":43354.426411290326}"
17fc1f89f61619edf9479d925a0e65cca1229d5abf131cf55f0d41ca85160129,,cx_depth,,"{""cov_cos_sin"":6915.482862903225,""cross_candidate_covariance"":null,""formal_ci"":false,""interval_kind"":""ENGINEERING_INTERVAL_ONLY"",""mean_cosine"":360.46875,""mean_sine"":360.46875,""n"":32,""quantum_shot_uncertainty"":false,""rare_event_cost_tail"":""UNRESOLVED"",""var_cosine"":6915.482862903225,""var_sine"":6915.482862903225}"
17fc1f89f61619edf9479d925a0e65cca1229d5abf131cf55f0d41ca85160129,,total_depth,,"{""cov_cos_sin"":108753.54737903226,""cross_candidate_covariance"":null,""formal_ci"":false,""interval_kind"":""ENGINEERING_INTERVAL_ONLY"",""mean_cosine"":1272.46875,""mean_sine"":1272.46875,""n"":32,""quantum_shot_uncertainty"":false,""rare_event_cost_tail"":""UNRESOLVED"",""var_cosine"":108753.54737903226,""var_sine"":108753.54737903226}"
17fc1f89f61619edf9479d925a0e65cca1229d5abf131cf55f0d41ca85160129,,circuit_size,,"{""cov_cos_sin"":1898221.8346774194,""cross_candidate_covariance"":null,""formal_ci"":false,""interval_kind"":""ENGINEERING_INTERVAL_ONLY"",""mean_cosine"":5216.3125,""mean_sine"":5216.3125,""n"":32,""quantum_shot_uncertainty"":false,""rare_event_cost_tail"":""UNRESOLVED"",""var_cosine"":1898221.8346774194,""var_sine"":1898221.8346774194}"
18da49e42be095eb747f8aa9922a59a1fe5e073378d77f79994e0bba1a2daafe,,rz_count,,"{""cov_cos_sin"":23210.370967741936,""cross_candidate_covariance"":null,""formal_ci"":false,""interval_kind"":""ENGINEERING_INTERVAL_ONLY"",""mean_cosine"":6101.125,""mean_sine"":6101.125,""n"":32,""quantum_shot_uncertainty"":false,""rare_event_cost_tail"":""UNRESOLVED"",""var_cosine"":23210.370967741936,""var_sine"":23210.370967741936}"
18da49e42be095eb747f8aa9922a59a1fe5e073378d77f79994e0bba1a2daafe,,rz_depth,,"{""cov_cos_sin"":769.5120967741935,""cross_candidate_covariance"":null,""formal_ci"":false,""interval_kind"":""ENGINEERING_INTERVAL_ONLY"",""mean_cosine"":2541.6875,""mean_sine"":2541.6875,""n"":32,""quantum_shot_uncertainty"":false,""rare_event_cost_tail"":""UNRESOLVED"",""var_cosine"":769.5120967741935,""var_sine"":769.5120967741935}"
18da49e42be095eb747f8aa9922a59a1fe5e073378d77f79994e0bba1a2daafe,,cx_count,,"{""cov_cos_sin"":2027.383064516129,""cross_candidate_covariance"":null,""formal_ci"":false,""interval_kind"":""ENGINEERING_INTERVAL_ONLY"",""mean_cosine"":3278.3125,""mean_sine"":3278.3125,""n"":32,""quantum_shot_uncertainty"":false,""rare_event_cost_tail"":""UNRESOLVED"",""var_cosine"":2027.383064516129,""var_sine"":2027.383064516129}"
18da49e42be095eb747f8aa9922a59a1fe5e073378d77f79994e0bba1a2daafe,,cx_depth,,"{""cov_cos_sin"":248.7328629032258,""cross_candidate_covariance"":null,""formal_ci"":false,""interval_kind"":""ENGINEERING_INTERVAL_ONLY"",""mean_cosine"":2665.09375,""mean_sine"":2665.09375,""n"":32,""quantum_shot_uncertainty"":false,""rare_event_cost_tail"":""UNRESOLVED"",""var_cosine"":248.7328629032258,""var_sine"":248.7328629032258}"
18da49e42be095eb747f8aa9922a59a1fe5e073378d77f79994e0bba1a2daafe,,total_depth,,"{""cov_cos_sin"":4024.7580645161293,""cross_candidate_covariance"":null,""formal_ci"":false,""interval_kind"":""ENGINEERING_INTERVAL_ONLY"",""mean_cosine"":5536.875,""mean_sine"":5536.875,""n"":32,""quantum_shot_uncertainty"":false,""rare_event_cost_tail"":""UNRESOLVED"",""var_cosine"":4024.7580645161293,""var_sine"":4024.7580645161293}"
18da49e42be095eb747f8aa9922a59a1fe5e073378d77f79994e0bba1a2daafe,,circuit_size,,"{""cov_cos_sin"":93458.32258064517,""cross_candidate_covariance"":null,""formal_ci"":false,""interval_kind"":""ENGINEERING_INTERVAL_ONLY"",""mean_cosine"":11617.25,""mean_sine"":11617.25,""n"":32,""quantum_shot_uncertainty"":false,""rare_event_cost_tail"":""UNRESOLVED"",""var_cosine"":93458.32258064517,""var_sine"":93458.32258064517}"
1d58488d677e17777853175aa1c66c47f88cc47cd8d218fe21fde300ecd9d0cc,,rz_count,,"{""cov_cos_sin"":3359.829637096774,""cross_candidate_covariance"":null,""formal_ci"":false,""interval_kind"":""ENGINEERING_INTERVAL_ONLY"",""mean_cosine"":44310.90625,""mean_sine"":44310.90625,""n"":32,""quantum_shot_uncertainty"":false,""rare_event_cost_tail"":""UNRESOLVED"",""var_cosine"":3359.829637096774,""var_sine"":3359.829637096774}"
1d58488d677e17777853175aa1c66c47f88cc47cd8d218fe21fde300ecd9d0cc,,rz_depth,,"{""cov_cos_sin"":274.9102822580645,""cross_candidate_covariance"":null,""formal_ci"":false,""interval_kind"":""ENGINEERING_INTERVAL_ONLY"",""mean_cosine"":19292.84375,""mean_sine"":19292.84375,""n"":32,""quantum_shot_uncertainty"":false,""rare_event_cost_tail"":""UNRESOLVED"",""var_cosine"":274.9102822580645,""var_sine"":274.9102822580645}"
1d58488d677e17777853175aa1c66c47f88cc47cd8d218fe21fde300ecd9d0cc,,cx_count,,"{""cov_cos_sin"":304.18951612903226,""cross_candidate_covariance"":null,""formal_ci"":false,""interval_kind"":""ENGINEERING_INTERVAL_ONLY"",""mean_cosine"":24737.5625,""mean_sine"":24737.5625,""n"":32,""quantum_shot_uncertainty"":false,""rare_event_cost_tail"":""UNRESOLVED"",""var_cosine"":304.18951612903226,""var_sine"":304.18951612903226}"
1d58488d677e17777853175aa1c66c47f88cc47cd8d218fe21fde300ecd9d0cc,,cx_depth,,"{""cov_cos_sin"":115.11995967741936,""cross_candidate_covariance"":null,""formal_ci"":false,""interval_kind"":""ENGINEERING_INTERVAL_ONLY"",""mean_cosine"":20638.09375,""mean_sine"":20638.09375,""n"":32,""quantum_shot_uncertainty"":false,""rare_event_cost_tail"":""UNRESOLVED"",""var_cosine"":115.11995967741936,""var_sine"":115.11995967741936}"
1d58488d677e17777853175aa1c66c47f88cc47cd8d218fe21fde300ecd9d0cc,,total_depth,,"{""cov_cos_sin"":1180.9344758064517,""cross_candidate_covariance"":null,""formal_ci"":false,""interval_kind"":""ENGINEERING_INTERVAL_ONLY"",""mean_cosine"":42023.96875,""mean_sine"":42023.96875,""n"":32,""quantum_shot_uncertainty"":false,""rare_event_cost_tail"":""UNRESOLVED"",""var_cosine"":1180.9344758064517,""var_sine"":1180.9344758064517}"
1d58488d677e17777853175aa1c66c47f88cc47cd8d218fe21fde300ecd9d0cc,,circuit_size,,"{""cov_cos_sin"":12782.547379032258,""cross_candidate_covariance"":null,""formal_ci"":false,""interval_kind"":""ENGINEERING_INTERVAL_ONLY"",""mean_cosine"":84793.03125,""mean_sine"":84793.03125,""n"":32,""quantum_shot_uncertainty"":false,""rare_event_cost_tail"":""UNRESOLVED"",""var_cosine"":12782.547379032258,""var_sine"":12782.547379032258}"
1d6ce39582516148549c9db5d1f9e7e842e82d94c45ba03caf0b0bcb3832bba4,,rz_count,,"{""cov_cos_sin"":1120311.5554435484,""cross_candidate_covariance"":null,""formal_ci"":false,""interval_kind"":""ENGINEERING_INTERVAL_ONLY"",""mean_cosine"":9241.15625,""mean_sine"":9241.15625,""n"":32,""quantum_shot_uncertainty"":false,""rare_event_cost_tail"":""UNRESOLVED"",""var_cosine"":1120311.5554435484,""var_sine"":1120311.5554435484}"
1d6ce39582516148549c9db5d1f9e7e842e82d94c45ba03caf0b0bcb3832bba4,,rz_depth,,"{""cov_cos_sin"":39111.596774193546,""cross_candidate_covariance"":null,""formal_ci"":false,""interval_kind"":""ENGINEERING_INTERVAL_ONLY"",""mean_cosine"":3352.875,""mean_sine"":3352.875,""n"":32,""quantum_shot_uncertainty"":false,""rare_event_cost_tail"":""UNRESOLVED"",""var_cosine"":39111.596774193546,""var_sine"":39111.596774193546}"
1d6ce39582516148549c9db5d1f9e7e842e82d94c45ba03caf0b0bcb3832bba4,,cx_count,,"{""cov_cos_sin"":93754.38306451614,""cross_candidate_covariance"":null,""formal_ci"":false,""interval_kind"":""ENGINEERING_INTERVAL_ONLY"",""mean_cosine"":4442.5625,""mean_sine"":4442.5625,""n"":32,""quantum_shot_uncertainty"":false,""rare_event_cost_tail"":""UNRESOLVED"",""var_cosine"":93754.38306451614,""var_sine"":93754.38306451614}"
1d6ce39582516148549c9db5d1f9e7e842e82d94c45ba03caf0b0bcb3832bba4,,cx_depth,,"{""cov_cos_sin"":10616.899193548386,""cross_candidate_covariance"":null,""formal_ci"":false,""interval_kind"":""ENGINEERING_INTERVAL_ONLY"",""mean_cosine"":3313.5625,""mean_sine"":3313.5625,""n"":32,""quantum_shot_uncertainty"":false,""rare_event_cost_tail"":""UNRESOLVED"",""var_cosine"":10616.899193548386,""var_sine"":10616.899193548386}"
1d6ce39582516148549c9db5d1f9e7e842e82d94c45ba03caf0b0bcb3832bba4,,total_depth,,"{""cov_cos_sin"":194498.38608870967,""cross_candidate_covariance"":null,""formal_ci"":false,""interval_kind"":""ENGINEERING_INTERVAL_ONLY"",""mean_cosine"":7315.46875,""mean_sine"":7315.46875,""n"":32,""quantum_shot_uncertainty"":false,""rare_event_cost_tail"":""UNRESOLVED"",""var_cosine"":194498.38608870967,""var_sine"":194498.38608870967}"
1d6ce39582516148549c9db5d1f9e7e842e82d94c45ba03caf0b0bcb3832bba4,,circuit_size,,"{""cov_cos_sin"":4501668.402217742,""cross_candidate_covariance"":null,""formal_ci"":false,""interval_kind"":""ENGINEERING_INTERVAL_ONLY"",""mean_cosine"":17831.28125,""mean_sine"":17831.28125,""n"":32,""quantum_shot_uncertainty"":false,""rare_event_cost_tail"":""UNRESOLVED"",""var_cosine"":4501668.402217742,""var_sine"":4501668.402217742}"
1ded7d34bc1818a5b6d5e3553bfe7f5f056f86539650bfe58cdc0ed0ad379ca9,,rz_count,,"{""cov_cos_sin"":2043.6925403225807,""cross_candidate_covariance"":null,""formal_ci"":false,""interval_kind"":""ENGINEERING_INTERVAL_ONLY"",""mean_cosine"":22210.71875,""mean_sine"":22210.71875,""n"":32,""quantum_shot_uncertainty"":false,""rare_event_cost_tail"":""UNRESOLVED"",""var_cosine"":2043.6925403225807,""var_sine"":2043.6925403225807}"
1ded7d34bc1818a5b6d5e3553bfe7f5f056f86539650bfe58cdc0ed0ad379ca9,,rz_depth,,"{""cov_cos_sin"":19.661290322580644,""cross_candidate_covariance"":null,""formal_ci"":false,""interval_kind"":""ENGINEERING_INTERVAL_ONLY"",""mean_cosine"":9654.375,""mean_sine"":9654.375,""n"":32,""quantum_shot_uncertainty"":false,""rare_event_cost_tail"":""UNRESOLVED"",""var_cosine"":19.661290322580644,""var_sine"":19.661290322580644}"
1ded7d34bc1818a5b6d5e3553bfe7f5f056f86539650bfe58cdc0ed0ad379ca9,,cx_count,,"{""cov_cos_sin"":204.3709677419355,""cross_candidate_covariance"":null,""formal_ci"":false,""interval_kind"":""ENGINEERING_INTERVAL_ONLY"",""mean_cosine"":12373.875,""mean_sine"":12373.875,""n"":32,""quantum_shot_uncertainty"":false,""rare_event_cost_tail"":""UNRESOLVED"",""var_cosine"":204.3709677419355,""var_sine"":204.3709677419355}"
1ded7d34bc1818a5b6d5e3553bfe7f5f056f86539650bfe58cdc0ed0ad379ca9,,cx_depth,,"{""cov_cos_sin"":16.47983870967742,""cross_candidate_covariance"":null,""formal_ci"":false,""interval_kind"":""ENGINEERING_INTERVAL_ONLY"",""mean_cosine"":10313.1875,""mean_sine"":10313.1875,""n"":32,""quantum_shot_uncertainty"":false,""rare_event_cost_tail"":""UNRESOLVED"",""var_cosine"":16.47983870967742,""var_sine"":16.47983870967742}"
1ded7d34bc1818a5b6d5e3553bfe7f5f056f86539650bfe58cdc0ed0ad379ca9,,total_depth,,"{""cov_cos_sin"":81.54435483870968,""cross_candidate_covariance"":null,""formal_ci"":false,""interval_kind"":""ENGINEERING_INTERVAL_ONLY"",""mean_cosine"":21029.5625,""mean_sine"":21029.5625,""n"":32,""quantum_shot_uncertainty"":false,""rare_event_cost_tail"":""UNRESOLVED"",""var_cosine"":81.54435483870968,""var_sine"":81.54435483870968}"
1ded7d34bc1818a5b6d5e3553bfe7f5f056f86539650bfe58cdc0ed0ad379ca9,,circuit_size,,"{""cov_cos_sin"":6914.853830645161,""cross_candidate_covariance"":null,""formal_ci"":false,""interval_kind"":""ENGINEERING_INTERVAL_ONLY"",""mean_cosine"":42496.71875,""mean_sine"":42496.71875,""n"":32,""quantum_shot_uncertainty"":false,""rare_event_cost_tail"":""UNRESOLVED"",""var_cosine"":6914.853830645161,""var_sine"":6914.853830645161}"
1eb5f5eda16fd85285ec0cf28de2f73ffbd12d2682d89dedf45f559142e23378,,rz_count,,"{""cov_cos_sin"":0.0,""cross_candidate_covariance"":null,""formal_ci"":false,""interval_kind"":""ENGINEERING_INTERVAL_ONLY"",""mean_cosine"":82230.0,""mean_sine"":82230.0,""n"":1,""quantum_shot_uncertainty"":false,""rare_event_cost_tail"":""UNRESOLVED"",""var_cosine"":0.0,""var_sine"":0.0}"
1eb5f5eda16fd85285ec0cf28de2f73ffbd12d2682d89dedf45f559142e23378,,rz_depth,,"{""cov_cos_sin"":0.0,""cross_candidate_covariance"":null,""formal_ci"":false,""interval_kind"":""ENGINEERING_INTERVAL_ONLY"",""mean_cosine"":37393.0,""mean_sine"":37393.0,""n"":1,""quantum_shot_uncertainty"":false,""rare_event_cost_tail"":""UNRESOLVED"",""var_cosine"":0.0,""var_sine"":0.0}"
1eb5f5eda16fd85285ec0cf28de2f73ffbd12d2682d89dedf45f559142e23378,,cx_count,,"{""cov_cos_sin"":0.0,""cross_candidate_covariance"":null,""formal_ci"":false,""interval_kind"":""ENGINEERING_INTERVAL_ONLY"",""mean_cosine"":47488.0,""mean_sine"":47488.0,""n"":1,""quantum_shot_uncertainty"":false,""rare_event_cost_tail"":""UNRESOLVED"",""var_cosine"":0.0,""var_sine"":0.0}"
1eb5f5eda16fd85285ec0cf28de2f73ffbd12d2682d89dedf45f559142e23378,,cx_depth,,"{""cov_cos_sin"":0.0,""cross_candidate_covariance"":null,""formal_ci"":false,""interval_kind"":""ENGINEERING_INTERVAL_ONLY"",""mean_cosine"":40512.0,""mean_sine"":40512.0,""n"":1,""quantum_shot_uncertainty"":false,""rare_event_cost_tail"":""UNRESOLVED"",""var_cosine"":0.0,""var_sine"":0.0}"
1eb5f5eda16fd85285ec0cf28de2f73ffbd12d2682d89dedf45f559142e23378,,total_depth,,"{""cov_cos_sin"":0.0,""cross_candidate_covariance"":null,""formal_ci"":false,""interval_kind"":""ENGINEERING_INTERVAL_ONLY"",""mean_cosine"":81434.0,""mean_sine"":81434.0,""n"":1,""quantum_shot_uncertainty"":false,""rare_event_cost_tail"":""UNRESOLVED"",""var_cosine"":0.0,""var_sine"":0.0}"
1eb5f5eda16fd85285ec0cf28de2f73ffbd12d2682d89dedf45f559142e23378,,circuit_size,,"{""cov_cos_sin"":0.0,""cross_candidate_covariance"":null,""formal_ci"":false,""interval_kind"":""ENGINEERING_INTERVAL_ONLY"",""mean_cosine"":157145.0,""mean_sine"":157145.0,""n"":1,""quantum_shot_uncertainty"":false,""rare_event_cost_tail"":""UNRESOLVED"",""var_cosine"":0.0,""var_sine"":0.0}"
1f181876c150c7bae32c4eace35ae31ab6dad4ba5d329a0171975eaca0cf4ce5,,rz_count,,"{""cov_cos_sin"":3276.3780241935483,""cross_candidate_covariance"":null,""formal_ci"":false,""interval_kind"":""ENGINEERING_INTERVAL_ONLY"",""mean_cosine"":22217.40625,""mean_sine"":22217.40625,""n"":32,""quantum_shot_uncertainty"":false,""rare_event_cost_tail"":""UNRESOLVED"",""var_cosine"":3276.3780241935483,""var_sine"":3276.3780241935483}"
1f181876c150c7bae32c4eace35ae31ab6dad4ba5d329a0171975eaca0cf4ce5,,rz_depth,,"{""cov_cos_sin"":28.56451612903226,""cross_candidate_covariance"":null,""formal_ci"":false,""interval_kind"":""ENGINEERING_INTERVAL_ONLY"",""mean_cosine"":9654.625,""mean_sine"":9654.625,""n"":32,""quantum_shot_uncertainty"":false,""rare_event_cost_tail"":""UNRESOLVED"",""var_cosine"":28.56451612903226,""var_sine"":28.56451612903226}"
1f181876c150c7bae32c4eace35ae31ab6dad4ba5d329a0171975eaca0cf4ce5,,cx_count,,"{""cov_cos_sin"":318.56451612903226,""cross_candidate_covariance"":null,""formal_ci"":false,""interval_kind"":""ENGINEERING_INTERVAL_ONLY"",""mean_cosine"":12374.625,""mean_sine"":12374.625,""n"":32,""quantum_shot_uncertainty"":false,""rare_event_cost_tail"":""UNRESOLVED"",""var_cosine"":318.56451612903226,""var_sine"":318.56451612903226}"
1f181876c150c7bae32c4eace35ae31ab6dad4ba5d329a0171975eaca0cf4ce5,,cx_depth,,"{""cov_cos_sin"":28.322580645161292,""cross_candidate_covariance"":null,""formal_ci"":false,""interval_kind"":""ENGINEERING_INTERVAL_ONLY"",""mean_cosine"":10313.25,""mean_sine"":10313.25,""n"":32,""quantum_shot_uncertainty"":false,""rare_event_cost_tail"":""UNRESOLVED"",""var_cosine"":28.322580645161292,""var_sine"":28.322580645161292}"
1f181876c150c7bae32c4eace35ae31ab6dad4ba5d329a0171975eaca0cf4ce5,,total_depth,,"{""cov_cos_sin"":143.8709677419355,""cross_candidate_covariance"":null,""formal_ci"":false,""interval_kind"":""ENGINEERING_INTERVAL_ONLY"",""mean_cosine"":21029.75,""mean_sine"":21029.75,""n"":32,""quantum_shot_uncertainty"":false,""rare_event_cost_tail"":""UNRESOLVED"",""var_cosine"":143.8709677419355,""var_sine"":143.8709677419355}"
1f181876c150c7bae32c4eace35ae31ab6dad4ba5d329a0171975eaca0cf4ce5,,circuit_size,,"{""cov_cos_sin"":11384.942540322581,""cross_candidate_covariance"":null,""formal_ci"":false,""interval_kind"":""ENGINEERING_INTERVAL_ONLY"",""mean_cosine"":42511.65625,""mean_sine"":42511.65625,""n"":32,""quantum_shot_uncertainty"":false,""rare_event_cost_tail"":""UNRESOLVED"",""var_cosine"":11384.942540322581,""var_sine"":11384.942540322581}"
1f47cf083aa52bf62847b99e9d1b45cd2ec87e9989523f46bfe28bbce8178375,,rz_count,,"{""cov_cos_sin"":2107.5393145161293,""cross_candidate_covariance"":null,""formal_ci"":false,""interval_kind"":""ENGINEERING_INTERVAL_ONLY"",""mean_cosine"":11815.59375,""mean_sine"":11815.59375,""n"":32,""quantum_shot_uncertainty"":false,""rare_event_cost_tail"":""UNRESOLVED"",""var_cosine"":2107.5393145161293,""var_sine"":2107.5393145161293}"
1f47cf083aa52bf62847b99e9d1b45cd2ec87e9989523f46bfe28bbce8178375,,rz_depth,,"{""cov_cos_sin"":8.80241935483871,""cross_candidate_covariance"":null,""formal_ci"":false,""interval_kind"":""ENGINEERING_INTERVAL_ONLY"",""mean_cosine"":5003.1875,""mean_sine"":5003.1875,""n"":32,""quantum_shot_uncertainty"":false,""rare_event_cost_tail"":""UNRESOLVED"",""var_cosine"":8.80241935483871,""var_sine"":8.80241935483871}"
1f47cf083aa52bf62847b99e9d1b45cd2ec87e9989523f46bfe28bbce8178375,,cx_count,,"{""cov_cos_sin"":156.28629032258064,""cross_candidate_covariance"":null,""formal_ci"":false,""interval_kind"":""ENGINEERING_INTERVAL_ONLY"",""mean_cosine"":6438.6875,""mean_sine"":6438.6875,""n"":32,""quantum_shot_uncertainty"":false,""rare_event_cost_tail"":""UNRESOLVED"",""var_cosine"":156.28629032258064,""var_sine"":156.28629032258064}"
1f47cf083aa52bf62847b99e9d1b45cd2ec87e9989523f46bfe28bbce8178375,,cx_depth,,"{""cov_cos_sin"":1.6733870967741935,""cross_candidate_covariance"":null,""formal_ci"":false,""interval_kind"":""ENGINEERING_INTERVAL_ONLY"",""mean_cosine"":5282.4375,""mean_sine"":5282.4375,""n"":32,""quantum_shot_uncertainty"":false,""rare_event_cost_tail"":""UNRESOLVED"",""var_cosine"":1.6733870967741935,""var_sine"":1.6733870967741935}"
1f47cf083aa52bf62847b99e9d1b45cd2ec87e9989523f46bfe28bbce8178375,,total_depth,,"{""cov_cos_sin"":46.435483870967744,""cross_candidate_covariance"":null,""formal_ci"":false,""interval_kind"":""ENGINEERING_INTERVAL_ONLY"",""mean_cosine"":10900.125,""mean_sine"":10900.125,""n"":32,""quantum_shot_uncertainty"":false,""rare_event_cost_tail"":""UNRESOLVED"",""var_cosine"":46.435483870967744,""var_sine"":46.435483870967744}"
1f47cf083aa52bf62847b99e9d1b45cd2ec87e9989523f46bfe28bbce8178375,,circuit_size,,"{""cov_cos_sin"":9757.652217741936,""cross_candidate_covariance"":null,""formal_ci"":false,""interval_kind"":""ENGINEERING_INTERVAL_ONLY"",""mean_cosine"":22509.34375,""mean_sine"":22509.34375,""n"":32,""quantum_shot_uncertainty"":false,""rare_event_cost_tail"":""UNRESOLVED"",""var_cosine"":9757.652217741936,""var_sine"":9757.652217741936}"
1f755b938934c6efc8d31d21444c585ca0fbf1c1ee9b426adf55f08ea9061d22,,rz_count,,"{""cov_cos_sin"":547614.8024193548,""cross_candidate_covariance"":null,""formal_ci"":false,""interval_kind"":""ENGINEERING_INTERVAL_ONLY"",""mean_cosine"":2160.1875,""mean_sine"":2160.1875,""n"":32,""quantum_shot_uncertainty"":false,""rare_event_cost_tail"":""UNRESOLVED"",""var_cosine"":547614.8024193548,""var_sine"":547614.8024193548}"
1f755b938934c6efc8d31d21444c585ca0fbf1c1ee9b426adf55f08ea9061d22,,rz_depth,,"{""cov_cos_sin"":23300.75806451613,""cross_candidate_covariance"":null,""formal_ci"":false,""interval_kind"":""ENGINEERING_INTERVAL_ONLY"",""mean_cosine"":457.125,""mean_sine"":457.125,""n"":32,""quantum_shot_uncertainty"":false,""rare_event_cost_tail"":""UNRESOLVED"",""var_cosine"":23300.75806451613,""var_sine"":23300.75806451613}"
1f755b938934c6efc8d31d21444c585ca0fbf1c1ee9b426adf55f08ea9061d22,,cx_count,,"{""cov_cos_sin"":48948.07963709677,""cross_candidate_covariance"":null,""formal_ci"":false,""interval_kind"":""ENGINEERING_INTERVAL_ONLY"",""mean_cosine"":674.71875,""mean_sine"":674.71875,""n"":32,""quantum_shot_uncertainty"":false,""rare_event_cost_tail"":""UNRESOLVED"",""var_cosine"":48948.07963709677,""var_sine"":48948.07963709677}"
1f755b938934c6efc8d31d21444c585ca0fbf1c1ee9b426adf55f08ea9061d22,,cx_depth,,"{""cov_cos_sin"":7291.644153225807,""cross_candidate_covariance"":null,""formal_ci"":false,""interval_kind"":""ENGINEERING_INTERVAL_ONLY"",""mean_cosine"":279.96875,""mean_sine"":279.96875,""n"":32,""quantum_shot_uncertainty"":false,""rare_event_cost_tail"":""UNRESOLVED"",""var_cosine"":7291.644153225807,""var_sine"":7291.644153225807}"
1f755b938934c6efc8d31d21444c585ca0fbf1c1ee9b426adf55f08ea9061d22,,total_depth,,"{""cov_cos_sin"":115177.7379032258,""cross_candidate_covariance"":null,""formal_ci"":false,""interval_kind"":""ENGINEERING_INTERVAL_ONLY"",""mean_cosine"":1003.9375,""mean_sine"":1003.9375,""n"":32,""quantum_shot_uncertainty"":false,""rare_event_cost_tail"":""UNRESOLVED"",""var_cosine"":115177.7379032258,""var_sine"":115177.7379032258}"
1f755b938934c6efc8d31d21444c585ca0fbf1c1ee9b426adf55f08ea9061d22,,circuit_size,,"{""cov_cos_sin"":2111625.53125,""cross_candidate_covariance"":null,""formal_ci"":false,""interval_kind"":""ENGINEERING_INTERVAL_ONLY"",""mean_cosine"":4150.78125,""mean_sine"":4150.78125,""n"":32,""quantum_shot_uncertainty"":false,""rare_event_cost_tail"":""UNRESOLVED"",""var_cosine"":2111625.53125,""var_sine"":2111625.53125}"
2072b954a9b8750bd6b8b860ac8d845a97acef1ca15b30d23b220eba55476d3a,,rz_count,,"{""cov_cos_sin"":981477.7258064516,""cross_candidate_covariance"":null,""formal_ci"":false,""interval_kind"":""ENGINEERING_INTERVAL_ONLY"",""mean_cosine"":94686.125,""mean_sine"":94686.125,""n"":32,""quantum_shot_uncertainty"":false,""rare_event_cost_tail"":""UNRESOLVED"",""var_cosine"":981477.7258064516,""var_sine"":981477.7258064516}"
2072b954a9b8750bd6b8b860ac8d845a97acef1ca15b30d23b220eba55476d3a,,rz_depth,,"{""cov_cos_sin"":49680.9314516129,""cross_candidate_covariance"":null,""formal_ci"":false,""interval_kind"":""ENGINEERING_INTERVAL_ONLY"",""mean_cosine"":41586.3125,""mean_sine"":41586.3125,""n"":32,""quantum_shot_uncertainty"":false,""rare_event_cost_tail"":""UNRESOLVED"",""var_cosine"":49680.9314516129,""var_sine"":49680.9314516129}"
2072b954a9b8750bd6b8b860ac8d845a97acef1ca15b30d23b220eba55476d3a,,cx_count,,"{""cov_cos_sin"":86604.24193548386,""cross_candidate_covariance"":null,""formal_ci"":false,""interval_kind"":""ENGINEERING_INTERVAL_ONLY"",""mean_cosine"":53147.625,""mean_sine"":53147.625,""n"":32,""quantum_shot_uncertainty"":false,""rare_event_cost_tail"":""UNRESOLVED"",""var_cosine"":86604.24193548386,""var_sine"":86604.24193548386}"
2072b954a9b8750bd6b8b860ac8d845a97acef1ca15b30d23b220eba55476d3a,,cx_depth,,"{""cov_cos_sin"":15068.716733870968,""cross_candidate_covariance"":null,""formal_ci"":false,""interval_kind"":""ENGINEERING_INTERVAL_ONLY"",""mean_cosine"":44474.15625,""mean_sine"":44474.15625,""n"":32,""quantum_shot_uncertainty"":false,""rare_event_cost_tail"":""UNRESOLVED"",""var_cosine"":15068.716733870968,""var_sine"":15068.716733870968}"
2072b954a9b8750bd6b8b860ac8d845a97acef1ca15b30d23b220eba55476d3a,,total_depth,,"{""cov_cos_sin"":219830.47983870967,""cross_candidate_covariance"":null,""formal_ci"":false,""interval_kind"":""ENGINEERING_INTERVAL_ONLY"",""mean_cosine"":90437.8125,""mean_sine"":90437.8125,""n"":32,""quantum_shot_uncertainty"":false,""rare_event_cost_tail"":""UNRESOLVED"",""var_cosine"":219830.47983870967,""var_sine"":219830.47983870967}"
2072b954a9b8750bd6b8b860ac8d845a97acef1ca15b30d23b220eba55476d3a,,circuit_size,,"{""cov_cos_sin"":3454987.88608871,""cross_candidate_covariance"":null,""formal_ci"":false,""interval_kind"":""ENGINEERING_INTERVAL_ONLY"",""mean_cosine"":180966.71875,""mean_sine"":180966.71875,""n"":32,""quantum_shot_uncertainty"":false,""rare_event_cost_tail"":""UNRESOLVED"",""var_cosine"":3454987.88608871,""var_sine"":3454987.88608871}"
20b11fae9be7109e97b53be41cc58aad912a4f9ecd1ae30435905c63fc6e5d93,,rz_count,,"{""cov_cos_sin"":3915.1844758064517,""cross_candidate_covariance"":null,""formal_ci"":false,""interval_kind"":""ENGINEERING_INTERVAL_ONLY"",""mean_cosine"":44304.90625,""mean_sine"":44304.90625,""n"":32,""quantum_shot_uncertainty"":false,""rare_event_cost_tail"":""UNRESOLVED"",""var_cosine"":3915.1844758064517,""var_sine"":3915.1844758064517}"
20b11fae9be7109e97b53be41cc58aad912a4f9ecd1ae30435905c63fc6e5d93,,rz_depth,,"{""cov_cos_sin"":252.3508064516129,""cross_candidate_covariance"":null,""formal_ci"":false,""interval_kind"":""ENGINEERING_INTERVAL_ONLY"",""mean_cosine"":19290.6875,""mean_sine"":19290.6875,""n"":32,""quantum_shot_uncertainty"":false,""rare_event_cost_tail"":""UNRESOLVED"",""var_cosine"":252.3508064516129,""var_sine"":252.3508064516129}"
20b11fae9be7109e97b53be41cc58aad912a4f9ecd1ae30435905c63fc6e5d93,,cx_count,,"{""cov_cos_sin"":432.51209677419354,""cross_candidate_covariance"":null,""formal_ci"":false,""interval_kind"":""ENGINEERING_INTERVAL_ONLY"",""mean_cosine"":24734.9375,""mean_sine"":24734.9375,""n"":32,""quantum_shot_uncertainty"":false,""rare_event_cost_tail"":""UNRESOLVED"",""var_cosine"":432.51209677419354,""var_sine"":432.51209677419354}"
20b11fae9be7109e97b53be41cc58aad912a4f9ecd1ae30435905c63fc6e5d93,,cx_depth,,"{""cov_cos_sin"":144.0483870967742,""cross_candidate_covariance"":null,""formal_ci"":false,""interval_kind"":""ENGINEERING_INTERVAL_ONLY"",""mean_cosine"":20636.125,""mean_sine"":20636.125,""n"":32,""quantum_shot_uncertainty"":false,""rare_event_cost_tail"":""UNRESOLVED"",""var_cosine"":144.0483870967742,""var_sine"":144.0483870967742}"
20b11fae9be7109e97b53be41cc58aad912a4f9ecd1ae30435905c63fc6e5d93,,total_depth,,"{""cov_cos_sin"":1065.1612903225807,""cross_candidate_covariance"":null,""formal_ci"":false,""interval_kind"":""ENGINEERING_INTERVAL_ONLY"",""mean_cosine"":42019.5,""mean_sine"":42019.5,""n"":32,""quantum_shot_uncertainty"":false,""rare_event_cost_tail"":""UNRESOLVED"",""var_cosine"":1065.1612903225807,""var_sine"":1065.1612903225807}"
20b11fae9be7109e97b53be41cc58aad912a4f9ecd1ae30435905c63fc6e5d93,,circuit_size,,"{""cov_cos_sin"":13003.790322580646,""cross_candidate_covariance"":null,""formal_ci"":false,""interval_kind"":""ENGINEERING_INTERVAL_ONLY"",""mean_cosine"":84779.625,""mean_sine"":84779.625,""n"":32,""quantum_shot_uncertainty"":false,""rare_event_cost_tail"":""UNRESOLVED"",""var_cosine"":13003.790322580646,""var_sine"":13003.790322580646}"
23f5559418d8689bd80e95d87ea290b2f76ee48728bdda7a12cd18a8d529c8d0,,rz_count,,"{""cov_cos_sin"":0.0,""cross_candidate_covariance"":null,""formal_ci"":false,""interval_kind"":""ENGINEERING_INTERVAL_ONLY"",""mean_cosine"":159046.0,""mean_sine"":159046.0,""n"":1,""quantum_shot_uncertainty"":false,""rare_event_cost_tail"":""UNRESOLVED"",""var_cosine"":0.0,""var_sine"":0.0}"
23f5559418d8689bd80e95d87ea290b2f76ee48728bdda7a12cd18a8d529c8d0,,rz_depth,,"{""cov_cos_sin"":0.0,""cross_candidate_covariance"":null,""formal_ci"":false,""interval_kind"":""ENGINEERING_INTERVAL_ONLY"",""mean_cosine"":70041.0,""mean_sine"":70041.0,""n"":1,""quantum_shot_uncertainty"":false,""rare_event_cost_tail"":""UNRESOLVED"",""var_cosine"":0.0,""var_sine"":0.0}"
23f5559418d8689bd80e95d87ea290b2f76ee48728bdda7a12cd18a8d529c8d0,,cx_count,,"{""cov_cos_sin"":0.0,""cross_candidate_covariance"":null,""formal_ci"":false,""interval_kind"":""ENGINEERING_INTERVAL_ONLY"",""mean_cosine"":92224.0,""mean_sine"":92224.0,""n"":1,""quantum_shot_uncertainty"":false,""rare_event_cost_tail"":""UNRESOLVED"",""var_cosine"":0.0,""var_sine"":0.0}"
23f5559418d8689bd80e95d87ea290b2f76ee48728bdda7a12cd18a8d529c8d0,,cx_depth,,"{""cov_cos_sin"":0.0,""cross_candidate_covariance"":null,""formal_ci"":false,""interval_kind"":""ENGINEERING_INTERVAL_ONLY"",""mean_cosine"":78560.0,""mean_sine"":78560.0,""n"":1,""quantum_shot_uncertainty"":false,""rare_event_cost_tail"":""UNRESOLVED"",""var_cosine"":0.0,""var_sine"":0.0}"
23f5559418d8689bd80e95d87ea290b2f76ee48728bdda7a12cd18a8d529c8d0,,total_depth,,"{""cov_cos_sin"":0.0,""cross_candidate_covariance"":null,""formal_ci"":false,""interval_kind"":""ENGINEERING_INTERVAL_ONLY"",""mean_cosine"":155522.0,""mean_sine"":155522.0,""n"":1,""quantum_shot_uncertainty"":false,""rare_event_cost_tail"":""UNRESOLVED"",""var_cosine"":0.0,""var_sine"":0.0}"
23f5559418d8689bd80e95d87ea290b2f76ee48728bdda7a12cd18a8d529c8d0,,circuit_size,,"{""cov_cos_sin"":0.0,""cross_candidate_covariance"":null,""formal_ci"":false,""interval_kind"":""ENGINEERING_INTERVAL_ONLY"",""mean_cosine"":304121.0,""mean_sine"":304121.0,""n"":1,""quantum_shot_uncertainty"":false,""rare_event_cost_tail"":""UNRESOLVED"",""var_cosine"":0.0,""var_sine"":0.0}"
26b1ddb01fa478bdaf439432feff9a314c0e5da23eeba8db14e3cd9a4bf833ea,,rz_count,,"{""cov_cos_sin"":373361.8780241936,""cross_candidate_covariance"":null,""formal_ci"":false,""interval_kind"":""ENGINEERING_INTERVAL_ONLY"",""mean_cosine"":7586.84375,""mean_sine"":7586.84375,""n"":32,""quantum_shot_uncertainty"":false,""rare_event_cost_tail"":""UNRESOLVED"",""var_cosine"":373361.8780241936,""var_sine"":373361.8780241936}"
26b1ddb01fa478bdaf439432feff9a314c0e5da23eeba8db14e3cd9a4bf833ea,,rz_depth,,"{""cov_cos_sin"":11858.78125,""cross_candidate_covariance"":null,""formal_ci"":false,""interval_kind"":""ENGINEERING_INTERVAL_ONLY"",""mean_cosine"":2920.84375,""mean_sine"":2920.84375,""n"":32,""quantum_shot_uncertainty"":false,""rare_event_cost_tail"":""UNRESOLVED"",""var_cosine"":11858.78125,""var_sine"":11858.78125}"
26b1ddb01fa478bdaf439432feff9a314c0e5da23eeba8db14e3cd9a4bf833ea,,cx_count,,"{""cov_cos_sin"":31119.59677419355,""cross_candidate_covariance"":null,""formal_ci"":false,""interval_kind"":""ENGINEERING_INTERVAL_ONLY"",""mean_cosine"":3830.625,""mean_sine"":3830.625,""n"":32,""quantum_shot_uncertainty"":false,""rare_event_cost_tail"":""UNRESOLVED"",""var_cosine"":31119.59677419355,""var_sine"":31119.59677419355}"
26b1ddb01fa478bdaf439432feff9a314c0e5da23eeba8db14e3cd9a4bf833ea,,cx_depth,,"{""cov_cos_sin"":3290.4475806451615,""cross_candidate_covariance"":null,""formal_ci"":false,""interval_kind"":""ENGINEERING_INTERVAL_ONLY"",""mean_cosine"":2971.9375,""mean_sine"":2971.9375,""n"":32,""quantum_shot_uncertainty"":false,""rare_event_cost_tail"":""UNRESOLVED"",""var_cosine"":3290.4475806451615,""var_sine"":3290.4475806451615}"
26b1ddb01fa478bdaf439432feff9a314c0e5da23eeba8db14e3cd9a4bf833ea,,total_depth,,"{""cov_cos_sin"":59371.06048387097,""cross_candidate_covariance"":null,""formal_ci"":false,""interval_kind"":""ENGINEERING_INTERVAL_ONLY"",""mean_cosine"":6369.6875,""mean_sine"":6369.6875,""n"":32,""quantum_shot_uncertainty"":false,""rare_event_cost_tail"":""UNRESOLVED"",""var_cosine"":59371.06048387097,""var_sine"":59371.06048387097}"
26b1ddb01fa478bdaf439432feff9a314c0e5da23eeba8db14e3cd9a4bf833ea,,circuit_size,,"{""cov_cos_sin"":1508859.4909274194,""cross_candidate_covariance"":null,""formal_ci"":false,""interval_kind"":""ENGINEERING_INTERVAL_ONLY"",""mean_cosine"":14568.84375,""mean_sine"":14568.84375,""n"":32,""quantum_shot_uncertainty"":false,""rare_event_cost_tail"":""UNRESOLVED"",""var_cosine"":1508859.4909274194,""var_sine"":1508859.4909274194}"
2a25ec7dde94e71f05514143db7e8d8376837e58686e99f4acf800e0a3f34b76,,rz_count,,"{""cov_cos_sin"":882428.6935483871,""cross_candidate_covariance"":null,""formal_ci"":false,""interval_kind"":""ENGINEERING_INTERVAL_ONLY"",""mean_cosine"":26038.875,""mean_sine"":26038.875,""n"":32,""quantum_shot_uncertainty"":false,""rare_event_cost_tail"":""UNRESOLVED"",""var_cosine"":882428.6935483871,""var_sine"":882428.6935483871}"
2a25ec7dde94e71f05514143db7e8d8376837e58686e99f4acf800e0a3f34b76,,rz_depth,,"{""cov_cos_sin"":31128.821572580644,""cross_candidate_covariance"":null,""formal_ci"":false,""interval_kind"":""ENGINEERING_INTERVAL_ONLY"",""mean_cosine"":10638.21875,""mean_sine"":10638.21875,""n"":32,""quantum_shot_uncertainty"":false,""rare_event_cost_tail"":""UNRESOLVED"",""var_cosine"":31128.821572580644,""var_sine"":31128.821572580644}"
2a25ec7dde94e71f05514143db7e8d8376837e58686e99f4acf800e0a3f34b76,,cx_count,,"{""cov_cos_sin"":73797.79032258065,""cross_candidate_covariance"":null,""formal_ci"":false,""interval_kind"":""ENGINEERING_INTERVAL_ONLY"",""mean_cosine"":13794.625,""mean_sine"":13794.625,""n"":32,""quantum_shot_uncertainty"":false,""rare_event_cost_tail"":""UNRESOLVED"",""var_cosine"":73797.79032258065,""var_sine"":73797.79032258065}"
2a25ec7dde94e71f05514143db7e8d8376837e58686e99f4acf800e0a3f34b76,,cx_depth,,"{""cov_cos_sin"":8587.813508064517,""cross_candidate_covariance"":null,""formal_ci"":false,""interval_kind"":""ENGINEERING_INTERVAL_ONLY"",""mean_cosine"":11090.84375,""mean_sine"":11090.84375,""n"":32,""quantum_shot_uncertainty"":false,""rare_event_cost_tail"":""UNRESOLVED"",""var_cosine"":8587.813508064517,""var_sine"":8587.813508064517}"
2a25ec7dde94e71f05514143db7e8d8376837e58686e99f4acf800e0a3f34b76,,total_depth,,"{""cov_cos_sin"":153522.51612903227,""cross_candidate_covariance"":null,""formal_ci"":false,""interval_kind"":""ENGINEERING_INTERVAL_ONLY"",""mean_cosine"":23187.5,""mean_sine"":23187.5,""n"":32,""quantum_shot_uncertainty"":false,""rare_event_cost_tail"":""UNRESOLVED"",""var_cosine"":153522.51612903227,""var_sine"":153522.51612903227}"
2a25ec7dde94e71f05514143db7e8d8376837e58686e99f4acf800e0a3f34b76,,circuit_size,,"{""cov_cos_sin"":3529292.629032258,""cross_candidate_covariance"":null,""formal_ci"":false,""interval_kind"":""ENGINEERING_INTERVAL_ONLY"",""mean_cosine"":49809.875,""mean_sine"":49809.875,""n"":32,""quantum_shot_uncertainty"":false,""rare_event_cost_tail"":""UNRESOLVED"",""var_cosine"":3529292.629032258,""var_sine"":3529292.629032258}"
2a33fd5d9c87d1ff113c820ab806d679f9b58449af3039b141062d29a2b18198,,rz_count,,"{""cov_cos_sin"":0.0,""cross_candidate_covariance"":null,""formal_ci"":false,""interval_kind"":""ENGINEERING_INTERVAL_ONLY"",""mean_cosine"":10582.0,""mean_sine"":10582.0,""n"":1,""quantum_shot_uncertainty"":false,""rare_event_cost_tail"":""UNRESOLVED"",""var_cosine"":0.0,""var_sine"":0.0}"
2a33fd5d9c87d1ff113c820ab806d679f9b58449af3039b141062d29a2b18198,,rz_depth,,"{""cov_cos_sin"":0.0,""cross_candidate_covariance"":null,""formal_ci"":false,""interval_kind"":""ENGINEERING_INTERVAL_ONLY"",""mean_cosine"":4763.0,""mean_sine"":4763.0,""n"":1,""quantum_shot_uncertainty"":false,""rare_event_cost_tail"":""UNRESOLVED"",""var_cosine"":0.0,""var_sine"":0.0}"
2a33fd5d9c87d1ff113c820ab806d679f9b58449af3039b141062d29a2b18198,,cx_count,,"{""cov_cos_sin"":0.0,""cross_candidate_covariance"":null,""formal_ci"":false,""interval_kind"":""ENGINEERING_INTERVAL_ONLY"",""mean_cosine"":6064.0,""mean_sine"":6064.0,""n"":1,""quantum_shot_uncertainty"":false,""rare_event_cost_tail"":""UNRESOLVED"",""var_cosine"":0.0,""var_sine"":0.0}"
2a33fd5d9c87d1ff113c820ab806d679f9b58449af3039b141062d29a2b18198,,cx_depth,,"{""cov_cos_sin"":0.0,""cross_candidate_covariance"":null,""formal_ci"":false,""interval_kind"":""ENGINEERING_INTERVAL_ONLY"",""mean_cosine"":5146.0,""mean_sine"":5146.0,""n"":1,""quantum_shot_uncertainty"":false,""rare_event_cost_tail"":""UNRESOLVED"",""var_cosine"":0.0,""var_sine"":0.0}"
2a33fd5d9c87d1ff113c820ab806d679f9b58449af3039b141062d29a2b18198,,total_depth,,"{""cov_cos_sin"":0.0,""cross_candidate_covariance"":null,""formal_ci"":false,""interval_kind"":""ENGINEERING_INTERVAL_ONLY"",""mean_cosine"":10378.0,""mean_sine"":10378.0,""n"":1,""quantum_shot_uncertainty"":false,""rare_event_cost_tail"":""UNRESOLVED"",""var_cosine"":0.0,""var_sine"":0.0}"
2a33fd5d9c87d1ff113c820ab806d679f9b58449af3039b141062d29a2b18198,,circuit_size,,"{""cov_cos_sin"":0.0,""cross_candidate_covariance"":null,""formal_ci"":false,""interval_kind"":""ENGINEERING_INTERVAL_ONLY"",""mean_cosine"":20127.0,""mean_sine"":20127.0,""n"":1,""quantum_shot_uncertainty"":false,""rare_event_cost_tail"":""UNRESOLVED"",""var_cosine"":0.0,""var_sine"":0.0}"
2a527a84ef1481d55ffd576634b4a4841282871ce6d6872ca72767971c7255f2,,rz_count,,"{""cov_cos_sin"":168315.77016129033,""cross_candidate_covariance"":null,""formal_ci"":false,""interval_kind"":""ENGINEERING_INTERVAL_ONLY"",""mean_cosine"":6809.1875,""mean_sine"":6809.1875,""n"":32,""quantum_shot_uncertainty"":false,""rare_event_cost_tail"":""UNRESOLVED"",""var_cosine"":168315.77016129033,""var_sine"":168315.77016129033}"
2a527a84ef1481d55ffd576634b4a4841282871ce6d6872ca72767971c7255f2,,rz_depth,,"{""cov_cos_sin"":5641.063508064516,""cross_candidate_covariance"":null,""formal_ci"":false,""interval_kind"":""ENGINEERING_INTERVAL_ONLY"",""mean_cosine"":2717.96875,""mean_sine"":2717.96875,""n"":32,""quantum_shot_uncertainty"":false,""rare_event_cost_tail"":""UNRESOLVED"",""var_cosine"":5641.063508064516,""var_sine"":5641.063508064516}"
2a527a84ef1481d55ffd576634b4a4841282871ce6d6872ca72767971c7255f2,,cx_count,,"{""cov_cos_sin"":13911.41935483871,""cross_candidate_covariance"":null,""formal_ci"":false,""interval_kind"":""ENGINEERING_INTERVAL_ONLY"",""mean_cosine"":3539.25,""mean_sine"":3539.25,""n"":32,""quantum_shot_uncertainty"":false,""rare_event_cost_tail"":""UNRESOLVED"",""var_cosine"":13911.41935483871,""var_sine"":13911.41935483871}"
2a527a84ef1481d55ffd576634b4a4841282871ce6d6872ca72767971c7255f2,,cx_depth,,"{""cov_cos_sin"":1550.1895161290322,""cross_candidate_covariance"":null,""formal_ci"":false,""interval_kind"":""ENGINEERING_INTERVAL_ONLY"",""mean_cosine"":2807.5625,""mean_sine"":2807.5625,""n"":32,""quantum_shot_uncertainty"":false,""rare_event_cost_tail"":""UNRESOLVED"",""var_cosine"":1550.1895161290322,""var_sine"":1550.1895161290322}"
2a527a84ef1481d55ffd576634b4a4841282871ce6d6872ca72767971c7255f2,,total_depth,,"{""cov_cos_sin"":28387.160282258064,""cross_candidate_covariance"":null,""formal_ci"":false,""interval_kind"":""ENGINEERING_INTERVAL_ONLY"",""mean_cosine"":5922.53125,""mean_sine"":5922.53125,""n"":32,""quantum_shot_uncertainty"":false,""rare_event_cost_tail"":""UNRESOLVED"",""var_cosine"":28387.160282258064,""var_sine"":28387.160282258064}"
2a527a84ef1481d55ffd576634b4a4841282871ce6d6872ca72767971c7255f2,,circuit_size,,"{""cov_cos_sin"":684703.9637096775,""cross_candidate_covariance"":null,""formal_ci"":false,""interval_kind"":""ENGINEERING_INTERVAL_ONLY"",""mean_cosine"":13020.3125,""mean_sine"":13020.3125,""n"":32,""quantum_shot_uncertainty"":false,""rare_event_cost_tail"":""UNRESOLVED"",""var_cosine"":684703.9637096775,""var_sine"":684703.9637096775}"
2b5dab0ff9f2e50e8ca8641bc0074353f2e28f69d056c23d63fceb753782a158,,rz_count,,"{""cov_cos_sin"":6992075.039314516,""cross_candidate_covariance"":null,""formal_ci"":false,""interval_kind"":""ENGINEERING_INTERVAL_ONLY"",""mean_cosine"":72607.84375,""mean_sine"":72607.84375,""n"":32,""quantum_shot_uncertainty"":false,""rare_event_cost_tail"":""UNRESOLVED"",""var_cosine"":6992075.039314516,""var_sine"":6992075.039314516}"
2b5dab0ff9f2e50e8ca8641bc0074353f2e28f69d056c23d63fceb753782a158,,rz_depth,,"{""cov_cos_sin"":236028.7570564516,""cross_candidate_covariance"":null,""formal_ci"":false,""interval_kind"":""ENGINEERING_INTERVAL_ONLY"",""mean_cosine"":26522.21875,""mean_sine"":26522.21875,""n"":32,""quantum_shot_uncertainty"":false,""rare_event_cost_tail"":""UNRESOLVED"",""var_cosine"":236028.7570564516,""var_sine"":236028.7570564516}"
2b5dab0ff9f2e50e8ca8641bc0074353f2e28f69d056c23d63fceb753782a158,,cx_count,,"{""cov_cos_sin"":582291.4677419355,""cross_candidate_covariance"":null,""formal_ci"":false,""interval_kind"":""ENGINEERING_INTERVAL_ONLY"",""mean_cosine"":35113.375,""mean_sine"":35113.375,""n"":32,""quantum_shot_uncertainty"":false,""rare_event_cost_tail"":""UNRESOLVED"",""var_cosine"":582291.4677419355,""var_sine"":582291.4677419355}"
2b5dab0ff9f2e50e8ca8641bc0074353f2e28f69d056c23d63fceb753782a158,,cx_depth,,"{""cov_cos_sin"":66237.93145161291,""cross_candidate_covariance"":null,""formal_ci"":false,""interval_kind"":""ENGINEERING_INTERVAL_ONLY"",""mean_cosine"":26311.9375,""mean_sine"":26311.9375,""n"":32,""quantum_shot_uncertainty"":false,""rare_event_cost_tail"":""UNRESOLVED"",""var_cosine"":66237.93145161291,""var_sine"":66237.93145161291}"
2b5dab0ff9f2e50e8ca8641bc0074353f2e28f69d056c23d63fceb753782a158,,total_depth,,"{""cov_cos_sin"":1177829.6612903227,""cross_candidate_covariance"":null,""formal_ci"":false,""interval_kind"":""ENGINEERING_INTERVAL_ONLY"",""mean_cosine"":57899.125,""mean_sine"":57899.125,""n"":32,""quantum_shot_uncertainty"":false,""rare_event_cost_tail"":""UNRESOLVED"",""var_cosine"":1177829.6612903227,""var_sine"":1177829.6612903227}"
2b5dab0ff9f2e50e8ca8641bc0074353f2e28f69d056c23d63fceb753782a158,,circuit_size,,"{""cov_cos_sin"":27948651.548387095,""cross_candidate_covariance"":null,""formal_ci"":false,""interval_kind"":""ENGINEERING_INTERVAL_ONLY"",""mean_cosine"":140334.75,""mean_sine"":140334.75,""n"":32,""quantum_shot_uncertainty"":false,""rare_event_cost_tail"":""UNRESOLVED"",""var_cosine"":27948651.548387095,""var_sine"":27948651.548387095}"
2bae3de500df0676aa16f29c6ba63b0c02e98824df975ed0d3942faa53640140,,rz_count,,"{""cov_cos_sin"":262723.1683467742,""cross_candidate_covariance"":null,""formal_ci"":false,""interval_kind"":""ENGINEERING_INTERVAL_ONLY"",""mean_cosine"":7819.15625,""mean_sine"":7819.15625,""n"":32,""quantum_shot_uncertainty"":false,""rare_event_cost_tail"":""UNRESOLVED"",""var_cosine"":262723.1683467742,""var_sine"":262723.1683467742}"
2bae3de500df0676aa16f29c6ba63b0c02e98824df975ed0d3942faa53640140,,rz_depth,,"{""cov_cos_sin"":9382.822580645161,""cross_candidate_covariance"":null,""formal_ci"":false,""interval_kind"":""ENGINEERING_INTERVAL_ONLY"",""mean_cosine"":2969.625,""mean_sine"":2969.625,""n"":32,""quantum_shot_uncertainty"":false,""rare_event_cost_tail"":""UNRESOLVED"",""var_cosine"":9382.822580645161,""var_sine"":9382.822580645161}"
2bae3de500df0676aa16f29c6ba63b0c02e98824df975ed0d3942faa53640140,,cx_count,,"{""cov_cos_sin"":22243.854838709678,""cross_candidate_covariance"":null,""formal_ci"":false,""interval_kind"":""ENGINEERING_INTERVAL_ONLY"",""mean_cosine"":3900.125,""mean_sine"":3900.125,""n"":32,""quantum_shot_uncertainty"":false,""rare_event_cost_tail"":""UNRESOLVED"",""var_cosine"":22243.854838709678,""var_sine"":22243.854838709678}"
2bae3de500df0676aa16f29c6ba63b0c02e98824df975ed0d3942faa53640140,,cx_depth,,"{""cov_cos_sin"":2595.8377016129034,""cross_candidate_covariance"":null,""formal_ci"":false,""interval_kind"":""ENGINEERING_INTERVAL_ONLY"",""mean_cosine"":2997.96875,""mean_sine"":2997.96875,""n"":32,""quantum_shot_uncertainty"":false,""rare_event_cost_tail"":""UNRESOLVED"",""var_cosine"":2595.8377016129034,""var_sine"":2595.8377016129034}"
2bae3de500df0676aa16f29c6ba63b0c02e98824df975ed0d3942faa53640140,,total_depth,,"{""cov_cos_sin"":46513.95866935484,""cross_candidate_covariance"":null,""formal_ci"":false,""interval_kind"":""ENGINEERING_INTERVAL_ONLY"",""mean_cosine"":6476.09375,""mean_sine"":6476.09375,""n"":32,""quantum_shot_uncertainty"":false,""rare_event_cost_tail"":""UNRESOLVED"",""var_cosine"":46513.95866935484,""var_sine"":46513.95866935484}"
2bae3de500df0676aa16f29c6ba63b0c02e98824df975ed0d3942faa53640140,,circuit_size,,"{""cov_cos_sin"":1038451.9193548387,""cross_candidate_covariance"":null,""formal_ci"":false,""interval_kind"":""ENGINEERING_INTERVAL_ONLY"",""mean_cosine"":15012.625,""mean_sine"":15012.625,""n"":32,""quantum_shot_uncertainty"":false,""rare_event_cost_tail"":""UNRESOLVED"",""var_cosine"":1038451.9193548387,""var_sine"":1038451.9193548387}"
2caa6473e54141eda42d4324121850162754ffc43f8af467d07f84dbf97c01c3,,rz_count,,"{""cov_cos_sin"":160331.45866935485,""cross_candidate_covariance"":null,""formal_ci"":false,""interval_kind"":""ENGINEERING_INTERVAL_ONLY"",""mean_cosine"":2948.34375,""mean_sine"":2948.34375,""n"":32,""quantum_shot_uncertainty"":false,""rare_event_cost_tail"":""UNRESOLVED"",""var_cosine"":160331.45866935485,""var_sine"":160331.45866935485}"
2caa6473e54141eda42d4324121850162754ffc43f8af467d07f84dbf97c01c3,,rz_depth,,"{""cov_cos_sin"":6821.966733870968,""cross_candidate_covariance"":null,""formal_ci"":false,""interval_kind"":""ENGINEERING_INTERVAL_ONLY"",""mean_cosine"":636.96875,""mean_sine"":636.96875,""n"":32,""quantum_shot_uncertainty"":false,""rare_event_cost_tail"":""UNRESOLVED"",""var_cosine"":6821.966733870968,""var_sine"":6821.966733870968}"
2caa6473e54141eda42d4324121850162754ffc43f8af467d07f84dbf97c01c3,,cx_count,,"{""cov_cos_sin"":14145.982862903225,""cross_candidate_covariance"":null,""formal_ci"":false,""interval_kind"":""ENGINEERING_INTERVAL_ONLY"",""mean_cosine"":930.78125,""mean_sine"":930.78125,""n"":32,""quantum_shot_uncertainty"":false,""rare_event_cost_tail"":""UNRESOLVED"",""var_cosine"":14145.982862903225,""var_sine"":14145.982862903225}"
2caa6473e54141eda42d4324121850162754ffc43f8af467d07f84dbf97c01c3,,cx_depth,,"{""cov_cos_sin"":2200.9425403225805,""cross_candidate_covariance"":null,""formal_ci"":false,""interval_kind"":""ENGINEERING_INTERVAL_ONLY"",""mean_cosine"":388.65625,""mean_sine"":388.65625,""n"":32,""quantum_shot_uncertainty"":false,""rare_event_cost_tail"":""UNRESOLVED"",""var_cosine"":2200.9425403225805,""var_sine"":2200.9425403225805}"
2caa6473e54141eda42d4324121850162754ffc43f8af467d07f84dbf97c01c3,,total_depth,,"{""cov_cos_sin"":34688.69254032258,""cross_candidate_covariance"":null,""formal_ci"":false,""interval_kind"":""ENGINEERING_INTERVAL_ONLY"",""mean_cosine"":1387.21875,""mean_sine"":1387.21875,""n"":32,""quantum_shot_uncertainty"":false,""rare_event_cost_tail"":""UNRESOLVED"",""var_cosine"":34688.69254032258,""var_sine"":34688.69254032258}"
2caa6473e54141eda42d4324121850162754ffc43f8af467d07f84dbf97c01c3,,circuit_size,,"{""cov_cos_sin"":632453.2570564516,""cross_candidate_covariance"":null,""formal_ci"":false,""interval_kind"":""ENGINEERING_INTERVAL_ONLY"",""mean_cosine"":5602.96875,""mean_sine"":5602.96875,""n"":32,""quantum_shot_uncertainty"":false,""rare_event_cost_tail"":""UNRESOLVED"",""var_cosine"":632453.2570564516,""var_sine"":632453.2570564516}"
2dfb7c8f663ea3b1458b4988c4e483f829644b4ca79032b3e602a1be6d3de8f3,,rz_count,,"{""cov_cos_sin"":346172.57157258067,""cross_candidate_covariance"":null,""formal_ci"":false,""interval_kind"":""ENGINEERING_INTERVAL_ONLY"",""mean_cosine"":2457.59375,""mean_sine"":2457.59375,""n"":32,""quantum_shot_uncertainty"":false,""rare_event_cost_tail"":""UNRESOLVED"",""var_cosine"":346172.57157258067,""var_sine"":346172.57157258067}"
2dfb7c8f663ea3b1458b4988c4e483f829644b4ca79032b3e602a1be6d3de8f3,,rz_depth,,"{""cov_cos_sin"":15265.490927419354,""cross_candidate_covariance"":null,""formal_ci"":false,""interval_kind"":""ENGINEERING_INTERVAL_ONLY"",""mean_cosine"":528.84375,""mean_sine"":528.84375,""n"":32,""quantum_shot_uncertainty"":false,""rare_event_cost_tail"":""UNRESOLVED"",""var_cosine"":15265.490927419354,""var_sine"":15265.490927419354}"
2dfb7c8f663ea3b1458b4988c4e483f829644b4ca79032b3e602a1be6d3de8f3,,cx_count,,"{""cov_cos_sin"":31277.032258064515,""cross_candidate_covariance"":null,""formal_ci"":false,""interval_kind"":""ENGINEERING_INTERVAL_ONLY"",""mean_cosine"":778.25,""mean_sine"":778.25,""n"":32,""quantum_shot_uncertainty"":false,""rare_event_cost_tail"":""UNRESOLVED"",""var_cosine"":31277.032258064515,""var_sine"":31277.032258064515}"
2dfb7c8f663ea3b1458b4988c4e483f829644b4ca79032b3e602a1be6d3de8f3,,cx_depth,,"{""cov_cos_sin"":5058.370967741936,""cross_candidate_covariance"":null,""formal_ci"":false,""interval_kind"":""ENGINEERING_INTERVAL_ONLY"",""mean_cosine"":331.125,""mean_sine"":331.125,""n"":32,""quantum_shot_uncertainty"":false,""rare_event_cost_tail"":""UNRESOLVED"",""var_cosine"":5058.370967741936,""var_sine"":5058.370967741936}"
2dfb7c8f663ea3b1458b4988c4e483f829644b4ca79032b3e602a1be6d3de8f3,,total_depth,,"{""cov_cos_sin"":76154.07963709677,""cross_candidate_covariance"":null,""formal_ci"":false,""interval_kind"":""ENGINEERING_INTERVAL_ONLY"",""mean_cosine"":1161.71875,""mean_sine"":1161.71875,""n"":32,""quantum_shot_uncertainty"":false,""rare_event_cost_tail"":""UNRESOLVED"",""var_cosine"":76154.07963709677,""var_sine"":76154.07963709677}"
2dfb7c8f663ea3b1458b4988c4e483f829644b4ca79032b3e602a1be6d3de8f3,,circuit_size,,"{""cov_cos_sin"":1355693.6280241935,""cross_candidate_covariance"":null,""formal_ci"":false,""interval_kind"":""ENGINEERING_INTERVAL_ONLY"",""mean_cosine"":4737.71875,""mean_sine"":4737.71875,""n"":32,""quantum_shot_uncertainty"":false,""rare_event_cost_tail"":""UNRESOLVED"",""var_cosine"":1355693.6280241935,""var_sine"":1355693.6280241935}"
2dfe69ffa6dcdb300b6803666fec70973e749380595b152f39ff0c8a19413789,,rz_count,,"{""cov_cos_sin"":382826.5393145161,""cross_candidate_covariance"":null,""formal_ci"":false,""interval_kind"":""ENGINEERING_INTERVAL_ONLY"",""mean_cosine"":47556.90625,""mean_sine"":47556.90625,""n"":32,""quantum_shot_uncertainty"":false,""rare_event_cost_tail"":""UNRESOLVED"",""var_cosine"":382826.5393145161,""var_sine"":382826.5393145161}"
2dfe69ffa6dcdb300b6803666fec70973e749380595b152f39ff0c8a19413789,,rz_depth,,"{""cov_cos_sin"":19359.676411290322,""cross_candidate_covariance"":null,""formal_ci"":false,""interval_kind"":""ENGINEERING_INTERVAL_ONLY"",""mean_cosine"":20832.53125,""mean_sine"":20832.53125,""n"":32,""quantum_shot_uncertainty"":false,""rare_event_cost_tail"":""UNRESOLVED"",""var_cosine"":19359.676411290322,""var_sine"":19359.676411290322}"
2dfe69ffa6dcdb300b6803666fec70973e749380595b152f39ff0c8a19413789,,cx_count,,"{""cov_cos_sin"":35522.82258064516,""cross_candidate_covariance"":null,""formal_ci"":false,""interval_kind"":""ENGINEERING_INTERVAL_ONLY"",""mean_cosine"":26635.875,""mean_sine"":26635.875,""n"":32,""quantum_shot_uncertainty"":false,""rare_event_cost_tail"":""UNRESOLVED"",""var_cosine"":35522.82258064516,""var_sine"":35522.82258064516}"
2dfe69ffa6dcdb300b6803666fec70973e749380595b152f39ff0c8a19413789,,cx_depth,,"{""cov_cos_sin"":6933.829637096775,""cross_candidate_covariance"":null,""formal_ci"":false,""interval_kind"":""ENGINEERING_INTERVAL_ONLY"",""mean_cosine"":22258.09375,""mean_sine"":22258.09375,""n"":32,""quantum_shot_uncertainty"":false,""rare_event_cost_tail"":""UNRESOLVED"",""var_cosine"":6933.829637096775,""var_sine"":6933.829637096775}"
2dfe69ffa6dcdb300b6803666fec70973e749380595b152f39ff0c8a19413789,,total_depth,,"{""cov_cos_sin"":87013.51512096774,""cross_candidate_covariance"":null,""formal_ci"":false,""interval_kind"":""ENGINEERING_INTERVAL_ONLY"",""mean_cosine"":45301.96875,""mean_sine"":45301.96875,""n"":32,""quantum_shot_uncertainty"":false,""rare_event_cost_tail"":""UNRESOLVED"",""var_cosine"":87013.51512096774,""var_sine"":87013.51512096774}"
2dfe69ffa6dcdb300b6803666fec70973e749380595b152f39ff0c8a19413789,,circuit_size,,"{""cov_cos_sin"":1353066.6088709678,""cross_candidate_covariance"":null,""formal_ci"":false,""interval_kind"":""ENGINEERING_INTERVAL_ONLY"",""mean_cosine"":90880.6875,""mean_sine"":90880.6875,""n"":32,""quantum_shot_uncertainty"":false,""rare_event_cost_tail"":""UNRESOLVED"",""var_cosine"":1353066.6088709678,""var_sine"":1353066.6088709678}"
2e505e1c84c0033fde8c92ead4b49dc0269cebda2a0d00c7865b02c45b2ca80f,,rz_count,,"{""cov_cos_sin"":36675.07963709677,""cross_candidate_covariance"":null,""formal_ci"":false,""interval_kind"":""ENGINEERING_INTERVAL_ONLY"",""mean_cosine"":12073.78125,""mean_sine"":12073.78125,""n"":32,""quantum_shot_uncertainty"":false,""rare_event_cost_tail"":""UNRESOLVED"",""var_cosine"":36675.07963709677,""var_sine"":36675.07963709677}"
2e505e1c84c0033fde8c92ead4b49dc0269cebda2a0d00c7865b02c45b2ca80f,,rz_depth,,"{""cov_cos_sin"":1461.9637096774193,""cross_candidate_covariance"":null,""formal_ci"":false,""interval_kind"":""ENGINEERING_INTERVAL_ONLY"",""mean_cosine"":5059.8125,""mean_sine"":5059.8125,""n"":32,""quantum_shot_uncertainty"":false,""rare_event_cost_tail"":""UNRESOLVED"",""var_cosine"":1461.9637096774193,""var_sine"":1461.9637096774193}"
2e505e1c84c0033fde8c92ead4b49dc0269cebda2a0d00c7865b02c45b2ca80f,,cx_count,,"{""cov_cos_sin"":3142.1290322580644,""cross_candidate_covariance"":null,""formal_ci"":false,""interval_kind"":""ENGINEERING_INTERVAL_ONLY"",""mean_cosine"":6528.75,""mean_sine"":6528.75,""n"":32,""quantum_shot_uncertainty"":false,""rare_event_cost_tail"":""UNRESOLVED"",""var_cosine"":3142.1290322580644,""var_sine"":3142.1290322580644}"
2e505e1c84c0033fde8c92ead4b49dc0269cebda2a0d00c7865b02c45b2ca80f,,cx_depth,,"{""cov_cos_sin"":397.42641129032256,""cross_candidate_covariance"":null,""formal_ci"":false,""interval_kind"":""ENGINEERING_INTERVAL_ONLY"",""mean_cosine"":5326.15625,""mean_sine"":5326.15625,""n"":32,""quantum_shot_uncertainty"":false,""rare_event_cost_tail"":""UNRESOLVED"",""var_cosine"":397.42641129032256,""var_sine"":397.42641129032256}"
2e505e1c84c0033fde8c92ead4b49dc0269cebda2a0d00c7865b02c45b2ca80f,,total_depth,,"{""cov_cos_sin"":7161.611895161291,""cross_candidate_covariance"":null,""formal_ci"":false,""interval_kind"":""ENGINEERING_INTERVAL_ONLY"",""mean_cosine"":11025.53125,""mean_sine"":11025.53125,""n"":32,""quantum_shot_uncertainty"":false,""rare_event_cost_tail"":""UNRESOLVED"",""var_cosine"":7161.611895161291,""var_sine"":7161.611895161291}"
2e505e1c84c0033fde8c92ead4b49dc0269cebda2a0d00c7865b02c45b2ca80f,,circuit_size,,"{""cov_cos_sin"":147328.66028225806,""cross_candidate_covariance"":null,""formal_ci"":false,""interval_kind"":""ENGINEERING_INTERVAL_ONLY"",""mean_cosine"":23025.71875,""mean_sine"":23025.71875,""n"":32,""quantum_shot_uncertainty"":false,""rare_event_cost_tail"":""UNRESOLVED"",""var_cosine"":147328.66028225806,""var_sine"":147328.66028225806}"
30417cbeec0ce17eaa6d0e3cb89213b52cb65cb6c654cc0a1a427471d2c0cebd,,rz_count,,"{""cov_cos_sin"":1192064.8387096773,""cross_candidate_covariance"":null,""formal_ci"":false,""interval_kind"":""ENGINEERING_INTERVAL_ONLY"",""mean_cosine"":11263.5,""mean_sine"":11263.5,""n"":32,""quantum_shot_uncertainty"":false,""rare_event_cost_tail"":""UNRESOLVED"",""var_cosine"":1192064.8387096773,""var_sine"":1192064.8387096773}"
30417cbeec0ce17eaa6d0e3cb89213b52cb65cb6c654cc0a1a427471d2c0cebd,,rz_depth,,"{""cov_cos_sin"":50811.313508064515,""cross_candidate_covariance"":null,""formal_ci"":false,""interval_kind"":""ENGINEERING_INTERVAL_ONLY"",""mean_cosine"":2521.90625,""mean_sine"":2521.90625,""n"":32,""quantum_shot_uncertainty"":false,""rare_event_cost_tail"":""UNRESOLVED"",""var_cosine"":50811.313508064515,""var_sine"":50811.313508064515}"
30417cbeec0ce17eaa6d0e3cb89213b52cb65cb6c654cc0a1a427471d2c0cebd,,cx_count,,"{""cov_cos_sin"":107000.95060483871,""cross_candidate_covariance"":null,""formal_ci"":false,""interval_kind"":""ENGINEERING_INTERVAL_ONLY"",""mean_cosine"":3666.21875,""mean_sine"":3666.21875,""n"":32,""quantum_shot_uncertainty"":false,""rare_event_cost_tail"":""UNRESOLVED"",""var_cosine"":107000.95060483871,""var_sine"":107000.95060483871}"
30417cbeec0ce17eaa6d0e3cb89213b52cb65cb6c654cc0a1a427471d2c0cebd,,cx_depth,,"{""cov_cos_sin"":16387.290322580644,""cross_candidate_covariance"":null,""formal_ci"":false,""interval_kind"":""ENGINEERING_INTERVAL_ONLY"",""mean_cosine"":1636.75,""mean_sine"":1636.75,""n"":32,""quantum_shot_uncertainty"":false,""rare_event_cost_tail"":""UNRESOLVED"",""var_cosine"":16387.290322580644,""var_sine"":16387.290322580644}"
30417cbeec0ce17eaa6d0e3cb89213b52cb65cb6c654cc0a1a427471d2c0cebd,,total_depth,,"{""cov_cos_sin"":250489.5554435484,""cross_candidate_covariance"":null,""formal_ci"":false,""interval_kind"":""ENGINEERING_INTERVAL_ONLY"",""mean_cosine"":5515.84375,""mean_sine"":5515.84375,""n"":32,""quantum_shot_uncertainty"":false,""rare_event_cost_tail"":""UNRESOLVED"",""var_cosine"":250489.5554435484,""var_sine"":250489.5554435484}"
30417cbeec0ce17eaa6d0e3cb89213b52cb65cb6c654cc0a1a427471d2c0cebd,,circuit_size,,"{""cov_cos_sin"":4653396.350806451,""cross_candidate_covariance"":null,""formal_ci"":false,""interval_kind"":""ENGINEERING_INTERVAL_ONLY"",""mean_cosine"":21671.1875,""mean_sine"":21671.1875,""n"":32,""quantum_shot_uncertainty"":false,""rare_event_cost_tail"":""UNRESOLVED"",""var_cosine"":4653396.350806451,""var_sine"":4653396.350806451}"
311c4b79fd41796b21aee085729f34aafe4f4fbdee2fcc6bf5ac5da93caf9e63,,rz_count,,"{""cov_cos_sin"":462262.89919354836,""cross_candidate_covariance"":null,""formal_ci"":false,""interval_kind"":""ENGINEERING_INTERVAL_ONLY"",""mean_cosine"":3836.9375,""mean_sine"":3836.9375,""n"":32,""quantum_shot_uncertainty"":false,""rare_event_cost_tail"":""UNRESOLVED"",""var_cosine"":462262.89919354836,""var_sine"":462262.89919354836}"
311c4b79fd41796b21aee085729f34aafe4f4fbdee2fcc6bf5ac5da93caf9e63,,rz_depth,,"{""cov_cos_sin"":18480.608870967742,""cross_candidate_covariance"":null,""formal_ci"":false,""interval_kind"":""ENGINEERING_INTERVAL_ONLY"",""mean_cosine"":815.1875,""mean_sine"":815.1875,""n"":32,""quantum_shot_uncertainty"":false,""rare_event_cost_tail"":""UNRESOLVED"",""var_cosine"":18480.608870967742,""var_sine"":18480.608870967742}"
311c4b79fd41796b21aee085729f34aafe4f4fbdee2fcc6bf5ac5da93caf9e63,,cx_count,,"{""cov_cos_sin"":41139.36995967742,""cross_candidate_covariance"":null,""formal_ci"":false,""interval_kind"":""ENGINEERING_INTERVAL_ONLY"",""mean_cosine"":1211.71875,""mean_sine"":1211.71875,""n"":32,""quantum_shot_uncertainty"":false,""rare_event_cost_tail"":""UNRESOLVED"",""var_cosine"":41139.36995967742,""var_sine"":41139.36995967742}"
311c4b79fd41796b21aee085729f34aafe4f4fbdee2fcc6bf5ac5da93caf9e63,,cx_depth,,"{""cov_cos_sin"":6049.611895161291,""cross_candidate_covariance"":null,""formal_ci"":false,""interval_kind"":""ENGINEERING_INTERVAL_ONLY"",""mean_cosine"":502.46875,""mean_sine"":502.46875,""n"":32,""quantum_shot_uncertainty"":false,""rare_event_cost_tail"":""UNRESOLVED"",""var_cosine"":6049.611895161291,""var_sine"":6049.611895161291}"
311c4b79fd41796b21aee085729f34aafe4f4fbdee2fcc6bf5ac5da93caf9e63,,total_depth,,"{""cov_cos_sin"":92007.7379032258,""cross_candidate_covariance"":null,""formal_ci"":false,""interval_kind"":""ENGINEERING_INTERVAL_ONLY"",""mean_cosine"":1785.5625,""mean_sine"":1785.5625,""n"":32,""quantum_shot_uncertainty"":false,""rare_event_cost_tail"":""UNRESOLVED"",""var_cosine"":92007.7379032258,""var_sine"":92007.7379032258}"
311c4b79fd41796b21aee085729f34aafe4f4fbdee2fcc6bf5ac5da93caf9e63,,circuit_size,,"{""cov_cos_sin"":1800991.5635080645,""cross_candidate_covariance"":null,""formal_ci"":false,""interval_kind"":""ENGINEERING_INTERVAL_ONLY"",""mean_cosine"":7344.28125,""mean_sine"":7344.28125,""n"":32,""quantum_shot_uncertainty"":false,""rare_event_cost_tail"":""UNRESOLVED"",""var_cosine"":1800991.5635080645,""var_sine"":1800991.5635080645}"
320658683d49757b27e02857d72c812104b84a10d2e28161114e0e3882eba643,,rz_count,,"{""cov_cos_sin"":280199.4828629032,""cross_candidate_covariance"":null,""formal_ci"":false,""interval_kind"":""ENGINEERING_INTERVAL_ONLY"",""mean_cosine"":89750.46875,""mean_sine"":89750.46875,""n"":32,""quantum_shot_uncertainty"":false,""rare_event_cost_tail"":""UNRESOLVED"",""var_cosine"":280199.4828629032,""var_sine"":280199.4828629032}"
320658683d49757b27e02857d72c812104b84a10d2e28161114e0e3882eba643,,rz_depth,,"{""cov_cos_sin"":14441.935483870968,""cross_candidate_covariance"":null,""formal_ci"":false,""interval_kind"":""ENGINEERING_INTERVAL_ONLY"",""mean_cosine"":39131.0,""mean_sine"":39131.0,""n"":32,""quantum_shot_uncertainty"":false,""rare_event_cost_tail"":""UNRESOLVED"",""var_cosine"":14441.935483870968,""var_sine"":14441.935483870968}"
320658683d49757b27e02857d72c812104b84a10d2e28161114e0e3882eba643,,cx_count,,"{""cov_cos_sin"":26749.834677419356,""cross_candidate_covariance"":null,""formal_ci"":false,""interval_kind"":""ENGINEERING_INTERVAL_ONLY"",""mean_cosine"":50168.6875,""mean_sine"":50168.6875,""n"":32,""quantum_shot_uncertainty"":false,""rare_event_cost_tail"":""UNRESOLVED"",""var_cosine"":26749.834677419356,""var_sine"":26749.834677419356}"
320658683d49757b27e02857d72c812104b84a10d2e28161114e0e3882eba643,,cx_depth,,"{""cov_cos_sin"":5227.128024193548,""cross_candidate_covariance"":null,""formal_ci"":false,""interval_kind"":""ENGINEERING_INTERVAL_ONLY"",""mean_cosine"":41879.96875,""mean_sine"":41879.96875,""n"":32,""quantum_shot_uncertainty"":false,""rare_event_cost_tail"":""UNRESOLVED"",""var_cosine"":5227.128024193548,""var_sine"":5227.128024193548}"
320658683d49757b27e02857d72c812104b84a10d2e28161114e0e3882eba643,,total_depth,,"{""cov_cos_sin"":65437.145161290326,""cross_candidate_covariance"":null,""formal_ci"":false,""interval_kind"":""ENGINEERING_INTERVAL_ONLY"",""mean_cosine"":85213.375,""mean_sine"":85213.375,""n"":32,""quantum_shot_uncertainty"":false,""rare_event_cost_tail"":""UNRESOLVED"",""var_cosine"":65437.145161290326,""var_sine"":65437.145161290326}"
320658683d49757b27e02857d72c812104b84a10d2e28161114e0e3882eba643,,circuit_size,,"{""cov_cos_sin"":1016896.2419354839,""cross_candidate_covariance"":null,""formal_ci"":false,""interval_kind"":""ENGINEERING_INTERVAL_ONLY"",""mean_cosine"":171703.625,""mean_sine"":171703.625,""n"":32,""quantum_shot_uncertainty"":false,""rare_event_cost_tail"":""UNRESOLVED"",""var_cosine"":1016896.2419354839,""var_sine"":1016896.2419354839}"
3276bc2d6835f558e94f5062a78717aa12bb7c658550fe367a0cbf1ecf8f1ae2,,rz_count,,"{""cov_cos_sin"":7195.096774193548,""cross_candidate_covariance"":null,""formal_ci"":false,""interval_kind"":""ENGINEERING_INTERVAL_ONLY"",""mean_cosine"":63803.0,""mean_sine"":63803.0,""n"":32,""quantum_shot_uncertainty"":false,""rare_event_cost_tail"":""UNRESOLVED"",""var_cosine"":7195.096774193548,""var_sine"":7195.096774193548}"
3276bc2d6835f558e94f5062a78717aa12bb7c658550fe367a0cbf1ecf8f1ae2,,rz_depth,,"{""cov_cos_sin"":4.645161290322581,""cross_candidate_covariance"":null,""formal_ci"":false,""interval_kind"":""ENGINEERING_INTERVAL_ONLY"",""mean_cosine"":28578.0,""mean_sine"":28578.0,""n"":32,""quantum_shot_uncertainty"":false,""rare_event_cost_tail"":""UNRESOLVED"",""var_cosine"":4.645161290322581,""var_sine"":4.645161290322581}"
3276bc2d6835f558e94f5062a78717aa12bb7c658550fe367a0cbf1ecf8f1ae2,,cx_count,,"{""cov_cos_sin"":550.6451612903226,""cross_candidate_covariance"":null,""formal_ci"":false,""interval_kind"":""ENGINEERING_INTERVAL_ONLY"",""mean_cosine"":36313.25,""mean_sine"":36313.25,""n"":32,""quantum_shot_uncertainty"":false,""rare_event_cost_tail"":""UNRESOLVED"",""var_cosine"":550.6451612903226,""var_sine"":550.6451612903226}"
3276bc2d6835f558e94f5062a78717aa12bb7c658550fe367a0cbf1ecf8f1ae2,,cx_depth,,"{""cov_cos_sin"":4.5,""cross_candidate_covariance"":null,""formal_ci"":false,""interval_kind"":""ENGINEERING_INTERVAL_ONLY"",""mean_cosine"":30755.625,""mean_sine"":30755.625,""n"":32,""quantum_shot_uncertainty"":false,""rare_event_cost_tail"":""UNRESOLVED"",""var_cosine"":4.5,""var_sine"":4.5}"
3276bc2d6835f558e94f5062a78717aa12bb7c658550fe367a0cbf1ecf8f1ae2,,total_depth,,"{""cov_cos_sin"":99.33870967741936,""cross_candidate_covariance"":null,""formal_ci"":false,""interval_kind"":""ENGINEERING_INTERVAL_ONLY"",""mean_cosine"":62214.875,""mean_sine"":62214.875,""n"":32,""quantum_shot_uncertainty"":false,""rare_event_cost_tail"":""UNRESOLVED"",""var_cosine"":99.33870967741936,""var_sine"":99.33870967741936}"
3276bc2d6835f558e94f5062a78717aa12bb7c658550fe367a0cbf1ecf8f1ae2,,circuit_size,,"{""cov_cos_sin"":26170.177419354837,""cross_candidate_covariance"":null,""formal_ci"":false,""interval_kind"":""ENGINEERING_INTERVAL_ONLY"",""mean_cosine"":121913.625,""mean_sine"":121913.625,""n"":32,""quantum_shot_uncertainty"":false,""rare_event_cost_tail"":""UNRESOLVED"",""var_cosine"":26170.177419354837,""var_sine"":26170.177419354837}"
34e6daf1cb314e655e990b32fb3212f6757d0b360aca598559f347e88dfeb98e,,rz_count,,"{""cov_cos_sin"":872.6602822580645,""cross_candidate_covariance"":null,""formal_ci"":false,""interval_kind"":""ENGINEERING_INTERVAL_ONLY"",""mean_cosine"":64187.28125,""mean_sine"":64187.28125,""n"":32,""quantum_shot_uncertainty"":false,""rare_event_cost_tail"":""UNRESOLVED"",""var_cosine"":872.6602822580645,""var_sine"":872.6602822580645}"
34e6daf1cb314e655e990b32fb3212f6757d0b360aca598559f347e88dfeb98e,,rz_depth,,"{""cov_cos_sin"":10.512096774193548,""cross_candidate_covariance"":null,""formal_ci"":false,""interval_kind"":""ENGINEERING_INTERVAL_ONLY"",""mean_cosine"":28723.9375,""mean_sine"":28723.9375,""n"":32,""quantum_shot_uncertainty"":false,""rare_event_cost_tail"":""UNRESOLVED"",""var_cosine"":10.512096774193548,""var_sine"":10.512096774193548}"
34e6daf1cb314e655e990b32fb3212f6757d0b360aca598559f347e88dfeb98e,,cx_count,,"{""cov_cos_sin"":53.41935483870968,""cross_candidate_covariance"":null,""formal_ci"":false,""interval_kind"":""ENGINEERING_INTERVAL_ONLY"",""mean_cosine"":36523.5,""mean_sine"":36523.5,""n"":32,""quantum_shot_uncertainty"":false,""rare_event_cost_tail"":""UNRESOLVED"",""var_cosine"":53.41935483870968,""var_sine"":53.41935483870968}"
34e6daf1cb314e655e990b32fb3212f6757d0b360aca598559f347e88dfeb98e,,cx_depth,,"{""cov_cos_sin"":9.92641129032258,""cross_candidate_covariance"":null,""formal_ci"":false,""interval_kind"":""ENGINEERING_INTERVAL_ONLY"",""mean_cosine"":30917.40625,""mean_sine"":30917.40625,""n"":32,""quantum_shot_uncertainty"":false,""rare_event_cost_tail"":""UNRESOLVED"",""var_cosine"":9.92641129032258,""var_sine"":9.92641129032258}"
34e6daf1cb314e655e990b32fb3212f6757d0b360aca598559f347e88dfeb98e,,total_depth,,"{""cov_cos_sin"":78.6038306451613,""cross_candidate_covariance"":null,""formal_ci"":false,""interval_kind"":""ENGINEERING_INTERVAL_ONLY"",""mean_cosine"":62521.09375,""mean_sine"":62521.09375,""n"":32,""quantum_shot_uncertainty"":false,""rare_event_cost_tail"":""UNRESOLVED"",""var_cosine"":78.6038306451613,""var_sine"":78.6038306451613}"
34e6daf1cb314e655e990b32fb3212f6757d0b360aca598559f347e88dfeb98e,,circuit_size,,"{""cov_cos_sin"":3046.1360887096776,""cross_candidate_covariance"":null,""formal_ci"":false,""interval_kind"":""ENGINEERING_INTERVAL_ONLY"",""mean_cosine"":122640.84375,""mean_sine"":122640.84375,""n"":32,""quantum_shot_uncertainty"":false,""rare_event_cost_tail"":""UNRESOLVED"",""var_cosine"":3046.1360887096776,""var_sine"":3046.1360887096776}"
3530339c1ee3aa2f5c67e8aceacb0a09d380592fdf988c088780ea903726437f,,rz_count,,"{""cov_cos_sin"":33438.44758064516,""cross_candidate_covariance"":null,""formal_ci"":false,""interval_kind"":""ENGINEERING_INTERVAL_ONLY"",""mean_cosine"":982.5625,""mean_sine"":982.5625,""n"":32,""quantum_shot_uncertainty"":false,""rare_event_cost_tail"":""UNRESOLVED"",""var_cosine"":33438.44758064516,""var_sine"":33438.44758064516}"
3530339c1ee3aa2f5c67e8aceacb0a09d380592fdf988c088780ea903726437f,,rz_depth,,"{""cov_cos_sin"":1418.1280241935483,""cross_candidate_covariance"":null,""formal_ci"":false,""interval_kind"":""ENGINEERING_INTERVAL_ONLY"",""mean_cosine"":206.53125,""mean_sine"":206.53125,""n"":32,""quantum_shot_uncertainty"":false,""rare_event_cost_tail"":""UNRESOLVED"",""var_cosine"":1418.1280241935483,""var_sine"":1418.1280241935483}"
3530339c1ee3aa2f5c67e8aceacb0a09d380592fdf988c088780ea903726437f,,cx_count,,"{""cov_cos_sin"":2986.079637096774,""cross_candidate_covariance"":null,""formal_ci"":false,""interval_kind"":""ENGINEERING_INTERVAL_ONLY"",""mean_cosine"":307.71875,""mean_sine"":307.71875,""n"":32,""quantum_shot_uncertainty"":false,""rare_event_cost_tail"":""UNRESOLVED"",""var_cosine"":2986.079637096774,""var_sine"":2986.079637096774}"
3530339c1ee3aa2f5c67e8aceacb0a09d380592fdf988c088780ea903726437f,,cx_depth,,"{""cov_cos_sin"":470.08770161290323,""cross_candidate_covariance"":null,""formal_ci"":false,""interval_kind"":""ENGINEERING_INTERVAL_ONLY"",""mean_cosine"":125.90625,""mean_sine"":125.90625,""n"":32,""quantum_shot_uncertainty"":false,""rare_event_cost_tail"":""UNRESOLVED"",""var_cosine"":470.08770161290323,""var_sine"":470.08770161290323}"
3530339c1ee3aa2f5c67e8aceacb0a09d380592fdf988c088780ea903726437f,,total_depth,,"{""cov_cos_sin"":7229.3699596774195,""cross_candidate_covariance"":null,""formal_ci"":false,""interval_kind"":""ENGINEERING_INTERVAL_ONLY"",""mean_cosine"":448.28125,""mean_sine"":448.28125,""n"":32,""quantum_shot_uncertainty"":false,""rare_event_cost_tail"":""UNRESOLVED"",""var_cosine"":7229.3699596774195,""var_sine"":7229.3699596774195}"
3530339c1ee3aa2f5c67e8aceacb0a09d380592fdf988c088780ea903726437f,,circuit_size,,"{""cov_cos_sin"":134328.96673387097,""cross_candidate_covariance"":null,""formal_ci"":false,""interval_kind"":""ENGINEERING_INTERVAL_ONLY"",""mean_cosine"":1855.46875,""mean_sine"":1855.46875,""n"":32,""quantum_shot_uncertainty"":false,""rare_event_cost_tail"":""UNRESOLVED"",""var_cosine"":134328.96673387097,""var_sine"":134328.96673387097}"
35c7b343b6d07ad42fe08258526dec3c2e0612b2a051c5dd24cbfd503878aabe,,rz_count,,"{""cov_cos_sin"":4791578.684475807,""cross_candidate_covariance"":null,""formal_ci"":false,""interval_kind"":""ENGINEERING_INTERVAL_ONLY"",""mean_cosine"":17573.34375,""mean_sine"":17573.34375,""n"":32,""quantum_shot_uncertainty"":false,""rare_event_cost_tail"":""UNRESOLVED"",""var_cosine"":4791578.684475807,""var_sine"":4791578.684475807}"
35c7b343b6d07ad42fe08258526dec3c2e0612b2a051c5dd24cbfd503878aabe,,rz_depth,,"{""cov_cos_sin"":238846.19254032258,""cross_candidate_covariance"":null,""formal_ci"":false,""interval_kind"":""ENGINEERING_INTERVAL_ONLY"",""mean_cosine"":4017.53125,""mean_sine"":4017.53125,""n"":32,""quantum_shot_uncertainty"":false,""rare_event_cost_tail"":""UNRESOLVED"",""var_cosine"":238846.19254032258,""var_sine"":238846.19254032258}"
35c7b343b6d07ad42fe08258526dec3c2e0612b2a051c5dd24cbfd503878aabe,,cx_count,,"{""cov_cos_sin"":448984.1441532258,""cross_candidate_covariance"":null,""formal_ci"":false,""interval_kind"":""ENGINEERING_INTERVAL_ONLY"",""mean_cosine"":5760.28125,""mean_sine"":5760.28125,""n"":32,""quantum_shot_uncertainty"":false,""rare_event_cost_tail"":""UNRESOLVED"",""var_cosine"":448984.1441532258,""var_sine"":448984.1441532258}"
35c7b343b6d07ad42fe08258526dec3c2e0612b2a051c5dd24cbfd503878aabe,,cx_depth,,"{""cov_cos_sin"":80135.36189516129,""cross_candidate_covariance"":null,""formal_ci"":false,""interval_kind"":""ENGINEERING_INTERVAL_ONLY"",""mean_cosine"":2658.15625,""mean_sine"":2658.15625,""n"":32,""quantum_shot_uncertainty"":false,""rare_event_cost_tail"":""UNRESOLVED"",""var_cosine"":80135.36189516129,""var_sine"":80135.36189516129}"
35c7b343b6d07ad42fe08258526dec3c2e0612b2a051c5dd24cbfd503878aabe,,total_depth,,"{""cov_cos_sin"":1133999.4798387096,""cross_candidate_covariance"":null,""formal_ci"":false,""interval_kind"":""ENGINEERING_INTERVAL_ONLY"",""mean_cosine"":8815.9375,""mean_sine"":8815.9375,""n"":32,""quantum_shot_uncertainty"":false,""rare_event_cost_tail"":""UNRESOLVED"",""var_cosine"":1133999.4798387096,""var_sine"":1133999.4798387096}"
35c7b343b6d07ad42fe08258526dec3c2e0612b2a051c5dd24cbfd503878aabe,,circuit_size,,"{""cov_cos_sin"":18154977.419354837,""cross_candidate_covariance"":null,""formal_ci"":false,""interval_kind"":""ENGINEERING_INTERVAL_ONLY"",""mean_cosine"":34094.0,""mean_sine"":34094.0,""n"":32,""quantum_shot_uncertainty"":false,""rare_event_cost_tail"":""UNRESOLVED"",""var_cosine"":18154977.419354837,""var_sine"":18154977.419354837}"
38363bd96a7369aa4c98340f85e43aa05fafad310deb0f8fc441050a6a7db96d,,rz_count,,"{""cov_cos_sin"":726227.4264112903,""cross_candidate_covariance"":null,""formal_ci"":false,""interval_kind"":""ENGINEERING_INTERVAL_ONLY"",""mean_cosine"":7859.84375,""mean_sine"":7859.84375,""n"":32,""quantum_shot_uncertainty"":false,""rare_event_cost_tail"":""UNRESOLVED"",""var_cosine"":726227.4264112903,""var_sine"":726227.4264112903}"
38363bd96a7369aa4c98340f85e43aa05fafad310deb0f8fc441050a6a7db96d,,rz_depth,,"{""cov_cos_sin"":32737.797379032258,""cross_candidate_covariance"":null,""formal_ci"":false,""interval_kind"":""ENGINEERING_INTERVAL_ONLY"",""mean_cosine"":1738.40625,""mean_sine"":1738.40625,""n"":32,""quantum_shot_uncertainty"":false,""rare_event_cost_tail"":""UNRESOLVED"",""var_cosine"":32737.797379032258,""var_sine"":32737.797379032258}"
38363bd96a7369aa4c98340f85e43aa05fafad310deb0f8fc441050a6a7db96d,,cx_count,,"{""cov_cos_sin"":66633.01612903226,""cross_candidate_covariance"":null,""formal_ci"":false,""interval_kind"":""ENGINEERING_INTERVAL_ONLY"",""mean_cosine"":2534.125,""mean_sine"":2534.125,""n"":32,""quantum_shot_uncertainty"":false,""rare_event_cost_tail"":""UNRESOLVED"",""var_cosine"":66633.01612903226,""var_sine"":66633.01612903226}"
38363bd96a7369aa4c98340f85e43aa05fafad310deb0f8fc441050a6a7db96d,,cx_depth,,"{""cov_cos_sin"":11134.192540322581,""cross_candidate_covariance"":null,""formal_ci"":false,""interval_kind"":""ENGINEERING_INTERVAL_ONLY"",""mean_cosine"":1103.53125,""mean_sine"":1103.53125,""n"":32,""quantum_shot_uncertainty"":false,""rare_event_cost_tail"":""UNRESOLVED"",""var_cosine"":11134.192540322581,""var_sine"":11134.192540322581}"
38363bd96a7369aa4c98340f85e43aa05fafad310deb0f8fc441050a6a7db96d,,total_depth,,"{""cov_cos_sin"":159819.49092741936,""cross_candidate_covariance"":null,""formal_ci"":false,""interval_kind"":""ENGINEERING_INTERVAL_ONLY"",""mean_cosine"":3788.15625,""mean_sine"":3788.15625,""n"":32,""quantum_shot_uncertainty"":false,""rare_event_cost_tail"":""UNRESOLVED"",""var_cosine"":159819.49092741936,""var_sine"":159819.49092741936}"
38363bd96a7369aa4c98340f85e43aa05fafad310deb0f8fc441050a6a7db96d,,circuit_size,,"{""cov_cos_sin"":2824736.129032258,""cross_candidate_covariance"":null,""formal_ci"":false,""interval_kind"":""ENGINEERING_INTERVAL_ONLY"",""mean_cosine"":15039.0,""mean_sine"":15039.0,""n"":32,""quantum_shot_uncertainty"":false,""rare_event_cost_tail"":""UNRESOLVED"",""var_cosine"":2824736.129032258,""var_sine"":2824736.129032258}"
3f58c9f59b129ad5041d557b112d25b17b5a751520c86027abdec294a05794c2,,rz_count,,"{""cov_cos_sin"":22.70967741935484,""cross_candidate_covariance"":null,""formal_ci"":false,""interval_kind"":""ENGINEERING_INTERVAL_ONLY"",""mean_cosine"":16807.0,""mean_sine"":16807.0,""n"":32,""quantum_shot_uncertainty"":false,""rare_event_cost_tail"":""UNRESOLVED"",""var_cosine"":22.70967741935484,""var_sine"":22.70967741935484}"
3f58c9f59b129ad5041d557b112d25b17b5a751520c86027abdec294a05794c2,,rz_depth,,"{""cov_cos_sin"":17.523185483870968,""cross_candidate_covariance"":null,""formal_ci"":false,""interval_kind"":""ENGINEERING_INTERVAL_ONLY"",""mean_cosine"":7569.65625,""mean_sine"":7569.65625,""n"":32,""quantum_shot_uncertainty"":false,""rare_event_cost_tail"":""UNRESOLVED"",""var_cosine"":17.523185483870968,""var_sine"":17.523185483870968}"
3f58c9f59b129ad5041d557b112d25b17b5a751520c86027abdec294a05794c2,,cx_count,,"{""cov_cos_sin"":0.0,""cross_candidate_covariance"":null,""formal_ci"":false,""interval_kind"":""ENGINEERING_INTERVAL_ONLY"",""mean_cosine"":9596.0,""mean_sine"":9596.0,""n"":32,""quantum_shot_uncertainty"":false,""rare_event_cost_tail"":""UNRESOLVED"",""var_cosine"":0.0,""var_sine"":0.0}"
3f58c9f59b129ad5041d557b112d25b17b5a751520c86027abdec294a05794c2,,cx_depth,,"{""cov_cos_sin"":7.274193548387097,""cross_candidate_covariance"":null,""formal_ci"":false,""interval_kind"":""ENGINEERING_INTERVAL_ONLY"",""mean_cosine"":8137.375,""mean_sine"":8137.375,""n"":32,""quantum_shot_uncertainty"":false,""rare_event_cost_tail"":""UNRESOLVED"",""var_cosine"":7.274193548387097,""var_sine"":7.274193548387097}"
3f58c9f59b129ad5041d557b112d25b17b5a751520c86027abdec294a05794c2,,total_depth,,"{""cov_cos_sin"":65.82963709677419,""cross_candidate_covariance"":null,""formal_ci"":false,""interval_kind"":""ENGINEERING_INTERVAL_ONLY"",""mean_cosine"":16447.90625,""mean_sine"":16447.90625,""n"":32,""quantum_shot_uncertainty"":false,""rare_event_cost_tail"":""UNRESOLVED"",""var_cosine"":65.82963709677419,""var_sine"":65.82963709677419}"
3f58c9f59b129ad5041d557b112d25b17b5a751520c86027abdec294a05794c2,,circuit_size,,"{""cov_cos_sin"":57.52318548387097,""cross_candidate_covariance"":null,""formal_ci"":false,""interval_kind"":""ENGINEERING_INTERVAL_ONLY"",""mean_cosine"":32079.34375,""mean_sine"":32079.34375,""n"":32,""quantum_shot_uncertainty"":false,""rare_event_cost_tail"":""UNRESOLVED"",""var_cosine"":57.52318548387097,""var_sine"":57.52318548387097}"
41297e3c4eaa8a92d3f960610688e26c3bcb721f3b26189125dd7e3b8f44dea8,,rz_count,,"{""cov_cos_sin"":0.0,""cross_candidate_covariance"":null,""formal_ci"":false,""interval_kind"":""ENGINEERING_INTERVAL_ONLY"",""mean_cosine"":79678.0,""mean_sine"":79678.0,""n"":1,""quantum_shot_uncertainty"":false,""rare_event_cost_tail"":""UNRESOLVED"",""var_cosine"":0.0,""var_sine"":0.0}"
41297e3c4eaa8a92d3f960610688e26c3bcb721f3b26189125dd7e3b8f44dea8,,rz_depth,,"{""cov_cos_sin"":0.0,""cross_candidate_covariance"":null,""formal_ci"":false,""interval_kind"":""ENGINEERING_INTERVAL_ONLY"",""mean_cosine"":35053.0,""mean_sine"":35053.0,""n"":1,""quantum_shot_uncertainty"":false,""rare_event_cost_tail"":""UNRESOLVED"",""var_cosine"":0.0,""var_sine"":0.0}"
41297e3c4eaa8a92d3f960610688e26c3bcb721f3b26189125dd7e3b8f44dea8,,cx_count,,"{""cov_cos_sin"":0.0,""cross_candidate_covariance"":null,""formal_ci"":false,""interval_kind"":""ENGINEERING_INTERVAL_ONLY"",""mean_cosine"":46160.0,""mean_sine"":46160.0,""n"":1,""quantum_shot_uncertainty"":false,""rare_event_cost_tail"":""UNRESOLVED"",""var_cosine"":0.0,""var_sine"":0.0}"
41297e3c4eaa8a92d3f960610688e26c3bcb721f3b26189125dd7e3b8f44dea8,,cx_depth,,"{""cov_cos_sin"":0.0,""cross_candidate_covariance"":null,""formal_ci"":false,""interval_kind"":""ENGINEERING_INTERVAL_ONLY"",""mean_cosine"":39300.0,""mean_sine"":39300.0,""n"":1,""quantum_shot_uncertainty"":false,""rare_event_cost_tail"":""UNRESOLVED"",""var_cosine"":0.0,""var_sine"":0.0}"
41297e3c4eaa8a92d3f960610688e26c3bcb721f3b26189125dd7e3b8f44dea8,,total_depth,,"{""cov_cos_sin"":0.0,""cross_candidate_covariance"":null,""formal_ci"":false,""interval_kind"":""ENGINEERING_INTERVAL_ONLY"",""mean_cosine"":77830.0,""mean_sine"":77830.0,""n"":1,""quantum_shot_uncertainty"":false,""rare_event_cost_tail"":""UNRESOLVED"",""var_cosine"":0.0,""var_sine"":0.0}"
41297e3c4eaa8a92d3f960610688e26c3bcb721f3b26189125dd7e3b8f44dea8,,circuit_size,,"{""cov_cos_sin"":0.0,""cross_candidate_covariance"":null,""formal_ci"":false,""interval_kind"":""ENGINEERING_INTERVAL_ONLY"",""mean_cosine"":152345.0,""mean_sine"":152345.0,""n"":1,""quantum_shot_uncertainty"":false,""rare_event_cost_tail"":""UNRESOLVED"",""var_cosine"":0.0,""var_sine"":0.0}"
42361a3deedfb54efcacccec0946bdd0e888c4f8009b27d4df078a313288bf27,,rz_count,,"{""cov_cos_sin"":19965.350806451614,""cross_candidate_covariance"":null,""formal_ci"":false,""interval_kind"":""ENGINEERING_INTERVAL_ONLY"",""mean_cosine"":44580.4375,""mean_sine"":44580.4375,""n"":32,""quantum_shot_uncertainty"":false,""rare_event_cost_tail"":""UNRESOLVED"",""var_cosine"":19965.350806451614,""var_sine"":19965.350806451614}"
42361a3deedfb54efcacccec0946bdd0e888c4f8009b27d4df078a313288bf27,,rz_depth,,"{""cov_cos_sin"":1198.6360887096773,""cross_candidate_covariance"":null,""formal_ci"":false,""interval_kind"":""ENGINEERING_INTERVAL_ONLY"",""mean_cosine"":19395.59375,""mean_sine"":19395.59375,""n"":32,""quantum_shot_uncertainty"":false,""rare_event_cost_tail"":""UNRESOLVED"",""var_cosine"":1198.6360887096773,""var_sine"":1198.6360887096773}"
42361a3deedfb54efcacccec0946bdd0e888c4f8009b27d4df078a313288bf27,,cx_count,,"{""cov_cos_sin"":1848.125,""cross_candidate_covariance"":null,""formal_ci"":false,""interval_kind"":""ENGINEERING_INTERVAL_ONLY"",""mean_cosine"":24877.9375,""mean_sine"":24877.9375,""n"":32,""quantum_shot_uncertainty"":false,""rare_event_cost_tail"":""UNRESOLVED"",""var_cosine"":1848.125,""var_sine"":1848.125}"
42361a3deedfb54efcacccec0946bdd0e888c4f8009b27d4df078a313288bf27,,cx_depth,,"{""cov_cos_sin"":408.47479838709677,""cross_candidate_covariance"":null,""formal_ci"":false,""interval_kind"":""ENGINEERING_INTERVAL_ONLY"",""mean_cosine"":20747.90625,""mean_sine"":20747.90625,""n"":32,""quantum_shot_uncertainty"":false,""rare_event_cost_tail"":""UNRESOLVED"",""var_cosine"":408.47479838709677,""var_sine"":408.47479838709677}"
42361a3deedfb54efcacccec0946bdd0e888c4f8009b27d4df078a313288bf27,,total_depth,,"{""cov_cos_sin"":5548.8387096774195,""cross_candidate_covariance"":null,""formal_ci"":false,""interval_kind"":""ENGINEERING_INTERVAL_ONLY"",""mean_cosine"":42244.25,""mean_sine"":42244.25,""n"":32,""quantum_shot_uncertainty"":false,""rare_event_cost_tail"":""UNRESOLVED"",""var_cosine"":5548.8387096774195,""var_sine"":5548.8387096774195}"
42361a3deedfb54efcacccec0946bdd0e888c4f8009b27d4df078a313288bf27,,circuit_size,,"{""cov_cos_sin"":75752.3941532258,""cross_candidate_covariance"":null,""formal_ci"":false,""interval_kind"":""ENGINEERING_INTERVAL_ONLY"",""mean_cosine"":85295.15625,""mean_sine"":85295.15625,""n"":32,""quantum_shot_uncertainty"":false,""rare_event_cost_tail"":""UNRESOLVED"",""var_cosine"":75752.3941532258,""var_sine"":75752.3941532258}"
43111e149ded1dba5eda31791bf072fad9b43602b75e5ada11188936fc50ff79,,rz_count,,"{""cov_cos_sin"":2827009.0070564514,""cross_candidate_covariance"":null,""formal_ci"":false,""interval_kind"":""ENGINEERING_INTERVAL_ONLY"",""mean_cosine"":18238.34375,""mean_sine"":18238.34375,""n"":32,""quantum_shot_uncertainty"":false,""rare_event_cost_tail"":""UNRESOLVED"",""var_cosine"":2827009.0070564514,""var_sine"":2827009.0070564514}"
43111e149ded1dba5eda31791bf072fad9b43602b75e5ada11188936fc50ff79,,rz_depth,,"{""cov_cos_sin"":95769.87096774194,""cross_candidate_covariance"":null,""formal_ci"":false,""interval_kind"":""ENGINEERING_INTERVAL_ONLY"",""mean_cosine"":6648.0,""mean_sine"":6648.0,""n"":32,""quantum_shot_uncertainty"":false,""rare_event_cost_tail"":""UNRESOLVED"",""var_cosine"":95769.87096774194,""var_sine"":95769.87096774194}"
43111e149ded1dba5eda31791bf072fad9b43602b75e5ada11188936fc50ff79,,cx_count,,"{""cov_cos_sin"":235805.15725806452,""cross_candidate_covariance"":null,""formal_ci"":false,""interval_kind"":""ENGINEERING_INTERVAL_ONLY"",""mean_cosine"":8807.0625,""mean_sine"":8807.0625,""n"":32,""quantum_shot_uncertainty"":false,""rare_event_cost_tail"":""UNRESOLVED"",""var_cosine"":235805.15725806452,""var_sine"":235805.15725806452}"
43111e149ded1dba5eda31791bf072fad9b43602b75e5ada11188936fc50ff79,,cx_depth,,"{""cov_cos_sin"":26617.78125,""cross_candidate_covariance"":null,""formal_ci"":false,""interval_kind"":""ENGINEERING_INTERVAL_ONLY"",""mean_cosine"":6590.65625,""mean_sine"":6590.65625,""n"":32,""quantum_shot_uncertainty"":false,""rare_event_cost_tail"":""UNRESOLVED"",""var_cosine"":26617.78125,""var_sine"":26617.78125}"
43111e149ded1dba5eda31791bf072fad9b43602b75e5ada11188936fc50ff79,,total_depth,,"{""cov_cos_sin"":478162.15725806454,""cross_candidate_covariance"":null,""formal_ci"":false,""interval_kind"":""ENGINEERING_INTERVAL_ONLY"",""mean_cosine"":14503.1875,""mean_sine"":14503.1875,""n"":32,""quantum_shot_uncertainty"":false,""rare_event_cost_tail"":""UNRESOLVED"",""var_cosine"":478162.15725806454,""var_sine"":478162.15725806454}"
43111e149ded1dba5eda31791bf072fad9b43602b75e5ada11188936fc50ff79,,circuit_size,,"{""cov_cos_sin"":11348707.447580645,""cross_candidate_covariance"":null,""formal_ci"":false,""interval_kind"":""ENGINEERING_INTERVAL_ONLY"",""mean_cosine"":35193.3125,""mean_sine"":35193.3125,""n"":32,""quantum_shot_uncertainty"":false,""rare_event_cost_tail"":""UNRESOLVED"",""var_cosine"":11348707.447580645,""var_sine"":11348707.447580645}"
432f72f136fb44eb45f8a1464decd8866f1035c4d24c18879bfbdb4eb9a32a0b,,rz_count,,"{""cov_cos_sin"":28838.36995967742,""cross_candidate_covariance"":null,""formal_ci"":false,""interval_kind"":""ENGINEERING_INTERVAL_ONLY"",""mean_cosine"":12078.78125,""mean_sine"":12078.78125,""n"":32,""quantum_shot_uncertainty"":false,""rare_event_cost_tail"":""UNRESOLVED"",""var_cosine"":28838.36995967742,""var_sine"":28838.36995967742}"
432f72f136fb44eb45f8a1464decd8866f1035c4d24c18879bfbdb4eb9a32a0b,,rz_depth,,"{""cov_cos_sin"":1401.6844758064517,""cross_candidate_covariance"":null,""formal_ci"":false,""interval_kind"":""ENGINEERING_INTERVAL_ONLY"",""mean_cosine"":5060.84375,""mean_sine"":5060.84375,""n"":32,""quantum_shot_uncertainty"":false,""rare_event_cost_tail"":""UNRESOLVED"",""var_cosine"":1401.6844758064517,""var_sine"":1401.6844758064517}"
432f72f136fb44eb45f8a1464decd8866f1035c4d24c18879bfbdb4eb9a32a0b,,cx_count,,"{""cov_cos_sin"":2532.7056451612902,""cross_candidate_covariance"":null,""formal_ci"":false,""interval_kind"":""ENGINEERING_INTERVAL_ONLY"",""mean_cosine"":6530.5625,""mean_sine"":6530.5625,""n"":32,""quantum_shot_uncertainty"":false,""rare_event_cost_tail"":""UNRESOLVED"",""var_cosine"":2532.7056451612902,""var_sine"":2532.7056451612902}"
432f72f136fb44eb45f8a1464decd8866f1035c4d24c18879bfbdb4eb9a32a0b,,cx_depth,,"{""cov_cos_sin"":398.88608870967744,""cross_candidate_covariance"":null,""formal_ci"":false,""interval_kind"":""ENGINEERING_INTERVAL_ONLY"",""mean_cosine"":5326.78125,""mean_sine"":5326.78125,""n"":32,""quantum_shot_uncertainty"":false,""rare_event_cost_tail"":""UNRESOLVED"",""var_cosine"":398.88608870967744,""var_sine"":398.88608870967744}"
432f72f136fb44eb45f8a1464decd8866f1035c4d24c18879bfbdb4eb9a32a0b,,total_depth,,"{""cov_cos_sin"":6665.321572580645,""cross_candidate_covariance"":null,""formal_ci"":false,""interval_kind"":""ENGINEERING_INTERVAL_ONLY"",""mean_cosine"":11027.03125,""mean_sine"":11027.03125,""n"":32,""quantum_shot_uncertainty"":false,""rare_event_cost_tail"":""UNRESOLVED"",""var_cosine"":6665.321572580645,""var_sine"":6665.321572580645}"
432f72f136fb44eb45f8a1464decd8866f1035c4d24c18879bfbdb4eb9a32a0b,,circuit_size,,"{""cov_cos_sin"":114186.86693548386,""cross_candidate_covariance"":null,""formal_ci"":false,""interval_kind"":""ENGINEERING_INTERVAL_ONLY"",""mean_cosine"":23035.8125,""mean_sine"":23035.8125,""n"":32,""quantum_shot_uncertainty"":false,""rare_event_cost_tail"":""UNRESOLVED"",""var_cosine"":114186.86693548386,""var_sine"":114186.86693548386}"
433c98a6ae7710c1fcde57d98496c1be7b69c9799cf284964e485277bdb84d00,,rz_count,,"{""cov_cos_sin"":189.09274193548387,""cross_candidate_covariance"":null,""formal_ci"":false,""interval_kind"":""ENGINEERING_INTERVAL_ONLY"",""mean_cosine"":132288.9375,""mean_sine"":132288.9375,""n"":32,""quantum_shot_uncertainty"":false,""rare_event_cost_tail"":""UNRESOLVED"",""var_cosine"":189.09274193548387,""var_sine"":189.09274193548387}"
433c98a6ae7710c1fcde57d98496c1be7b69c9799cf284964e485277bdb84d00,,rz_depth,,"{""cov_cos_sin"":130.18951612903226,""cross_candidate_covariance"":null,""formal_ci"":false,""interval_kind"":""ENGINEERING_INTERVAL_ONLY"",""mean_cosine"":60106.5625,""mean_sine"":60106.5625,""n"":32,""quantum_shot_uncertainty"":false,""rare_event_cost_tail"":""UNRESOLVED"",""var_cosine"":130.18951612903226,""var_sine"":130.18951612903226}"
433c98a6ae7710c1fcde57d98496c1be7b69c9799cf284964e485277bdb84d00,,cx_count,,"{""cov_cos_sin"":4.5,""cross_candidate_covariance"":null,""formal_ci"":false,""interval_kind"":""ENGINEERING_INTERVAL_ONLY"",""mean_cosine"":76095.625,""mean_sine"":76095.625,""n"":32,""quantum_shot_uncertainty"":false,""rare_event_cost_tail"":""UNRESOLVED"",""var_cosine"":4.5,""var_sine"":4.5}"
433c98a6ae7710c1fcde57d98496c1be7b69c9799cf284964e485277bdb84d00,,cx_depth,,"{""cov_cos_sin"":100.83467741935483,""cross_candidate_covariance"":null,""formal_ci"":false,""interval_kind"":""ENGINEERING_INTERVAL_ONLY"",""mean_cosine"":64816.9375,""mean_sine"":64816.9375,""n"":32,""quantum_shot_uncertainty"":false,""rare_event_cost_tail"":""UNRESOLVED"",""var_cosine"":100.83467741935483,""var_sine"":100.83467741935483}"
433c98a6ae7710c1fcde57d98496c1be7b69c9799cf284964e485277bdb84d00,,total_depth,,"{""cov_cos_sin"":587.2006048387096,""cross_candidate_covariance"":null,""formal_ci"":false,""interval_kind"":""ENGINEERING_INTERVAL_ONLY"",""mean_cosine"":130624.65625,""mean_sine"":130624.65625,""n"":32,""quantum_shot_uncertainty"":false,""rare_event_cost_tail"":""UNRESOLVED"",""var_cosine"":587.2006048387096,""var_sine"":587.2006048387096}"
433c98a6ae7710c1fcde57d98496c1be7b69c9799cf284964e485277bdb84d00,,circuit_size,,"{""cov_cos_sin"":496.61995967741933,""cross_candidate_covariance"":null,""formal_ci"":false,""interval_kind"":""ENGINEERING_INTERVAL_ONLY"",""mean_cosine"":252656.34375,""mean_sine"":252656.34375,""n"":32,""quantum_shot_uncertainty"":false,""rare_event_cost_tail"":""UNRESOLVED"",""var_cosine"":496.61995967741933,""var_sine"":496.61995967741933}"
4344e3cc40ba8373dd6d92dcee63b0fbe09cc79c4f74f6698c3ab2506f5b5fe6,,rz_count,,"{""cov_cos_sin"":5029603.931451613,""cross_candidate_covariance"":null,""formal_ci"":false,""interval_kind"":""ENGINEERING_INTERVAL_ONLY"",""mean_cosine"":35980.5625,""mean_sine"":35980.5625,""n"":32,""quantum_shot_uncertainty"":false,""rare_event_cost_tail"":""UNRESOLVED"",""var_cosine"":5029603.931451613,""var_sine"":5029603.931451613}"
4344e3cc40ba8373dd6d92dcee63b0fbe09cc79c4f74f6698c3ab2506f5b5fe6,,rz_depth,,"{""cov_cos_sin"":174978.43447580645,""cross_candidate_covariance"":null,""formal_ci"":false,""interval_kind"":""ENGINEERING_INTERVAL_ONLY"",""mean_cosine"":13205.21875,""mean_sine"":13205.21875,""n"":32,""quantum_shot_uncertainty"":false,""rare_event_cost_tail"":""UNRESOLVED"",""var_cosine"":174978.43447580645,""var_sine"":174978.43447580645}"
4344e3cc40ba8373dd6d92dcee63b0fbe09cc79c4f74f6698c3ab2506f5b5fe6,,cx_count,,"{""cov_cos_sin"":420805.0282258064,""cross_candidate_covariance"":null,""formal_ci"":false,""interval_kind"":""ENGINEERING_INTERVAL_ONLY"",""mean_cosine"":17467.9375,""mean_sine"":17467.9375,""n"":32,""quantum_shot_uncertainty"":false,""rare_event_cost_tail"":""UNRESOLVED"",""var_cosine"":420805.0282258064,""var_sine"":420805.0282258064}"
4344e3cc40ba8373dd6d92dcee63b0fbe09cc79c4f74f6698c3ab2506f5b5fe6,,cx_depth,,"{""cov_cos_sin"":48190.0,""cross_candidate_covariance"":null,""formal_ci"":false,""interval_kind"":""ENGINEERING_INTERVAL_ONLY"",""mean_cosine"":13128.75,""mean_sine"":13128.75,""n"":32,""quantum_shot_uncertainty"":false,""rare_event_cost_tail"":""UNRESOLVED"",""var_cosine"":48190.0,""var_sine"":48190.0}"
4344e3cc40ba8373dd6d92dcee63b0fbe09cc79c4f74f6698c3ab2506f5b5fe6,,total_depth,,"{""cov_cos_sin"":872826.3064516129,""cross_candidate_covariance"":null,""formal_ci"":false,""interval_kind"":""ENGINEERING_INTERVAL_ONLY"",""mean_cosine"":28822.625,""mean_sine"":28822.625,""n"":32,""quantum_shot_uncertainty"":false,""rare_event_cost_tail"":""UNRESOLVED"",""var_cosine"":872826.3064516129,""var_sine"":872826.3064516129}"
4344e3cc40ba8373dd6d92dcee63b0fbe09cc79c4f74f6698c3ab2506f5b5fe6,,circuit_size,,"{""cov_cos_sin"":20191399.49092742,""cross_candidate_covariance"":null,""formal_ci"":false,""interval_kind"":""ENGINEERING_INTERVAL_ONLY"",""mean_cosine"":69523.84375,""mean_sine"":69523.84375,""n"":32,""quantum_shot_uncertainty"":false,""rare_event_cost_tail"":""UNRESOLVED"",""var_cosine"":20191399.49092742,""var_sine"":20191399.49092742}"
454877b51803a98987c05a65abdd8515863fc5943e5ca695275e3231ad3e7983,,rz_count,,"{""cov_cos_sin"":80047.74193548386,""cross_candidate_covariance"":null,""formal_ci"":false,""interval_kind"":""ENGINEERING_INTERVAL_ONLY"",""mean_cosine"":12071.5,""mean_sine"":12071.5,""n"":32,""quantum_shot_uncertainty"":false,""rare_event_cost_tail"":""UNRESOLVED"",""var_cosine"":80047.74193548386,""var_sine"":80047.74193548386}"
454877b51803a98987c05a65abdd8515863fc5943e5ca695275e3231ad3e7983,,rz_depth,,"{""cov_cos_sin"":3533.3185483870966,""cross_candidate_covariance"":null,""formal_ci"":false,""interval_kind"":""ENGINEERING_INTERVAL_ONLY"",""mean_cosine"":5244.3125,""mean_sine"":5244.3125,""n"":32,""quantum_shot_uncertainty"":false,""rare_event_cost_tail"":""UNRESOLVED"",""var_cosine"":3533.3185483870966,""var_sine"":3533.3185483870966}"
454877b51803a98987c05a65abdd8515863fc5943e5ca695275e3231ad3e7983,,cx_count,,"{""cov_cos_sin"":7103.935483870968,""cross_candidate_covariance"":null,""formal_ci"":false,""interval_kind"":""ENGINEERING_INTERVAL_ONLY"",""mean_cosine"":6713.75,""mean_sine"":6713.75,""n"":32,""quantum_shot_uncertainty"":false,""rare_event_cost_tail"":""UNRESOLVED"",""var_cosine"":7103.935483870968,""var_sine"":7103.935483870968}"
454877b51803a98987c05a65abdd8515863fc5943e5ca695275e3231ad3e7983,,cx_depth,,"{""cov_cos_sin"":1330.7701612903227,""cross_candidate_covariance"":null,""formal_ci"":false,""interval_kind"":""ENGINEERING_INTERVAL_ONLY"",""mean_cosine"":5585.4375,""mean_sine"":5585.4375,""n"":32,""quantum_shot_uncertainty"":false,""rare_event_cost_tail"":""UNRESOLVED"",""var_cosine"":1330.7701612903227,""var_sine"":1330.7701612903227}"
454877b51803a98987c05a65abdd8515863fc5943e5ca695275e3231ad3e7983,,total_depth,,"{""cov_cos_sin"":16289.36189516129,""cross_candidate_covariance"":null,""formal_ci"":false,""interval_kind"":""ENGINEERING_INTERVAL_ONLY"",""mean_cosine"":11403.15625,""mean_sine"":11403.15625,""n"":32,""quantum_shot_uncertainty"":false,""rare_event_cost_tail"":""UNRESOLVED"",""var_cosine"":16289.36189516129,""var_sine"":16289.36189516129}"
454877b51803a98987c05a65abdd8515863fc5943e5ca695275e3231ad3e7983,,circuit_size,,"{""cov_cos_sin"":293434.1118951613,""cross_candidate_covariance"":null,""formal_ci"":false,""interval_kind"":""ENGINEERING_INTERVAL_ONLY"",""mean_cosine"":23057.78125,""mean_sine"":23057.78125,""n"":32,""quantum_shot_uncertainty"":false,""rare_event_cost_tail"":""UNRESOLVED"",""var_cosine"":293434.1118951613,""var_sine"":293434.1118951613}"
458f6f6cc62a3291793c82518d7b8d99b6b4a7e470c248501d25b7f4122a900e,,rz_count,,"{""cov_cos_sin"":533342.5645161291,""cross_candidate_covariance"":null,""formal_ci"":false,""interval_kind"":""ENGINEERING_INTERVAL_ONLY"",""mean_cosine"":49445.125,""mean_sine"":49445.125,""n"":32,""quantum_shot_uncertainty"":false,""rare_event_cost_tail"":""UNRESOLVED"",""var_cosine"":533342.5645161291,""var_sine"":533342.5645161291}"
458f6f6cc62a3291793c82518d7b8d99b6b4a7e470c248501d25b7f4122a900e,,rz_depth,,"{""cov_cos_sin"":19370.0877016129,""cross_candidate_covariance"":null,""formal_ci"":false,""interval_kind"":""ENGINEERING_INTERVAL_ONLY"",""mean_cosine"":20555.09375,""mean_sine"":20555.09375,""n"":32,""quantum_shot_uncertainty"":false,""rare_event_cost_tail"":""UNRESOLVED"",""var_cosine"":19370.0877016129,""var_sine"":19370.0877016129}"
458f6f6cc62a3291793c82518d7b8d99b6b4a7e470c248501d25b7f4122a900e,,cx_count,,"{""cov_cos_sin"":45088.770161290326,""cross_candidate_covariance"":null,""formal_ci"":false,""interval_kind"":""ENGINEERING_INTERVAL_ONLY"",""mean_cosine"":26558.9375,""mean_sine"":26558.9375,""n"":32,""quantum_shot_uncertainty"":false,""rare_event_cost_tail"":""UNRESOLVED"",""var_cosine"":45088.770161290326,""var_sine"":45088.770161290326}"
458f6f6cc62a3291793c82518d7b8d99b6b4a7e470c248501d25b7f4122a900e,,cx_depth,,"{""cov_cos_sin"":5522.813508064516,""cross_candidate_covariance"":null,""formal_ci"":false,""interval_kind"":""ENGINEERING_INTERVAL_ONLY"",""mean_cosine"":21567.34375,""mean_sine"":21567.34375,""n"":32,""quantum_shot_uncertainty"":false,""rare_event_cost_tail"":""UNRESOLVED"",""var_cosine"":5522.813508064516,""var_sine"":5522.813508064516}"
458f6f6cc62a3291793c82518d7b8d99b6b4a7e470c248501d25b7f4122a900e,,total_depth,,"{""cov_cos_sin"":96844.93447580645,""cross_candidate_covariance"":null,""formal_ci"":false,""interval_kind"":""ENGINEERING_INTERVAL_ONLY"",""mean_cosine"":44808.03125,""mean_sine"":44808.03125,""n"":32,""quantum_shot_uncertainty"":false,""rare_event_cost_tail"":""UNRESOLVED"",""var_cosine"":96844.93447580645,""var_sine"":96844.93447580645}"
458f6f6cc62a3291793c82518d7b8d99b6b4a7e470c248501d25b7f4122a900e,,circuit_size,,"{""cov_cos_sin"":2137235.3699596776,""cross_candidate_covariance"":null,""formal_ci"":false,""interval_kind"":""ENGINEERING_INTERVAL_ONLY"",""mean_cosine"":94507.71875,""mean_sine"":94507.71875,""n"":32,""quantum_shot_uncertainty"":false,""rare_event_cost_tail"":""UNRESOLVED"",""var_cosine"":2137235.3699596776,""var_sine"":2137235.3699596776}"
45c818f0164c7a78e47c2bb417235234f21bc83f5e4c9ba38c23812fce104ea4,,rz_count,,"{""cov_cos_sin"":1644865.4909274194,""cross_candidate_covariance"":null,""formal_ci"":false,""interval_kind"":""ENGINEERING_INTERVAL_ONLY"",""mean_cosine"":9199.15625,""mean_sine"":9199.15625,""n"":32,""quantum_shot_uncertainty"":false,""rare_event_cost_tail"":""UNRESOLVED"",""var_cosine"":1644865.4909274194,""var_sine"":1644865.4909274194}"
45c818f0164c7a78e47c2bb417235234f21bc83f5e4c9ba38c23812fce104ea4,,rz_depth,,"{""cov_cos_sin"":77543.99596774194,""cross_candidate_covariance"":null,""formal_ci"":false,""interval_kind"":""ENGINEERING_INTERVAL_ONLY"",""mean_cosine"":2085.5625,""mean_sine"":2085.5625,""n"":32,""quantum_shot_uncertainty"":false,""rare_event_cost_tail"":""UNRESOLVED"",""var_cosine"":77543.99596774194,""var_sine"":77543.99596774194}"
45c818f0164c7a78e47c2bb417235234f21bc83f5e4c9ba38c23812fce104ea4,,cx_count,,"{""cov_cos_sin"":150404.0877016129,""cross_candidate_covariance"":null,""formal_ci"":false,""interval_kind"":""ENGINEERING_INTERVAL_ONLY"",""mean_cosine"":3003.09375,""mean_sine"":3003.09375,""n"":32,""quantum_shot_uncertainty"":false,""rare_event_cost_tail"":""UNRESOLVED"",""var_cosine"":150404.0877016129,""var_sine"":150404.0877016129}"
45c818f0164c7a78e47c2bb417235234f21bc83f5e4c9ba38c23812fce104ea4,,cx_depth,,"{""cov_cos_sin"":25476.5,""cross_candidate_covariance"":null,""formal_ci"":false,""interval_kind"":""ENGINEERING_INTERVAL_ONLY"",""mean_cosine"":1373.125,""mean_sine"":1373.125,""n"":32,""quantum_shot_uncertainty"":false,""rare_event_cost_tail"":""UNRESOLVED"",""var_cosine"":25476.5,""var_sine"":25476.5}"
45c818f0164c7a78e47c2bb417235234f21bc83f5e4c9ba38c23812fce104ea4,,total_depth,,"{""cov_cos_sin"":377237.5443548387,""cross_candidate_covariance"":null,""formal_ci"":false,""interval_kind"":""ENGINEERING_INTERVAL_ONLY"",""mean_cosine"":4578.5625,""mean_sine"":4578.5625,""n"":32,""quantum_shot_uncertainty"":false,""rare_event_cost_tail"":""UNRESOLVED"",""var_cosine"":377237.5443548387,""var_sine"":377237.5443548387}"
45c818f0164c7a78e47c2bb417235234f21bc83f5e4c9ba38c23812fce104ea4,,circuit_size,,"{""cov_cos_sin"":6423418.645161291,""cross_candidate_covariance"":null,""formal_ci"":false,""interval_kind"":""ENGINEERING_INTERVAL_ONLY"",""mean_cosine"":17849.5,""mean_sine"":17849.5,""n"":32,""quantum_shot_uncertainty"":false,""rare_event_cost_tail"":""UNRESOLVED"",""var_cosine"":6423418.645161291,""var_sine"":6423418.645161291}"
46485c79c46c15175af5a5a1e8d49826f60359668bd8282cfea164c4d3d74710,,rz_count,,"{""cov_cos_sin"":429434.06048387097,""cross_candidate_covariance"":null,""formal_ci"":false,""interval_kind"":""ENGINEERING_INTERVAL_ONLY"",""mean_cosine"":91496.4375,""mean_sine"":91496.4375,""n"":32,""quantum_shot_uncertainty"":false,""rare_event_cost_tail"":""UNRESOLVED"",""var_cosine"":429434.06048387097,""var_sine"":429434.06048387097}"
46485c79c46c15175af5a5a1e8d49826f60359668bd8282cfea164c4d3d74710,,rz_depth,,"{""cov_cos_sin"":19253.94254032258,""cross_candidate_covariance"":null,""formal_ci"":false,""interval_kind"":""ENGINEERING_INTERVAL_ONLY"",""mean_cosine"":39964.15625,""mean_sine"":39964.15625,""n"":32,""quantum_shot_uncertainty"":false,""rare_event_cost_tail"":""UNRESOLVED"",""var_cosine"":19253.94254032258,""var_sine"":19253.94254032258}"
46485c79c46c15175af5a5a1e8d49826f60359668bd8282cfea164c4d3d74710,,cx_count,,"{""cov_cos_sin"":36159.38306451613,""cross_candidate_covariance"":null,""formal_ci"":false,""interval_kind"":""ENGINEERING_INTERVAL_ONLY"",""mean_cosine"":51183.3125,""mean_sine"":51183.3125,""n"":32,""quantum_shot_uncertainty"":false,""rare_event_cost_tail"":""UNRESOLVED"",""var_cosine"":36159.38306451613,""var_sine"":36159.38306451613}"
46485c79c46c15175af5a5a1e8d49826f60359668bd8282cfea164c4d3d74710,,cx_depth,,"{""cov_cos_sin"":5872.705645161291,""cross_candidate_covariance"":null,""formal_ci"":false,""interval_kind"":""ENGINEERING_INTERVAL_ONLY"",""mean_cosine"":42747.4375,""mean_sine"":42747.4375,""n"":32,""quantum_shot_uncertainty"":false,""rare_event_cost_tail"":""UNRESOLVED"",""var_cosine"":5872.705645161291,""var_sine"":5872.705645161291}"
46485c79c46c15175af5a5a1e8d49826f60359668bd8282cfea164c4d3d74710,,total_depth,,"{""cov_cos_sin"":86671.35383064517,""cross_candidate_covariance"":null,""formal_ci"":false,""interval_kind"":""ENGINEERING_INTERVAL_ONLY"",""mean_cosine"":86985.46875,""mean_sine"":86985.46875,""n"":32,""quantum_shot_uncertainty"":false,""rare_event_cost_tail"":""UNRESOLVED"",""var_cosine"":86671.35383064517,""var_sine"":86671.35383064517}"
46485c79c46c15175af5a5a1e8d49826f60359668bd8282cfea164c4d3d74710,,circuit_size,,"{""cov_cos_sin"":1549956.7247983871,""cross_candidate_covariance"":null,""formal_ci"":false,""interval_kind"":""ENGINEERING_INTERVAL_ONLY"",""mean_cosine"":174982.71875,""mean_sine"":174982.71875,""n"":32,""quantum_shot_uncertainty"":false,""rare_event_cost_tail"":""UNRESOLVED"",""var_cosine"":1549956.7247983871,""var_sine"":1549956.7247983871}"
4893d918556d0daeec8dae3a1a5c6f97c598ab6d7efb7e4c7d714ee6400b6d52,,rz_count,,"{""cov_cos_sin"":0.0,""cross_candidate_covariance"":null,""formal_ci"":false,""interval_kind"":""ENGINEERING_INTERVAL_ONLY"",""mean_cosine"":10550.0,""mean_sine"":10550.0,""n"":1,""quantum_shot_uncertainty"":false,""rare_event_cost_tail"":""UNRESOLVED"",""var_cosine"":0.0,""var_sine"":0.0}"
4893d918556d0daeec8dae3a1a5c6f97c598ab6d7efb7e4c7d714ee6400b6d52,,rz_depth,,"{""cov_cos_sin"":0.0,""cross_candidate_covariance"":null,""formal_ci"":false,""interval_kind"":""ENGINEERING_INTERVAL_ONLY"",""mean_cosine"":4731.0,""mean_sine"":4731.0,""n"":1,""quantum_shot_uncertainty"":false,""rare_event_cost_tail"":""UNRESOLVED"",""var_cosine"":0.0,""var_sine"":0.0}"
4893d918556d0daeec8dae3a1a5c6f97c598ab6d7efb7e4c7d714ee6400b6d52,,cx_count,,"{""cov_cos_sin"":0.0,""cross_candidate_covariance"":null,""formal_ci"":false,""interval_kind"":""ENGINEERING_INTERVAL_ONLY"",""mean_cosine"":6020.0,""mean_sine"":6020.0,""n"":1,""quantum_shot_uncertainty"":false,""rare_event_cost_tail"":""UNRESOLVED"",""var_cosine"":0.0,""var_sine"":0.0}"
4893d918556d0daeec8dae3a1a5c6f97c598ab6d7efb7e4c7d714ee6400b6d52,,cx_depth,,"{""cov_cos_sin"":0.0,""cross_candidate_covariance"":null,""formal_ci"":false,""interval_kind"":""ENGINEERING_INTERVAL_ONLY"",""mean_cosine"":5099.0,""mean_sine"":5099.0,""n"":1,""quantum_shot_uncertainty"":false,""rare_event_cost_tail"":""UNRESOLVED"",""var_cosine"":0.0,""var_sine"":0.0}"
4893d918556d0daeec8dae3a1a5c6f97c598ab6d7efb7e4c7d714ee6400b6d52,,total_depth,,"{""cov_cos_sin"":0.0,""cross_candidate_covariance"":null,""formal_ci"":false,""interval_kind"":""ENGINEERING_INTERVAL_ONLY"",""mean_cosine"":10300.0,""mean_sine"":10300.0,""n"":1,""quantum_shot_uncertainty"":false,""rare_event_cost_tail"":""UNRESOLVED"",""var_cosine"":0.0,""var_sine"":0.0}"
4893d918556d0daeec8dae3a1a5c6f97c598ab6d7efb7e4c7d714ee6400b6d52,,circuit_size,,"{""cov_cos_sin"":0.0,""cross_candidate_covariance"":null,""formal_ci"":false,""interval_kind"":""ENGINEERING_INTERVAL_ONLY"",""mean_cosine"":20141.0,""mean_sine"":20141.0,""n"":1,""quantum_shot_uncertainty"":false,""rare_event_cost_tail"":""UNRESOLVED"",""var_cosine"":0.0,""var_sine"":0.0}"
48e4aadcc19eb9135024b910a5b8f77269ad837985dd5fc71f392228c3413ad0,,rz_count,,"{""cov_cos_sin"":2840733.990927419,""cross_candidate_covariance"":null,""formal_ci"":false,""interval_kind"":""ENGINEERING_INTERVAL_ONLY"",""mean_cosine"":16414.59375,""mean_sine"":16414.59375,""n"":32,""quantum_shot_uncertainty"":false,""rare_event_cost_tail"":""UNRESOLVED"",""var_cosine"":2840733.990927419,""var_sine"":2840733.990927419}"
48e4aadcc19eb9135024b910a5b8f77269ad837985dd5fc71f392228c3413ad0,,rz_depth,,"{""cov_cos_sin"":131109.78125,""cross_candidate_covariance"":null,""formal_ci"":false,""interval_kind"":""ENGINEERING_INTERVAL_ONLY"",""mean_cosine"":3743.65625,""mean_sine"":3743.65625,""n"":32,""quantum_shot_uncertainty"":false,""rare_event_cost_tail"":""UNRESOLVED"",""var_cosine"":131109.78125,""var_sine"":131109.78125}"
48e4aadcc19eb9135024b910a5b8f77269ad837985dd5fc71f392228c3413ad0,,cx_count,,"{""cov_cos_sin"":261094.83467741936,""cross_candidate_covariance"":null,""formal_ci"":false,""interval_kind"":""ENGINEERING_INTERVAL_ONLY"",""mean_cosine"":5395.9375,""mean_sine"":5395.9375,""n"":32,""quantum_shot_uncertainty"":false,""rare_event_cost_tail"":""UNRESOLVED"",""var_cosine"":261094.83467741936,""var_sine"":261094.83467741936}"
48e4aadcc19eb9135024b910a5b8f77269ad837985dd5fc71f392228c3413ad0,,cx_depth,,"{""cov_cos_sin"":44346.38306451613,""cross_candidate_covariance"":null,""formal_ci"":false,""interval_kind"":""ENGINEERING_INTERVAL_ONLY"",""mean_cosine"":2493.0625,""mean_sine"":2493.0625,""n"":32,""quantum_shot_uncertainty"":false,""rare_event_cost_tail"":""UNRESOLVED"",""var_cosine"":44346.38306451613,""var_sine"":44346.38306451613}"
48e4aadcc19eb9135024b910a5b8f77269ad837985dd5fc71f392228c3413ad0,,total_depth,,"{""cov_cos_sin"":645973.1612903225,""cross_candidate_covariance"":null,""formal_ci"":false,""interval_kind"":""ENGINEERING_INTERVAL_ONLY"",""mean_cosine"":8226.0,""mean_sine"":8226.0,""n"":32,""quantum_shot_uncertainty"":false,""rare_event_cost_tail"":""UNRESOLVED"",""var_cosine"":645973.1612903225,""var_sine"":645973.1612903225}"
48e4aadcc19eb9135024b910a5b8f77269ad837985dd5fc71f392228c3413ad0,,circuit_size,,"{""cov_cos_sin"":11196447.17641129,""cross_candidate_covariance"":null,""formal_ci"":false,""interval_kind"":""ENGINEERING_INTERVAL_ONLY"",""mean_cosine"":31845.28125,""mean_sine"":31845.28125,""n"":32,""quantum_shot_uncertainty"":false,""rare_event_cost_tail"":""UNRESOLVED"",""var_cosine"":11196447.17641129,""var_sine"":11196447.17641129}"
4982a594755ce015cf7dc05fa9ece58639a09e636a190bce5f0775e2b0e3dc21,,rz_count,,"{""cov_cos_sin"":1905.547379032258,""cross_candidate_covariance"":null,""formal_ci"":false,""interval_kind"":""ENGINEERING_INTERVAL_ONLY"",""mean_cosine"":11254.53125,""mean_sine"":11254.53125,""n"":32,""quantum_shot_uncertainty"":false,""rare_event_cost_tail"":""UNRESOLVED"",""var_cosine"":1905.547379032258,""var_sine"":1905.547379032258}"
4982a594755ce015cf7dc05fa9ece58639a09e636a190bce5f0775e2b0e3dc21,,rz_depth,,"{""cov_cos_sin"":24.048387096774192,""cross_candidate_covariance"":null,""formal_ci"":false,""interval_kind"":""ENGINEERING_INTERVAL_ONLY"",""mean_cosine"":4858.625,""mean_sine"":4858.625,""n"":32,""quantum_shot_uncertainty"":false,""rare_event_cost_tail"":""UNRESOLVED"",""var_cosine"":24.048387096774192,""var_sine"":24.048387096774192}"
4982a594755ce015cf7dc05fa9ece58639a09e636a190bce5f0775e2b0e3dc21,,cx_count,,"{""cov_cos_sin"":212.58064516129033,""cross_candidate_covariance"":null,""formal_ci"":false,""interval_kind"":""ENGINEERING_INTERVAL_ONLY"",""mean_cosine"":6232.25,""mean_sine"":6232.25,""n"":32,""quantum_shot_uncertainty"":false,""rare_event_cost_tail"":""UNRESOLVED"",""var_cosine"":212.58064516129033,""var_sine"":212.58064516129033}"
4982a594755ce015cf7dc05fa9ece58639a09e636a190bce5f0775e2b0e3dc21,,cx_depth,,"{""cov_cos_sin"":24.157258064516128,""cross_candidate_covariance"":null,""formal_ci"":false,""interval_kind"":""ENGINEERING_INTERVAL_ONLY"",""mean_cosine"":5175.3125,""mean_sine"":5175.3125,""n"":32,""quantum_shot_uncertainty"":false,""rare_event_cost_tail"":""UNRESOLVED"",""var_cosine"":24.157258064516128,""var_sine"":24.157258064516128}"
4982a594755ce015cf7dc05fa9ece58639a09e636a190bce5f0775e2b0e3dc21,,total_depth,,"{""cov_cos_sin"":117.37802419354838,""cross_candidate_covariance"":null,""formal_ci"":false,""interval_kind"":""ENGINEERING_INTERVAL_ONLY"",""mean_cosine"":10581.09375,""mean_sine"":10581.09375,""n"":32,""quantum_shot_uncertainty"":false,""rare_event_cost_tail"":""UNRESOLVED"",""var_cosine"":117.37802419354838,""var_sine"":117.37802419354838}"
4982a594755ce015cf7dc05fa9ece58639a09e636a190bce5f0775e2b0e3dc21,,circuit_size,,"{""cov_cos_sin"":6547.660282258064,""cross_candidate_covariance"":null,""formal_ci"":false,""interval_kind"":""ENGINEERING_INTERVAL_ONLY"",""mean_cosine"":21522.21875,""mean_sine"":21522.21875,""n"":32,""quantum_shot_uncertainty"":false,""rare_event_cost_tail"":""UNRESOLVED"",""var_cosine"":6547.660282258064,""var_sine"":6547.660282258064}"
49dbaa81d25e9ed02a3b9415bb75b67cffebae4e47a02261720820c91dd4e92c,,rz_count,,"{""cov_cos_sin"":12509.290322580646,""cross_candidate_covariance"":null,""formal_ci"":false,""interval_kind"":""ENGINEERING_INTERVAL_ONLY"",""mean_cosine"":6187.25,""mean_sine"":6187.25,""n"":32,""quantum_shot_uncertainty"":false,""rare_event_cost_tail"":""UNRESOLVED"",""var_cosine"":12509.290322580646,""var_sine"":12509.290322580646}"
49dbaa81d25e9ed02a3b9415bb75b67cffebae4e47a02261720820c91dd4e92c,,rz_depth,,"{""cov_cos_sin"":699.039314516129,""cross_candidate_covariance"":null,""formal_ci"":false,""interval_kind"":""ENGINEERING_INTERVAL_ONLY"",""mean_cosine"":2562.84375,""mean_sine"":2562.84375,""n"":32,""quantum_shot_uncertainty"":false,""rare_event_cost_tail"":""UNRESOLVED"",""var_cosine"":699.039314516129,""var_sine"":699.039314516129}"
49dbaa81d25e9ed02a3b9415bb75b67cffebae4e47a02261720820c91dd4e92c,,cx_count,,"{""cov_cos_sin"":1122.8024193548388,""cross_candidate_covariance"":null,""formal_ci"":false,""interval_kind"":""ENGINEERING_INTERVAL_ONLY"",""mean_cosine"":3311.1875,""mean_sine"":3311.1875,""n"":32,""quantum_shot_uncertainty"":false,""rare_event_cost_tail"":""UNRESOLVED"",""var_cosine"":1122.8024193548388,""var_sine"":1122.8024193548388}"
49dbaa81d25e9ed02a3b9415bb75b67cffebae4e47a02261720820c91dd4e92c,,cx_depth,,"{""cov_cos_sin"":192.11995967741936,""cross_candidate_covariance"":null,""formal_ci"":false,""interval_kind"":""ENGINEERING_INTERVAL_ONLY"",""mean_cosine"":2683.40625,""mean_sine"":2683.40625,""n"":32,""quantum_shot_uncertainty"":false,""rare_event_cost_tail"":""UNRESOLVED"",""var_cosine"":192.11995967741936,""var_sine"":192.11995967741936}"
49dbaa81d25e9ed02a3b9415bb75b67cffebae4e47a02261720820c91dd4e92c,,total_depth,,"{""cov_cos_sin"":3180.1038306451615,""cross_candidate_covariance"":null,""formal_ci"":false,""interval_kind"":""ENGINEERING_INTERVAL_ONLY"",""mean_cosine"":5581.34375,""mean_sine"":5581.34375,""n"":32,""quantum_shot_uncertainty"":false,""rare_event_cost_tail"":""UNRESOLVED"",""var_cosine"":3180.1038306451615,""var_sine"":3180.1038306451615}"
49dbaa81d25e9ed02a3b9415bb75b67cffebae4e47a02261720820c91dd4e92c,,circuit_size,,"{""cov_cos_sin"":45619.063508064515,""cross_candidate_covariance"":null,""formal_ci"":false,""interval_kind"":""ENGINEERING_INTERVAL_ONLY"",""mean_cosine"":11782.96875,""mean_sine"":11782.96875,""n"":32,""quantum_shot_uncertainty"":false,""rare_event_cost_tail"":""UNRESOLVED"",""var_cosine"":45619.063508064515,""var_sine"":45619.063508064515}"
4b34b204f05636c1581487aa5e329f94bbc3806415a04ee8345a3b2d26e74db9,,rz_count,,"{""cov_cos_sin"":2025.0967741935483,""cross_candidate_covariance"":null,""formal_ci"":false,""interval_kind"":""ENGINEERING_INTERVAL_ONLY"",""mean_cosine"":128068.75,""mean_sine"":128068.75,""n"":32,""quantum_shot_uncertainty"":false,""rare_event_cost_tail"":""UNRESOLVED"",""var_cosine"":2025.0967741935483,""var_sine"":2025.0967741935483}"
4b34b204f05636c1581487aa5e329f94bbc3806415a04ee8345a3b2d26e74db9,,rz_depth,,"{""cov_cos_sin"":26.168346774193548,""cross_candidate_covariance"":null,""formal_ci"":false,""interval_kind"":""ENGINEERING_INTERVAL_ONLY"",""mean_cosine"":57383.65625,""mean_sine"":57383.65625,""n"":32,""quantum_shot_uncertainty"":false,""rare_event_cost_tail"":""UNRESOLVED"",""var_cosine"":26.168346774193548,""var_sine"":26.168346774193548}"
4b34b204f05636c1581487aa5e329f94bbc3806415a04ee8345a3b2d26e74db9,,cx_count,,"{""cov_cos_sin"":115.35483870967742,""cross_candidate_covariance"":null,""formal_ci"":false,""interval_kind"":""ENGINEERING_INTERVAL_ONLY"",""mean_cosine"":72951.5,""mean_sine"":72951.5,""n"":32,""quantum_shot_uncertainty"":false,""rare_event_cost_tail"":""UNRESOLVED"",""var_cosine"":115.35483870967742,""var_sine"":115.35483870967742}"
4b34b204f05636c1581487aa5e329f94bbc3806415a04ee8345a3b2d26e74db9,,cx_depth,,"{""cov_cos_sin"":12.934475806451612,""cross_candidate_covariance"":null,""formal_ci"":false,""interval_kind"":""ENGINEERING_INTERVAL_ONLY"",""mean_cosine"":61795.96875,""mean_sine"":61795.96875,""n"":32,""quantum_shot_uncertainty"":false,""rare_event_cost_tail"":""UNRESOLVED"",""var_cosine"":12.934475806451612,""var_sine"":12.934475806451612}"
4b34b204f05636c1581487aa5e329f94bbc3806415a04ee8345a3b2d26e74db9,,total_depth,,"{""cov_cos_sin"":152.17741935483872,""cross_candidate_covariance"":null,""formal_ci"":false,""interval_kind"":""ENGINEERING_INTERVAL_ONLY"",""mean_cosine"":124909.375,""mean_sine"":124909.375,""n"":32,""quantum_shot_uncertainty"":false,""rare_event_cost_tail"":""UNRESOLVED"",""var_cosine"":152.17741935483872,""var_sine"":152.17741935483872}"
4b34b204f05636c1581487aa5e329f94bbc3806415a04ee8345a3b2d26e74db9,,circuit_size,,"{""cov_cos_sin"":6754.5161290322585,""cross_candidate_covariance"":null,""formal_ci"":false,""interval_kind"":""ENGINEERING_INTERVAL_ONLY"",""mean_cosine"":244719.0,""mean_sine"":244719.0,""n"":32,""quantum_shot_uncertainty"":false,""rare_event_cost_tail"":""UNRESOLVED"",""var_cosine"":6754.5161290322585,""var_sine"":6754.5161290322585}"
4c0e41a091c151a93aebfd45c5ff805c351f4e187c638864c4fbd4ec7853a915,,rz_count,,"{""cov_cos_sin"":3436.313508064516,""cross_candidate_covariance"":null,""formal_ci"":false,""interval_kind"":""ENGINEERING_INTERVAL_ONLY"",""mean_cosine"":128064.40625,""mean_sine"":128064.40625,""n"":32,""quantum_shot_uncertainty"":false,""rare_event_cost_tail"":""UNRESOLVED"",""var_cosine"":3436.313508064516,""var_sine"":3436.313508064516}"
4c0e41a091c151a93aebfd45c5ff805c351f4e187c638864c4fbd4ec7853a915,,rz_depth,,"{""cov_cos_sin"":13.619959677419354,""cross_candidate_covariance"":null,""formal_ci"":false,""interval_kind"":""ENGINEERING_INTERVAL_ONLY"",""mean_cosine"":57383.84375,""mean_sine"":57383.84375,""n"":32,""quantum_shot_uncertainty"":false,""rare_event_cost_tail"":""UNRESOLVED"",""var_cosine"":13.619959677419354,""var_sine"":13.619959677419354}"
4c0e41a091c151a93aebfd45c5ff805c351f4e187c638864c4fbd4ec7853a915,,cx_count,,"{""cov_cos_sin"":227.09677419354838,""cross_candidate_covariance"":null,""formal_ci"":false,""interval_kind"":""ENGINEERING_INTERVAL_ONLY"",""mean_cosine"":72950.0,""mean_sine"":72950.0,""n"":32,""quantum_shot_uncertainty"":false,""rare_event_cost_tail"":""UNRESOLVED"",""var_cosine"":227.09677419354838,""var_sine"":227.09677419354838}"
4c0e41a091c151a93aebfd45c5ff805c351f4e187c638864c4fbd4ec7853a915,,cx_depth,,"{""cov_cos_sin"":9.161290322580646,""cross_candidate_covariance"":null,""formal_ci"":false,""interval_kind"":""ENGINEERING_INTERVAL_ONLY"",""mean_cosine"":61797.0,""mean_sine"":61797.0,""n"":32,""quantum_shot_uncertainty"":false,""rare_event_cost_tail"":""UNRESOLVED"",""var_cosine"":9.161290322580646,""var_sine"":9.161290322580646}"
4c0e41a091c151a93aebfd45c5ff805c351f4e187c638864c4fbd4ec7853a915,,total_depth,,"{""cov_cos_sin"":79.8991935483871,""cross_candidate_covariance"":null,""formal_ci"":false,""interval_kind"":""ENGINEERING_INTERVAL_ONLY"",""mean_cosine"":124911.8125,""mean_sine"":124911.8125,""n"":32,""quantum_shot_uncertainty"":false,""rare_event_cost_tail"":""UNRESOLVED"",""var_cosine"":79.8991935483871,""var_sine"":79.8991935483871}"
4c0e41a091c151a93aebfd45c5ff805c351f4e187c638864c4fbd4ec7853a915,,circuit_size,,"{""cov_cos_sin"":12080.03125,""cross_candidate_covariance"":null,""formal_ci"":false,""interval_kind"":""ENGINEERING_INTERVAL_ONLY"",""mean_cosine"":244710.03125,""mean_sine"":244710.03125,""n"":32,""quantum_shot_uncertainty"":false,""rare_event_cost_tail"":""UNRESOLVED"",""var_cosine"":12080.03125,""var_sine"":12080.03125}"
4f548d39532e640d0dc5bb2385e0f30191e18a957429b3be087fb6e6f584a941,,rz_count,,"{""cov_cos_sin"":49.86693548387097,""cross_candidate_covariance"":null,""formal_ci"":false,""interval_kind"":""ENGINEERING_INTERVAL_ONLY"",""mean_cosine"":65103.5625,""mean_sine"":65103.5625,""n"":32,""quantum_shot_uncertainty"":false,""rare_event_cost_tail"":""UNRESOLVED"",""var_cosine"":49.86693548387097,""var_sine"":49.86693548387097}"
4f548d39532e640d0dc5bb2385e0f30191e18a957429b3be087fb6e6f584a941,,rz_depth,,"{""cov_cos_sin"":25.450604838709676,""cross_candidate_covariance"":null,""formal_ci"":false,""interval_kind"":""ENGINEERING_INTERVAL_ONLY"",""mean_cosine"":29308.03125,""mean_sine"":29308.03125,""n"":32,""quantum_shot_uncertainty"":false,""rare_event_cost_tail"":""UNRESOLVED"",""var_cosine"":25.450604838709676,""var_sine"":25.450604838709676}"
4f548d39532e640d0dc5bb2385e0f30191e18a957429b3be087fb6e6f584a941,,cx_count,,"{""cov_cos_sin"":0.0,""cross_candidate_covariance"":null,""formal_ci"":false,""interval_kind"":""ENGINEERING_INTERVAL_ONLY"",""mean_cosine"":37200.0,""mean_sine"":37200.0,""n"":32,""quantum_shot_uncertainty"":false,""rare_event_cost_tail"":""UNRESOLVED"",""var_cosine"":0.0,""var_sine"":0.0}"
4f548d39532e640d0dc5bb2385e0f30191e18a957429b3be087fb6e6f584a941,,cx_depth,,"{""cov_cos_sin"":19.628024193548388,""cross_candidate_covariance"":null,""formal_ci"":false,""interval_kind"":""ENGINEERING_INTERVAL_ONLY"",""mean_cosine"":31567.28125,""mean_sine"":31567.28125,""n"":32,""quantum_shot_uncertainty"":false,""rare_event_cost_tail"":""UNRESOLVED"",""var_cosine"":19.628024193548388,""var_sine"":19.628024193548388}"
4f548d39532e640d0dc5bb2385e0f30191e18a957429b3be087fb6e6f584a941,,total_depth,,"{""cov_cos_sin"":113.8024193548387,""cross_candidate_covariance"":null,""formal_ci"":false,""interval_kind"":""ENGINEERING_INTERVAL_ONLY"",""mean_cosine"":63751.5625,""mean_sine"":63751.5625,""n"":32,""quantum_shot_uncertainty"":false,""rare_event_cost_tail"":""UNRESOLVED"",""var_cosine"":113.8024193548387,""var_sine"":113.8024193548387}"
4f548d39532e640d0dc5bb2385e0f30191e18a957429b3be087fb6e6f584a941,,circuit_size,,"{""cov_cos_sin"":106.69354838709677,""cross_candidate_covariance"":null,""formal_ci"":false,""interval_kind"":""ENGINEERING_INTERVAL_ONLY"",""mean_cosine"":124363.875,""mean_sine"":124363.875,""n"":32,""quantum_shot_uncertainty"":false,""rare_event_cost_tail"":""UNRESOLVED"",""var_cosine"":106.69354838709677,""var_sine"":106.69354838709677}"
5118c41031227fe7642bc243c875f815afae86eb716e4c1b31c31f7ea2c48c7c,,rz_count,,"{""cov_cos_sin"":0.0,""cross_candidate_covariance"":null,""formal_ci"":false,""interval_kind"":""ENGINEERING_INTERVAL_ONLY"",""mean_cosine"":20168.0,""mean_sine"":20168.0,""n"":1,""quantum_shot_uncertainty"":false,""rare_event_cost_tail"":""UNRESOLVED"",""var_cosine"":0.0,""var_sine"":0.0}"
5118c41031227fe7642bc243c875f815afae86eb716e4c1b31c31f7ea2c48c7c,,rz_depth,,"{""cov_cos_sin"":0.0,""cross_candidate_covariance"":null,""formal_ci"":false,""interval_kind"":""ENGINEERING_INTERVAL_ONLY"",""mean_cosine"":8840.0,""mean_sine"":8840.0,""n"":1,""quantum_shot_uncertainty"":false,""rare_event_cost_tail"":""UNRESOLVED"",""var_cosine"":0.0,""var_sine"":0.0}"
5118c41031227fe7642bc243c875f815afae86eb716e4c1b31c31f7ea2c48c7c,,cx_count,,"{""cov_cos_sin"":0.0,""cross_candidate_covariance"":null,""formal_ci"":false,""interval_kind"":""ENGINEERING_INTERVAL_ONLY"",""mean_cosine"":11628.0,""mean_sine"":11628.0,""n"":1,""quantum_shot_uncertainty"":false,""rare_event_cost_tail"":""UNRESOLVED"",""var_cosine"":0.0,""var_sine"":0.0}"
5118c41031227fe7642bc243c875f815afae86eb716e4c1b31c31f7ea2c48c7c,,cx_depth,,"{""cov_cos_sin"":0.0,""cross_candidate_covariance"":null,""formal_ci"":false,""interval_kind"":""ENGINEERING_INTERVAL_ONLY"",""mean_cosine"":9879.0,""mean_sine"":9879.0,""n"":1,""quantum_shot_uncertainty"":false,""rare_event_cost_tail"":""UNRESOLVED"",""var_cosine"":0.0,""var_sine"":0.0}"
5118c41031227fe7642bc243c875f815afae86eb716e4c1b31c31f7ea2c48c7c,,total_depth,,"{""cov_cos_sin"":0.0,""cross_candidate_covariance"":null,""formal_ci"":false,""interval_kind"":""ENGINEERING_INTERVAL_ONLY"",""mean_cosine"":19623.0,""mean_sine"":19623.0,""n"":1,""quantum_shot_uncertainty"":false,""rare_event_cost_tail"":""UNRESOLVED"",""var_cosine"":0.0,""var_sine"":0.0}"
5118c41031227fe7642bc243c875f815afae86eb716e4c1b31c31f7ea2c48c7c,,circuit_size,,"{""cov_cos_sin"":0.0,""cross_candidate_covariance"":null,""formal_ci"":false,""interval_kind"":""ENGINEERING_INTERVAL_ONLY"",""mean_cosine"":38545.0,""mean_sine"":38545.0,""n"":1,""quantum_shot_uncertainty"":false,""rare_event_cost_tail"":""UNRESOLVED"",""var_cosine"":0.0,""var_sine"":0.0}"
5162239684a3433e4d03200707a0ddbf67e1e7c5c4bb3aa516d93e789f5a2dc9,,rz_count,,"{""cov_cos_sin"":1587082.6088709678,""cross_candidate_covariance"":null,""formal_ci"":false,""interval_kind"":""ENGINEERING_INTERVAL_ONLY"",""mean_cosine"":11494.3125,""mean_sine"":11494.3125,""n"":32,""quantum_shot_uncertainty"":false,""rare_event_cost_tail"":""UNRESOLVED"",""var_cosine"":1587082.6088709678,""var_sine"":1587082.6088709678}"
5162239684a3433e4d03200707a0ddbf67e1e7c5c4bb3aa516d93e789f5a2dc9,,rz_depth,,"{""cov_cos_sin"":79169.64112903226,""cross_candidate_covariance"":null,""formal_ci"":false,""interval_kind"":""ENGINEERING_INTERVAL_ONLY"",""mean_cosine"":2578.6875,""mean_sine"":2578.6875,""n"":32,""quantum_shot_uncertainty"":false,""rare_event_cost_tail"":""UNRESOLVED"",""var_cosine"":79169.64112903226,""var_sine"":79169.64112903226}"
5162239684a3433e4d03200707a0ddbf67e1e7c5c4bb3aa516d93e789f5a2dc9,,cx_count,,"{""cov_cos_sin"":151945.2741935484,""cross_candidate_covariance"":null,""formal_ci"":false,""interval_kind"":""ENGINEERING_INTERVAL_ONLY"",""mean_cosine"":3734.625,""mean_sine"":3734.625,""n"":32,""quantum_shot_uncertainty"":false,""rare_event_cost_tail"":""UNRESOLVED"",""var_cosine"":151945.2741935484,""var_sine"":151945.2741935484}"
5162239684a3433e4d03200707a0ddbf67e1e7c5c4bb3aa516d93e789f5a2dc9,,cx_depth,,"{""cov_cos_sin"":28160.899193548386,""cross_candidate_covariance"":null,""formal_ci"":false,""interval_kind"":""ENGINEERING_INTERVAL_ONLY"",""mean_cosine"":1664.0625,""mean_sine"":1664.0625,""n"":32,""quantum_shot_uncertainty"":false,""rare_event_cost_tail"":""UNRESOLVED"",""var_cosine"":28160.899193548386,""var_sine"":28160.899193548386}"
5162239684a3433e4d03200707a0ddbf67e1e7c5c4bb3aa516d93e789f5a2dc9,,total_depth,,"{""cov_cos_sin"":377054.5443548387,""cross_candidate_covariance"":null,""formal_ci"":false,""interval_kind"":""ENGINEERING_INTERVAL_ONLY"",""mean_cosine"":5635.3125,""mean_sine"":5635.3125,""n"":32,""quantum_shot_uncertainty"":false,""rare_event_cost_tail"":""UNRESOLVED"",""var_cosine"":377054.5443548387,""var_sine"":377054.5443548387}"
5162239684a3433e4d03200707a0ddbf67e1e7c5c4bb3aa516d93e789f5a2dc9,,circuit_size,,"{""cov_cos_sin"":6134335.0927419355,""cross_candidate_covariance"":null,""formal_ci"":false,""interval_kind"":""ENGINEERING_INTERVAL_ONLY"",""mean_cosine"":22116.9375,""mean_sine"":22116.9375,""n"":32,""quantum_shot_uncertainty"":false,""rare_event_cost_tail"":""UNRESOLVED"",""var_cosine"":6134335.0927419355,""var_sine"":6134335.0927419355}"
519fbed1bdb2abfe84139f5afb66613c8cd395593ad7540e74d5bd9af94c09ea,,rz_count,,"{""cov_cos_sin"":24712409.84576613,""cross_candidate_covariance"":null,""formal_ci"":false,""interval_kind"":""ENGINEERING_INTERVAL_ONLY"",""mean_cosine"":61698.65625,""mean_sine"":61698.65625,""n"":32,""quantum_shot_uncertainty"":false,""rare_event_cost_tail"":""UNRESOLVED"",""var_cosine"":24712409.84576613,""var_sine"":24712409.84576613}"
519fbed1bdb2abfe84139f5afb66613c8cd395593ad7540e74d5bd9af94c09ea,,rz_depth,,"{""cov_cos_sin"":1115002.4516129033,""cross_candidate_covariance"":null,""formal_ci"":false,""interval_kind"":""ENGINEERING_INTERVAL_ONLY"",""mean_cosine"":14228.5,""mean_sine"":14228.5,""n"":32,""quantum_shot_uncertainty"":false,""rare_event_cost_tail"":""UNRESOLVED"",""var_cosine"":1115002.4516129033,""var_sine"":1115002.4516129033}"
519fbed1bdb2abfe84139f5afb66613c8cd395593ad7540e74d5bd9af94c09ea,,cx_count,,"{""cov_cos_sin"":2348918.9516129033,""cross_candidate_covariance"":null,""formal_ci"":false,""interval_kind"":""ENGINEERING_INTERVAL_ONLY"",""mean_cosine"":20389.125,""mean_sine"":20389.125,""n"":32,""quantum_shot_uncertainty"":false,""rare_event_cost_tail"":""UNRESOLVED"",""var_cosine"":2348918.9516129033,""var_sine"":2348918.9516129033}"
519fbed1bdb2abfe84139f5afb66613c8cd395593ad7540e74d5bd9af94c09ea,,cx_depth,,"{""cov_cos_sin"":393432.1935483871,""cross_candidate_covariance"":null,""formal_ci"":false,""interval_kind"":""ENGINEERING_INTERVAL_ONLY"",""mean_cosine"":9550.5,""mean_sine"":9550.5,""n"":32,""quantum_shot_uncertainty"":false,""rare_event_cost_tail"":""UNRESOLVED"",""var_cosine"":393432.1935483871,""var_sine"":393432.1935483871}"
519fbed1bdb2abfe84139f5afb66613c8cd395593ad7540e74d5bd9af94c09ea,,total_depth,,"{""cov_cos_sin"":5409152.829637097,""cross_candidate_covariance"":null,""formal_ci"":false,""interval_kind"":""ENGINEERING_INTERVAL_ONLY"",""mean_cosine"":31275.40625,""mean_sine"":31275.40625,""n"":32,""quantum_shot_uncertainty"":false,""rare_event_cost_tail"":""UNRESOLVED"",""var_cosine"":5409152.829637097,""var_sine"":5409152.829637097}"
519fbed1bdb2abfe84139f5afb66613c8cd395593ad7540e74d5bd9af94c09ea,,circuit_size,,"{""cov_cos_sin"":95570398.53931452,""cross_candidate_covariance"":null,""formal_ci"":false,""interval_kind"":""ENGINEERING_INTERVAL_ONLY"",""mean_cosine"":119987.90625,""mean_sine"":119987.90625,""n"":32,""quantum_shot_uncertainty"":false,""rare_event_cost_tail"":""UNRESOLVED"",""var_cosine"":95570398.53931452,""var_sine"":95570398.53931452}"
51d527be43673608b0ba3347a6ccdd5f1336703fb370972865ca3a5ead959ea3,,rz_count,,"{""cov_cos_sin"":823053.9909274194,""cross_candidate_covariance"":null,""formal_ci"":false,""interval_kind"":""ENGINEERING_INTERVAL_ONLY"",""mean_cosine"":4519.40625,""mean_sine"":4519.40625,""n"":32,""quantum_shot_uncertainty"":false,""rare_event_cost_tail"":""UNRESOLVED"",""var_cosine"":823053.9909274194,""var_sine"":823053.9909274194}"
51d527be43673608b0ba3347a6ccdd5f1336703fb370972865ca3a5ead959ea3,,rz_depth,,"{""cov_cos_sin"":35422.25705645161,""cross_candidate_covariance"":null,""formal_ci"":false,""interval_kind"":""ENGINEERING_INTERVAL_ONLY"",""mean_cosine"":977.46875,""mean_sine"":977.46875,""n"":32,""quantum_shot_uncertainty"":false,""rare_event_cost_tail"":""UNRESOLVED"",""var_cosine"":35422.25705645161,""var_sine"":35422.25705645161}"
51d527be43673608b0ba3347a6ccdd5f1336703fb370972865ca3a5ead959ea3,,cx_count,,"{""cov_cos_sin"":73150.83770161291,""cross_candidate_covariance"":null,""formal_ci"":false,""interval_kind"":""ENGINEERING_INTERVAL_ONLY"",""mean_cosine"":1444.53125,""mean_sine"":1444.53125,""n"":32,""quantum_shot_uncertainty"":false,""rare_event_cost_tail"":""UNRESOLVED"",""var_cosine"":73150.83770161291,""var_sine"":73150.83770161291}"
51d527be43673608b0ba3347a6ccdd5f1336703fb370972865ca3a5ead959ea3,,cx_depth,,"{""cov_cos_sin"":10767.248991935483,""cross_candidate_covariance"":null,""formal_ci"":false,""interval_kind"":""ENGINEERING_INTERVAL_ONLY"",""mean_cosine"":616.09375,""mean_sine"":616.09375,""n"":32,""quantum_shot_uncertainty"":false,""rare_event_cost_tail"":""UNRESOLVED"",""var_cosine"":10767.248991935483,""var_sine"":10767.248991935483}"
51d527be43673608b0ba3347a6ccdd5f1336703fb370972865ca3a5ead959ea3,,total_depth,,"{""cov_cos_sin"":173914.35383064515,""cross_candidate_covariance"":null,""formal_ci"":false,""interval_kind"":""ENGINEERING_INTERVAL_ONLY"",""mean_cosine"":2138.03125,""mean_sine"":2138.03125,""n"":32,""quantum_shot_uncertainty"":false,""rare_event_cost_tail"":""UNRESOLVED"",""var_cosine"":173914.35383064515,""var_sine"":173914.35383064515}"
51d527be43673608b0ba3347a6ccdd5f1336703fb370972865ca3a5ead959ea3,,circuit_size,,"{""cov_cos_sin"":3199401.8991935486,""cross_candidate_covariance"":null,""formal_ci"":false,""interval_kind"":""ENGINEERING_INTERVAL_ONLY"",""mean_cosine"":8663.3125,""mean_sine"":8663.3125,""n"":32,""quantum_shot_uncertainty"":false,""rare_event_cost_tail"":""UNRESOLVED"",""var_cosine"":3199401.8991935486,""var_sine"":3199401.8991935486}"
521508d82e8b1711110e0efa3bb5d8888d5a4f06e52a8ce7c4a0f93b2c6889d8,,rz_count,,"{""cov_cos_sin"":60007.415322580644,""cross_candidate_covariance"":null,""formal_ci"":false,""interval_kind"":""ENGINEERING_INTERVAL_ONLY"",""mean_cosine"":88865.0625,""mean_sine"":88865.0625,""n"":32,""quantum_shot_uncertainty"":false,""rare_event_cost_tail"":""UNRESOLVED"",""var_cosine"":60007.415322580644,""var_sine"":60007.415322580644}"
521508d82e8b1711110e0efa3bb5d8888d5a4f06e52a8ce7c4a0f93b2c6889d8,,rz_depth,,"{""cov_cos_sin"":3868.435483870968,""cross_candidate_covariance"":null,""formal_ci"":false,""interval_kind"":""ENGINEERING_INTERVAL_ONLY"",""mean_cosine"":38733.625,""mean_sine"":38733.625,""n"":32,""quantum_shot_uncertainty"":false,""rare_event_cost_tail"":""UNRESOLVED"",""var_cosine"":3868.435483870968,""var_sine"":3868.435483870968}"
521508d82e8b1711110e0efa3bb5d8888d5a4f06e52a8ce7c4a0f93b2c6889d8,,cx_count,,"{""cov_cos_sin"":5730.221774193548,""cross_candidate_covariance"":null,""formal_ci"":false,""interval_kind"":""ENGINEERING_INTERVAL_ONLY"",""mean_cosine"":49663.3125,""mean_sine"":49663.3125,""n"":32,""quantum_shot_uncertainty"":false,""rare_event_cost_tail"":""UNRESOLVED"",""var_cosine"":5730.221774193548,""var_sine"":5730.221774193548}"
521508d82e8b1711110e0efa3bb5d8888d5a4f06e52a8ce7c4a0f93b2c6889d8,,cx_depth,,"{""cov_cos_sin"":1315.748991935484,""cross_candidate_covariance"":null,""formal_ci"":false,""interval_kind"":""ENGINEERING_INTERVAL_ONLY"",""mean_cosine"":41457.15625,""mean_sine"":41457.15625,""n"":32,""quantum_shot_uncertainty"":false,""rare_event_cost_tail"":""UNRESOLVED"",""var_cosine"":1315.748991935484,""var_sine"":1315.748991935484}"
521508d82e8b1711110e0efa3bb5d8888d5a4f06e52a8ce7c4a0f93b2c6889d8,,total_depth,,"{""cov_cos_sin"":17476.512096774193,""cross_candidate_covariance"":null,""formal_ci"":false,""interval_kind"":""ENGINEERING_INTERVAL_ONLY"",""mean_cosine"":84365.5625,""mean_sine"":84365.5625,""n"":32,""quantum_shot_uncertainty"":false,""rare_event_cost_tail"":""UNRESOLVED"",""var_cosine"":17476.512096774193,""var_sine"":17476.512096774193}"
521508d82e8b1711110e0efa3bb5d8888d5a4f06e52a8ce7c4a0f93b2c6889d8,,circuit_size,,"{""cov_cos_sin"":219523.5483870968,""cross_candidate_covariance"":null,""formal_ci"":false,""interval_kind"":""ENGINEERING_INTERVAL_ONLY"",""mean_cosine"":170045.25,""mean_sine"":170045.25,""n"":32,""quantum_shot_uncertainty"":false,""rare_event_cost_tail"":""UNRESOLVED"",""var_cosine"":219523.5483870968,""var_sine"":219523.5483870968}"
54425881a560c7306c36a12eb3cfe0944e179ad9f295929d1829997a7ec05b70,,rz_count,,"{""cov_cos_sin"":791946.1844758064,""cross_candidate_covariance"":null,""formal_ci"":false,""interval_kind"":""ENGINEERING_INTERVAL_ONLY"",""mean_cosine"":7748.40625,""mean_sine"":7748.40625,""n"":32,""quantum_shot_uncertainty"":false,""rare_event_cost_tail"":""UNRESOLVED"",""var_cosine"":791946.1844758064,""var_sine"":791946.1844758064}"
54425881a560c7306c36a12eb3cfe0944e179ad9f295929d1829997a7ec05b70,,rz_depth,,"{""cov_cos_sin"":36894.071572580644,""cross_candidate_covariance"":null,""formal_ci"":false,""interval_kind"":""ENGINEERING_INTERVAL_ONLY"",""mean_cosine"":1702.84375,""mean_sine"":1702.84375,""n"":32,""quantum_shot_uncertainty"":false,""rare_event_cost_tail"":""UNRESOLVED"",""var_cosine"":36894.071572580644,""var_sine"":36894.071572580644}"
54425881a560c7306c36a12eb3cfe0944e179ad9f295929d1829997a7ec05b70,,cx_count,,"{""cov_cos_sin"":73354.58064516129,""cross_candidate_covariance"":null,""formal_ci"":false,""interval_kind"":""ENGINEERING_INTERVAL_ONLY"",""mean_cosine"":2499.25,""mean_sine"":2499.25,""n"":32,""quantum_shot_uncertainty"":false,""rare_event_cost_tail"":""UNRESOLVED"",""var_cosine"":73354.58064516129,""var_sine"":73354.58064516129}"
54425881a560c7306c36a12eb3cfe0944e179ad9f295929d1829997a7ec05b70,,cx_depth,,"{""cov_cos_sin"":12690.37802419355,""cross_candidate_covariance"":null,""formal_ci"":false,""interval_kind"":""ENGINEERING_INTERVAL_ONLY"",""mean_cosine"":1083.40625,""mean_sine"":1083.40625,""n"":32,""quantum_shot_uncertainty"":false,""rare_event_cost_tail"":""UNRESOLVED"",""var_cosine"":12690.37802419355,""var_sine"":12690.37802419355}"
54425881a560c7306c36a12eb3cfe0944e179ad9f295929d1829997a7ec05b70,,total_depth,,"{""cov_cos_sin"":179970.7741935484,""cross_candidate_covariance"":null,""formal_ci"":false,""interval_kind"":""ENGINEERING_INTERVAL_ONLY"",""mean_cosine"":3716.5,""mean_sine"":3716.5,""n"":32,""quantum_shot_uncertainty"":false,""rare_event_cost_tail"":""UNRESOLVED"",""var_cosine"":179970.7741935484,""var_sine"":179970.7741935484}"
54425881a560c7306c36a12eb3cfe0944e179ad9f295929d1829997a7ec05b70,,circuit_size,,"{""cov_cos_sin"":3107223.03125,""cross_candidate_covariance"":null,""formal_ci"":false,""interval_kind"":""ENGINEERING_INTERVAL_ONLY"",""mean_cosine"":14835.53125,""mean_sine"":14835.53125,""n"":32,""quantum_shot_uncertainty"":false,""rare_event_cost_tail"":""UNRESOLVED"",""var_cosine"":3107223.03125,""var_sine"":3107223.03125}"
58389a3d07fa30f8584c1c9deb491b34af2e9475c08e53bf2d93f3e553d1b2ed,,rz_count,,"{""cov_cos_sin"":2040878.8215725806,""cross_candidate_covariance"":null,""formal_ci"":false,""interval_kind"":""ENGINEERING_INTERVAL_ONLY"",""mean_cosine"":29721.78125,""mean_sine"":29721.78125,""n"":32,""quantum_shot_uncertainty"":false,""rare_event_cost_tail"":""UNRESOLVED"",""var_cosine"":2040878.8215725806,""var_sine"":2040878.8215725806}"
58389a3d07fa30f8584c1c9deb491b34af2e9475c08e53bf2d93f3e553d1b2ed,,rz_depth,,"{""cov_cos_sin"":71699.93447580645,""cross_candidate_covariance"":null,""formal_ci"":false,""interval_kind"":""ENGINEERING_INTERVAL_ONLY"",""mean_cosine"":11555.53125,""mean_sine"":11555.53125,""n"":32,""quantum_shot_uncertainty"":false,""rare_event_cost_tail"":""UNRESOLVED"",""var_cosine"":71699.93447580645,""var_sine"":71699.93447580645}"
58389a3d07fa30f8584c1c9deb491b34af2e9475c08e53bf2d93f3e553d1b2ed,,cx_count,,"{""cov_cos_sin"":171416.83467741936,""cross_candidate_covariance"":null,""formal_ci"":false,""interval_kind"":""ENGINEERING_INTERVAL_ONLY"",""mean_cosine"":15124.5625,""mean_sine"":15124.5625,""n"":32,""quantum_shot_uncertainty"":false,""rare_event_cost_tail"":""UNRESOLVED"",""var_cosine"":171416.83467741936,""var_sine"":171416.83467741936}"
58389a3d07fa30f8584c1c9deb491b34af2e9475c08e53bf2d93f3e553d1b2ed,,cx_depth,,"{""cov_cos_sin"":19716.96370967742,""cross_candidate_covariance"":null,""formal_ci"":false,""interval_kind"":""ENGINEERING_INTERVAL_ONLY"",""mean_cosine"":11804.0625,""mean_sine"":11804.0625,""n"":32,""quantum_shot_uncertainty"":false,""rare_event_cost_tail"":""UNRESOLVED"",""var_cosine"":19716.96370967742,""var_sine"":19716.96370967742}"
58389a3d07fa30f8584c1c9deb491b34af2e9475c08e53bf2d93f3e553d1b2ed,,total_depth,,"{""cov_cos_sin"":354354.43548387097,""cross_candidate_covariance"":null,""formal_ci"":false,""interval_kind"":""ENGINEERING_INTERVAL_ONLY"",""mean_cosine"":25201.125,""mean_sine"":25201.125,""n"":32,""quantum_shot_uncertainty"":false,""rare_event_cost_tail"":""UNRESOLVED"",""var_cosine"":354354.43548387097,""var_sine"":354354.43548387097}"
58389a3d07fa30f8584c1c9deb491b34af2e9475c08e53bf2d93f3e553d1b2ed,,circuit_size,,"{""cov_cos_sin"":8059704.144153226,""cross_candidate_covariance"":null,""formal_ci"":false,""interval_kind"":""ENGINEERING_INTERVAL_ONLY"",""mean_cosine"":57090.28125,""mean_sine"":57090.28125,""n"":32,""quantum_shot_uncertainty"":false,""rare_event_cost_tail"":""UNRESOLVED"",""var_cosine"":8059704.144153226,""var_sine"":8059704.144153226}"
58dea35b859b0db7caa7df00896671005c61138e847205ea8c22a6f199306a59,,rz_count,,"{""cov_cos_sin"":2910233.7258064514,""cross_candidate_covariance"":null,""formal_ci"":false,""interval_kind"":""ENGINEERING_INTERVAL_ONLY"",""mean_cosine"":58978.625,""mean_sine"":58978.625,""n"":32,""quantum_shot_uncertainty"":false,""rare_event_cost_tail"":""UNRESOLVED"",""var_cosine"":2910233.7258064514,""var_sine"":2910233.7258064514}"
58dea35b859b0db7caa7df00896671005c61138e847205ea8c22a6f199306a59,,rz_depth,,"{""cov_cos_sin"":94558.86693548386,""cross_candidate_covariance"":null,""formal_ci"":false,""interval_kind"":""ENGINEERING_INTERVAL_ONLY"",""mean_cosine"":23033.8125,""mean_sine"":23033.8125,""n"":32,""quantum_shot_uncertainty"":false,""rare_event_cost_tail"":""UNRESOLVED"",""var_cosine"":94558.86693548386,""var_sine"":94558.86693548386}"
58dea35b859b0db7caa7df00896671005c61138e847205ea8c22a6f199306a59,,cx_count,,"{""cov_cos_sin"":244247.60887096773,""cross_candidate_covariance"":null,""formal_ci"":false,""interval_kind"":""ENGINEERING_INTERVAL_ONLY"",""mean_cosine"":30111.9375,""mean_sine"":30111.9375,""n"":32,""quantum_shot_uncertainty"":false,""rare_event_cost_tail"":""UNRESOLVED"",""var_cosine"":244247.60887096773,""var_sine"":244247.60887096773}"
58dea35b859b0db7caa7df00896671005c61138e847205ea8c22a6f199306a59,,cx_depth,,"{""cov_cos_sin"":26980.748991935485,""cross_candidate_covariance"":null,""formal_ci"":false,""interval_kind"":""ENGINEERING_INTERVAL_ONLY"",""mean_cosine"":23560.34375,""mean_sine"":23560.34375,""n"":32,""quantum_shot_uncertainty"":false,""rare_event_cost_tail"":""UNRESOLVED"",""var_cosine"":26980.748991935485,""var_sine"":26980.748991935485}"
58dea35b859b0db7caa7df00896671005c61138e847205ea8c22a6f199306a59,,total_depth,,"{""cov_cos_sin"":475787.90221774194,""cross_candidate_covariance"":null,""formal_ci"":false,""interval_kind"":""ENGINEERING_INTERVAL_ONLY"",""mean_cosine"":50238.96875,""mean_sine"":50238.96875,""n"":32,""quantum_shot_uncertainty"":false,""rare_event_cost_tail"":""UNRESOLVED"",""var_cosine"":475787.90221774194,""var_sine"":475787.90221774194}"
58dea35b859b0db7caa7df00896671005c61138e847205ea8c22a6f199306a59,,circuit_size,,"{""cov_cos_sin"":11778841.974798387,""cross_candidate_covariance"":null,""formal_ci"":false,""interval_kind"":""ENGINEERING_INTERVAL_ONLY"",""mean_cosine"":113323.34375,""mean_sine"":113323.34375,""n"":32,""quantum_shot_uncertainty"":false,""rare_event_cost_tail"":""UNRESOLVED"",""var_cosine"":11778841.974798387,""var_sine"":11778841.974798387}"
5c2bd2a43249bab045b8148a97116e7bec121b49e5156aeec97abb0d594aa34f,,rz_count,,"{""cov_cos_sin"":8.619959677419354,""cross_candidate_covariance"":null,""formal_ci"":false,""interval_kind"":""ENGINEERING_INTERVAL_ONLY"",""mean_cosine"":16358.65625,""mean_sine"":16358.65625,""n"":32,""quantum_shot_uncertainty"":false,""rare_event_cost_tail"":""UNRESOLVED"",""var_cosine"":8.619959677419354,""var_sine"":8.619959677419354}"
5c2bd2a43249bab045b8148a97116e7bec121b49e5156aeec97abb0d594aa34f,,rz_depth,,"{""cov_cos_sin"":6.125,""cross_candidate_covariance"":null,""formal_ci"":false,""interval_kind"":""ENGINEERING_INTERVAL_ONLY"",""mean_cosine"":7278.0625,""mean_sine"":7278.0625,""n"":32,""quantum_shot_uncertainty"":false,""rare_event_cost_tail"":""UNRESOLVED"",""var_cosine"":6.125,""var_sine"":6.125}"
5c2bd2a43249bab045b8148a97116e7bec121b49e5156aeec97abb0d594aa34f,,cx_count,,"{""cov_cos_sin"":0.0,""cross_candidate_covariance"":null,""formal_ci"":false,""interval_kind"":""ENGINEERING_INTERVAL_ONLY"",""mean_cosine"":9260.0,""mean_sine"":9260.0,""n"":32,""quantum_shot_uncertainty"":false,""rare_event_cost_tail"":""UNRESOLVED"",""var_cosine"":0.0,""var_sine"":0.0}"
5c2bd2a43249bab045b8148a97116e7bec121b49e5156aeec97abb0d594aa34f,,cx_depth,,"{""cov_cos_sin"":2.9828629032258065,""cross_candidate_covariance"":null,""formal_ci"":false,""interval_kind"":""ENGINEERING_INTERVAL_ONLY"",""mean_cosine"":7813.71875,""mean_sine"":7813.71875,""n"":32,""quantum_shot_uncertainty"":false,""rare_event_cost_tail"":""UNRESOLVED"",""var_cosine"":2.9828629032258065,""var_sine"":2.9828629032258065}"
5c2bd2a43249bab045b8148a97116e7bec121b49e5156aeec97abb0d594aa34f,,total_depth,,"{""cov_cos_sin"":24.111895161290324,""cross_candidate_covariance"":null,""formal_ci"":false,""interval_kind"":""ENGINEERING_INTERVAL_ONLY"",""mean_cosine"":15836.21875,""mean_sine"":15836.21875,""n"":32,""quantum_shot_uncertainty"":false,""rare_event_cost_tail"":""UNRESOLVED"",""var_cosine"":24.111895161290324,""var_sine"":24.111895161290324}"
5c2bd2a43249bab045b8148a97116e7bec121b49e5156aeec97abb0d594aa34f,,circuit_size,,"{""cov_cos_sin"":16.337701612903224,""cross_candidate_covariance"":null,""formal_ci"":false,""interval_kind"":""ENGINEERING_INTERVAL_ONLY"",""mean_cosine"":31236.28125,""mean_sine"":31236.28125,""n"":32,""quantum_shot_uncertainty"":false,""rare_event_cost_tail"":""UNRESOLVED"",""var_cosine"":16.337701612903224,""var_sine"":16.337701612903224}"
5c4171e81f2227f7d72310ef5885733a1466fac57dce14e213cdc21c8a8acc54,,rz_count,,"{""cov_cos_sin"":28275.257056451614,""cross_candidate_covariance"":null,""formal_ci"":false,""interval_kind"":""ENGINEERING_INTERVAL_ONLY"",""mean_cosine"":22647.96875,""mean_sine"":22647.96875,""n"":32,""quantum_shot_uncertainty"":false,""rare_event_cost_tail"":""UNRESOLVED"",""var_cosine"":28275.257056451614,""var_sine"":28275.257056451614}"
5c4171e81f2227f7d72310ef5885733a1466fac57dce14e213cdc21c8a8acc54,,rz_depth,,"{""cov_cos_sin"":1913.0796370967741,""cross_candidate_covariance"":null,""formal_ci"":false,""interval_kind"":""ENGINEERING_INTERVAL_ONLY"",""mean_cosine"":9833.21875,""mean_sine"":9833.21875,""n"":32,""quantum_shot_uncertainty"":false,""rare_event_cost_tail"":""UNRESOLVED"",""var_cosine"":1913.0796370967741,""var_sine"":1913.0796370967741}"
5c4171e81f2227f7d72310ef5885733a1466fac57dce14e213cdc21c8a8acc54,,cx_count,,"{""cov_cos_sin"":2485.673387096774,""cross_candidate_covariance"":null,""formal_ci"":false,""interval_kind"":""ENGINEERING_INTERVAL_ONLY"",""mean_cosine"":12610.9375,""mean_sine"":12610.9375,""n"":32,""quantum_shot_uncertainty"":false,""rare_event_cost_tail"":""UNRESOLVED"",""var_cosine"":2485.673387096774,""var_sine"":2485.673387096774}"
5c4171e81f2227f7d72310ef5885733a1466fac57dce14e213cdc21c8a8acc54,,cx_depth,,"{""cov_cos_sin"":566.5,""cross_candidate_covariance"":null,""formal_ci"":false,""interval_kind"":""ENGINEERING_INTERVAL_ONLY"",""mean_cosine"":10502.625,""mean_sine"":10502.625,""n"":32,""quantum_shot_uncertainty"":false,""rare_event_cost_tail"":""UNRESOLVED"",""var_cosine"":566.5,""var_sine"":566.5}"
5c4171e81f2227f7d72310ef5885733a1466fac57dce14e213cdc21c8a8acc54,,total_depth,,"{""cov_cos_sin"":8418.023185483871,""cross_candidate_covariance"":null,""formal_ci"":false,""interval_kind"":""ENGINEERING_INTERVAL_ONLY"",""mean_cosine"":21407.90625,""mean_sine"":21407.90625,""n"":32,""quantum_shot_uncertainty"":false,""rare_event_cost_tail"":""UNRESOLVED"",""var_cosine"":8418.023185483871,""var_sine"":8418.023185483871}"
5c4171e81f2227f7d72310ef5885733a1466fac57dce14e213cdc21c8a8acc54,,circuit_size,,"{""cov_cos_sin"":101919.59576612903,""cross_candidate_covariance"":null,""formal_ci"":false,""interval_kind"":""ENGINEERING_INTERVAL_ONLY"",""mean_cosine"":43309.21875,""mean_sine"":43309.21875,""n"":32,""quantum_shot_uncertainty"":false,""rare_event_cost_tail"":""UNRESOLVED"",""var_cosine"":101919.59576612903,""var_sine"":101919.59576612903}"
5dcbd33f279fa88617301114d22fa0d8fd626cc85645a902a634e8ae5afcbe36,,rz_count,,"{""cov_cos_sin"":86.24899193548387,""cross_candidate_covariance"":null,""formal_ci"":false,""interval_kind"":""ENGINEERING_INTERVAL_ONLY"",""mean_cosine"":33302.40625,""mean_sine"":33302.40625,""n"":32,""quantum_shot_uncertainty"":false,""rare_event_cost_tail"":""UNRESOLVED"",""var_cosine"":86.24899193548387,""var_sine"":86.24899193548387}"
5dcbd33f279fa88617301114d22fa0d8fd626cc85645a902a634e8ae5afcbe36,,rz_depth,,"{""cov_cos_sin"":60.693548387096776,""cross_candidate_covariance"":null,""formal_ci"":false,""interval_kind"":""ENGINEERING_INTERVAL_ONLY"",""mean_cosine"":15075.625,""mean_sine"":15075.625,""n"":32,""quantum_shot_uncertainty"":false,""rare_event_cost_tail"":""UNRESOLVED"",""var_cosine"":60.693548387096776,""var_sine"":60.693548387096776}"
5dcbd33f279fa88617301114d22fa0d8fd626cc85645a902a634e8ae5afcbe36,,cx_count,,"{""cov_cos_sin"":4.5,""cross_candidate_covariance"":null,""formal_ci"":false,""interval_kind"":""ENGINEERING_INTERVAL_ONLY"",""mean_cosine"":19095.625,""mean_sine"":19095.625,""n"":32,""quantum_shot_uncertainty"":false,""rare_event_cost_tail"":""UNRESOLVED"",""var_cosine"":4.5,""var_sine"":4.5}"
5dcbd33f279fa88617301114d22fa0d8fd626cc85645a902a634e8ae5afcbe36,,cx_depth,,"{""cov_cos_sin"":33.90221774193548,""cross_candidate_covariance"":null,""formal_ci"":false,""interval_kind"":""ENGINEERING_INTERVAL_ONLY"",""mean_cosine"":16234.03125,""mean_sine"":16234.03125,""n"":32,""quantum_shot_uncertainty"":false,""rare_event_cost_tail"":""UNRESOLVED"",""var_cosine"":33.90221774193548,""var_sine"":33.90221774193548}"
5dcbd33f279fa88617301114d22fa0d8fd626cc85645a902a634e8ae5afcbe36,,total_depth,,"{""cov_cos_sin"":239.74193548387098,""cross_candidate_covariance"":null,""formal_ci"":false,""interval_kind"":""ENGINEERING_INTERVAL_ONLY"",""mean_cosine"":32759.75,""mean_sine"":32759.75,""n"":32,""quantum_shot_uncertainty"":false,""rare_event_cost_tail"":""UNRESOLVED"",""var_cosine"":239.74193548387098,""var_sine"":239.74193548387098}"
5dcbd33f279fa88617301114d22fa0d8fd626cc85645a902a634e8ae5afcbe36,,circuit_size,,"{""cov_cos_sin"":231.14415322580646,""cross_candidate_covariance"":null,""formal_ci"":false,""interval_kind"":""ENGINEERING_INTERVAL_ONLY"",""mean_cosine"":63587.21875,""mean_sine"":63587.21875,""n"":32,""quantum_shot_uncertainty"":false,""rare_event_cost_tail"":""UNRESOLVED"",""var_cosine"":231.14415322580646,""var_sine"":231.14415322580646}"
5f11e879f44a5388f939fc1dbc2b0432152f73e6e57313fa160812dc526c0b3b,,rz_count,,"{""cov_cos_sin"":1314935.2731854839,""cross_candidate_covariance"":null,""formal_ci"":false,""interval_kind"":""ENGINEERING_INTERVAL_ONLY"",""mean_cosine"":12394.78125,""mean_sine"":12394.78125,""n"":32,""quantum_shot_uncertainty"":false,""rare_event_cost_tail"":""UNRESOLVED"",""var_cosine"":1314935.2731854839,""var_sine"":1314935.2731854839}"
5f11e879f44a5388f939fc1dbc2b0432152f73e6e57313fa160812dc526c0b3b,,rz_depth,,"{""cov_cos_sin"":44943.321572580644,""cross_candidate_covariance"":null,""formal_ci"":false,""interval_kind"":""ENGINEERING_INTERVAL_ONLY"",""mean_cosine"":4183.03125,""mean_sine"":4183.03125,""n"":32,""quantum_shot_uncertainty"":false,""rare_event_cost_tail"":""UNRESOLVED"",""var_cosine"":44943.321572580644,""var_sine"":44943.321572580644}"
5f11e879f44a5388f939fc1dbc2b0432152f73e6e57313fa160812dc526c0b3b,,cx_count,,"{""cov_cos_sin"":109863.16129032258,""cross_candidate_covariance"":null,""formal_ci"":false,""interval_kind"":""ENGINEERING_INTERVAL_ONLY"",""mean_cosine"":5622.25,""mean_sine"":5622.25,""n"":32,""quantum_shot_uncertainty"":false,""rare_event_cost_tail"":""UNRESOLVED"",""var_cosine"":109863.16129032258,""var_sine"":109863.16129032258}"
5f11e879f44a5388f939fc1dbc2b0432152f73e6e57313fa160812dc526c0b3b,,cx_depth,,"{""cov_cos_sin"":12561.11189516129,""cross_candidate_covariance"":null,""formal_ci"":false,""interval_kind"":""ENGINEERING_INTERVAL_ONLY"",""mean_cosine"":3980.28125,""mean_sine"":3980.28125,""n"":32,""quantum_shot_uncertainty"":false,""rare_event_cost_tail"":""UNRESOLVED"",""var_cosine"":12561.11189516129,""var_sine"":12561.11189516129}"
5f11e879f44a5388f939fc1dbc2b0432152f73e6e57313fa160812dc526c0b3b,,total_depth,,"{""cov_cos_sin"":221290.5877016129,""cross_candidate_covariance"":null,""formal_ci"":false,""interval_kind"":""ENGINEERING_INTERVAL_ONLY"",""mean_cosine"":9125.15625,""mean_sine"":9125.15625,""n"":32,""quantum_shot_uncertainty"":false,""rare_event_cost_tail"":""UNRESOLVED"",""var_cosine"":221290.5877016129,""var_sine"":221290.5877016129}"
5f11e879f44a5388f939fc1dbc2b0432152f73e6e57313fa160812dc526c0b3b,,circuit_size,,"{""cov_cos_sin"":5168231.447580645,""cross_candidate_covariance"":null,""formal_ci"":false,""interval_kind"":""ENGINEERING_INTERVAL_ONLY"",""mean_cosine"":24006.3125,""mean_sine"":24006.3125,""n"":32,""quantum_shot_uncertainty"":false,""rare_event_cost_tail"":""UNRESOLVED"",""var_cosine"":5168231.447580645,""var_sine"":5168231.447580645}"
5faa42f0cdb8133f4c12efd6e98588bf48efa9c397750ed4474f44ee6417e8ed,,rz_count,,"{""cov_cos_sin"":976435.4838709678,""cross_candidate_covariance"":null,""formal_ci"":false,""interval_kind"":""ENGINEERING_INTERVAL_ONLY"",""mean_cosine"":4818.0,""mean_sine"":4818.0,""n"":32,""quantum_shot_uncertainty"":false,""rare_event_cost_tail"":""UNRESOLVED"",""var_cosine"":976435.4838709678,""var_sine"":976435.4838709678}"
5faa42f0cdb8133f4c12efd6e98588bf48efa9c397750ed4474f44ee6417e8ed,,rz_depth,,"{""cov_cos_sin"":43462.86693548387,""cross_candidate_covariance"":null,""formal_ci"":false,""interval_kind"":""ENGINEERING_INTERVAL_ONLY"",""mean_cosine"":1094.6875,""mean_sine"":1094.6875,""n"":32,""quantum_shot_uncertainty"":false,""rare_event_cost_tail"":""UNRESOLVED"",""var_cosine"":43462.86693548387,""var_sine"":43462.86693548387}"
5faa42f0cdb8133f4c12efd6e98588bf48efa9c397750ed4474f44ee6417e8ed,,cx_count,,"{""cov_cos_sin"":88159.20967741935,""cross_candidate_covariance"":null,""formal_ci"":false,""interval_kind"":""ENGINEERING_INTERVAL_ONLY"",""mean_cosine"":1572.375,""mean_sine"":1572.375,""n"":32,""quantum_shot_uncertainty"":false,""rare_event_cost_tail"":""UNRESOLVED"",""var_cosine"":88159.20967741935,""var_sine"":88159.20967741935}"
5faa42f0cdb8133f4c12efd6e98588bf48efa9c397750ed4474f44ee6417e8ed,,cx_depth,,"{""cov_cos_sin"":14113.926411290322,""cross_candidate_covariance"":null,""formal_ci"":false,""interval_kind"":""ENGINEERING_INTERVAL_ONLY"",""mean_cosine"":718.59375,""mean_sine"":718.59375,""n"":32,""quantum_shot_uncertainty"":false,""rare_event_cost_tail"":""UNRESOLVED"",""var_cosine"":14113.926411290322,""var_sine"":14113.926411290322}"
5faa42f0cdb8133f4c12efd6e98588bf48efa9c397750ed4474f44ee6417e8ed,,total_depth,,"{""cov_cos_sin"":215283.40322580645,""cross_candidate_covariance"":null,""formal_ci"":false,""interval_kind"":""ENGINEERING_INTERVAL_ONLY"",""mean_cosine"":2400.625,""mean_sine"":2400.625,""n"":32,""quantum_shot_uncertainty"":false,""rare_event_cost_tail"":""UNRESOLVED"",""var_cosine"":215283.40322580645,""var_sine"":215283.40322580645}"
5faa42f0cdb8133f4c12efd6e98588bf48efa9c397750ed4474f44ee6417e8ed,,circuit_size,,"{""cov_cos_sin"":3847428.9586693547,""cross_candidate_covariance"":null,""formal_ci"":false,""interval_kind"":""ENGINEERING_INTERVAL_ONLY"",""mean_cosine"":9334.40625,""mean_sine"":9334.40625,""n"":32,""quantum_shot_uncertainty"":false,""rare_event_cost_tail"":""UNRESOLVED"",""var_cosine"":3847428.9586693547,""var_sine"":3847428.9586693547}"
6100bc0d97e038cf36a1745b212130fff012367b9ef409a587dc5d8a4ce94593,,rz_count,,"{""cov_cos_sin"":83.08064516129032,""cross_candidate_covariance"":null,""formal_ci"":false,""interval_kind"":""ENGINEERING_INTERVAL_ONLY"",""mean_cosine"":66299.125,""mean_sine"":66299.125,""n"":32,""quantum_shot_uncertainty"":false,""rare_event_cost_tail"":""UNRESOLVED"",""var_cosine"":83.08064516129032,""var_sine"":83.08064516129032}"
6100bc0d97e038cf36a1745b212130fff012367b9ef409a587dc5d8a4ce94593,,rz_depth,,"{""cov_cos_sin"":122.24193548387096,""cross_candidate_covariance"":null,""formal_ci"":false,""interval_kind"":""ENGINEERING_INTERVAL_ONLY"",""mean_cosine"":30086.125,""mean_sine"":30086.125,""n"":32,""quantum_shot_uncertainty"":false,""rare_event_cost_tail"":""UNRESOLVED"",""var_cosine"":122.24193548387096,""var_sine"":122.24193548387096}"
6100bc0d97e038cf36a1745b212130fff012367b9ef409a587dc5d8a4ce94593,,cx_count,,"{""cov_cos_sin"":0.0,""cross_candidate_covariance"":null,""formal_ci"":false,""interval_kind"":""ENGINEERING_INTERVAL_ONLY"",""mean_cosine"":38096.0,""mean_sine"":38096.0,""n"":32,""quantum_shot_uncertainty"":false,""rare_event_cost_tail"":""UNRESOLVED"",""var_cosine"":0.0,""var_sine"":0.0}"
6100bc0d97e038cf36a1745b212130fff012367b9ef409a587dc5d8a4ce94593,,cx_depth,,"{""cov_cos_sin"":32.125,""cross_candidate_covariance"":null,""formal_ci"":false,""interval_kind"":""ENGINEERING_INTERVAL_ONLY"",""mean_cosine"":32430.5625,""mean_sine"":32430.5625,""n"":32,""quantum_shot_uncertainty"":false,""rare_event_cost_tail"":""UNRESOLVED"",""var_cosine"":32.125,""var_sine"":32.125}"
6100bc0d97e038cf36a1745b212130fff012367b9ef409a587dc5d8a4ce94593,,total_depth,,"{""cov_cos_sin"":429.93548387096774,""cross_candidate_covariance"":null,""formal_ci"":false,""interval_kind"":""ENGINEERING_INTERVAL_ONLY"",""mean_cosine"":65384.5,""mean_sine"":65384.5,""n"":32,""quantum_shot_uncertainty"":false,""rare_event_cost_tail"":""UNRESOLVED"",""var_cosine"":429.93548387096774,""var_sine"":429.93548387096774}"
6100bc0d97e038cf36a1745b212130fff012367b9ef409a587dc5d8a4ce94593,,circuit_size,,"{""cov_cos_sin"":217.74899193548387,""cross_candidate_covariance"":null,""formal_ci"":false,""interval_kind"":""ENGINEERING_INTERVAL_ONLY"",""mean_cosine"":126611.84375,""mean_sine"":126611.84375,""n"":32,""quantum_shot_uncertainty"":false,""rare_event_cost_tail"":""UNRESOLVED"",""var_cosine"":217.74899193548387,""var_sine"":217.74899193548387}"
62d5fe4a325e1641b8f8033033a22d726f1feedffba03f650389ef26b81ce7ab,,rz_count,,"{""cov_cos_sin"":0.0,""cross_candidate_covariance"":null,""formal_ci"":false,""interval_kind"":""ENGINEERING_INTERVAL_ONLY"",""mean_cosine"":122702.0,""mean_sine"":122702.0,""n"":1,""quantum_shot_uncertainty"":false,""rare_event_cost_tail"":""UNRESOLVED"",""var_cosine"":0.0,""var_sine"":0.0}"
62d5fe4a325e1641b8f8033033a22d726f1feedffba03f650389ef26b81ce7ab,,rz_depth,,"{""cov_cos_sin"":0.0,""cross_candidate_covariance"":null,""formal_ci"":false,""interval_kind"":""ENGINEERING_INTERVAL_ONLY"",""mean_cosine"":56129.0,""mean_sine"":56129.0,""n"":1,""quantum_shot_uncertainty"":false,""rare_event_cost_tail"":""UNRESOLVED"",""var_cosine"":0.0,""var_sine"":0.0}"
62d5fe4a325e1641b8f8033033a22d726f1feedffba03f650389ef26b81ce7ab,,cx_count,,"{""cov_cos_sin"":0.0,""cross_candidate_covariance"":null,""formal_ci"":false,""interval_kind"":""ENGINEERING_INTERVAL_ONLY"",""mean_cosine"":71136.0,""mean_sine"":71136.0,""n"":1,""quantum_shot_uncertainty"":false,""rare_event_cost_tail"":""UNRESOLVED"",""var_cosine"":0.0,""var_sine"":0.0}"
62d5fe4a325e1641b8f8033033a22d726f1feedffba03f650389ef26b81ce7ab,,cx_depth,,"{""cov_cos_sin"":0.0,""cross_candidate_covariance"":null,""formal_ci"":false,""interval_kind"":""ENGINEERING_INTERVAL_ONLY"",""mean_cosine"":60896.0,""mean_sine"":60896.0,""n"":1,""quantum_shot_uncertainty"":false,""rare_event_cost_tail"":""UNRESOLVED"",""var_cosine"":0.0,""var_sine"":0.0}"
62d5fe4a325e1641b8f8033033a22d726f1feedffba03f650389ef26b81ce7ab,,total_depth,,"{""cov_cos_sin"":0.0,""cross_candidate_covariance"":null,""formal_ci"":false,""interval_kind"":""ENGINEERING_INTERVAL_ONLY"",""mean_cosine"":122154.0,""mean_sine"":122154.0,""n"":1,""quantum_shot_uncertainty"":false,""rare_event_cost_tail"":""UNRESOLVED"",""var_cosine"":0.0,""var_sine"":0.0}"
62d5fe4a325e1641b8f8033033a22d726f1feedffba03f650389ef26b81ce7ab,,circuit_size,,"{""cov_cos_sin"":0.0,""cross_candidate_covariance"":null,""formal_ci"":false,""interval_kind"":""ENGINEERING_INTERVAL_ONLY"",""mean_cosine"":234129.0,""mean_sine"":234129.0,""n"":1,""quantum_shot_uncertainty"":false,""rare_event_cost_tail"":""UNRESOLVED"",""var_cosine"":0.0,""var_sine"":0.0}"
66558e0cb333e7d41a33d7e61bc9a6e433df0e6cda3946a9c8a9d4cba9163860,,rz_count,,"{""cov_cos_sin"":6417.289314516129,""cross_candidate_covariance"":null,""formal_ci"":false,""interval_kind"":""ENGINEERING_INTERVAL_ONLY"",""mean_cosine"":23314.46875,""mean_sine"":23314.46875,""n"":32,""quantum_shot_uncertainty"":false,""rare_event_cost_tail"":""UNRESOLVED"",""var_cosine"":6417.289314516129,""var_sine"":6417.289314516129}"
66558e0cb333e7d41a33d7e61bc9a6e433df0e6cda3946a9c8a9d4cba9163860,,rz_depth,,"{""cov_cos_sin"":110.51209677419355,""cross_candidate_covariance"":null,""formal_ci"":false,""interval_kind"":""ENGINEERING_INTERVAL_ONLY"",""mean_cosine"":9943.9375,""mean_sine"":9943.9375,""n"":32,""quantum_shot_uncertainty"":false,""rare_event_cost_tail"":""UNRESOLVED"",""var_cosine"":110.51209677419355,""var_sine"":110.51209677419355}"
66558e0cb333e7d41a33d7e61bc9a6e433df0e6cda3946a9c8a9d4cba9163860,,cx_count,,"{""cov_cos_sin"":509.2540322580645,""cross_candidate_covariance"":null,""formal_ci"":false,""interval_kind"":""ENGINEERING_INTERVAL_ONLY"",""mean_cosine"":12778.1875,""mean_sine"":12778.1875,""n"":32,""quantum_shot_uncertainty"":false,""rare_event_cost_tail"":""UNRESOLVED"",""var_cosine"":509.2540322580645,""var_sine"":509.2540322580645}"
66558e0cb333e7d41a33d7e61bc9a6e433df0e6cda3946a9c8a9d4cba9163860,,cx_depth,,"{""cov_cos_sin"":36.57661290322581,""cross_candidate_covariance"":null,""formal_ci"":false,""interval_kind"":""ENGINEERING_INTERVAL_ONLY"",""mean_cosine"":10525.5625,""mean_sine"":10525.5625,""n"":32,""quantum_shot_uncertainty"":false,""rare_event_cost_tail"":""UNRESOLVED"",""var_cosine"":36.57661290322581,""var_sine"":36.57661290322581}"
66558e0cb333e7d41a33d7e61bc9a6e433df0e6cda3946a9c8a9d4cba9163860,,total_depth,,"{""cov_cos_sin"":579.9314516129032,""cross_candidate_covariance"":null,""formal_ci"":false,""interval_kind"":""ENGINEERING_INTERVAL_ONLY"",""mean_cosine"":21668.4375,""mean_sine"":21668.4375,""n"":32,""quantum_shot_uncertainty"":false,""rare_event_cost_tail"":""UNRESOLVED"",""var_cosine"":579.9314516129032,""var_sine"":579.9314516129032}"
66558e0cb333e7d41a33d7e61bc9a6e433df0e6cda3946a9c8a9d4cba9163860,,circuit_size,,"{""cov_cos_sin"":28552.886088709678,""cross_candidate_covariance"":null,""formal_ci"":false,""interval_kind"":""ENGINEERING_INTERVAL_ONLY"",""mean_cosine"":44438.21875,""mean_sine"":44438.21875,""n"":32,""quantum_shot_uncertainty"":false,""rare_event_cost_tail"":""UNRESOLVED"",""var_cosine"":28552.886088709678,""var_sine"":28552.886088709678}"
674d3082b53a74bc118e4cf1f9471aa25d76dcf97802cf6624ac631ac723b552,,rz_count,,"{""cov_cos_sin"":12695.490927419354,""cross_candidate_covariance"":null,""formal_ci"":false,""interval_kind"":""ENGINEERING_INTERVAL_ONLY"",""mean_cosine"":23317.84375,""mean_sine"":23317.84375,""n"":32,""quantum_shot_uncertainty"":false,""rare_event_cost_tail"":""UNRESOLVED"",""var_cosine"":12695.490927419354,""var_sine"":12695.490927419354}"
674d3082b53a74bc118e4cf1f9471aa25d76dcf97802cf6624ac631ac723b552,,rz_depth,,"{""cov_cos_sin"":119.98387096774194,""cross_candidate_covariance"":null,""formal_ci"":false,""interval_kind"":""ENGINEERING_INTERVAL_ONLY"",""mean_cosine"":9943.625,""mean_sine"":9943.625,""n"":32,""quantum_shot_uncertainty"":false,""rare_event_cost_tail"":""UNRESOLVED"",""var_cosine"":119.98387096774194,""var_sine"":119.98387096774194}"
674d3082b53a74bc118e4cf1f9471aa25d76dcf97802cf6624ac631ac723b552,,cx_count,,"{""cov_cos_sin"":998.125,""cross_candidate_covariance"":null,""formal_ci"":false,""interval_kind"":""ENGINEERING_INTERVAL_ONLY"",""mean_cosine"":12779.5625,""mean_sine"":12779.5625,""n"":32,""quantum_shot_uncertainty"":false,""rare_event_cost_tail"":""UNRESOLVED"",""var_cosine"":998.125,""var_sine"":998.125}"
674d3082b53a74bc118e4cf1f9471aa25d76dcf97802cf6624ac631ac723b552,,cx_depth,,"{""cov_cos_sin"":48.75806451612903,""cross_candidate_covariance"":null,""formal_ci"":false,""interval_kind"":""ENGINEERING_INTERVAL_ONLY"",""mean_cosine"":10525.875,""mean_sine"":10525.875,""n"":32,""quantum_shot_uncertainty"":false,""rare_event_cost_tail"":""UNRESOLVED"",""var_cosine"":48.75806451612903,""var_sine"":48.75806451612903}"
674d3082b53a74bc118e4cf1f9471aa25d76dcf97802cf6624ac631ac723b552,,total_depth,,"{""cov_cos_sin"":750.9022177419355,""cross_candidate_covariance"":null,""formal_ci"":false,""interval_kind"":""ENGINEERING_INTERVAL_ONLY"",""mean_cosine"":21667.53125,""mean_sine"":21667.53125,""n"":32,""quantum_shot_uncertainty"":false,""rare_event_cost_tail"":""UNRESOLVED"",""var_cosine"":750.9022177419355,""var_sine"":750.9022177419355}"
674d3082b53a74bc118e4cf1f9471aa25d76dcf97802cf6624ac631ac723b552,,circuit_size,,"{""cov_cos_sin"":57141.59576612903,""cross_candidate_covariance"":null,""formal_ci"":false,""interval_kind"":""ENGINEERING_INTERVAL_ONLY"",""mean_cosine"":44445.78125,""mean_sine"":44445.78125,""n"":32,""quantum_shot_uncertainty"":false,""rare_event_cost_tail"":""UNRESOLVED"",""var_cosine"":57141.59576612903,""var_sine"":57141.59576612903}"
6817aeb8429ff98787c96a9b618d57108ca5d525f5c9d21a3a0bf646e0b95226,,rz_count,,"{""cov_cos_sin"":1154665.1612903227,""cross_candidate_covariance"":null,""formal_ci"":false,""interval_kind"":""ENGINEERING_INTERVAL_ONLY"",""mean_cosine"":26319.0,""mean_sine"":26319.0,""n"":32,""quantum_shot_uncertainty"":false,""rare_event_cost_tail"":""UNRESOLVED"",""var_cosine"":1154665.1612903227,""var_sine"":1154665.1612903227}"
6817aeb8429ff98787c96a9b618d57108ca5d525f5c9d21a3a0bf646e0b95226,,rz_depth,,"{""cov_cos_sin"":43695.36189516129,""cross_candidate_covariance"":null,""formal_ci"":false,""interval_kind"":""ENGINEERING_INTERVAL_ONLY"",""mean_cosine"":10694.84375,""mean_sine"":10694.84375,""n"":32,""quantum_shot_uncertainty"":false,""rare_event_cost_tail"":""UNRESOLVED"",""var_cosine"":43695.36189516129,""var_sine"":43695.36189516129}"
6817aeb8429ff98787c96a9b618d57108ca5d525f5c9d21a3a0bf646e0b95226,,cx_count,,"{""cov_cos_sin"":97273.40322580645,""cross_candidate_covariance"":null,""formal_ci"":false,""interval_kind"":""ENGINEERING_INTERVAL_ONLY"",""mean_cosine"":13875.375,""mean_sine"":13875.375,""n"":32,""quantum_shot_uncertainty"":false,""rare_event_cost_tail"":""UNRESOLVED"",""var_cosine"":97273.40322580645,""var_sine"":97273.40322580645}"
6817aeb8429ff98787c96a9b618d57108ca5d525f5c9d21a3a0bf646e0b95226,,cx_depth,,"{""cov_cos_sin"":12411.866935483871,""cross_candidate_covariance"":null,""formal_ci"":false,""interval_kind"":""ENGINEERING_INTERVAL_ONLY"",""mean_cosine"":11120.5625,""mean_sine"":11120.5625,""n"":32,""quantum_shot_uncertainty"":false,""rare_event_cost_tail"":""UNRESOLVED"",""var_cosine"":12411.866935483871,""var_sine"":12411.866935483871}"
6817aeb8429ff98787c96a9b618d57108ca5d525f5c9d21a3a0bf646e0b95226,,total_depth,,"{""cov_cos_sin"":220442.84576612903,""cross_candidate_covariance"":null,""formal_ci"":false,""interval_kind"":""ENGINEERING_INTERVAL_ONLY"",""mean_cosine"":23314.15625,""mean_sine"":23314.15625,""n"":32,""quantum_shot_uncertainty"":false,""rare_event_cost_tail"":""UNRESOLVED"",""var_cosine"":220442.84576612903,""var_sine"":220442.84576612903}"
6817aeb8429ff98787c96a9b618d57108ca5d525f5c9d21a3a0bf646e0b95226,,circuit_size,,"{""cov_cos_sin"":4649844.254032258,""cross_candidate_covariance"":null,""formal_ci"":false,""interval_kind"":""ENGINEERING_INTERVAL_ONLY"",""mean_cosine"":50380.9375,""mean_sine"":50380.9375,""n"":32,""quantum_shot_uncertainty"":false,""rare_event_cost_tail"":""UNRESOLVED"",""var_cosine"":4649844.254032258,""var_sine"":4649844.254032258}"
6981e2d0884098159c77cee4c7868e6b81fd65141cf90e1e7ee9198a868ba714,,rz_count,,"{""cov_cos_sin"":8369.576612903225,""cross_candidate_covariance"":null,""formal_ci"":false,""interval_kind"":""ENGINEERING_INTERVAL_ONLY"",""mean_cosine"":127660.6875,""mean_sine"":127660.6875,""n"":32,""quantum_shot_uncertainty"":false,""rare_event_cost_tail"":""UNRESOLVED"",""var_cosine"":8369.576612903225,""var_sine"":8369.576612903225}"
6981e2d0884098159c77cee4c7868e6b81fd65141cf90e1e7ee9198a868ba714,,rz_depth,,"{""cov_cos_sin"":10.32258064516129,""cross_candidate_covariance"":null,""formal_ci"":false,""interval_kind"":""ENGINEERING_INTERVAL_ONLY"",""mean_cosine"":57188.75,""mean_sine"":57188.75,""n"":32,""quantum_shot_uncertainty"":false,""rare_event_cost_tail"":""UNRESOLVED"",""var_cosine"":10.32258064516129,""var_sine"":10.32258064516129}"
6981e2d0884098159c77cee4c7868e6b81fd65141cf90e1e7ee9198a868ba714,,cx_count,,"{""cov_cos_sin"":567.0806451612904,""cross_candidate_covariance"":null,""formal_ci"":false,""interval_kind"":""ENGINEERING_INTERVAL_ONLY"",""mean_cosine"":72700.375,""mean_sine"":72700.375,""n"":32,""quantum_shot_uncertainty"":false,""rare_event_cost_tail"":""UNRESOLVED"",""var_cosine"":567.0806451612904,""var_sine"":567.0806451612904}"
6981e2d0884098159c77cee4c7868e6b81fd65141cf90e1e7ee9198a868ba714,,cx_depth,,"{""cov_cos_sin"":12.555443548387096,""cross_candidate_covariance"":null,""formal_ci"":false,""interval_kind"":""ENGINEERING_INTERVAL_ONLY"",""mean_cosine"":61579.65625,""mean_sine"":61579.65625,""n"":32,""quantum_shot_uncertainty"":false,""rare_event_cost_tail"":""UNRESOLVED"",""var_cosine"":12.555443548387096,""var_sine"":12.555443548387096}"
6981e2d0884098159c77cee4c7868e6b81fd65141cf90e1e7ee9198a868ba714,,total_depth,,"{""cov_cos_sin"":119.0070564516129,""cross_candidate_covariance"":null,""formal_ci"":false,""interval_kind"":""ENGINEERING_INTERVAL_ONLY"",""mean_cosine"":124498.65625,""mean_sine"":124498.65625,""n"":32,""quantum_shot_uncertainty"":false,""rare_event_cost_tail"":""UNRESOLVED"",""var_cosine"":119.0070564516129,""var_sine"":119.0070564516129}"
6981e2d0884098159c77cee4c7868e6b81fd65141cf90e1e7ee9198a868ba714,,circuit_size,,"{""cov_cos_sin"":29733.66129032258,""cross_candidate_covariance"":null,""formal_ci"":false,""interval_kind"":""ENGINEERING_INTERVAL_ONLY"",""mean_cosine"":243950.375,""mean_sine"":243950.375,""n"":32,""quantum_shot_uncertainty"":false,""rare_event_cost_tail"":""UNRESOLVED"",""var_cosine"":29733.66129032258,""var_sine"":29733.66129032258}"
6a8710a6d8c25f7ab6cbc86318d12688ddaba5f7b0071421e47f0fa7beff11b2,,rz_count,,"{""cov_cos_sin"":286936.31350806454,""cross_candidate_covariance"":null,""formal_ci"":false,""interval_kind"":""ENGINEERING_INTERVAL_ONLY"",""mean_cosine"":2183.40625,""mean_sine"":2183.40625,""n"":32,""quantum_shot_uncertainty"":false,""rare_event_cost_tail"":""UNRESOLVED"",""var_cosine"":286936.31350806454,""var_sine"":286936.31350806454}"
6a8710a6d8c25f7ab6cbc86318d12688ddaba5f7b0071421e47f0fa7beff11b2,,rz_depth,,"{""cov_cos_sin"":11732.708669354839,""cross_candidate_covariance"":null,""formal_ci"":false,""interval_kind"":""ENGINEERING_INTERVAL_ONLY"",""mean_cosine"":465.53125,""mean_sine"":465.53125,""n"":32,""quantum_shot_uncertainty"":false,""rare_event_cost_tail"":""UNRESOLVED"",""var_cosine"":11732.708669354839,""var_sine"":11732.708669354839}"
6a8710a6d8c25f7ab6cbc86318d12688ddaba5f7b0071421e47f0fa7beff11b2,,cx_count,,"{""cov_cos_sin"":25477.209677419356,""cross_candidate_covariance"":null,""formal_ci"":false,""interval_kind"":""ENGINEERING_INTERVAL_ONLY"",""mean_cosine"":686.625,""mean_sine"":686.625,""n"":32,""quantum_shot_uncertainty"":false,""rare_event_cost_tail"":""UNRESOLVED"",""var_cosine"":25477.209677419356,""var_sine"":25477.209677419356}"
6a8710a6d8c25f7ab6cbc86318d12688ddaba5f7b0071421e47f0fa7beff11b2,,cx_depth,,"{""cov_cos_sin"":3659.483870967742,""cross_candidate_covariance"":null,""formal_ci"":false,""interval_kind"":""ENGINEERING_INTERVAL_ONLY"",""mean_cosine"":285.25,""mean_sine"":285.25,""n"":32,""quantum_shot_uncertainty"":false,""rare_event_cost_tail"":""UNRESOLVED"",""var_cosine"":3659.483870967742,""var_sine"":3659.483870967742}"
6a8710a6d8c25f7ab6cbc86318d12688ddaba5f7b0071421e47f0fa7beff11b2,,total_depth,,"{""cov_cos_sin"":58441.80544354839,""cross_candidate_covariance"":null,""formal_ci"":false,""interval_kind"":""ENGINEERING_INTERVAL_ONLY"",""mean_cosine"":1017.46875,""mean_sine"":1017.46875,""n"":32,""quantum_shot_uncertainty"":false,""rare_event_cost_tail"":""UNRESOLVED"",""var_cosine"":58441.80544354839,""var_sine"":58441.80544354839}"
6a8710a6d8c25f7ab6cbc86318d12688ddaba5f7b0071421e47f0fa7beff11b2,,circuit_size,,"{""cov_cos_sin"":1123635.4677419355,""cross_candidate_covariance"":null,""formal_ci"":false,""interval_kind"":""ENGINEERING_INTERVAL_ONLY"",""mean_cosine"":4172.125,""mean_sine"":4172.125,""n"":32,""quantum_shot_uncertainty"":false,""rare_event_cost_tail"":""UNRESOLVED"",""var_cosine"":1123635.4677419355,""var_sine"":1123635.4677419355}"
6aa509612424a195747e286c9eea21bfa4f8f1cafe5d119deccbcd0211457218,,rz_count,,"{""cov_cos_sin"":2986854.7379032257,""cross_candidate_covariance"":null,""formal_ci"":false,""interval_kind"":""ENGINEERING_INTERVAL_ONLY"",""mean_cosine"":18533.1875,""mean_sine"":18533.1875,""n"":32,""quantum_shot_uncertainty"":false,""rare_event_cost_tail"":""UNRESOLVED"",""var_cosine"":2986854.7379032257,""var_sine"":2986854.7379032257}"
6aa509612424a195747e286c9eea21bfa4f8f1cafe5d119deccbcd0211457218,,rz_depth,,"{""cov_cos_sin"":139769.01512096773,""cross_candidate_covariance"":null,""formal_ci"":false,""interval_kind"":""ENGINEERING_INTERVAL_ONLY"",""mean_cosine"":4207.21875,""mean_sine"":4207.21875,""n"":32,""quantum_shot_uncertainty"":false,""rare_event_cost_tail"":""UNRESOLVED"",""var_cosine"":139769.01512096773,""var_sine"":139769.01512096773}"
6aa509612424a195747e286c9eea21bfa4f8f1cafe5d119deccbcd0211457218,,cx_count,,"{""cov_cos_sin"":287462.6764112903,""cross_candidate_covariance"":null,""formal_ci"":false,""interval_kind"":""ENGINEERING_INTERVAL_ONLY"",""mean_cosine"":6070.96875,""mean_sine"":6070.96875,""n"":32,""quantum_shot_uncertainty"":false,""rare_event_cost_tail"":""UNRESOLVED"",""var_cosine"":287462.6764112903,""var_sine"":287462.6764112903}"
6aa509612424a195747e286c9eea21bfa4f8f1cafe5d119deccbcd0211457218,,cx_depth,,"{""cov_cos_sin"":51020.67338709677,""cross_candidate_covariance"":null,""formal_ci"":false,""interval_kind"":""ENGINEERING_INTERVAL_ONLY"",""mean_cosine"":2771.8125,""mean_sine"":2771.8125,""n"":32,""quantum_shot_uncertainty"":false,""rare_event_cost_tail"":""UNRESOLVED"",""var_cosine"":51020.67338709677,""var_sine"":51020.67338709677}"
6aa509612424a195747e286c9eea21bfa4f8f1cafe5d119deccbcd0211457218,,total_depth,,"{""cov_cos_sin"":679274.4475806452,""cross_candidate_covariance"":null,""formal_ci"":false,""interval_kind"":""ENGINEERING_INTERVAL_ONLY"",""mean_cosine"":9222.0625,""mean_sine"":9222.0625,""n"":32,""quantum_shot_uncertainty"":false,""rare_event_cost_tail"":""UNRESOLVED"",""var_cosine"":679274.4475806452,""var_sine"":679274.4475806452}"
6aa509612424a195747e286c9eea21bfa4f8f1cafe5d119deccbcd0211457218,,circuit_size,,"{""cov_cos_sin"":11619882.70060484,""cross_candidate_covariance"":null,""formal_ci"":false,""interval_kind"":""ENGINEERING_INTERVAL_ONLY"",""mean_cosine"":35833.40625,""mean_sine"":35833.40625,""n"":32,""quantum_shot_uncertainty"":false,""rare_event_cost_tail"":""UNRESOLVED"",""var_cosine"":11619882.70060484,""var_sine"":11619882.70060484}"
6aceea2aa4c3afa8f6beeb6bfc151cc5ab465130549f38044715e9c4e053f7c8,,rz_count,,"{""cov_cos_sin"":7455.958669354839,""cross_candidate_covariance"":null,""formal_ci"":false,""interval_kind"":""ENGINEERING_INTERVAL_ONLY"",""mean_cosine"":88278.09375,""mean_sine"":88278.09375,""n"":32,""quantum_shot_uncertainty"":false,""rare_event_cost_tail"":""UNRESOLVED"",""var_cosine"":7455.958669354839,""var_sine"":7455.958669354839}"
6aceea2aa4c3afa8f6beeb6bfc151cc5ab465130549f38044715e9c4e053f7c8,,rz_depth,,"{""cov_cos_sin"":492.7409274193548,""cross_candidate_covariance"":null,""formal_ci"":false,""interval_kind"":""ENGINEERING_INTERVAL_ONLY"",""mean_cosine"":38513.96875,""mean_sine"":38513.96875,""n"":32,""quantum_shot_uncertainty"":false,""rare_event_cost_tail"":""UNRESOLVED"",""var_cosine"":492.7409274193548,""var_sine"":492.7409274193548}"
6aceea2aa4c3afa8f6beeb6bfc151cc5ab465130549f38044715e9c4e053f7c8,,cx_count,,"{""cov_cos_sin"":750.5120967741935,""cross_candidate_covariance"":null,""formal_ci"":false,""interval_kind"":""ENGINEERING_INTERVAL_ONLY"",""mean_cosine"":49367.4375,""mean_sine"":49367.4375,""n"":32,""quantum_shot_uncertainty"":false,""rare_event_cost_tail"":""UNRESOLVED"",""var_cosine"":750.5120967741935,""var_sine"":750.5120967741935}"
6aceea2aa4c3afa8f6beeb6bfc151cc5ab465130549f38044715e9c4e053f7c8,,cx_depth,,"{""cov_cos_sin"":274.29737903225805,""cross_candidate_covariance"":null,""formal_ci"":false,""interval_kind"":""ENGINEERING_INTERVAL_ONLY"",""mean_cosine"":41231.65625,""mean_sine"":41231.65625,""n"":32,""quantum_shot_uncertainty"":false,""rare_event_cost_tail"":""UNRESOLVED"",""var_cosine"":274.29737903225805,""var_sine"":274.29737903225805}"
6aceea2aa4c3afa8f6beeb6bfc151cc5ab465130549f38044715e9c4e053f7c8,,total_depth,,"{""cov_cos_sin"":2211.4193548387098,""cross_candidate_covariance"":null,""formal_ci"":false,""interval_kind"":""ENGINEERING_INTERVAL_ONLY"",""mean_cosine"":83898.5,""mean_sine"":83898.5,""n"":32,""quantum_shot_uncertainty"":false,""rare_event_cost_tail"":""UNRESOLVED"",""var_cosine"":2211.4193548387098,""var_sine"":2211.4193548387098}"
6aceea2aa4c3afa8f6beeb6bfc151cc5ab465130549f38044715e9c4e053f7c8,,circuit_size,,"{""cov_cos_sin"":27122.0,""cross_candidate_covariance"":null,""formal_ci"":false,""interval_kind"":""ENGINEERING_INTERVAL_ONLY"",""mean_cosine"":168954.0,""mean_sine"":168954.0,""n"":32,""quantum_shot_uncertainty"":false,""rare_event_cost_tail"":""UNRESOLVED"",""var_cosine"":27122.0,""var_sine"":27122.0}"
6bda16d8c99d6d60249b9741acc5f6baf82ae5a9484562398293c88e6fe86176,,rz_count,,"{""cov_cos_sin"":88596.72479838709,""cross_candidate_covariance"":null,""formal_ci"":false,""interval_kind"":""ENGINEERING_INTERVAL_ONLY"",""mean_cosine"":45675.71875,""mean_sine"":45675.71875,""n"":32,""quantum_shot_uncertainty"":false,""rare_event_cost_tail"":""UNRESOLVED"",""var_cosine"":88596.72479838709,""var_sine"":88596.72479838709}"
6bda16d8c99d6d60249b9741acc5f6baf82ae5a9484562398293c88e6fe86176,,rz_depth,,"{""cov_cos_sin"":4923.6088709677415,""cross_candidate_covariance"":null,""formal_ci"":false,""interval_kind"":""ENGINEERING_INTERVAL_ONLY"",""mean_cosine"":19968.9375,""mean_sine"":19968.9375,""n"":32,""quantum_shot_uncertainty"":false,""rare_event_cost_tail"":""UNRESOLVED"",""var_cosine"":4923.6088709677415,""var_sine"":4923.6088709677415}"
6bda16d8c99d6d60249b9741acc5f6baf82ae5a9484562398293c88e6fe86176,,cx_count,,"{""cov_cos_sin"":8344.0,""cross_candidate_covariance"":null,""formal_ci"":false,""interval_kind"":""ENGINEERING_INTERVAL_ONLY"",""mean_cosine"":25575.0,""mean_sine"":25575.0,""n"":32,""quantum_shot_uncertainty"":false,""rare_event_cost_tail"":""UNRESOLVED"",""var_cosine"":8344.0,""var_sine"":8344.0}"
6bda16d8c99d6d60249b9741acc5f6baf82ae5a9484562398293c88e6fe86176,,cx_depth,,"{""cov_cos_sin"":1984.9747983870968,""cross_candidate_covariance"":null,""formal_ci"":false,""interval_kind"":""ENGINEERING_INTERVAL_ONLY"",""mean_cosine"":21371.15625,""mean_sine"":21371.15625,""n"":32,""quantum_shot_uncertainty"":false,""rare_event_cost_tail"":""UNRESOLVED"",""var_cosine"":1984.9747983870968,""var_sine"":1984.9747983870968}"
6bda16d8c99d6d60249b9741acc5f6baf82ae5a9484562398293c88e6fe86176,,total_depth,,"{""cov_cos_sin"":22288.02822580645,""cross_candidate_covariance"":null,""formal_ci"":false,""interval_kind"":""ENGINEERING_INTERVAL_ONLY"",""mean_cosine"":43464.1875,""mean_sine"":43464.1875,""n"":32,""quantum_shot_uncertainty"":false,""rare_event_cost_tail"":""UNRESOLVED"",""var_cosine"":22288.02822580645,""var_sine"":22288.02822580645}"
6bda16d8c99d6d60249b9741acc5f6baf82ae5a9484562398293c88e6fe86176,,circuit_size,,"{""cov_cos_sin"":312500.9747983871,""cross_candidate_covariance"":null,""formal_ci"":false,""interval_kind"":""ENGINEERING_INTERVAL_ONLY"",""mean_cosine"":87341.15625,""mean_sine"":87341.15625,""n"":32,""quantum_shot_uncertainty"":false,""rare_event_cost_tail"":""UNRESOLVED"",""var_cosine"":312500.9747983871,""var_sine"":312500.9747983871}"
6d94925db9107eb619526d6987146a036344e8fb9af2ffd5c6dfe57fa2f8c48c,,rz_count,,"{""cov_cos_sin"":0.0,""cross_candidate_covariance"":null,""formal_ci"":false,""interval_kind"":""ENGINEERING_INTERVAL_ONLY"",""mean_cosine"":39994.0,""mean_sine"":39994.0,""n"":1,""quantum_shot_uncertainty"":false,""rare_event_cost_tail"":""UNRESOLVED"",""var_cosine"":0.0,""var_sine"":0.0}"
6d94925db9107eb619526d6987146a036344e8fb9af2ffd5c6dfe57fa2f8c48c,,rz_depth,,"{""cov_cos_sin"":0.0,""cross_candidate_covariance"":null,""formal_ci"":false,""interval_kind"":""ENGINEERING_INTERVAL_ONLY"",""mean_cosine"":17559.0,""mean_sine"":17559.0,""n"":1,""quantum_shot_uncertainty"":false,""rare_event_cost_tail"":""UNRESOLVED"",""var_cosine"":0.0,""var_sine"":0.0}"
6d94925db9107eb619526d6987146a036344e8fb9af2ffd5c6dfe57fa2f8c48c,,cx_count,,"{""cov_cos_sin"":0.0,""cross_candidate_covariance"":null,""formal_ci"":false,""interval_kind"":""ENGINEERING_INTERVAL_ONLY"",""mean_cosine"":23128.0,""mean_sine"":23128.0,""n"":1,""quantum_shot_uncertainty"":false,""rare_event_cost_tail"":""UNRESOLVED"",""var_cosine"":0.0,""var_sine"":0.0}"
6d94925db9107eb619526d6987146a036344e8fb9af2ffd5c6dfe57fa2f8c48c,,cx_depth,,"{""cov_cos_sin"":0.0,""cross_candidate_covariance"":null,""formal_ci"":false,""interval_kind"":""ENGINEERING_INTERVAL_ONLY"",""mean_cosine"":19670.0,""mean_sine"":19670.0,""n"":1,""quantum_shot_uncertainty"":false,""rare_event_cost_tail"":""UNRESOLVED"",""var_cosine"":0.0,""var_sine"":0.0}"
6d94925db9107eb619526d6987146a036344e8fb9af2ffd5c6dfe57fa2f8c48c,,total_depth,,"{""cov_cos_sin"":0.0,""cross_candidate_covariance"":null,""formal_ci"":false,""interval_kind"":""ENGINEERING_INTERVAL_ONLY"",""mean_cosine"":38984.0,""mean_sine"":38984.0,""n"":1,""quantum_shot_uncertainty"":false,""rare_event_cost_tail"":""UNRESOLVED"",""var_cosine"":0.0,""var_sine"":0.0}"
6d94925db9107eb619526d6987146a036344e8fb9af2ffd5c6dfe57fa2f8c48c,,circuit_size,,"{""cov_cos_sin"":0.0,""cross_candidate_covariance"":null,""formal_ci"":false,""interval_kind"":""ENGINEERING_INTERVAL_ONLY"",""mean_cosine"":76457.0,""mean_sine"":76457.0,""n"":1,""quantum_shot_uncertainty"":false,""rare_event_cost_tail"":""UNRESOLVED"",""var_cosine"":0.0,""var_sine"":0.0}"
6f616ccf400452573d1fe754f747cd1e9d940214c2abe1d14e1c521d94f1ff37,,rz_count,,"{""cov_cos_sin"":147.08064516129033,""cross_candidate_covariance"":null,""formal_ci"":false,""interval_kind"":""ENGINEERING_INTERVAL_ONLY"",""mean_cosine"":16282.375,""mean_sine"":16282.375,""n"":32,""quantum_shot_uncertainty"":false,""rare_event_cost_tail"":""UNRESOLVED"",""var_cosine"":147.08064516129033,""var_sine"":147.08064516129033}"
6f616ccf400452573d1fe754f747cd1e9d940214c2abe1d14e1c521d94f1ff37,,rz_depth,,"{""cov_cos_sin"":2.5806451612903225,""cross_candidate_covariance"":null,""formal_ci"":false,""interval_kind"":""ENGINEERING_INTERVAL_ONLY"",""mean_cosine"":7229.75,""mean_sine"":7229.75,""n"":32,""quantum_shot_uncertainty"":false,""rare_event_cost_tail"":""UNRESOLVED"",""var_cosine"":2.5806451612903225,""var_sine"":2.5806451612903225}"
6f616ccf400452573d1fe754f747cd1e9d940214c2abe1d14e1c521d94f1ff37,,cx_count,,"{""cov_cos_sin"":8.0,""cross_candidate_covariance"":null,""formal_ci"":false,""interval_kind"":""ENGINEERING_INTERVAL_ONLY"",""mean_cosine"":9203.5,""mean_sine"":9203.5,""n"":32,""quantum_shot_uncertainty"":false,""rare_event_cost_tail"":""UNRESOLVED"",""var_cosine"":8.0,""var_sine"":8.0}"
6f616ccf400452573d1fe754f747cd1e9d940214c2abe1d14e1c521d94f1ff37,,cx_depth,,"{""cov_cos_sin"":1.7247983870967742,""cross_candidate_covariance"":null,""formal_ci"":false,""interval_kind"":""ENGINEERING_INTERVAL_ONLY"",""mean_cosine"":7759.78125,""mean_sine"":7759.78125,""n"":32,""quantum_shot_uncertainty"":false,""rare_event_cost_tail"":""UNRESOLVED"",""var_cosine"":1.7247983870967742,""var_sine"":1.7247983870967742}"
6f616ccf400452573d1fe754f747cd1e9d940214c2abe1d14e1c521d94f1ff37,,total_depth,,"{""cov_cos_sin"":16.128024193548388,""cross_candidate_covariance"":null,""formal_ci"":false,""interval_kind"":""ENGINEERING_INTERVAL_ONLY"",""mean_cosine"":15734.53125,""mean_sine"":15734.53125,""n"":32,""quantum_shot_uncertainty"":false,""rare_event_cost_tail"":""UNRESOLVED"",""var_cosine"":16.128024193548388,""var_sine"":16.128024193548388}"
6f616ccf400452573d1fe754f747cd1e9d940214c2abe1d14e1c521d94f1ff37,,circuit_size,,"{""cov_cos_sin"":509.92641129032256,""cross_candidate_covariance"":null,""formal_ci"":false,""interval_kind"":""ENGINEERING_INTERVAL_ONLY"",""mean_cosine"":31092.59375,""mean_sine"":31092.59375,""n"":32,""quantum_shot_uncertainty"":false,""rare_event_cost_tail"":""UNRESOLVED"",""var_cosine"":509.92641129032256,""var_sine"":509.92641129032256}"
706dcf93f5323b57899110e5205eef5a821184af75ad4813f59ca8b6ded56c0b,,rz_count,,"{""cov_cos_sin"":942407.9959677419,""cross_candidate_covariance"":null,""formal_ci"":false,""interval_kind"":""ENGINEERING_INTERVAL_ONLY"",""mean_cosine"":14927.0625,""mean_sine"":14927.0625,""n"":32,""quantum_shot_uncertainty"":false,""rare_event_cost_tail"":""UNRESOLVED"",""var_cosine"":942407.9959677419,""var_sine"":942407.9959677419}"
706dcf93f5323b57899110e5205eef5a821184af75ad4813f59ca8b6ded56c0b,,rz_depth,,"{""cov_cos_sin"":29467.016129032258,""cross_candidate_covariance"":null,""formal_ci"":false,""interval_kind"":""ENGINEERING_INTERVAL_ONLY"",""mean_cosine"":5796.375,""mean_sine"":5796.375,""n"":32,""quantum_shot_uncertainty"":false,""rare_event_cost_tail"":""UNRESOLVED"",""var_cosine"":29467.016129032258,""var_sine"":29467.016129032258}"
706dcf93f5323b57899110e5205eef5a821184af75ad4813f59ca8b6ded56c0b,,cx_count,,"{""cov_cos_sin"":78317.3508064516,""cross_candidate_covariance"":null,""formal_ci"":false,""interval_kind"":""ENGINEERING_INTERVAL_ONLY"",""mean_cosine"":7585.5625,""mean_sine"":7585.5625,""n"":32,""quantum_shot_uncertainty"":false,""rare_event_cost_tail"":""UNRESOLVED"",""var_cosine"":78317.3508064516,""var_sine"":78317.3508064516}"
706dcf93f5323b57899110e5205eef5a821184af75ad4813f59ca8b6ded56c0b,,cx_depth,,"{""cov_cos_sin"":8171.386088709677,""cross_candidate_covariance"":null,""formal_ci"":false,""interval_kind"":""ENGINEERING_INTERVAL_ONLY"",""mean_cosine"":5914.96875,""mean_sine"":5914.96875,""n"":32,""quantum_shot_uncertainty"":false,""rare_event_cost_tail"":""UNRESOLVED"",""var_cosine"":8171.386088709677,""var_sine"":8171.386088709677}"
706dcf93f5323b57899110e5205eef5a821184af75ad4813f59ca8b6ded56c0b,,total_depth,,"{""cov_cos_sin"":145892.64112903227,""cross_candidate_covariance"":null,""formal_ci"":false,""interval_kind"":""ENGINEERING_INTERVAL_ONLY"",""mean_cosine"":12638.0625,""mean_sine"":12638.0625,""n"":32,""quantum_shot_uncertainty"":false,""rare_event_cost_tail"":""UNRESOLVED"",""var_cosine"":145892.64112903227,""var_sine"":145892.64112903227}"
706dcf93f5323b57899110e5205eef5a821184af75ad4813f59ca8b6ded56c0b,,circuit_size,,"{""cov_cos_sin"":3711706.193548387,""cross_candidate_covariance"":null,""formal_ci"":false,""interval_kind"":""ENGINEERING_INTERVAL_ONLY"",""mean_cosine"":28653.25,""mean_sine"":28653.25,""n"":32,""quantum_shot_uncertainty"":false,""rare_event_cost_tail"":""UNRESOLVED"",""var_cosine"":3711706.193548387,""var_sine"":3711706.193548387}"
750af879952bd78b9e5d39c5a9645d8e85a43cc36c8bb93162d6269f9feb618b,,rz_count,,"{""cov_cos_sin"":161405.03225806452,""cross_candidate_covariance"":null,""formal_ci"":false,""interval_kind"":""ENGINEERING_INTERVAL_ONLY"",""mean_cosine"":1403.5,""mean_sine"":1403.5,""n"":32,""quantum_shot_uncertainty"":false,""rare_event_cost_tail"":""UNRESOLVED"",""var_cosine"":161405.03225806452,""var_sine"":161405.03225806452}"
750af879952bd78b9e5d39c5a9645d8e85a43cc36c8bb93162d6269f9feb618b,,rz_depth,,"{""cov_cos_sin"":7249.512096774193,""cross_candidate_covariance"":null,""formal_ci"":false,""interval_kind"":""ENGINEERING_INTERVAL_ONLY"",""mean_cosine"":292.8125,""mean_sine"":292.8125,""n"":32,""quantum_shot_uncertainty"":false,""rare_event_cost_tail"":""UNRESOLVED"",""var_cosine"":7249.512096774193,""var_sine"":7249.512096774193}"
750af879952bd78b9e5d39c5a9645d8e85a43cc36c8bb93162d6269f9feb618b,,cx_count,,"{""cov_cos_sin"":14830.942540322581,""cross_candidate_covariance"":null,""formal_ci"":false,""interval_kind"":""ENGINEERING_INTERVAL_ONLY"",""mean_cosine"":439.34375,""mean_sine"":439.34375,""n"":32,""quantum_shot_uncertainty"":false,""rare_event_cost_tail"":""UNRESOLVED"",""var_cosine"":14830.942540322581,""var_sine"":14830.942540322581}"
750af879952bd78b9e5d39c5a9645d8e85a43cc36c8bb93162d6269f9feb618b,,cx_depth,,"{""cov_cos_sin"":2346.8387096774195,""cross_candidate_covariance"":null,""formal_ci"":false,""interval_kind"":""ENGINEERING_INTERVAL_ONLY"",""mean_cosine"":179.75,""mean_sine"":179.75,""n"":32,""quantum_shot_uncertainty"":false,""rare_event_cost_tail"":""UNRESOLVED"",""var_cosine"":2346.8387096774195,""var_sine"":2346.8387096774195}"
750af879952bd78b9e5d39c5a9645d8e85a43cc36c8bb93162d6269f9feb618b,,total_depth,,"{""cov_cos_sin"":35795.35080645161,""cross_candidate_covariance"":null,""formal_ci"":false,""interval_kind"":""ENGINEERING_INTERVAL_ONLY"",""mean_cosine"":641.9375,""mean_sine"":641.9375,""n"":32,""quantum_shot_uncertainty"":false,""rare_event_cost_tail"":""UNRESOLVED"",""var_cosine"":35795.35080645161,""var_sine"":35795.35080645161}"
750af879952bd78b9e5d39c5a9645d8e85a43cc36c8bb93162d6269f9feb618b,,circuit_size,,"{""cov_cos_sin"":618035.4667338709,""cross_candidate_covariance"":null,""formal_ci"":false,""interval_kind"":""ENGINEERING_INTERVAL_ONLY"",""mean_cosine"":2674.21875,""mean_sine"":2674.21875,""n"":32,""quantum_shot_uncertainty"":false,""rare_event_cost_tail"":""UNRESOLVED"",""var_cosine"":618035.4667338709,""var_sine"":618035.4667338709}"
76120a039be5c0ef133f62c4c00ae3bcacb45f35c6962803e8ead5593b48ddfe,,rz_count,,"{""cov_cos_sin"":29.498991935483872,""cross_candidate_covariance"":null,""formal_ci"":false,""interval_kind"":""ENGINEERING_INTERVAL_ONLY"",""mean_cosine"":32706.28125,""mean_sine"":32706.28125,""n"":32,""quantum_shot_uncertainty"":false,""rare_event_cost_tail"":""UNRESOLVED"",""var_cosine"":29.498991935483872,""var_sine"":29.498991935483872}"
76120a039be5c0ef133f62c4c00ae3bcacb45f35c6962803e8ead5593b48ddfe,,rz_depth,,"{""cov_cos_sin"":15.350806451612904,""cross_candidate_covariance"":null,""formal_ci"":false,""interval_kind"":""ENGINEERING_INTERVAL_ONLY"",""mean_cosine"":14687.0625,""mean_sine"":14687.0625,""n"":32,""quantum_shot_uncertainty"":false,""rare_event_cost_tail"":""UNRESOLVED"",""var_cosine"":15.350806451612904,""var_sine"":15.350806451612904}"
76120a039be5c0ef133f62c4c00ae3bcacb45f35c6962803e8ead5593b48ddfe,,cx_count,,"{""cov_cos_sin"":0.0,""cross_candidate_covariance"":null,""formal_ci"":false,""interval_kind"":""ENGINEERING_INTERVAL_ONLY"",""mean_cosine"":18648.0,""mean_sine"":18648.0,""n"":32,""quantum_shot_uncertainty"":false,""rare_event_cost_tail"":""UNRESOLVED"",""var_cosine"":0.0,""var_sine"":0.0}"
76120a039be5c0ef133f62c4c00ae3bcacb45f35c6962803e8ead5593b48ddfe,,cx_depth,,"{""cov_cos_sin"":10.224798387096774,""cross_candidate_covariance"":null,""formal_ci"":false,""interval_kind"":""ENGINEERING_INTERVAL_ONLY"",""mean_cosine"":15804.03125,""mean_sine"":15804.03125,""n"":32,""quantum_shot_uncertainty"":false,""rare_event_cost_tail"":""UNRESOLVED"",""var_cosine"":10.224798387096774,""var_sine"":10.224798387096774}"
76120a039be5c0ef133f62c4c00ae3bcacb45f35c6962803e8ead5593b48ddfe,,total_depth,,"{""cov_cos_sin"":72.7086693548387,""cross_candidate_covariance"":null,""formal_ci"":false,""interval_kind"":""ENGINEERING_INTERVAL_ONLY"",""mean_cosine"":31945.46875,""mean_sine"":31945.46875,""n"":32,""quantum_shot_uncertainty"":false,""rare_event_cost_tail"":""UNRESOLVED"",""var_cosine"":72.7086693548387,""var_sine"":72.7086693548387}"
76120a039be5c0ef133f62c4c00ae3bcacb45f35c6962803e8ead5593b48ddfe,,circuit_size,,"{""cov_cos_sin"":66.32157258064517,""cross_candidate_covariance"":null,""formal_ci"":false,""interval_kind"":""ENGINEERING_INTERVAL_ONLY"",""mean_cosine"":62465.46875,""mean_sine"":62465.46875,""n"":32,""quantum_shot_uncertainty"":false,""rare_event_cost_tail"":""UNRESOLVED"",""var_cosine"":66.32157258064517,""var_sine"":66.32157258064517}"
76ea1c35be9c40a23d7b5e317385499ec237ac3bf101fd328a13a7a62120c4c7,,rz_count,,"{""cov_cos_sin"":112527.41532258065,""cross_candidate_covariance"":null,""formal_ci"":false,""interval_kind"":""ENGINEERING_INTERVAL_ONLY"",""mean_cosine"":11763.0625,""mean_sine"":11763.0625,""n"":32,""quantum_shot_uncertainty"":false,""rare_event_cost_tail"":""UNRESOLVED"",""var_cosine"":112527.41532258065,""var_sine"":112527.41532258065}"
76ea1c35be9c40a23d7b5e317385499ec237ac3bf101fd328a13a7a62120c4c7,,rz_depth,,"{""cov_cos_sin"":4939.176411290323,""cross_candidate_covariance"":null,""formal_ci"":false,""interval_kind"":""ENGINEERING_INTERVAL_ONLY"",""mean_cosine"":5064.71875,""mean_sine"":5064.71875,""n"":32,""quantum_shot_uncertainty"":false,""rare_event_cost_tail"":""UNRESOLVED"",""var_cosine"":4939.176411290323,""var_sine"":4939.176411290323}"
76ea1c35be9c40a23d7b5e317385499ec237ac3bf101fd328a13a7a62120c4c7,,cx_count,,"{""cov_cos_sin"":10080.866935483871,""cross_candidate_covariance"":null,""formal_ci"":false,""interval_kind"":""ENGINEERING_INTERVAL_ONLY"",""mean_cosine"":6498.1875,""mean_sine"":6498.1875,""n"":32,""quantum_shot_uncertainty"":false,""rare_event_cost_tail"":""UNRESOLVED"",""var_cosine"":10080.866935483871,""var_sine"":10080.866935483871}"
76ea1c35be9c40a23d7b5e317385499ec237ac3bf101fd328a13a7a62120c4c7,,cx_depth,,"{""cov_cos_sin"":1623.1895161290322,""cross_candidate_covariance"":null,""formal_ci"":false,""interval_kind"":""ENGINEERING_INTERVAL_ONLY"",""mean_cosine"":5384.6875,""mean_sine"":5384.6875,""n"":32,""quantum_shot_uncertainty"":false,""rare_event_cost_tail"":""UNRESOLVED"",""var_cosine"":1623.1895161290322,""var_sine"":1623.1895161290322}"
76ea1c35be9c40a23d7b5e317385499ec237ac3bf101fd328a13a7a62120c4c7,,total_depth,,"{""cov_cos_sin"":22754.095766129034,""cross_candidate_covariance"":null,""formal_ci"":false,""interval_kind"":""ENGINEERING_INTERVAL_ONLY"",""mean_cosine"":11020.03125,""mean_sine"":11020.03125,""n"":32,""quantum_shot_uncertainty"":false,""rare_event_cost_tail"":""UNRESOLVED"",""var_cosine"":22754.095766129034,""var_sine"":22754.095766129034}"
76ea1c35be9c40a23d7b5e317385499ec237ac3bf101fd328a13a7a62120c4c7,,circuit_size,,"{""cov_cos_sin"":406718.49899193546,""cross_candidate_covariance"":null,""formal_ci"":false,""interval_kind"":""ENGINEERING_INTERVAL_ONLY"",""mean_cosine"":22475.21875,""mean_sine"":22475.21875,""n"":32,""quantum_shot_uncertainty"":false,""rare_event_cost_tail"":""UNRESOLVED"",""var_cosine"":406718.49899193546,""var_sine"":406718.49899193546}"
782e19e50afd09690a85ca70fcac632c40b7c42b8934f1368501f68e5408dcec,,rz_count,,"{""cov_cos_sin"":0.0,""cross_candidate_covariance"":null,""formal_ci"":false,""interval_kind"":""ENGINEERING_INTERVAL_ONLY"",""mean_cosine"":20790.0,""mean_sine"":20790.0,""n"":1,""quantum_shot_uncertainty"":false,""rare_event_cost_tail"":""UNRESOLVED"",""var_cosine"":0.0,""var_sine"":0.0}"
782e19e50afd09690a85ca70fcac632c40b7c42b8934f1368501f68e5408dcec,,rz_depth,,"{""cov_cos_sin"":0.0,""cross_candidate_covariance"":null,""formal_ci"":false,""interval_kind"":""ENGINEERING_INTERVAL_ONLY"",""mean_cosine"":9397.0,""mean_sine"":9397.0,""n"":1,""quantum_shot_uncertainty"":false,""rare_event_cost_tail"":""UNRESOLVED"",""var_cosine"":0.0,""var_sine"":0.0}"
782e19e50afd09690a85ca70fcac632c40b7c42b8934f1368501f68e5408dcec,,cx_count,,"{""cov_cos_sin"":0.0,""cross_candidate_covariance"":null,""formal_ci"":false,""interval_kind"":""ENGINEERING_INTERVAL_ONLY"",""mean_cosine"":11944.0,""mean_sine"":11944.0,""n"":1,""quantum_shot_uncertainty"":false,""rare_event_cost_tail"":""UNRESOLVED"",""var_cosine"":0.0,""var_sine"":0.0}"
782e19e50afd09690a85ca70fcac632c40b7c42b8934f1368501f68e5408dcec,,cx_depth,,"{""cov_cos_sin"":0.0,""cross_candidate_covariance"":null,""formal_ci"":false,""interval_kind"":""ENGINEERING_INTERVAL_ONLY"",""mean_cosine"":10158.0,""mean_sine"":10158.0,""n"":1,""quantum_shot_uncertainty"":false,""rare_event_cost_tail"":""UNRESOLVED"",""var_cosine"":0.0,""var_sine"":0.0}"
782e19e50afd09690a85ca70fcac632c40b7c42b8934f1368501f68e5408dcec,,total_depth,,"{""cov_cos_sin"":0.0,""cross_candidate_covariance"":null,""formal_ci"":false,""interval_kind"":""ENGINEERING_INTERVAL_ONLY"",""mean_cosine"":20462.0,""mean_sine"":20462.0,""n"":1,""quantum_shot_uncertainty"":false,""rare_event_cost_tail"":""UNRESOLVED"",""var_cosine"":0.0,""var_sine"":0.0}"
782e19e50afd09690a85ca70fcac632c40b7c42b8934f1368501f68e5408dcec,,circuit_size,,"{""cov_cos_sin"":0.0,""cross_candidate_covariance"":null,""formal_ci"":false,""interval_kind"":""ENGINEERING_INTERVAL_ONLY"",""mean_cosine"":39713.0,""mean_sine"":39713.0,""n"":1,""quantum_shot_uncertainty"":false,""rare_event_cost_tail"":""UNRESOLVED"",""var_cosine"":0.0,""var_sine"":0.0}"
786e73a44ae1d4387a2103e393853c0babd7ccf005b684dcffbad98b369d0ef4,,rz_count,,"{""cov_cos_sin"":2846492.1683467743,""cross_candidate_covariance"":null,""formal_ci"":false,""interval_kind"":""ENGINEERING_INTERVAL_ONLY"",""mean_cosine"":9691.34375,""mean_sine"":9691.34375,""n"":32,""quantum_shot_uncertainty"":false,""rare_event_cost_tail"":""UNRESOLVED"",""var_cosine"":2846492.1683467743,""var_sine"":2846492.1683467743}"
786e73a44ae1d4387a2103e393853c0babd7ccf005b684dcffbad98b369d0ef4,,rz_depth,,"{""cov_cos_sin"":144613.85383064515,""cross_candidate_covariance"":null,""formal_ci"":false,""interval_kind"":""ENGINEERING_INTERVAL_ONLY"",""mean_cosine"":2208.21875,""mean_sine"":2208.21875,""n"":32,""quantum_shot_uncertainty"":false,""rare_event_cost_tail"":""UNRESOLVED"",""var_cosine"":144613.85383064515,""var_sine"":144613.85383064515}"
786e73a44ae1d4387a2103e393853c0babd7ccf005b684dcffbad98b369d0ef4,,cx_count,,"{""cov_cos_sin"":269460.8669354839,""cross_candidate_covariance"":null,""formal_ci"":false,""interval_kind"":""ENGINEERING_INTERVAL_ONLY"",""mean_cosine"":3170.6875,""mean_sine"":3170.6875,""n"":32,""quantum_shot_uncertainty"":false,""rare_event_cost_tail"":""UNRESOLVED"",""var_cosine"":269460.8669354839,""var_sine"":269460.8669354839}"
786e73a44ae1d4387a2103e393853c0babd7ccf005b684dcffbad98b369d0ef4,,cx_depth,,"{""cov_cos_sin"":48876.25403225807,""cross_candidate_covariance"":null,""formal_ci"":false,""interval_kind"":""ENGINEERING_INTERVAL_ONLY"",""mean_cosine"":1449.9375,""mean_sine"":1449.9375,""n"":32,""quantum_shot_uncertainty"":false,""rare_event_cost_tail"":""UNRESOLVED"",""var_cosine"":48876.25403225807,""var_sine"":48876.25403225807}"
786e73a44ae1d4387a2103e393853c0babd7ccf005b684dcffbad98b369d0ef4,,total_depth,,"{""cov_cos_sin"":690062.3941532258,""cross_candidate_covariance"":null,""formal_ci"":false,""interval_kind"":""ENGINEERING_INTERVAL_ONLY"",""mean_cosine"":4834.84375,""mean_sine"":4834.84375,""n"":32,""quantum_shot_uncertainty"":false,""rare_event_cost_tail"":""UNRESOLVED"",""var_cosine"":690062.3941532258,""var_sine"":690062.3941532258}"
786e73a44ae1d4387a2103e393853c0babd7ccf005b684dcffbad98b369d0ef4,,circuit_size,,"{""cov_cos_sin"":10934229.790322581,""cross_candidate_covariance"":null,""formal_ci"":false,""interval_kind"":""ENGINEERING_INTERVAL_ONLY"",""mean_cosine"":18734.125,""mean_sine"":18734.125,""n"":32,""quantum_shot_uncertainty"":false,""rare_event_cost_tail"":""UNRESOLVED"",""var_cosine"":10934229.790322581,""var_sine"":10934229.790322581}"
7a2b2e2783901f3ece32404e620ca80f834c73d70274c4f5ca697fca3d1d2f6e,,rz_count,,"{""cov_cos_sin"":414751.2247983871,""cross_candidate_covariance"":null,""formal_ci"":false,""interval_kind"":""ENGINEERING_INTERVAL_ONLY"",""mean_cosine"":3102.53125,""mean_sine"":3102.53125,""n"":32,""quantum_shot_uncertainty"":false,""rare_event_cost_tail"":""UNRESOLVED"",""var_cosine"":414751.2247983871,""var_sine"":414751.2247983871}"
7a2b2e2783901f3ece32404e620ca80f834c73d70274c4f5ca697fca3d1d2f6e,,rz_depth,,"{""cov_cos_sin"":17843.40322580645,""cross_candidate_covariance"":null,""formal_ci"":false,""interval_kind"":""ENGINEERING_INTERVAL_ONLY"",""mean_cosine"":683.375,""mean_sine"":683.375,""n"":32,""quantum_shot_uncertainty"":false,""rare_event_cost_tail"":""UNRESOLVED"",""var_cosine"":17843.40322580645,""var_sine"":17843.40322580645}"
7a2b2e2783901f3ece32404e620ca80f834c73d70274c4f5ca697fca3d1d2f6e,,cx_count,,"{""cov_cos_sin"":38329.87096774193,""cross_candidate_covariance"":null,""formal_ci"":false,""interval_kind"":""ENGINEERING_INTERVAL_ONLY"",""mean_cosine"":998.75,""mean_sine"":998.75,""n"":32,""quantum_shot_uncertainty"":false,""rare_event_cost_tail"":""UNRESOLVED"",""var_cosine"":38329.87096774193,""var_sine"":38329.87096774193}"
7a2b2e2783901f3ece32404e620ca80f834c73d70274c4f5ca697fca3d1d2f6e,,cx_depth,,"{""cov_cos_sin"":6214.3699596774195,""cross_candidate_covariance"":null,""formal_ci"":false,""interval_kind"":""ENGINEERING_INTERVAL_ONLY"",""mean_cosine"":441.21875,""mean_sine"":441.21875,""n"":32,""quantum_shot_uncertainty"":false,""rare_event_cost_tail"":""UNRESOLVED"",""var_cosine"":6214.3699596774195,""var_sine"":6214.3699596774195}"
7a2b2e2783901f3ece32404e620ca80f834c73d70274c4f5ca697fca3d1d2f6e,,total_depth,,"{""cov_cos_sin"":87406.04838709677,""cross_candidate_covariance"":null,""formal_ci"":false,""interval_kind"":""ENGINEERING_INTERVAL_ONLY"",""mean_cosine"":1500.125,""mean_sine"":1500.125,""n"":32,""quantum_shot_uncertainty"":false,""rare_event_cost_tail"":""UNRESOLVED"",""var_cosine"":87406.04838709677,""var_sine"":87406.04838709677}"
7a2b2e2783901f3ece32404e620ca80f834c73d70274c4f5ca697fca3d1d2f6e,,circuit_size,,"{""cov_cos_sin"":1616616.9516129033,""cross_candidate_covariance"":null,""formal_ci"":false,""interval_kind"":""ENGINEERING_INTERVAL_ONLY"",""mean_cosine"":5992.375,""mean_sine"":5992.375,""n"":32,""quantum_shot_uncertainty"":false,""rare_event_cost_tail"":""UNRESOLVED"",""var_cosine"":1616616.9516129033,""var_sine"":1616616.9516129033}"
7ab2b562151371e73e5083036b36b8cfa984caaf92464eecc3d6249c14a35e7b,,rz_count,,"{""cov_cos_sin"":65.35483870967742,""cross_candidate_covariance"":null,""formal_ci"":false,""interval_kind"":""ENGINEERING_INTERVAL_ONLY"",""mean_cosine"":33300.75,""mean_sine"":33300.75,""n"":32,""quantum_shot_uncertainty"":false,""rare_event_cost_tail"":""UNRESOLVED"",""var_cosine"":65.35483870967742,""var_sine"":65.35483870967742}"
7ab2b562151371e73e5083036b36b8cfa984caaf92464eecc3d6249c14a35e7b,,rz_depth,,"{""cov_cos_sin"":59.03225806451613,""cross_candidate_covariance"":null,""formal_ci"":false,""interval_kind"":""ENGINEERING_INTERVAL_ONLY"",""mean_cosine"":15074.25,""mean_sine"":15074.25,""n"":32,""quantum_shot_uncertainty"":false,""rare_event_cost_tail"":""UNRESOLVED"",""var_cosine"":59.03225806451613,""var_sine"":59.03225806451613}"
7ab2b562151371e73e5083036b36b8cfa984caaf92464eecc3d6249c14a35e7b,,cx_count,,"{""cov_cos_sin"":8.709677419354838,""cross_candidate_covariance"":null,""formal_ci"":false,""interval_kind"":""ENGINEERING_INTERVAL_ONLY"",""mean_cosine"":19095.25,""mean_sine"":19095.25,""n"":32,""quantum_shot_uncertainty"":false,""rare_event_cost_tail"":""UNRESOLVED"",""var_cosine"":8.709677419354838,""var_sine"":8.709677419354838}"
7ab2b562151371e73e5083036b36b8cfa984caaf92464eecc3d6249c14a35e7b,,cx_depth,,"{""cov_cos_sin"":19.353830645161292,""cross_candidate_covariance"":null,""formal_ci"":false,""interval_kind"":""ENGINEERING_INTERVAL_ONLY"",""mean_cosine"":16235.46875,""mean_sine"":16235.46875,""n"":32,""quantum_shot_uncertainty"":false,""rare_event_cost_tail"":""UNRESOLVED"",""var_cosine"":19.353830645161292,""var_sine"":19.353830645161292}"
7ab2b562151371e73e5083036b36b8cfa984caaf92464eecc3d6249c14a35e7b,,total_depth,,"{""cov_cos_sin"":167.21673387096774,""cross_candidate_covariance"":null,""formal_ci"":false,""interval_kind"":""ENGINEERING_INTERVAL_ONLY"",""mean_cosine"":32761.40625,""mean_sine"":32761.40625,""n"":32,""quantum_shot_uncertainty"":false,""rare_event_cost_tail"":""UNRESOLVED"",""var_cosine"":167.21673387096774,""var_sine"":167.21673387096774}"
7ab2b562151371e73e5083036b36b8cfa984caaf92464eecc3d6249c14a35e7b,,circuit_size,,"{""cov_cos_sin"":178.8296370967742,""cross_candidate_covariance"":null,""formal_ci"":false,""interval_kind"":""ENGINEERING_INTERVAL_ONLY"",""mean_cosine"":63584.40625,""mean_sine"":63584.40625,""n"":32,""quantum_shot_uncertainty"":false,""rare_event_cost_tail"":""UNRESOLVED"",""var_cosine"":178.8296370967742,""var_sine"":178.8296370967742}"
7c883f567f0b3193442048dab93dad3a1ff5dd6ff26f134109c3aa3e0b14132f,,rz_count,,"{""cov_cos_sin"":1176795.6280241935,""cross_candidate_covariance"":null,""formal_ci"":false,""interval_kind"":""ENGINEERING_INTERVAL_ONLY"",""mean_cosine"":9180.71875,""mean_sine"":9180.71875,""n"":32,""quantum_shot_uncertainty"":false,""rare_event_cost_tail"":""UNRESOLVED"",""var_cosine"":1176795.6280241935,""var_sine"":1176795.6280241935}"
7c883f567f0b3193442048dab93dad3a1ff5dd6ff26f134109c3aa3e0b14132f,,rz_depth,,"{""cov_cos_sin"":37742.9314516129,""cross_candidate_covariance"":null,""formal_ci"":false,""interval_kind"":""ENGINEERING_INTERVAL_ONLY"",""mean_cosine"":3336.8125,""mean_sine"":3336.8125,""n"":32,""quantum_shot_uncertainty"":false,""rare_event_cost_tail"":""UNRESOLVED"",""var_cosine"":37742.9314516129,""var_sine"":37742.9314516129}"
7c883f567f0b3193442048dab93dad3a1ff5dd6ff26f134109c3aa3e0b14132f,,cx_count,,"{""cov_cos_sin"":97639.22177419355,""cross_candidate_covariance"":null,""formal_ci"":false,""interval_kind"":""ENGINEERING_INTERVAL_ONLY"",""mean_cosine"":4424.9375,""mean_sine"":4424.9375,""n"":32,""quantum_shot_uncertainty"":false,""rare_event_cost_tail"":""UNRESOLVED"",""var_cosine"":97639.22177419355,""var_sine"":97639.22177419355}"
7c883f567f0b3193442048dab93dad3a1ff5dd6ff26f134109c3aa3e0b14132f,,cx_depth,,"{""cov_cos_sin"":10741.176411290322,""cross_candidate_covariance"":null,""formal_ci"":false,""interval_kind"":""ENGINEERING_INTERVAL_ONLY"",""mean_cosine"":3305.71875,""mean_sine"":3305.71875,""n"":32,""quantum_shot_uncertainty"":false,""rare_event_cost_tail"":""UNRESOLVED"",""var_cosine"":10741.176411290322,""var_sine"":10741.176411290322}"
7c883f567f0b3193442048dab93dad3a1ff5dd6ff26f134109c3aa3e0b14132f,,total_depth,,"{""cov_cos_sin"":192347.61290322582,""cross_candidate_covariance"":null,""formal_ci"":false,""interval_kind"":""ENGINEERING_INTERVAL_ONLY"",""mean_cosine"":7280.0,""mean_sine"":7280.0,""n"":32,""quantum_shot_uncertainty"":false,""rare_event_cost_tail"":""UNRESOLVED"",""var_cosine"":192347.61290322582,""var_sine"":192347.61290322582}"
7c883f567f0b3193442048dab93dad3a1ff5dd6ff26f134109c3aa3e0b14132f,,circuit_size,,"{""cov_cos_sin"":4798918.660282258,""cross_candidate_covariance"":null,""formal_ci"":false,""interval_kind"":""ENGINEERING_INTERVAL_ONLY"",""mean_cosine"":17708.71875,""mean_sine"":17708.71875,""n"":32,""quantum_shot_uncertainty"":false,""rare_event_cost_tail"":""UNRESOLVED"",""var_cosine"":4798918.660282258,""var_sine"":4798918.660282258}"
7d1a5e9859531c532ba4dc06e9e100fdb47fa35540ad1b0fad14966a094463d0,,rz_count,,"{""cov_cos_sin"":266936.79737903224,""cross_candidate_covariance"":null,""formal_ci"":false,""interval_kind"":""ENGINEERING_INTERVAL_ONLY"",""mean_cosine"":45892.90625,""mean_sine"":45892.90625,""n"":32,""quantum_shot_uncertainty"":false,""rare_event_cost_tail"":""UNRESOLVED"",""var_cosine"":266936.79737903224,""var_sine"":266936.79737903224}"
7d1a5e9859531c532ba4dc06e9e100fdb47fa35540ad1b0fad14966a094463d0,,rz_depth,,"{""cov_cos_sin"":12224.758064516129,""cross_candidate_covariance"":null,""formal_ci"":false,""interval_kind"":""ENGINEERING_INTERVAL_ONLY"",""mean_cosine"":20017.125,""mean_sine"":20017.125,""n"":32,""quantum_shot_uncertainty"":false,""rare_event_cost_tail"":""UNRESOLVED"",""var_cosine"":12224.758064516129,""var_sine"":12224.758064516129}"
7d1a5e9859531c532ba4dc06e9e100fdb47fa35540ad1b0fad14966a094463d0,,cx_count,,"{""cov_cos_sin"":23443.032258064515,""cross_candidate_covariance"":null,""formal_ci"":false,""interval_kind"":""ENGINEERING_INTERVAL_ONLY"",""mean_cosine"":25641.25,""mean_sine"":25641.25,""n"":32,""quantum_shot_uncertainty"":false,""rare_event_cost_tail"":""UNRESOLVED"",""var_cosine"":23443.032258064515,""var_sine"":23443.032258064515}"
7d1a5e9859531c532ba4dc06e9e100fdb47fa35540ad1b0fad14966a094463d0,,cx_depth,,"{""cov_cos_sin"":3811.7409274193546,""cross_candidate_covariance"":null,""formal_ci"":false,""interval_kind"":""ENGINEERING_INTERVAL_ONLY"",""mean_cosine"":21398.46875,""mean_sine"":21398.46875,""n"":32,""quantum_shot_uncertainty"":false,""rare_event_cost_tail"":""UNRESOLVED"",""var_cosine"":3811.7409274193546,""var_sine"":3811.7409274193546}"
7d1a5e9859531c532ba4dc06e9e100fdb47fa35540ad1b0fad14966a094463d0,,total_depth,,"{""cov_cos_sin"":55450.09576612903,""cross_candidate_covariance"":null,""formal_ci"":false,""interval_kind"":""ENGINEERING_INTERVAL_ONLY"",""mean_cosine"":43567.96875,""mean_sine"":43567.96875,""n"":32,""quantum_shot_uncertainty"":false,""rare_event_cost_tail"":""UNRESOLVED"",""var_cosine"":55450.09576612903,""var_sine"":55450.09576612903}"
7d1a5e9859531c532ba4dc06e9e100fdb47fa35540ad1b0fad14966a094463d0,,circuit_size,,"{""cov_cos_sin"":961280.7096774194,""cross_candidate_covariance"":null,""formal_ci"":false,""interval_kind"":""ENGINEERING_INTERVAL_ONLY"",""mean_cosine"":87758.75,""mean_sine"":87758.75,""n"":32,""quantum_shot_uncertainty"":false,""rare_event_cost_tail"":""UNRESOLVED"",""var_cosine"":961280.7096774194,""var_sine"":961280.7096774194}"
7d51e7e28f78cc5cac73051384d7627067962afc0e04733d1f9560fb76259e42,,rz_count,,"{""cov_cos_sin"":30.047379032258064,""cross_candidate_covariance"":null,""formal_ci"":false,""interval_kind"":""ENGINEERING_INTERVAL_ONLY"",""mean_cosine"":16807.78125,""mean_sine"":16807.78125,""n"":32,""quantum_shot_uncertainty"":false,""rare_event_cost_tail"":""UNRESOLVED"",""var_cosine"":30.047379032258064,""var_sine"":30.047379032258064}"
7d51e7e28f78cc5cac73051384d7627067962afc0e04733d1f9560fb76259e42,,rz_depth,,"{""cov_cos_sin"":17.998991935483872,""cross_candidate_covariance"":null,""formal_ci"":false,""interval_kind"":""ENGINEERING_INTERVAL_ONLY"",""mean_cosine"":7571.53125,""mean_sine"":7571.53125,""n"":32,""quantum_shot_uncertainty"":false,""rare_event_cost_tail"":""UNRESOLVED"",""var_cosine"":17.998991935483872,""var_sine"":17.998991935483872}"
7d51e7e28f78cc5cac73051384d7627067962afc0e04733d1f9560fb76259e42,,cx_count,,"{""cov_cos_sin"":0.0,""cross_candidate_covariance"":null,""formal_ci"":false,""interval_kind"":""ENGINEERING_INTERVAL_ONLY"",""mean_cosine"":9596.0,""mean_sine"":9596.0,""n"":32,""quantum_shot_uncertainty"":false,""rare_event_cost_tail"":""UNRESOLVED"",""var_cosine"":0.0,""var_sine"":0.0}"
7d51e7e28f78cc5cac73051384d7627067962afc0e04733d1f9560fb76259e42,,cx_depth,,"{""cov_cos_sin"":5.221774193548387,""cross_candidate_covariance"":null,""formal_ci"":false,""interval_kind"":""ENGINEERING_INTERVAL_ONLY"",""mean_cosine"":8137.9375,""mean_sine"":8137.9375,""n"":32,""quantum_shot_uncertainty"":false,""rare_event_cost_tail"":""UNRESOLVED"",""var_cosine"":5.221774193548387,""var_sine"":5.221774193548387}"
7d51e7e28f78cc5cac73051384d7627067962afc0e04733d1f9560fb76259e42,,total_depth,,"{""cov_cos_sin"":59.36995967741935,""cross_candidate_covariance"":null,""formal_ci"":false,""interval_kind"":""ENGINEERING_INTERVAL_ONLY"",""mean_cosine"":16451.71875,""mean_sine"":16451.71875,""n"":32,""quantum_shot_uncertainty"":false,""rare_event_cost_tail"":""UNRESOLVED"",""var_cosine"":59.36995967741935,""var_sine"":59.36995967741935}"
7d51e7e28f78cc5cac73051384d7627067962afc0e04733d1f9560fb76259e42,,circuit_size,,"{""cov_cos_sin"":69.08064516129032,""cross_candidate_covariance"":null,""formal_ci"":false,""interval_kind"":""ENGINEERING_INTERVAL_ONLY"",""mean_cosine"":32080.375,""mean_sine"":32080.375,""n"":32,""quantum_shot_uncertainty"":false,""rare_event_cost_tail"":""UNRESOLVED"",""var_cosine"":69.08064516129032,""var_sine"":69.08064516129032}"
7d88f7949f5aa180b73832ccdf24cb7eeb836abeb5f418ec84c5a6131fa5121a,,rz_count,,"{""cov_cos_sin"":8709561.329637097,""cross_candidate_covariance"":null,""formal_ci"":false,""interval_kind"":""ENGINEERING_INTERVAL_ONLY"",""mean_cosine"":72927.34375,""mean_sine"":72927.34375,""n"":32,""quantum_shot_uncertainty"":false,""rare_event_cost_tail"":""UNRESOLVED"",""var_cosine"":8709561.329637097,""var_sine"":8709561.329637097}"
7d88f7949f5aa180b73832ccdf24cb7eeb836abeb5f418ec84c5a6131fa5121a,,rz_depth,,"{""cov_cos_sin"":284971.72580645164,""cross_candidate_covariance"":null,""formal_ci"":false,""interval_kind"":""ENGINEERING_INTERVAL_ONLY"",""mean_cosine"":26561.875,""mean_sine"":26561.875,""n"":32,""quantum_shot_uncertainty"":false,""rare_event_cost_tail"":""UNRESOLVED"",""var_cosine"":284971.72580645164,""var_sine"":284971.72580645164}"
7d88f7949f5aa180b73832ccdf24cb7eeb836abeb5f418ec84c5a6131fa5121a,,cx_count,,"{""cov_cos_sin"":718269.3508064516,""cross_candidate_covariance"":null,""formal_ci"":false,""interval_kind"":""ENGINEERING_INTERVAL_ONLY"",""mean_cosine"":35203.5625,""mean_sine"":35203.5625,""n"":32,""quantum_shot_uncertainty"":false,""rare_event_cost_tail"":""UNRESOLVED"",""var_cosine"":718269.3508064516,""var_sine"":718269.3508064516}"
7d88f7949f5aa180b73832ccdf24cb7eeb836abeb5f418ec84c5a6131fa5121a,,cx_depth,,"{""cov_cos_sin"":80928.69354838709,""cross_candidate_covariance"":null,""formal_ci"":false,""interval_kind"":""ENGINEERING_INTERVAL_ONLY"",""mean_cosine"":26326.625,""mean_sine"":26326.625,""n"":32,""quantum_shot_uncertainty"":false,""rare_event_cost_tail"":""UNRESOLVED"",""var_cosine"":80928.69354838709,""var_sine"":80928.69354838709}"
7d88f7949f5aa180b73832ccdf24cb7eeb836abeb5f418ec84c5a6131fa5121a,,total_depth,,"{""cov_cos_sin"":1444152.2409274194,""cross_candidate_covariance"":null,""formal_ci"":false,""interval_kind"":""ENGINEERING_INTERVAL_ONLY"",""mean_cosine"":57981.78125,""mean_sine"":57981.78125,""n"":32,""quantum_shot_uncertainty"":false,""rare_event_cost_tail"":""UNRESOLVED"",""var_cosine"":1444152.2409274194,""var_sine"":1444152.2409274194}"
7d88f7949f5aa180b73832ccdf24cb7eeb836abeb5f418ec84c5a6131fa5121a,,circuit_size,,"{""cov_cos_sin"":35120645.34576613,""cross_candidate_covariance"":null,""formal_ci"":false,""interval_kind"":""ENGINEERING_INTERVAL_ONLY"",""mean_cosine"":140961.40625,""mean_sine"":140961.40625,""n"":32,""quantum_shot_uncertainty"":false,""rare_event_cost_tail"":""UNRESOLVED"",""var_cosine"":35120645.34576613,""var_sine"":35120645.34576613}"
7e9dba91042dcc748c473162c58cb42da4ae30d1b10a5fe9740185eebcdd77bc,,rz_count,,"{""cov_cos_sin"":8497.286290322581,""cross_candidate_covariance"":null,""formal_ci"":false,""interval_kind"":""ENGINEERING_INTERVAL_ONLY"",""mean_cosine"":63805.0625,""mean_sine"":63805.0625,""n"":32,""quantum_shot_uncertainty"":false,""rare_event_cost_tail"":""UNRESOLVED"",""var_cosine"":8497.286290322581,""var_sine"":8497.286290322581}"
7e9dba91042dcc748c473162c58cb42da4ae30d1b10a5fe9740185eebcdd77bc,,rz_depth,,"{""cov_cos_sin"":4.112903225806452,""cross_candidate_covariance"":null,""formal_ci"":false,""interval_kind"":""ENGINEERING_INTERVAL_ONLY"",""mean_cosine"":28578.125,""mean_sine"":28578.125,""n"":32,""quantum_shot_uncertainty"":false,""rare_event_cost_tail"":""UNRESOLVED"",""var_cosine"":4.112903225806452,""var_sine"":4.112903225806452}"
7e9dba91042dcc748c473162c58cb42da4ae30d1b10a5fe9740185eebcdd77bc,,cx_count,,"{""cov_cos_sin"":658.6935483870968,""cross_candidate_covariance"":null,""formal_ci"":false,""interval_kind"":""ENGINEERING_INTERVAL_ONLY"",""mean_cosine"":36312.625,""mean_sine"":36312.625,""n"":32,""quantum_shot_uncertainty"":false,""rare_event_cost_tail"":""UNRESOLVED"",""var_cosine"":658.6935483870968,""var_sine"":658.6935483870968}"
7e9dba91042dcc748c473162c58cb42da4ae30d1b10a5fe9740185eebcdd77bc,,cx_depth,,"{""cov_cos_sin"":4.629032258064516,""cross_candidate_covariance"":null,""formal_ci"":false,""interval_kind"":""ENGINEERING_INTERVAL_ONLY"",""mean_cosine"":30756.125,""mean_sine"":30756.125,""n"":32,""quantum_shot_uncertainty"":false,""rare_event_cost_tail"":""UNRESOLVED"",""var_cosine"":4.629032258064516,""var_sine"":4.629032258064516}"
7e9dba91042dcc748c473162c58cb42da4ae30d1b10a5fe9740185eebcdd77bc,,total_depth,,"{""cov_cos_sin"":101.2741935483871,""cross_candidate_covariance"":null,""formal_ci"":false,""interval_kind"":""ENGINEERING_INTERVAL_ONLY"",""mean_cosine"":62216.625,""mean_sine"":62216.625,""n"":32,""quantum_shot_uncertainty"":false,""rare_event_cost_tail"":""UNRESOLVED"",""var_cosine"":101.2741935483871,""var_sine"":101.2741935483871}"
7e9dba91042dcc748c473162c58cb42da4ae30d1b10a5fe9740185eebcdd77bc,,circuit_size,,"{""cov_cos_sin"":31419.512096774193,""cross_candidate_covariance"":null,""formal_ci"":false,""interval_kind"":""ENGINEERING_INTERVAL_ONLY"",""mean_cosine"":121916.3125,""mean_sine"":121916.3125,""n"":32,""quantum_shot_uncertainty"":false,""rare_event_cost_tail"":""UNRESOLVED"",""var_cosine"":31419.512096774193,""var_sine"":31419.512096774193}"
8243ce07aed765f0bfda156e2b336a03b289d98758c63ca5ae69fb6e7aa3a938,,rz_count,,"{""cov_cos_sin"":2170914.88608871,""cross_candidate_covariance"":null,""formal_ci"":false,""interval_kind"":""ENGINEERING_INTERVAL_ONLY"",""mean_cosine"":52139.21875,""mean_sine"":52139.21875,""n"":32,""quantum_shot_uncertainty"":false,""rare_event_cost_tail"":""UNRESOLVED"",""var_cosine"":2170914.88608871,""var_sine"":2170914.88608871}"
8243ce07aed765f0bfda156e2b336a03b289d98758c63ca5ae69fb6e7aa3a938,,rz_depth,,"{""cov_cos_sin"":79273.80241935483,""cross_candidate_covariance"":null,""formal_ci"":false,""interval_kind"":""ENGINEERING_INTERVAL_ONLY"",""mean_cosine"":21272.9375,""mean_sine"":21272.9375,""n"":32,""quantum_shot_uncertainty"":false,""rare_event_cost_tail"":""UNRESOLVED"",""var_cosine"":79273.80241935483,""var_sine"":79273.80241935483}"
8243ce07aed765f0bfda156e2b336a03b289d98758c63ca5ae69fb6e7aa3a938,,cx_count,,"{""cov_cos_sin"":181986.3508064516,""cross_candidate_covariance"":null,""formal_ci"":false,""interval_kind"":""ENGINEERING_INTERVAL_ONLY"",""mean_cosine"":27600.3125,""mean_sine"":27600.3125,""n"":32,""quantum_shot_uncertainty"":false,""rare_event_cost_tail"":""UNRESOLVED"",""var_cosine"":181986.3508064516,""var_sine"":181986.3508064516}"
8243ce07aed765f0bfda156e2b336a03b289d98758c63ca5ae69fb6e7aa3a938,,cx_depth,,"{""cov_cos_sin"":21745.03125,""cross_candidate_covariance"":null,""formal_ci"":false,""interval_kind"":""ENGINEERING_INTERVAL_ONLY"",""mean_cosine"":22173.53125,""mean_sine"":22173.53125,""n"":32,""quantum_shot_uncertainty"":false,""rare_event_cost_tail"":""UNRESOLVED"",""var_cosine"":21745.03125,""var_sine"":21745.03125}"
8243ce07aed765f0bfda156e2b336a03b289d98758c63ca5ae69fb6e7aa3a938,,total_depth,,"{""cov_cos_sin"":385821.1451612903,""cross_candidate_covariance"":null,""formal_ci"":false,""interval_kind"":""ENGINEERING_INTERVAL_ONLY"",""mean_cosine"":46377.125,""mean_sine"":46377.125,""n"":32,""quantum_shot_uncertainty"":false,""rare_event_cost_tail"":""UNRESOLVED"",""var_cosine"":385821.1451612903,""var_sine"":385821.1451612903}"
8243ce07aed765f0bfda156e2b336a03b289d98758c63ca5ae69fb6e7aa3a938,,circuit_size,,"{""cov_cos_sin"":8508326.286290323,""cross_candidate_covariance"":null,""formal_ci"":false,""interval_kind"":""ENGINEERING_INTERVAL_ONLY"",""mean_cosine"":99812.6875,""mean_sine"":99812.6875,""n"":32,""quantum_shot_uncertainty"":false,""rare_event_cost_tail"":""UNRESOLVED"",""var_cosine"":8508326.286290323,""var_sine"":8508326.286290323}"
830a01f9ea6cd9075c324a30b81b282e9a7e91bf8a90d5a2f3abeefc028dfdcd,,rz_count,,"{""cov_cos_sin"":0.0,""cross_candidate_covariance"":null,""formal_ci"":false,""interval_kind"":""ENGINEERING_INTERVAL_ONLY"",""mean_cosine"":30908.0,""mean_sine"":30908.0,""n"":1,""quantum_shot_uncertainty"":false,""rare_event_cost_tail"":""UNRESOLVED"",""var_cosine"":0.0,""var_sine"":0.0}"
830a01f9ea6cd9075c324a30b81b282e9a7e91bf8a90d5a2f3abeefc028dfdcd,,rz_depth,,"{""cov_cos_sin"":0.0,""cross_candidate_covariance"":null,""formal_ci"":false,""interval_kind"":""ENGINEERING_INTERVAL_ONLY"",""mean_cosine"":14081.0,""mean_sine"":14081.0,""n"":1,""quantum_shot_uncertainty"":false,""rare_event_cost_tail"":""UNRESOLVED"",""var_cosine"":0.0,""var_sine"":0.0}"
830a01f9ea6cd9075c324a30b81b282e9a7e91bf8a90d5a2f3abeefc028dfdcd,,cx_count,,"{""cov_cos_sin"":0.0,""cross_candidate_covariance"":null,""formal_ci"":false,""interval_kind"":""ENGINEERING_INTERVAL_ONLY"",""mean_cosine"":17856.0,""mean_sine"":17856.0,""n"":1,""quantum_shot_uncertainty"":false,""rare_event_cost_tail"":""UNRESOLVED"",""var_cosine"":0.0,""var_sine"":0.0}"
830a01f9ea6cd9075c324a30b81b282e9a7e91bf8a90d5a2f3abeefc028dfdcd,,cx_depth,,"{""cov_cos_sin"":0.0,""cross_candidate_covariance"":null,""formal_ci"":false,""interval_kind"":""ENGINEERING_INTERVAL_ONLY"",""mean_cosine"":15254.0,""mean_sine"":15254.0,""n"":1,""quantum_shot_uncertainty"":false,""rare_event_cost_tail"":""UNRESOLVED"",""var_cosine"":0.0,""var_sine"":0.0}"
830a01f9ea6cd9075c324a30b81b282e9a7e91bf8a90d5a2f3abeefc028dfdcd,,total_depth,,"{""cov_cos_sin"":0.0,""cross_candidate_covariance"":null,""formal_ci"":false,""interval_kind"":""ENGINEERING_INTERVAL_ONLY"",""mean_cosine"":30642.0,""mean_sine"":30642.0,""n"":1,""quantum_shot_uncertainty"":false,""rare_event_cost_tail"":""UNRESOLVED"",""var_cosine"":0.0,""var_sine"":0.0}"
830a01f9ea6cd9075c324a30b81b282e9a7e91bf8a90d5a2f3abeefc028dfdcd,,circuit_size,,"{""cov_cos_sin"":0.0,""cross_candidate_covariance"":null,""formal_ci"":false,""interval_kind"":""ENGINEERING_INTERVAL_ONLY"",""mean_cosine"":58959.0,""mean_sine"":58959.0,""n"":1,""quantum_shot_uncertainty"":false,""rare_event_cost_tail"":""UNRESOLVED"",""var_cosine"":0.0,""var_sine"":0.0}"
838ab2f8f1b8fa899137c853284a9f60f280467a6827ffc0f5f9d3da7f0dfb5d,,rz_count,,"{""cov_cos_sin"":1486.4153225806451,""cross_candidate_covariance"":null,""formal_ci"":false,""interval_kind"":""ENGINEERING_INTERVAL_ONLY"",""mean_cosine"":16171.8125,""mean_sine"":16171.8125,""n"":32,""quantum_shot_uncertainty"":false,""rare_event_cost_tail"":""UNRESOLVED"",""var_cosine"":1486.4153225806451,""var_sine"":1486.4153225806451}"
838ab2f8f1b8fa899137c853284a9f60f280467a6827ffc0f5f9d3da7f0dfb5d,,rz_depth,,"{""cov_cos_sin"":1.028225806451613,""cross_candidate_covariance"":null,""formal_ci"":false,""interval_kind"":""ENGINEERING_INTERVAL_ONLY"",""mean_cosine"":7192.9375,""mean_sine"":7192.9375,""n"":32,""quantum_shot_uncertainty"":false,""rare_event_cost_tail"":""UNRESOLVED"",""var_cosine"":1.028225806451613,""var_sine"":1.028225806451613}"
838ab2f8f1b8fa899137c853284a9f60f280467a6827ffc0f5f9d3da7f0dfb5d,,cx_count,,"{""cov_cos_sin"":118.30645161290323,""cross_candidate_covariance"":null,""formal_ci"":false,""interval_kind"":""ENGINEERING_INTERVAL_ONLY"",""mean_cosine"":9147.375,""mean_sine"":9147.375,""n"":32,""quantum_shot_uncertainty"":false,""rare_event_cost_tail"":""UNRESOLVED"",""var_cosine"":118.30645161290323,""var_sine"":118.30645161290323}"
838ab2f8f1b8fa899137c853284a9f60f280467a6827ffc0f5f9d3da7f0dfb5d,,cx_depth,,"{""cov_cos_sin"":0.8346774193548387,""cross_candidate_covariance"":null,""formal_ci"":false,""interval_kind"":""ENGINEERING_INTERVAL_ONLY"",""mean_cosine"":7718.5625,""mean_sine"":7718.5625,""n"":32,""quantum_shot_uncertainty"":false,""rare_event_cost_tail"":""UNRESOLVED"",""var_cosine"":0.8346774193548387,""var_sine"":0.8346774193548387}"
838ab2f8f1b8fa899137c853284a9f60f280467a6827ffc0f5f9d3da7f0dfb5d,,total_depth,,"{""cov_cos_sin"":19.028225806451612,""cross_candidate_covariance"":null,""formal_ci"":false,""interval_kind"":""ENGINEERING_INTERVAL_ONLY"",""mean_cosine"":15655.5625,""mean_sine"":15655.5625,""n"":32,""quantum_shot_uncertainty"":false,""rare_event_cost_tail"":""UNRESOLVED"",""var_cosine"":19.028225806451612,""var_sine"":19.028225806451612}"
838ab2f8f1b8fa899137c853284a9f60f280467a6827ffc0f5f9d3da7f0dfb5d,,circuit_size,,"{""cov_cos_sin"":5475.415322580645,""cross_candidate_covariance"":null,""formal_ci"":false,""interval_kind"":""ENGINEERING_INTERVAL_ONLY"",""mean_cosine"":30883.4375,""mean_sine"":30883.4375,""n"":32,""quantum_shot_uncertainty"":false,""rare_event_cost_tail"":""UNRESOLVED"",""var_cosine"":5475.415322580645,""var_sine"":5475.415322580645}"
83e5618afefa1907e8e4ec63e9181968f589b741dccb6ee1caea608bac04819c,,rz_count,,"{""cov_cos_sin"":138.6290322580645,""cross_candidate_covariance"":null,""formal_ci"":false,""interval_kind"":""ENGINEERING_INTERVAL_ONLY"",""mean_cosine"":132288.125,""mean_sine"":132288.125,""n"":32,""quantum_shot_uncertainty"":false,""rare_event_cost_tail"":""UNRESOLVED"",""var_cosine"":138.6290322580645,""var_sine"":138.6290322580645}"
83e5618afefa1907e8e4ec63e9181968f589b741dccb6ee1caea608bac04819c,,rz_depth,,"{""cov_cos_sin"":223.01512096774192,""cross_candidate_covariance"":null,""formal_ci"":false,""interval_kind"":""ENGINEERING_INTERVAL_ONLY"",""mean_cosine"":60111.78125,""mean_sine"":60111.78125,""n"":32,""quantum_shot_uncertainty"":false,""rare_event_cost_tail"":""UNRESOLVED"",""var_cosine"":223.01512096774192,""var_sine"":223.01512096774192}"
83e5618afefa1907e8e4ec63e9181968f589b741dccb6ee1caea608bac04819c,,cx_count,,"{""cov_cos_sin"":0.0,""cross_candidate_covariance"":null,""formal_ci"":false,""interval_kind"":""ENGINEERING_INTERVAL_ONLY"",""mean_cosine"":76096.0,""mean_sine"":76096.0,""n"":32,""quantum_shot_uncertainty"":false,""rare_event_cost_tail"":""UNRESOLVED"",""var_cosine"":0.0,""var_sine"":0.0}"
83e5618afefa1907e8e4ec63e9181968f589b741dccb6ee1caea608bac04819c,,cx_depth,,"{""cov_cos_sin"":70.7570564516129,""cross_candidate_covariance"":null,""formal_ci"":false,""interval_kind"":""ENGINEERING_INTERVAL_ONLY"",""mean_cosine"":64822.21875,""mean_sine"":64822.21875,""n"":32,""quantum_shot_uncertainty"":false,""rare_event_cost_tail"":""UNRESOLVED"",""var_cosine"":70.7570564516129,""var_sine"":70.7570564516129}"
83e5618afefa1907e8e4ec63e9181968f589b741dccb6ee1caea608bac04819c,,total_depth,,"{""cov_cos_sin"":812.7379032258065,""cross_candidate_covariance"":null,""formal_ci"":false,""interval_kind"":""ENGINEERING_INTERVAL_ONLY"",""mean_cosine"":130640.3125,""mean_sine"":130640.3125,""n"":32,""quantum_shot_uncertainty"":false,""rare_event_cost_tail"":""UNRESOLVED"",""var_cosine"":812.7379032258065,""var_sine"":812.7379032258065}"
83e5618afefa1907e8e4ec63e9181968f589b741dccb6ee1caea608bac04819c,,circuit_size,,"{""cov_cos_sin"":385.31854838709677,""cross_candidate_covariance"":null,""formal_ci"":false,""interval_kind"":""ENGINEERING_INTERVAL_ONLY"",""mean_cosine"":252655.1875,""mean_sine"":252655.1875,""n"":32,""quantum_shot_uncertainty"":false,""rare_event_cost_tail"":""UNRESOLVED"",""var_cosine"":385.31854838709677,""var_sine"":385.31854838709677}"
84ca3010c9ef77270bd1c05046902ef1275e0d0537529fe49238865e7cc8691e,,rz_count,,"{""cov_cos_sin"":349995.98387096776,""cross_candidate_covariance"":null,""formal_ci"":false,""interval_kind"":""ENGINEERING_INTERVAL_ONLY"",""mean_cosine"":5931.625,""mean_sine"":5931.625,""n"":32,""quantum_shot_uncertainty"":false,""rare_event_cost_tail"":""UNRESOLVED"",""var_cosine"":349995.98387096776,""var_sine"":349995.98387096776}"
84ca3010c9ef77270bd1c05046902ef1275e0d0537529fe49238865e7cc8691e,,rz_depth,,"{""cov_cos_sin"":16583.168346774193,""cross_candidate_covariance"":null,""formal_ci"":false,""interval_kind"":""ENGINEERING_INTERVAL_ONLY"",""mean_cosine"":1284.84375,""mean_sine"":1284.84375,""n"":32,""quantum_shot_uncertainty"":false,""rare_event_cost_tail"":""UNRESOLVED"",""var_cosine"":16583.168346774193,""var_sine"":16583.168346774193}"
84ca3010c9ef77270bd1c05046902ef1275e0d0537529fe49238865e7cc8691e,,cx_count,,"{""cov_cos_sin"":32341.918346774193,""cross_candidate_covariance"":null,""formal_ci"":false,""interval_kind"":""ENGINEERING_INTERVAL_ONLY"",""mean_cosine"":1899.21875,""mean_sine"":1899.21875,""n"":32,""quantum_shot_uncertainty"":false,""rare_event_cost_tail"":""UNRESOLVED"",""var_cosine"":32341.918346774193,""var_sine"":32341.918346774193}"
84ca3010c9ef77270bd1c05046902ef1275e0d0537529fe49238865e7cc8691e,,cx_depth,,"{""cov_cos_sin"":5693.544354838709,""cross_candidate_covariance"":null,""formal_ci"":false,""interval_kind"":""ENGINEERING_INTERVAL_ONLY"",""mean_cosine"":803.4375,""mean_sine"":803.4375,""n"":32,""quantum_shot_uncertainty"":false,""rare_event_cost_tail"":""UNRESOLVED"",""var_cosine"":5693.544354838709,""var_sine"":5693.544354838709}"
84ca3010c9ef77270bd1c05046902ef1275e0d0537529fe49238865e7cc8691e,,total_depth,,"{""cov_cos_sin"":81679.07963709677,""cross_candidate_covariance"":null,""formal_ci"":false,""interval_kind"":""ENGINEERING_INTERVAL_ONLY"",""mean_cosine"":2803.78125,""mean_sine"":2803.78125,""n"":32,""quantum_shot_uncertainty"":false,""rare_event_cost_tail"":""UNRESOLVED"",""var_cosine"":81679.07963709677,""var_sine"":81679.07963709677}"
84ca3010c9ef77270bd1c05046902ef1275e0d0537529fe49238865e7cc8691e,,circuit_size,,"{""cov_cos_sin"":1365382.2540322582,""cross_candidate_covariance"":null,""formal_ci"":false,""interval_kind"":""ENGINEERING_INTERVAL_ONLY"",""mean_cosine"":11315.9375,""mean_sine"":11315.9375,""n"":32,""quantum_shot_uncertainty"":false,""rare_event_cost_tail"":""UNRESOLVED"",""var_cosine"":1365382.2540322582,""var_sine"":1365382.2540322582}"
878c8e427c9aafb49c188e6a2287b6876caf611d5276b6e99d1d843be3fb16a0,,rz_count,,"{""cov_cos_sin"":1192890.322580645,""cross_candidate_covariance"":null,""formal_ci"":false,""interval_kind"":""ENGINEERING_INTERVAL_ONLY"",""mean_cosine"":6278.25,""mean_sine"":6278.25,""n"":32,""quantum_shot_uncertainty"":false,""rare_event_cost_tail"":""UNRESOLVED"",""var_cosine"":1192890.322580645,""var_sine"":1192890.322580645}"
878c8e427c9aafb49c188e6a2287b6876caf611d5276b6e99d1d843be3fb16a0,,rz_depth,,"{""cov_cos_sin"":62740.83870967742,""cross_candidate_covariance"":null,""formal_ci"":false,""interval_kind"":""ENGINEERING_INTERVAL_ONLY"",""mean_cosine"":1399.25,""mean_sine"":1399.25,""n"":32,""quantum_shot_uncertainty"":false,""rare_event_cost_tail"":""UNRESOLVED"",""var_cosine"":62740.83870967742,""var_sine"":62740.83870967742}"
878c8e427c9aafb49c188e6a2287b6876caf611d5276b6e99d1d843be3fb16a0,,cx_count,,"{""cov_cos_sin"":113020.28125,""cross_candidate_covariance"":null,""formal_ci"":false,""interval_kind"":""ENGINEERING_INTERVAL_ONLY"",""mean_cosine"":2030.90625,""mean_sine"":2030.90625,""n"":32,""quantum_shot_uncertainty"":false,""rare_event_cost_tail"":""UNRESOLVED"",""var_cosine"":113020.28125,""var_sine"":113020.28125}"
878c8e427c9aafb49c188e6a2287b6876caf611d5276b6e99d1d843be3fb16a0,,cx_depth,,"{""cov_cos_sin"":20717.68447580645,""cross_candidate_covariance"":null,""formal_ci"":false,""interval_kind"":""ENGINEERING_INTERVAL_ONLY"",""mean_cosine"":899.84375,""mean_sine"":899.84375,""n"":32,""quantum_shot_uncertainty"":false,""rare_event_cost_tail"":""UNRESOLVED"",""var_cosine"":20717.68447580645,""var_sine"":20717.68447580645}"
878c8e427c9aafb49c188e6a2287b6876caf611d5276b6e99d1d843be3fb16a0,,total_depth,,"{""cov_cos_sin"":297773.98387096776,""cross_candidate_covariance"":null,""formal_ci"":false,""interval_kind"":""ENGINEERING_INTERVAL_ONLY"",""mean_cosine"":3060.375,""mean_sine"":3060.375,""n"":32,""quantum_shot_uncertainty"":false,""rare_event_cost_tail"":""UNRESOLVED"",""var_cosine"":297773.98387096776,""var_sine"":297773.98387096776}"
878c8e427c9aafb49c188e6a2287b6876caf611d5276b6e99d1d843be3fb16a0,,circuit_size,,"{""cov_cos_sin"":4588096.902217742,""cross_candidate_covariance"":null,""formal_ci"":false,""interval_kind"":""ENGINEERING_INTERVAL_ONLY"",""mean_cosine"":12090.46875,""mean_sine"":12090.46875,""n"":32,""quantum_shot_uncertainty"":false,""rare_event_cost_tail"":""UNRESOLVED"",""var_cosine"":4588096.902217742,""var_sine"":4588096.902217742}"
87975c107b1a6c1bb8ade028214092f3e785194bde41c4b8686fd37236928e3a,,rz_count,,"{""cov_cos_sin"":55037.44758064516,""cross_candidate_covariance"":null,""formal_ci"":false,""interval_kind"":""ENGINEERING_INTERVAL_ONLY"",""mean_cosine"":22668.8125,""mean_sine"":22668.8125,""n"":32,""quantum_shot_uncertainty"":false,""rare_event_cost_tail"":""UNRESOLVED"",""var_cosine"":55037.44758064516,""var_sine"":55037.44758064516}"
87975c107b1a6c1bb8ade028214092f3e785194bde41c4b8686fd37236928e3a,,rz_depth,,"{""cov_cos_sin"":2495.9959677419356,""cross_candidate_covariance"":null,""formal_ci"":false,""interval_kind"":""ENGINEERING_INTERVAL_ONLY"",""mean_cosine"":9831.4375,""mean_sine"":9831.4375,""n"":32,""quantum_shot_uncertainty"":false,""rare_event_cost_tail"":""UNRESOLVED"",""var_cosine"":2495.9959677419356,""var_sine"":2495.9959677419356}"
87975c107b1a6c1bb8ade028214092f3e785194bde41c4b8686fd37236928e3a,,cx_count,,"{""cov_cos_sin"":4831.028225806452,""cross_candidate_covariance"":null,""formal_ci"":false,""interval_kind"":""ENGINEERING_INTERVAL_ONLY"",""mean_cosine"":12613.4375,""mean_sine"":12613.4375,""n"":32,""quantum_shot_uncertainty"":false,""rare_event_cost_tail"":""UNRESOLVED"",""var_cosine"":4831.028225806452,""var_sine"":4831.028225806452}"
87975c107b1a6c1bb8ade028214092f3e785194bde41c4b8686fd37236928e3a,,cx_depth,,"{""cov_cos_sin"":832.5806451612904,""cross_candidate_covariance"":null,""formal_ci"":false,""interval_kind"":""ENGINEERING_INTERVAL_ONLY"",""mean_cosine"":10500.0,""mean_sine"":10500.0,""n"":32,""quantum_shot_uncertainty"":false,""rare_event_cost_tail"":""UNRESOLVED"",""var_cosine"":832.5806451612904,""var_sine"":832.5806451612904}"
87975c107b1a6c1bb8ade028214092f3e785194bde41c4b8686fd37236928e3a,,total_depth,,"{""cov_cos_sin"":11782.289314516129,""cross_candidate_covariance"":null,""formal_ci"":false,""interval_kind"":""ENGINEERING_INTERVAL_ONLY"",""mean_cosine"":21406.96875,""mean_sine"":21406.96875,""n"":32,""quantum_shot_uncertainty"":false,""rare_event_cost_tail"":""UNRESOLVED"",""var_cosine"":11782.289314516129,""var_sine"":11782.289314516129}"
87975c107b1a6c1bb8ade028214092f3e785194bde41c4b8686fd37236928e3a,,circuit_size,,"{""cov_cos_sin"":204785.16834677418,""cross_candidate_covariance"":null,""formal_ci"":false,""interval_kind"":""ENGINEERING_INTERVAL_ONLY"",""mean_cosine"":43351.84375,""mean_sine"":43351.84375,""n"":32,""quantum_shot_uncertainty"":false,""rare_event_cost_tail"":""UNRESOLVED"",""var_cosine"":204785.16834677418,""var_sine"":204785.16834677418}"
87c8a6538609b7bf78b083bad67b5f6e4572ed001e5395f8deeb2a68a082c818,,rz_count,,"{""cov_cos_sin"":3311.2540322580644,""cross_candidate_covariance"":null,""formal_ci"":false,""interval_kind"":""ENGINEERING_INTERVAL_ONLY"",""mean_cosine"":32073.6875,""mean_sine"":32073.6875,""n"":32,""quantum_shot_uncertainty"":false,""rare_event_cost_tail"":""UNRESOLVED"",""var_cosine"":3311.2540322580644,""var_sine"":3311.2540322580644}"
87c8a6538609b7bf78b083bad67b5f6e4572ed001e5395f8deeb2a68a082c818,,rz_depth,,"{""cov_cos_sin"":1.7701612903225807,""cross_candidate_covariance"":null,""formal_ci"":false,""interval_kind"":""ENGINEERING_INTERVAL_ONLY"",""mean_cosine"":14321.8125,""mean_sine"":14321.8125,""n"":32,""quantum_shot_uncertainty"":false,""rare_event_cost_tail"":""UNRESOLVED"",""var_cosine"":1.7701612903225807,""var_sine"":1.7701612903225807}"
87c8a6538609b7bf78b083bad67b5f6e4572ed001e5395f8deeb2a68a082c818,,cx_count,,"{""cov_cos_sin"":250.0483870967742,""cross_candidate_covariance"":null,""formal_ci"":false,""interval_kind"":""ENGINEERING_INTERVAL_ONLY"",""mean_cosine"":18209.125,""mean_sine"":18209.125,""n"":32,""quantum_shot_uncertainty"":false,""rare_event_cost_tail"":""UNRESOLVED"",""var_cosine"":250.0483870967742,""var_sine"":250.0483870967742}"
87c8a6538609b7bf78b083bad67b5f6e4572ed001e5395f8deeb2a68a082c818,,cx_depth,,"{""cov_cos_sin"":2.092741935483871,""cross_candidate_covariance"":null,""formal_ci"":false,""interval_kind"":""ENGINEERING_INTERVAL_ONLY"",""mean_cosine"":15398.3125,""mean_sine"":15398.3125,""n"":32,""quantum_shot_uncertainty"":false,""rare_event_cost_tail"":""UNRESOLVED"",""var_cosine"":2.092741935483871,""var_sine"":2.092741935483871}"
87c8a6538609b7bf78b083bad67b5f6e4572ed001e5395f8deeb2a68a082c818,,total_depth,,"{""cov_cos_sin"":44.44758064516129,""cross_candidate_covariance"":null,""formal_ci"":false,""interval_kind"":""ENGINEERING_INTERVAL_ONLY"",""mean_cosine"":31178.5625,""mean_sine"":31178.5625,""n"":32,""quantum_shot_uncertainty"":false,""rare_event_cost_tail"":""UNRESOLVED"",""var_cosine"":44.44758064516129,""var_sine"":44.44758064516129}"
87c8a6538609b7bf78b083bad67b5f6e4572ed001e5395f8deeb2a68a082c818,,circuit_size,,"{""cov_cos_sin"":12093.125,""cross_candidate_covariance"":null,""formal_ci"":false,""interval_kind"":""ENGINEERING_INTERVAL_ONLY"",""mean_cosine"":61273.8125,""mean_sine"":61273.8125,""n"":32,""quantum_shot_uncertainty"":false,""rare_event_cost_tail"":""UNRESOLVED"",""var_cosine"":12093.125,""var_sine"":12093.125}"
87e3b363e0679bbba5326b8ea415c1352bbd4c143a89cf4cbd00d4ad3b96ed13,,rz_count,,"{""cov_cos_sin"":398083.07157258067,""cross_candidate_covariance"":null,""formal_ci"":false,""interval_kind"":""ENGINEERING_INTERVAL_ONLY"",""mean_cosine"":2646.34375,""mean_sine"":2646.34375,""n"":32,""quantum_shot_uncertainty"":false,""rare_event_cost_tail"":""UNRESOLVED"",""var_cosine"":398083.07157258067,""var_sine"":398083.07157258067}"
87e3b363e0679bbba5326b8ea415c1352bbd4c143a89cf4cbd00d4ad3b96ed13,,rz_depth,,"{""cov_cos_sin"":17485.603830645163,""cross_candidate_covariance"":null,""formal_ci"":false,""interval_kind"":""ENGINEERING_INTERVAL_ONLY"",""mean_cosine"":551.59375,""mean_sine"":551.59375,""n"":32,""quantum_shot_uncertainty"":false,""rare_event_cost_tail"":""UNRESOLVED"",""var_cosine"":17485.603830645163,""var_sine"":17485.603830645163}"
87e3b363e0679bbba5326b8ea415c1352bbd4c143a89cf4cbd00d4ad3b96ed13,,cx_count,,"{""cov_cos_sin"":35860.45866935484,""cross_candidate_covariance"":null,""formal_ci"":false,""interval_kind"":""ENGINEERING_INTERVAL_ONLY"",""mean_cosine"":825.15625,""mean_sine"":825.15625,""n"":32,""quantum_shot_uncertainty"":false,""rare_event_cost_tail"":""UNRESOLVED"",""var_cosine"":35860.45866935484,""var_sine"":35860.45866935484}"
87e3b363e0679bbba5326b8ea415c1352bbd4c143a89cf4cbd00d4ad3b96ed13,,cx_depth,,"{""cov_cos_sin"":5561.273185483871,""cross_candidate_covariance"":null,""formal_ci"":false,""interval_kind"":""ENGINEERING_INTERVAL_ONLY"",""mean_cosine"":334.21875,""mean_sine"":334.21875,""n"":32,""quantum_shot_uncertainty"":false,""rare_event_cost_tail"":""UNRESOLVED"",""var_cosine"":5561.273185483871,""var_sine"":5561.273185483871}"
87e3b363e0679bbba5326b8ea415c1352bbd4c143a89cf4cbd00d4ad3b96ed13,,total_depth,,"{""cov_cos_sin"":85806.51612903226,""cross_candidate_covariance"":null,""formal_ci"":false,""interval_kind"":""ENGINEERING_INTERVAL_ONLY"",""mean_cosine"":1211.5,""mean_sine"":1211.5,""n"":32,""quantum_shot_uncertainty"":false,""rare_event_cost_tail"":""UNRESOLVED"",""var_cosine"":85806.51612903226,""var_sine"":85806.51612903226}"
87e3b363e0679bbba5326b8ea415c1352bbd4c143a89cf4cbd00d4ad3b96ed13,,circuit_size,,"{""cov_cos_sin"":1537404.3699596773,""cross_candidate_covariance"":null,""formal_ci"":false,""interval_kind"":""ENGINEERING_INTERVAL_ONLY"",""mean_cosine"":5079.21875,""mean_sine"":5079.21875,""n"":32,""quantum_shot_uncertainty"":false,""rare_event_cost_tail"":""UNRESOLVED"",""var_cosine"":1537404.3699596773,""var_sine"":1537404.3699596773}"
88fa19f21f5fd6540f76bf36e08b2194e3b23777c908061aacac3a294f975d45,,rz_count,,"{""cov_cos_sin"":4.361895161290323,""cross_candidate_covariance"":null,""formal_ci"":false,""interval_kind"":""ENGINEERING_INTERVAL_ONLY"",""mean_cosine"":16359.34375,""mean_sine"":16359.34375,""n"":32,""quantum_shot_uncertainty"":false,""rare_event_cost_tail"":""UNRESOLVED"",""var_cosine"":4.361895161290323,""var_sine"":4.361895161290323}"
88fa19f21f5fd6540f76bf36e08b2194e3b23777c908061aacac3a294f975d45,,rz_depth,,"{""cov_cos_sin"":5.866935483870968,""cross_candidate_covariance"":null,""formal_ci"":false,""interval_kind"":""ENGINEERING_INTERVAL_ONLY"",""mean_cosine"":7278.9375,""mean_sine"":7278.9375,""n"":32,""quantum_shot_uncertainty"":false,""rare_event_cost_tail"":""UNRESOLVED"",""var_cosine"":5.866935483870968,""var_sine"":5.866935483870968}"
88fa19f21f5fd6540f76bf36e08b2194e3b23777c908061aacac3a294f975d45,,cx_count,,"{""cov_cos_sin"":0.0,""cross_candidate_covariance"":null,""formal_ci"":false,""interval_kind"":""ENGINEERING_INTERVAL_ONLY"",""mean_cosine"":9260.0,""mean_sine"":9260.0,""n"":32,""quantum_shot_uncertainty"":false,""rare_event_cost_tail"":""UNRESOLVED"",""var_cosine"":0.0,""var_sine"":0.0}"
88fa19f21f5fd6540f76bf36e08b2194e3b23777c908061aacac3a294f975d45,,cx_depth,,"{""cov_cos_sin"":2.193548387096774,""cross_candidate_covariance"":null,""formal_ci"":false,""interval_kind"":""ENGINEERING_INTERVAL_ONLY"",""mean_cosine"":7813.0,""mean_sine"":7813.0,""n"":32,""quantum_shot_uncertainty"":false,""rare_event_cost_tail"":""UNRESOLVED"",""var_cosine"":2.193548387096774,""var_sine"":2.193548387096774}"
88fa19f21f5fd6540f76bf36e08b2194e3b23777c908061aacac3a294f975d45,,total_depth,,"{""cov_cos_sin"":29.41532258064516,""cross_candidate_covariance"":null,""formal_ci"":false,""interval_kind"":""ENGINEERING_INTERVAL_ONLY"",""mean_cosine"":15836.5625,""mean_sine"":15836.5625,""n"":32,""quantum_shot_uncertainty"":false,""rare_event_cost_tail"":""UNRESOLVED"",""var_cosine"":29.41532258064516,""var_sine"":29.41532258064516}"
88fa19f21f5fd6540f76bf36e08b2194e3b23777c908061aacac3a294f975d45,,circuit_size,,"{""cov_cos_sin"":9.35383064516129,""cross_candidate_covariance"":null,""formal_ci"":false,""interval_kind"":""ENGINEERING_INTERVAL_ONLY"",""mean_cosine"":31237.53125,""mean_sine"":31237.53125,""n"":32,""quantum_shot_uncertainty"":false,""rare_event_cost_tail"":""UNRESOLVED"",""var_cosine"":9.35383064516129,""var_sine"":9.35383064516129}"
8945ba19711a13784eb8dcf48316da1cb06038c11627b50c15a0b61f9e03e041,,rz_count,,"{""cov_cos_sin"":1893825.189516129,""cross_candidate_covariance"":null,""formal_ci"":false,""interval_kind"":""ENGINEERING_INTERVAL_ONLY"",""mean_cosine"":8532.6875,""mean_sine"":8532.6875,""n"":32,""quantum_shot_uncertainty"":false,""rare_event_cost_tail"":""UNRESOLVED"",""var_cosine"":1893825.189516129,""var_sine"":1893825.189516129}"
8945ba19711a13784eb8dcf48316da1cb06038c11627b50c15a0b61f9e03e041,,rz_depth,,"{""cov_cos_sin"":90741.09576612903,""cross_candidate_covariance"":null,""formal_ci"":false,""interval_kind"":""ENGINEERING_INTERVAL_ONLY"",""mean_cosine"":1951.46875,""mean_sine"":1951.46875,""n"":32,""quantum_shot_uncertainty"":false,""rare_event_cost_tail"":""UNRESOLVED"",""var_cosine"":90741.09576612903,""var_sine"":90741.09576612903}"
8945ba19711a13784eb8dcf48316da1cb06038c11627b50c15a0b61f9e03e041,,cx_count,,"{""cov_cos_sin"":177048.85383064515,""cross_candidate_covariance"":null,""formal_ci"":false,""interval_kind"":""ENGINEERING_INTERVAL_ONLY"",""mean_cosine"":2806.28125,""mean_sine"":2806.28125,""n"":32,""quantum_shot_uncertainty"":false,""rare_event_cost_tail"":""UNRESOLVED"",""var_cosine"":177048.85383064515,""var_sine"":177048.85383064515}"
8945ba19711a13784eb8dcf48316da1cb06038c11627b50c15a0b61f9e03e041,,cx_depth,,"{""cov_cos_sin"":29985.060483870966,""cross_candidate_covariance"":null,""formal_ci"":false,""interval_kind"":""ENGINEERING_INTERVAL_ONLY"",""mean_cosine"":1298.6875,""mean_sine"":1298.6875,""n"":32,""quantum_shot_uncertainty"":false,""rare_event_cost_tail"":""UNRESOLVED"",""var_cosine"":29985.060483870966,""var_sine"":29985.060483870966}"
8945ba19711a13784eb8dcf48316da1cb06038c11627b50c15a0b61f9e03e041,,total_depth,,"{""cov_cos_sin"":430618.2731854839,""cross_candidate_covariance"":null,""formal_ci"":false,""interval_kind"":""ENGINEERING_INTERVAL_ONLY"",""mean_cosine"":4282.71875,""mean_sine"":4282.71875,""n"":32,""quantum_shot_uncertainty"":false,""rare_event_cost_tail"":""UNRESOLVED"",""var_cosine"":430618.2731854839,""var_sine"":430618.2731854839}"
8945ba19711a13784eb8dcf48316da1cb06038c11627b50c15a0b61f9e03e041,,circuit_size,,"{""cov_cos_sin"":7260815.902217742,""cross_candidate_covariance"":null,""formal_ci"":false,""interval_kind"":""ENGINEERING_INTERVAL_ONLY"",""mean_cosine"":16543.96875,""mean_sine"":16543.96875,""n"":32,""quantum_shot_uncertainty"":false,""rare_event_cost_tail"":""UNRESOLVED"",""var_cosine"":7260815.902217742,""var_sine"":7260815.902217742}"
89f6f91b5f2d748deda158aa3bae176f6943faa916a3ba36abfef49054343628,,rz_count,,"{""cov_cos_sin"":18401.641129032258,""cross_candidate_covariance"":null,""formal_ci"":false,""interval_kind"":""ENGINEERING_INTERVAL_ONLY"",""mean_cosine"":46348.8125,""mean_sine"":46348.8125,""n"":32,""quantum_shot_uncertainty"":false,""rare_event_cost_tail"":""UNRESOLVED"",""var_cosine"":18401.641129032258,""var_sine"":18401.641129032258}"
89f6f91b5f2d748deda158aa3bae176f6943faa916a3ba36abfef49054343628,,rz_depth,,"{""cov_cos_sin"":366.789314516129,""cross_candidate_covariance"":null,""formal_ci"":false,""interval_kind"":""ENGINEERING_INTERVAL_ONLY"",""mean_cosine"":19822.71875,""mean_sine"":19822.71875,""n"":32,""quantum_shot_uncertainty"":false,""rare_event_cost_tail"":""UNRESOLVED"",""var_cosine"":366.789314516129,""var_sine"":366.789314516129}"
89f6f91b5f2d748deda158aa3bae176f6943faa916a3ba36abfef49054343628,,cx_count,,"{""cov_cos_sin"":1503.9354838709678,""cross_candidate_covariance"":null,""formal_ci"":false,""interval_kind"":""ENGINEERING_INTERVAL_ONLY"",""mean_cosine"":25468.25,""mean_sine"":25468.25,""n"":32,""quantum_shot_uncertainty"":false,""rare_event_cost_tail"":""UNRESOLVED"",""var_cosine"":1503.9354838709678,""var_sine"":1503.9354838709678}"
89f6f91b5f2d748deda158aa3bae176f6943faa916a3ba36abfef49054343628,,cx_depth,,"{""cov_cos_sin"":126.8538306451613,""cross_candidate_covariance"":null,""formal_ci"":false,""interval_kind"":""ENGINEERING_INTERVAL_ONLY"",""mean_cosine"":21011.28125,""mean_sine"":21011.28125,""n"":32,""quantum_shot_uncertainty"":false,""rare_event_cost_tail"":""UNRESOLVED"",""var_cosine"":126.8538306451613,""var_sine"":126.8538306451613}"
89f6f91b5f2d748deda158aa3bae176f6943faa916a3ba36abfef49054343628,,total_depth,,"{""cov_cos_sin"":2187.6038306451615,""cross_candidate_covariance"":null,""formal_ci"":false,""interval_kind"":""ENGINEERING_INTERVAL_ONLY"",""mean_cosine"":43198.40625,""mean_sine"":43198.40625,""n"":32,""quantum_shot_uncertainty"":false,""rare_event_cost_tail"":""UNRESOLVED"",""var_cosine"":2187.6038306451615,""var_sine"":2187.6038306451615}"
89f6f91b5f2d748deda158aa3bae176f6943faa916a3ba36abfef49054343628,,circuit_size,,"{""cov_cos_sin"":81520.06451612903,""cross_candidate_covariance"":null,""formal_ci"":false,""interval_kind"":""ENGINEERING_INTERVAL_ONLY"",""mean_cosine"":88366.25,""mean_sine"":88366.25,""n"":32,""quantum_shot_uncertainty"":false,""rare_event_cost_tail"":""UNRESOLVED"",""var_cosine"":81520.06451612903,""var_sine"":81520.06451612903}"
8b17853946975ed52cf4c981cb3cc29a981436ecf3ba1f2a393e848552338580,,rz_count,,"{""cov_cos_sin"":3007.748991935484,""cross_candidate_covariance"":null,""formal_ci"":false,""interval_kind"":""ENGINEERING_INTERVAL_ONLY"",""mean_cosine"":32070.15625,""mean_sine"":32070.15625,""n"":32,""quantum_shot_uncertainty"":false,""rare_event_cost_tail"":""UNRESOLVED"",""var_cosine"":3007.748991935484,""var_sine"":3007.748991935484}"
8b17853946975ed52cf4c981cb3cc29a981436ecf3ba1f2a393e848552338580,,rz_depth,,"{""cov_cos_sin"":2.564516129032258,""cross_candidate_covariance"":null,""formal_ci"":false,""interval_kind"":""ENGINEERING_INTERVAL_ONLY"",""mean_cosine"":14321.875,""mean_sine"":14321.875,""n"":32,""quantum_shot_uncertainty"":false,""rare_event_cost_tail"":""UNRESOLVED"",""var_cosine"":2.564516129032258,""var_sine"":2.564516129032258}"
8b17853946975ed52cf4c981cb3cc29a981436ecf3ba1f2a393e848552338580,,cx_count,,"{""cov_cos_sin"":220.6451612903226,""cross_candidate_covariance"":null,""formal_ci"":false,""interval_kind"":""ENGINEERING_INTERVAL_ONLY"",""mean_cosine"":18208.5,""mean_sine"":18208.5,""n"":32,""quantum_shot_uncertainty"":false,""rare_event_cost_tail"":""UNRESOLVED"",""var_cosine"":220.6451612903226,""var_sine"":220.6451612903226}"
8b17853946975ed52cf4c981cb3cc29a981436ecf3ba1f2a393e848552338580,,cx_depth,,"{""cov_cos_sin"":2.564516129032258,""cross_candidate_covariance"":null,""formal_ci"":false,""interval_kind"":""ENGINEERING_INTERVAL_ONLY"",""mean_cosine"":15398.125,""mean_sine"":15398.125,""n"":32,""quantum_shot_uncertainty"":false,""rare_event_cost_tail"":""UNRESOLVED"",""var_cosine"":2.564516129032258,""var_sine"":2.564516129032258}"
8b17853946975ed52cf4c981cb3cc29a981436ecf3ba1f2a393e848552338580,,total_depth,,"{""cov_cos_sin"":45.91935483870968,""cross_candidate_covariance"":null,""formal_ci"":false,""interval_kind"":""ENGINEERING_INTERVAL_ONLY"",""mean_cosine"":31177.875,""mean_sine"":31177.875,""n"":32,""quantum_shot_uncertainty"":false,""rare_event_cost_tail"":""UNRESOLVED"",""var_cosine"":45.91935483870968,""var_sine"":45.91935483870968}"
8b17853946975ed52cf4c981cb3cc29a981436ecf3ba1f2a393e848552338580,,circuit_size,,"{""cov_cos_sin"":10916.192540322581,""cross_candidate_covariance"":null,""formal_ci"":false,""interval_kind"":""ENGINEERING_INTERVAL_ONLY"",""mean_cosine"":61267.46875,""mean_sine"":61267.46875,""n"":32,""quantum_shot_uncertainty"":false,""rare_event_cost_tail"":""UNRESOLVED"",""var_cosine"":10916.192540322581,""var_sine"":10916.192540322581}"
8cb55a75f4e5cbe1668180d41f607ced4d2d5348b0c46f7e6adfc6e1f8b69a64,,rz_count,,"{""cov_cos_sin"":108787.76512096774,""cross_candidate_covariance"":null,""formal_ci"":false,""interval_kind"":""ENGINEERING_INTERVAL_ONLY"",""mean_cosine"":12446.90625,""mean_sine"":12446.90625,""n"":32,""quantum_shot_uncertainty"":false,""rare_event_cost_tail"":""UNRESOLVED"",""var_cosine"":108787.76512096774,""var_sine"":108787.76512096774}"
8cb55a75f4e5cbe1668180d41f607ced4d2d5348b0c46f7e6adfc6e1f8b69a64,,rz_depth,,"{""cov_cos_sin"":4395.6411290322585,""cross_candidate_covariance"":null,""formal_ci"":false,""interval_kind"":""ENGINEERING_INTERVAL_ONLY"",""mean_cosine"":5156.6875,""mean_sine"":5156.6875,""n"":32,""quantum_shot_uncertainty"":false,""rare_event_cost_tail"":""UNRESOLVED"",""var_cosine"":4395.6411290322585,""var_sine"":4395.6411290322585}"
8cb55a75f4e5cbe1668180d41f607ced4d2d5348b0c46f7e6adfc6e1f8b69a64,,cx_count,,"{""cov_cos_sin"":9378.516129032258,""cross_candidate_covariance"":null,""formal_ci"":false,""interval_kind"":""ENGINEERING_INTERVAL_ONLY"",""mean_cosine"":6669.25,""mean_sine"":6669.25,""n"":32,""quantum_shot_uncertainty"":false,""rare_event_cost_tail"":""UNRESOLVED"",""var_cosine"":9378.516129032258,""var_sine"":9378.516129032258}"
8cb55a75f4e5cbe1668180d41f607ced4d2d5348b0c46f7e6adfc6e1f8b69a64,,cx_depth,,"{""cov_cos_sin"":1256.4475806451612,""cross_candidate_covariance"":null,""formal_ci"":false,""interval_kind"":""ENGINEERING_INTERVAL_ONLY"",""mean_cosine"":5405.9375,""mean_sine"":5405.9375,""n"":32,""quantum_shot_uncertainty"":false,""rare_event_cost_tail"":""UNRESOLVED"",""var_cosine"":1256.4475806451612,""var_sine"":1256.4475806451612}"
8cb55a75f4e5cbe1668180d41f607ced4d2d5348b0c46f7e6adfc6e1f8b69a64,,total_depth,,"{""cov_cos_sin"":21742.910282258064,""cross_candidate_covariance"":null,""formal_ci"":false,""interval_kind"":""ENGINEERING_INTERVAL_ONLY"",""mean_cosine"":11235.84375,""mean_sine"":11235.84375,""n"":32,""quantum_shot_uncertainty"":false,""rare_event_cost_tail"":""UNRESOLVED"",""var_cosine"":21742.910282258064,""var_sine"":21742.910282258064}"
8cb55a75f4e5cbe1668180d41f607ced4d2d5348b0c46f7e6adfc6e1f8b69a64,,circuit_size,,"{""cov_cos_sin"":427623.64112903224,""cross_candidate_covariance"":null,""formal_ci"":false,""interval_kind"":""ENGINEERING_INTERVAL_ONLY"",""mean_cosine"":23751.8125,""mean_sine"":23751.8125,""n"":32,""quantum_shot_uncertainty"":false,""rare_event_cost_tail"":""UNRESOLVED"",""var_cosine"":427623.64112903224,""var_sine"":427623.64112903224}"
8cc05214474642fd5e1181e922a270c1158f4bdec02e69395433ba5312ecba30,,rz_count,,"{""cov_cos_sin"":11560.415322580646,""cross_candidate_covariance"":null,""formal_ci"":false,""interval_kind"":""ENGINEERING_INTERVAL_ONLY"",""mean_cosine"":127340.6875,""mean_sine"":127340.6875,""n"":32,""quantum_shot_uncertainty"":false,""rare_event_cost_tail"":""UNRESOLVED"",""var_cosine"":11560.415322580646,""var_sine"":11560.415322580646}"
8cc05214474642fd5e1181e922a270c1158f4bdec02e69395433ba5312ecba30,,rz_depth,,"{""cov_cos_sin"":7.225806451612903,""cross_candidate_covariance"":null,""formal_ci"":false,""interval_kind"":""ENGINEERING_INTERVAL_ONLY"",""mean_cosine"":57092.5,""mean_sine"":57092.5,""n"":32,""quantum_shot_uncertainty"":false,""rare_event_cost_tail"":""UNRESOLVED"",""var_cosine"":7.225806451612903,""var_sine"":7.225806451612903}"
8cc05214474642fd5e1181e922a270c1158f4bdec02e69395433ba5312ecba30,,cx_count,,"{""cov_cos_sin"":855.483870967742,""cross_candidate_covariance"":null,""formal_ci"":false,""interval_kind"":""ENGINEERING_INTERVAL_ONLY"",""mean_cosine"":72541.5,""mean_sine"":72541.5,""n"":32,""quantum_shot_uncertainty"":false,""rare_event_cost_tail"":""UNRESOLVED"",""var_cosine"":855.483870967742,""var_sine"":855.483870967742}"
8cc05214474642fd5e1181e922a270c1158f4bdec02e69395433ba5312ecba30,,cx_depth,,"{""cov_cos_sin"":8.221774193548388,""cross_candidate_covariance"":null,""formal_ci"":false,""interval_kind"":""ENGINEERING_INTERVAL_ONLY"",""mean_cosine"":61472.8125,""mean_sine"":61472.8125,""n"":32,""quantum_shot_uncertainty"":false,""rare_event_cost_tail"":""UNRESOLVED"",""var_cosine"":8.221774193548388,""var_sine"":8.221774193548388}"
8cc05214474642fd5e1181e922a270c1158f4bdec02e69395433ba5312ecba30,,total_depth,,"{""cov_cos_sin"":168.31854838709677,""cross_candidate_covariance"":null,""formal_ci"":false,""interval_kind"":""ENGINEERING_INTERVAL_ONLY"",""mean_cosine"":124299.4375,""mean_sine"":124299.4375,""n"":32,""quantum_shot_uncertainty"":false,""rare_event_cost_tail"":""UNRESOLVED"",""var_cosine"":168.31854838709677,""var_sine"":168.31854838709677}"
8cc05214474642fd5e1181e922a270c1158f4bdec02e69395433ba5312ecba30,,circuit_size,,"{""cov_cos_sin"":42066.04838709677,""cross_candidate_covariance"":null,""formal_ci"":false,""interval_kind"":""ENGINEERING_INTERVAL_ONLY"",""mean_cosine"":243341.875,""mean_sine"":243341.875,""n"":32,""quantum_shot_uncertainty"":false,""rare_event_cost_tail"":""UNRESOLVED"",""var_cosine"":42066.04838709677,""var_sine"":42066.04838709677}"
8d5804c62f37fff23f5d770aaf526f2257aaaec290bb60005c61700a35349789,,rz_count,,"{""cov_cos_sin"":108.47479838709677,""cross_candidate_covariance"":null,""formal_ci"":false,""interval_kind"":""ENGINEERING_INTERVAL_ONLY"",""mean_cosine"":32406.09375,""mean_sine"":32406.09375,""n"":32,""quantum_shot_uncertainty"":false,""rare_event_cost_tail"":""UNRESOLVED"",""var_cosine"":108.47479838709677,""var_sine"":108.47479838709677}"
8d5804c62f37fff23f5d770aaf526f2257aaaec290bb60005c61700a35349789,,rz_depth,,"{""cov_cos_sin"":13.805443548387096,""cross_candidate_covariance"":null,""formal_ci"":false,""interval_kind"":""ENGINEERING_INTERVAL_ONLY"",""mean_cosine"":14491.46875,""mean_sine"":14491.46875,""n"":32,""quantum_shot_uncertainty"":false,""rare_event_cost_tail"":""UNRESOLVED"",""var_cosine"":13.805443548387096,""var_sine"":13.805443548387096}"
8d5804c62f37fff23f5d770aaf526f2257aaaec290bb60005c61700a35349789,,cx_count,,"{""cov_cos_sin"":8.0,""cross_candidate_covariance"":null,""formal_ci"":false,""interval_kind"":""ENGINEERING_INTERVAL_ONLY"",""mean_cosine"":18423.5,""mean_sine"":18423.5,""n"":32,""quantum_shot_uncertainty"":false,""rare_event_cost_tail"":""UNRESOLVED"",""var_cosine"":8.0,""var_sine"":8.0}"
8d5804c62f37fff23f5d770aaf526f2257aaaec290bb60005c61700a35349789,,cx_depth,,"{""cov_cos_sin"":6.157258064516129,""cross_candidate_covariance"":null,""formal_ci"":false,""interval_kind"":""ENGINEERING_INTERVAL_ONLY"",""mean_cosine"":15586.3125,""mean_sine"":15586.3125,""n"":32,""quantum_shot_uncertainty"":false,""rare_event_cost_tail"":""UNRESOLVED"",""var_cosine"":6.157258064516129,""var_sine"":6.157258064516129}"
8d5804c62f37fff23f5d770aaf526f2257aaaec290bb60005c61700a35349789,,total_depth,,"{""cov_cos_sin"":60.41532258064516,""cross_candidate_covariance"":null,""formal_ci"":false,""interval_kind"":""ENGINEERING_INTERVAL_ONLY"",""mean_cosine"":31532.8125,""mean_sine"":31532.8125,""n"":32,""quantum_shot_uncertainty"":false,""rare_event_cost_tail"":""UNRESOLVED"",""var_cosine"":60.41532258064516,""var_sine"":60.41532258064516}"
8d5804c62f37fff23f5d770aaf526f2257aaaec290bb60005c61700a35349789,,circuit_size,,"{""cov_cos_sin"":393.33870967741933,""cross_candidate_covariance"":null,""formal_ci"":false,""interval_kind"":""ENGINEERING_INTERVAL_ONLY"",""mean_cosine"":61900.875,""mean_sine"":61900.875,""n"":32,""quantum_shot_uncertainty"":false,""rare_event_cost_tail"":""UNRESOLVED"",""var_cosine"":393.33870967741933,""var_sine"":393.33870967741933}"
8db7bb63b5ad9e3aa871e020c58520330f50c348dc3f60d271a335e47d8e2570,,rz_count,,"{""cov_cos_sin"":104322.38306451614,""cross_candidate_covariance"":null,""formal_ci"":false,""interval_kind"":""ENGINEERING_INTERVAL_ONLY"",""mean_cosine"":1341.4375,""mean_sine"":1341.4375,""n"":32,""quantum_shot_uncertainty"":false,""rare_event_cost_tail"":""UNRESOLVED"",""var_cosine"":104322.38306451614,""var_sine"":104322.38306451614}"
8db7bb63b5ad9e3aa871e020c58520330f50c348dc3f60d271a335e47d8e2570,,rz_depth,,"{""cov_cos_sin"":4422.387096774193,""cross_candidate_covariance"":null,""formal_ci"":false,""interval_kind"":""ENGINEERING_INTERVAL_ONLY"",""mean_cosine"":278.0,""mean_sine"":278.0,""n"":32,""quantum_shot_uncertainty"":false,""rare_event_cost_tail"":""UNRESOLVED"",""var_cosine"":4422.387096774193,""var_sine"":4422.387096774193}"
8db7bb63b5ad9e3aa871e020c58520330f50c348dc3f60d271a335e47d8e2570,,cx_count,,"{""cov_cos_sin"":9054.774193548386,""cross_candidate_covariance"":null,""formal_ci"":false,""interval_kind"":""ENGINEERING_INTERVAL_ONLY"",""mean_cosine"":416.5,""mean_sine"":416.5,""n"":32,""quantum_shot_uncertainty"":false,""rare_event_cost_tail"":""UNRESOLVED"",""var_cosine"":9054.774193548386,""var_sine"":9054.774193548386}"
8db7bb63b5ad9e3aa871e020c58520330f50c348dc3f60d271a335e47d8e2570,,cx_depth,,"{""cov_cos_sin"":1276.2006048387098,""cross_candidate_covariance"":null,""formal_ci"":false,""interval_kind"":""ENGINEERING_INTERVAL_ONLY"",""mean_cosine"":167.15625,""mean_sine"":167.15625,""n"":32,""quantum_shot_uncertainty"":false,""rare_event_cost_tail"":""UNRESOLVED"",""var_cosine"":1276.2006048387098,""var_sine"":1276.2006048387098}"
8db7bb63b5ad9e3aa871e020c58520330f50c348dc3f60d271a335e47d8e2570,,total_depth,,"{""cov_cos_sin"":21709.3377016129,""cross_candidate_covariance"":null,""formal_ci"":false,""interval_kind"":""ENGINEERING_INTERVAL_ONLY"",""mean_cosine"":607.78125,""mean_sine"":607.78125,""n"":32,""quantum_shot_uncertainty"":false,""rare_event_cost_tail"":""UNRESOLVED"",""var_cosine"":21709.3377016129,""var_sine"":21709.3377016129}"
8db7bb63b5ad9e3aa871e020c58520330f50c348dc3f60d271a335e47d8e2570,,circuit_size,,"{""cov_cos_sin"":403093.60887096776,""cross_candidate_covariance"":null,""formal_ci"":false,""interval_kind"":""ENGINEERING_INTERVAL_ONLY"",""mean_cosine"":2557.9375,""mean_sine"":2557.9375,""n"":32,""quantum_shot_uncertainty"":false,""rare_event_cost_tail"":""UNRESOLVED"",""var_cosine"":403093.60887096776,""var_sine"":403093.60887096776}"
8e56ba2ae30e8521b664233eb5ee96cb22d1b5acdece8360e315a446a367530c,,rz_count,,"{""cov_cos_sin"":51836.25705645161,""cross_candidate_covariance"":null,""formal_ci"":false,""interval_kind"":""ENGINEERING_INTERVAL_ONLY"",""mean_cosine"":23768.46875,""mean_sine"":23768.46875,""n"":32,""quantum_shot_uncertainty"":false,""rare_event_cost_tail"":""UNRESOLVED"",""var_cosine"":51836.25705645161,""var_sine"":51836.25705645161}"
8e56ba2ae30e8521b664233eb5ee96cb22d1b5acdece8360e315a446a367530c,,rz_depth,,"{""cov_cos_sin"":2865.608870967742,""cross_candidate_covariance"":null,""formal_ci"":false,""interval_kind"":""ENGINEERING_INTERVAL_ONLY"",""mean_cosine"":10040.5625,""mean_sine"":10040.5625,""n"":32,""quantum_shot_uncertainty"":false,""rare_event_cost_tail"":""UNRESOLVED"",""var_cosine"":2865.608870967742,""var_sine"":2865.608870967742}"
8e56ba2ae30e8521b664233eb5ee96cb22d1b5acdece8360e315a446a367530c,,cx_count,,"{""cov_cos_sin"":4467.080645161291,""cross_candidate_covariance"":null,""formal_ci"":false,""interval_kind"":""ENGINEERING_INTERVAL_ONLY"",""mean_cosine"":12940.125,""mean_sine"":12940.125,""n"":32,""quantum_shot_uncertainty"":false,""rare_event_cost_tail"":""UNRESOLVED"",""var_cosine"":4467.080645161291,""var_sine"":4467.080645161291}"
8e56ba2ae30e8521b664233eb5ee96cb22d1b5acdece8360e315a446a367530c,,cx_depth,,"{""cov_cos_sin"":784.125,""cross_candidate_covariance"":null,""formal_ci"":false,""interval_kind"":""ENGINEERING_INTERVAL_ONLY"",""mean_cosine"":10604.5625,""mean_sine"":10604.5625,""n"":32,""quantum_shot_uncertainty"":false,""rare_event_cost_tail"":""UNRESOLVED"",""var_cosine"":784.125,""var_sine"":784.125}"
8e56ba2ae30e8521b664233eb5ee96cb22d1b5acdece8360e315a446a367530c,,total_depth,,"{""cov_cos_sin"":14013.95060483871,""cross_candidate_covariance"":null,""formal_ci"":false,""interval_kind"":""ENGINEERING_INTERVAL_ONLY"",""mean_cosine"":21880.28125,""mean_sine"":21880.28125,""n"":32,""quantum_shot_uncertainty"":false,""rare_event_cost_tail"":""UNRESOLVED"",""var_cosine"":14013.95060483871,""var_sine"":14013.95060483871}"
8e56ba2ae30e8521b664233eb5ee96cb22d1b5acdece8360e315a446a367530c,,circuit_size,,"{""cov_cos_sin"":210711.35383064515,""cross_candidate_covariance"":null,""formal_ci"":false,""interval_kind"":""ENGINEERING_INTERVAL_ONLY"",""mean_cosine"":45339.46875,""mean_sine"":45339.46875,""n"":32,""quantum_shot_uncertainty"":false,""rare_event_cost_tail"":""UNRESOLVED"",""var_cosine"":210711.35383064515,""var_sine"":210711.35383064515}"
8f671e3db6ee05e1becf6b2ce0315908fa37d553fe3d98e9497f7e0f65d368f6,,rz_count,,"{""cov_cos_sin"":41.886088709677416,""cross_candidate_covariance"":null,""formal_ci"":false,""interval_kind"":""ENGINEERING_INTERVAL_ONLY"",""mean_cosine"":65104.71875,""mean_sine"":65104.71875,""n"":32,""quantum_shot_uncertainty"":false,""rare_event_cost_tail"":""UNRESOLVED"",""var_cosine"":41.886088709677416,""var_sine"":41.886088709677416}"
8f671e3db6ee05e1becf6b2ce0315908fa37d553fe3d98e9497f7e0f65d368f6,,rz_depth,,"{""cov_cos_sin"":36.641129032258064,""cross_candidate_covariance"":null,""formal_ci"":false,""interval_kind"":""ENGINEERING_INTERVAL_ONLY"",""mean_cosine"":29309.5625,""mean_sine"":29309.5625,""n"":32,""quantum_shot_uncertainty"":false,""rare_event_cost_tail"":""UNRESOLVED"",""var_cosine"":36.641129032258064,""var_sine"":36.641129032258064}"
8f671e3db6ee05e1becf6b2ce0315908fa37d553fe3d98e9497f7e0f65d368f6,,cx_count,,"{""cov_cos_sin"":0.0,""cross_candidate_covariance"":null,""formal_ci"":false,""interval_kind"":""ENGINEERING_INTERVAL_ONLY"",""mean_cosine"":37200.0,""mean_sine"":37200.0,""n"":32,""quantum_shot_uncertainty"":false,""rare_event_cost_tail"":""UNRESOLVED"",""var_cosine"":0.0,""var_sine"":0.0}"
8f671e3db6ee05e1becf6b2ce0315908fa37d553fe3d98e9497f7e0f65d368f6,,cx_depth,,"{""cov_cos_sin"":15.44758064516129,""cross_candidate_covariance"":null,""formal_ci"":false,""interval_kind"":""ENGINEERING_INTERVAL_ONLY"",""mean_cosine"":31566.6875,""mean_sine"":31566.6875,""n"":32,""quantum_shot_uncertainty"":false,""rare_event_cost_tail"":""UNRESOLVED"",""var_cosine"":15.44758064516129,""var_sine"":15.44758064516129}"
8f671e3db6ee05e1becf6b2ce0315908fa37d553fe3d98e9497f7e0f65d368f6,,total_depth,,"{""cov_cos_sin"":146.9022177419355,""cross_candidate_covariance"":null,""formal_ci"":false,""interval_kind"":""ENGINEERING_INTERVAL_ONLY"",""mean_cosine"":63753.53125,""mean_sine"":63753.53125,""n"":32,""quantum_shot_uncertainty"":false,""rare_event_cost_tail"":""UNRESOLVED"",""var_cosine"":146.9022177419355,""var_sine"":146.9022177419355}"
8f671e3db6ee05e1becf6b2ce0315908fa37d553fe3d98e9497f7e0f65d368f6,,circuit_size,,"{""cov_cos_sin"":102.8991935483871,""cross_candidate_covariance"":null,""formal_ci"":false,""interval_kind"":""ENGINEERING_INTERVAL_ONLY"",""mean_cosine"":124365.0625,""mean_sine"":124365.0625,""n"":32,""quantum_shot_uncertainty"":false,""rare_event_cost_tail"":""UNRESOLVED"",""var_cosine"":102.8991935483871,""var_sine"":102.8991935483871}"
90ed4abcfcb472ebb81f150bd1c1d6570e02f8a443d1ccaa394caaff9144dc40,,rz_count,,"{""cov_cos_sin"":330167.9314516129,""cross_candidate_covariance"":null,""formal_ci"":false,""interval_kind"":""ENGINEERING_INTERVAL_ONLY"",""mean_cosine"":24603.0625,""mean_sine"":24603.0625,""n"":32,""quantum_shot_uncertainty"":false,""rare_event_cost_tail"":""UNRESOLVED"",""var_cosine"":330167.9314516129,""var_sine"":330167.9314516129}"
90ed4abcfcb472ebb81f150bd1c1d6570e02f8a443d1ccaa394caaff9144dc40,,rz_depth,,"{""cov_cos_sin"":14125.192540322581,""cross_candidate_covariance"":null,""formal_ci"":false,""interval_kind"":""ENGINEERING_INTERVAL_ONLY"",""mean_cosine"":10255.03125,""mean_sine"":10255.03125,""n"":32,""quantum_shot_uncertainty"":false,""rare_event_cost_tail"":""UNRESOLVED"",""var_cosine"":14125.192540322581,""var_sine"":14125.192540322581}"
90ed4abcfcb472ebb81f150bd1c1d6570e02f8a443d1ccaa394caaff9144dc40,,cx_count,,"{""cov_cos_sin"":28521.060483870966,""cross_candidate_covariance"":null,""formal_ci"":false,""interval_kind"":""ENGINEERING_INTERVAL_ONLY"",""mean_cosine"":13247.6875,""mean_sine"":13247.6875,""n"":32,""quantum_shot_uncertainty"":false,""rare_event_cost_tail"":""UNRESOLVED"",""var_cosine"":28521.060483870966,""var_sine"":28521.060483870966}"
90ed4abcfcb472ebb81f150bd1c1d6570e02f8a443d1ccaa394caaff9144dc40,,cx_depth,,"{""cov_cos_sin"":3863.3538306451615,""cross_candidate_covariance"":null,""formal_ci"":false,""interval_kind"":""ENGINEERING_INTERVAL_ONLY"",""mean_cosine"":10774.46875,""mean_sine"":10774.46875,""n"":32,""quantum_shot_uncertainty"":false,""rare_event_cost_tail"":""UNRESOLVED"",""var_cosine"":3863.3538306451615,""var_sine"":3863.3538306451615}"
90ed4abcfcb472ebb81f150bd1c1d6570e02f8a443d1ccaa394caaff9144dc40,,total_depth,,"{""cov_cos_sin"":69343.33870967742,""cross_candidate_covariance"":null,""formal_ci"":false,""interval_kind"":""ENGINEERING_INTERVAL_ONLY"",""mean_cosine"":22349.875,""mean_sine"":22349.875,""n"":32,""quantum_shot_uncertainty"":false,""rare_event_cost_tail"":""UNRESOLVED"",""var_cosine"":69343.33870967742,""var_sine"":69343.33870967742}"
90ed4abcfcb472ebb81f150bd1c1d6570e02f8a443d1ccaa394caaff9144dc40,,circuit_size,,"{""cov_cos_sin"":1299225.4425403227,""cross_candidate_covariance"":null,""formal_ci"":false,""interval_kind"":""ENGINEERING_INTERVAL_ONLY"",""mean_cosine"":46988.09375,""mean_sine"":46988.09375,""n"":32,""quantum_shot_uncertainty"":false,""rare_event_cost_tail"":""UNRESOLVED"",""var_cosine"":1299225.4425403227,""var_sine"":1299225.4425403227}"
918dfe844674bba518736eb21e65014f0413e1a561fa15b4617caa6fb75a5a11,,rz_count,,"{""cov_cos_sin"":292974.7056451613,""cross_candidate_covariance"":null,""formal_ci"":false,""interval_kind"":""ENGINEERING_INTERVAL_ONLY"",""mean_cosine"":1893.9375,""mean_sine"":1893.9375,""n"":32,""quantum_shot_uncertainty"":false,""rare_event_cost_tail"":""UNRESOLVED"",""var_cosine"":292974.7056451613,""var_sine"":292974.7056451613}"
918dfe844674bba518736eb21e65014f0413e1a561fa15b4617caa6fb75a5a11,,rz_depth,,"{""cov_cos_sin"":11468.834677419354,""cross_candidate_covariance"":null,""formal_ci"":false,""interval_kind"":""ENGINEERING_INTERVAL_ONLY"",""mean_cosine"":402.0625,""mean_sine"":402.0625,""n"":32,""quantum_shot_uncertainty"":false,""rare_event_cost_tail"":""UNRESOLVED"",""var_cosine"":11468.834677419354,""var_sine"":11468.834677419354}"
918dfe844674bba518736eb21e65014f0413e1a561fa15b4617caa6fb75a5a11,,cx_count,,"{""cov_cos_sin"":26492.0,""cross_candidate_covariance"":null,""formal_ci"":false,""interval_kind"":""ENGINEERING_INTERVAL_ONLY"",""mean_cosine"":593.0,""mean_sine"":593.0,""n"":32,""quantum_shot_uncertainty"":false,""rare_event_cost_tail"":""UNRESOLVED"",""var_cosine"":26492.0,""var_sine"":26492.0}"
918dfe844674bba518736eb21e65014f0413e1a561fa15b4617caa6fb75a5a11,,cx_depth,,"{""cov_cos_sin"":3768.5806451612902,""cross_candidate_covariance"":null,""formal_ci"":false,""interval_kind"":""ENGINEERING_INTERVAL_ONLY"",""mean_cosine"":246.75,""mean_sine"":246.75,""n"":32,""quantum_shot_uncertainty"":false,""rare_event_cost_tail"":""UNRESOLVED"",""var_cosine"":3768.5806451612902,""var_sine"":3768.5806451612902}"
918dfe844674bba518736eb21e65014f0413e1a561fa15b4617caa6fb75a5a11,,total_depth,,"{""cov_cos_sin"":57181.10383064516,""cross_candidate_covariance"":null,""formal_ci"":false,""interval_kind"":""ENGINEERING_INTERVAL_ONLY"",""mean_cosine"":882.84375,""mean_sine"":882.84375,""n"":32,""quantum_shot_uncertainty"":false,""rare_event_cost_tail"":""UNRESOLVED"",""var_cosine"":57181.10383064516,""var_sine"":57181.10383064516}"
918dfe844674bba518736eb21e65014f0413e1a561fa15b4617caa6fb75a5a11,,circuit_size,,"{""cov_cos_sin"":1137947.0927419355,""cross_candidate_covariance"":null,""formal_ci"":false,""interval_kind"":""ENGINEERING_INTERVAL_ONLY"",""mean_cosine"":3639.9375,""mean_sine"":3639.9375,""n"":32,""quantum_shot_uncertainty"":false,""rare_event_cost_tail"":""UNRESOLVED"",""var_cosine"":1137947.0927419355,""var_sine"":1137947.0927419355}"
91eada46941a69e34c2c216123e73683d25a6af4d03d6759f21787869f34906a,,rz_count,,"{""cov_cos_sin"":370.99899193548384,""cross_candidate_covariance"":null,""formal_ci"":false,""interval_kind"":""ENGINEERING_INTERVAL_ONLY"",""mean_cosine"":32251.96875,""mean_sine"":32251.96875,""n"":32,""quantum_shot_uncertainty"":false,""rare_event_cost_tail"":""UNRESOLVED"",""var_cosine"":370.99899193548384,""var_sine"":370.99899193548384}"
91eada46941a69e34c2c216123e73683d25a6af4d03d6759f21787869f34906a,,rz_depth,,"{""cov_cos_sin"":5.023185483870968,""cross_candidate_covariance"":null,""formal_ci"":false,""interval_kind"":""ENGINEERING_INTERVAL_ONLY"",""mean_cosine"":14394.59375,""mean_sine"":14394.59375,""n"":32,""quantum_shot_uncertainty"":false,""rare_event_cost_tail"":""UNRESOLVED"",""var_cosine"":5.023185483870968,""var_sine"":5.023185483870968}"
91eada46941a69e34c2c216123e73683d25a6af4d03d6759f21787869f34906a,,cx_count,,"{""cov_cos_sin"":22.451612903225808,""cross_candidate_covariance"":null,""formal_ci"":false,""interval_kind"":""ENGINEERING_INTERVAL_ONLY"",""mean_cosine"":18310.5,""mean_sine"":18310.5,""n"":32,""quantum_shot_uncertainty"":false,""rare_event_cost_tail"":""UNRESOLVED"",""var_cosine"":22.451612903225808,""var_sine"":22.451612903225808}"
91eada46941a69e34c2c216123e73683d25a6af4d03d6759f21787869f34906a,,cx_depth,,"{""cov_cos_sin"":1.6441532258064515,""cross_candidate_covariance"":null,""formal_ci"":false,""interval_kind"":""ENGINEERING_INTERVAL_ONLY"",""mean_cosine"":15478.96875,""mean_sine"":15478.96875,""n"":32,""quantum_shot_uncertainty"":false,""rare_event_cost_tail"":""UNRESOLVED"",""var_cosine"":1.6441532258064515,""var_sine"":1.6441532258064515}"
91eada46941a69e34c2c216123e73683d25a6af4d03d6759f21787869f34906a,,total_depth,,"{""cov_cos_sin"":28.758064516129032,""cross_candidate_covariance"":null,""formal_ci"":false,""interval_kind"":""ENGINEERING_INTERVAL_ONLY"",""mean_cosine"":31330.625,""mean_sine"":31330.625,""n"":32,""quantum_shot_uncertainty"":false,""rare_event_cost_tail"":""UNRESOLVED"",""var_cosine"":28.758064516129032,""var_sine"":28.758064516129032}"
91eada46941a69e34c2c216123e73683d25a6af4d03d6759f21787869f34906a,,circuit_size,,"{""cov_cos_sin"":1274.7409274193549,""cross_candidate_covariance"":null,""formal_ci"":false,""interval_kind"":""ENGINEERING_INTERVAL_ONLY"",""mean_cosine"":61611.03125,""mean_sine"":61611.03125,""n"":32,""quantum_shot_uncertainty"":false,""rare_event_cost_tail"":""UNRESOLVED"",""var_cosine"":1274.7409274193549,""var_sine"":1274.7409274193549}"
92735bdef2a99ce6e10b1b31fb84540c69267e99e786e03882f6e62e2860a785,,rz_count,,"{""cov_cos_sin"":59.189516129032256,""cross_candidate_covariance"":null,""formal_ci"":false,""interval_kind"":""ENGINEERING_INTERVAL_ONLY"",""mean_cosine"":128703.3125,""mean_sine"":128703.3125,""n"":32,""quantum_shot_uncertainty"":false,""rare_event_cost_tail"":""UNRESOLVED"",""var_cosine"":59.189516129032256,""var_sine"":59.189516129032256}"
92735bdef2a99ce6e10b1b31fb84540c69267e99e786e03882f6e62e2860a785,,rz_depth,,"{""cov_cos_sin"":42.41028225806452,""cross_candidate_covariance"":null,""formal_ci"":false,""interval_kind"":""ENGINEERING_INTERVAL_ONLY"",""mean_cosine"":57774.09375,""mean_sine"":57774.09375,""n"":32,""quantum_shot_uncertainty"":false,""rare_event_cost_tail"":""UNRESOLVED"",""var_cosine"":42.41028225806452,""var_sine"":42.41028225806452}"
92735bdef2a99ce6e10b1b31fb84540c69267e99e786e03882f6e62e2860a785,,cx_count,,"{""cov_cos_sin"":0.0,""cross_candidate_covariance"":null,""formal_ci"":false,""interval_kind"":""ENGINEERING_INTERVAL_ONLY"",""mean_cosine"":73408.0,""mean_sine"":73408.0,""n"":32,""quantum_shot_uncertainty"":false,""rare_event_cost_tail"":""UNRESOLVED"",""var_cosine"":0.0,""var_sine"":0.0}"
92735bdef2a99ce6e10b1b31fb84540c69267e99e786e03882f6e62e2860a785,,cx_depth,,"{""cov_cos_sin"":21.286290322580644,""cross_candidate_covariance"":null,""formal_ci"":false,""interval_kind"":""ENGINEERING_INTERVAL_ONLY"",""mean_cosine"":62228.4375,""mean_sine"":62228.4375,""n"":32,""quantum_shot_uncertainty"":false,""rare_event_cost_tail"":""UNRESOLVED"",""var_cosine"":21.286290322580644,""var_sine"":21.286290322580644}"
92735bdef2a99ce6e10b1b31fb84540c69267e99e786e03882f6e62e2860a785,,total_depth,,"{""cov_cos_sin"":207.18447580645162,""cross_candidate_covariance"":null,""formal_ci"":false,""interval_kind"":""ENGINEERING_INTERVAL_ONLY"",""mean_cosine"":125728.90625,""mean_sine"":125728.90625,""n"":32,""quantum_shot_uncertainty"":false,""rare_event_cost_tail"":""UNRESOLVED"",""var_cosine"":207.18447580645162,""var_sine"":207.18447580645162}"
92735bdef2a99ce6e10b1b31fb84540c69267e99e786e03882f6e62e2860a785,,circuit_size,,"{""cov_cos_sin"":138.89415322580646,""cross_candidate_covariance"":null,""formal_ci"":false,""interval_kind"":""ENGINEERING_INTERVAL_ONLY"",""mean_cosine"":245911.40625,""mean_sine"":245911.40625,""n"":32,""quantum_shot_uncertainty"":false,""rare_event_cost_tail"":""UNRESOLVED"",""var_cosine"":138.89415322580646,""var_sine"":138.89415322580646}"
92a14248d5e875c5b94ed1727cbdd7c4708b188c9726600a11083038d44be726,,rz_count,,"{""cov_cos_sin"":334775.3830645161,""cross_candidate_covariance"":null,""formal_ci"":false,""interval_kind"":""ENGINEERING_INTERVAL_ONLY"",""mean_cosine"":5225.3125,""mean_sine"":5225.3125,""n"":32,""quantum_shot_uncertainty"":false,""rare_event_cost_tail"":""UNRESOLVED"",""var_cosine"":334775.3830645161,""var_sine"":334775.3830645161}"
92a14248d5e875c5b94ed1727cbdd7c4708b188c9726600a11083038d44be726,,rz_depth,,"{""cov_cos_sin"":11456.902217741936,""cross_candidate_covariance"":null,""formal_ci"":false,""interval_kind"":""ENGINEERING_INTERVAL_ONLY"",""mean_cosine"":1137.46875,""mean_sine"":1137.46875,""n"":32,""quantum_shot_uncertainty"":false,""rare_event_cost_tail"":""UNRESOLVED"",""var_cosine"":11456.902217741936,""var_sine"":11456.902217741936}"
92a14248d5e875c5b94ed1727cbdd7c4708b188c9726600a11083038d44be726,,cx_count,,"{""cov_cos_sin"":30777.09677419355,""cross_candidate_covariance"":null,""formal_ci"":false,""interval_kind"":""ENGINEERING_INTERVAL_ONLY"",""mean_cosine"":1661.5,""mean_sine"":1661.5,""n"":32,""quantum_shot_uncertainty"":false,""rare_event_cost_tail"":""UNRESOLVED"",""var_cosine"":30777.09677419355,""var_sine"":30777.09677419355}"
92a14248d5e875c5b94ed1727cbdd7c4708b188c9726600a11083038d44be726,,cx_depth,,"{""cov_cos_sin"":4084.1290322580644,""cross_candidate_covariance"":null,""formal_ci"":false,""interval_kind"":""ENGINEERING_INTERVAL_ONLY"",""mean_cosine"":699.5,""mean_sine"":699.5,""n"":32,""quantum_shot_uncertainty"":false,""rare_event_cost_tail"":""UNRESOLVED"",""var_cosine"":4084.1290322580644,""var_sine"":4084.1290322580644}"
92a14248d5e875c5b94ed1727cbdd7c4708b188c9726600a11083038d44be726,,total_depth,,"{""cov_cos_sin"":58104.77318548387,""cross_candidate_covariance"":null,""formal_ci"":false,""interval_kind"":""ENGINEERING_INTERVAL_ONLY"",""mean_cosine"":2478.53125,""mean_sine"":2478.53125,""n"":32,""quantum_shot_uncertainty"":false,""rare_event_cost_tail"":""UNRESOLVED"",""var_cosine"":58104.77318548387,""var_sine"":58104.77318548387}"
92a14248d5e875c5b94ed1727cbdd7c4708b188c9726600a11083038d44be726,,circuit_size,,"{""cov_cos_sin"":1281489.103830645,""cross_candidate_covariance"":null,""formal_ci"":false,""interval_kind"":""ENGINEERING_INTERVAL_ONLY"",""mean_cosine"":9932.84375,""mean_sine"":9932.84375,""n"":32,""quantum_shot_uncertainty"":false,""rare_event_cost_tail"":""UNRESOLVED"",""var_cosine"":1281489.103830645,""var_sine"":1281489.103830645}"
9a6fcf15d704dbb8e5254b4a087963f23e5d63154ed11e66a8f7b811f7647ee8,,rz_count,,"{""cov_cos_sin"":19.21673387096774,""cross_candidate_covariance"":null,""formal_ci"":false,""interval_kind"":""ENGINEERING_INTERVAL_ONLY"",""mean_cosine"":32409.40625,""mean_sine"":32409.40625,""n"":32,""quantum_shot_uncertainty"":false,""rare_event_cost_tail"":""UNRESOLVED"",""var_cosine"":19.21673387096774,""var_sine"":19.21673387096774}"
9a6fcf15d704dbb8e5254b4a087963f23e5d63154ed11e66a8f7b811f7647ee8,,rz_depth,,"{""cov_cos_sin"":14.934475806451612,""cross_candidate_covariance"":null,""formal_ci"":false,""interval_kind"":""ENGINEERING_INTERVAL_ONLY"",""mean_cosine"":14493.03125,""mean_sine"":14493.03125,""n"":32,""quantum_shot_uncertainty"":false,""rare_event_cost_tail"":""UNRESOLVED"",""var_cosine"":14.934475806451612,""var_sine"":14.934475806451612}"
9a6fcf15d704dbb8e5254b4a087963f23e5d63154ed11e66a8f7b811f7647ee8,,cx_count,,"{""cov_cos_sin"":0.0,""cross_candidate_covariance"":null,""formal_ci"":false,""interval_kind"":""ENGINEERING_INTERVAL_ONLY"",""mean_cosine"":18424.0,""mean_sine"":18424.0,""n"":32,""quantum_shot_uncertainty"":false,""rare_event_cost_tail"":""UNRESOLVED"",""var_cosine"":0.0,""var_sine"":0.0}"
9a6fcf15d704dbb8e5254b4a087963f23e5d63154ed11e66a8f7b811f7647ee8,,cx_depth,,"{""cov_cos_sin"":4.370967741935484,""cross_candidate_covariance"":null,""formal_ci"":false,""interval_kind"":""ENGINEERING_INTERVAL_ONLY"",""mean_cosine"":15588.125,""mean_sine"":15588.125,""n"":32,""quantum_shot_uncertainty"":false,""rare_event_cost_tail"":""UNRESOLVED"",""var_cosine"":4.370967741935484,""var_sine"":4.370967741935484}"
9a6fcf15d704dbb8e5254b4a087963f23e5d63154ed11e66a8f7b811f7647ee8,,total_depth,,"{""cov_cos_sin"":67.41834677419355,""cross_candidate_covariance"":null,""formal_ci"":false,""interval_kind"":""ENGINEERING_INTERVAL_ONLY"",""mean_cosine"":31538.53125,""mean_sine"":31538.53125,""n"":32,""quantum_shot_uncertainty"":false,""rare_event_cost_tail"":""UNRESOLVED"",""var_cosine"":67.41834677419355,""var_sine"":67.41834677419355}"
9a6fcf15d704dbb8e5254b4a087963f23e5d63154ed11e66a8f7b811f7647ee8,,circuit_size,,"{""cov_cos_sin"":39.274193548387096,""cross_candidate_covariance"":null,""formal_ci"":false,""interval_kind"":""ENGINEERING_INTERVAL_ONLY"",""mean_cosine"":61906.375,""mean_sine"":61906.375,""n"":32,""quantum_shot_uncertainty"":false,""rare_event_cost_tail"":""UNRESOLVED"",""var_cosine"":39.274193548387096,""var_sine"":39.274193548387096}"
9b7172074e0cf2315b476e8ffade7716829fb6bab7562a99a04027db13f38aba,,rz_count,,"{""cov_cos_sin"":464872.71673387097,""cross_candidate_covariance"":null,""formal_ci"":false,""interval_kind"":""ENGINEERING_INTERVAL_ONLY"",""mean_cosine"":2353.15625,""mean_sine"":2353.15625,""n"":32,""quantum_shot_uncertainty"":false,""rare_event_cost_tail"":""UNRESOLVED"",""var_cosine"":464872.71673387097,""var_sine"":464872.71673387097}"
9b7172074e0cf2315b476e8ffade7716829fb6bab7562a99a04027db13f38aba,,rz_depth,,"{""cov_cos_sin"":20273.673387096773,""cross_candidate_covariance"":null,""formal_ci"":false,""interval_kind"":""ENGINEERING_INTERVAL_ONLY"",""mean_cosine"":510.9375,""mean_sine"":510.9375,""n"":32,""quantum_shot_uncertainty"":false,""rare_event_cost_tail"":""UNRESOLVED"",""var_cosine"":20273.673387096773,""var_sine"":20273.673387096773}"
9b7172074e0cf2315b476e8ffade7716829fb6bab7562a99a04027db13f38aba,,cx_count,,"{""cov_cos_sin"":41225.61189516129,""cross_candidate_covariance"":null,""formal_ci"":false,""interval_kind"":""ENGINEERING_INTERVAL_ONLY"",""mean_cosine"":745.53125,""mean_sine"":745.53125,""n"":32,""quantum_shot_uncertainty"":false,""rare_event_cost_tail"":""UNRESOLVED"",""var_cosine"":41225.61189516129,""var_sine"":41225.61189516129}"
9b7172074e0cf2315b476e8ffade7716829fb6bab7562a99a04027db13f38aba,,cx_depth,,"{""cov_cos_sin"":5964.903225806452,""cross_candidate_covariance"":null,""formal_ci"":false,""interval_kind"":""ENGINEERING_INTERVAL_ONLY"",""mean_cosine"":317.75,""mean_sine"":317.75,""n"":32,""quantum_shot_uncertainty"":false,""rare_event_cost_tail"":""UNRESOLVED"",""var_cosine"":5964.903225806452,""var_sine"":5964.903225806452}"
9b7172074e0cf2315b476e8ffade7716829fb6bab7562a99a04027db13f38aba,,total_depth,,"{""cov_cos_sin"":97850.7741935484,""cross_candidate_covariance"":null,""formal_ci"":false,""interval_kind"":""ENGINEERING_INTERVAL_ONLY"",""mean_cosine"":1118.0,""mean_sine"":1118.0,""n"":32,""quantum_shot_uncertainty"":false,""rare_event_cost_tail"":""UNRESOLVED"",""var_cosine"":97850.7741935484,""var_sine"":97850.7741935484}"
9b7172074e0cf2315b476e8ffade7716829fb6bab7562a99a04027db13f38aba,,circuit_size,,"{""cov_cos_sin"":1758304.1764112904,""cross_candidate_covariance"":null,""formal_ci"":false,""interval_kind"":""ENGINEERING_INTERVAL_ONLY"",""mean_cosine"":4514.78125,""mean_sine"":4514.78125,""n"":32,""quantum_shot_uncertainty"":false,""rare_event_cost_tail"":""UNRESOLVED"",""var_cosine"":1758304.1764112904,""var_sine"":1758304.1764112904}"
9cb0aaf0994f8e79edd0fdd24bc651f5e818d8afd45e768d9b780da5ade77cad,,rz_count,,"{""cov_cos_sin"":0.0,""cross_candidate_covariance"":null,""formal_ci"":false,""interval_kind"":""ENGINEERING_INTERVAL_ONLY"",""mean_cosine"":20854.0,""mean_sine"":20854.0,""n"":1,""quantum_shot_uncertainty"":false,""rare_event_cost_tail"":""UNRESOLVED"",""var_cosine"":0.0,""var_sine"":0.0}"
9cb0aaf0994f8e79edd0fdd24bc651f5e818d8afd45e768d9b780da5ade77cad,,rz_depth,,"{""cov_cos_sin"":0.0,""cross_candidate_covariance"":null,""formal_ci"":false,""interval_kind"":""ENGINEERING_INTERVAL_ONLY"",""mean_cosine"":9461.0,""mean_sine"":9461.0,""n"":1,""quantum_shot_uncertainty"":false,""rare_event_cost_tail"":""UNRESOLVED"",""var_cosine"":0.0,""var_sine"":0.0}"
9cb0aaf0994f8e79edd0fdd24bc651f5e818d8afd45e768d9b780da5ade77cad,,cx_count,,"{""cov_cos_sin"":0.0,""cross_candidate_covariance"":null,""formal_ci"":false,""interval_kind"":""ENGINEERING_INTERVAL_ONLY"",""mean_cosine"":12032.0,""mean_sine"":12032.0,""n"":1,""quantum_shot_uncertainty"":false,""rare_event_cost_tail"":""UNRESOLVED"",""var_cosine"":0.0,""var_sine"":0.0}"
9cb0aaf0994f8e79edd0fdd24bc651f5e818d8afd45e768d9b780da5ade77cad,,cx_depth,,"{""cov_cos_sin"":0.0,""cross_candidate_covariance"":null,""formal_ci"":false,""interval_kind"":""ENGINEERING_INTERVAL_ONLY"",""mean_cosine"":10252.0,""mean_sine"":10252.0,""n"":1,""quantum_shot_uncertainty"":false,""rare_event_cost_tail"":""UNRESOLVED"",""var_cosine"":0.0,""var_sine"":0.0}"
9cb0aaf0994f8e79edd0fdd24bc651f5e818d8afd45e768d9b780da5ade77cad,,total_depth,,"{""cov_cos_sin"":0.0,""cross_candidate_covariance"":null,""formal_ci"":false,""interval_kind"":""ENGINEERING_INTERVAL_ONLY"",""mean_cosine"":20618.0,""mean_sine"":20618.0,""n"":1,""quantum_shot_uncertainty"":false,""rare_event_cost_tail"":""UNRESOLVED"",""var_cosine"":0.0,""var_sine"":0.0}"
9cb0aaf0994f8e79edd0fdd24bc651f5e818d8afd45e768d9b780da5ade77cad,,circuit_size,,"{""cov_cos_sin"":0.0,""cross_candidate_covariance"":null,""formal_ci"":false,""interval_kind"":""ENGINEERING_INTERVAL_ONLY"",""mean_cosine"":39685.0,""mean_sine"":39685.0,""n"":1,""quantum_shot_uncertainty"":false,""rare_event_cost_tail"":""UNRESOLVED"",""var_cosine"":0.0,""var_sine"":0.0}"
9dd3c6bce30ced31980a597b9120a6605cbe0472ecd67ddef5fb8b650ba3547d,,rz_count,,"{""cov_cos_sin"":13841.136088709678,""cross_candidate_covariance"":null,""formal_ci"":false,""interval_kind"":""ENGINEERING_INTERVAL_ONLY"",""mean_cosine"":11484.34375,""mean_sine"":11484.34375,""n"":32,""quantum_shot_uncertainty"":false,""rare_event_cost_tail"":""UNRESOLVED"",""var_cosine"":13841.136088709678,""var_sine"":13841.136088709678}"
9dd3c6bce30ced31980a597b9120a6605cbe0472ecd67ddef5fb8b650ba3547d,,rz_depth,,"{""cov_cos_sin"":708.78125,""cross_candidate_covariance"":null,""formal_ci"":false,""interval_kind"":""ENGINEERING_INTERVAL_ONLY"",""mean_cosine"":4946.84375,""mean_sine"":4946.84375,""n"":32,""quantum_shot_uncertainty"":false,""rare_event_cost_tail"":""UNRESOLVED"",""var_cosine"":708.78125,""var_sine"":708.78125}"
9dd3c6bce30ced31980a597b9120a6605cbe0472ecd67ddef5fb8b650ba3547d,,cx_count,,"{""cov_cos_sin"":1244.5120967741937,""cross_candidate_covariance"":null,""formal_ci"":false,""interval_kind"":""ENGINEERING_INTERVAL_ONLY"",""mean_cosine"":6354.0625,""mean_sine"":6354.0625,""n"":32,""quantum_shot_uncertainty"":false,""rare_event_cost_tail"":""UNRESOLVED"",""var_cosine"":1244.5120967741937,""var_sine"":1244.5120967741937}"
9dd3c6bce30ced31980a597b9120a6605cbe0472ecd67ddef5fb8b650ba3547d,,cx_depth,,"{""cov_cos_sin"":239.80241935483872,""cross_candidate_covariance"":null,""formal_ci"":false,""interval_kind"":""ENGINEERING_INTERVAL_ONLY"",""mean_cosine"":5270.4375,""mean_sine"":5270.4375,""n"":32,""quantum_shot_uncertainty"":false,""rare_event_cost_tail"":""UNRESOLVED"",""var_cosine"":239.80241935483872,""var_sine"":239.80241935483872}"
9dd3c6bce30ced31980a597b9120a6605cbe0472ecd67ddef5fb8b650ba3547d,,total_depth,,"{""cov_cos_sin"":3269.548387096774,""cross_candidate_covariance"":null,""formal_ci"":false,""interval_kind"":""ENGINEERING_INTERVAL_ONLY"",""mean_cosine"":10770.0,""mean_sine"":10770.0,""n"":32,""quantum_shot_uncertainty"":false,""rare_event_cost_tail"":""UNRESOLVED"",""var_cosine"":3269.548387096774,""var_sine"":3269.548387096774}"
9dd3c6bce30ced31980a597b9120a6605cbe0472ecd67ddef5fb8b650ba3547d,,circuit_size,,"{""cov_cos_sin"":52436.028225806454,""cross_candidate_covariance"":null,""formal_ci"":false,""interval_kind"":""ENGINEERING_INTERVAL_ONLY"",""mean_cosine"":21950.8125,""mean_sine"":21950.8125,""n"":32,""quantum_shot_uncertainty"":false,""rare_event_cost_tail"":""UNRESOLVED"",""var_cosine"":52436.028225806454,""var_sine"":52436.028225806454}"
9ec97d08a230b48e959eb7f5084fe00655cf97d80ba3307025097d092fd8d4d9,,rz_count,,"{""cov_cos_sin"":0.0,""cross_candidate_covariance"":null,""formal_ci"":false,""interval_kind"":""ENGINEERING_INTERVAL_ONLY"",""mean_cosine"":15609.0,""mean_sine"":15609.0,""n"":1,""quantum_shot_uncertainty"":false,""rare_event_cost_tail"":""UNRESOLVED"",""var_cosine"":0.0,""var_sine"":0.0}"
9ec97d08a230b48e959eb7f5084fe00655cf97d80ba3307025097d092fd8d4d9,,rz_depth,,"{""cov_cos_sin"":0.0,""cross_candidate_covariance"":null,""formal_ci"":false,""interval_kind"":""ENGINEERING_INTERVAL_ONLY"",""mean_cosine"":7073.0,""mean_sine"":7073.0,""n"":1,""quantum_shot_uncertainty"":false,""rare_event_cost_tail"":""UNRESOLVED"",""var_cosine"":0.0,""var_sine"":0.0}"
9ec97d08a230b48e959eb7f5084fe00655cf97d80ba3307025097d092fd8d4d9,,cx_count,,"{""cov_cos_sin"":0.0,""cross_candidate_covariance"":null,""formal_ci"":false,""interval_kind"":""ENGINEERING_INTERVAL_ONLY"",""mean_cosine"":8976.0,""mean_sine"":8976.0,""n"":1,""quantum_shot_uncertainty"":false,""rare_event_cost_tail"":""UNRESOLVED"",""var_cosine"":0.0,""var_sine"":0.0}"
9ec97d08a230b48e959eb7f5084fe00655cf97d80ba3307025097d092fd8d4d9,,cx_depth,,"{""cov_cos_sin"":0.0,""cross_candidate_covariance"":null,""formal_ci"":false,""interval_kind"":""ENGINEERING_INTERVAL_ONLY"",""mean_cosine"":7647.0,""mean_sine"":7647.0,""n"":1,""quantum_shot_uncertainty"":false,""rare_event_cost_tail"":""UNRESOLVED"",""var_cosine"":0.0,""var_sine"":0.0}"
9ec97d08a230b48e959eb7f5084fe00655cf97d80ba3307025097d092fd8d4d9,,total_depth,,"{""cov_cos_sin"":0.0,""cross_candidate_covariance"":null,""formal_ci"":false,""interval_kind"":""ENGINEERING_INTERVAL_ONLY"",""mean_cosine"":15390.0,""mean_sine"":15390.0,""n"":1,""quantum_shot_uncertainty"":false,""rare_event_cost_tail"":""UNRESOLVED"",""var_cosine"":0.0,""var_sine"":0.0}"
9ec97d08a230b48e959eb7f5084fe00655cf97d80ba3307025097d092fd8d4d9,,circuit_size,,"{""cov_cos_sin"":0.0,""cross_candidate_covariance"":null,""formal_ci"":false,""interval_kind"":""ENGINEERING_INTERVAL_ONLY"",""mean_cosine"":29764.0,""mean_sine"":29764.0,""n"":1,""quantum_shot_uncertainty"":false,""rare_event_cost_tail"":""UNRESOLVED"",""var_cosine"":0.0,""var_sine"":0.0}"
9feb7b75a61651992917ebc41e6b410eb6c6942213237eb566c049cd884377a8,,rz_count,,"{""cov_cos_sin"":9897605.61189516,""cross_candidate_covariance"":null,""formal_ci"":false,""interval_kind"":""ENGINEERING_INTERVAL_ONLY"",""mean_cosine"":31993.53125,""mean_sine"":31993.53125,""n"":32,""quantum_shot_uncertainty"":false,""rare_event_cost_tail"":""UNRESOLVED"",""var_cosine"":9897605.61189516,""var_sine"":9897605.61189516}"
9feb7b75a61651992917ebc41e6b410eb6c6942213237eb566c049cd884377a8,,rz_depth,,"{""cov_cos_sin"":456136.99596774194,""cross_candidate_covariance"":null,""formal_ci"":false,""interval_kind"":""ENGINEERING_INTERVAL_ONLY"",""mean_cosine"":7330.6875,""mean_sine"":7330.6875,""n"":32,""quantum_shot_uncertainty"":false,""rare_event_cost_tail"":""UNRESOLVED"",""var_cosine"":456136.99596774194,""var_sine"":456136.99596774194}"
9feb7b75a61651992917ebc41e6b410eb6c6942213237eb566c049cd884377a8,,cx_count,,"{""cov_cos_sin"":941984.7247983871,""cross_candidate_covariance"":null,""formal_ci"":false,""interval_kind"":""ENGINEERING_INTERVAL_ONLY"",""mean_cosine"":10562.71875,""mean_sine"":10562.71875,""n"":32,""quantum_shot_uncertainty"":false,""rare_event_cost_tail"":""UNRESOLVED"",""var_cosine"":941984.7247983871,""var_sine"":941984.7247983871}"
9feb7b75a61651992917ebc41e6b410eb6c6942213237eb566c049cd884377a8,,cx_depth,,"{""cov_cos_sin"":159295.20967741936,""cross_candidate_covariance"":null,""formal_ci"":false,""interval_kind"":""ENGINEERING_INTERVAL_ONLY"",""mean_cosine"":4912.375,""mean_sine"":4912.375,""n"":32,""quantum_shot_uncertainty"":false,""rare_event_cost_tail"":""UNRESOLVED"",""var_cosine"":159295.20967741936,""var_sine"":159295.20967741936}"
9feb7b75a61651992917ebc41e6b410eb6c6942213237eb566c049cd884377a8,,total_depth,,"{""cov_cos_sin"":2192574.0151209678,""cross_candidate_covariance"":null,""formal_ci"":false,""interval_kind"":""ENGINEERING_INTERVAL_ONLY"",""mean_cosine"":16104.28125,""mean_sine"":16104.28125,""n"":32,""quantum_shot_uncertainty"":false,""rare_event_cost_tail"":""UNRESOLVED"",""var_cosine"":2192574.0151209678,""var_sine"":2192574.0151209678}"
9feb7b75a61651992917ebc41e6b410eb6c6942213237eb566c049cd884377a8,,circuit_size,,"{""cov_cos_sin"":37940181.72479839,""cross_candidate_covariance"":null,""formal_ci"":false,""interval_kind"":""ENGINEERING_INTERVAL_ONLY"",""mean_cosine"":62083.78125,""mean_sine"":62083.78125,""n"":32,""quantum_shot_uncertainty"":false,""rare_event_cost_tail"":""UNRESOLVED"",""var_cosine"":37940181.72479839,""var_sine"":37940181.72479839}"
a03014aa67c345b474fa067e0caf5c4269989859da6a86507164b363086dcfca,,rz_count,,"{""cov_cos_sin"":347367.48387096776,""cross_candidate_covariance"":null,""formal_ci"":false,""interval_kind"":""ENGINEERING_INTERVAL_ONLY"",""mean_cosine"":47386.75,""mean_sine"":47386.75,""n"":32,""quantum_shot_uncertainty"":false,""rare_event_cost_tail"":""UNRESOLVED"",""var_cosine"":347367.48387096776,""var_sine"":347367.48387096776}"
a03014aa67c345b474fa067e0caf5c4269989859da6a86507164b363086dcfca,,rz_depth,,"{""cov_cos_sin"":16895.4747983871,""cross_candidate_covariance"":null,""formal_ci"":false,""interval_kind"":""ENGINEERING_INTERVAL_ONLY"",""mean_cosine"":20800.40625,""mean_sine"":20800.40625,""n"":32,""quantum_shot_uncertainty"":false,""rare_event_cost_tail"":""UNRESOLVED"",""var_cosine"":16895.4747983871,""var_sine"":16895.4747983871}"
a03014aa67c345b474fa067e0caf5c4269989859da6a86507164b363086dcfca,,cx_count,,"{""cov_cos_sin"":31292.641129032258,""cross_candidate_covariance"":null,""formal_ci"":false,""interval_kind"":""ENGINEERING_INTERVAL_ONLY"",""mean_cosine"":26588.9375,""mean_sine"":26588.9375,""n"":32,""quantum_shot_uncertainty"":false,""rare_event_cost_tail"":""UNRESOLVED"",""var_cosine"":31292.641129032258,""var_sine"":31292.641129032258}"
a03014aa67c345b474fa067e0caf5c4269989859da6a86507164b363086dcfca,,cx_depth,,"{""cov_cos_sin"":5608.254032258064,""cross_candidate_covariance"":null,""formal_ci"":false,""interval_kind"":""ENGINEERING_INTERVAL_ONLY"",""mean_cosine"":22243.5625,""mean_sine"":22243.5625,""n"":32,""quantum_shot_uncertainty"":false,""rare_event_cost_tail"":""UNRESOLVED"",""var_cosine"":5608.254032258064,""var_sine"":5608.254032258064}"
a03014aa67c345b474fa067e0caf5c4269989859da6a86507164b363086dcfca,,total_depth,,"{""cov_cos_sin"":74191.71673387097,""cross_candidate_covariance"":null,""formal_ci"":false,""interval_kind"":""ENGINEERING_INTERVAL_ONLY"",""mean_cosine"":45233.65625,""mean_sine"":45233.65625,""n"":32,""quantum_shot_uncertainty"":false,""rare_event_cost_tail"":""UNRESOLVED"",""var_cosine"":74191.71673387097,""var_sine"":74191.71673387097}"
a03014aa67c345b474fa067e0caf5c4269989859da6a86507164b363086dcfca,,circuit_size,,"{""cov_cos_sin"":1222007.4838709678,""cross_candidate_covariance"":null,""formal_ci"":false,""interval_kind"":""ENGINEERING_INTERVAL_ONLY"",""mean_cosine"":90552.75,""mean_sine"":90552.75,""n"":32,""quantum_shot_uncertainty"":false,""rare_event_cost_tail"":""UNRESOLVED"",""var_cosine"":1222007.4838709678,""var_sine"":1222007.4838709678}"
a2c37c26fc5f4a21a4bb9674583bc56f73132c1d5dfb262463ec19e181df38bb,,rz_count,,"{""cov_cos_sin"":103204.47983870968,""cross_candidate_covariance"":null,""formal_ci"":false,""interval_kind"":""ENGINEERING_INTERVAL_ONLY"",""mean_cosine"":45005.1875,""mean_sine"":45005.1875,""n"":32,""quantum_shot_uncertainty"":false,""rare_event_cost_tail"":""UNRESOLVED"",""var_cosine"":103204.47983870968,""var_sine"":103204.47983870968}"
a2c37c26fc5f4a21a4bb9674583bc56f73132c1d5dfb262463ec19e181df38bb,,rz_depth,,"{""cov_cos_sin"":4881.725806451613,""cross_candidate_covariance"":null,""formal_ci"":false,""interval_kind"":""ENGINEERING_INTERVAL_ONLY"",""mean_cosine"":19595.875,""mean_sine"":19595.875,""n"":32,""quantum_shot_uncertainty"":false,""rare_event_cost_tail"":""UNRESOLVED"",""var_cosine"":4881.725806451613,""var_sine"":4881.725806451613}"
a2c37c26fc5f4a21a4bb9674583bc56f73132c1d5dfb262463ec19e181df38bb,,cx_count,,"{""cov_cos_sin"":9350.048387096775,""cross_candidate_covariance"":null,""formal_ci"":false,""interval_kind"":""ENGINEERING_INTERVAL_ONLY"",""mean_cosine"":25128.375,""mean_sine"":25128.375,""n"":32,""quantum_shot_uncertainty"":false,""rare_event_cost_tail"":""UNRESOLVED"",""var_cosine"":9350.048387096775,""var_sine"":9350.048387096775}"
a2c37c26fc5f4a21a4bb9674583bc56f73132c1d5dfb262463ec19e181df38bb,,cx_depth,,"{""cov_cos_sin"":1645.6733870967741,""cross_candidate_covariance"":null,""formal_ci"":false,""interval_kind"":""ENGINEERING_INTERVAL_ONLY"",""mean_cosine"":20961.5625,""mean_sine"":20961.5625,""n"":32,""quantum_shot_uncertainty"":false,""rare_event_cost_tail"":""UNRESOLVED"",""var_cosine"":1645.6733870967741,""var_sine"":1645.6733870967741}"
a2c37c26fc5f4a21a4bb9674583bc56f73132c1d5dfb262463ec19e181df38bb,,total_depth,,"{""cov_cos_sin"":21926.845766129034,""cross_candidate_covariance"":null,""formal_ci"":false,""interval_kind"":""ENGINEERING_INTERVAL_ONLY"",""mean_cosine"":42671.15625,""mean_sine"":42671.15625,""n"":32,""quantum_shot_uncertainty"":false,""rare_event_cost_tail"":""UNRESOLVED"",""var_cosine"":21926.845766129034,""var_sine"":21926.845766129034}"
a2c37c26fc5f4a21a4bb9674583bc56f73132c1d5dfb262463ec19e181df38bb,,circuit_size,,"{""cov_cos_sin"":374663.80241935485,""cross_candidate_covariance"":null,""formal_ci"":false,""interval_kind"":""ENGINEERING_INTERVAL_ONLY"",""mean_cosine"":86088.9375,""mean_sine"":86088.9375,""n"":32,""quantum_shot_uncertainty"":false,""rare_event_cost_tail"":""UNRESOLVED"",""var_cosine"":374663.80241935485,""var_sine"":374663.80241935485}"
a43d281e2598db131cabc67c2aee50467a7fcd6edcca4518a58cdac4d131a627,,rz_count,,"{""cov_cos_sin"":21000.770161290322,""cross_candidate_covariance"":null,""formal_ci"":false,""interval_kind"":""ENGINEERING_INTERVAL_ONLY"",""mean_cosine"":11484.4375,""mean_sine"":11484.4375,""n"":32,""quantum_shot_uncertainty"":false,""rare_event_cost_tail"":""UNRESOLVED"",""var_cosine"":21000.770161290322,""var_sine"":21000.770161290322}"
a43d281e2598db131cabc67c2aee50467a7fcd6edcca4518a58cdac4d131a627,,rz_depth,,"{""cov_cos_sin"":883.608870967742,""cross_candidate_covariance"":null,""formal_ci"":false,""interval_kind"":""ENGINEERING_INTERVAL_ONLY"",""mean_cosine"":4948.9375,""mean_sine"":4948.9375,""n"":32,""quantum_shot_uncertainty"":false,""rare_event_cost_tail"":""UNRESOLVED"",""var_cosine"":883.608870967742,""var_sine"":883.608870967742}"
a43d281e2598db131cabc67c2aee50467a7fcd6edcca4518a58cdac4d131a627,,cx_count,,"{""cov_cos_sin"":1805.6733870967741,""cross_candidate_covariance"":null,""formal_ci"":false,""interval_kind"":""ENGINEERING_INTERVAL_ONLY"",""mean_cosine"":6355.0625,""mean_sine"":6355.0625,""n"":32,""quantum_shot_uncertainty"":false,""rare_event_cost_tail"":""UNRESOLVED"",""var_cosine"":1805.6733870967741,""var_sine"":1805.6733870967741}"
a43d281e2598db131cabc67c2aee50467a7fcd6edcca4518a58cdac4d131a627,,cx_depth,,"{""cov_cos_sin"":278.039314516129,""cross_candidate_covariance"":null,""formal_ci"":false,""interval_kind"":""ENGINEERING_INTERVAL_ONLY"",""mean_cosine"":5271.65625,""mean_sine"":5271.65625,""n"":32,""quantum_shot_uncertainty"":false,""rare_event_cost_tail"":""UNRESOLVED"",""var_cosine"":278.039314516129,""var_sine"":278.039314516129}"
a43d281e2598db131cabc67c2aee50467a7fcd6edcca4518a58cdac4d131a627,,total_depth,,"{""cov_cos_sin"":4324.028225806452,""cross_candidate_covariance"":null,""formal_ci"":false,""interval_kind"":""ENGINEERING_INTERVAL_ONLY"",""mean_cosine"":10773.6875,""mean_sine"":10773.6875,""n"":32,""quantum_shot_uncertainty"":false,""rare_event_cost_tail"":""UNRESOLVED"",""var_cosine"":4324.028225806452,""var_sine"":4324.028225806452}"
a43d281e2598db131cabc67c2aee50467a7fcd6edcca4518a58cdac4d131a627,,circuit_size,,"{""cov_cos_sin"":80893.07963709677,""cross_candidate_covariance"":null,""formal_ci"":false,""interval_kind"":""ENGINEERING_INTERVAL_ONLY"",""mean_cosine"":21951.78125,""mean_sine"":21951.78125,""n"":32,""quantum_shot_uncertainty"":false,""rare_event_cost_tail"":""UNRESOLVED"",""var_cosine"":80893.07963709677,""var_sine"":80893.07963709677}"
a53e7172c52b2f55000edf4e85973aea57195bdff363a785c2b6c8a0fb53e766,,rz_count,,"{""cov_cos_sin"":6122.629032258064,""cross_candidate_covariance"":null,""formal_ci"":false,""interval_kind"":""ENGINEERING_INTERVAL_ONLY"",""mean_cosine"":44111.125,""mean_sine"":44111.125,""n"":32,""quantum_shot_uncertainty"":false,""rare_event_cost_tail"":""UNRESOLVED"",""var_cosine"":6122.629032258064,""var_sine"":6122.629032258064}"
a53e7172c52b2f55000edf4e85973aea57195bdff363a785c2b6c8a0fb53e766,,rz_depth,,"{""cov_cos_sin"":65.96673387096774,""cross_candidate_covariance"":null,""formal_ci"":false,""interval_kind"":""ENGINEERING_INTERVAL_ONLY"",""mean_cosine"":19242.96875,""mean_sine"":19242.96875,""n"":32,""quantum_shot_uncertainty"":false,""rare_event_cost_tail"":""UNRESOLVED"",""var_cosine"":65.96673387096774,""var_sine"":65.96673387096774}"
a53e7172c52b2f55000edf4e85973aea57195bdff363a785c2b6c8a0fb53e766,,cx_count,,"{""cov_cos_sin"":623.4677419354839,""cross_candidate_covariance"":null,""formal_ci"":false,""interval_kind"":""ENGINEERING_INTERVAL_ONLY"",""mean_cosine"":24649.875,""mean_sine"":24649.875,""n"":32,""quantum_shot_uncertainty"":false,""rare_event_cost_tail"":""UNRESOLVED"",""var_cosine"":623.4677419354839,""var_sine"":623.4677419354839}"
a53e7172c52b2f55000edf4e85973aea57195bdff363a785c2b6c8a0fb53e766,,cx_depth,,"{""cov_cos_sin"":58.04838709677419,""cross_candidate_covariance"":null,""formal_ci"":false,""interval_kind"":""ENGINEERING_INTERVAL_ONLY"",""mean_cosine"":20584.875,""mean_sine"":20584.875,""n"":32,""quantum_shot_uncertainty"":false,""rare_event_cost_tail"":""UNRESOLVED"",""var_cosine"":58.04838709677419,""var_sine"":58.04838709677419}"
a53e7172c52b2f55000edf4e85973aea57195bdff363a785c2b6c8a0fb53e766,,total_depth,,"{""cov_cos_sin"":309.16129032258067,""cross_candidate_covariance"":null,""formal_ci"":false,""interval_kind"":""ENGINEERING_INTERVAL_ONLY"",""mean_cosine"":41917.25,""mean_sine"":41917.25,""n"":32,""quantum_shot_uncertainty"":false,""rare_event_cost_tail"":""UNRESOLVED"",""var_cosine"":309.16129032258067,""var_sine"":309.16129032258067}"
a53e7172c52b2f55000edf4e85973aea57195bdff363a785c2b6c8a0fb53e766,,circuit_size,,"{""cov_cos_sin"":20689.870967741936,""cross_candidate_covariance"":null,""formal_ci"":false,""interval_kind"":""ENGINEERING_INTERVAL_ONLY"",""mean_cosine"":84423.5,""mean_sine"":84423.5,""n"":32,""quantum_shot_uncertainty"":false,""rare_event_cost_tail"":""UNRESOLVED"",""var_cosine"":20689.870967741936,""var_sine"":20689.870967741936}"
a8a8f1e7a7a7117e8e7a0db4681611ef33caed0070494ee7642d733a4d8a6fc4,,rz_count,,"{""cov_cos_sin"":22650.232862903227,""cross_candidate_covariance"":null,""formal_ci"":false,""interval_kind"":""ENGINEERING_INTERVAL_ONLY"",""mean_cosine"":46332.65625,""mean_sine"":46332.65625,""n"":32,""quantum_shot_uncertainty"":false,""rare_event_cost_tail"":""UNRESOLVED"",""var_cosine"":22650.232862903227,""var_sine"":22650.232862903227}"
a8a8f1e7a7a7117e8e7a0db4681611ef33caed0070494ee7642d733a4d8a6fc4,,rz_depth,,"{""cov_cos_sin"":617.9828629032259,""cross_candidate_covariance"":null,""formal_ci"":false,""interval_kind"":""ENGINEERING_INTERVAL_ONLY"",""mean_cosine"":19822.78125,""mean_sine"":19822.78125,""n"":32,""quantum_shot_uncertainty"":false,""rare_event_cost_tail"":""UNRESOLVED"",""var_cosine"":617.9828629032259,""var_sine"":617.9828629032259}"
a8a8f1e7a7a7117e8e7a0db4681611ef33caed0070494ee7642d733a4d8a6fc4,,cx_count,,"{""cov_cos_sin"":1815.157258064516,""cross_candidate_covariance"":null,""formal_ci"":false,""interval_kind"":""ENGINEERING_INTERVAL_ONLY"",""mean_cosine"":25464.4375,""mean_sine"":25464.4375,""n"":32,""quantum_shot_uncertainty"":false,""rare_event_cost_tail"":""UNRESOLVED"",""var_cosine"":1815.157258064516,""var_sine"":1815.157258064516}"
a8a8f1e7a7a7117e8e7a0db4681611ef33caed0070494ee7642d733a4d8a6fc4,,cx_depth,,"{""cov_cos_sin"":173.7258064516129,""cross_candidate_covariance"":null,""formal_ci"":false,""interval_kind"":""ENGINEERING_INTERVAL_ONLY"",""mean_cosine"":21011.375,""mean_sine"":21011.375,""n"":32,""quantum_shot_uncertainty"":false,""rare_event_cost_tail"":""UNRESOLVED"",""var_cosine"":173.7258064516129,""var_sine"":173.7258064516129}"
a8a8f1e7a7a7117e8e7a0db4681611ef33caed0070494ee7642d733a4d8a6fc4,,total_depth,,"{""cov_cos_sin"":3020.4022177419356,""cross_candidate_covariance"":null,""formal_ci"":false,""interval_kind"":""ENGINEERING_INTERVAL_ONLY"",""mean_cosine"":43199.28125,""mean_sine"":43199.28125,""n"":32,""quantum_shot_uncertainty"":false,""rare_event_cost_tail"":""UNRESOLVED"",""var_cosine"":3020.4022177419356,""var_sine"":3020.4022177419356}"
a8a8f1e7a7a7117e8e7a0db4681611ef33caed0070494ee7642d733a4d8a6fc4,,circuit_size,,"{""cov_cos_sin"":94348.70866935483,""cross_candidate_covariance"":null,""formal_ci"":false,""interval_kind"":""ENGINEERING_INTERVAL_ONLY"",""mean_cosine"":88336.46875,""mean_sine"":88336.46875,""n"":32,""quantum_shot_uncertainty"":false,""rare_event_cost_tail"":""UNRESOLVED"",""var_cosine"":94348.70866935483,""var_sine"":94348.70866935483}"
a8d1ae8bad611016990b909226cd9268c6ac2aa5c79af8b1f3a6f48ef8be551d,,rz_count,,"{""cov_cos_sin"":724419.7489919355,""cross_candidate_covariance"":null,""formal_ci"":false,""interval_kind"":""ENGINEERING_INTERVAL_ONLY"",""mean_cosine"":5412.15625,""mean_sine"":5412.15625,""n"":32,""quantum_shot_uncertainty"":false,""rare_event_cost_tail"":""UNRESOLVED"",""var_cosine"":724419.7489919355,""var_sine"":724419.7489919355}"
a8d1ae8bad611016990b909226cd9268c6ac2aa5c79af8b1f3a6f48ef8be551d,,rz_depth,,"{""cov_cos_sin"":32156.9747983871,""cross_candidate_covariance"":null,""formal_ci"":false,""interval_kind"":""ENGINEERING_INTERVAL_ONLY"",""mean_cosine"":1208.15625,""mean_sine"":1208.15625,""n"":32,""quantum_shot_uncertainty"":false,""rare_event_cost_tail"":""UNRESOLVED"",""var_cosine"":32156.9747983871,""var_sine"":32156.9747983871}"
a8d1ae8bad611016990b909226cd9268c6ac2aa5c79af8b1f3a6f48ef8be551d,,cx_count,,"{""cov_cos_sin"":66084.31854838709,""cross_candidate_covariance"":null,""formal_ci"":false,""interval_kind"":""ENGINEERING_INTERVAL_ONLY"",""mean_cosine"":1753.4375,""mean_sine"":1753.4375,""n"":32,""quantum_shot_uncertainty"":false,""rare_event_cost_tail"":""UNRESOLVED"",""var_cosine"":66084.31854838709,""var_sine"":66084.31854838709}"
a8d1ae8bad611016990b909226cd9268c6ac2aa5c79af8b1f3a6f48ef8be551d,,cx_depth,,"{""cov_cos_sin"":10463.498991935483,""cross_candidate_covariance"":null,""formal_ci"":false,""interval_kind"":""ENGINEERING_INTERVAL_ONLY"",""mean_cosine"":787.28125,""mean_sine"":787.28125,""n"":32,""quantum_shot_uncertainty"":false,""rare_event_cost_tail"":""UNRESOLVED"",""var_cosine"":10463.498991935483,""var_sine"":10463.498991935483}"
a8d1ae8bad611016990b909226cd9268c6ac2aa5c79af8b1f3a6f48ef8be551d,,total_depth,,"{""cov_cos_sin"":153496.24193548388,""cross_candidate_covariance"":null,""formal_ci"":false,""interval_kind"":""ENGINEERING_INTERVAL_ONLY"",""mean_cosine"":2655.625,""mean_sine"":2655.625,""n"":32,""quantum_shot_uncertainty"":false,""rare_event_cost_tail"":""UNRESOLVED"",""var_cosine"":153496.24193548388,""var_sine"":153496.24193548388}"
a8d1ae8bad611016990b909226cd9268c6ac2aa5c79af8b1f3a6f48ef8be551d,,circuit_size,,"{""cov_cos_sin"":2772413.13608871,""cross_candidate_covariance"":null,""formal_ci"":false,""interval_kind"":""ENGINEERING_INTERVAL_ONLY"",""mean_cosine"":10481.34375,""mean_sine"":10481.34375,""n"":32,""quantum_shot_uncertainty"":false,""rare_event_cost_tail"":""UNRESOLVED"",""var_cosine"":2772413.13608871,""var_sine"":2772413.13608871}"
a9fa20b579829f161d1dd0a7d608b836b116cb48747264c454654fcd80125091,,rz_count,,"{""cov_cos_sin"":7124.103830645161,""cross_candidate_covariance"":null,""formal_ci"":false,""interval_kind"":""ENGINEERING_INTERVAL_ONLY"",""mean_cosine"":88277.65625,""mean_sine"":88277.65625,""n"":32,""quantum_shot_uncertainty"":false,""rare_event_cost_tail"":""UNRESOLVED"",""var_cosine"":7124.103830645161,""var_sine"":7124.103830645161}"
a9fa20b579829f161d1dd0a7d608b836b116cb48747264c454654fcd80125091,,rz_depth,,"{""cov_cos_sin"":320.8024193548387,""cross_candidate_covariance"":null,""formal_ci"":false,""interval_kind"":""ENGINEERING_INTERVAL_ONLY"",""mean_cosine"":38514.8125,""mean_sine"":38514.8125,""n"":32,""quantum_shot_uncertainty"":false,""rare_event_cost_tail"":""UNRESOLVED"",""var_cosine"":320.8024193548387,""var_sine"":320.8024193548387}"
a9fa20b579829f161d1dd0a7d608b836b116cb48747264c454654fcd80125091,,cx_count,,"{""cov_cos_sin"":705.2258064516129,""cross_candidate_covariance"":null,""formal_ci"":false,""interval_kind"":""ENGINEERING_INTERVAL_ONLY"",""mean_cosine"":49369.25,""mean_sine"":49369.25,""n"":32,""quantum_shot_uncertainty"":false,""rare_event_cost_tail"":""UNRESOLVED"",""var_cosine"":705.2258064516129,""var_sine"":705.2258064516129}"
a9fa20b579829f161d1dd0a7d608b836b116cb48747264c454654fcd80125091,,cx_depth,,"{""cov_cos_sin"":202.11189516129033,""cross_candidate_covariance"":null,""formal_ci"":false,""interval_kind"":""ENGINEERING_INTERVAL_ONLY"",""mean_cosine"":41234.21875,""mean_sine"":41234.21875,""n"":32,""quantum_shot_uncertainty"":false,""rare_event_cost_tail"":""UNRESOLVED"",""var_cosine"":202.11189516129033,""var_sine"":202.11189516129033}"
a9fa20b579829f161d1dd0a7d608b836b116cb48747264c454654fcd80125091,,total_depth,,"{""cov_cos_sin"":1370.0483870967741,""cross_candidate_covariance"":null,""formal_ci"":false,""interval_kind"":""ENGINEERING_INTERVAL_ONLY"",""mean_cosine"":83899.625,""mean_sine"":83899.625,""n"":32,""quantum_shot_uncertainty"":false,""rare_event_cost_tail"":""UNRESOLVED"",""var_cosine"":1370.0483870967741,""var_sine"":1370.0483870967741}"
a9fa20b579829f161d1dd0a7d608b836b116cb48747264c454654fcd80125091,,circuit_size,,"{""cov_cos_sin"":23910.894153225807,""cross_candidate_covariance"":null,""formal_ci"":false,""interval_kind"":""ENGINEERING_INTERVAL_ONLY"",""mean_cosine"":168950.59375,""mean_sine"":168950.59375,""n"":32,""quantum_shot_uncertainty"":false,""rare_event_cost_tail"":""UNRESOLVED"",""var_cosine"":23910.894153225807,""var_sine"":23910.894153225807}"
abaae2cba4ce9374ddf005b2f382a1060e424b4e1f82984496886ec436aa85f9,,rz_count,,"{""cov_cos_sin"":406118.9828629032,""cross_candidate_covariance"":null,""formal_ci"":false,""interval_kind"":""ENGINEERING_INTERVAL_ONLY"",""mean_cosine"":24042.71875,""mean_sine"":24042.71875,""n"":32,""quantum_shot_uncertainty"":false,""rare_event_cost_tail"":""UNRESOLVED"",""var_cosine"":406118.9828629032,""var_sine"":406118.9828629032}"
abaae2cba4ce9374ddf005b2f382a1060e424b4e1f82984496886ec436aa85f9,,rz_depth,,"{""cov_cos_sin"":17049.673387096773,""cross_candidate_covariance"":null,""formal_ci"":false,""interval_kind"":""ENGINEERING_INTERVAL_ONLY"",""mean_cosine"":10475.9375,""mean_sine"":10475.9375,""n"":32,""quantum_shot_uncertainty"":false,""rare_event_cost_tail"":""UNRESOLVED"",""var_cosine"":17049.673387096773,""var_sine"":17049.673387096773}"
abaae2cba4ce9374ddf005b2f382a1060e424b4e1f82984496886ec436aa85f9,,cx_count,,"{""cov_cos_sin"":35491.209677419356,""cross_candidate_covariance"":null,""formal_ci"":false,""interval_kind"":""ENGINEERING_INTERVAL_ONLY"",""mean_cosine"":13399.375,""mean_sine"":13399.375,""n"":32,""quantum_shot_uncertainty"":false,""rare_event_cost_tail"":""UNRESOLVED"",""var_cosine"":35491.209677419356,""var_sine"":35491.209677419356}"
abaae2cba4ce9374ddf005b2f382a1060e424b4e1f82984496886ec436aa85f9,,cx_depth,,"{""cov_cos_sin"":5456.028225806452,""cross_candidate_covariance"":null,""formal_ci"":false,""interval_kind"":""ENGINEERING_INTERVAL_ONLY"",""mean_cosine"":11164.6875,""mean_sine"":11164.6875,""n"":32,""quantum_shot_uncertainty"":false,""rare_event_cost_tail"":""UNRESOLVED"",""var_cosine"":5456.028225806452,""var_sine"":5456.028225806452}"
abaae2cba4ce9374ddf005b2f382a1060e424b4e1f82984496886ec436aa85f9,,total_depth,,"{""cov_cos_sin"":77883.79032258065,""cross_candidate_covariance"":null,""formal_ci"":false,""interval_kind"":""ENGINEERING_INTERVAL_ONLY"",""mean_cosine"":22777.625,""mean_sine"":22777.625,""n"":32,""quantum_shot_uncertainty"":false,""rare_event_cost_tail"":""UNRESOLVED"",""var_cosine"":77883.79032258065,""var_sine"":77883.79032258065}"
abaae2cba4ce9374ddf005b2f382a1060e424b4e1f82984496886ec436aa85f9,,circuit_size,,"{""cov_cos_sin"":1464867.5967741935,""cross_candidate_covariance"":null,""formal_ci"":false,""interval_kind"":""ENGINEERING_INTERVAL_ONLY"",""mean_cosine"":45932.125,""mean_sine"":45932.125,""n"":32,""quantum_shot_uncertainty"":false,""rare_event_cost_tail"":""UNRESOLVED"",""var_cosine"":1464867.5967741935,""var_sine"":1464867.5967741935}"
ada9f8a66321054c0bf9691b433eab48ae4f533ef011ea646f2b10d8aa839416,,rz_count,,"{""cov_cos_sin"":3509493.85483871,""cross_candidate_covariance"":null,""formal_ci"":false,""interval_kind"":""ENGINEERING_INTERVAL_ONLY"",""mean_cosine"":58877.375,""mean_sine"":58877.375,""n"":32,""quantum_shot_uncertainty"":false,""rare_event_cost_tail"":""UNRESOLVED"",""var_cosine"":3509493.85483871,""var_sine"":3509493.85483871}"
ada9f8a66321054c0bf9691b433eab48ae4f533ef011ea646f2b10d8aa839416,,rz_depth,,"{""cov_cos_sin"":124690.27318548386,""cross_candidate_covariance"":null,""formal_ci"":false,""interval_kind"":""ENGINEERING_INTERVAL_ONLY"",""mean_cosine"":23027.71875,""mean_sine"":23027.71875,""n"":32,""quantum_shot_uncertainty"":false,""rare_event_cost_tail"":""UNRESOLVED"",""var_cosine"":124690.27318548386,""var_sine"":124690.27318548386}"
ada9f8a66321054c0bf9691b433eab48ae4f533ef011ea646f2b10d8aa839416,,cx_count,,"{""cov_cos_sin"":295154.09274193546,""cross_candidate_covariance"":null,""formal_ci"":false,""interval_kind"":""ENGINEERING_INTERVAL_ONLY"",""mean_cosine"":30081.6875,""mean_sine"":30081.6875,""n"":32,""quantum_shot_uncertainty"":false,""rare_event_cost_tail"":""UNRESOLVED"",""var_cosine"":295154.09274193546,""var_sine"":295154.09274193546}"
ada9f8a66321054c0bf9691b433eab48ae4f533ef011ea646f2b10d8aa839416,,cx_depth,,"{""cov_cos_sin"":34537.4747983871,""cross_candidate_covariance"":null,""formal_ci"":false,""interval_kind"":""ENGINEERING_INTERVAL_ONLY"",""mean_cosine"":23556.59375,""mean_sine"":23556.59375,""n"":32,""quantum_shot_uncertainty"":false,""rare_event_cost_tail"":""UNRESOLVED"",""var_cosine"":34537.4747983871,""var_sine"":34537.4747983871}"
ada9f8a66321054c0bf9691b433eab48ae4f533ef011ea646f2b10d8aa839416,,total_depth,,"{""cov_cos_sin"":619504.3508064516,""cross_candidate_covariance"":null,""formal_ci"":false,""interval_kind"":""ENGINEERING_INTERVAL_ONLY"",""mean_cosine"":50222.1875,""mean_sine"":50222.1875,""n"":32,""quantum_shot_uncertainty"":false,""rare_event_cost_tail"":""UNRESOLVED"",""var_cosine"":619504.3508064516,""var_sine"":619504.3508064516}"
ada9f8a66321054c0bf9691b433eab48ae4f533ef011ea646f2b10d8aa839416,,circuit_size,,"{""cov_cos_sin"":13945819.692540323,""cross_candidate_covariance"":null,""formal_ci"":false,""interval_kind"":""ENGINEERING_INTERVAL_ONLY"",""mean_cosine"":113136.71875,""mean_sine"":113136.71875,""n"":32,""quantum_shot_uncertainty"":false,""rare_event_cost_tail"":""UNRESOLVED"",""var_cosine"":13945819.692540323,""var_sine"":13945819.692540323}"
adee9d7a84a1e663c11c0b21eee2a877b2356b908c74e750b9845ab5ebb2a9d2,,rz_count,,"{""cov_cos_sin"":36569.854838709674,""cross_candidate_covariance"":null,""formal_ci"":false,""interval_kind"":""ENGINEERING_INTERVAL_ONLY"",""mean_cosine"":44596.875,""mean_sine"":44596.875,""n"":32,""quantum_shot_uncertainty"":false,""rare_event_cost_tail"":""UNRESOLVED"",""var_cosine"":36569.854838709674,""var_sine"":36569.854838709674}"
adee9d7a84a1e663c11c0b21eee2a877b2356b908c74e750b9845ab5ebb2a9d2,,rz_depth,,"{""cov_cos_sin"":1933.7167338709678,""cross_candidate_covariance"":null,""formal_ci"":false,""interval_kind"":""ENGINEERING_INTERVAL_ONLY"",""mean_cosine"":19398.65625,""mean_sine"":19398.65625,""n"":32,""quantum_shot_uncertainty"":false,""rare_event_cost_tail"":""UNRESOLVED"",""var_cosine"":1933.7167338709678,""var_sine"":1933.7167338709678}"
adee9d7a84a1e663c11c0b21eee2a877b2356b908c74e750b9845ab5ebb2a9d2,,cx_count,,"{""cov_cos_sin"":3456.516129032258,""cross_candidate_covariance"":null,""formal_ci"":false,""interval_kind"":""ENGINEERING_INTERVAL_ONLY"",""mean_cosine"":24883.5,""mean_sine"":24883.5,""n"":32,""quantum_shot_uncertainty"":false,""rare_event_cost_tail"":""UNRESOLVED"",""var_cosine"":3456.516129032258,""var_sine"":3456.516129032258}"
adee9d7a84a1e663c11c0b21eee2a877b2356b908c74e750b9845ab5ebb2a9d2,,cx_depth,,"{""cov_cos_sin"":676.8024193548387,""cross_candidate_covariance"":null,""formal_ci"":false,""interval_kind"":""ENGINEERING_INTERVAL_ONLY"",""mean_cosine"":20749.1875,""mean_sine"":20749.1875,""n"":32,""quantum_shot_uncertainty"":false,""rare_event_cost_tail"":""UNRESOLVED"",""var_cosine"":676.8024193548387,""var_sine"":676.8024193548387}"
adee9d7a84a1e663c11c0b21eee2a877b2356b908c74e750b9845ab5ebb2a9d2,,total_depth,,"{""cov_cos_sin"":8698.387096774193,""cross_candidate_covariance"":null,""formal_ci"":false,""interval_kind"":""ENGINEERING_INTERVAL_ONLY"",""mean_cosine"":42250.75,""mean_sine"":42250.75,""n"":32,""quantum_shot_uncertainty"":false,""rare_event_cost_tail"":""UNRESOLVED"",""var_cosine"":8698.387096774193,""var_sine"":8698.387096774193}"
adee9d7a84a1e663c11c0b21eee2a877b2356b908c74e750b9845ab5ebb2a9d2,,circuit_size,,"{""cov_cos_sin"":129893.74193548386,""cross_candidate_covariance"":null,""formal_ci"":false,""interval_kind"":""ENGINEERING_INTERVAL_ONLY"",""mean_cosine"":85322.0,""mean_sine"":85322.0,""n"":32,""quantum_shot_uncertainty"":false,""rare_event_cost_tail"":""UNRESOLVED"",""var_cosine"":129893.74193548386,""var_sine"":129893.74193548386}"
af18a108ec1bed6872e20655686841d3145e1e8c7a5f4a3f5d1b32a263bf310d,,rz_count,,"{""cov_cos_sin"":96.61995967741936,""cross_candidate_covariance"":null,""formal_ci"":false,""interval_kind"":""ENGINEERING_INTERVAL_ONLY"",""mean_cosine"":129896.34375,""mean_sine"":129896.34375,""n"":32,""quantum_shot_uncertainty"":false,""rare_event_cost_tail"":""UNRESOLVED"",""var_cosine"":96.61995967741936,""var_sine"":96.61995967741936}"
af18a108ec1bed6872e20655686841d3145e1e8c7a5f4a3f5d1b32a263bf310d,,rz_depth,,"{""cov_cos_sin"":87.78125,""cross_candidate_covariance"":null,""formal_ci"":false,""interval_kind"":""ENGINEERING_INTERVAL_ONLY"",""mean_cosine"":58550.34375,""mean_sine"":58550.34375,""n"":32,""quantum_shot_uncertainty"":false,""rare_event_cost_tail"":""UNRESOLVED"",""var_cosine"":87.78125,""var_sine"":87.78125}"
af18a108ec1bed6872e20655686841d3145e1e8c7a5f4a3f5d1b32a263bf310d,,cx_count,,"{""cov_cos_sin"":0.0,""cross_candidate_covariance"":null,""formal_ci"":false,""interval_kind"":""ENGINEERING_INTERVAL_ONLY"",""mean_cosine"":74304.0,""mean_sine"":74304.0,""n"":32,""quantum_shot_uncertainty"":false,""rare_event_cost_tail"":""UNRESOLVED"",""var_cosine"":0.0,""var_sine"":0.0}"
af18a108ec1bed6872e20655686841d3145e1e8c7a5f4a3f5d1b32a263bf310d,,cx_depth,,"{""cov_cos_sin"":30.193548387096776,""cross_candidate_covariance"":null,""formal_ci"":false,""interval_kind"":""ENGINEERING_INTERVAL_ONLY"",""mean_cosine"":63092.5,""mean_sine"":63092.5,""n"":32,""quantum_shot_uncertainty"":false,""rare_event_cost_tail"":""UNRESOLVED"",""var_cosine"":30.193548387096776,""var_sine"":30.193548387096776}"
af18a108ec1bed6872e20655686841d3145e1e8c7a5f4a3f5d1b32a263bf310d,,total_depth,,"{""cov_cos_sin"":295.9506048387097,""cross_candidate_covariance"":null,""formal_ci"":false,""interval_kind"":""ENGINEERING_INTERVAL_ONLY"",""mean_cosine"":127361.71875,""mean_sine"":127361.71875,""n"":32,""quantum_shot_uncertainty"":false,""rare_event_cost_tail"":""UNRESOLVED"",""var_cosine"":295.9506048387097,""var_sine"":295.9506048387097}"
af18a108ec1bed6872e20655686841d3145e1e8c7a5f4a3f5d1b32a263bf310d,,circuit_size,,"{""cov_cos_sin"":215.61290322580646,""cross_candidate_covariance"":null,""formal_ci"":false,""interval_kind"":""ENGINEERING_INTERVAL_ONLY"",""mean_cosine"":248156.25,""mean_sine"":248156.25,""n"":32,""quantum_shot_uncertainty"":false,""rare_event_cost_tail"":""UNRESOLVED"",""var_cosine"":215.61290322580646,""var_sine"":215.61290322580646}"
af766ff011401e80a413bfcc46528baaa0094525c9b462993af1cb0be9462eb3,,rz_count,,"{""cov_cos_sin"":0.0,""cross_candidate_covariance"":null,""formal_ci"":false,""interval_kind"":""ENGINEERING_INTERVAL_ONLY"",""mean_cosine"":41398.0,""mean_sine"":41398.0,""n"":1,""quantum_shot_uncertainty"":false,""rare_event_cost_tail"":""UNRESOLVED"",""var_cosine"":0.0,""var_sine"":0.0}"
af766ff011401e80a413bfcc46528baaa0094525c9b462993af1cb0be9462eb3,,rz_depth,,"{""cov_cos_sin"":0.0,""cross_candidate_covariance"":null,""formal_ci"":false,""interval_kind"":""ENGINEERING_INTERVAL_ONLY"",""mean_cosine"":18857.0,""mean_sine"":18857.0,""n"":1,""quantum_shot_uncertainty"":false,""rare_event_cost_tail"":""UNRESOLVED"",""var_cosine"":0.0,""var_sine"":0.0}"
af766ff011401e80a413bfcc46528baaa0094525c9b462993af1cb0be9462eb3,,cx_count,,"{""cov_cos_sin"":0.0,""cross_candidate_covariance"":null,""formal_ci"":false,""interval_kind"":""ENGINEERING_INTERVAL_ONLY"",""mean_cosine"":23968.0,""mean_sine"":23968.0,""n"":1,""quantum_shot_uncertainty"":false,""rare_event_cost_tail"":""UNRESOLVED"",""var_cosine"":0.0,""var_sine"":0.0}"
af766ff011401e80a413bfcc46528baaa0094525c9b462993af1cb0be9462eb3,,cx_depth,,"{""cov_cos_sin"":0.0,""cross_candidate_covariance"":null,""formal_ci"":false,""interval_kind"":""ENGINEERING_INTERVAL_ONLY"",""mean_cosine"":20464.0,""mean_sine"":20464.0,""n"":1,""quantum_shot_uncertainty"":false,""rare_event_cost_tail"":""UNRESOLVED"",""var_cosine"":0.0,""var_sine"":0.0}"
af766ff011401e80a413bfcc46528baaa0094525c9b462993af1cb0be9462eb3,,total_depth,,"{""cov_cos_sin"":0.0,""cross_candidate_covariance"":null,""formal_ci"":false,""interval_kind"":""ENGINEERING_INTERVAL_ONLY"",""mean_cosine"":41098.0,""mean_sine"":41098.0,""n"":1,""quantum_shot_uncertainty"":false,""rare_event_cost_tail"":""UNRESOLVED"",""var_cosine"":0.0,""var_sine"":0.0}"
af766ff011401e80a413bfcc46528baaa0094525c9b462993af1cb0be9462eb3,,circuit_size,,"{""cov_cos_sin"":0.0,""cross_candidate_covariance"":null,""formal_ci"":false,""interval_kind"":""ENGINEERING_INTERVAL_ONLY"",""mean_cosine"":78801.0,""mean_sine"":78801.0,""n"":1,""quantum_shot_uncertainty"":false,""rare_event_cost_tail"":""UNRESOLVED"",""var_cosine"":0.0,""var_sine"":0.0}"
b074f06c9de6b62333660538b40186ed6be7d5da51716ac97e0db51d2aa02fe3,,rz_count,,"{""cov_cos_sin"":4577.378024193548,""cross_candidate_covariance"":null,""formal_ci"":false,""interval_kind"":""ENGINEERING_INTERVAL_ONLY"",""mean_cosine"":44095.90625,""mean_sine"":44095.90625,""n"":32,""quantum_shot_uncertainty"":false,""rare_event_cost_tail"":""UNRESOLVED"",""var_cosine"":4577.378024193548,""var_sine"":4577.378024193548}"
b074f06c9de6b62333660538b40186ed6be7d5da51716ac97e0db51d2aa02fe3,,rz_depth,,"{""cov_cos_sin"":69.93548387096774,""cross_candidate_covariance"":null,""formal_ci"":false,""interval_kind"":""ENGINEERING_INTERVAL_ONLY"",""mean_cosine"":19242.75,""mean_sine"":19242.75,""n"":32,""quantum_shot_uncertainty"":false,""rare_event_cost_tail"":""UNRESOLVED"",""var_cosine"":69.93548387096774,""var_sine"":69.93548387096774}"
b074f06c9de6b62333660538b40186ed6be7d5da51716ac97e0db51d2aa02fe3,,cx_count,,"{""cov_cos_sin"":466.8225806451613,""cross_candidate_covariance"":null,""formal_ci"":false,""interval_kind"":""ENGINEERING_INTERVAL_ONLY"",""mean_cosine"":24645.125,""mean_sine"":24645.125,""n"":32,""quantum_shot_uncertainty"":false,""rare_event_cost_tail"":""UNRESOLVED"",""var_cosine"":466.8225806451613,""var_sine"":466.8225806451613}"
b074f06c9de6b62333660538b40186ed6be7d5da51716ac97e0db51d2aa02fe3,,cx_depth,,"{""cov_cos_sin"":56.28629032258065,""cross_candidate_covariance"":null,""formal_ci"":false,""interval_kind"":""ENGINEERING_INTERVAL_ONLY"",""mean_cosine"":20584.3125,""mean_sine"":20584.3125,""n"":32,""quantum_shot_uncertainty"":false,""rare_event_cost_tail"":""UNRESOLVED"",""var_cosine"":56.28629032258065,""var_sine"":56.28629032258065}"
b074f06c9de6b62333660538b40186ed6be7d5da51716ac97e0db51d2aa02fe3,,total_depth,,"{""cov_cos_sin"":290.8538306451613,""cross_candidate_covariance"":null,""formal_ci"":false,""interval_kind"":""ENGINEERING_INTERVAL_ONLY"",""mean_cosine"":41917.71875,""mean_sine"":41917.71875,""n"":32,""quantum_shot_uncertainty"":false,""rare_event_cost_tail"":""UNRESOLVED"",""var_cosine"":290.8538306451613,""var_sine"":290.8538306451613}"
b074f06c9de6b62333660538b40186ed6be7d5da51716ac97e0db51d2aa02fe3,,circuit_size,,"{""cov_cos_sin"":15462.539314516129,""cross_candidate_covariance"":null,""formal_ci"":false,""interval_kind"":""ENGINEERING_INTERVAL_ONLY"",""mean_cosine"":84394.90625,""mean_sine"":84394.90625,""n"":32,""quantum_shot_uncertainty"":false,""rare_event_cost_tail"":""UNRESOLVED"",""var_cosine"":15462.539314516129,""var_sine"":15462.539314516129}"
b086253a9c225d6d85c2e3664eb3a7782ff87fe41f088d8f313701181c81affd,,rz_count,,"{""cov_cos_sin"":6631.870967741936,""cross_candidate_covariance"":null,""formal_ci"":false,""interval_kind"":""ENGINEERING_INTERVAL_ONLY"",""mean_cosine"":87902.25,""mean_sine"":87902.25,""n"":32,""quantum_shot_uncertainty"":false,""rare_event_cost_tail"":""UNRESOLVED"",""var_cosine"":6631.870967741936,""var_sine"":6631.870967741936}"
b086253a9c225d6d85c2e3664eb3a7782ff87fe41f088d8f313701181c81affd,,rz_depth,,"{""cov_cos_sin"":50.25806451612903,""cross_candidate_covariance"":null,""formal_ci"":false,""interval_kind"":""ENGINEERING_INTERVAL_ONLY"",""mean_cosine"":38421.25,""mean_sine"":38421.25,""n"":32,""quantum_shot_uncertainty"":false,""rare_event_cost_tail"":""UNRESOLVED"",""var_cosine"":50.25806451612903,""var_sine"":50.25806451612903}"
b086253a9c225d6d85c2e3664eb3a7782ff87fe41f088d8f313701181c81affd,,cx_count,,"{""cov_cos_sin"":563.0322580645161,""cross_candidate_covariance"":null,""formal_ci"":false,""interval_kind"":""ENGINEERING_INTERVAL_ONLY"",""mean_cosine"":49203.25,""mean_sine"":49203.25,""n"":32,""quantum_shot_uncertainty"":false,""rare_event_cost_tail"":""UNRESOLVED"",""var_cosine"":563.0322580645161,""var_sine"":563.0322580645161}"
b086253a9c225d6d85c2e3664eb3a7782ff87fe41f088d8f313701181c81affd,,cx_depth,,"{""cov_cos_sin"":46.770161290322584,""cross_candidate_covariance"":null,""formal_ci"":false,""interval_kind"":""ENGINEERING_INTERVAL_ONLY"",""mean_cosine"":41131.4375,""mean_sine"":41131.4375,""n"":32,""quantum_shot_uncertainty"":false,""rare_event_cost_tail"":""UNRESOLVED"",""var_cosine"":46.770161290322584,""var_sine"":46.770161290322584}"
b086253a9c225d6d85c2e3664eb3a7782ff87fe41f088d8f313701181c81affd,,total_depth,,"{""cov_cos_sin"":240.17741935483872,""cross_candidate_covariance"":null,""formal_ci"":false,""interval_kind"":""ENGINEERING_INTERVAL_ONLY"",""mean_cosine"":83700.375,""mean_sine"":83700.375,""n"":32,""quantum_shot_uncertainty"":false,""rare_event_cost_tail"":""UNRESOLVED"",""var_cosine"":240.17741935483872,""var_sine"":240.17741935483872}"
b086253a9c225d6d85c2e3664eb3a7782ff87fe41f088d8f313701181c81affd,,circuit_size,,"{""cov_cos_sin"":22747.060483870966,""cross_candidate_covariance"":null,""formal_ci"":false,""interval_kind"":""ENGINEERING_INTERVAL_ONLY"",""mean_cosine"":168261.3125,""mean_sine"":168261.3125,""n"":32,""quantum_shot_uncertainty"":false,""rare_event_cost_tail"":""UNRESOLVED"",""var_cosine"":22747.060483870966,""var_sine"":22747.060483870966}"
b0daff612f84d7a465894886fdd43c9a193cc7b89bf32f087fd00eedc8dc5fcf,,rz_count,,"{""cov_cos_sin"":147.11995967741936,""cross_candidate_covariance"":null,""formal_ci"":false,""interval_kind"":""ENGINEERING_INTERVAL_ONLY"",""mean_cosine"":129893.90625,""mean_sine"":129893.90625,""n"":32,""quantum_shot_uncertainty"":false,""rare_event_cost_tail"":""UNRESOLVED"",""var_cosine"":147.11995967741936,""var_sine"":147.11995967741936}"
b0daff612f84d7a465894886fdd43c9a193cc7b89bf32f087fd00eedc8dc5fcf,,rz_depth,,"{""cov_cos_sin"":163.80645161290323,""cross_candidate_covariance"":null,""formal_ci"":false,""interval_kind"":""ENGINEERING_INTERVAL_ONLY"",""mean_cosine"":58551.0,""mean_sine"":58551.0,""n"":32,""quantum_shot_uncertainty"":false,""rare_event_cost_tail"":""UNRESOLVED"",""var_cosine"":163.80645161290323,""var_sine"":163.80645161290323}"
b0daff612f84d7a465894886fdd43c9a193cc7b89bf32f087fd00eedc8dc5fcf,,cx_count,,"{""cov_cos_sin"":8.709677419354838,""cross_candidate_covariance"":null,""formal_ci"":false,""interval_kind"":""ENGINEERING_INTERVAL_ONLY"",""mean_cosine"":74303.25,""mean_sine"":74303.25,""n"":32,""quantum_shot_uncertainty"":false,""rare_event_cost_tail"":""UNRESOLVED"",""var_cosine"":8.709677419354838,""var_sine"":8.709677419354838}"
b0daff612f84d7a465894886fdd43c9a193cc7b89bf32f087fd00eedc8dc5fcf,,cx_depth,,"{""cov_cos_sin"":54.65221774193548,""cross_candidate_covariance"":null,""formal_ci"":false,""interval_kind"":""ENGINEERING_INTERVAL_ONLY"",""mean_cosine"":63092.84375,""mean_sine"":63092.84375,""n"":32,""quantum_shot_uncertainty"":false,""rare_event_cost_tail"":""UNRESOLVED"",""var_cosine"":54.65221774193548,""var_sine"":54.65221774193548}"
b0daff612f84d7a465894886fdd43c9a193cc7b89bf32f087fd00eedc8dc5fcf,,total_depth,,"{""cov_cos_sin"":520.9022177419355,""cross_candidate_covariance"":null,""formal_ci"":false,""interval_kind"":""ENGINEERING_INTERVAL_ONLY"",""mean_cosine"":127362.53125,""mean_sine"":127362.53125,""n"":32,""quantum_shot_uncertainty"":false,""rare_event_cost_tail"":""UNRESOLVED"",""var_cosine"":520.9022177419355,""var_sine"":520.9022177419355}"
b0daff612f84d7a465894886fdd43c9a193cc7b89bf32f087fd00eedc8dc5fcf,,circuit_size,,"{""cov_cos_sin"":350.19254032258067,""cross_candidate_covariance"":null,""formal_ci"":false,""interval_kind"":""ENGINEERING_INTERVAL_ONLY"",""mean_cosine"":248153.46875,""mean_sine"":248153.46875,""n"":32,""quantum_shot_uncertainty"":false,""rare_event_cost_tail"":""UNRESOLVED"",""var_cosine"":350.19254032258067,""var_sine"":350.19254032258067}"
b21b40eaacf68ce89dc26ff215b980c60dad8d27487d551bbc4085e379373fa2,,rz_count,,"{""cov_cos_sin"":3314815.5120967743,""cross_candidate_covariance"":null,""formal_ci"":false,""interval_kind"":""ENGINEERING_INTERVAL_ONLY"",""mean_cosine"":36011.3125,""mean_sine"":36011.3125,""n"":32,""quantum_shot_uncertainty"":false,""rare_event_cost_tail"":""UNRESOLVED"",""var_cosine"":3314815.5120967743,""var_sine"":3314815.5120967743}"
b21b40eaacf68ce89dc26ff215b980c60dad8d27487d551bbc4085e379373fa2,,rz_depth,,"{""cov_cos_sin"":105939.99899193548,""cross_candidate_covariance"":null,""formal_ci"":false,""interval_kind"":""ENGINEERING_INTERVAL_ONLY"",""mean_cosine"":13207.53125,""mean_sine"":13207.53125,""n"":32,""quantum_shot_uncertainty"":false,""rare_event_cost_tail"":""UNRESOLVED"",""var_cosine"":105939.99899193548,""var_sine"":105939.99899193548}"
b21b40eaacf68ce89dc26ff215b980c60dad8d27487d551bbc4085e379373fa2,,cx_count,,"{""cov_cos_sin"":273275.7701612903,""cross_candidate_covariance"":null,""formal_ci"":false,""interval_kind"":""ENGINEERING_INTERVAL_ONLY"",""mean_cosine"":17475.3125,""mean_sine"":17475.3125,""n"":32,""quantum_shot_uncertainty"":false,""rare_event_cost_tail"":""UNRESOLVED"",""var_cosine"":273275.7701612903,""var_sine"":273275.7701612903}"
b21b40eaacf68ce89dc26ff215b980c60dad8d27487d551bbc4085e379373fa2,,cx_depth,,"{""cov_cos_sin"":29279.08064516129,""cross_candidate_covariance"":null,""formal_ci"":false,""interval_kind"":""ENGINEERING_INTERVAL_ONLY"",""mean_cosine"":13129.625,""mean_sine"":13129.625,""n"":32,""quantum_shot_uncertainty"":false,""rare_event_cost_tail"":""UNRESOLVED"",""var_cosine"":29279.08064516129,""var_sine"":29279.08064516129}"
b21b40eaacf68ce89dc26ff215b980c60dad8d27487d551bbc4085e379373fa2,,total_depth,,"{""cov_cos_sin"":523900.85383064515,""cross_candidate_covariance"":null,""formal_ci"":false,""interval_kind"":""ENGINEERING_INTERVAL_ONLY"",""mean_cosine"":28821.71875,""mean_sine"":28821.71875,""n"":32,""quantum_shot_uncertainty"":false,""rare_event_cost_tail"":""UNRESOLVED"",""var_cosine"":523900.85383064515,""var_sine"":523900.85383064515}"
b21b40eaacf68ce89dc26ff215b980c60dad8d27487d551bbc4085e379373fa2,,circuit_size,,"{""cov_cos_sin"":12942109.641129032,""cross_candidate_covariance"":null,""formal_ci"":false,""interval_kind"":""ENGINEERING_INTERVAL_ONLY"",""mean_cosine"":69536.3125,""mean_sine"":69536.3125,""n"":32,""quantum_shot_uncertainty"":false,""rare_event_cost_tail"":""UNRESOLVED"",""var_cosine"":12942109.641129032,""var_sine"":12942109.641129032}"
b2bcf4a11a0c4a580bc5d23ee09257b041105e712d4489fbcc2a7c9dcbb2df12,,rz_count,,"{""cov_cos_sin"":9.539314516129032,""cross_candidate_covariance"":null,""formal_ci"":false,""interval_kind"":""ENGINEERING_INTERVAL_ONLY"",""mean_cosine"":16508.40625,""mean_sine"":16508.40625,""n"":32,""quantum_shot_uncertainty"":false,""rare_event_cost_tail"":""UNRESOLVED"",""var_cosine"":9.539314516129032,""var_sine"":9.539314516129032}"
b2bcf4a11a0c4a580bc5d23ee09257b041105e712d4489fbcc2a7c9dcbb2df12,,rz_depth,,"{""cov_cos_sin"":10.765120967741936,""cross_candidate_covariance"":null,""formal_ci"":false,""interval_kind"":""ENGINEERING_INTERVAL_ONLY"",""mean_cosine"":7375.40625,""mean_sine"":7375.40625,""n"":32,""quantum_shot_uncertainty"":false,""rare_event_cost_tail"":""UNRESOLVED"",""var_cosine"":10.765120967741936,""var_sine"":10.765120967741936}"
b2bcf4a11a0c4a580bc5d23ee09257b041105e712d4489fbcc2a7c9dcbb2df12,,cx_count,,"{""cov_cos_sin"":0.0,""cross_candidate_covariance"":null,""formal_ci"":false,""interval_kind"":""ENGINEERING_INTERVAL_ONLY"",""mean_cosine"":9372.0,""mean_sine"":9372.0,""n"":32,""quantum_shot_uncertainty"":false,""rare_event_cost_tail"":""UNRESOLVED"",""var_cosine"":0.0,""var_sine"":0.0}"
b2bcf4a11a0c4a580bc5d23ee09257b041105e712d4489fbcc2a7c9dcbb2df12,,cx_depth,,"{""cov_cos_sin"":5.845766129032258,""cross_candidate_covariance"":null,""formal_ci"":false,""interval_kind"":""ENGINEERING_INTERVAL_ONLY"",""mean_cosine"":7921.34375,""mean_sine"":7921.34375,""n"":32,""quantum_shot_uncertainty"":false,""rare_event_cost_tail"":""UNRESOLVED"",""var_cosine"":5.845766129032258,""var_sine"":5.845766129032258}"
b2bcf4a11a0c4a580bc5d23ee09257b041105e712d4489fbcc2a7c9dcbb2df12,,total_depth,,"{""cov_cos_sin"":48.96370967741935,""cross_candidate_covariance"":null,""formal_ci"":false,""interval_kind"":""ENGINEERING_INTERVAL_ONLY"",""mean_cosine"":16040.4375,""mean_sine"":16040.4375,""n"":32,""quantum_shot_uncertainty"":false,""rare_event_cost_tail"":""UNRESOLVED"",""var_cosine"":48.96370967741935,""var_sine"":48.96370967741935}"
b2bcf4a11a0c4a580bc5d23ee09257b041105e712d4489fbcc2a7c9dcbb2df12,,circuit_size,,"{""cov_cos_sin"":21.805443548387096,""cross_candidate_covariance"":null,""formal_ci"":false,""interval_kind"":""ENGINEERING_INTERVAL_ONLY"",""mean_cosine"":31517.53125,""mean_sine"":31517.53125,""n"":32,""quantum_shot_uncertainty"":false,""rare_event_cost_tail"":""UNRESOLVED"",""var_cosine"":21.805443548387096,""var_sine"":21.805443548387096}"
bb1ef0b3d7fbcc5cae3084f25e03b16e170052bb8a895c0f96f8c8d40851bc0c,,rz_count,,"{""cov_cos_sin"":4148663.8669354836,""cross_candidate_covariance"":null,""formal_ci"":false,""interval_kind"":""ENGINEERING_INTERVAL_ONLY"",""mean_cosine"":17648.0625,""mean_sine"":17648.0625,""n"":32,""quantum_shot_uncertainty"":false,""rare_event_cost_tail"":""UNRESOLVED"",""var_cosine"":4148663.8669354836,""var_sine"":4148663.8669354836}"
bb1ef0b3d7fbcc5cae3084f25e03b16e170052bb8a895c0f96f8c8d40851bc0c,,rz_depth,,"{""cov_cos_sin"":180340.51612903227,""cross_candidate_covariance"":null,""formal_ci"":false,""interval_kind"":""ENGINEERING_INTERVAL_ONLY"",""mean_cosine"":4000.75,""mean_sine"":4000.75,""n"":32,""quantum_shot_uncertainty"":false,""rare_event_cost_tail"":""UNRESOLVED"",""var_cosine"":180340.51612903227,""var_sine"":180340.51612903227}"
bb1ef0b3d7fbcc5cae3084f25e03b16e170052bb8a895c0f96f8c8d40851bc0c,,cx_count,,"{""cov_cos_sin"":374470.8860887097,""cross_candidate_covariance"":null,""formal_ci"":false,""interval_kind"":""ENGINEERING_INTERVAL_ONLY"",""mean_cosine"":5798.21875,""mean_sine"":5798.21875,""n"":32,""quantum_shot_uncertainty"":false,""rare_event_cost_tail"":""UNRESOLVED"",""var_cosine"":374470.8860887097,""var_sine"":374470.8860887097}"
bb1ef0b3d7fbcc5cae3084f25e03b16e170052bb8a895c0f96f8c8d40851bc0c,,cx_depth,,"{""cov_cos_sin"":56001.08064516129,""cross_candidate_covariance"":null,""formal_ci"":false,""interval_kind"":""ENGINEERING_INTERVAL_ONLY"",""mean_cosine"":2654.125,""mean_sine"":2654.125,""n"":32,""quantum_shot_uncertainty"":false,""rare_event_cost_tail"":""UNRESOLVED"",""var_cosine"":56001.08064516129,""var_sine"":56001.08064516129}"
bb1ef0b3d7fbcc5cae3084f25e03b16e170052bb8a895c0f96f8c8d40851bc0c,,total_depth,,"{""cov_cos_sin"":871649.8346774194,""cross_candidate_covariance"":null,""formal_ci"":false,""interval_kind"":""ENGINEERING_INTERVAL_ONLY"",""mean_cosine"":8773.6875,""mean_sine"":8773.6875,""n"":32,""quantum_shot_uncertainty"":false,""rare_event_cost_tail"":""UNRESOLVED"",""var_cosine"":871649.8346774194,""var_sine"":871649.8346774194}"
bb1ef0b3d7fbcc5cae3084f25e03b16e170052bb8a895c0f96f8c8d40851bc0c,,circuit_size,,"{""cov_cos_sin"":15942066.571572581,""cross_candidate_covariance"":null,""formal_ci"":false,""interval_kind"":""ENGINEERING_INTERVAL_ONLY"",""mean_cosine"":34112.59375,""mean_sine"":34112.59375,""n"":32,""quantum_shot_uncertainty"":false,""rare_event_cost_tail"":""UNRESOLVED"",""var_cosine"":15942066.571572581,""var_sine"":15942066.571572581}"
bb3274d41dba00cd35559bf3f60afe130e96d55d4105956c36c239fd7164f16d,,rz_count,,"{""cov_cos_sin"":14155.724798387097,""cross_candidate_covariance"":null,""formal_ci"":false,""interval_kind"":""ENGINEERING_INTERVAL_ONLY"",""mean_cosine"":127301.78125,""mean_sine"":127301.78125,""n"":32,""quantum_shot_uncertainty"":false,""rare_event_cost_tail"":""UNRESOLVED"",""var_cosine"":14155.724798387097,""var_sine"":14155.724798387097}"
bb3274d41dba00cd35559bf3f60afe130e96d55d4105956c36c239fd7164f16d,,rz_depth,,"{""cov_cos_sin"":5.821572580645161,""cross_candidate_covariance"":null,""formal_ci"":false,""interval_kind"":""ENGINEERING_INTERVAL_ONLY"",""mean_cosine"":57091.71875,""mean_sine"":57091.71875,""n"":32,""quantum_shot_uncertainty"":false,""rare_event_cost_tail"":""UNRESOLVED"",""var_cosine"":5.821572580645161,""var_sine"":5.821572580645161}"
bb3274d41dba00cd35559bf3f60afe130e96d55d4105956c36c239fd7164f16d,,cx_count,,"{""cov_cos_sin"":1052.8870967741937,""cross_candidate_covariance"":null,""formal_ci"":false,""interval_kind"":""ENGINEERING_INTERVAL_ONLY"",""mean_cosine"":72530.125,""mean_sine"":72530.125,""n"":32,""quantum_shot_uncertainty"":false,""rare_event_cost_tail"":""UNRESOLVED"",""var_cosine"":1052.8870967741937,""var_sine"":1052.8870967741937}"
bb3274d41dba00cd35559bf3f60afe130e96d55d4105956c36c239fd7164f16d,,cx_depth,,"{""cov_cos_sin"":10.048387096774194,""cross_candidate_covariance"":null,""formal_ci"":false,""interval_kind"":""ENGINEERING_INTERVAL_ONLY"",""mean_cosine"":61472.125,""mean_sine"":61472.125,""n"":32,""quantum_shot_uncertainty"":false,""rare_event_cost_tail"":""UNRESOLVED"",""var_cosine"":10.048387096774194,""var_sine"":10.048387096774194}"
bb3274d41dba00cd35559bf3f60afe130e96d55d4105956c36c239fd7164f16d,,total_depth,,"{""cov_cos_sin"":187.1764112903226,""cross_candidate_covariance"":null,""formal_ci"":false,""interval_kind"":""ENGINEERING_INTERVAL_ONLY"",""mean_cosine"":124295.71875,""mean_sine"":124295.71875,""n"":32,""quantum_shot_uncertainty"":false,""rare_event_cost_tail"":""UNRESOLVED"",""var_cosine"":187.1764112903226,""var_sine"":187.1764112903226}"
bb3274d41dba00cd35559bf3f60afe130e96d55d4105956c36c239fd7164f16d,,circuit_size,,"{""cov_cos_sin"":51738.4747983871,""cross_candidate_covariance"":null,""formal_ci"":false,""interval_kind"":""ENGINEERING_INTERVAL_ONLY"",""mean_cosine"":243266.90625,""mean_sine"":243266.90625,""n"":32,""quantum_shot_uncertainty"":false,""rare_event_cost_tail"":""UNRESOLVED"",""var_cosine"":51738.4747983871,""var_sine"":51738.4747983871}"
bc0c4f7cd840b4439a3014f9e5398028d5824ebc5afeffa1830471772bb67ecd,,rz_count,,"{""cov_cos_sin"":266408.0282258064,""cross_candidate_covariance"":null,""formal_ci"":false,""interval_kind"":""ENGINEERING_INTERVAL_ONLY"",""mean_cosine"":3883.8125,""mean_sine"":3883.8125,""n"":32,""quantum_shot_uncertainty"":false,""rare_event_cost_tail"":""UNRESOLVED"",""var_cosine"":266408.0282258064,""var_sine"":266408.0282258064}"
bc0c4f7cd840b4439a3014f9e5398028d5824ebc5afeffa1830471772bb67ecd,,rz_depth,,"{""cov_cos_sin"":11706.055443548386,""cross_candidate_covariance"":null,""formal_ci"":false,""interval_kind"":""ENGINEERING_INTERVAL_ONLY"",""mean_cosine"":828.40625,""mean_sine"":828.40625,""n"":32,""quantum_shot_uncertainty"":false,""rare_event_cost_tail"":""UNRESOLVED"",""var_cosine"":11706.055443548386,""var_sine"":11706.055443548386}"
bc0c4f7cd840b4439a3014f9e5398028d5824ebc5afeffa1830471772bb67ecd,,cx_count,,"{""cov_cos_sin"":24118.902217741936,""cross_candidate_covariance"":null,""formal_ci"":false,""interval_kind"":""ENGINEERING_INTERVAL_ONLY"",""mean_cosine"":1223.46875,""mean_sine"":1223.46875,""n"":32,""quantum_shot_uncertainty"":false,""rare_event_cost_tail"":""UNRESOLVED"",""var_cosine"":24118.902217741936,""var_sine"":24118.902217741936}"
bc0c4f7cd840b4439a3014f9e5398028d5824ebc5afeffa1830471772bb67ecd,,cx_depth,,"{""cov_cos_sin"":4063.547379032258,""cross_candidate_covariance"":null,""formal_ci"":false,""interval_kind"":""ENGINEERING_INTERVAL_ONLY"",""mean_cosine"":506.53125,""mean_sine"":506.53125,""n"":32,""quantum_shot_uncertainty"":false,""rare_event_cost_tail"":""UNRESOLVED"",""var_cosine"":4063.547379032258,""var_sine"":4063.547379032258}"
bc0c4f7cd840b4439a3014f9e5398028d5824ebc5afeffa1830471772bb67ecd,,total_depth,,"{""cov_cos_sin"":58539.03931451613,""cross_candidate_covariance"":null,""formal_ci"":false,""interval_kind"":""ENGINEERING_INTERVAL_ONLY"",""mean_cosine"":1812.84375,""mean_sine"":1812.84375,""n"":32,""quantum_shot_uncertainty"":false,""rare_event_cost_tail"":""UNRESOLVED"",""var_cosine"":58539.03931451613,""var_sine"":58539.03931451613}"
bc0c4f7cd840b4439a3014f9e5398028d5824ebc5afeffa1830471772bb67ecd,,circuit_size,,"{""cov_cos_sin"":1029459.2217741936,""cross_candidate_covariance"":null,""formal_ci"":false,""interval_kind"":""ENGINEERING_INTERVAL_ONLY"",""mean_cosine"":7441.0625,""mean_sine"":7441.0625,""n"":32,""quantum_shot_uncertainty"":false,""rare_event_cost_tail"":""UNRESOLVED"",""var_cosine"":1029459.2217741936,""var_sine"":1029459.2217741936}"
bf0f920bd28e547b297c0eeaa17d894676a04238308dcdb278de3433cc52f8ef,,rz_count,,"{""cov_cos_sin"":24.092741935483872,""cross_candidate_covariance"":null,""formal_ci"":false,""interval_kind"":""ENGINEERING_INTERVAL_ONLY"",""mean_cosine"":32706.6875,""mean_sine"":32706.6875,""n"":32,""quantum_shot_uncertainty"":false,""rare_event_cost_tail"":""UNRESOLVED"",""var_cosine"":24.092741935483872,""var_sine"":24.092741935483872}"
bf0f920bd28e547b297c0eeaa17d894676a04238308dcdb278de3433cc52f8ef,,rz_depth,,"{""cov_cos_sin"":28.773185483870968,""cross_candidate_covariance"":null,""formal_ci"":false,""interval_kind"":""ENGINEERING_INTERVAL_ONLY"",""mean_cosine"":14686.46875,""mean_sine"":14686.46875,""n"":32,""quantum_shot_uncertainty"":false,""rare_event_cost_tail"":""UNRESOLVED"",""var_cosine"":28.773185483870968,""var_sine"":28.773185483870968}"
bf0f920bd28e547b297c0eeaa17d894676a04238308dcdb278de3433cc52f8ef,,cx_count,,"{""cov_cos_sin"":0.0,""cross_candidate_covariance"":null,""formal_ci"":false,""interval_kind"":""ENGINEERING_INTERVAL_ONLY"",""mean_cosine"":18648.0,""mean_sine"":18648.0,""n"":32,""quantum_shot_uncertainty"":false,""rare_event_cost_tail"":""UNRESOLVED"",""var_cosine"":0.0,""var_sine"":0.0}"
bf0f920bd28e547b297c0eeaa17d894676a04238308dcdb278de3433cc52f8ef,,cx_depth,,"{""cov_cos_sin"":12.564516129032258,""cross_candidate_covariance"":null,""formal_ci"":false,""interval_kind"":""ENGINEERING_INTERVAL_ONLY"",""mean_cosine"":15802.875,""mean_sine"":15802.875,""n"":32,""quantum_shot_uncertainty"":false,""rare_event_cost_tail"":""UNRESOLVED"",""var_cosine"":12.564516129032258,""var_sine"":12.564516129032258}"
bf0f920bd28e547b297c0eeaa17d894676a04238308dcdb278de3433cc52f8ef,,total_depth,,"{""cov_cos_sin"":112.56350806451613,""cross_candidate_covariance"":null,""formal_ci"":false,""interval_kind"":""ENGINEERING_INTERVAL_ONLY"",""mean_cosine"":31943.21875,""mean_sine"":31943.21875,""n"":32,""quantum_shot_uncertainty"":false,""rare_event_cost_tail"":""UNRESOLVED"",""var_cosine"":112.56350806451613,""var_sine"":112.56350806451613}"
bf0f920bd28e547b297c0eeaa17d894676a04238308dcdb278de3433cc52f8ef,,circuit_size,,"{""cov_cos_sin"":56.378024193548384,""cross_candidate_covariance"":null,""formal_ci"":false,""interval_kind"":""ENGINEERING_INTERVAL_ONLY"",""mean_cosine"":62466.59375,""mean_sine"":62466.59375,""n"":32,""quantum_shot_uncertainty"":false,""rare_event_cost_tail"":""UNRESOLVED"",""var_cosine"":56.378024193548384,""var_sine"":56.378024193548384}"
c0a571a3d3d03d7fe5b14d9e1878f40572e72073aeba8c3db752e484b5df1b6c,,rz_count,,"{""cov_cos_sin"":335.19254032258067,""cross_candidate_covariance"":null,""formal_ci"":false,""interval_kind"":""ENGINEERING_INTERVAL_ONLY"",""mean_cosine"":128699.96875,""mean_sine"":128699.96875,""n"":32,""quantum_shot_uncertainty"":false,""rare_event_cost_tail"":""UNRESOLVED"",""var_cosine"":335.19254032258067,""var_sine"":335.19254032258067}"
c0a571a3d3d03d7fe5b14d9e1878f40572e72073aeba8c3db752e484b5df1b6c,,rz_depth,,"{""cov_cos_sin"":49.57157258064516,""cross_candidate_covariance"":null,""formal_ci"":false,""interval_kind"":""ENGINEERING_INTERVAL_ONLY"",""mean_cosine"":57773.09375,""mean_sine"":57773.09375,""n"":32,""quantum_shot_uncertainty"":false,""rare_event_cost_tail"":""UNRESOLVED"",""var_cosine"":49.57157258064516,""var_sine"":49.57157258064516}"
c0a571a3d3d03d7fe5b14d9e1878f40572e72073aeba8c3db752e484b5df1b6c,,cx_count,,"{""cov_cos_sin"":15.483870967741936,""cross_candidate_covariance"":null,""formal_ci"":false,""interval_kind"":""ENGINEERING_INTERVAL_ONLY"",""mean_cosine"":73407.0,""mean_sine"":73407.0,""n"":32,""quantum_shot_uncertainty"":false,""rare_event_cost_tail"":""UNRESOLVED"",""var_cosine"":15.483870967741936,""var_sine"":15.483870967741936}"
c0a571a3d3d03d7fe5b14d9e1878f40572e72073aeba8c3db752e484b5df1b6c,,cx_depth,,"{""cov_cos_sin"":23.350806451612904,""cross_candidate_covariance"":null,""formal_ci"":false,""interval_kind"":""ENGINEERING_INTERVAL_ONLY"",""mean_cosine"":62226.5625,""mean_sine"":62226.5625,""n"":32,""quantum_shot_uncertainty"":false,""rare_event_cost_tail"":""UNRESOLVED"",""var_cosine"":23.350806451612904,""var_sine"":23.350806451612904}"
c0a571a3d3d03d7fe5b14d9e1878f40572e72073aeba8c3db752e484b5df1b6c,,total_depth,,"{""cov_cos_sin"":152.18951612903226,""cross_candidate_covariance"":null,""formal_ci"":false,""interval_kind"":""ENGINEERING_INTERVAL_ONLY"",""mean_cosine"":125724.9375,""mean_sine"":125724.9375,""n"":32,""quantum_shot_uncertainty"":false,""rare_event_cost_tail"":""UNRESOLVED"",""var_cosine"":152.18951612903226,""var_sine"":152.18951612903226}"
c0a571a3d3d03d7fe5b14d9e1878f40572e72073aeba8c3db752e484b5df1b6c,,circuit_size,,"{""cov_cos_sin"":1094.8225806451612,""cross_candidate_covariance"":null,""formal_ci"":false,""interval_kind"":""ENGINEERING_INTERVAL_ONLY"",""mean_cosine"":245905.375,""mean_sine"":245905.375,""n"":32,""quantum_shot_uncertainty"":false,""rare_event_cost_tail"":""UNRESOLVED"",""var_cosine"":1094.8225806451612,""var_sine"":1094.8225806451612}"
c1ded26f91069ef243491b22c21355e42f3fa20d78730046b90a530faf66e798,,rz_count,,"{""cov_cos_sin"":1266671.6280241935,""cross_candidate_covariance"":null,""formal_ci"":false,""interval_kind"":""ENGINEERING_INTERVAL_ONLY"",""mean_cosine"":4590.71875,""mean_sine"":4590.71875,""n"":32,""quantum_shot_uncertainty"":false,""rare_event_cost_tail"":""UNRESOLVED"",""var_cosine"":1266671.6280241935,""var_sine"":1266671.6280241935}"
c1ded26f91069ef243491b22c21355e42f3fa20d78730046b90a530faf66e798,,rz_depth,,"{""cov_cos_sin"":60768.878024193546,""cross_candidate_covariance"":null,""formal_ci"":false,""interval_kind"":""ENGINEERING_INTERVAL_ONLY"",""mean_cosine"":1041.34375,""mean_sine"":1041.34375,""n"":32,""quantum_shot_uncertainty"":false,""rare_event_cost_tail"":""UNRESOLVED"",""var_cosine"":60768.878024193546,""var_sine"":60768.878024193546}"
c1ded26f91069ef243491b22c21355e42f3fa20d78730046b90a530faf66e798,,cx_count,,"{""cov_cos_sin"":119216.70564516129,""cross_candidate_covariance"":null,""formal_ci"":false,""interval_kind"":""ENGINEERING_INTERVAL_ONLY"",""mean_cosine"":1504.9375,""mean_sine"":1504.9375,""n"":32,""quantum_shot_uncertainty"":false,""rare_event_cost_tail"":""UNRESOLVED"",""var_cosine"":119216.70564516129,""var_sine"":119216.70564516129}"
c1ded26f91069ef243491b22c21355e42f3fa20d78730046b90a530faf66e798,,cx_depth,,"{""cov_cos_sin"":20440.482862903227,""cross_candidate_covariance"":null,""formal_ci"":false,""interval_kind"":""ENGINEERING_INTERVAL_ONLY"",""mean_cosine"":692.96875,""mean_sine"":692.96875,""n"":32,""quantum_shot_uncertainty"":false,""rare_event_cost_tail"":""UNRESOLVED"",""var_cosine"":20440.482862903227,""var_sine"":20440.482862903227}"
c1ded26f91069ef243491b22c21355e42f3fa20d78730046b90a530faf66e798,,total_depth,,"{""cov_cos_sin"":289596.79737903224,""cross_candidate_covariance"":null,""formal_ci"":false,""interval_kind"":""ENGINEERING_INTERVAL_ONLY"",""mean_cosine"":2284.90625,""mean_sine"":2284.90625,""n"":32,""quantum_shot_uncertainty"":false,""rare_event_cost_tail"":""UNRESOLVED"",""var_cosine"":289596.79737903224,""var_sine"":289596.79737903224}"
c1ded26f91069ef243491b22c21355e42f3fa20d78730046b90a530faf66e798,,circuit_size,,"{""cov_cos_sin"":4799825.29032258,""cross_candidate_covariance"":null,""formal_ci"":false,""interval_kind"":""ENGINEERING_INTERVAL_ONLY"",""mean_cosine"":8879.75,""mean_sine"":8879.75,""n"":32,""quantum_shot_uncertainty"":false,""rare_event_cost_tail"":""UNRESOLVED"",""var_cosine"":4799825.29032258,""var_sine"":4799825.29032258}"
c281ca29e875d2ebe1c38473de3ddd32bb5649f6daceb36fdedd7b4e8f127b50,,rz_count,,"{""cov_cos_sin"":0.0,""cross_candidate_covariance"":null,""formal_ci"":false,""interval_kind"":""ENGINEERING_INTERVAL_ONLY"",""mean_cosine"":5446.0,""mean_sine"":5446.0,""n"":1,""quantum_shot_uncertainty"":false,""rare_event_cost_tail"":""UNRESOLVED"",""var_cosine"":0.0,""var_sine"":0.0}"
c281ca29e875d2ebe1c38473de3ddd32bb5649f6daceb36fdedd7b4e8f127b50,,rz_depth,,"{""cov_cos_sin"":0.0,""cross_candidate_covariance"":null,""formal_ci"":false,""interval_kind"":""ENGINEERING_INTERVAL_ONLY"",""mean_cosine"":2414.0,""mean_sine"":2414.0,""n"":1,""quantum_shot_uncertainty"":false,""rare_event_cost_tail"":""UNRESOLVED"",""var_cosine"":0.0,""var_sine"":0.0}"
c281ca29e875d2ebe1c38473de3ddd32bb5649f6daceb36fdedd7b4e8f127b50,,cx_count,,"{""cov_cos_sin"":0.0,""cross_candidate_covariance"":null,""formal_ci"":false,""interval_kind"":""ENGINEERING_INTERVAL_ONLY"",""mean_cosine"":3080.0,""mean_sine"":3080.0,""n"":1,""quantum_shot_uncertainty"":false,""rare_event_cost_tail"":""UNRESOLVED"",""var_cosine"":0.0,""var_sine"":0.0}"
c281ca29e875d2ebe1c38473de3ddd32bb5649f6daceb36fdedd7b4e8f127b50,,cx_depth,,"{""cov_cos_sin"":0.0,""cross_candidate_covariance"":null,""formal_ci"":false,""interval_kind"":""ENGINEERING_INTERVAL_ONLY"",""mean_cosine"":2593.0,""mean_sine"":2593.0,""n"":1,""quantum_shot_uncertainty"":false,""rare_event_cost_tail"":""UNRESOLVED"",""var_cosine"":0.0,""var_sine"":0.0}"
c281ca29e875d2ebe1c38473de3ddd32bb5649f6daceb36fdedd7b4e8f127b50,,total_depth,,"{""cov_cos_sin"":0.0,""cross_candidate_covariance"":null,""formal_ci"":false,""interval_kind"":""ENGINEERING_INTERVAL_ONLY"",""mean_cosine"":5258.0,""mean_sine"":5258.0,""n"":1,""quantum_shot_uncertainty"":false,""rare_event_cost_tail"":""UNRESOLVED"",""var_cosine"":0.0,""var_sine"":0.0}"
c281ca29e875d2ebe1c38473de3ddd32bb5649f6daceb36fdedd7b4e8f127b50,,circuit_size,,"{""cov_cos_sin"":0.0,""cross_candidate_covariance"":null,""formal_ci"":false,""interval_kind"":""ENGINEERING_INTERVAL_ONLY"",""mean_cosine"":10348.0,""mean_sine"":10348.0,""n"":1,""quantum_shot_uncertainty"":false,""rare_event_cost_tail"":""UNRESOLVED"",""var_cosine"":0.0,""var_sine"":0.0}"
c30ac93e411cfcdcc1e83245c50605b7b566d929f05c979ab6ca8c13c56aa1c4,,rz_count,,"{""cov_cos_sin"":209558.70967741936,""cross_candidate_covariance"":null,""formal_ci"":false,""interval_kind"":""ENGINEERING_INTERVAL_ONLY"",""mean_cosine"":6103.25,""mean_sine"":6103.25,""n"":32,""quantum_shot_uncertainty"":false,""rare_event_cost_tail"":""UNRESOLVED"",""var_cosine"":209558.70967741936,""var_sine"":209558.70967741936}"
c30ac93e411cfcdcc1e83245c50605b7b566d929f05c979ab6ca8c13c56aa1c4,,rz_depth,,"{""cov_cos_sin"":9464.415322580646,""cross_candidate_covariance"":null,""formal_ci"":false,""interval_kind"":""ENGINEERING_INTERVAL_ONLY"",""mean_cosine"":1326.3125,""mean_sine"":1326.3125,""n"":32,""quantum_shot_uncertainty"":false,""rare_event_cost_tail"":""UNRESOLVED"",""var_cosine"":9464.415322580646,""var_sine"":9464.415322580646}"
c30ac93e411cfcdcc1e83245c50605b7b566d929f05c979ab6ca8c13c56aa1c4,,cx_count,,"{""cov_cos_sin"":19697.18447580645,""cross_candidate_covariance"":null,""formal_ci"":false,""interval_kind"":""ENGINEERING_INTERVAL_ONLY"",""mean_cosine"":1948.90625,""mean_sine"":1948.90625,""n"":32,""quantum_shot_uncertainty"":false,""rare_event_cost_tail"":""UNRESOLVED"",""var_cosine"":19697.18447580645,""var_sine"":19697.18447580645}"
c30ac93e411cfcdcc1e83245c50605b7b566d929f05c979ab6ca8c13c56aa1c4,,cx_depth,,"{""cov_cos_sin"":3497.2096774193546,""cross_candidate_covariance"":null,""formal_ci"":false,""interval_kind"":""ENGINEERING_INTERVAL_ONLY"",""mean_cosine"":825.625,""mean_sine"":825.625,""n"":32,""quantum_shot_uncertainty"":false,""rare_event_cost_tail"":""UNRESOLVED"",""var_cosine"":3497.2096774193546,""var_sine"":3497.2096774193546}"
c30ac93e411cfcdcc1e83245c50605b7b566d929f05c979ab6ca8c13c56aa1c4,,total_depth,,"{""cov_cos_sin"":45615.9314516129,""cross_candidate_covariance"":null,""formal_ci"":false,""interval_kind"":""ENGINEERING_INTERVAL_ONLY"",""mean_cosine"":2895.9375,""mean_sine"":2895.9375,""n"":32,""quantum_shot_uncertainty"":false,""rare_event_cost_tail"":""UNRESOLVED"",""var_cosine"":45615.9314516129,""var_sine"":45615.9314516129}"
c30ac93e411cfcdcc1e83245c50605b7b566d929f05c979ab6ca8c13c56aa1c4,,circuit_size,,"{""cov_cos_sin"":792686.7247983871,""cross_candidate_covariance"":null,""formal_ci"":false,""interval_kind"":""ENGINEERING_INTERVAL_ONLY"",""mean_cosine"":11655.28125,""mean_sine"":11655.28125,""n"":32,""quantum_shot_uncertainty"":false,""rare_event_cost_tail"":""UNRESOLVED"",""var_cosine"":792686.7247983871,""var_sine"":792686.7247983871}"
c6b6e1622d990b66bd9ffa36353ad422a7eaa149186484001b5ff0d258b88bcc,,rz_count,,"{""cov_cos_sin"":2401.8215725806454,""cross_candidate_covariance"":null,""formal_ci"":false,""interval_kind"":""ENGINEERING_INTERVAL_ONLY"",""mean_cosine"":32143.71875,""mean_sine"":32143.71875,""n"":32,""quantum_shot_uncertainty"":false,""rare_event_cost_tail"":""UNRESOLVED"",""var_cosine"":2401.8215725806454,""var_sine"":2401.8215725806454}"
c6b6e1622d990b66bd9ffa36353ad422a7eaa149186484001b5ff0d258b88bcc,,rz_depth,,"{""cov_cos_sin"":2.7006048387096775,""cross_candidate_covariance"":null,""formal_ci"":false,""interval_kind"":""ENGINEERING_INTERVAL_ONLY"",""mean_cosine"":14346.59375,""mean_sine"":14346.59375,""n"":32,""quantum_shot_uncertainty"":false,""rare_event_cost_tail"":""UNRESOLVED"",""var_cosine"":2.7006048387096775,""var_sine"":2.7006048387096775}"
c6b6e1622d990b66bd9ffa36353ad422a7eaa149186484001b5ff0d258b88bcc,,cx_count,,"{""cov_cos_sin"":158.9516129032258,""cross_candidate_covariance"":null,""formal_ci"":false,""interval_kind"":""ENGINEERING_INTERVAL_ONLY"",""mean_cosine"":18245.875,""mean_sine"":18245.875,""n"":32,""quantum_shot_uncertainty"":false,""rare_event_cost_tail"":""UNRESOLVED"",""var_cosine"":158.9516129032258,""var_sine"":158.9516129032258}"
c6b6e1622d990b66bd9ffa36353ad422a7eaa149186484001b5ff0d258b88bcc,,cx_depth,,"{""cov_cos_sin"":2.129032258064516,""cross_candidate_covariance"":null,""formal_ci"":false,""interval_kind"":""ENGINEERING_INTERVAL_ONLY"",""mean_cosine"":15425.25,""mean_sine"":15425.25,""n"":32,""quantum_shot_uncertainty"":false,""rare_event_cost_tail"":""UNRESOLVED"",""var_cosine"":2.129032258064516,""var_sine"":2.129032258064516}"
c6b6e1622d990b66bd9ffa36353ad422a7eaa149186484001b5ff0d258b88bcc,,total_depth,,"{""cov_cos_sin"":22.297379032258064,""cross_candidate_covariance"":null,""formal_ci"":false,""interval_kind"":""ENGINEERING_INTERVAL_ONLY"",""mean_cosine"":31229.34375,""mean_sine"":31229.34375,""n"":32,""quantum_shot_uncertainty"":false,""rare_event_cost_tail"":""UNRESOLVED"",""var_cosine"":22.297379032258064,""var_sine"":22.297379032258064}"
c6b6e1622d990b66bd9ffa36353ad422a7eaa149186484001b5ff0d258b88bcc,,circuit_size,,"{""cov_cos_sin"":8439.087701612903,""cross_candidate_covariance"":null,""formal_ci"":false,""interval_kind"":""ENGINEERING_INTERVAL_ONLY"",""mean_cosine"":61406.59375,""mean_sine"":61406.59375,""n"":32,""quantum_shot_uncertainty"":false,""rare_event_cost_tail"":""UNRESOLVED"",""var_cosine"":8439.087701612903,""var_sine"":8439.087701612903}"
c72bdad0577d84103eccd94f9c73cf3160cf52b053167e2248a7904889302211,,rz_count,,"{""cov_cos_sin"":432498.3185483871,""cross_candidate_covariance"":null,""formal_ci"":false,""interval_kind"":""ENGINEERING_INTERVAL_ONLY"",""mean_cosine"":3389.5625,""mean_sine"":3389.5625,""n"":32,""quantum_shot_uncertainty"":false,""rare_event_cost_tail"":""UNRESOLVED"",""var_cosine"":432498.3185483871,""var_sine"":432498.3185483871}"
c72bdad0577d84103eccd94f9c73cf3160cf52b053167e2248a7904889302211,,rz_depth,,"{""cov_cos_sin"":17302.451612903227,""cross_candidate_covariance"":null,""formal_ci"":false,""interval_kind"":""ENGINEERING_INTERVAL_ONLY"",""mean_cosine"":716.5,""mean_sine"":716.5,""n"":32,""quantum_shot_uncertainty"":false,""rare_event_cost_tail"":""UNRESOLVED"",""var_cosine"":17302.451612903227,""var_sine"":17302.451612903227}"
c72bdad0577d84103eccd94f9c73cf3160cf52b053167e2248a7904889302211,,cx_count,,"{""cov_cos_sin"":38032.563508064515,""cross_candidate_covariance"":null,""formal_ci"":false,""interval_kind"":""ENGINEERING_INTERVAL_ONLY"",""mean_cosine"":1063.21875,""mean_sine"":1063.21875,""n"":32,""quantum_shot_uncertainty"":false,""rare_event_cost_tail"":""UNRESOLVED"",""var_cosine"":38032.563508064515,""var_sine"":38032.563508064515}"
c72bdad0577d84103eccd94f9c73cf3160cf52b053167e2248a7904889302211,,cx_depth,,"{""cov_cos_sin"":5383.7973790322585,""cross_candidate_covariance"":null,""formal_ci"":false,""interval_kind"":""ENGINEERING_INTERVAL_ONLY"",""mean_cosine"":434.40625,""mean_sine"":434.40625,""n"":32,""quantum_shot_uncertainty"":false,""rare_event_cost_tail"":""UNRESOLVED"",""var_cosine"":5383.7973790322585,""var_sine"":5383.7973790322585}"
c72bdad0577d84103eccd94f9c73cf3160cf52b053167e2248a7904889302211,,total_depth,,"{""cov_cos_sin"":85184.02822580645,""cross_candidate_covariance"":null,""formal_ci"":false,""interval_kind"":""ENGINEERING_INTERVAL_ONLY"",""mean_cosine"":1568.3125,""mean_sine"":1568.3125,""n"":32,""quantum_shot_uncertainty"":false,""rare_event_cost_tail"":""UNRESOLVED"",""var_cosine"":85184.02822580645,""var_sine"":85184.02822580645}"
c72bdad0577d84103eccd94f9c73cf3160cf52b053167e2248a7904889302211,,circuit_size,,"{""cov_cos_sin"":1675660.060483871,""cross_candidate_covariance"":null,""formal_ci"":false,""interval_kind"":""ENGINEERING_INTERVAL_ONLY"",""mean_cosine"":6466.4375,""mean_sine"":6466.4375,""n"":32,""quantum_shot_uncertainty"":false,""rare_event_cost_tail"":""UNRESOLVED"",""var_cosine"":1675660.060483871,""var_sine"":1675660.060483871}"
c904cccb489d0c29a24e8301e097a0dee129239048c2afa55328d8e5be388542,,rz_count,,"{""cov_cos_sin"":166802.60887096773,""cross_candidate_covariance"":null,""formal_ci"":false,""interval_kind"":""ENGINEERING_INTERVAL_ONLY"",""mean_cosine"":47422.1875,""mean_sine"":47422.1875,""n"":32,""quantum_shot_uncertainty"":false,""rare_event_cost_tail"":""UNRESOLVED"",""var_cosine"":166802.60887096773,""var_sine"":166802.60887096773}"
c904cccb489d0c29a24e8301e097a0dee129239048c2afa55328d8e5be388542,,rz_depth,,"{""cov_cos_sin"":7882.402217741936,""cross_candidate_covariance"":null,""formal_ci"":false,""interval_kind"":""ENGINEERING_INTERVAL_ONLY"",""mean_cosine"":20058.71875,""mean_sine"":20058.71875,""n"":32,""quantum_shot_uncertainty"":false,""rare_event_cost_tail"":""UNRESOLVED"",""var_cosine"":7882.402217741936,""var_sine"":7882.402217741936}"
c904cccb489d0c29a24e8301e097a0dee129239048c2afa55328d8e5be388542,,cx_count,,"{""cov_cos_sin"":14642.774193548386,""cross_candidate_covariance"":null,""formal_ci"":false,""interval_kind"":""ENGINEERING_INTERVAL_ONLY"",""mean_cosine"":25843.75,""mean_sine"":25843.75,""n"":32,""quantum_shot_uncertainty"":false,""rare_event_cost_tail"":""UNRESOLVED"",""var_cosine"":14642.774193548386,""var_sine"":14642.774193548386}"
c904cccb489d0c29a24e8301e097a0dee129239048c2afa55328d8e5be388542,,cx_depth,,"{""cov_cos_sin"":2286.047379032258,""cross_candidate_covariance"":null,""formal_ci"":false,""interval_kind"":""ENGINEERING_INTERVAL_ONLY"",""mean_cosine"":21192.78125,""mean_sine"":21192.78125,""n"":32,""quantum_shot_uncertainty"":false,""rare_event_cost_tail"":""UNRESOLVED"",""var_cosine"":2286.047379032258,""var_sine"":2286.047379032258}"
c904cccb489d0c29a24e8301e097a0dee129239048c2afa55328d8e5be388542,,total_depth,,"{""cov_cos_sin"":37158.95866935484,""cross_candidate_covariance"":null,""formal_ci"":false,""interval_kind"":""ENGINEERING_INTERVAL_ONLY"",""mean_cosine"":43716.59375,""mean_sine"":43716.59375,""n"":32,""quantum_shot_uncertainty"":false,""rare_event_cost_tail"":""UNRESOLVED"",""var_cosine"":37158.95866935484,""var_sine"":37158.95866935484}"
c904cccb489d0c29a24e8301e097a0dee129239048c2afa55328d8e5be388542,,circuit_size,,"{""cov_cos_sin"":647105.1572580645,""cross_candidate_covariance"":null,""formal_ci"":false,""interval_kind"":""ENGINEERING_INTERVAL_ONLY"",""mean_cosine"":90506.0625,""mean_sine"":90506.0625,""n"":32,""quantum_shot_uncertainty"":false,""rare_event_cost_tail"":""UNRESOLVED"",""var_cosine"":647105.1572580645,""var_sine"":647105.1572580645}"
c9b417e6f6571261f810811dc1da992b81b468cc3c83a04cd8227b9aa7769de5,,rz_count,,"{""cov_cos_sin"":245868.15725806452,""cross_candidate_covariance"":null,""formal_ci"":false,""interval_kind"":""ENGINEERING_INTERVAL_ONLY"",""mean_cosine"":13415.1875,""mean_sine"":13415.1875,""n"":32,""quantum_shot_uncertainty"":false,""rare_event_cost_tail"":""UNRESOLVED"",""var_cosine"":245868.15725806452,""var_sine"":245868.15725806452}"
c9b417e6f6571261f810811dc1da992b81b468cc3c83a04cd8227b9aa7769de5,,rz_depth,,"{""cov_cos_sin"":9212.737903225807,""cross_candidate_covariance"":null,""formal_ci"":false,""interval_kind"":""ENGINEERING_INTERVAL_ONLY"",""mean_cosine"":5397.3125,""mean_sine"":5397.3125,""n"":32,""quantum_shot_uncertainty"":false,""rare_event_cost_tail"":""UNRESOLVED"",""var_cosine"":9212.737903225807,""var_sine"":9212.737903225807}"
c9b417e6f6571261f810811dc1da992b81b468cc3c83a04cd8227b9aa7769de5,,cx_count,,"{""cov_cos_sin"":20828.96370967742,""cross_candidate_covariance"":null,""formal_ci"":false,""interval_kind"":""ENGINEERING_INTERVAL_ONLY"",""mean_cosine"":7015.4375,""mean_sine"":7015.4375,""n"":32,""quantum_shot_uncertainty"":false,""rare_event_cost_tail"":""UNRESOLVED"",""var_cosine"":20828.96370967742,""var_sine"":20828.96370967742}"
c9b417e6f6571261f810811dc1da992b81b468cc3c83a04cd8227b9aa7769de5,,cx_depth,,"{""cov_cos_sin"":2476.3870967741937,""cross_candidate_covariance"":null,""formal_ci"":false,""interval_kind"":""ENGINEERING_INTERVAL_ONLY"",""mean_cosine"":5589.5,""mean_sine"":5589.5,""n"":32,""quantum_shot_uncertainty"":false,""rare_event_cost_tail"":""UNRESOLVED"",""var_cosine"":2476.3870967741937,""var_sine"":2476.3870967741937}"
c9b417e6f6571261f810811dc1da992b81b468cc3c83a04cd8227b9aa7769de5,,total_depth,,"{""cov_cos_sin"":44844.740927419356,""cross_candidate_covariance"":null,""formal_ci"":false,""interval_kind"":""ENGINEERING_INTERVAL_ONLY"",""mean_cosine"":11763.03125,""mean_sine"":11763.03125,""n"":32,""quantum_shot_uncertainty"":false,""rare_event_cost_tail"":""UNRESOLVED"",""var_cosine"":44844.740927419356,""var_sine"":44844.740927419356}"
c9b417e6f6571261f810811dc1da992b81b468cc3c83a04cd8227b9aa7769de5,,circuit_size,,"{""cov_cos_sin"":964149.7328629033,""cross_candidate_covariance"":null,""formal_ci"":false,""interval_kind"":""ENGINEERING_INTERVAL_ONLY"",""mean_cosine"":25663.59375,""mean_sine"":25663.59375,""n"":32,""quantum_shot_uncertainty"":false,""rare_event_cost_tail"":""UNRESOLVED"",""var_cosine"":964149.7328629033,""var_sine"":964149.7328629033}"
ca6f63315793fde5bb949bac34cb178743e77289ede3e5933c97319870834050,,rz_count,,"{""cov_cos_sin"":2271.3377016129034,""cross_candidate_covariance"":null,""formal_ci"":false,""interval_kind"":""ENGINEERING_INTERVAL_ONLY"",""mean_cosine"":11810.78125,""mean_sine"":11810.78125,""n"":32,""quantum_shot_uncertainty"":false,""rare_event_cost_tail"":""UNRESOLVED"",""var_cosine"":2271.3377016129034,""var_sine"":2271.3377016129034}"
ca6f63315793fde5bb949bac34cb178743e77289ede3e5933c97319870834050,,rz_depth,,"{""cov_cos_sin"":10.931451612903226,""cross_candidate_covariance"":null,""formal_ci"":false,""interval_kind"":""ENGINEERING_INTERVAL_ONLY"",""mean_cosine"":5002.3125,""mean_sine"":5002.3125,""n"":32,""quantum_shot_uncertainty"":false,""rare_event_cost_tail"":""UNRESOLVED"",""var_cosine"":10.931451612903226,""var_sine"":10.931451612903226}"
ca6f63315793fde5bb949bac34cb178743e77289ede3e5933c97319870834050,,cx_count,,"{""cov_cos_sin"":159.96370967741936,""cross_candidate_covariance"":null,""formal_ci"":false,""interval_kind"":""ENGINEERING_INTERVAL_ONLY"",""mean_cosine"":6436.8125,""mean_sine"":6436.8125,""n"":32,""quantum_shot_uncertainty"":false,""rare_event_cost_tail"":""UNRESOLVED"",""var_cosine"":159.96370967741936,""var_sine"":159.96370967741936}"
ca6f63315793fde5bb949bac34cb178743e77289ede3e5933c97319870834050,,cx_depth,,"{""cov_cos_sin"":4.580645161290323,""cross_candidate_covariance"":null,""formal_ci"":false,""interval_kind"":""ENGINEERING_INTERVAL_ONLY"",""mean_cosine"":5281.75,""mean_sine"":5281.75,""n"":32,""quantum_shot_uncertainty"":false,""rare_event_cost_tail"":""UNRESOLVED"",""var_cosine"":4.580645161290323,""var_sine"":4.580645161290323}"
ca6f63315793fde5bb949bac34cb178743e77289ede3e5933c97319870834050,,total_depth,,"{""cov_cos_sin"":65.57963709677419,""cross_candidate_covariance"":null,""formal_ci"":false,""interval_kind"":""ENGINEERING_INTERVAL_ONLY"",""mean_cosine"":10898.96875,""mean_sine"":10898.96875,""n"":32,""quantum_shot_uncertainty"":false,""rare_event_cost_tail"":""UNRESOLVED"",""var_cosine"":65.57963709677419,""var_sine"":65.57963709677419}"
ca6f63315793fde5bb949bac34cb178743e77289ede3e5933c97319870834050,,circuit_size,,"{""cov_cos_sin"":10232.063508064517,""cross_candidate_covariance"":null,""formal_ci"":false,""interval_kind"":""ENGINEERING_INTERVAL_ONLY"",""mean_cosine"":22502.46875,""mean_sine"":22502.46875,""n"":32,""quantum_shot_uncertainty"":false,""rare_event_cost_tail"":""UNRESOLVED"",""var_cosine"":10232.063508064517,""var_sine"":10232.063508064517}"
caad486e79c9bac0e56b96b582f24e7ea86784b1d9dad3f46d5e21a3e0feb7be,,rz_count,,"{""cov_cos_sin"":25258.350806451614,""cross_candidate_covariance"":null,""formal_ci"":false,""interval_kind"":""ENGINEERING_INTERVAL_ONLY"",""mean_cosine"":22464.1875,""mean_sine"":22464.1875,""n"":32,""quantum_shot_uncertainty"":false,""rare_event_cost_tail"":""UNRESOLVED"",""var_cosine"":25258.350806451614,""var_sine"":25258.350806451614}"
caad486e79c9bac0e56b96b582f24e7ea86784b1d9dad3f46d5e21a3e0feb7be,,rz_depth,,"{""cov_cos_sin"":1959.5120967741937,""cross_candidate_covariance"":null,""formal_ci"":false,""interval_kind"":""ENGINEERING_INTERVAL_ONLY"",""mean_cosine"":9738.3125,""mean_sine"":9738.3125,""n"":32,""quantum_shot_uncertainty"":false,""rare_event_cost_tail"":""UNRESOLVED"",""var_cosine"":1959.5120967741937,""var_sine"":1959.5120967741937}"
caad486e79c9bac0e56b96b582f24e7ea86784b1d9dad3f46d5e21a3e0feb7be,,cx_count,,"{""cov_cos_sin"":2404.189516129032,""cross_candidate_covariance"":null,""formal_ci"":false,""interval_kind"":""ENGINEERING_INTERVAL_ONLY"",""mean_cosine"":12493.4375,""mean_sine"":12493.4375,""n"":32,""quantum_shot_uncertainty"":false,""rare_event_cost_tail"":""UNRESOLVED"",""var_cosine"":2404.189516129032,""var_sine"":2404.189516129032}"
caad486e79c9bac0e56b96b582f24e7ea86784b1d9dad3f46d5e21a3e0feb7be,,cx_depth,,"{""cov_cos_sin"":635.4153225806451,""cross_candidate_covariance"":null,""formal_ci"":false,""interval_kind"":""ENGINEERING_INTERVAL_ONLY"",""mean_cosine"":10397.9375,""mean_sine"":10397.9375,""n"":32,""quantum_shot_uncertainty"":false,""rare_event_cost_tail"":""UNRESOLVED"",""var_cosine"":635.4153225806451,""var_sine"":635.4153225806451}"
caad486e79c9bac0e56b96b582f24e7ea86784b1d9dad3f46d5e21a3e0feb7be,,total_depth,,"{""cov_cos_sin"":8847.286290322581,""cross_candidate_covariance"":null,""formal_ci"":false,""interval_kind"":""ENGINEERING_INTERVAL_ONLY"",""mean_cosine"":21207.5625,""mean_sine"":21207.5625,""n"":32,""quantum_shot_uncertainty"":false,""rare_event_cost_tail"":""UNRESOLVED"",""var_cosine"":8847.286290322581,""var_sine"":8847.286290322581}"
caad486e79c9bac0e56b96b582f24e7ea86784b1d9dad3f46d5e21a3e0feb7be,,circuit_size,,"{""cov_cos_sin"":91156.62903225806,""cross_candidate_covariance"":null,""formal_ci"":false,""interval_kind"":""ENGINEERING_INTERVAL_ONLY"",""mean_cosine"":42967.375,""mean_sine"":42967.375,""n"":32,""quantum_shot_uncertainty"":false,""rare_event_cost_tail"":""UNRESOLVED"",""var_cosine"":91156.62903225806,""var_sine"":91156.62903225806}"
cb15bc04c13e677de3f7aaae70a957ab795a1032771d26acd12649fbdab2f09c,,rz_count,,"{""cov_cos_sin"":694835.5473790322,""cross_candidate_covariance"":null,""formal_ci"":false,""interval_kind"":""ENGINEERING_INTERVAL_ONLY"",""mean_cosine"":3691.53125,""mean_sine"":3691.53125,""n"":32,""quantum_shot_uncertainty"":false,""rare_event_cost_tail"":""UNRESOLVED"",""var_cosine"":694835.5473790322,""var_sine"":694835.5473790322}"
cb15bc04c13e677de3f7aaae70a957ab795a1032771d26acd12649fbdab2f09c,,rz_depth,,"{""cov_cos_sin"":29353.136088709678,""cross_candidate_covariance"":null,""formal_ci"":false,""interval_kind"":""ENGINEERING_INTERVAL_ONLY"",""mean_cosine"":808.34375,""mean_sine"":808.34375,""n"":32,""quantum_shot_uncertainty"":false,""rare_event_cost_tail"":""UNRESOLVED"",""var_cosine"":29353.136088709678,""var_sine"":29353.136088709678}"
cb15bc04c13e677de3f7aaae70a957ab795a1032771d26acd12649fbdab2f09c,,cx_count,,"{""cov_cos_sin"":64942.86693548387,""cross_candidate_covariance"":null,""formal_ci"":false,""interval_kind"":""ENGINEERING_INTERVAL_ONLY"",""mean_cosine"":1181.3125,""mean_sine"":1181.3125,""n"":32,""quantum_shot_uncertainty"":false,""rare_event_cost_tail"":""UNRESOLVED"",""var_cosine"":64942.86693548387,""var_sine"":64942.86693548387}"
cb15bc04c13e677de3f7aaae70a957ab795a1032771d26acd12649fbdab2f09c,,cx_depth,,"{""cov_cos_sin"":10429.91935483871,""cross_candidate_covariance"":null,""formal_ci"":false,""interval_kind"":""ENGINEERING_INTERVAL_ONLY"",""mean_cosine"":513.375,""mean_sine"":513.375,""n"":32,""quantum_shot_uncertainty"":false,""rare_event_cost_tail"":""UNRESOLVED"",""var_cosine"":10429.91935483871,""var_sine"":10429.91935483871}"
cb15bc04c13e677de3f7aaae70a957ab795a1032771d26acd12649fbdab2f09c,,total_depth,,"{""cov_cos_sin"":145838.44758064515,""cross_candidate_covariance"":null,""formal_ci"":false,""interval_kind"":""ENGINEERING_INTERVAL_ONLY"",""mean_cosine"":1771.0625,""mean_sine"":1771.0625,""n"":32,""quantum_shot_uncertainty"":false,""rare_event_cost_tail"":""UNRESOLVED"",""var_cosine"":145838.44758064515,""var_sine"":145838.44758064515}"
cb15bc04c13e677de3f7aaae70a957ab795a1032771d26acd12649fbdab2f09c,,circuit_size,,"{""cov_cos_sin"":2698433.060483871,""cross_candidate_covariance"":null,""formal_ci"":false,""interval_kind"":""ENGINEERING_INTERVAL_ONLY"",""mean_cosine"":7106.3125,""mean_sine"":7106.3125,""n"":32,""quantum_shot_uncertainty"":false,""rare_event_cost_tail"":""UNRESOLVED"",""var_cosine"":2698433.060483871,""var_sine"":2698433.060483871}"
cdca33ea00530ae5e2944d7720f317af54634eb24cbcbf595b80bd90a10e55a4,,rz_count,,"{""cov_cos_sin"":338.44254032258067,""cross_candidate_covariance"":null,""formal_ci"":false,""interval_kind"":""ENGINEERING_INTERVAL_ONLY"",""mean_cosine"":64500.59375,""mean_sine"":64500.59375,""n"":32,""quantum_shot_uncertainty"":false,""rare_event_cost_tail"":""UNRESOLVED"",""var_cosine"":338.44254032258067,""var_sine"":338.44254032258067}"
cdca33ea00530ae5e2944d7720f317af54634eb24cbcbf595b80bd90a10e55a4,,rz_depth,,"{""cov_cos_sin"":25.596774193548388,""cross_candidate_covariance"":null,""formal_ci"":false,""interval_kind"":""ENGINEERING_INTERVAL_ONLY"",""mean_cosine"":28918.875,""mean_sine"":28918.875,""n"":32,""quantum_shot_uncertainty"":false,""rare_event_cost_tail"":""UNRESOLVED"",""var_cosine"":25.596774193548388,""var_sine"":25.596774193548388}"
cdca33ea00530ae5e2944d7720f317af54634eb24cbcbf595b80bd90a10e55a4,,cx_count,,"{""cov_cos_sin"":15.483870967741936,""cross_candidate_covariance"":null,""formal_ci"":false,""interval_kind"":""ENGINEERING_INTERVAL_ONLY"",""mean_cosine"":36751.0,""mean_sine"":36751.0,""n"":32,""quantum_shot_uncertainty"":false,""rare_event_cost_tail"":""UNRESOLVED"",""var_cosine"":15.483870967741936,""var_sine"":15.483870967741936}"
cdca33ea00530ae5e2944d7720f317af54634eb24cbcbf595b80bd90a10e55a4,,cx_depth,,"{""cov_cos_sin"":10.039314516129032,""cross_candidate_covariance"":null,""formal_ci"":false,""interval_kind"":""ENGINEERING_INTERVAL_ONLY"",""mean_cosine"":31133.65625,""mean_sine"":31133.65625,""n"":32,""quantum_shot_uncertainty"":false,""rare_event_cost_tail"":""UNRESOLVED"",""var_cosine"":10.039314516129032,""var_sine"":10.039314516129032}"
cdca33ea00530ae5e2944d7720f317af54634eb24cbcbf595b80bd90a10e55a4,,total_depth,,"{""cov_cos_sin"":102.07963709677419,""cross_candidate_covariance"":null,""formal_ci"":false,""interval_kind"":""ENGINEERING_INTERVAL_ONLY"",""mean_cosine"":62930.28125,""mean_sine"":62930.28125,""n"":32,""quantum_shot_uncertainty"":false,""rare_event_cost_tail"":""UNRESOLVED"",""var_cosine"":102.07963709677419,""var_sine"":102.07963709677419}"
cdca33ea00530ae5e2944d7720f317af54634eb24cbcbf595b80bd90a10e55a4,,circuit_size,,"{""cov_cos_sin"":1137.8024193548388,""cross_candidate_covariance"":null,""formal_ci"":false,""interval_kind"":""ENGINEERING_INTERVAL_ONLY"",""mean_cosine"":123229.9375,""mean_sine"":123229.9375,""n"":32,""quantum_shot_uncertainty"":false,""rare_event_cost_tail"":""UNRESOLVED"",""var_cosine"":1137.8024193548388,""var_sine"":1137.8024193548388}"
ce3e8486d7c9c600157fe3e31080da43d78599ff75f562b09f4c8a4902938259,,rz_count,,"{""cov_cos_sin"":1701.0604838709678,""cross_candidate_covariance"":null,""formal_ci"":false,""interval_kind"":""ENGINEERING_INTERVAL_ONLY"",""mean_cosine"":16193.6875,""mean_sine"":16193.6875,""n"":32,""quantum_shot_uncertainty"":false,""rare_event_cost_tail"":""UNRESOLVED"",""var_cosine"":1701.0604838709678,""var_sine"":1701.0604838709678}"
ce3e8486d7c9c600157fe3e31080da43d78599ff75f562b09f4c8a4902938259,,rz_depth,,"{""cov_cos_sin"":0.8346774193548387,""cross_candidate_covariance"":null,""formal_ci"":false,""interval_kind"":""ENGINEERING_INTERVAL_ONLY"",""mean_cosine"":7193.4375,""mean_sine"":7193.4375,""n"":32,""quantum_shot_uncertainty"":false,""rare_event_cost_tail"":""UNRESOLVED"",""var_cosine"":0.8346774193548387,""var_sine"":0.8346774193548387}"
ce3e8486d7c9c600157fe3e31080da43d78599ff75f562b09f4c8a4902938259,,cx_count,,"{""cov_cos_sin"":131.5483870967742,""cross_candidate_covariance"":null,""formal_ci"":false,""interval_kind"":""ENGINEERING_INTERVAL_ONLY"",""mean_cosine"":9152.75,""mean_sine"":9152.75,""n"":32,""quantum_shot_uncertainty"":false,""rare_event_cost_tail"":""UNRESOLVED"",""var_cosine"":131.5483870967742,""var_sine"":131.5483870967742}"
ce3e8486d7c9c600157fe3e31080da43d78599ff75f562b09f4c8a4902938259,,cx_depth,,"{""cov_cos_sin"":0.9314516129032258,""cross_candidate_covariance"":null,""formal_ci"":false,""interval_kind"":""ENGINEERING_INTERVAL_ONLY"",""mean_cosine"":7719.3125,""mean_sine"":7719.3125,""n"":32,""quantum_shot_uncertainty"":false,""rare_event_cost_tail"":""UNRESOLVED"",""var_cosine"":0.9314516129032258,""var_sine"":0.9314516129032258}"
ce3e8486d7c9c600157fe3e31080da43d78599ff75f562b09f4c8a4902938259,,total_depth,,"{""cov_cos_sin"":20.866935483870968,""cross_candidate_covariance"":null,""formal_ci"":false,""interval_kind"":""ENGINEERING_INTERVAL_ONLY"",""mean_cosine"":15658.8125,""mean_sine"":15658.8125,""n"":32,""quantum_shot_uncertainty"":false,""rare_event_cost_tail"":""UNRESOLVED"",""var_cosine"":20.866935483870968,""var_sine"":20.866935483870968}"
ce3e8486d7c9c600157fe3e31080da43d78599ff75f562b09f4c8a4902938259,,circuit_size,,"{""cov_cos_sin"":6279.419354838709,""cross_candidate_covariance"":null,""formal_ci"":false,""interval_kind"":""ENGINEERING_INTERVAL_ONLY"",""mean_cosine"":30924.75,""mean_sine"":30924.75,""n"":32,""quantum_shot_uncertainty"":false,""rare_event_cost_tail"":""UNRESOLVED"",""var_cosine"":6279.419354838709,""var_sine"":6279.419354838709}"
cf45a20fe03fc32e573b12d58667588459ffadf087be9cecdbfedc45042929bf,,rz_count,,"{""cov_cos_sin"":93029.45060483871,""cross_candidate_covariance"":null,""formal_ci"":false,""interval_kind"":""ENGINEERING_INTERVAL_ONLY"",""mean_cosine"":1793.96875,""mean_sine"":1793.96875,""n"":32,""quantum_shot_uncertainty"":false,""rare_event_cost_tail"":""UNRESOLVED"",""var_cosine"":93029.45060483871,""var_sine"":93029.45060483871}"
cf45a20fe03fc32e573b12d58667588459ffadf087be9cecdbfedc45042929bf,,rz_depth,,"{""cov_cos_sin"":4599.467741935484,""cross_candidate_covariance"":null,""formal_ci"":false,""interval_kind"":""ENGINEERING_INTERVAL_ONLY"",""mean_cosine"":384.125,""mean_sine"":384.125,""n"":32,""quantum_shot_uncertainty"":false,""rare_event_cost_tail"":""UNRESOLVED"",""var_cosine"":4599.467741935484,""var_sine"":4599.467741935484}"
cf45a20fe03fc32e573b12d58667588459ffadf087be9cecdbfedc45042929bf,,cx_count,,"{""cov_cos_sin"":8151.548387096775,""cross_candidate_covariance"":null,""formal_ci"":false,""interval_kind"":""ENGINEERING_INTERVAL_ONLY"",""mean_cosine"":562.5,""mean_sine"":562.5,""n"":32,""quantum_shot_uncertainty"":false,""rare_event_cost_tail"":""UNRESOLVED"",""var_cosine"":8151.548387096775,""var_sine"":8151.548387096775}"
cf45a20fe03fc32e573b12d58667588459ffadf087be9cecdbfedc45042929bf,,cx_depth,,"{""cov_cos_sin"":1399.3457661290322,""cross_candidate_covariance"":null,""formal_ci"":false,""interval_kind"":""ENGINEERING_INTERVAL_ONLY"",""mean_cosine"":232.59375,""mean_sine"":232.59375,""n"":32,""quantum_shot_uncertainty"":false,""rare_event_cost_tail"":""UNRESOLVED"",""var_cosine"":1399.3457661290322,""var_sine"":1399.3457661290322}"
cf45a20fe03fc32e573b12d58667588459ffadf087be9cecdbfedc45042929bf,,total_depth,,"{""cov_cos_sin"":22777.350806451614,""cross_candidate_covariance"":null,""formal_ci"":false,""interval_kind"":""ENGINEERING_INTERVAL_ONLY"",""mean_cosine"":836.5625,""mean_sine"":836.5625,""n"":32,""quantum_shot_uncertainty"":false,""rare_event_cost_tail"":""UNRESOLVED"",""var_cosine"":22777.350806451614,""var_sine"":22777.350806451614}"
cf45a20fe03fc32e573b12d58667588459ffadf087be9cecdbfedc45042929bf,,circuit_size,,"{""cov_cos_sin"":367329.05544354836,""cross_candidate_covariance"":null,""formal_ci"":false,""interval_kind"":""ENGINEERING_INTERVAL_ONLY"",""mean_cosine"":3407.90625,""mean_sine"":3407.90625,""n"":32,""quantum_shot_uncertainty"":false,""rare_event_cost_tail"":""UNRESOLVED"",""var_cosine"":367329.05544354836,""var_sine"":367329.05544354836}"
d03676f212e5f3998a2d367c39ba1470928420db37c0c6a346c48c9788e85177,,rz_count,,"{""cov_cos_sin"":1220.1290322580646,""cross_candidate_covariance"":null,""formal_ci"":false,""interval_kind"":""ENGINEERING_INTERVAL_ONLY"",""mean_cosine"":22300.5,""mean_sine"":22300.5,""n"":32,""quantum_shot_uncertainty"":false,""rare_event_cost_tail"":""UNRESOLVED"",""var_cosine"":1220.1290322580646,""var_sine"":1220.1290322580646}"
d03676f212e5f3998a2d367c39ba1470928420db37c0c6a346c48c9788e85177,,rz_depth,,"{""cov_cos_sin"":22.757056451612904,""cross_candidate_covariance"":null,""formal_ci"":false,""interval_kind"":""ENGINEERING_INTERVAL_ONLY"",""mean_cosine"":9676.78125,""mean_sine"":9676.78125,""n"":32,""quantum_shot_uncertainty"":false,""rare_event_cost_tail"":""UNRESOLVED"",""var_cosine"":22.757056451612904,""var_sine"":22.757056451612904}"
d03676f212e5f3998a2d367c39ba1470928420db37c0c6a346c48c9788e85177,,cx_count,,"{""cov_cos_sin"":94.8225806451613,""cross_candidate_covariance"":null,""formal_ci"":false,""interval_kind"":""ENGINEERING_INTERVAL_ONLY"",""mean_cosine"":12414.375,""mean_sine"":12414.375,""n"":32,""quantum_shot_uncertainty"":false,""rare_event_cost_tail"":""UNRESOLVED"",""var_cosine"":94.8225806451613,""var_sine"":94.8225806451613}"
d03676f212e5f3998a2d367c39ba1470928420db37c0c6a346c48c9788e85177,,cx_depth,,"{""cov_cos_sin"":29.741935483870968,""cross_candidate_covariance"":null,""formal_ci"":false,""interval_kind"":""ENGINEERING_INTERVAL_ONLY"",""mean_cosine"":10338.5,""mean_sine"":10338.5,""n"":32,""quantum_shot_uncertainty"":false,""rare_event_cost_tail"":""UNRESOLVED"",""var_cosine"":29.741935483870968,""var_sine"":29.741935483870968}"
d03676f212e5f3998a2d367c39ba1470928420db37c0c6a346c48c9788e85177,,total_depth,,"{""cov_cos_sin"":101.31854838709677,""cross_candidate_covariance"":null,""formal_ci"":false,""interval_kind"":""ENGINEERING_INTERVAL_ONLY"",""mean_cosine"":21077.1875,""mean_sine"":21077.1875,""n"":32,""quantum_shot_uncertainty"":false,""rare_event_cost_tail"":""UNRESOLVED"",""var_cosine"":101.31854838709677,""var_sine"":101.31854838709677}"
d03676f212e5f3998a2d367c39ba1470928420db37c0c6a346c48c9788e85177,,circuit_size,,"{""cov_cos_sin"":3908.015120967742,""cross_candidate_covariance"":null,""formal_ci"":false,""interval_kind"":""ENGINEERING_INTERVAL_ONLY"",""mean_cosine"":42661.71875,""mean_sine"":42661.71875,""n"":32,""quantum_shot_uncertainty"":false,""rare_event_cost_tail"":""UNRESOLVED"",""var_cosine"":3908.015120967742,""var_sine"":3908.015120967742}"
d092cdb598d9df416d89170fe8d36a7192e45edb5aabd1f12681d4637ed8910d,,rz_count,,"{""cov_cos_sin"":483955.79032258067,""cross_candidate_covariance"":null,""formal_ci"":false,""interval_kind"":""ENGINEERING_INTERVAL_ONLY"",""mean_cosine"":4445.875,""mean_sine"":4445.875,""n"":32,""quantum_shot_uncertainty"":false,""rare_event_cost_tail"":""UNRESOLVED"",""var_cosine"":483955.79032258067,""var_sine"":483955.79032258067}"
d092cdb598d9df416d89170fe8d36a7192e45edb5aabd1f12681d4637ed8910d,,rz_depth,,"{""cov_cos_sin"":22080.03125,""cross_candidate_covariance"":null,""formal_ci"":false,""interval_kind"":""ENGINEERING_INTERVAL_ONLY"",""mean_cosine"":968.96875,""mean_sine"":968.96875,""n"":32,""quantum_shot_uncertainty"":false,""rare_event_cost_tail"":""UNRESOLVED"",""var_cosine"":22080.03125,""var_sine"":22080.03125}"
d092cdb598d9df416d89170fe8d36a7192e45edb5aabd1f12681d4637ed8910d,,cx_count,,"{""cov_cos_sin"":42436.86189516129,""cross_candidate_covariance"":null,""formal_ci"":false,""interval_kind"":""ENGINEERING_INTERVAL_ONLY"",""mean_cosine"":1423.09375,""mean_sine"":1423.09375,""n"":32,""quantum_shot_uncertainty"":false,""rare_event_cost_tail"":""UNRESOLVED"",""var_cosine"":42436.86189516129,""var_sine"":42436.86189516129}"
d092cdb598d9df416d89170fe8d36a7192e45edb5aabd1f12681d4637ed8910d,,cx_depth,,"{""cov_cos_sin"":6661.092741935484,""cross_candidate_covariance"":null,""formal_ci"":false,""interval_kind"":""ENGINEERING_INTERVAL_ONLY"",""mean_cosine"":610.4375,""mean_sine"":610.4375,""n"":32,""quantum_shot_uncertainty"":false,""rare_event_cost_tail"":""UNRESOLVED"",""var_cosine"":6661.092741935484,""var_sine"":6661.092741935484}"
d092cdb598d9df416d89170fe8d36a7192e45edb5aabd1f12681d4637ed8910d,,total_depth,,"{""cov_cos_sin"":107823.54435483871,""cross_candidate_covariance"":null,""formal_ci"":false,""interval_kind"":""ENGINEERING_INTERVAL_ONLY"",""mean_cosine"":2115.4375,""mean_sine"":2115.4375,""n"":32,""quantum_shot_uncertainty"":false,""rare_event_cost_tail"":""UNRESOLVED"",""var_cosine"":107823.54435483871,""var_sine"":107823.54435483871}"
d092cdb598d9df416d89170fe8d36a7192e45edb5aabd1f12681d4637ed8910d,,circuit_size,,"{""cov_cos_sin"":1877585.9989919355,""cross_candidate_covariance"":null,""formal_ci"":false,""interval_kind"":""ENGINEERING_INTERVAL_ONLY"",""mean_cosine"":8518.53125,""mean_sine"":8518.53125,""n"":32,""quantum_shot_uncertainty"":false,""rare_event_cost_tail"":""UNRESOLVED"",""var_cosine"":1877585.9989919355,""var_sine"":1877585.9989919355}"
d126eb1b40503ed38a63098cbc47c230436e0a86cd1e56cba4a72957ca3c5c6e,,rz_count,,"{""cov_cos_sin"":995.5796370967741,""cross_candidate_covariance"":null,""formal_ci"":false,""interval_kind"":""ENGINEERING_INTERVAL_ONLY"",""mean_cosine"":16219.96875,""mean_sine"":16219.96875,""n"":32,""quantum_shot_uncertainty"":false,""rare_event_cost_tail"":""UNRESOLVED"",""var_cosine"":995.5796370967741,""var_sine"":995.5796370967741}"
d126eb1b40503ed38a63098cbc47c230436e0a86cd1e56cba4a72957ca3c5c6e,,rz_depth,,"{""cov_cos_sin"":1.3296370967741935,""cross_candidate_covariance"":null,""formal_ci"":false,""interval_kind"":""ENGINEERING_INTERVAL_ONLY"",""mean_cosine"":7205.65625,""mean_sine"":7205.65625,""n"":32,""quantum_shot_uncertainty"":false,""rare_event_cost_tail"":""UNRESOLVED"",""var_cosine"":1.3296370967741935,""var_sine"":1.3296370967741935}"
d126eb1b40503ed38a63098cbc47c230436e0a86cd1e56cba4a72957ca3c5c6e,,cx_count,,"{""cov_cos_sin"":61.354838709677416,""cross_candidate_covariance"":null,""formal_ci"":false,""interval_kind"":""ENGINEERING_INTERVAL_ONLY"",""mean_cosine"":9169.25,""mean_sine"":9169.25,""n"":32,""quantum_shot_uncertainty"":false,""rare_event_cost_tail"":""UNRESOLVED"",""var_cosine"":61.354838709677416,""var_sine"":61.354838709677416}"
d126eb1b40503ed38a63098cbc47c230436e0a86cd1e56cba4a72957ca3c5c6e,,cx_depth,,"{""cov_cos_sin"":1.4838709677419355,""cross_candidate_covariance"":null,""formal_ci"":false,""interval_kind"":""ENGINEERING_INTERVAL_ONLY"",""mean_cosine"":7732.5,""mean_sine"":7732.5,""n"":32,""quantum_shot_uncertainty"":false,""rare_event_cost_tail"":""UNRESOLVED"",""var_cosine"":1.4838709677419355,""var_sine"":1.4838709677419355}"
d126eb1b40503ed38a63098cbc47c230436e0a86cd1e56cba4a72957ca3c5c6e,,total_depth,,"{""cov_cos_sin"":16.732862903225808,""cross_candidate_covariance"":null,""formal_ci"":false,""interval_kind"":""ENGINEERING_INTERVAL_ONLY"",""mean_cosine"":15683.09375,""mean_sine"":15683.09375,""n"":32,""quantum_shot_uncertainty"":false,""rare_event_cost_tail"":""UNRESOLVED"",""var_cosine"":16.732862903225808,""var_sine"":16.732862903225808}"
d126eb1b40503ed38a63098cbc47c230436e0a86cd1e56cba4a72957ca3c5c6e,,circuit_size,,"{""cov_cos_sin"":3448.7409274193546,""cross_candidate_covariance"":null,""formal_ci"":false,""interval_kind"":""ENGINEERING_INTERVAL_ONLY"",""mean_cosine"":30974.96875,""mean_sine"":30974.96875,""n"":32,""quantum_shot_uncertainty"":false,""rare_event_cost_tail"":""UNRESOLVED"",""var_cosine"":3448.7409274193546,""var_sine"":3448.7409274193546}"
d209869a9ef2a48337c70f37f75b012576caa433500c41d048b315d67b0ae241,,rz_count,,"{""cov_cos_sin"":2047.0796370967741,""cross_candidate_covariance"":null,""formal_ci"":false,""interval_kind"":""ENGINEERING_INTERVAL_ONLY"",""mean_cosine"":32141.21875,""mean_sine"":32141.21875,""n"":32,""quantum_shot_uncertainty"":false,""rare_event_cost_tail"":""UNRESOLVED"",""var_cosine"":2047.0796370967741,""var_sine"":2047.0796370967741}"
d209869a9ef2a48337c70f37f75b012576caa433500c41d048b315d67b0ae241,,rz_depth,,"{""cov_cos_sin"":1.9959677419354838,""cross_candidate_covariance"":null,""formal_ci"":false,""interval_kind"":""ENGINEERING_INTERVAL_ONLY"",""mean_cosine"":14345.5625,""mean_sine"":14345.5625,""n"":32,""quantum_shot_uncertainty"":false,""rare_event_cost_tail"":""UNRESOLVED"",""var_cosine"":1.9959677419354838,""var_sine"":1.9959677419354838}"
d209869a9ef2a48337c70f37f75b012576caa433500c41d048b315d67b0ae241,,cx_count,,"{""cov_cos_sin"":139.98387096774192,""cross_candidate_covariance"":null,""formal_ci"":false,""interval_kind"":""ENGINEERING_INTERVAL_ONLY"",""mean_cosine"":18245.375,""mean_sine"":18245.375,""n"":32,""quantum_shot_uncertainty"":false,""rare_event_cost_tail"":""UNRESOLVED"",""var_cosine"":139.98387096774192,""var_sine"":139.98387096774192}"
d209869a9ef2a48337c70f37f75b012576caa433500c41d048b315d67b0ae241,,cx_depth,,"{""cov_cos_sin"":1.9314516129032258,""cross_candidate_covariance"":null,""formal_ci"":false,""interval_kind"":""ENGINEERING_INTERVAL_ONLY"",""mean_cosine"":15424.4375,""mean_sine"":15424.4375,""n"":32,""quantum_shot_uncertainty"":false,""rare_event_cost_tail"":""UNRESOLVED"",""var_cosine"":1.9314516129032258,""var_sine"":1.9314516129032258}"
d209869a9ef2a48337c70f37f75b012576caa433500c41d048b315d67b0ae241,,total_depth,,"{""cov_cos_sin"":18.383064516129032,""cross_candidate_covariance"":null,""formal_ci"":false,""interval_kind"":""ENGINEERING_INTERVAL_ONLY"",""mean_cosine"":31226.5625,""mean_sine"":31226.5625,""n"":32,""quantum_shot_uncertainty"":false,""rare_event_cost_tail"":""UNRESOLVED"",""var_cosine"":18.383064516129032,""var_sine"":18.383064516129032}"
d209869a9ef2a48337c70f37f75b012576caa433500c41d048b315d67b0ae241,,circuit_size,,"{""cov_cos_sin"":7273.9637096774195,""cross_candidate_covariance"":null,""formal_ci"":false,""interval_kind"":""ENGINEERING_INTERVAL_ONLY"",""mean_cosine"":61402.3125,""mean_sine"":61402.3125,""n"":32,""quantum_shot_uncertainty"":false,""rare_event_cost_tail"":""UNRESOLVED"",""var_cosine"":7273.9637096774195,""var_sine"":7273.9637096774195}"
d4521b96b99f11a9fe8f4634aab9a868a1d711a3b51650039fc62eda27f0366c,,rz_count,,"{""cov_cos_sin"":598.9747983870968,""cross_candidate_covariance"":null,""formal_ci"":false,""interval_kind"":""ENGINEERING_INTERVAL_ONLY"",""mean_cosine"":64194.15625,""mean_sine"":64194.15625,""n"":32,""quantum_shot_uncertainty"":false,""rare_event_cost_tail"":""UNRESOLVED"",""var_cosine"":598.9747983870968,""var_sine"":598.9747983870968}"
d4521b96b99f11a9fe8f4634aab9a868a1d711a3b51650039fc62eda27f0366c,,rz_depth,,"{""cov_cos_sin"":8.78125,""cross_candidate_covariance"":null,""formal_ci"":false,""interval_kind"":""ENGINEERING_INTERVAL_ONLY"",""mean_cosine"":28724.84375,""mean_sine"":28724.84375,""n"":32,""quantum_shot_uncertainty"":false,""rare_event_cost_tail"":""UNRESOLVED"",""var_cosine"":8.78125,""var_sine"":8.78125}"
d4521b96b99f11a9fe8f4634aab9a868a1d711a3b51650039fc62eda27f0366c,,cx_count,,"{""cov_cos_sin"":40.25806451612903,""cross_candidate_covariance"":null,""formal_ci"":false,""interval_kind"":""ENGINEERING_INTERVAL_ONLY"",""mean_cosine"":36525.0,""mean_sine"":36525.0,""n"":32,""quantum_shot_uncertainty"":false,""rare_event_cost_tail"":""UNRESOLVED"",""var_cosine"":40.25806451612903,""var_sine"":40.25806451612903}"
d4521b96b99f11a9fe8f4634aab9a868a1d711a3b51650039fc62eda27f0366c,,cx_depth,,"{""cov_cos_sin"":7.866935483870968,""cross_candidate_covariance"":null,""formal_ci"":false,""interval_kind"":""ENGINEERING_INTERVAL_ONLY"",""mean_cosine"":30918.0625,""mean_sine"":30918.0625,""n"":32,""quantum_shot_uncertainty"":false,""rare_event_cost_tail"":""UNRESOLVED"",""var_cosine"":7.866935483870968,""var_sine"":7.866935483870968}"
d4521b96b99f11a9fe8f4634aab9a868a1d711a3b51650039fc62eda27f0366c,,total_depth,,"{""cov_cos_sin"":66.31350806451613,""cross_candidate_covariance"":null,""formal_ci"":false,""interval_kind"":""ENGINEERING_INTERVAL_ONLY"",""mean_cosine"":62524.40625,""mean_sine"":62524.40625,""n"":32,""quantum_shot_uncertainty"":false,""rare_event_cost_tail"":""UNRESOLVED"",""var_cosine"":66.31350806451613,""var_sine"":66.31350806451613}"
d4521b96b99f11a9fe8f4634aab9a868a1d711a3b51650039fc62eda27f0366c,,circuit_size,,"{""cov_cos_sin"":2127.515120967742,""cross_candidate_covariance"":null,""formal_ci"":false,""interval_kind"":""ENGINEERING_INTERVAL_ONLY"",""mean_cosine"":122653.96875,""mean_sine"":122653.96875,""n"":32,""quantum_shot_uncertainty"":false,""rare_event_cost_tail"":""UNRESOLVED"",""var_cosine"":2127.515120967742,""var_sine"":2127.515120967742}"
d6554cc93e8dcbf5127d2e36079b2e60ff7f99c66333f1a35a60d29e2c3cb764,,rz_count,,"{""cov_cos_sin"":225286.5766129032,""cross_candidate_covariance"":null,""formal_ci"":false,""interval_kind"":""ENGINEERING_INTERVAL_ONLY"",""mean_cosine"":23927.9375,""mean_sine"":23927.9375,""n"":32,""quantum_shot_uncertainty"":false,""rare_event_cost_tail"":""UNRESOLVED"",""var_cosine"":225286.5766129032,""var_sine"":225286.5766129032}"
d6554cc93e8dcbf5127d2e36079b2e60ff7f99c66333f1a35a60d29e2c3cb764,,rz_depth,,"{""cov_cos_sin"":9469.144153225807,""cross_candidate_covariance"":null,""formal_ci"":false,""interval_kind"":""ENGINEERING_INTERVAL_ONLY"",""mean_cosine"":10442.21875,""mean_sine"":10442.21875,""n"":32,""quantum_shot_uncertainty"":false,""rare_event_cost_tail"":""UNRESOLVED"",""var_cosine"":9469.144153225807,""var_sine"":9469.144153225807}"
d6554cc93e8dcbf5127d2e36079b2e60ff7f99c66333f1a35a60d29e2c3cb764,,cx_count,,"{""cov_cos_sin"":19804.645161290322,""cross_candidate_covariance"":null,""formal_ci"":false,""interval_kind"":""ENGINEERING_INTERVAL_ONLY"",""mean_cosine"":13363.5,""mean_sine"":13363.5,""n"":32,""quantum_shot_uncertainty"":false,""rare_event_cost_tail"":""UNRESOLVED"",""var_cosine"":19804.645161290322,""var_sine"":19804.645161290322}"
d6554cc93e8dcbf5127d2e36079b2e60ff7f99c66333f1a35a60d29e2c3cb764,,cx_depth,,"{""cov_cos_sin"":3451.063508064516,""cross_candidate_covariance"":null,""formal_ci"":false,""interval_kind"":""ENGINEERING_INTERVAL_ONLY"",""mean_cosine"":11146.96875,""mean_sine"":11146.96875,""n"":32,""quantum_shot_uncertainty"":false,""rare_event_cost_tail"":""UNRESOLVED"",""var_cosine"":3451.063508064516,""var_sine"":3451.063508064516}"
d6554cc93e8dcbf5127d2e36079b2e60ff7f99c66333f1a35a60d29e2c3cb764,,total_depth,,"{""cov_cos_sin"":44175.82963709677,""cross_candidate_covariance"":null,""formal_ci"":false,""interval_kind"":""ENGINEERING_INTERVAL_ONLY"",""mean_cosine"":22710.09375,""mean_sine"":22710.09375,""n"":32,""quantum_shot_uncertainty"":false,""rare_event_cost_tail"":""UNRESOLVED"",""var_cosine"":44175.82963709677,""var_sine"":44175.82963709677}"
d6554cc93e8dcbf5127d2e36079b2e60ff7f99c66333f1a35a60d29e2c3cb764,,circuit_size,,"{""cov_cos_sin"":811989.4032258064,""cross_candidate_covariance"":null,""formal_ci"":false,""interval_kind"":""ENGINEERING_INTERVAL_ONLY"",""mean_cosine"":45719.375,""mean_sine"":45719.375,""n"":32,""quantum_shot_uncertainty"":false,""rare_event_cost_tail"":""UNRESOLVED"",""var_cosine"":811989.4032258064,""var_sine"":811989.4032258064}"
d72416fe9386c72201ee531653079b046e19dd601a57ac98452e463e88e05248,,rz_count,,"{""cov_cos_sin"":499732.96774193546,""cross_candidate_covariance"":null,""formal_ci"":false,""interval_kind"":""ENGINEERING_INTERVAL_ONLY"",""mean_cosine"":14972.5,""mean_sine"":14972.5,""n"":32,""quantum_shot_uncertainty"":false,""rare_event_cost_tail"":""UNRESOLVED"",""var_cosine"":499732.96774193546,""var_sine"":499732.96774193546}"
d72416fe9386c72201ee531653079b046e19dd601a57ac98452e463e88e05248,,rz_depth,,"{""cov_cos_sin"":17254.22177419355,""cross_candidate_covariance"":null,""formal_ci"":false,""interval_kind"":""ENGINEERING_INTERVAL_ONLY"",""mean_cosine"":5805.6875,""mean_sine"":5805.6875,""n"":32,""quantum_shot_uncertainty"":false,""rare_event_cost_tail"":""UNRESOLVED"",""var_cosine"":17254.22177419355,""var_sine"":17254.22177419355}"
d72416fe9386c72201ee531653079b046e19dd601a57ac98452e463e88e05248,,cx_count,,"{""cov_cos_sin"":41787.60887096774,""cross_candidate_covariance"":null,""formal_ci"":false,""interval_kind"":""ENGINEERING_INTERVAL_ONLY"",""mean_cosine"":7597.0625,""mean_sine"":7597.0625,""n"":32,""quantum_shot_uncertainty"":false,""rare_event_cost_tail"":""UNRESOLVED"",""var_cosine"":41787.60887096774,""var_sine"":41787.60887096774}"
d72416fe9386c72201ee531653079b046e19dd601a57ac98452e463e88e05248,,cx_depth,,"{""cov_cos_sin"":4825.3387096774195,""cross_candidate_covariance"":null,""formal_ci"":false,""interval_kind"":""ENGINEERING_INTERVAL_ONLY"",""mean_cosine"":5918.625,""mean_sine"":5918.625,""n"":32,""quantum_shot_uncertainty"":false,""rare_event_cost_tail"":""UNRESOLVED"",""var_cosine"":4825.3387096774195,""var_sine"":4825.3387096774195}"
d72416fe9386c72201ee531653079b046e19dd601a57ac98452e463e88e05248,,total_depth,,"{""cov_cos_sin"":85267.72479838709,""cross_candidate_covariance"":null,""formal_ci"":false,""interval_kind"":""ENGINEERING_INTERVAL_ONLY"",""mean_cosine"":12658.21875,""mean_sine"":12658.21875,""n"":32,""quantum_shot_uncertainty"":false,""rare_event_cost_tail"":""UNRESOLVED"",""var_cosine"":85267.72479838709,""var_sine"":85267.72479838709}"
d72416fe9386c72201ee531653079b046e19dd601a57ac98452e463e88e05248,,circuit_size,,"{""cov_cos_sin"":1972638.0715725806,""cross_candidate_covariance"":null,""formal_ci"":false,""interval_kind"":""ENGINEERING_INTERVAL_ONLY"",""mean_cosine"":28737.15625,""mean_sine"":28737.15625,""n"":32,""quantum_shot_uncertainty"":false,""rare_event_cost_tail"":""UNRESOLVED"",""var_cosine"":1972638.0715725806,""var_sine"":1972638.0715725806}"
d8916e60a140da7ae9c176f80b9904974260b85cc761480be9c008b8f6755bca,,rz_count,,"{""cov_cos_sin"":867.5766129032259,""cross_candidate_covariance"":null,""formal_ci"":false,""interval_kind"":""ENGINEERING_INTERVAL_ONLY"",""mean_cosine"":11252.6875,""mean_sine"":11252.6875,""n"":32,""quantum_shot_uncertainty"":false,""rare_event_cost_tail"":""UNRESOLVED"",""var_cosine"":867.5766129032259,""var_sine"":867.5766129032259}"
d8916e60a140da7ae9c176f80b9904974260b85cc761480be9c008b8f6755bca,,rz_depth,,"{""cov_cos_sin"":17.498991935483872,""cross_candidate_covariance"":null,""formal_ci"":false,""interval_kind"":""ENGINEERING_INTERVAL_ONLY"",""mean_cosine"":4858.71875,""mean_sine"":4858.71875,""n"":32,""quantum_shot_uncertainty"":false,""rare_event_cost_tail"":""UNRESOLVED"",""var_cosine"":17.498991935483872,""var_sine"":17.498991935483872}"
d8916e60a140da7ae9c176f80b9904974260b85cc761480be9c008b8f6755bca,,cx_count,,"{""cov_cos_sin"":91.85483870967742,""cross_candidate_covariance"":null,""formal_ci"":false,""interval_kind"":""ENGINEERING_INTERVAL_ONLY"",""mean_cosine"":6231.875,""mean_sine"":6231.875,""n"":32,""quantum_shot_uncertainty"":false,""rare_event_cost_tail"":""UNRESOLVED"",""var_cosine"":91.85483870967742,""var_sine"":91.85483870967742}"
d8916e60a140da7ae9c176f80b9904974260b85cc761480be9c008b8f6755bca,,cx_depth,,"{""cov_cos_sin"":17.866935483870968,""cross_candidate_covariance"":null,""formal_ci"":false,""interval_kind"":""ENGINEERING_INTERVAL_ONLY"",""mean_cosine"":5175.4375,""mean_sine"":5175.4375,""n"":32,""quantum_shot_uncertainty"":false,""rare_event_cost_tail"":""UNRESOLVED"",""var_cosine"":17.866935483870968,""var_sine"":17.866935483870968}"
d8916e60a140da7ae9c176f80b9904974260b85cc761480be9c008b8f6755bca,,total_depth,,"{""cov_cos_sin"":73.18951612903226,""cross_candidate_covariance"":null,""formal_ci"":false,""interval_kind"":""ENGINEERING_INTERVAL_ONLY"",""mean_cosine"":10581.8125,""mean_sine"":10581.8125,""n"":32,""quantum_shot_uncertainty"":false,""rare_event_cost_tail"":""UNRESOLVED"",""var_cosine"":73.18951612903226,""var_sine"":73.18951612903226}"
d8916e60a140da7ae9c176f80b9904974260b85cc761480be9c008b8f6755bca,,circuit_size,,"{""cov_cos_sin"":2971.3185483870966,""cross_candidate_covariance"":null,""formal_ci"":false,""interval_kind"":""ENGINEERING_INTERVAL_ONLY"",""mean_cosine"":21519.3125,""mean_sine"":21519.3125,""n"":32,""quantum_shot_uncertainty"":false,""rare_event_cost_tail"":""UNRESOLVED"",""var_cosine"":2971.3185483870966,""var_sine"":2971.3185483870966}"
d92e4db3997289d26ef352e06e4450c20efdb5c828acf7f9bc167d13fb96bf1e,,rz_count,,"{""cov_cos_sin"":1629993.3941532257,""cross_candidate_covariance"":null,""formal_ci"":false,""interval_kind"":""ENGINEERING_INTERVAL_ONLY"",""mean_cosine"":29764.65625,""mean_sine"":29764.65625,""n"":32,""quantum_shot_uncertainty"":false,""rare_event_cost_tail"":""UNRESOLVED"",""var_cosine"":1629993.3941532257,""var_sine"":1629993.3941532257}"
d92e4db3997289d26ef352e06e4450c20efdb5c828acf7f9bc167d13fb96bf1e,,rz_depth,,"{""cov_cos_sin"":54609.28629032258,""cross_candidate_covariance"":null,""formal_ci"":false,""interval_kind"":""ENGINEERING_INTERVAL_ONLY"",""mean_cosine"":11568.0625,""mean_sine"":11568.0625,""n"":32,""quantum_shot_uncertainty"":false,""rare_event_cost_tail"":""UNRESOLVED"",""var_cosine"":54609.28629032258,""var_sine"":54609.28629032258}"
d92e4db3997289d26ef352e06e4450c20efdb5c828acf7f9bc167d13fb96bf1e,,cx_count,,"{""cov_cos_sin"":136412.77016129033,""cross_candidate_covariance"":null,""formal_ci"":false,""interval_kind"":""ENGINEERING_INTERVAL_ONLY"",""mean_cosine"":15138.0625,""mean_sine"":15138.0625,""n"":32,""quantum_shot_uncertainty"":false,""rare_event_cost_tail"":""UNRESOLVED"",""var_cosine"":136412.77016129033,""var_sine"":136412.77016129033}"
d92e4db3997289d26ef352e06e4450c20efdb5c828acf7f9bc167d13fb96bf1e,,cx_depth,,"{""cov_cos_sin"":14906.629032258064,""cross_candidate_covariance"":null,""formal_ci"":false,""interval_kind"":""ENGINEERING_INTERVAL_ONLY"",""mean_cosine"":11810.625,""mean_sine"":11810.625,""n"":32,""quantum_shot_uncertainty"":false,""rare_event_cost_tail"":""UNRESOLVED"",""var_cosine"":14906.629032258064,""var_sine"":14906.629032258064}"
d92e4db3997289d26ef352e06e4450c20efdb5c828acf7f9bc167d13fb96bf1e,,total_depth,,"{""cov_cos_sin"":271033.93548387097,""cross_candidate_covariance"":null,""formal_ci"":false,""interval_kind"":""ENGINEERING_INTERVAL_ONLY"",""mean_cosine"":25233.0,""mean_sine"":25233.0,""n"":32,""quantum_shot_uncertainty"":false,""rare_event_cost_tail"":""UNRESOLVED"",""var_cosine"":271033.93548387097,""var_sine"":271033.93548387097}"
d92e4db3997289d26ef352e06e4450c20efdb5c828acf7f9bc167d13fb96bf1e,,circuit_size,,"{""cov_cos_sin"":6554222.886088709,""cross_candidate_covariance"":null,""formal_ci"":false,""interval_kind"":""ENGINEERING_INTERVAL_ONLY"",""mean_cosine"":57208.21875,""mean_sine"":57208.21875,""n"":32,""quantum_shot_uncertainty"":false,""rare_event_cost_tail"":""UNRESOLVED"",""var_cosine"":6554222.886088709,""var_sine"":6554222.886088709}"
d9a62c7bb664ce1eb8dd36302f1ac26080d6a804a48d81c12e788678499e1aed,,rz_count,,"{""cov_cos_sin"":48903.770161290326,""cross_candidate_covariance"":null,""formal_ci"":false,""interval_kind"":""ENGINEERING_INTERVAL_ONLY"",""mean_cosine"":11702.3125,""mean_sine"":11702.3125,""n"":32,""quantum_shot_uncertainty"":false,""rare_event_cost_tail"":""UNRESOLVED"",""var_cosine"":48903.770161290326,""var_sine"":48903.770161290326}"
d9a62c7bb664ce1eb8dd36302f1ac26080d6a804a48d81c12e788678499e1aed,,rz_depth,,"{""cov_cos_sin"":2365.8941532258063,""cross_candidate_covariance"":null,""formal_ci"":false,""interval_kind"":""ENGINEERING_INTERVAL_ONLY"",""mean_cosine"":5050.09375,""mean_sine"":5050.09375,""n"":32,""quantum_shot_uncertainty"":false,""rare_event_cost_tail"":""UNRESOLVED"",""var_cosine"":2365.8941532258063,""var_sine"":2365.8941532258063}"
d9a62c7bb664ce1eb8dd36302f1ac26080d6a804a48d81c12e788678499e1aed,,cx_count,,"{""cov_cos_sin"":4524.995967741936,""cross_candidate_covariance"":null,""formal_ci"":false,""interval_kind"":""ENGINEERING_INTERVAL_ONLY"",""mean_cosine"":6479.8125,""mean_sine"":6479.8125,""n"":32,""quantum_shot_uncertainty"":false,""rare_event_cost_tail"":""UNRESOLVED"",""var_cosine"":4524.995967741936,""var_sine"":4524.995967741936}"
d9a62c7bb664ce1eb8dd36302f1ac26080d6a804a48d81c12e788678499e1aed,,cx_depth,,"{""cov_cos_sin"":829.1451612903226,""cross_candidate_covariance"":null,""formal_ci"":false,""interval_kind"":""ENGINEERING_INTERVAL_ONLY"",""mean_cosine"":5377.125,""mean_sine"":5377.125,""n"":32,""quantum_shot_uncertainty"":false,""rare_event_cost_tail"":""UNRESOLVED"",""var_cosine"":829.1451612903226,""var_sine"":829.1451612903226}"
d9a62c7bb664ce1eb8dd36302f1ac26080d6a804a48d81c12e788678499e1aed,,total_depth,,"{""cov_cos_sin"":10741.208669354839,""cross_candidate_covariance"":null,""formal_ci"":false,""interval_kind"":""ENGINEERING_INTERVAL_ONLY"",""mean_cosine"":10989.78125,""mean_sine"":10989.78125,""n"":32,""quantum_shot_uncertainty"":false,""rare_event_cost_tail"":""UNRESOLVED"",""var_cosine"":10741.208669354839,""var_sine"":10741.208669354839}"
d9a62c7bb664ce1eb8dd36302f1ac26080d6a804a48d81c12e788678499e1aed,,circuit_size,,"{""cov_cos_sin"":177847.89415322582,""cross_candidate_covariance"":null,""formal_ci"":false,""interval_kind"":""ENGINEERING_INTERVAL_ONLY"",""mean_cosine"":22361.09375,""mean_sine"":22361.09375,""n"":32,""quantum_shot_uncertainty"":false,""rare_event_cost_tail"":""UNRESOLVED"",""var_cosine"":177847.89415322582,""var_sine"":177847.89415322582}"
da42ffc9e56d75ed6a85fa3cb86e4967f7bc201cf7b2ac134b4e47a000403a47,,rz_count,,"{""cov_cos_sin"":517073.5443548387,""cross_candidate_covariance"":null,""formal_ci"":false,""interval_kind"":""ENGINEERING_INTERVAL_ONLY"",""mean_cosine"":2837.4375,""mean_sine"":2837.4375,""n"":32,""quantum_shot_uncertainty"":false,""rare_event_cost_tail"":""UNRESOLVED"",""var_cosine"":517073.5443548387,""var_sine"":517073.5443548387}"
da42ffc9e56d75ed6a85fa3cb86e4967f7bc201cf7b2ac134b4e47a000403a47,,rz_depth,,"{""cov_cos_sin"":22899.09677419355,""cross_candidate_covariance"":null,""formal_ci"":false,""interval_kind"":""ENGINEERING_INTERVAL_ONLY"",""mean_cosine"":605.5,""mean_sine"":605.5,""n"":32,""quantum_shot_uncertainty"":false,""rare_event_cost_tail"":""UNRESOLVED"",""var_cosine"":22899.09677419355,""var_sine"":22899.09677419355}"
da42ffc9e56d75ed6a85fa3cb86e4967f7bc201cf7b2ac134b4e47a000403a47,,cx_count,,"{""cov_cos_sin"":47071.854838709674,""cross_candidate_covariance"":null,""formal_ci"":false,""interval_kind"":""ENGINEERING_INTERVAL_ONLY"",""mean_cosine"":899.125,""mean_sine"":899.125,""n"":32,""quantum_shot_uncertainty"":false,""rare_event_cost_tail"":""UNRESOLVED"",""var_cosine"":47071.854838709674,""var_sine"":47071.854838709674}"
da42ffc9e56d75ed6a85fa3cb86e4967f7bc201cf7b2ac134b4e47a000403a47,,cx_depth,,"{""cov_cos_sin"":7359.1199596774195,""cross_candidate_covariance"":null,""formal_ci"":false,""interval_kind"":""ENGINEERING_INTERVAL_ONLY"",""mean_cosine"":378.09375,""mean_sine"":378.09375,""n"":32,""quantum_shot_uncertainty"":false,""rare_event_cost_tail"":""UNRESOLVED"",""var_cosine"":7359.1199596774195,""var_sine"":7359.1199596774195}"
da42ffc9e56d75ed6a85fa3cb86e4967f7bc201cf7b2ac134b4e47a000403a47,,total_depth,,"{""cov_cos_sin"":112179.34576612903,""cross_candidate_covariance"":null,""formal_ci"":false,""interval_kind"":""ENGINEERING_INTERVAL_ONLY"",""mean_cosine"":1325.59375,""mean_sine"":1325.59375,""n"":32,""quantum_shot_uncertainty"":false,""rare_event_cost_tail"":""UNRESOLVED"",""var_cosine"":112179.34576612903,""var_sine"":112179.34576612903}"
da42ffc9e56d75ed6a85fa3cb86e4967f7bc201cf7b2ac134b4e47a000403a47,,circuit_size,,"{""cov_cos_sin"":2002204.9022177418,""cross_candidate_covariance"":null,""formal_ci"":false,""interval_kind"":""ENGINEERING_INTERVAL_ONLY"",""mean_cosine"":5441.46875,""mean_sine"":5441.46875,""n"":32,""quantum_shot_uncertainty"":false,""rare_event_cost_tail"":""UNRESOLVED"",""var_cosine"":2002204.9022177418,""var_sine"":2002204.9022177418}"
dac0c68eb3c16dbcc0835a34a5d9b831765f9dedd762b6e53039e6da6844bb3c,,rz_count,,"{""cov_cos_sin"":815.7379032258065,""cross_candidate_covariance"":null,""formal_ci"":false,""interval_kind"":""ENGINEERING_INTERVAL_ONLY"",""mean_cosine"":6080.5625,""mean_sine"":6080.5625,""n"":32,""quantum_shot_uncertainty"":false,""rare_event_cost_tail"":""UNRESOLVED"",""var_cosine"":815.7379032258065,""var_sine"":815.7379032258065}"
dac0c68eb3c16dbcc0835a34a5d9b831765f9dedd762b6e53039e6da6844bb3c,,rz_depth,,"{""cov_cos_sin"":1.092741935483871,""cross_candidate_covariance"":null,""formal_ci"":false,""interval_kind"":""ENGINEERING_INTERVAL_ONLY"",""mean_cosine"":2535.0625,""mean_sine"":2535.0625,""n"":32,""quantum_shot_uncertainty"":false,""rare_event_cost_tail"":""UNRESOLVED"",""var_cosine"":1.092741935483871,""var_sine"":1.092741935483871}"
dac0c68eb3c16dbcc0835a34a5d9b831765f9dedd762b6e53039e6da6844bb3c,,cx_count,,"{""cov_cos_sin"":58.82258064516129,""cross_candidate_covariance"":null,""formal_ci"":false,""interval_kind"":""ENGINEERING_INTERVAL_ONLY"",""mean_cosine"":3272.125,""mean_sine"":3272.125,""n"":32,""quantum_shot_uncertainty"":false,""rare_event_cost_tail"":""UNRESOLVED"",""var_cosine"":58.82258064516129,""var_sine"":58.82258064516129}"
dac0c68eb3c16dbcc0835a34a5d9b831765f9dedd762b6e53039e6da6844bb3c,,cx_depth,,"{""cov_cos_sin"":1.7419354838709677,""cross_candidate_covariance"":null,""formal_ci"":false,""interval_kind"":""ENGINEERING_INTERVAL_ONLY"",""mean_cosine"":2662.0,""mean_sine"":2662.0,""n"":32,""quantum_shot_uncertainty"":false,""rare_event_cost_tail"":""UNRESOLVED"",""var_cosine"":1.7419354838709677,""var_sine"":1.7419354838709677}"
dac0c68eb3c16dbcc0835a34a5d9b831765f9dedd762b6e53039e6da6844bb3c,,total_depth,,"{""cov_cos_sin"":11.899193548387096,""cross_candidate_covariance"":null,""formal_ci"":false,""interval_kind"":""ENGINEERING_INTERVAL_ONLY"",""mean_cosine"":5521.8125,""mean_sine"":5521.8125,""n"":32,""quantum_shot_uncertainty"":false,""rare_event_cost_tail"":""UNRESOLVED"",""var_cosine"":11.899193548387096,""var_sine"":11.899193548387096}"
dac0c68eb3c16dbcc0835a34a5d9b831765f9dedd762b6e53039e6da6844bb3c,,circuit_size,,"{""cov_cos_sin"":3851.125,""cross_candidate_covariance"":null,""formal_ci"":false,""interval_kind"":""ENGINEERING_INTERVAL_ONLY"",""mean_cosine"":11577.1875,""mean_sine"":11577.1875,""n"":32,""quantum_shot_uncertainty"":false,""rare_event_cost_tail"":""UNRESOLVED"",""var_cosine"":3851.125,""var_sine"":3851.125}"
daf8f64a01a6bef1467d66403425195bb0f6350166e6030c29d2bb9bfdbd3795,,rz_count,,"{""cov_cos_sin"":15.934475806451612,""cross_candidate_covariance"":null,""formal_ci"":false,""interval_kind"":""ENGINEERING_INTERVAL_ONLY"",""mean_cosine"":64505.53125,""mean_sine"":64505.53125,""n"":32,""quantum_shot_uncertainty"":false,""rare_event_cost_tail"":""UNRESOLVED"",""var_cosine"":15.934475806451612,""var_sine"":15.934475806451612}"
daf8f64a01a6bef1467d66403425195bb0f6350166e6030c29d2bb9bfdbd3795,,rz_depth,,"{""cov_cos_sin"":19.918346774193548,""cross_candidate_covariance"":null,""formal_ci"":false,""interval_kind"":""ENGINEERING_INTERVAL_ONLY"",""mean_cosine"":28918.21875,""mean_sine"":28918.21875,""n"":32,""quantum_shot_uncertainty"":false,""rare_event_cost_tail"":""UNRESOLVED"",""var_cosine"":19.918346774193548,""var_sine"":19.918346774193548}"
daf8f64a01a6bef1467d66403425195bb0f6350166e6030c29d2bb9bfdbd3795,,cx_count,,"{""cov_cos_sin"":0.0,""cross_candidate_covariance"":null,""formal_ci"":false,""interval_kind"":""ENGINEERING_INTERVAL_ONLY"",""mean_cosine"":36752.0,""mean_sine"":36752.0,""n"":32,""quantum_shot_uncertainty"":false,""rare_event_cost_tail"":""UNRESOLVED"",""var_cosine"":0.0,""var_sine"":0.0}"
daf8f64a01a6bef1467d66403425195bb0f6350166e6030c29d2bb9bfdbd3795,,cx_depth,,"{""cov_cos_sin"":9.919354838709678,""cross_candidate_covariance"":null,""formal_ci"":false,""interval_kind"":""ENGINEERING_INTERVAL_ONLY"",""mean_cosine"":31134.125,""mean_sine"":31134.125,""n"":32,""quantum_shot_uncertainty"":false,""rare_event_cost_tail"":""UNRESOLVED"",""var_cosine"":9.919354838709678,""var_sine"":9.919354838709678}"
daf8f64a01a6bef1467d66403425195bb0f6350166e6030c29d2bb9bfdbd3795,,total_depth,,"{""cov_cos_sin"":62.44758064516129,""cross_candidate_covariance"":null,""formal_ci"":false,""interval_kind"":""ENGINEERING_INTERVAL_ONLY"",""mean_cosine"":62931.0625,""mean_sine"":62931.0625,""n"":32,""quantum_shot_uncertainty"":false,""rare_event_cost_tail"":""UNRESOLVED"",""var_cosine"":62.44758064516129,""var_sine"":62.44758064516129}"
daf8f64a01a6bef1467d66403425195bb0f6350166e6030c29d2bb9bfdbd3795,,circuit_size,,"{""cov_cos_sin"":31.983870967741936,""cross_candidate_covariance"":null,""formal_ci"":false,""interval_kind"":""ENGINEERING_INTERVAL_ONLY"",""mean_cosine"":123239.125,""mean_sine"":123239.125,""n"":32,""quantum_shot_uncertainty"":false,""rare_event_cost_tail"":""UNRESOLVED"",""var_cosine"":31.983870967741936,""var_sine"":31.983870967741936}"
dafe1fc3d9cabbcf37c5209ff808b1d18d7caff908bb6fd42cd24d29e03f55b4,,rz_count,,"{""cov_cos_sin"":4715.28125,""cross_candidate_covariance"":null,""formal_ci"":false,""interval_kind"":""ENGINEERING_INTERVAL_ONLY"",""mean_cosine"":63977.59375,""mean_sine"":63977.59375,""n"":32,""quantum_shot_uncertainty"":false,""rare_event_cost_tail"":""UNRESOLVED"",""var_cosine"":4715.28125,""var_sine"":4715.28125}"
dafe1fc3d9cabbcf37c5209ff808b1d18d7caff908bb6fd42cd24d29e03f55b4,,rz_depth,,"{""cov_cos_sin"":7.007056451612903,""cross_candidate_covariance"":null,""formal_ci"":false,""interval_kind"":""ENGINEERING_INTERVAL_ONLY"",""mean_cosine"":28626.65625,""mean_sine"":28626.65625,""n"":32,""quantum_shot_uncertainty"":false,""rare_event_cost_tail"":""UNRESOLVED"",""var_cosine"":7.007056451612903,""var_sine"":7.007056451612903}"
dafe1fc3d9cabbcf37c5209ff808b1d18d7caff908bb6fd42cd24d29e03f55b4,,cx_count,,"{""cov_cos_sin"":349.2741935483871,""cross_candidate_covariance"":null,""formal_ci"":false,""interval_kind"":""ENGINEERING_INTERVAL_ONLY"",""mean_cosine"":36395.625,""mean_sine"":36395.625,""n"":32,""quantum_shot_uncertainty"":false,""rare_event_cost_tail"":""UNRESOLVED"",""var_cosine"":349.2741935483871,""var_sine"":349.2741935483871}"
dafe1fc3d9cabbcf37c5209ff808b1d18d7caff908bb6fd42cd24d29e03f55b4,,cx_depth,,"{""cov_cos_sin"":4.479838709677419,""cross_candidate_covariance"":null,""formal_ci"":false,""interval_kind"":""ENGINEERING_INTERVAL_ONLY"",""mean_cosine"":30809.6875,""mean_sine"":30809.6875,""n"":32,""quantum_shot_uncertainty"":false,""rare_event_cost_tail"":""UNRESOLVED"",""var_cosine"":4.479838709677419,""var_sine"":4.479838709677419}"
dafe1fc3d9cabbcf37c5209ff808b1d18d7caff908bb6fd42cd24d29e03f55b4,,total_depth,,"{""cov_cos_sin"":45.797379032258064,""cross_candidate_covariance"":null,""formal_ci"":false,""interval_kind"":""ENGINEERING_INTERVAL_ONLY"",""mean_cosine"":62317.59375,""mean_sine"":62317.59375,""n"":32,""quantum_shot_uncertainty"":false,""rare_event_cost_tail"":""UNRESOLVED"",""var_cosine"":45.797379032258064,""var_sine"":45.797379032258064}"
dafe1fc3d9cabbcf37c5209ff808b1d18d7caff908bb6fd42cd24d29e03f55b4,,circuit_size,,"{""cov_cos_sin"":17096.563508064515,""cross_candidate_covariance"":null,""formal_ci"":false,""interval_kind"":""ENGINEERING_INTERVAL_ONLY"",""mean_cosine"":122244.21875,""mean_sine"":122244.21875,""n"":32,""quantum_shot_uncertainty"":false,""rare_event_cost_tail"":""UNRESOLVED"",""var_cosine"":17096.563508064515,""var_sine"":17096.563508064515}"
db758e4ddf1bb9298002d1cd6745073f43da1a33aa0afcb5c00ff988891adbd8,,rz_count,,"{""cov_cos_sin"":1520.758064516129,""cross_candidate_covariance"":null,""formal_ci"":false,""interval_kind"":""ENGINEERING_INTERVAL_ONLY"",""mean_cosine"":16219.625,""mean_sine"":16219.625,""n"":32,""quantum_shot_uncertainty"":false,""rare_event_cost_tail"":""UNRESOLVED"",""var_cosine"":1520.758064516129,""var_sine"":1520.758064516129}"
db758e4ddf1bb9298002d1cd6745073f43da1a33aa0afcb5c00ff988891adbd8,,rz_depth,,"{""cov_cos_sin"":1.060483870967742,""cross_candidate_covariance"":null,""formal_ci"":false,""interval_kind"":""ENGINEERING_INTERVAL_ONLY"",""mean_cosine"":7205.3125,""mean_sine"":7205.3125,""n"":32,""quantum_shot_uncertainty"":false,""rare_event_cost_tail"":""UNRESOLVED"",""var_cosine"":1.060483870967742,""var_sine"":1.060483870967742}"
db758e4ddf1bb9298002d1cd6745073f43da1a33aa0afcb5c00ff988891adbd8,,cx_count,,"{""cov_cos_sin"":114.58064516129032,""cross_candidate_covariance"":null,""formal_ci"":false,""interval_kind"":""ENGINEERING_INTERVAL_ONLY"",""mean_cosine"":9169.0,""mean_sine"":9169.0,""n"":32,""quantum_shot_uncertainty"":false,""rare_event_cost_tail"":""UNRESOLVED"",""var_cosine"":114.58064516129032,""var_sine"":114.58064516129032}"
db758e4ddf1bb9298002d1cd6745073f43da1a33aa0afcb5c00ff988891adbd8,,cx_depth,,"{""cov_cos_sin"":1.221774193548387,""cross_candidate_covariance"":null,""formal_ci"":false,""interval_kind"":""ENGINEERING_INTERVAL_ONLY"",""mean_cosine"":7732.4375,""mean_sine"":7732.4375,""n"":32,""quantum_shot_uncertainty"":false,""rare_event_cost_tail"":""UNRESOLVED"",""var_cosine"":1.221774193548387,""var_sine"":1.221774193548387}"
db758e4ddf1bb9298002d1cd6745073f43da1a33aa0afcb5c00ff988891adbd8,,total_depth,,"{""cov_cos_sin"":9.544354838709678,""cross_candidate_covariance"":null,""formal_ci"":false,""interval_kind"":""ENGINEERING_INTERVAL_ONLY"",""mean_cosine"":15682.5625,""mean_sine"":15682.5625,""n"":32,""quantum_shot_uncertainty"":false,""rare_event_cost_tail"":""UNRESOLVED"",""var_cosine"":9.544354838709678,""var_sine"":9.544354838709678}"
db758e4ddf1bb9298002d1cd6745073f43da1a33aa0afcb5c00ff988891adbd8,,circuit_size,,"{""cov_cos_sin"":5560.060483870968,""cross_candidate_covariance"":null,""formal_ci"":false,""interval_kind"":""ENGINEERING_INTERVAL_ONLY"",""mean_cosine"":30973.9375,""mean_sine"":30973.9375,""n"":32,""quantum_shot_uncertainty"":false,""rare_event_cost_tail"":""UNRESOLVED"",""var_cosine"":5560.060483870968,""var_sine"":5560.060483870968}"
dc81fc6ca334b9050e88cb9492808ded22af54b28e152b3f0104203350f25dde,,rz_count,,"{""cov_cos_sin"":111054.59576612903,""cross_candidate_covariance"":null,""formal_ci"":false,""interval_kind"":""ENGINEERING_INTERVAL_ONLY"",""mean_cosine"":23107.28125,""mean_sine"":23107.28125,""n"":32,""quantum_shot_uncertainty"":false,""rare_event_cost_tail"":""UNRESOLVED"",""var_cosine"":111054.59576612903,""var_sine"":111054.59576612903}"
dc81fc6ca334b9050e88cb9492808ded22af54b28e152b3f0104203350f25dde,,rz_depth,,"{""cov_cos_sin"":5028.370967741936,""cross_candidate_covariance"":null,""formal_ci"":false,""interval_kind"":""ENGINEERING_INTERVAL_ONLY"",""mean_cosine"":10040.375,""mean_sine"":10040.375,""n"":32,""quantum_shot_uncertainty"":false,""rare_event_cost_tail"":""UNRESOLVED"",""var_cosine"":5028.370967741936,""var_sine"":5028.370967741936}"
dc81fc6ca334b9050e88cb9492808ded22af54b28e152b3f0104203350f25dde,,cx_count,,"{""cov_cos_sin"":9816.254032258064,""cross_candidate_covariance"":null,""formal_ci"":false,""interval_kind"":""ENGINEERING_INTERVAL_ONLY"",""mean_cosine"":12869.0625,""mean_sine"":12869.0625,""n"":32,""quantum_shot_uncertainty"":false,""rare_event_cost_tail"":""UNRESOLVED"",""var_cosine"":9816.254032258064,""var_sine"":9816.254032258064}"
dc81fc6ca334b9050e88cb9492808ded22af54b28e152b3f0104203350f25dde,,cx_depth,,"{""cov_cos_sin"":1666.0877016129032,""cross_candidate_covariance"":null,""formal_ci"":false,""interval_kind"":""ENGINEERING_INTERVAL_ONLY"",""mean_cosine"":10718.09375,""mean_sine"":10718.09375,""n"":32,""quantum_shot_uncertainty"":false,""rare_event_cost_tail"":""UNRESOLVED"",""var_cosine"":1666.0877016129032,""var_sine"":1666.0877016129032}"
dc81fc6ca334b9050e88cb9492808ded22af54b28e152b3f0104203350f25dde,,total_depth,,"{""cov_cos_sin"":22799.677419354837,""cross_candidate_covariance"":null,""formal_ci"":false,""interval_kind"":""ENGINEERING_INTERVAL_ONLY"",""mean_cosine"":21850.5,""mean_sine"":21850.5,""n"":32,""quantum_shot_uncertainty"":false,""rare_event_cost_tail"":""UNRESOLVED"",""var_cosine"":22799.677419354837,""var_sine"":22799.677419354837}"
dc81fc6ca334b9050e88cb9492808ded22af54b28e152b3f0104203350f25dde,,circuit_size,,"{""cov_cos_sin"":397501.7701612903,""cross_candidate_covariance"":null,""formal_ci"":false,""interval_kind"":""ENGINEERING_INTERVAL_ONLY"",""mean_cosine"":44173.8125,""mean_sine"":44173.8125,""n"":32,""quantum_shot_uncertainty"":false,""rare_event_cost_tail"":""UNRESOLVED"",""var_cosine"":397501.7701612903,""var_sine"":397501.7701612903}"
dd53221831709e1179ac560b750ab4e994c7427e849246ed0098e85c0f34ccfe,,rz_count,,"{""cov_cos_sin"":7653.6411290322585,""cross_candidate_covariance"":null,""formal_ci"":false,""interval_kind"":""ENGINEERING_INTERVAL_ONLY"",""mean_cosine"":127696.8125,""mean_sine"":127696.8125,""n"":32,""quantum_shot_uncertainty"":false,""rare_event_cost_tail"":""UNRESOLVED"",""var_cosine"":7653.6411290322585,""var_sine"":7653.6411290322585}"
dd53221831709e1179ac560b750ab4e994c7427e849246ed0098e85c0f34ccfe,,rz_depth,,"{""cov_cos_sin"":15.797379032258064,""cross_candidate_covariance"":null,""formal_ci"":false,""interval_kind"":""ENGINEERING_INTERVAL_ONLY"",""mean_cosine"":57189.59375,""mean_sine"":57189.59375,""n"":32,""quantum_shot_uncertainty"":false,""rare_event_cost_tail"":""UNRESOLVED"",""var_cosine"":15.797379032258064,""var_sine"":15.797379032258064}"
dd53221831709e1179ac560b750ab4e994c7427e849246ed0098e85c0f34ccfe,,cx_count,,"{""cov_cos_sin"":499.61290322580646,""cross_candidate_covariance"":null,""formal_ci"":false,""interval_kind"":""ENGINEERING_INTERVAL_ONLY"",""mean_cosine"":72709.0,""mean_sine"":72709.0,""n"":32,""quantum_shot_uncertainty"":false,""rare_event_cost_tail"":""UNRESOLVED"",""var_cosine"":499.61290322580646,""var_sine"":499.61290322580646}"
dd53221831709e1179ac560b750ab4e994c7427e849246ed0098e85c0f34ccfe,,cx_depth,,"{""cov_cos_sin"":8.361895161290322,""cross_candidate_covariance"":null,""formal_ci"":false,""interval_kind"":""ENGINEERING_INTERVAL_ONLY"",""mean_cosine"":61580.65625,""mean_sine"":61580.65625,""n"":32,""quantum_shot_uncertainty"":false,""rare_event_cost_tail"":""UNRESOLVED"",""var_cosine"":8.361895161290322,""var_sine"":8.361895161290322}"
dd53221831709e1179ac560b750ab4e994c7427e849246ed0098e85c0f34ccfe,,total_depth,,"{""cov_cos_sin"":89.03931451612904,""cross_candidate_covariance"":null,""formal_ci"":false,""interval_kind"":""ENGINEERING_INTERVAL_ONLY"",""mean_cosine"":124503.15625,""mean_sine"":124503.15625,""n"":32,""quantum_shot_uncertainty"":false,""rare_event_cost_tail"":""UNRESOLVED"",""var_cosine"":89.03931451612904,""var_sine"":89.03931451612904}"
dd53221831709e1179ac560b750ab4e994c7427e849246ed0098e85c0f34ccfe,,circuit_size,,"{""cov_cos_sin"":26660.435483870966,""cross_candidate_covariance"":null,""formal_ci"":false,""interval_kind"":""ENGINEERING_INTERVAL_ONLY"",""mean_cosine"":244017.625,""mean_sine"":244017.625,""n"":32,""quantum_shot_uncertainty"":false,""rare_event_cost_tail"":""UNRESOLVED"",""var_cosine"":26660.435483870966,""var_sine"":26660.435483870966}"
e0d82aecd1a68db4259272a946f1a3de48c9c9777a1843e02ee9634c2e44f727,,rz_count,,"{""cov_cos_sin"":635.3548387096774,""cross_candidate_covariance"":null,""formal_ci"":false,""interval_kind"":""ENGINEERING_INTERVAL_ONLY"",""mean_cosine"":11304.0,""mean_sine"":11304.0,""n"":32,""quantum_shot_uncertainty"":false,""rare_event_cost_tail"":""UNRESOLVED"",""var_cosine"":635.3548387096774,""var_sine"":635.3548387096774}"
e0d82aecd1a68db4259272a946f1a3de48c9c9777a1843e02ee9634c2e44f727,,rz_depth,,"{""cov_cos_sin"":12.910282258064516,""cross_candidate_covariance"":null,""formal_ci"":false,""interval_kind"":""ENGINEERING_INTERVAL_ONLY"",""mean_cosine"":4871.15625,""mean_sine"":4871.15625,""n"":32,""quantum_shot_uncertainty"":false,""rare_event_cost_tail"":""UNRESOLVED"",""var_cosine"":12.910282258064516,""var_sine"":12.910282258064516}"
e0d82aecd1a68db4259272a946f1a3de48c9c9777a1843e02ee9634c2e44f727,,cx_count,,"{""cov_cos_sin"":63.20967741935484,""cross_candidate_covariance"":null,""formal_ci"":false,""interval_kind"":""ENGINEERING_INTERVAL_ONLY"",""mean_cosine"":6254.875,""mean_sine"":6254.875,""n"":32,""quantum_shot_uncertainty"":false,""rare_event_cost_tail"":""UNRESOLVED"",""var_cosine"":63.20967741935484,""var_sine"":63.20967741935484}"
e0d82aecd1a68db4259272a946f1a3de48c9c9777a1843e02ee9634c2e44f727,,cx_depth,,"{""cov_cos_sin"":14.192540322580646,""cross_candidate_covariance"":null,""formal_ci"":false,""interval_kind"":""ENGINEERING_INTERVAL_ONLY"",""mean_cosine"":5189.46875,""mean_sine"":5189.46875,""n"":32,""quantum_shot_uncertainty"":false,""rare_event_cost_tail"":""UNRESOLVED"",""var_cosine"":14.192540322580646,""var_sine"":14.192540322580646}"
e0d82aecd1a68db4259272a946f1a3de48c9c9777a1843e02ee9634c2e44f727,,total_depth,,"{""cov_cos_sin"":52.507056451612904,""cross_candidate_covariance"":null,""formal_ci"":false,""interval_kind"":""ENGINEERING_INTERVAL_ONLY"",""mean_cosine"":10608.40625,""mean_sine"":10608.40625,""n"":32,""quantum_shot_uncertainty"":false,""rare_event_cost_tail"":""UNRESOLVED"",""var_cosine"":52.507056451612904,""var_sine"":52.507056451612904}"
e0d82aecd1a68db4259272a946f1a3de48c9c9777a1843e02ee9634c2e44f727,,circuit_size,,"{""cov_cos_sin"":2073.2096774193546,""cross_candidate_covariance"":null,""formal_ci"":false,""interval_kind"":""ENGINEERING_INTERVAL_ONLY"",""mean_cosine"":21613.625,""mean_sine"":21613.625,""n"":32,""quantum_shot_uncertainty"":false,""rare_event_cost_tail"":""UNRESOLVED"",""var_cosine"":2073.2096774193546,""var_sine"":2073.2096774193546}"
e23ad773307fbc4a8f8b24754d457c491ccaeb4c16c1b23289a7b1821f811373,,rz_count,,"{""cov_cos_sin"":0.0,""cross_candidate_covariance"":null,""formal_ci"":false,""interval_kind"":""ENGINEERING_INTERVAL_ONLY"",""mean_cosine"":41270.0,""mean_sine"":41270.0,""n"":1,""quantum_shot_uncertainty"":false,""rare_event_cost_tail"":""UNRESOLVED"",""var_cosine"":0.0,""var_sine"":0.0}"
e23ad773307fbc4a8f8b24754d457c491ccaeb4c16c1b23289a7b1821f811373,,rz_depth,,"{""cov_cos_sin"":0.0,""cross_candidate_covariance"":null,""formal_ci"":false,""interval_kind"":""ENGINEERING_INTERVAL_ONLY"",""mean_cosine"":18729.0,""mean_sine"":18729.0,""n"":1,""quantum_shot_uncertainty"":false,""rare_event_cost_tail"":""UNRESOLVED"",""var_cosine"":0.0,""var_sine"":0.0}"
e23ad773307fbc4a8f8b24754d457c491ccaeb4c16c1b23289a7b1821f811373,,cx_count,,"{""cov_cos_sin"":0.0,""cross_candidate_covariance"":null,""formal_ci"":false,""interval_kind"":""ENGINEERING_INTERVAL_ONLY"",""mean_cosine"":23792.0,""mean_sine"":23792.0,""n"":1,""quantum_shot_uncertainty"":false,""rare_event_cost_tail"":""UNRESOLVED"",""var_cosine"":0.0,""var_sine"":0.0}"
e23ad773307fbc4a8f8b24754d457c491ccaeb4c16c1b23289a7b1821f811373,,cx_depth,,"{""cov_cos_sin"":0.0,""cross_candidate_covariance"":null,""formal_ci"":false,""interval_kind"":""ENGINEERING_INTERVAL_ONLY"",""mean_cosine"":20276.0,""mean_sine"":20276.0,""n"":1,""quantum_shot_uncertainty"":false,""rare_event_cost_tail"":""UNRESOLVED"",""var_cosine"":0.0,""var_sine"":0.0}"
e23ad773307fbc4a8f8b24754d457c491ccaeb4c16c1b23289a7b1821f811373,,total_depth,,"{""cov_cos_sin"":0.0,""cross_candidate_covariance"":null,""formal_ci"":false,""interval_kind"":""ENGINEERING_INTERVAL_ONLY"",""mean_cosine"":40786.0,""mean_sine"":40786.0,""n"":1,""quantum_shot_uncertainty"":false,""rare_event_cost_tail"":""UNRESOLVED"",""var_cosine"":0.0,""var_sine"":0.0}"
e23ad773307fbc4a8f8b24754d457c491ccaeb4c16c1b23289a7b1821f811373,,circuit_size,,"{""cov_cos_sin"":0.0,""cross_candidate_covariance"":null,""formal_ci"":false,""interval_kind"":""ENGINEERING_INTERVAL_ONLY"",""mean_cosine"":78857.0,""mean_sine"":78857.0,""n"":1,""quantum_shot_uncertainty"":false,""rare_event_cost_tail"":""UNRESOLVED"",""var_cosine"":0.0,""var_sine"":0.0}"
e301d2a1dd4c98d851acc0855c688c17977db1bef75dbbf5ee64da56707ade78,,rz_count,,"{""cov_cos_sin"":6933082.887096774,""cross_candidate_covariance"":null,""formal_ci"":false,""interval_kind"":""ENGINEERING_INTERVAL_ONLY"",""mean_cosine"":32397.375,""mean_sine"":32397.375,""n"":32,""quantum_shot_uncertainty"":false,""rare_event_cost_tail"":""UNRESOLVED"",""var_cosine"":6933082.887096774,""var_sine"":6933082.887096774}"
e301d2a1dd4c98d851acc0855c688c17977db1bef75dbbf5ee64da56707ade78,,rz_depth,,"{""cov_cos_sin"":339403.09274193546,""cross_candidate_covariance"":null,""formal_ci"":false,""interval_kind"":""ENGINEERING_INTERVAL_ONLY"",""mean_cosine"":7457.4375,""mean_sine"":7457.4375,""n"":32,""quantum_shot_uncertainty"":false,""rare_event_cost_tail"":""UNRESOLVED"",""var_cosine"":339403.09274193546,""var_sine"":339403.09274193546}"
e301d2a1dd4c98d851acc0855c688c17977db1bef75dbbf5ee64da56707ade78,,cx_count,,"{""cov_cos_sin"":646196.9637096775,""cross_candidate_covariance"":null,""formal_ci"":false,""interval_kind"":""ENGINEERING_INTERVAL_ONLY"",""mean_cosine"":10702.0625,""mean_sine"":10702.0625,""n"":32,""quantum_shot_uncertainty"":false,""rare_event_cost_tail"":""UNRESOLVED"",""var_cosine"":646196.9637096775,""var_sine"":646196.9637096775}"
e301d2a1dd4c98d851acc0855c688c17977db1bef75dbbf5ee64da56707ade78,,cx_depth,,"{""cov_cos_sin"":112880.93447580645,""cross_candidate_covariance"":null,""formal_ci"":false,""interval_kind"":""ENGINEERING_INTERVAL_ONLY"",""mean_cosine"":4994.96875,""mean_sine"":4994.96875,""n"":32,""quantum_shot_uncertainty"":false,""rare_event_cost_tail"":""UNRESOLVED"",""var_cosine"":112880.93447580645,""var_sine"":112880.93447580645}"
e301d2a1dd4c98d851acc0855c688c17977db1bef75dbbf5ee64da56707ade78,,total_depth,,"{""cov_cos_sin"":1615815.125,""cross_candidate_covariance"":null,""formal_ci"":false,""interval_kind"":""ENGINEERING_INTERVAL_ONLY"",""mean_cosine"":16367.8125,""mean_sine"":16367.8125,""n"":32,""quantum_shot_uncertainty"":false,""rare_event_cost_tail"":""UNRESOLVED"",""var_cosine"":1615815.125,""var_sine"":1615815.125}"
e301d2a1dd4c98d851acc0855c688c17977db1bef75dbbf5ee64da56707ade78,,circuit_size,,"{""cov_cos_sin"":26461786.19354839,""cross_candidate_covariance"":null,""formal_ci"":false,""interval_kind"":""ENGINEERING_INTERVAL_ONLY"",""mean_cosine"":62826.25,""mean_sine"":62826.25,""n"":32,""quantum_shot_uncertainty"":false,""rare_event_cost_tail"":""UNRESOLVED"",""var_cosine"":26461786.19354839,""var_sine"":26461786.19354839}"
e33dc8c98c0ec5d814de213fad448beb39327b2fa0d9ab3cb11e1c97842d52ec,,rz_count,,"{""cov_cos_sin"":55439.221774193546,""cross_candidate_covariance"":null,""formal_ci"":false,""interval_kind"":""ENGINEERING_INTERVAL_ONLY"",""mean_cosine"":88805.0625,""mean_sine"":88805.0625,""n"":32,""quantum_shot_uncertainty"":false,""rare_event_cost_tail"":""UNRESOLVED"",""var_cosine"":55439.221774193546,""var_sine"":55439.221774193546}"
e33dc8c98c0ec5d814de213fad448beb39327b2fa0d9ab3cb11e1c97842d52ec,,rz_depth,,"{""cov_cos_sin"":2964.2006048387098,""cross_candidate_covariance"":null,""formal_ci"":false,""interval_kind"":""ENGINEERING_INTERVAL_ONLY"",""mean_cosine"":38718.15625,""mean_sine"":38718.15625,""n"":32,""quantum_shot_uncertainty"":false,""rare_event_cost_tail"":""UNRESOLVED"",""var_cosine"":2964.2006048387098,""var_sine"":2964.2006048387098}"
e33dc8c98c0ec5d814de213fad448beb39327b2fa0d9ab3cb11e1c97842d52ec,,cx_count,,"{""cov_cos_sin"":4841.350806451613,""cross_candidate_covariance"":null,""formal_ci"":false,""interval_kind"":""ENGINEERING_INTERVAL_ONLY"",""mean_cosine"":49645.4375,""mean_sine"":49645.4375,""n"":32,""quantum_shot_uncertainty"":false,""rare_event_cost_tail"":""UNRESOLVED"",""var_cosine"":4841.350806451613,""var_sine"":4841.350806451613}"
e33dc8c98c0ec5d814de213fad448beb39327b2fa0d9ab3cb11e1c97842d52ec,,cx_depth,,"{""cov_cos_sin"":961.3699596774194,""cross_candidate_covariance"":null,""formal_ci"":false,""interval_kind"":""ENGINEERING_INTERVAL_ONLY"",""mean_cosine"":41449.28125,""mean_sine"":41449.28125,""n"":32,""quantum_shot_uncertainty"":false,""rare_event_cost_tail"":""UNRESOLVED"",""var_cosine"":961.3699596774194,""var_sine"":961.3699596774194}"
e33dc8c98c0ec5d814de213fad448beb39327b2fa0d9ab3cb11e1c97842d52ec,,total_depth,,"{""cov_cos_sin"":13545.963709677419,""cross_candidate_covariance"":null,""formal_ci"":false,""interval_kind"":""ENGINEERING_INTERVAL_ONLY"",""mean_cosine"":84332.1875,""mean_sine"":84332.1875,""n"":32,""quantum_shot_uncertainty"":false,""rare_event_cost_tail"":""UNRESOLVED"",""var_cosine"":13545.963709677419,""var_sine"":13545.963709677419}"
e33dc8c98c0ec5d814de213fad448beb39327b2fa0d9ab3cb11e1c97842d52ec,,circuit_size,,"{""cov_cos_sin"":206726.8054435484,""cross_candidate_covariance"":null,""formal_ci"":false,""interval_kind"":""ENGINEERING_INTERVAL_ONLY"",""mean_cosine"":169935.96875,""mean_sine"":169935.96875,""n"":32,""quantum_shot_uncertainty"":false,""rare_event_cost_tail"":""UNRESOLVED"",""var_cosine"":206726.8054435484,""var_sine"":206726.8054435484}"
e40346bc9672fad548e88097736b7ebbde8f6e0fd4067f1ac32d199da134b52f,,rz_count,,"{""cov_cos_sin"":10758.931451612903,""cross_candidate_covariance"":null,""formal_ci"":false,""interval_kind"":""ENGINEERING_INTERVAL_ONLY"",""mean_cosine"":6167.8125,""mean_sine"":6167.8125,""n"":32,""quantum_shot_uncertainty"":false,""rare_event_cost_tail"":""UNRESOLVED"",""var_cosine"":10758.931451612903,""var_sine"":10758.931451612903}"
e40346bc9672fad548e88097736b7ebbde8f6e0fd4067f1ac32d199da134b52f,,rz_depth,,"{""cov_cos_sin"":496.8538306451613,""cross_candidate_covariance"":null,""formal_ci"":false,""interval_kind"":""ENGINEERING_INTERVAL_ONLY"",""mean_cosine"":2556.71875,""mean_sine"":2556.71875,""n"":32,""quantum_shot_uncertainty"":false,""rare_event_cost_tail"":""UNRESOLVED"",""var_cosine"":496.8538306451613,""var_sine"":496.8538306451613}"
e40346bc9672fad548e88097736b7ebbde8f6e0fd4067f1ac32d199da134b52f,,cx_count,,"{""cov_cos_sin"":945.483870967742,""cross_candidate_covariance"":null,""formal_ci"":false,""interval_kind"":""ENGINEERING_INTERVAL_ONLY"",""mean_cosine"":3305.25,""mean_sine"":3305.25,""n"":32,""quantum_shot_uncertainty"":false,""rare_event_cost_tail"":""UNRESOLVED"",""var_cosine"":945.483870967742,""var_sine"":945.483870967742}"
e40346bc9672fad548e88097736b7ebbde8f6e0fd4067f1ac32d199da134b52f,,cx_depth,,"{""cov_cos_sin"":155.47479838709677,""cross_candidate_covariance"":null,""formal_ci"":false,""interval_kind"":""ENGINEERING_INTERVAL_ONLY"",""mean_cosine"":2680.40625,""mean_sine"":2680.40625,""n"":32,""quantum_shot_uncertainty"":false,""rare_event_cost_tail"":""UNRESOLVED"",""var_cosine"":155.47479838709677,""var_sine"":155.47479838709677}"
e40346bc9672fad548e88097736b7ebbde8f6e0fd4067f1ac32d199da134b52f,,total_depth,,"{""cov_cos_sin"":2450.9959677419356,""cross_candidate_covariance"":null,""formal_ci"":false,""interval_kind"":""ENGINEERING_INTERVAL_ONLY"",""mean_cosine"":5569.1875,""mean_sine"":5569.1875,""n"":32,""quantum_shot_uncertainty"":false,""rare_event_cost_tail"":""UNRESOLVED"",""var_cosine"":2450.9959677419356,""var_sine"":2450.9959677419356}"
e40346bc9672fad548e88097736b7ebbde8f6e0fd4067f1ac32d199da134b52f,,circuit_size,,"{""cov_cos_sin"":43928.479838709674,""cross_candidate_covariance"":null,""formal_ci"":false,""interval_kind"":""ENGINEERING_INTERVAL_ONLY"",""mean_cosine"":11749.6875,""mean_sine"":11749.6875,""n"":32,""quantum_shot_uncertainty"":false,""rare_event_cost_tail"":""UNRESOLVED"",""var_cosine"":43928.479838709674,""var_sine"":43928.479838709674}"
e5f5dfeb10d27592d7f6aa4514b976aee460d580a61e9b8f51713210ac01851e,,rz_count,,"{""cov_cos_sin"":187071.7570564516,""cross_candidate_covariance"":null,""formal_ci"":false,""interval_kind"":""ENGINEERING_INTERVAL_ONLY"",""mean_cosine"":24404.71875,""mean_sine"":24404.71875,""n"":32,""quantum_shot_uncertainty"":false,""rare_event_cost_tail"":""UNRESOLVED"",""var_cosine"":187071.7570564516,""var_sine"":187071.7570564516}"
e5f5dfeb10d27592d7f6aa4514b976aee460d580a61e9b8f51713210ac01851e,,rz_depth,,"{""cov_cos_sin"":7257.318548387097,""cross_candidate_covariance"":null,""formal_ci"":false,""interval_kind"":""ENGINEERING_INTERVAL_ONLY"",""mean_cosine"":10213.6875,""mean_sine"":10213.6875,""n"":32,""quantum_shot_uncertainty"":false,""rare_event_cost_tail"":""UNRESOLVED"",""var_cosine"":7257.318548387097,""var_sine"":7257.318548387097}"
e5f5dfeb10d27592d7f6aa4514b976aee460d580a61e9b8f51713210ac01851e,,cx_count,,"{""cov_cos_sin"":15626.54435483871,""cross_candidate_covariance"":null,""formal_ci"":false,""interval_kind"":""ENGINEERING_INTERVAL_ONLY"",""mean_cosine"":13188.8125,""mean_sine"":13188.8125,""n"":32,""quantum_shot_uncertainty"":false,""rare_event_cost_tail"":""UNRESOLVED"",""var_cosine"":15626.54435483871,""var_sine"":15626.54435483871}"
e5f5dfeb10d27592d7f6aa4514b976aee460d580a61e9b8f51713210ac01851e,,cx_depth,,"{""cov_cos_sin"":1972.007056451613,""cross_candidate_covariance"":null,""formal_ci"":false,""interval_kind"":""ENGINEERING_INTERVAL_ONLY"",""mean_cosine"":10752.84375,""mean_sine"":10752.84375,""n"":32,""quantum_shot_uncertainty"":false,""rare_event_cost_tail"":""UNRESOLVED"",""var_cosine"":1972.007056451613,""var_sine"":1972.007056451613}"
e5f5dfeb10d27592d7f6aa4514b976aee460d580a61e9b8f51713210ac01851e,,total_depth,,"{""cov_cos_sin"":36036.2247983871,""cross_candidate_covariance"":null,""formal_ci"":false,""interval_kind"":""ENGINEERING_INTERVAL_ONLY"",""mean_cosine"":22258.96875,""mean_sine"":22258.96875,""n"":32,""quantum_shot_uncertainty"":false,""rare_event_cost_tail"":""UNRESOLVED"",""var_cosine"":36036.2247983871,""var_sine"":36036.2247983871}"
e5f5dfeb10d27592d7f6aa4514b976aee460d580a61e9b8f51713210ac01851e,,circuit_size,,"{""cov_cos_sin"":755292.5877016129,""cross_candidate_covariance"":null,""formal_ci"":false,""interval_kind"":""ENGINEERING_INTERVAL_ONLY"",""mean_cosine"":46599.84375,""mean_sine"":46599.84375,""n"":32,""quantum_shot_uncertainty"":false,""rare_event_cost_tail"":""UNRESOLVED"",""var_cosine"":755292.5877016129,""var_sine"":755292.5877016129}"
e643f82e31b6fec2bf50d85a1377ebac85822e3c74a272d30015c31615af234d,,rz_count,,"{""cov_cos_sin"":599481.4828629033,""cross_candidate_covariance"":null,""formal_ci"":false,""interval_kind"":""ENGINEERING_INTERVAL_ONLY"",""mean_cosine"":49061.53125,""mean_sine"":49061.53125,""n"":32,""quantum_shot_uncertainty"":false,""rare_event_cost_tail"":""UNRESOLVED"",""var_cosine"":599481.4828629033,""var_sine"":599481.4828629033}"
e643f82e31b6fec2bf50d85a1377ebac85822e3c74a272d30015c31615af234d,,rz_depth,,"{""cov_cos_sin"":22598.22177419355,""cross_candidate_covariance"":null,""formal_ci"":false,""interval_kind"":""ENGINEERING_INTERVAL_ONLY"",""mean_cosine"":20473.1875,""mean_sine"":20473.1875,""n"":32,""quantum_shot_uncertainty"":false,""rare_event_cost_tail"":""UNRESOLVED"",""var_cosine"":22598.22177419355,""var_sine"":22598.22177419355}"
e643f82e31b6fec2bf50d85a1377ebac85822e3c74a272d30015c31615af234d,,cx_count,,"{""cov_cos_sin"":50591.96370967742,""cross_candidate_covariance"":null,""formal_ci"":false,""interval_kind"":""ENGINEERING_INTERVAL_ONLY"",""mean_cosine"":26448.8125,""mean_sine"":26448.8125,""n"":32,""quantum_shot_uncertainty"":false,""rare_event_cost_tail"":""UNRESOLVED"",""var_cosine"":50591.96370967742,""var_sine"":50591.96370967742}"
e643f82e31b6fec2bf50d85a1377ebac85822e3c74a272d30015c31615af234d,,cx_depth,,"{""cov_cos_sin"":6228.386088709677,""cross_candidate_covariance"":null,""formal_ci"":false,""interval_kind"":""ENGINEERING_INTERVAL_ONLY"",""mean_cosine"":21524.53125,""mean_sine"":21524.53125,""n"":32,""quantum_shot_uncertainty"":false,""rare_event_cost_tail"":""UNRESOLVED"",""var_cosine"":6228.386088709677,""var_sine"":6228.386088709677}"
e643f82e31b6fec2bf50d85a1377ebac85822e3c74a272d30015c31615af234d,,total_depth,,"{""cov_cos_sin"":111535.47983870968,""cross_candidate_covariance"":null,""formal_ci"":false,""interval_kind"":""ENGINEERING_INTERVAL_ONLY"",""mean_cosine"":44625.9375,""mean_sine"":44625.9375,""n"":32,""quantum_shot_uncertainty"":false,""rare_event_cost_tail"":""UNRESOLVED"",""var_cosine"":111535.47983870968,""var_sine"":111535.47983870968}"
e643f82e31b6fec2bf50d85a1377ebac85822e3c74a272d30015c31615af234d,,circuit_size,,"{""cov_cos_sin"":2398080.410282258,""cross_candidate_covariance"":null,""formal_ci"":false,""interval_kind"":""ENGINEERING_INTERVAL_ONLY"",""mean_cosine"":93750.09375,""mean_sine"":93750.09375,""n"":32,""quantum_shot_uncertainty"":false,""rare_event_cost_tail"":""UNRESOLVED"",""var_cosine"":2398080.410282258,""var_sine"":2398080.410282258}"
e65cdad1c7bc4b357f5e775b4d41fad00b6a30a35596ca5bd6cc3bc145cd25e6,,rz_count,,"{""cov_cos_sin"":327.28629032258067,""cross_candidate_covariance"":null,""formal_ci"":false,""interval_kind"":""ENGINEERING_INTERVAL_ONLY"",""mean_cosine"":32252.4375,""mean_sine"":32252.4375,""n"":32,""quantum_shot_uncertainty"":false,""rare_event_cost_tail"":""UNRESOLVED"",""var_cosine"":327.28629032258067,""var_sine"":327.28629032258067}"
e65cdad1c7bc4b357f5e775b4d41fad00b6a30a35596ca5bd6cc3bc145cd25e6,,rz_depth,,"{""cov_cos_sin"":6.539314516129032,""cross_candidate_covariance"":null,""formal_ci"":false,""interval_kind"":""ENGINEERING_INTERVAL_ONLY"",""mean_cosine"":14394.09375,""mean_sine"":14394.09375,""n"":32,""quantum_shot_uncertainty"":false,""rare_event_cost_tail"":""UNRESOLVED"",""var_cosine"":6.539314516129032,""var_sine"":6.539314516129032}"
e65cdad1c7bc4b357f5e775b4d41fad00b6a30a35596ca5bd6cc3bc145cd25e6,,cx_count,,"{""cov_cos_sin"":22.451612903225808,""cross_candidate_covariance"":null,""formal_ci"":false,""interval_kind"":""ENGINEERING_INTERVAL_ONLY"",""mean_cosine"":18310.5,""mean_sine"":18310.5,""n"":32,""quantum_shot_uncertainty"":false,""rare_event_cost_tail"":""UNRESOLVED"",""var_cosine"":22.451612903225808,""var_sine"":22.451612903225808}"
e65cdad1c7bc4b357f5e775b4d41fad00b6a30a35596ca5bd6cc3bc145cd25e6,,cx_depth,,"{""cov_cos_sin"":3.1451612903225805,""cross_candidate_covariance"":null,""formal_ci"":false,""interval_kind"":""ENGINEERING_INTERVAL_ONLY"",""mean_cosine"":15478.625,""mean_sine"":15478.625,""n"":32,""quantum_shot_uncertainty"":false,""rare_event_cost_tail"":""UNRESOLVED"",""var_cosine"":3.1451612903225805,""var_sine"":3.1451612903225805}"
e65cdad1c7bc4b357f5e775b4d41fad00b6a30a35596ca5bd6cc3bc145cd25e6,,total_depth,,"{""cov_cos_sin"":31.254032258064516,""cross_candidate_covariance"":null,""formal_ci"":false,""interval_kind"":""ENGINEERING_INTERVAL_ONLY"",""mean_cosine"":31329.1875,""mean_sine"":31329.1875,""n"":32,""quantum_shot_uncertainty"":false,""rare_event_cost_tail"":""UNRESOLVED"",""var_cosine"":31.254032258064516,""var_sine"":31.254032258064516}"
e65cdad1c7bc4b357f5e775b4d41fad00b6a30a35596ca5bd6cc3bc145cd25e6,,circuit_size,,"{""cov_cos_sin"":1184.3870967741937,""cross_candidate_covariance"":null,""formal_ci"":false,""interval_kind"":""ENGINEERING_INTERVAL_ONLY"",""mean_cosine"":61612.0,""mean_sine"":61612.0,""n"":32,""quantum_shot_uncertainty"":false,""rare_event_cost_tail"":""UNRESOLVED"",""var_cosine"":1184.3870967741937,""var_sine"":1184.3870967741937}"
e66323b52ebc9b603a359a3e7204a59c2b64cfaf7c267a70d822f95bc762d7e0,,rz_count,,"{""cov_cos_sin"":614079.7056451613,""cross_candidate_covariance"":null,""formal_ci"":false,""interval_kind"":""ENGINEERING_INTERVAL_ONLY"",""mean_cosine"":3789.3125,""mean_sine"":3789.3125,""n"":32,""quantum_shot_uncertainty"":false,""rare_event_cost_tail"":""UNRESOLVED"",""var_cosine"":614079.7056451613,""var_sine"":614079.7056451613}"
e66323b52ebc9b603a359a3e7204a59c2b64cfaf7c267a70d822f95bc762d7e0,,rz_depth,,"{""cov_cos_sin"":30276.125,""cross_candidate_covariance"":null,""formal_ci"":false,""interval_kind"":""ENGINEERING_INTERVAL_ONLY"",""mean_cosine"":827.4375,""mean_sine"":827.4375,""n"":32,""quantum_shot_uncertainty"":false,""rare_event_cost_tail"":""UNRESOLVED"",""var_cosine"":30276.125,""var_sine"":30276.125}"
e66323b52ebc9b603a359a3e7204a59c2b64cfaf7c267a70d822f95bc762d7e0,,cx_count,,"{""cov_cos_sin"":58303.41028225807,""cross_candidate_covariance"":null,""formal_ci"":false,""interval_kind"":""ENGINEERING_INTERVAL_ONLY"",""mean_cosine"":1210.59375,""mean_sine"":1210.59375,""n"":32,""quantum_shot_uncertainty"":false,""rare_event_cost_tail"":""UNRESOLVED"",""var_cosine"":58303.41028225807,""var_sine"":58303.41028225807}"
e66323b52ebc9b603a359a3e7204a59c2b64cfaf7c267a70d822f95bc762d7e0,,cx_depth,,"{""cov_cos_sin"":10089.54435483871,""cross_candidate_covariance"":null,""formal_ci"":false,""interval_kind"":""ENGINEERING_INTERVAL_ONLY"",""mean_cosine"":522.9375,""mean_sine"":522.9375,""n"":32,""quantum_shot_uncertainty"":false,""rare_event_cost_tail"":""UNRESOLVED"",""var_cosine"":10089.54435483871,""var_sine"":10089.54435483871}"
e66323b52ebc9b603a359a3e7204a59c2b64cfaf7c267a70d822f95bc762d7e0,,total_depth,,"{""cov_cos_sin"":143692.17741935485,""cross_candidate_covariance"":null,""formal_ci"":false,""interval_kind"":""ENGINEERING_INTERVAL_ONLY"",""mean_cosine"":1812.125,""mean_sine"":1812.125,""n"":32,""quantum_shot_uncertainty"":false,""rare_event_cost_tail"":""UNRESOLVED"",""var_cosine"":143692.17741935485,""var_sine"":143692.17741935485}"
e66323b52ebc9b603a359a3e7204a59c2b64cfaf7c267a70d822f95bc762d7e0,,circuit_size,,"{""cov_cos_sin"":2340761.6774193547,""cross_candidate_covariance"":null,""formal_ci"":false,""interval_kind"":""ENGINEERING_INTERVAL_ONLY"",""mean_cosine"":7293.75,""mean_sine"":7293.75,""n"":32,""quantum_shot_uncertainty"":false,""rare_event_cost_tail"":""UNRESOLVED"",""var_cosine"":2340761.6774193547,""var_sine"":2340761.6774193547}"
e841434c51fa80a0654e08890b2f0ebab855d256f7d77b180d81389ea2a16ff6,,rz_count,,"{""cov_cos_sin"":281007.6280241936,""cross_candidate_covariance"":null,""formal_ci"":false,""interval_kind"":""ENGINEERING_INTERVAL_ONLY"",""mean_cosine"":5207.28125,""mean_sine"":5207.28125,""n"":32,""quantum_shot_uncertainty"":false,""rare_event_cost_tail"":""UNRESOLVED"",""var_cosine"":281007.6280241936,""var_sine"":281007.6280241936}"
e841434c51fa80a0654e08890b2f0ebab855d256f7d77b180d81389ea2a16ff6,,rz_depth,,"{""cov_cos_sin"":9405.886088709678,""cross_candidate_covariance"":null,""formal_ci"":false,""interval_kind"":""ENGINEERING_INTERVAL_ONLY"",""mean_cosine"":1128.28125,""mean_sine"":1128.28125,""n"":32,""quantum_shot_uncertainty"":false,""rare_event_cost_tail"":""UNRESOLVED"",""var_cosine"":9405.886088709678,""var_sine"":9405.886088709678}"
e841434c51fa80a0654e08890b2f0ebab855d256f7d77b180d81389ea2a16ff6,,cx_count,,"{""cov_cos_sin"":25611.532258064515,""cross_candidate_covariance"":null,""formal_ci"":false,""interval_kind"":""ENGINEERING_INTERVAL_ONLY"",""mean_cosine"":1653.125,""mean_sine"":1653.125,""n"":32,""quantum_shot_uncertainty"":false,""rare_event_cost_tail"":""UNRESOLVED"",""var_cosine"":25611.532258064515,""var_sine"":25611.532258064515}"
e841434c51fa80a0654e08890b2f0ebab855d256f7d77b180d81389ea2a16ff6,,cx_depth,,"{""cov_cos_sin"":3457.6774193548385,""cross_candidate_covariance"":null,""formal_ci"":false,""interval_kind"":""ENGINEERING_INTERVAL_ONLY"",""mean_cosine"":690.75,""mean_sine"":690.75,""n"":32,""quantum_shot_uncertainty"":false,""rare_event_cost_tail"":""UNRESOLVED"",""var_cosine"":3457.6774193548385,""var_sine"":3457.6774193548385}"
e841434c51fa80a0654e08890b2f0ebab855d256f7d77b180d81389ea2a16ff6,,total_depth,,"{""cov_cos_sin"":47835.99596774193,""cross_candidate_covariance"":null,""formal_ci"":false,""interval_kind"":""ENGINEERING_INTERVAL_ONLY"",""mean_cosine"":2456.5625,""mean_sine"":2456.5625,""n"":32,""quantum_shot_uncertainty"":false,""rare_event_cost_tail"":""UNRESOLVED"",""var_cosine"":47835.99596774193,""var_sine"":47835.99596774193}"
e841434c51fa80a0654e08890b2f0ebab855d256f7d77b180d81389ea2a16ff6,,circuit_size,,"{""cov_cos_sin"":1086163.4264112904,""cross_candidate_covariance"":null,""formal_ci"":false,""interval_kind"":""ENGINEERING_INTERVAL_ONLY"",""mean_cosine"":9899.84375,""mean_sine"":9899.84375,""n"":32,""quantum_shot_uncertainty"":false,""rare_event_cost_tail"":""UNRESOLVED"",""var_cosine"":1086163.4264112904,""var_sine"":1086163.4264112904}"
eaa1c049e9af23fd93bda470d29e0e1bba5c574a55c59aa17dd8e85ef2f3cf55,,rz_count,,"{""cov_cos_sin"":141047.7056451613,""cross_candidate_covariance"":null,""formal_ci"":false,""interval_kind"":""ENGINEERING_INTERVAL_ONLY"",""mean_cosine"":89621.6875,""mean_sine"":89621.6875,""n"":32,""quantum_shot_uncertainty"":false,""rare_event_cost_tail"":""UNRESOLVED"",""var_cosine"":141047.7056451613,""var_sine"":141047.7056451613}"
eaa1c049e9af23fd93bda470d29e0e1bba5c574a55c59aa17dd8e85ef2f3cf55,,rz_depth,,"{""cov_cos_sin"":6723.934475806452,""cross_candidate_covariance"":null,""formal_ci"":false,""interval_kind"":""ENGINEERING_INTERVAL_ONLY"",""mean_cosine"":39104.53125,""mean_sine"":39104.53125,""n"":32,""quantum_shot_uncertainty"":false,""rare_event_cost_tail"":""UNRESOLVED"",""var_cosine"":6723.934475806452,""var_sine"":6723.934475806452}"
eaa1c049e9af23fd93bda470d29e0e1bba5c574a55c59aa17dd8e85ef2f3cf55,,cx_count,,"{""cov_cos_sin"":12611.612903225807,""cross_candidate_covariance"":null,""formal_ci"":false,""interval_kind"":""ENGINEERING_INTERVAL_ONLY"",""mean_cosine"":50132.0,""mean_sine"":50132.0,""n"":32,""quantum_shot_uncertainty"":false,""rare_event_cost_tail"":""UNRESOLVED"",""var_cosine"":12611.612903225807,""var_sine"":12611.612903225807}"
eaa1c049e9af23fd93bda470d29e0e1bba5c574a55c59aa17dd8e85ef2f3cf55,,cx_depth,,"{""cov_cos_sin"":2395.966733870968,""cross_candidate_covariance"":null,""formal_ci"":false,""interval_kind"":""ENGINEERING_INTERVAL_ONLY"",""mean_cosine"":41865.96875,""mean_sine"":41865.96875,""n"":32,""quantum_shot_uncertainty"":false,""rare_event_cost_tail"":""UNRESOLVED"",""var_cosine"":2395.966733870968,""var_sine"":2395.966733870968}"
eaa1c049e9af23fd93bda470d29e0e1bba5c574a55c59aa17dd8e85ef2f3cf55,,total_depth,,"{""cov_cos_sin"":31751.608870967742,""cross_candidate_covariance"":null,""formal_ci"":false,""interval_kind"":""ENGINEERING_INTERVAL_ONLY"",""mean_cosine"":85156.0625,""mean_sine"":85156.0625,""n"":32,""quantum_shot_uncertainty"":false,""rare_event_cost_tail"":""UNRESOLVED"",""var_cosine"":31751.608870967742,""var_sine"":31751.608870967742}"
eaa1c049e9af23fd93bda470d29e0e1bba5c574a55c59aa17dd8e85ef2f3cf55,,circuit_size,,"{""cov_cos_sin"":527585.5231854839,""cross_candidate_covariance"":null,""formal_ci"":false,""interval_kind"":""ENGINEERING_INTERVAL_ONLY"",""mean_cosine"":171464.65625,""mean_sine"":171464.65625,""n"":32,""quantum_shot_uncertainty"":false,""rare_event_cost_tail"":""UNRESOLVED"",""var_cosine"":527585.5231854839,""var_sine"":527585.5231854839}"
ec7deef660e32ec94e5f8b46148d6c72eecf85f2393ee596279ff7b10359768b,,rz_count,,"{""cov_cos_sin"":69576.56350806452,""cross_candidate_covariance"":null,""formal_ci"":false,""interval_kind"":""ENGINEERING_INTERVAL_ONLY"",""mean_cosine"":6406.21875,""mean_sine"":6406.21875,""n"":32,""quantum_shot_uncertainty"":false,""rare_event_cost_tail"":""UNRESOLVED"",""var_cosine"":69576.56350806452,""var_sine"":69576.56350806452}"
ec7deef660e32ec94e5f8b46148d6c72eecf85f2393ee596279ff7b10359768b,,rz_depth,,"{""cov_cos_sin"":2586.547379032258,""cross_candidate_covariance"":null,""formal_ci"":false,""interval_kind"":""ENGINEERING_INTERVAL_ONLY"",""mean_cosine"":2616.96875,""mean_sine"":2616.96875,""n"":32,""quantum_shot_uncertainty"":false,""rare_event_cost_tail"":""UNRESOLVED"",""var_cosine"":2586.547379032258,""var_sine"":2586.547379032258}"
ec7deef660e32ec94e5f8b46148d6c72eecf85f2393ee596279ff7b10359768b,,cx_count,,"{""cov_cos_sin"":5911.854838709677,""cross_candidate_covariance"":null,""formal_ci"":false,""interval_kind"":""ENGINEERING_INTERVAL_ONLY"",""mean_cosine"":3390.375,""mean_sine"":3390.375,""n"":32,""quantum_shot_uncertainty"":false,""rare_event_cost_tail"":""UNRESOLVED"",""var_cosine"":5911.854838709677,""var_sine"":5911.854838709677}"
ec7deef660e32ec94e5f8b46148d6c72eecf85f2393ee596279ff7b10359768b,,cx_depth,,"{""cov_cos_sin"":737.0604838709677,""cross_candidate_covariance"":null,""formal_ci"":false,""interval_kind"":""ENGINEERING_INTERVAL_ONLY"",""mean_cosine"":2726.1875,""mean_sine"":2726.1875,""n"":32,""quantum_shot_uncertainty"":false,""rare_event_cost_tail"":""UNRESOLVED"",""var_cosine"":737.0604838709677,""var_sine"":737.0604838709677}"
ec7deef660e32ec94e5f8b46148d6c72eecf85f2393ee596279ff7b10359768b,,total_depth,,"{""cov_cos_sin"":13191.032258064517,""cross_candidate_covariance"":null,""formal_ci"":false,""interval_kind"":""ENGINEERING_INTERVAL_ONLY"",""mean_cosine"":5700.75,""mean_sine"":5700.75,""n"":32,""quantum_shot_uncertainty"":false,""rare_event_cost_tail"":""UNRESOLVED"",""var_cosine"":13191.032258064517,""var_sine"":13191.032258064517}"
ec7deef660e32ec94e5f8b46148d6c72eecf85f2393ee596279ff7b10359768b,,circuit_size,,"{""cov_cos_sin"":283680.41532258067,""cross_candidate_covariance"":null,""formal_ci"":false,""interval_kind"":""ENGINEERING_INTERVAL_ONLY"",""mean_cosine"":12219.3125,""mean_sine"":12219.3125,""n"":32,""quantum_shot_uncertainty"":false,""rare_event_cost_tail"":""UNRESOLVED"",""var_cosine"":283680.41532258067,""var_sine"":283680.41532258067}"
eea3b79549639a1f94af3626c61f8af8f3c21c448b01c89f752dd3a47f1a842d,,rz_count,,"{""cov_cos_sin"":1490683.4425403227,""cross_candidate_covariance"":null,""formal_ci"":false,""interval_kind"":""ENGINEERING_INTERVAL_ONLY"",""mean_cosine"":9352.09375,""mean_sine"":9352.09375,""n"":32,""quantum_shot_uncertainty"":false,""rare_event_cost_tail"":""UNRESOLVED"",""var_cosine"":1490683.4425403227,""var_sine"":1490683.4425403227}"
eea3b79549639a1f94af3626c61f8af8f3c21c448b01c89f752dd3a47f1a842d,,rz_depth,,"{""cov_cos_sin"":68660.03125,""cross_candidate_covariance"":null,""formal_ci"":false,""interval_kind"":""ENGINEERING_INTERVAL_ONLY"",""mean_cosine"":2110.96875,""mean_sine"":2110.96875,""n"":32,""quantum_shot_uncertainty"":false,""rare_event_cost_tail"":""UNRESOLVED"",""var_cosine"":68660.03125,""var_sine"":68660.03125}"
eea3b79549639a1f94af3626c61f8af8f3c21c448b01c89f752dd3a47f1a842d,,cx_count,,"{""cov_cos_sin"":138909.36995967742,""cross_candidate_covariance"":null,""formal_ci"":false,""interval_kind"":""ENGINEERING_INTERVAL_ONLY"",""mean_cosine"":3056.71875,""mean_sine"":3056.71875,""n"":32,""quantum_shot_uncertainty"":false,""rare_event_cost_tail"":""UNRESOLVED"",""var_cosine"":138909.36995967742,""var_sine"":138909.36995967742}"
eea3b79549639a1f94af3626c61f8af8f3c21c448b01c89f752dd3a47f1a842d,,cx_depth,,"{""cov_cos_sin"":23373.03125,""cross_candidate_covariance"":null,""formal_ci"":false,""interval_kind"":""ENGINEERING_INTERVAL_ONLY"",""mean_cosine"":1390.53125,""mean_sine"":1390.53125,""n"":32,""quantum_shot_uncertainty"":false,""rare_event_cost_tail"":""UNRESOLVED"",""var_cosine"":23373.03125,""var_sine"":23373.03125}"
eea3b79549639a1f94af3626c61f8af8f3c21c448b01c89f752dd3a47f1a842d,,total_depth,,"{""cov_cos_sin"":334181.83467741933,""cross_candidate_covariance"":null,""formal_ci"":false,""interval_kind"":""ENGINEERING_INTERVAL_ONLY"",""mean_cosine"":4629.8125,""mean_sine"":4629.8125,""n"":32,""quantum_shot_uncertainty"":false,""rare_event_cost_tail"":""UNRESOLVED"",""var_cosine"":334181.83467741933,""var_sine"":334181.83467741933}"
eea3b79549639a1f94af3626c61f8af8f3c21c448b01c89f752dd3a47f1a842d,,circuit_size,,"{""cov_cos_sin"":5845566.693548387,""cross_candidate_covariance"":null,""formal_ci"":false,""interval_kind"":""ENGINEERING_INTERVAL_ONLY"",""mean_cosine"":18092.125,""mean_sine"":18092.125,""n"":32,""quantum_shot_uncertainty"":false,""rare_event_cost_tail"":""UNRESOLVED"",""var_cosine"":5845566.693548387,""var_sine"":5845566.693548387}"
ef7c029e36978da610cb160434d92246ec8ce87b1a5ad1c6ed071b96b06b133d,,rz_count,,"{""cov_cos_sin"":176125.09677419355,""cross_candidate_covariance"":null,""formal_ci"":false,""interval_kind"":""ENGINEERING_INTERVAL_ONLY"",""mean_cosine"":2056.25,""mean_sine"":2056.25,""n"":32,""quantum_shot_uncertainty"":false,""rare_event_cost_tail"":""UNRESOLVED"",""var_cosine"":176125.09677419355,""var_sine"":176125.09677419355}"
ef7c029e36978da610cb160434d92246ec8ce87b1a5ad1c6ed071b96b06b133d,,rz_depth,,"{""cov_cos_sin"":7309.737903225807,""cross_candidate_covariance"":null,""formal_ci"":false,""interval_kind"":""ENGINEERING_INTERVAL_ONLY"",""mean_cosine"":427.4375,""mean_sine"":427.4375,""n"":32,""quantum_shot_uncertainty"":false,""rare_event_cost_tail"":""UNRESOLVED"",""var_cosine"":7309.737903225807,""var_sine"":7309.737903225807}"
ef7c029e36978da610cb160434d92246ec8ce87b1a5ad1c6ed071b96b06b133d,,cx_count,,"{""cov_cos_sin"":15639.474798387097,""cross_candidate_covariance"":null,""formal_ci"":false,""interval_kind"":""ENGINEERING_INTERVAL_ONLY"",""mean_cosine"":641.40625,""mean_sine"":641.40625,""n"":32,""quantum_shot_uncertainty"":false,""rare_event_cost_tail"":""UNRESOLVED"",""var_cosine"":15639.474798387097,""var_sine"":15639.474798387097}"
ef7c029e36978da610cb160434d92246ec8ce87b1a5ad1c6ed071b96b06b133d,,cx_depth,,"{""cov_cos_sin"":2325.9264112903224,""cross_candidate_covariance"":null,""formal_ci"":false,""interval_kind"":""ENGINEERING_INTERVAL_ONLY"",""mean_cosine"":258.40625,""mean_sine"":258.40625,""n"":32,""quantum_shot_uncertainty"":false,""rare_event_cost_tail"":""UNRESOLVED"",""var_cosine"":2325.9264112903224,""var_sine"":2325.9264112903224}"
ef7c029e36978da610cb160434d92246ec8ce87b1a5ad1c6ed071b96b06b133d,,total_depth,,"{""cov_cos_sin"":36858.04838709677,""cross_candidate_covariance"":null,""formal_ci"":false,""interval_kind"":""ENGINEERING_INTERVAL_ONLY"",""mean_cosine"":936.375,""mean_sine"":936.375,""n"":32,""quantum_shot_uncertainty"":false,""rare_event_cost_tail"":""UNRESOLVED"",""var_cosine"":36858.04838709677,""var_sine"":36858.04838709677}"
ef7c029e36978da610cb160434d92246ec8ce87b1a5ad1c6ed071b96b06b133d,,circuit_size,,"{""cov_cos_sin"":686167.3548387097,""cross_candidate_covariance"":null,""formal_ci"":false,""interval_kind"":""ENGINEERING_INTERVAL_ONLY"",""mean_cosine"":3928.0,""mean_sine"":3928.0,""n"":32,""quantum_shot_uncertainty"":false,""rare_event_cost_tail"":""UNRESOLVED"",""var_cosine"":686167.3548387097,""var_sine"":686167.3548387097}"
f001e8b94db94701b9f67815f2a902acd52ac6c2c51f8a39b5f7cf24c4d2f6e3,,rz_count,,"{""cov_cos_sin"":1747.3185483870968,""cross_candidate_covariance"":null,""formal_ci"":false,""interval_kind"":""ENGINEERING_INTERVAL_ONLY"",""mean_cosine"":22409.3125,""mean_sine"":22409.3125,""n"":32,""quantum_shot_uncertainty"":false,""rare_event_cost_tail"":""UNRESOLVED"",""var_cosine"":1747.3185483870968,""var_sine"":1747.3185483870968}"
f001e8b94db94701b9f67815f2a902acd52ac6c2c51f8a39b5f7cf24c4d2f6e3,,rz_depth,,"{""cov_cos_sin"":191.53125,""cross_candidate_covariance"":null,""formal_ci"":false,""interval_kind"":""ENGINEERING_INTERVAL_ONLY"",""mean_cosine"":9722.21875,""mean_sine"":9722.21875,""n"":32,""quantum_shot_uncertainty"":false,""rare_event_cost_tail"":""UNRESOLVED"",""var_cosine"":191.53125,""var_sine"":191.53125}"
f001e8b94db94701b9f67815f2a902acd52ac6c2c51f8a39b5f7cf24c4d2f6e3,,cx_count,,"{""cov_cos_sin"":212.73790322580646,""cross_candidate_covariance"":null,""formal_ci"":false,""interval_kind"":""ENGINEERING_INTERVAL_ONLY"",""mean_cosine"":12475.8125,""mean_sine"":12475.8125,""n"":32,""quantum_shot_uncertainty"":false,""rare_event_cost_tail"":""UNRESOLVED"",""var_cosine"":212.73790322580646,""var_sine"":212.73790322580646}"
f001e8b94db94701b9f67815f2a902acd52ac6c2c51f8a39b5f7cf24c4d2f6e3,,cx_depth,,"{""cov_cos_sin"":114.58064516129032,""cross_candidate_covariance"":null,""formal_ci"":false,""interval_kind"":""ENGINEERING_INTERVAL_ONLY"",""mean_cosine"":10388.5,""mean_sine"":10388.5,""n"":32,""quantum_shot_uncertainty"":false,""rare_event_cost_tail"":""UNRESOLVED"",""var_cosine"":114.58064516129032,""var_sine"":114.58064516129032}"
f001e8b94db94701b9f67815f2a902acd52ac6c2c51f8a39b5f7cf24c4d2f6e3,,total_depth,,"{""cov_cos_sin"":839.7247983870968,""cross_candidate_covariance"":null,""formal_ci"":false,""interval_kind"":""ENGINEERING_INTERVAL_ONLY"",""mean_cosine"":21173.21875,""mean_sine"":21173.21875,""n"":32,""quantum_shot_uncertainty"":false,""rare_event_cost_tail"":""UNRESOLVED"",""var_cosine"":839.7247983870968,""var_sine"":839.7247983870968}"
f001e8b94db94701b9f67815f2a902acd52ac6c2c51f8a39b5f7cf24c4d2f6e3,,circuit_size,,"{""cov_cos_sin"":5903.490927419355,""cross_candidate_covariance"":null,""formal_ci"":false,""interval_kind"":""ENGINEERING_INTERVAL_ONLY"",""mean_cosine"":42863.15625,""mean_sine"":42863.15625,""n"":32,""quantum_shot_uncertainty"":false,""rare_event_cost_tail"":""UNRESOLVED"",""var_cosine"":5903.490927419355,""var_sine"":5903.490927419355}"
f0d03002cc89c460507fbdc85f422f89530551efbc0355555d73336da55f25c1,,rz_count,,"{""cov_cos_sin"":122771.87802419355,""cross_candidate_covariance"":null,""formal_ci"":false,""interval_kind"":""ENGINEERING_INTERVAL_ONLY"",""mean_cosine"":47307.15625,""mean_sine"":47307.15625,""n"":32,""quantum_shot_uncertainty"":false,""rare_event_cost_tail"":""UNRESOLVED"",""var_cosine"":122771.87802419355,""var_sine"":122771.87802419355}"
f0d03002cc89c460507fbdc85f422f89530551efbc0355555d73336da55f25c1,,rz_depth,,"{""cov_cos_sin"":5925.886088709677,""cross_candidate_covariance"":null,""formal_ci"":false,""interval_kind"":""ENGINEERING_INTERVAL_ONLY"",""mean_cosine"":20039.71875,""mean_sine"":20039.71875,""n"":32,""quantum_shot_uncertainty"":false,""rare_event_cost_tail"":""UNRESOLVED"",""var_cosine"":5925.886088709677,""var_sine"":5925.886088709677}"
f0d03002cc89c460507fbdc85f422f89530551efbc0355555d73336da55f25c1,,cx_count,,"{""cov_cos_sin"":10462.387096774193,""cross_candidate_covariance"":null,""formal_ci"":false,""interval_kind"":""ENGINEERING_INTERVAL_ONLY"",""mean_cosine"":25810.75,""mean_sine"":25810.75,""n"":32,""quantum_shot_uncertainty"":false,""rare_event_cost_tail"":""UNRESOLVED"",""var_cosine"":10462.387096774193,""var_sine"":10462.387096774193}"
f0d03002cc89c460507fbdc85f422f89530551efbc0355555d73336da55f25c1,,cx_depth,,"{""cov_cos_sin"":1582.6451612903227,""cross_candidate_covariance"":null,""formal_ci"":false,""interval_kind"":""ENGINEERING_INTERVAL_ONLY"",""mean_cosine"":21182.75,""mean_sine"":21182.75,""n"":32,""quantum_shot_uncertainty"":false,""rare_event_cost_tail"":""UNRESOLVED"",""var_cosine"":1582.6451612903227,""var_sine"":1582.6451612903227}"
f0d03002cc89c460507fbdc85f422f89530551efbc0355555d73336da55f25c1,,total_depth,,"{""cov_cos_sin"":28015.91935483871,""cross_candidate_covariance"":null,""formal_ci"":false,""interval_kind"":""ENGINEERING_INTERVAL_ONLY"",""mean_cosine"":43675.625,""mean_sine"":43675.625,""n"":32,""quantum_shot_uncertainty"":false,""rare_event_cost_tail"":""UNRESOLVED"",""var_cosine"":28015.91935483871,""var_sine"":28015.91935483871}"
f0d03002cc89c460507fbdc85f422f89530551efbc0355555d73336da55f25c1,,circuit_size,,"{""cov_cos_sin"":484527.05544354836,""cross_candidate_covariance"":null,""formal_ci"":false,""interval_kind"":""ENGINEERING_INTERVAL_ONLY"",""mean_cosine"":90280.90625,""mean_sine"":90280.90625,""n"":32,""quantum_shot_uncertainty"":false,""rare_event_cost_tail"":""UNRESOLVED"",""var_cosine"":484527.05544354836,""var_sine"":484527.05544354836}"
f12de42481de9b2e8ee5db614a8b7657291f9bf4b19f3cd0c473f9751b716223,,rz_count,,"{""cov_cos_sin"":407908.8387096774,""cross_candidate_covariance"":null,""formal_ci"":false,""interval_kind"":""ENGINEERING_INTERVAL_ONLY"",""mean_cosine"":13351.5,""mean_sine"":13351.5,""n"":32,""quantum_shot_uncertainty"":false,""rare_event_cost_tail"":""UNRESOLVED"",""var_cosine"":407908.8387096774,""var_sine"":407908.8387096774}"
f12de42481de9b2e8ee5db614a8b7657291f9bf4b19f3cd0c473f9751b716223,,rz_depth,,"{""cov_cos_sin"":14931.982862903225,""cross_candidate_covariance"":null,""formal_ci"":false,""interval_kind"":""ENGINEERING_INTERVAL_ONLY"",""mean_cosine"":5383.21875,""mean_sine"":5383.21875,""n"":32,""quantum_shot_uncertainty"":false,""rare_event_cost_tail"":""UNRESOLVED"",""var_cosine"":14931.982862903225,""var_sine"":14931.982862903225}"
f12de42481de9b2e8ee5db614a8b7657291f9bf4b19f3cd0c473f9751b716223,,cx_count,,"{""cov_cos_sin"":34371.9314516129,""cross_candidate_covariance"":null,""formal_ci"":false,""interval_kind"":""ENGINEERING_INTERVAL_ONLY"",""mean_cosine"":6996.5625,""mean_sine"":6996.5625,""n"":32,""quantum_shot_uncertainty"":false,""rare_event_cost_tail"":""UNRESOLVED"",""var_cosine"":34371.9314516129,""var_sine"":34371.9314516129}"
f12de42481de9b2e8ee5db614a8b7657291f9bf4b19f3cd0c473f9751b716223,,cx_depth,,"{""cov_cos_sin"":4198.060483870968,""cross_candidate_covariance"":null,""formal_ci"":false,""interval_kind"":""ENGINEERING_INTERVAL_ONLY"",""mean_cosine"":5582.5625,""mean_sine"":5582.5625,""n"":32,""quantum_shot_uncertainty"":false,""rare_event_cost_tail"":""UNRESOLVED"",""var_cosine"":4198.060483870968,""var_sine"":4198.060483870968}"
f12de42481de9b2e8ee5db614a8b7657291f9bf4b19f3cd0c473f9751b716223,,total_depth,,"{""cov_cos_sin"":74108.30645161291,""cross_candidate_covariance"":null,""formal_ci"":false,""interval_kind"":""ENGINEERING_INTERVAL_ONLY"",""mean_cosine"":11734.625,""mean_sine"":11734.625,""n"":32,""quantum_shot_uncertainty"":false,""rare_event_cost_tail"":""UNRESOLVED"",""var_cosine"":74108.30645161291,""var_sine"":74108.30645161291}"
f12de42481de9b2e8ee5db614a8b7657291f9bf4b19f3cd0c473f9751b716223,,circuit_size,,"{""cov_cos_sin"":1629209.2862903227,""cross_candidate_covariance"":null,""formal_ci"":false,""interval_kind"":""ENGINEERING_INTERVAL_ONLY"",""mean_cosine"":25551.9375,""mean_sine"":25551.9375,""n"":32,""quantum_shot_uncertainty"":false,""rare_event_cost_tail"":""UNRESOLVED"",""var_cosine"":1629209.2862903227,""var_sine"":1629209.2862903227}"
f376bc777f907474583ffb58d55f107c58b24eaa9827eab8a92d15c2437855f3,,rz_count,,"{""cov_cos_sin"":511517.1360887097,""cross_candidate_covariance"":null,""formal_ci"":false,""interval_kind"":""ENGINEERING_INTERVAL_ONLY"",""mean_cosine"":5899.34375,""mean_sine"":5899.34375,""n"":32,""quantum_shot_uncertainty"":false,""rare_event_cost_tail"":""UNRESOLVED"",""var_cosine"":511517.1360887097,""var_sine"":511517.1360887097}"
f376bc777f907474583ffb58d55f107c58b24eaa9827eab8a92d15c2437855f3,,rz_depth,,"{""cov_cos_sin"":24350.90322580645,""cross_candidate_covariance"":null,""formal_ci"":false,""interval_kind"":""ENGINEERING_INTERVAL_ONLY"",""mean_cosine"":1316.75,""mean_sine"":1316.75,""n"":32,""quantum_shot_uncertainty"":false,""rare_event_cost_tail"":""UNRESOLVED"",""var_cosine"":24350.90322580645,""var_sine"":24350.90322580645}"
f376bc777f907474583ffb58d55f107c58b24eaa9827eab8a92d15c2437855f3,,cx_count,,"{""cov_cos_sin"":47556.157258064515,""cross_candidate_covariance"":null,""formal_ci"":false,""interval_kind"":""ENGINEERING_INTERVAL_ONLY"",""mean_cosine"":1920.1875,""mean_sine"":1920.1875,""n"":32,""quantum_shot_uncertainty"":false,""rare_event_cost_tail"":""UNRESOLVED"",""var_cosine"":47556.157258064515,""var_sine"":47556.157258064515}"
f376bc777f907474583ffb58d55f107c58b24eaa9827eab8a92d15c2437855f3,,cx_depth,,"{""cov_cos_sin"":8379.737903225807,""cross_candidate_covariance"":null,""formal_ci"":false,""interval_kind"":""ENGINEERING_INTERVAL_ONLY"",""mean_cosine"":857.9375,""mean_sine"":857.9375,""n"":32,""quantum_shot_uncertainty"":false,""rare_event_cost_tail"":""UNRESOLVED"",""var_cosine"":8379.737903225807,""var_sine"":8379.737903225807}"
f376bc777f907474583ffb58d55f107c58b24eaa9827eab8a92d15c2437855f3,,total_depth,,"{""cov_cos_sin"":117810.5,""cross_candidate_covariance"":null,""formal_ci"":false,""interval_kind"":""ENGINEERING_INTERVAL_ONLY"",""mean_cosine"":2876.625,""mean_sine"":2876.625,""n"":32,""quantum_shot_uncertainty"":false,""rare_event_cost_tail"":""UNRESOLVED"",""var_cosine"":117810.5,""var_sine"":117810.5}"
f376bc777f907474583ffb58d55f107c58b24eaa9827eab8a92d15c2437855f3,,circuit_size,,"{""cov_cos_sin"":1999800.8669354839,""cross_candidate_covariance"":null,""formal_ci"":false,""interval_kind"":""ENGINEERING_INTERVAL_ONLY"",""mean_cosine"":11336.1875,""mean_sine"":11336.1875,""n"":32,""quantum_shot_uncertainty"":false,""rare_event_cost_tail"":""UNRESOLVED"",""var_cosine"":1999800.8669354839,""var_sine"":1999800.8669354839}"
f3be6a53917827b98a55f7fcaf41047e0261f7a1ae0346f24b33318d72606e70,,rz_count,,"{""cov_cos_sin"":2703158.88608871,""cross_candidate_covariance"":null,""formal_ci"":false,""interval_kind"":""ENGINEERING_INTERVAL_ONLY"",""mean_cosine"":18737.78125,""mean_sine"":18737.78125,""n"":32,""quantum_shot_uncertainty"":false,""rare_event_cost_tail"":""UNRESOLVED"",""var_cosine"":2703158.88608871,""var_sine"":2703158.88608871}"
f3be6a53917827b98a55f7fcaf41047e0261f7a1ae0346f24b33318d72606e70,,rz_depth,,"{""cov_cos_sin"":84961.22479838709,""cross_candidate_covariance"":null,""formal_ci"":false,""interval_kind"":""ENGINEERING_INTERVAL_ONLY"",""mean_cosine"":6747.53125,""mean_sine"":6747.53125,""n"":32,""quantum_shot_uncertainty"":false,""rare_event_cost_tail"":""UNRESOLVED"",""var_cosine"":84961.22479838709,""var_sine"":84961.22479838709}"
f3be6a53917827b98a55f7fcaf41047e0261f7a1ae0346f24b33318d72606e70,,cx_count,,"{""cov_cos_sin"":223016.51209677418,""cross_candidate_covariance"":null,""formal_ci"":false,""interval_kind"":""ENGINEERING_INTERVAL_ONLY"",""mean_cosine"":8953.0625,""mean_sine"":8953.0625,""n"":32,""quantum_shot_uncertainty"":false,""rare_event_cost_tail"":""UNRESOLVED"",""var_cosine"":223016.51209677418,""var_sine"":223016.51209677418}"
f3be6a53917827b98a55f7fcaf41047e0261f7a1ae0346f24b33318d72606e70,,cx_depth,,"{""cov_cos_sin"":23385.78125,""cross_candidate_covariance"":null,""formal_ci"":false,""interval_kind"":""ENGINEERING_INTERVAL_ONLY"",""mean_cosine"":6643.65625,""mean_sine"":6643.65625,""n"":32,""quantum_shot_uncertainty"":false,""rare_event_cost_tail"":""UNRESOLVED"",""var_cosine"":23385.78125,""var_sine"":23385.78125}"
f3be6a53917827b98a55f7fcaf41047e0261f7a1ae0346f24b33318d72606e70,,total_depth,,"{""cov_cos_sin"":428960.9506048387,""cross_candidate_covariance"":null,""formal_ci"":false,""interval_kind"":""ENGINEERING_INTERVAL_ONLY"",""mean_cosine"":14728.21875,""mean_sine"":14728.21875,""n"":32,""quantum_shot_uncertainty"":false,""rare_event_cost_tail"":""UNRESOLVED"",""var_cosine"":428960.9506048387,""var_sine"":428960.9506048387}"
f3be6a53917827b98a55f7fcaf41047e0261f7a1ae0346f24b33318d72606e70,,circuit_size,,"{""cov_cos_sin"":10983159.853830645,""cross_candidate_covariance"":null,""formal_ci"":false,""interval_kind"":""ENGINEERING_INTERVAL_ONLY"",""mean_cosine"":36207.78125,""mean_sine"":36207.78125,""n"":32,""quantum_shot_uncertainty"":false,""rare_event_cost_tail"":""UNRESOLVED"",""var_cosine"":10983159.853830645,""var_sine"":10983159.853830645}"
f648c9344197ebac77d4f30c40107df9901e9bae0cc2147e36b9ec32a8866ca1,,rz_count,,"{""cov_cos_sin"":125063.44758064517,""cross_candidate_covariance"":null,""formal_ci"":false,""interval_kind"":""ENGINEERING_INTERVAL_ONLY"",""mean_cosine"":1366.1875,""mean_sine"":1366.1875,""n"":32,""quantum_shot_uncertainty"":false,""rare_event_cost_tail"":""UNRESOLVED"",""var_cosine"":125063.44758064517,""var_sine"":125063.44758064517}"
f648c9344197ebac77d4f30c40107df9901e9bae0cc2147e36b9ec32a8866ca1,,rz_depth,,"{""cov_cos_sin"":6210.410282258064,""cross_candidate_covariance"":null,""formal_ci"":false,""interval_kind"":""ENGINEERING_INTERVAL_ONLY"",""mean_cosine"":286.90625,""mean_sine"":286.90625,""n"":32,""quantum_shot_uncertainty"":false,""rare_event_cost_tail"":""UNRESOLVED"",""var_cosine"":6210.410282258064,""var_sine"":6210.410282258064}"
f648c9344197ebac77d4f30c40107df9901e9bae0cc2147e36b9ec32a8866ca1,,cx_count,,"{""cov_cos_sin"":11237.37802419355,""cross_candidate_covariance"":null,""formal_ci"":false,""interval_kind"":""ENGINEERING_INTERVAL_ONLY"",""mean_cosine"":425.90625,""mean_sine"":425.90625,""n"":32,""quantum_shot_uncertainty"":false,""rare_event_cost_tail"":""UNRESOLVED"",""var_cosine"":11237.37802419355,""var_sine"":11237.37802419355}"
f648c9344197ebac77d4f30c40107df9901e9bae0cc2147e36b9ec32a8866ca1,,cx_depth,,"{""cov_cos_sin"":1911.3941532258063,""cross_candidate_covariance"":null,""formal_ci"":false,""interval_kind"":""ENGINEERING_INTERVAL_ONLY"",""mean_cosine"":174.34375,""mean_sine"":174.34375,""n"":32,""quantum_shot_uncertainty"":false,""rare_event_cost_tail"":""UNRESOLVED"",""var_cosine"":1911.3941532258063,""var_sine"":1911.3941532258063}"
f648c9344197ebac77d4f30c40107df9901e9bae0cc2147e36b9ec32a8866ca1,,total_depth,,"{""cov_cos_sin"":30609.899193548386,""cross_candidate_covariance"":null,""formal_ci"":false,""interval_kind"":""ENGINEERING_INTERVAL_ONLY"",""mean_cosine"":627.8125,""mean_sine"":627.8125,""n"":32,""quantum_shot_uncertainty"":false,""rare_event_cost_tail"":""UNRESOLVED"",""var_cosine"":30609.899193548386,""var_sine"":30609.899193548386}"
f648c9344197ebac77d4f30c40107df9901e9bae0cc2147e36b9ec32a8866ca1,,circuit_size,,"{""cov_cos_sin"":487174.41532258067,""cross_candidate_covariance"":null,""formal_ci"":false,""interval_kind"":""ENGINEERING_INTERVAL_ONLY"",""mean_cosine"":2608.6875,""mean_sine"":2608.6875,""n"":32,""quantum_shot_uncertainty"":false,""rare_event_cost_tail"":""UNRESOLVED"",""var_cosine"":487174.41532258067,""var_sine"":487174.41532258067}"
f8becb5621f43ad78652b06f507a0c56a7c8ebaa9b6c8cd700211e9fef7204e1,,rz_count,,"{""cov_cos_sin"":106.18951612903226,""cross_candidate_covariance"":null,""formal_ci"":false,""interval_kind"":""ENGINEERING_INTERVAL_ONLY"",""mean_cosine"":66298.9375,""mean_sine"":66298.9375,""n"":32,""quantum_shot_uncertainty"":false,""rare_event_cost_tail"":""UNRESOLVED"",""var_cosine"":106.18951612903226,""var_sine"":106.18951612903226}"
f8becb5621f43ad78652b06f507a0c56a7c8ebaa9b6c8cd700211e9fef7204e1,,rz_depth,,"{""cov_cos_sin"":91.35483870967742,""cross_candidate_covariance"":null,""formal_ci"":false,""interval_kind"":""ENGINEERING_INTERVAL_ONLY"",""mean_cosine"":30090.0,""mean_sine"":30090.0,""n"":32,""quantum_shot_uncertainty"":false,""rare_event_cost_tail"":""UNRESOLVED"",""var_cosine"":91.35483870967742,""var_sine"":91.35483870967742}"
f8becb5621f43ad78652b06f507a0c56a7c8ebaa9b6c8cd700211e9fef7204e1,,cx_count,,"{""cov_cos_sin"":0.0,""cross_candidate_covariance"":null,""formal_ci"":false,""interval_kind"":""ENGINEERING_INTERVAL_ONLY"",""mean_cosine"":38096.0,""mean_sine"":38096.0,""n"":32,""quantum_shot_uncertainty"":false,""rare_event_cost_tail"":""UNRESOLVED"",""var_cosine"":0.0,""var_sine"":0.0}"
f8becb5621f43ad78652b06f507a0c56a7c8ebaa9b6c8cd700211e9fef7204e1,,cx_depth,,"{""cov_cos_sin"":34.54435483870968,""cross_candidate_covariance"":null,""formal_ci"":false,""interval_kind"":""ENGINEERING_INTERVAL_ONLY"",""mean_cosine"":32430.6875,""mean_sine"":32430.6875,""n"":32,""quantum_shot_uncertainty"":false,""rare_event_cost_tail"":""UNRESOLVED"",""var_cosine"":34.54435483870968,""var_sine"":34.54435483870968}"
f8becb5621f43ad78652b06f507a0c56a7c8ebaa9b6c8cd700211e9fef7204e1,,total_depth,,"{""cov_cos_sin"":360.8346774193548,""cross_candidate_covariance"":null,""formal_ci"":false,""interval_kind"":""ENGINEERING_INTERVAL_ONLY"",""mean_cosine"":65390.0625,""mean_sine"":65390.0625,""n"":32,""quantum_shot_uncertainty"":false,""rare_event_cost_tail"":""UNRESOLVED"",""var_cosine"":360.8346774193548,""var_sine"":360.8346774193548}"
f8becb5621f43ad78652b06f507a0c56a7c8ebaa9b6c8cd700211e9fef7204e1,,circuit_size,,"{""cov_cos_sin"":250.80241935483872,""cross_candidate_covariance"":null,""formal_ci"":false,""interval_kind"":""ENGINEERING_INTERVAL_ONLY"",""mean_cosine"":126611.6875,""mean_sine"":126611.6875,""n"":32,""quantum_shot_uncertainty"":false,""rare_event_cost_tail"":""UNRESOLVED"",""var_cosine"":250.80241935483872,""var_sine"":250.80241935483872}"
f909dd9997848d27541389957c88b7adce7501cabe080b3d063ad205882832b9,,rz_count,,"{""cov_cos_sin"":15906.845766129032,""cross_candidate_covariance"":null,""formal_ci"":false,""interval_kind"":""ENGINEERING_INTERVAL_ONLY"",""mean_cosine"":11394.15625,""mean_sine"":11394.15625,""n"":32,""quantum_shot_uncertainty"":false,""rare_event_cost_tail"":""UNRESOLVED"",""var_cosine"":15906.845766129032,""var_sine"":15906.845766129032}"
f909dd9997848d27541389957c88b7adce7501cabe080b3d063ad205882832b9,,rz_depth,,"{""cov_cos_sin"":865.1683467741935,""cross_candidate_covariance"":null,""formal_ci"":false,""interval_kind"":""ENGINEERING_INTERVAL_ONLY"",""mean_cosine"":4901.84375,""mean_sine"":4901.84375,""n"":32,""quantum_shot_uncertainty"":false,""rare_event_cost_tail"":""UNRESOLVED"",""var_cosine"":865.1683467741935,""var_sine"":865.1683467741935}"
f909dd9997848d27541389957c88b7adce7501cabe080b3d063ad205882832b9,,cx_count,,"{""cov_cos_sin"":1481.3185483870968,""cross_candidate_covariance"":null,""formal_ci"":false,""interval_kind"":""ENGINEERING_INTERVAL_ONLY"",""mean_cosine"":6296.3125,""mean_sine"":6296.3125,""n"":32,""quantum_shot_uncertainty"":false,""rare_event_cost_tail"":""UNRESOLVED"",""var_cosine"":1481.3185483870968,""var_sine"":1481.3185483870968}"
f909dd9997848d27541389957c88b7adce7501cabe080b3d063ad205882832b9,,cx_depth,,"{""cov_cos_sin"":274.81350806451616,""cross_candidate_covariance"":null,""formal_ci"":false,""interval_kind"":""ENGINEERING_INTERVAL_ONLY"",""mean_cosine"":5218.65625,""mean_sine"":5218.65625,""n"":32,""quantum_shot_uncertainty"":false,""rare_event_cost_tail"":""UNRESOLVED"",""var_cosine"":274.81350806451616,""var_sine"":274.81350806451616}"
f909dd9997848d27541389957c88b7adce7501cabe080b3d063ad205882832b9,,total_depth,,"{""cov_cos_sin"":4005.6844758064517,""cross_candidate_covariance"":null,""formal_ci"":false,""interval_kind"":""ENGINEERING_INTERVAL_ONLY"",""mean_cosine"":10672.84375,""mean_sine"":10672.84375,""n"":32,""quantum_shot_uncertainty"":false,""rare_event_cost_tail"":""UNRESOLVED"",""var_cosine"":4005.6844758064517,""var_sine"":4005.6844758064517}"
f909dd9997848d27541389957c88b7adce7501cabe080b3d063ad205882832b9,,circuit_size,,"{""cov_cos_sin"":58808.25403225807,""cross_candidate_covariance"":null,""formal_ci"":false,""interval_kind"":""ENGINEERING_INTERVAL_ONLY"",""mean_cosine"":21781.4375,""mean_sine"":21781.4375,""n"":32,""quantum_shot_uncertainty"":false,""rare_event_cost_tail"":""UNRESOLVED"",""var_cosine"":58808.25403225807,""var_sine"":58808.25403225807}"
fc52f4ae1b4edae4de4611f9aa054f7e0c451c1d20a25418875a6f741227578c,,rz_count,,"{""cov_cos_sin"":54592.54435483871,""cross_candidate_covariance"":null,""formal_ci"":false,""interval_kind"":""ENGINEERING_INTERVAL_ONLY"",""mean_cosine"":23791.3125,""mean_sine"":23791.3125,""n"":32,""quantum_shot_uncertainty"":false,""rare_event_cost_tail"":""UNRESOLVED"",""var_cosine"":54592.54435483871,""var_sine"":54592.54435483871}"
fc52f4ae1b4edae4de4611f9aa054f7e0c451c1d20a25418875a6f741227578c,,rz_depth,,"{""cov_cos_sin"":2385.7570564516127,""cross_candidate_covariance"":null,""formal_ci"":false,""interval_kind"":""ENGINEERING_INTERVAL_ONLY"",""mean_cosine"":10049.28125,""mean_sine"":10049.28125,""n"":32,""quantum_shot_uncertainty"":false,""rare_event_cost_tail"":""UNRESOLVED"",""var_cosine"":2385.7570564516127,""var_sine"":2385.7570564516127}"
fc52f4ae1b4edae4de4611f9aa054f7e0c451c1d20a25418875a6f741227578c,,cx_count,,"{""cov_cos_sin"":4781.790322580645,""cross_candidate_covariance"":null,""formal_ci"":false,""interval_kind"":""ENGINEERING_INTERVAL_ONLY"",""mean_cosine"":12947.625,""mean_sine"":12947.625,""n"":32,""quantum_shot_uncertainty"":false,""rare_event_cost_tail"":""UNRESOLVED"",""var_cosine"":4781.790322580645,""var_sine"":4781.790322580645}"
fc52f4ae1b4edae4de4611f9aa054f7e0c451c1d20a25418875a6f741227578c,,cx_depth,,"{""cov_cos_sin"":662.5,""cross_candidate_covariance"":null,""formal_ci"":false,""interval_kind"":""ENGINEERING_INTERVAL_ONLY"",""mean_cosine"":10609.625,""mean_sine"":10609.625,""n"":32,""quantum_shot_uncertainty"":false,""rare_event_cost_tail"":""UNRESOLVED"",""var_cosine"":662.5,""var_sine"":662.5}"
fc52f4ae1b4edae4de4611f9aa054f7e0c451c1d20a25418875a6f741227578c,,total_depth,,"{""cov_cos_sin"":11471.789314516129,""cross_candidate_covariance"":null,""formal_ci"":false,""interval_kind"":""ENGINEERING_INTERVAL_ONLY"",""mean_cosine"":21899.21875,""mean_sine"":21899.21875,""n"":32,""quantum_shot_uncertainty"":false,""rare_event_cost_tail"":""UNRESOLVED"",""var_cosine"":11471.789314516129,""var_sine"":11471.789314516129}"
fc52f4ae1b4edae4de4611f9aa054f7e0c451c1d20a25418875a6f741227578c,,circuit_size,,"{""cov_cos_sin"":216455.85483870967,""cross_candidate_covariance"":null,""formal_ci"":false,""interval_kind"":""ENGINEERING_INTERVAL_ONLY"",""mean_cosine"":45384.125,""mean_sine"":45384.125,""n"":32,""quantum_shot_uncertainty"":false,""rare_event_cost_tail"":""UNRESOLVED"",""var_cosine"":216455.85483870967,""var_sine"":216455.85483870967}"
ff8e17f270d298339d53b9f47b8fc13189a91c30105498e405a642bfe5bf29ec,,rz_count,,"{""cov_cos_sin"":66981.24092741935,""cross_candidate_covariance"":null,""formal_ci"":false,""interval_kind"":""ENGINEERING_INTERVAL_ONLY"",""mean_cosine"":6359.71875,""mean_sine"":6359.71875,""n"":32,""quantum_shot_uncertainty"":false,""rare_event_cost_tail"":""UNRESOLVED"",""var_cosine"":66981.24092741935,""var_sine"":66981.24092741935}"
ff8e17f270d298339d53b9f47b8fc13189a91c30105498e405a642bfe5bf29ec,,rz_depth,,"{""cov_cos_sin"":2897.3387096774195,""cross_candidate_covariance"":null,""formal_ci"":false,""interval_kind"":""ENGINEERING_INTERVAL_ONLY"",""mean_cosine"":2607.375,""mean_sine"":2607.375,""n"":32,""quantum_shot_uncertainty"":false,""rare_event_cost_tail"":""UNRESOLVED"",""var_cosine"":2897.3387096774195,""var_sine"":2897.3387096774195}"
ff8e17f270d298339d53b9f47b8fc13189a91c30105498e405a642bfe5bf29ec,,cx_count,,"{""cov_cos_sin"":5791.419354838709,""cross_candidate_covariance"":null,""formal_ci"":false,""interval_kind"":""ENGINEERING_INTERVAL_ONLY"",""mean_cosine"":3377.25,""mean_sine"":3377.25,""n"":32,""quantum_shot_uncertainty"":false,""rare_event_cost_tail"":""UNRESOLVED"",""var_cosine"":5791.419354838709,""var_sine"":5791.419354838709}"
ff8e17f270d298339d53b9f47b8fc13189a91c30105498e405a642bfe5bf29ec,,cx_depth,,"{""cov_cos_sin"":791.7379032258065,""cross_candidate_covariance"":null,""formal_ci"":false,""interval_kind"":""ENGINEERING_INTERVAL_ONLY"",""mean_cosine"":2720.9375,""mean_sine"":2720.9375,""n"":32,""quantum_shot_uncertainty"":false,""rare_event_cost_tail"":""UNRESOLVED"",""var_cosine"":791.7379032258065,""var_sine"":791.7379032258065}"
ff8e17f270d298339d53b9f47b8fc13189a91c30105498e405a642bfe5bf29ec,,total_depth,,"{""cov_cos_sin"":14560.773185483871,""cross_candidate_covariance"":null,""formal_ci"":false,""interval_kind"":""ENGINEERING_INTERVAL_ONLY"",""mean_cosine"":5680.53125,""mean_sine"":5680.53125,""n"":32,""quantum_shot_uncertainty"":false,""rare_event_cost_tail"":""UNRESOLVED"",""var_cosine"":14560.773185483871,""var_sine"":14560.773185483871}"
ff8e17f270d298339d53b9f47b8fc13189a91c30105498e405a642bfe5bf29ec,,circuit_size,,"{""cov_cos_sin"":274922.82258064515,""cross_candidate_covariance"":null,""formal_ci"":false,""interval_kind"":""ENGINEERING_INTERVAL_ONLY"",""mean_cosine"":12132.125,""mean_sine"":12132.125,""n"":32,""quantum_shot_uncertainty"":false,""rare_event_cost_tail"":""UNRESOLVED"",""var_cosine"":274922.82258064515,""var_sine"":274922.82258064515}"
04b661dd08b1f119f73cf2782aca8f926e71f317568833df6129251a2db7ea4b,,rz_count,,"{""cov_cos_sin"":0.0,""cross_candidate_covariance"":null,""formal_ci"":false,""interval_kind"":""ENGINEERING_INTERVAL_ONLY"",""mean_cosine"":7146.0,""mean_sine"":7146.0,""n"":1,""quantum_shot_uncertainty"":false,""rare_event_cost_tail"":""UNRESOLVED"",""var_cosine"":0.0,""var_sine"":0.0}"
04b661dd08b1f119f73cf2782aca8f926e71f317568833df6129251a2db7ea4b,,rz_depth,,"{""cov_cos_sin"":0.0,""cross_candidate_covariance"":null,""formal_ci"":false,""interval_kind"":""ENGINEERING_INTERVAL_ONLY"",""mean_cosine"":3182.0,""mean_sine"":3182.0,""n"":1,""quantum_shot_uncertainty"":false,""rare_event_cost_tail"":""UNRESOLVED"",""var_cosine"":0.0,""var_sine"":0.0}"
04b661dd08b1f119f73cf2782aca8f926e71f317568833df6129251a2db7ea4b,,cx_count,,"{""cov_cos_sin"":0.0,""cross_candidate_covariance"":null,""formal_ci"":false,""interval_kind"":""ENGINEERING_INTERVAL_ONLY"",""mean_cosine"":4052.0,""mean_sine"":4052.0,""n"":1,""quantum_shot_uncertainty"":false,""rare_event_cost_tail"":""UNRESOLVED"",""var_cosine"":0.0,""var_sine"":0.0}"
04b661dd08b1f119f73cf2782aca8f926e71f317568833df6129251a2db7ea4b,,cx_depth,,"{""cov_cos_sin"":0.0,""cross_candidate_covariance"":null,""formal_ci"":false,""interval_kind"":""ENGINEERING_INTERVAL_ONLY"",""mean_cosine"":3419.0,""mean_sine"":3419.0,""n"":1,""quantum_shot_uncertainty"":false,""rare_event_cost_tail"":""UNRESOLVED"",""var_cosine"":0.0,""var_sine"":0.0}"
04b661dd08b1f119f73cf2782aca8f926e71f317568833df6129251a2db7ea4b,,total_depth,,"{""cov_cos_sin"":0.0,""cross_candidate_covariance"":null,""formal_ci"":false,""interval_kind"":""ENGINEERING_INTERVAL_ONLY"",""mean_cosine"":6923.0,""mean_sine"":6923.0,""n"":1,""quantum_shot_uncertainty"":false,""rare_event_cost_tail"":""UNRESOLVED"",""var_cosine"":0.0,""var_sine"":0.0}"
04b661dd08b1f119f73cf2782aca8f926e71f317568833df6129251a2db7ea4b,,circuit_size,,"{""cov_cos_sin"":0.0,""cross_candidate_covariance"":null,""formal_ci"":false,""interval_kind"":""ENGINEERING_INTERVAL_ONLY"",""mean_cosine"":13586.0,""mean_sine"":13586.0,""n"":1,""quantum_shot_uncertainty"":false,""rare_event_cost_tail"":""UNRESOLVED"",""var_cosine"":0.0,""var_sine"":0.0}"
18f426d4948abd39c9b98776e107d720f8c7a59d9c0bb80e9c7008699469abe5,,rz_count,,"{""cov_cos_sin"":0.0,""cross_candidate_covariance"":null,""formal_ci"":false,""interval_kind"":""ENGINEERING_INTERVAL_ONLY"",""mean_cosine"":13982.0,""mean_sine"":13982.0,""n"":1,""quantum_shot_uncertainty"":false,""rare_event_cost_tail"":""UNRESOLVED"",""var_cosine"":0.0,""var_sine"":0.0}"
18f426d4948abd39c9b98776e107d720f8c7a59d9c0bb80e9c7008699469abe5,,rz_depth,,"{""cov_cos_sin"":0.0,""cross_candidate_covariance"":null,""formal_ci"":false,""interval_kind"":""ENGINEERING_INTERVAL_ONLY"",""mean_cosine"":6299.0,""mean_sine"":6299.0,""n"":1,""quantum_shot_uncertainty"":false,""rare_event_cost_tail"":""UNRESOLVED"",""var_cosine"":0.0,""var_sine"":0.0}"
18f426d4948abd39c9b98776e107d720f8c7a59d9c0bb80e9c7008699469abe5,,cx_count,,"{""cov_cos_sin"":0.0,""cross_candidate_covariance"":null,""formal_ci"":false,""interval_kind"":""ENGINEERING_INTERVAL_ONLY"",""mean_cosine"":8008.0,""mean_sine"":8008.0,""n"":1,""quantum_shot_uncertainty"":false,""rare_event_cost_tail"":""UNRESOLVED"",""var_cosine"":0.0,""var_sine"":0.0}"
18f426d4948abd39c9b98776e107d720f8c7a59d9c0bb80e9c7008699469abe5,,cx_depth,,"{""cov_cos_sin"":0.0,""cross_candidate_covariance"":null,""formal_ci"":false,""interval_kind"":""ENGINEERING_INTERVAL_ONLY"",""mean_cosine"":6798.0,""mean_sine"":6798.0,""n"":1,""quantum_shot_uncertainty"":false,""rare_event_cost_tail"":""UNRESOLVED"",""var_cosine"":0.0,""var_sine"":0.0}"
18f426d4948abd39c9b98776e107d720f8c7a59d9c0bb80e9c7008699469abe5,,total_depth,,"{""cov_cos_sin"":0.0,""cross_candidate_covariance"":null,""formal_ci"":false,""interval_kind"":""ENGINEERING_INTERVAL_ONLY"",""mean_cosine"":13708.0,""mean_sine"":13708.0,""n"":1,""quantum_shot_uncertainty"":false,""rare_event_cost_tail"":""UNRESOLVED"",""var_cosine"":0.0,""var_sine"":0.0}"
18f426d4948abd39c9b98776e107d720f8c7a59d9c0bb80e9c7008699469abe5,,circuit_size,,"{""cov_cos_sin"":0.0,""cross_candidate_covariance"":null,""formal_ci"":false,""interval_kind"":""ENGINEERING_INTERVAL_ONLY"",""mean_cosine"":26603.0,""mean_sine"":26603.0,""n"":1,""quantum_shot_uncertainty"":false,""rare_event_cost_tail"":""UNRESOLVED"",""var_cosine"":0.0,""var_sine"":0.0}"
b97f23ca18eb5e5caabada94b8f21fcc691e38d2fcd43c29bd684f34a7c11aa0,,rz_count,,"{""cov_cos_sin"":0.0,""cross_candidate_covariance"":null,""formal_ci"":false,""interval_kind"":""ENGINEERING_INTERVAL_ONLY"",""mean_cosine"":27654.0,""mean_sine"":27654.0,""n"":1,""quantum_shot_uncertainty"":false,""rare_event_cost_tail"":""UNRESOLVED"",""var_cosine"":0.0,""var_sine"":0.0}"
b97f23ca18eb5e5caabada94b8f21fcc691e38d2fcd43c29bd684f34a7c11aa0,,rz_depth,,"{""cov_cos_sin"":0.0,""cross_candidate_covariance"":null,""formal_ci"":false,""interval_kind"":""ENGINEERING_INTERVAL_ONLY"",""mean_cosine"":12533.0,""mean_sine"":12533.0,""n"":1,""quantum_shot_uncertainty"":false,""rare_event_cost_tail"":""UNRESOLVED"",""var_cosine"":0.0,""var_sine"":0.0}"
b97f23ca18eb5e5caabada94b8f21fcc691e38d2fcd43c29bd684f34a7c11aa0,,cx_count,,"{""cov_cos_sin"":0.0,""cross_candidate_covariance"":null,""formal_ci"":false,""interval_kind"":""ENGINEERING_INTERVAL_ONLY"",""mean_cosine"":15920.0,""mean_sine"":15920.0,""n"":1,""quantum_shot_uncertainty"":false,""rare_event_cost_tail"":""UNRESOLVED"",""var_cosine"":0.0,""var_sine"":0.0}"
b97f23ca18eb5e5caabada94b8f21fcc691e38d2fcd43c29bd684f34a7c11aa0,,cx_depth,,"{""cov_cos_sin"":0.0,""cross_candidate_covariance"":null,""formal_ci"":false,""interval_kind"":""ENGINEERING_INTERVAL_ONLY"",""mean_cosine"":13556.0,""mean_sine"":13556.0,""n"":1,""quantum_shot_uncertainty"":false,""rare_event_cost_tail"":""UNRESOLVED"",""var_cosine"":0.0,""var_sine"":0.0}"
b97f23ca18eb5e5caabada94b8f21fcc691e38d2fcd43c29bd684f34a7c11aa0,,total_depth,,"{""cov_cos_sin"":0.0,""cross_candidate_covariance"":null,""formal_ci"":false,""interval_kind"":""ENGINEERING_INTERVAL_ONLY"",""mean_cosine"":27278.0,""mean_sine"":27278.0,""n"":1,""quantum_shot_uncertainty"":false,""rare_event_cost_tail"":""UNRESOLVED"",""var_cosine"":0.0,""var_sine"":0.0}"
b97f23ca18eb5e5caabada94b8f21fcc691e38d2fcd43c29bd684f34a7c11aa0,,circuit_size,,"{""cov_cos_sin"":0.0,""cross_candidate_covariance"":null,""formal_ci"":false,""interval_kind"":""ENGINEERING_INTERVAL_ONLY"",""mean_cosine"":52637.0,""mean_sine"":52637.0,""n"":1,""quantum_shot_uncertainty"":false,""rare_event_cost_tail"":""UNRESOLVED"",""var_cosine"":0.0,""var_sine"":0.0}"
36ca6ff17f3eafef47b76eb3f5a56d13a8e70a8134cf8f068bce82de4ac2a220,,rz_count,,"{""cov_cos_sin"":0.0,""cross_candidate_covariance"":null,""formal_ci"":false,""interval_kind"":""ENGINEERING_INTERVAL_ONLY"",""mean_cosine"":54998.0,""mean_sine"":54998.0,""n"":1,""quantum_shot_uncertainty"":false,""rare_event_cost_tail"":""UNRESOLVED"",""var_cosine"":0.0,""var_sine"":0.0}"
36ca6ff17f3eafef47b76eb3f5a56d13a8e70a8134cf8f068bce82de4ac2a220,,rz_depth,,"{""cov_cos_sin"":0.0,""cross_candidate_covariance"":null,""formal_ci"":false,""interval_kind"":""ENGINEERING_INTERVAL_ONLY"",""mean_cosine"":25001.0,""mean_sine"":25001.0,""n"":1,""quantum_shot_uncertainty"":false,""rare_event_cost_tail"":""UNRESOLVED"",""var_cosine"":0.0,""var_sine"":0.0}"
36ca6ff17f3eafef47b76eb3f5a56d13a8e70a8134cf8f068bce82de4ac2a220,,cx_count,,"{""cov_cos_sin"":0.0,""cross_candidate_covariance"":null,""formal_ci"":false,""interval_kind"":""ENGINEERING_INTERVAL_ONLY"",""mean_cosine"":31744.0,""mean_sine"":31744.0,""n"":1,""quantum_shot_uncertainty"":false,""rare_event_cost_tail"":""UNRESOLVED"",""var_cosine"":0.0,""var_sine"":0.0}"
36ca6ff17f3eafef47b76eb3f5a56d13a8e70a8134cf8f068bce82de4ac2a220,,cx_depth,,"{""cov_cos_sin"":0.0,""cross_candidate_covariance"":null,""formal_ci"":false,""interval_kind"":""ENGINEERING_INTERVAL_ONLY"",""mean_cosine"":27072.0,""mean_sine"":27072.0,""n"":1,""quantum_shot_uncertainty"":false,""rare_event_cost_tail"":""UNRESOLVED"",""var_cosine"":0.0,""var_sine"":0.0}"
36ca6ff17f3eafef47b76eb3f5a56d13a8e70a8134cf8f068bce82de4ac2a220,,total_depth,,"{""cov_cos_sin"":0.0,""cross_candidate_covariance"":null,""formal_ci"":false,""interval_kind"":""ENGINEERING_INTERVAL_ONLY"",""mean_cosine"":54418.0,""mean_sine"":54418.0,""n"":1,""quantum_shot_uncertainty"":false,""rare_event_cost_tail"":""UNRESOLVED"",""var_cosine"":0.0,""var_sine"":0.0}"
36ca6ff17f3eafef47b76eb3f5a56d13a8e70a8134cf8f068bce82de4ac2a220,,circuit_size,,"{""cov_cos_sin"":0.0,""cross_candidate_covariance"":null,""formal_ci"":false,""interval_kind"":""ENGINEERING_INTERVAL_ONLY"",""mean_cosine"":104705.0,""mean_sine"":104705.0,""n"":1,""quantum_shot_uncertainty"":false,""rare_event_cost_tail"":""UNRESOLVED"",""var_cosine"":0.0,""var_sine"":0.0}"
74b125a99f630afd0f2225aec88668f0d9f6d01cbf6cc480cd2f6d093e37e7db,,rz_count,,"{""cov_cos_sin"":0.0,""cross_candidate_covariance"":null,""formal_ci"":false,""interval_kind"":""ENGINEERING_INTERVAL_ONLY"",""mean_cosine"":8866.0,""mean_sine"":8866.0,""n"":1,""quantum_shot_uncertainty"":false,""rare_event_cost_tail"":""UNRESOLVED"",""var_cosine"":0.0,""var_sine"":0.0}"
74b125a99f630afd0f2225aec88668f0d9f6d01cbf6cc480cd2f6d093e37e7db,,rz_depth,,"{""cov_cos_sin"":0.0,""cross_candidate_covariance"":null,""formal_ci"":false,""interval_kind"":""ENGINEERING_INTERVAL_ONLY"",""mean_cosine"":3964.0,""mean_sine"":3964.0,""n"":1,""quantum_shot_uncertainty"":false,""rare_event_cost_tail"":""UNRESOLVED"",""var_cosine"":0.0,""var_sine"":0.0}"
74b125a99f630afd0f2225aec88668f0d9f6d01cbf6cc480cd2f6d093e37e7db,,cx_count,,"{""cov_cos_sin"":0.0,""cross_candidate_covariance"":null,""formal_ci"":false,""interval_kind"":""ENGINEERING_INTERVAL_ONLY"",""mean_cosine"":5052.0,""mean_sine"":5052.0,""n"":1,""quantum_shot_uncertainty"":false,""rare_event_cost_tail"":""UNRESOLVED"",""var_cosine"":0.0,""var_sine"":0.0}"
74b125a99f630afd0f2225aec88668f0d9f6d01cbf6cc480cd2f6d093e37e7db,,cx_depth,,"{""cov_cos_sin"":0.0,""cross_candidate_covariance"":null,""formal_ci"":false,""interval_kind"":""ENGINEERING_INTERVAL_ONLY"",""mean_cosine"":4275.0,""mean_sine"":4275.0,""n"":1,""quantum_shot_uncertainty"":false,""rare_event_cost_tail"":""UNRESOLVED"",""var_cosine"":0.0,""var_sine"":0.0}"
74b125a99f630afd0f2225aec88668f0d9f6d01cbf6cc480cd2f6d093e37e7db,,total_depth,,"{""cov_cos_sin"":0.0,""cross_candidate_covariance"":null,""formal_ci"":false,""interval_kind"":""ENGINEERING_INTERVAL_ONLY"",""mean_cosine"":8635.0,""mean_sine"":8635.0,""n"":1,""quantum_shot_uncertainty"":false,""rare_event_cost_tail"":""UNRESOLVED"",""var_cosine"":0.0,""var_sine"":0.0}"
74b125a99f630afd0f2225aec88668f0d9f6d01cbf6cc480cd2f6d093e37e7db,,circuit_size,,"{""cov_cos_sin"":0.0,""cross_candidate_covariance"":null,""formal_ci"":false,""interval_kind"":""ENGINEERING_INTERVAL_ONLY"",""mean_cosine"":16894.0,""mean_sine"":16894.0,""n"":1,""quantum_shot_uncertainty"":false,""rare_event_cost_tail"":""UNRESOLVED"",""var_cosine"":0.0,""var_sine"":0.0}"
02ef4e1e1194ed57d6ee4835478f8ae9b6db2497c362120d83b2642066f60135,,rz_count,,"{""cov_cos_sin"":0.0,""cross_candidate_covariance"":null,""formal_ci"":false,""interval_kind"":""ENGINEERING_INTERVAL_ONLY"",""mean_cosine"":17422.0,""mean_sine"":17422.0,""n"":1,""quantum_shot_uncertainty"":false,""rare_event_cost_tail"":""UNRESOLVED"",""var_cosine"":0.0,""var_sine"":0.0}"
02ef4e1e1194ed57d6ee4835478f8ae9b6db2497c362120d83b2642066f60135,,rz_depth,,"{""cov_cos_sin"":0.0,""cross_candidate_covariance"":null,""formal_ci"":false,""interval_kind"":""ENGINEERING_INTERVAL_ONLY"",""mean_cosine"":7863.0,""mean_sine"":7863.0,""n"":1,""quantum_shot_uncertainty"":false,""rare_event_cost_tail"":""UNRESOLVED"",""var_cosine"":0.0,""var_sine"":0.0}"
02ef4e1e1194ed57d6ee4835478f8ae9b6db2497c362120d83b2642066f60135,,cx_count,,"{""cov_cos_sin"":0.0,""cross_candidate_covariance"":null,""formal_ci"":false,""interval_kind"":""ENGINEERING_INTERVAL_ONLY"",""mean_cosine"":10008.0,""mean_sine"":10008.0,""n"":1,""quantum_shot_uncertainty"":false,""rare_event_cost_tail"":""UNRESOLVED"",""var_cosine"":0.0,""var_sine"":0.0}"
02ef4e1e1194ed57d6ee4835478f8ae9b6db2497c362120d83b2642066f60135,,cx_depth,,"{""cov_cos_sin"":0.0,""cross_candidate_covariance"":null,""formal_ci"":false,""interval_kind"":""ENGINEERING_INTERVAL_ONLY"",""mean_cosine"":8510.0,""mean_sine"":8510.0,""n"":1,""quantum_shot_uncertainty"":false,""rare_event_cost_tail"":""UNRESOLVED"",""var_cosine"":0.0,""var_sine"":0.0}"
02ef4e1e1194ed57d6ee4835478f8ae9b6db2497c362120d83b2642066f60135,,total_depth,,"{""cov_cos_sin"":0.0,""cross_candidate_covariance"":null,""formal_ci"":false,""interval_kind"":""ENGINEERING_INTERVAL_ONLY"",""mean_cosine"":17132.0,""mean_sine"":17132.0,""n"":1,""quantum_shot_uncertainty"":false,""rare_event_cost_tail"":""UNRESOLVED"",""var_cosine"":0.0,""var_sine"":0.0}"
02ef4e1e1194ed57d6ee4835478f8ae9b6db2497c362120d83b2642066f60135,,circuit_size,,"{""cov_cos_sin"":0.0,""cross_candidate_covariance"":null,""formal_ci"":false,""interval_kind"":""ENGINEERING_INTERVAL_ONLY"",""mean_cosine"":33219.0,""mean_sine"":33219.0,""n"":1,""quantum_shot_uncertainty"":false,""rare_event_cost_tail"":""UNRESOLVED"",""var_cosine"":0.0,""var_sine"":0.0}"
93202a8bb7d8550715487e1fabfc3fd8808523270333be402e72f85db95308e3,,rz_count,,"{""cov_cos_sin"":0.0,""cross_candidate_covariance"":null,""formal_ci"":false,""interval_kind"":""ENGINEERING_INTERVAL_ONLY"",""mean_cosine"":34534.0,""mean_sine"":34534.0,""n"":1,""quantum_shot_uncertainty"":false,""rare_event_cost_tail"":""UNRESOLVED"",""var_cosine"":0.0,""var_sine"":0.0}"
93202a8bb7d8550715487e1fabfc3fd8808523270333be402e72f85db95308e3,,rz_depth,,"{""cov_cos_sin"":0.0,""cross_candidate_covariance"":null,""formal_ci"":false,""interval_kind"":""ENGINEERING_INTERVAL_ONLY"",""mean_cosine"":15661.0,""mean_sine"":15661.0,""n"":1,""quantum_shot_uncertainty"":false,""rare_event_cost_tail"":""UNRESOLVED"",""var_cosine"":0.0,""var_sine"":0.0}"
93202a8bb7d8550715487e1fabfc3fd8808523270333be402e72f85db95308e3,,cx_count,,"{""cov_cos_sin"":0.0,""cross_candidate_covariance"":null,""formal_ci"":false,""interval_kind"":""ENGINEERING_INTERVAL_ONLY"",""mean_cosine"":19920.0,""mean_sine"":19920.0,""n"":1,""quantum_shot_uncertainty"":false,""rare_event_cost_tail"":""UNRESOLVED"",""var_cosine"":0.0,""var_sine"":0.0}"
93202a8bb7d8550715487e1fabfc3fd8808523270333be402e72f85db95308e3,,cx_depth,,"{""cov_cos_sin"":0.0,""cross_candidate_covariance"":null,""formal_ci"":false,""interval_kind"":""ENGINEERING_INTERVAL_ONLY"",""mean_cosine"":16980.0,""mean_sine"":16980.0,""n"":1,""quantum_shot_uncertainty"":false,""rare_event_cost_tail"":""UNRESOLVED"",""var_cosine"":0.0,""var_sine"":0.0}"
93202a8bb7d8550715487e1fabfc3fd8808523270333be402e72f85db95308e3,,total_depth,,"{""cov_cos_sin"":0.0,""cross_candidate_covariance"":null,""formal_ci"":false,""interval_kind"":""ENGINEERING_INTERVAL_ONLY"",""mean_cosine"":34126.0,""mean_sine"":34126.0,""n"":1,""quantum_shot_uncertainty"":false,""rare_event_cost_tail"":""UNRESOLVED"",""var_cosine"":0.0,""var_sine"":0.0}"
93202a8bb7d8550715487e1fabfc3fd8808523270333be402e72f85db95308e3,,circuit_size,,"{""cov_cos_sin"":0.0,""cross_candidate_covariance"":null,""formal_ci"":false,""interval_kind"":""ENGINEERING_INTERVAL_ONLY"",""mean_cosine"":65869.0,""mean_sine"":65869.0,""n"":1,""quantum_shot_uncertainty"":false,""rare_event_cost_tail"":""UNRESOLVED"",""var_cosine"":0.0,""var_sine"":0.0}"
4d9eec72de34c12e94e5290f632df6d0157d2ebdcd849434e3d2c4e0bd67e712,,rz_count,,"{""cov_cos_sin"":0.0,""cross_candidate_covariance"":null,""formal_ci"":false,""interval_kind"":""ENGINEERING_INTERVAL_ONLY"",""mean_cosine"":68758.0,""mean_sine"":68758.0,""n"":1,""quantum_shot_uncertainty"":false,""rare_event_cost_tail"":""UNRESOLVED"",""var_cosine"":0.0,""var_sine"":0.0}"
4d9eec72de34c12e94e5290f632df6d0157d2ebdcd849434e3d2c4e0bd67e712,,rz_depth,,"{""cov_cos_sin"":0.0,""cross_candidate_covariance"":null,""formal_ci"":false,""interval_kind"":""ENGINEERING_INTERVAL_ONLY"",""mean_cosine"":31257.0,""mean_sine"":31257.0,""n"":1,""quantum_shot_uncertainty"":false,""rare_event_cost_tail"":""UNRESOLVED"",""var_cosine"":0.0,""var_sine"":0.0}"
4d9eec72de34c12e94e5290f632df6d0157d2ebdcd849434e3d2c4e0bd67e712,,cx_count,,"{""cov_cos_sin"":0.0,""cross_candidate_covariance"":null,""formal_ci"":false,""interval_kind"":""ENGINEERING_INTERVAL_ONLY"",""mean_cosine"":39744.0,""mean_sine"":39744.0,""n"":1,""quantum_shot_uncertainty"":false,""rare_event_cost_tail"":""UNRESOLVED"",""var_cosine"":0.0,""var_sine"":0.0}"
4d9eec72de34c12e94e5290f632df6d0157d2ebdcd849434e3d2c4e0bd67e712,,cx_depth,,"{""cov_cos_sin"":0.0,""cross_candidate_covariance"":null,""formal_ci"":false,""interval_kind"":""ENGINEERING_INTERVAL_ONLY"",""mean_cosine"":33920.0,""mean_sine"":33920.0,""n"":1,""quantum_shot_uncertainty"":false,""rare_event_cost_tail"":""UNRESOLVED"",""var_cosine"":0.0,""var_sine"":0.0}"
4d9eec72de34c12e94e5290f632df6d0157d2ebdcd849434e3d2c4e0bd67e712,,total_depth,,"{""cov_cos_sin"":0.0,""cross_candidate_covariance"":null,""formal_ci"":false,""interval_kind"":""ENGINEERING_INTERVAL_ONLY"",""mean_cosine"":68114.0,""mean_sine"":68114.0,""n"":1,""quantum_shot_uncertainty"":false,""rare_event_cost_tail"":""UNRESOLVED"",""var_cosine"":0.0,""var_sine"":0.0}"
4d9eec72de34c12e94e5290f632df6d0157d2ebdcd849434e3d2c4e0bd67e712,,circuit_size,,"{""cov_cos_sin"":0.0,""cross_candidate_covariance"":null,""formal_ci"":false,""interval_kind"":""ENGINEERING_INTERVAL_ONLY"",""mean_cosine"":131169.0,""mean_sine"":131169.0,""n"":1,""quantum_shot_uncertainty"":false,""rare_event_cost_tail"":""UNRESOLVED"",""var_cosine"":0.0,""var_sine"":0.0}"
215212e37d35f0277d90e0dfb354ff27c6334677ddc57b31f4e702fb709a928b,,rz_count,,"{""cov_cos_sin"":50973.61189516129,""cross_candidate_covariance"":null,""formal_ci"":false,""interval_kind"":""ENGINEERING_INTERVAL_ONLY"",""mean_cosine"":6242.53125,""mean_sine"":6242.53125,""n"":32,""quantum_shot_uncertainty"":false,""rare_event_cost_tail"":""UNRESOLVED"",""var_cosine"":50973.61189516129,""var_sine"":50973.61189516129}"
215212e37d35f0277d90e0dfb354ff27c6334677ddc57b31f4e702fb709a928b,,rz_depth,,"{""cov_cos_sin"":1863.6199596774193,""cross_candidate_covariance"":null,""formal_ci"":false,""interval_kind"":""ENGINEERING_INTERVAL_ONLY"",""mean_cosine"":2579.15625,""mean_sine"":2579.15625,""n"":32,""quantum_shot_uncertainty"":false,""rare_event_cost_tail"":""UNRESOLVED"",""var_cosine"":1863.6199596774193,""var_sine"":1863.6199596774193}"
215212e37d35f0277d90e0dfb354ff27c6334677ddc57b31f4e702fb709a928b,,cx_count,,"{""cov_cos_sin"":4314.322580645161,""cross_candidate_covariance"":null,""formal_ci"":false,""interval_kind"":""ENGINEERING_INTERVAL_ONLY"",""mean_cosine"":3350.5,""mean_sine"":3350.5,""n"":32,""quantum_shot_uncertainty"":false,""rare_event_cost_tail"":""UNRESOLVED"",""var_cosine"":4314.322580645161,""var_sine"":4314.322580645161}"
215212e37d35f0277d90e0dfb354ff27c6334677ddc57b31f4e702fb709a928b,,cx_depth,,"{""cov_cos_sin"":538.3618951612904,""cross_candidate_covariance"":null,""formal_ci"":false,""interval_kind"":""ENGINEERING_INTERVAL_ONLY"",""mean_cosine"":2712.34375,""mean_sine"":2712.34375,""n"":32,""quantum_shot_uncertainty"":false,""rare_event_cost_tail"":""UNRESOLVED"",""var_cosine"":538.3618951612904,""var_sine"":538.3618951612904}"
215212e37d35f0277d90e0dfb354ff27c6334677ddc57b31f4e702fb709a928b,,total_depth,,"{""cov_cos_sin"":9039.931451612903,""cross_candidate_covariance"":null,""formal_ci"":false,""interval_kind"":""ENGINEERING_INTERVAL_ONLY"",""mean_cosine"":5614.9375,""mean_sine"":5614.9375,""n"":32,""quantum_shot_uncertainty"":false,""rare_event_cost_tail"":""UNRESOLVED"",""var_cosine"":9039.931451612903,""var_sine"":9039.931451612903}"
215212e37d35f0277d90e0dfb354ff27c6334677ddc57b31f4e702fb709a928b,,circuit_size,,"{""cov_cos_sin"":199088.38306451612,""cross_candidate_covariance"":null,""formal_ci"":false,""interval_kind"":""ENGINEERING_INTERVAL_ONLY"",""mean_cosine"":11890.9375,""mean_sine"":11890.9375,""n"":32,""quantum_shot_uncertainty"":false,""rare_event_cost_tail"":""UNRESOLVED"",""var_cosine"":199088.38306451612,""var_sine"":199088.38306451612}"
1e063a21340c2fb397fe431779fa0bb1d2fba619b736361014296303c8f0e3e9,,rz_count,,"{""cov_cos_sin"":142228.19254032258,""cross_candidate_covariance"":null,""formal_ci"":false,""interval_kind"":""ENGINEERING_INTERVAL_ONLY"",""mean_cosine"":6650.46875,""mean_sine"":6650.46875,""n"":32,""quantum_shot_uncertainty"":false,""rare_event_cost_tail"":""UNRESOLVED"",""var_cosine"":142228.19254032258,""var_sine"":142228.19254032258}"
1e063a21340c2fb397fe431779fa0bb1d2fba619b736361014296303c8f0e3e9,,rz_depth,,"{""cov_cos_sin"":5466.652217741936,""cross_candidate_covariance"":null,""formal_ci"":false,""interval_kind"":""ENGINEERING_INTERVAL_ONLY"",""mean_cosine"":2688.84375,""mean_sine"":2688.84375,""n"":32,""quantum_shot_uncertainty"":false,""rare_event_cost_tail"":""UNRESOLVED"",""var_cosine"":5466.652217741936,""var_sine"":5466.652217741936}"
1e063a21340c2fb397fe431779fa0bb1d2fba619b736361014296303c8f0e3e9,,cx_count,,"{""cov_cos_sin"":11665.383064516129,""cross_candidate_covariance"":null,""formal_ci"":false,""interval_kind"":""ENGINEERING_INTERVAL_ONLY"",""mean_cosine"":3502.1875,""mean_sine"":3502.1875,""n"":32,""quantum_shot_uncertainty"":false,""rare_event_cost_tail"":""UNRESOLVED"",""var_cosine"":11665.383064516129,""var_sine"":11665.383064516129}"
1e063a21340c2fb397fe431779fa0bb1d2fba619b736361014296303c8f0e3e9,,cx_depth,,"{""cov_cos_sin"":1429.641129032258,""cross_candidate_covariance"":null,""formal_ci"":false,""interval_kind"":""ENGINEERING_INTERVAL_ONLY"",""mean_cosine"":2798.1875,""mean_sine"":2798.1875,""n"":32,""quantum_shot_uncertainty"":false,""rare_event_cost_tail"":""UNRESOLVED"",""var_cosine"":1429.641129032258,""var_sine"":1429.641129032258}"
1e063a21340c2fb397fe431779fa0bb1d2fba619b736361014296303c8f0e3e9,,total_depth,,"{""cov_cos_sin"":26468.12802419355,""cross_candidate_covariance"":null,""formal_ci"":false,""interval_kind"":""ENGINEERING_INTERVAL_ONLY"",""mean_cosine"":5854.53125,""mean_sine"":5854.53125,""n"":32,""quantum_shot_uncertainty"":false,""rare_event_cost_tail"":""UNRESOLVED"",""var_cosine"":26468.12802419355,""var_sine"":26468.12802419355}"
1e063a21340c2fb397fe431779fa0bb1d2fba619b736361014296303c8f0e3e9,,circuit_size,,"{""cov_cos_sin"":558460.2419354839,""cross_candidate_covariance"":null,""formal_ci"":false,""interval_kind"":""ENGINEERING_INTERVAL_ONLY"",""mean_cosine"":12696.875,""mean_sine"":12696.875,""n"":32,""quantum_shot_uncertainty"":false,""rare_event_cost_tail"":""UNRESOLVED"",""var_cosine"":558460.2419354839,""var_sine"":558460.2419354839}"
d9ae4b8645a032031fc003c9e7268010e6a5c5734c6da898043c748bd900aa64,,rz_count,,"{""cov_cos_sin"":0.0,""cross_candidate_covariance"":null,""formal_ci"":false,""interval_kind"":""ENGINEERING_INTERVAL_ONLY"",""mean_cosine"":10471.0,""mean_sine"":10471.0,""n"":1,""quantum_shot_uncertainty"":false,""rare_event_cost_tail"":""UNRESOLVED"",""var_cosine"":0.0,""var_sine"":0.0}"
d9ae4b8645a032031fc003c9e7268010e6a5c5734c6da898043c748bd900aa64,,rz_depth,,"{""cov_cos_sin"":0.0,""cross_candidate_covariance"":null,""formal_ci"":false,""interval_kind"":""ENGINEERING_INTERVAL_ONLY"",""mean_cosine"":4721.0,""mean_sine"":4721.0,""n"":1,""quantum_shot_uncertainty"":false,""rare_event_cost_tail"":""UNRESOLVED"",""var_cosine"":0.0,""var_sine"":0.0}"
d9ae4b8645a032031fc003c9e7268010e6a5c5734c6da898043c748bd900aa64,,cx_count,,"{""cov_cos_sin"":0.0,""cross_candidate_covariance"":null,""formal_ci"":false,""interval_kind"":""ENGINEERING_INTERVAL_ONLY"",""mean_cosine"":6004.0,""mean_sine"":6004.0,""n"":1,""quantum_shot_uncertainty"":false,""rare_event_cost_tail"":""UNRESOLVED"",""var_cosine"":0.0,""var_sine"":0.0}"
d9ae4b8645a032031fc003c9e7268010e6a5c5734c6da898043c748bd900aa64,,cx_depth,,"{""cov_cos_sin"":0.0,""cross_candidate_covariance"":null,""formal_ci"":false,""interval_kind"":""ENGINEERING_INTERVAL_ONLY"",""mean_cosine"":5099.0,""mean_sine"":5099.0,""n"":1,""quantum_shot_uncertainty"":false,""rare_event_cost_tail"":""UNRESOLVED"",""var_cosine"":0.0,""var_sine"":0.0}"
d9ae4b8645a032031fc003c9e7268010e6a5c5734c6da898043c748bd900aa64,,total_depth,,"{""cov_cos_sin"":0.0,""cross_candidate_covariance"":null,""formal_ci"":false,""interval_kind"":""ENGINEERING_INTERVAL_ONLY"",""mean_cosine"":10267.0,""mean_sine"":10267.0,""n"":1,""quantum_shot_uncertainty"":false,""rare_event_cost_tail"":""UNRESOLVED"",""var_cosine"":0.0,""var_sine"":0.0}"
d9ae4b8645a032031fc003c9e7268010e6a5c5734c6da898043c748bd900aa64,,circuit_size,,"{""cov_cos_sin"":0.0,""cross_candidate_covariance"":null,""formal_ci"":false,""interval_kind"":""ENGINEERING_INTERVAL_ONLY"",""mean_cosine"":19957.0,""mean_sine"":19957.0,""n"":1,""quantum_shot_uncertainty"":false,""rare_event_cost_tail"":""UNRESOLVED"",""var_cosine"":0.0,""var_sine"":0.0}"
9a24146ac2b7dfd129fa7d49aa2d50772fc647424d2ab958638482cfac139529,,rz_count,,"{""cov_cos_sin"":0.0,""cross_candidate_covariance"":null,""formal_ci"":false,""interval_kind"":""ENGINEERING_INTERVAL_ONLY"",""mean_cosine"":20040.0,""mean_sine"":20040.0,""n"":1,""quantum_shot_uncertainty"":false,""rare_event_cost_tail"":""UNRESOLVED"",""var_cosine"":0.0,""var_sine"":0.0}"
9a24146ac2b7dfd129fa7d49aa2d50772fc647424d2ab958638482cfac139529,,rz_depth,,"{""cov_cos_sin"":0.0,""cross_candidate_covariance"":null,""formal_ci"":false,""interval_kind"":""ENGINEERING_INTERVAL_ONLY"",""mean_cosine"":8753.0,""mean_sine"":8753.0,""n"":1,""quantum_shot_uncertainty"":false,""rare_event_cost_tail"":""UNRESOLVED"",""var_cosine"":0.0,""var_sine"":0.0}"
9a24146ac2b7dfd129fa7d49aa2d50772fc647424d2ab958638482cfac139529,,cx_count,,"{""cov_cos_sin"":0.0,""cross_candidate_covariance"":null,""formal_ci"":false,""interval_kind"":""ENGINEERING_INTERVAL_ONLY"",""mean_cosine"":11580.0,""mean_sine"":11580.0,""n"":1,""quantum_shot_uncertainty"":false,""rare_event_cost_tail"":""UNRESOLVED"",""var_cosine"":0.0,""var_sine"":0.0}"
9a24146ac2b7dfd129fa7d49aa2d50772fc647424d2ab958638482cfac139529,,cx_depth,,"{""cov_cos_sin"":0.0,""cross_candidate_covariance"":null,""formal_ci"":false,""interval_kind"":""ENGINEERING_INTERVAL_ONLY"",""mean_cosine"":9831.0,""mean_sine"":9831.0,""n"":1,""quantum_shot_uncertainty"":false,""rare_event_cost_tail"":""UNRESOLVED"",""var_cosine"":0.0,""var_sine"":0.0}"
9a24146ac2b7dfd129fa7d49aa2d50772fc647424d2ab958638482cfac139529,,total_depth,,"{""cov_cos_sin"":0.0,""cross_candidate_covariance"":null,""formal_ci"":false,""interval_kind"":""ENGINEERING_INTERVAL_ONLY"",""mean_cosine"":19464.0,""mean_sine"":19464.0,""n"":1,""quantum_shot_uncertainty"":false,""rare_event_cost_tail"":""UNRESOLVED"",""var_cosine"":0.0,""var_sine"":0.0}"
9a24146ac2b7dfd129fa7d49aa2d50772fc647424d2ab958638482cfac139529,,circuit_size,,"{""cov_cos_sin"":0.0,""cross_candidate_covariance"":null,""formal_ci"":false,""interval_kind"":""ENGINEERING_INTERVAL_ONLY"",""mean_cosine"":38315.0,""mean_sine"":38315.0,""n"":1,""quantum_shot_uncertainty"":false,""rare_event_cost_tail"":""UNRESOLVED"",""var_cosine"":0.0,""var_sine"":0.0}"
a090ea4c0aa58921cf4904fed6f6f74fac8d2e12f031736c8c94aa80754f295b,,rz_count,,"{""cov_cos_sin"":6515633.705645162,""cross_candidate_covariance"":null,""formal_ci"":false,""interval_kind"":""ENGINEERING_INTERVAL_ONLY"",""mean_cosine"":35178.1875,""mean_sine"":35178.1875,""n"":32,""quantum_shot_uncertainty"":false,""rare_event_cost_tail"":""UNRESOLVED"",""var_cosine"":6515633.705645162,""var_sine"":6515633.705645162}"
a090ea4c0aa58921cf4904fed6f6f74fac8d2e12f031736c8c94aa80754f295b,,rz_depth,,"{""cov_cos_sin"":306221.5483870968,""cross_candidate_covariance"":null,""formal_ci"":false,""interval_kind"":""ENGINEERING_INTERVAL_ONLY"",""mean_cosine"":8002.5,""mean_sine"":8002.5,""n"":32,""quantum_shot_uncertainty"":false,""rare_event_cost_tail"":""UNRESOLVED"",""var_cosine"":306221.5483870968,""var_sine"":306221.5483870968}"
a090ea4c0aa58921cf4904fed6f6f74fac8d2e12f031736c8c94aa80754f295b,,cx_count,,"{""cov_cos_sin"":605272.3135080645,""cross_candidate_covariance"":null,""formal_ci"":false,""interval_kind"":""ENGINEERING_INTERVAL_ONLY"",""mean_cosine"":11557.59375,""mean_sine"":11557.59375,""n"":32,""quantum_shot_uncertainty"":false,""rare_event_cost_tail"":""UNRESOLVED"",""var_cosine"":605272.3135080645,""var_sine"":605272.3135080645}"
a090ea4c0aa58921cf4904fed6f6f74fac8d2e12f031736c8c94aa80754f295b,,cx_depth,,"{""cov_cos_sin"":104017.48387096774,""cross_candidate_covariance"":null,""formal_ci"":false,""interval_kind"":""ENGINEERING_INTERVAL_ONLY"",""mean_cosine"":5324.5,""mean_sine"":5324.5,""n"":32,""quantum_shot_uncertainty"":false,""rare_event_cost_tail"":""UNRESOLVED"",""var_cosine"":104017.48387096774,""var_sine"":104017.48387096774}"
a090ea4c0aa58921cf4904fed6f6f74fac8d2e12f031736c8c94aa80754f295b,,total_depth,,"{""cov_cos_sin"":1448403.4264112904,""cross_candidate_covariance"":null,""formal_ci"":false,""interval_kind"":""ENGINEERING_INTERVAL_ONLY"",""mean_cosine"":17314.84375,""mean_sine"":17314.84375,""n"":32,""quantum_shot_uncertainty"":false,""rare_event_cost_tail"":""UNRESOLVED"",""var_cosine"":1448403.4264112904,""var_sine"":1448403.4264112904}"
a090ea4c0aa58921cf4904fed6f6f74fac8d2e12f031736c8c94aa80754f295b,,circuit_size,,"{""cov_cos_sin"":24717484.08770161,""cross_candidate_covariance"":null,""formal_ci"":false,""interval_kind"":""ENGINEERING_INTERVAL_ONLY"",""mean_cosine"":67471.09375,""mean_sine"":67471.09375,""n"":32,""quantum_shot_uncertainty"":false,""rare_event_cost_tail"":""UNRESOLVED"",""var_cosine"":24717484.08770161,""var_sine"":24717484.08770161}"
0360617a53633f2510d1d4e0616b64460c8017ace85a4cf7df6a321d1ce37992,0.05,,"{""SE"":14292.768859808375,""engineering_interval"":[304900495.1810304,304957666.2564696],""formal_ci"":false,""interval_kind"":""ENGINEERING_INTERVAL_ONLY"",""point"":304929080.71875,""rare_event_cost_tail"":""UNRESOLVED""}",
03ca38676ff43beb4da9086de144188865ce7d46a022f6e8515eac3076a96948,0.05,,"{""SE"":306328.2570675043,""engineering_interval"":[209680926.673365,210906239.701635],""formal_ci"":false,""interval_kind"":""ENGINEERING_INTERVAL_ONLY"",""point"":210293583.1875,""rare_event_cost_tail"":""UNRESOLVED""}",
04fd01953da32388ffe89213935b02c8e125b7c4ab80f6528f3cc8f10c7bb2a8,0.05,,"{""SE"":2364244.5977288038,""engineering_interval"":[1325334928.7732923,1334791907.1642077],""formal_ci"":false,""interval_kind"":""ENGINEERING_INTERVAL_ONLY"",""point"":1330063417.96875,""rare_event_cost_tail"":""UNRESOLVED""}",
0548a5163294a93cee044683d08a1f82b524398dbf8cb65e87d6286fbce93a76,0.05,,"{""SE"":1317454.986948022,""engineering_interval"":[1283092401.057354,1288362221.005146],""formal_ci"":false,""interval_kind"":""ENGINEERING_INTERVAL_ONLY"",""point"":1285727311.03125,""rare_event_cost_tail"":""UNRESOLVED""}",
05bb75401d4a800d8ed5745ffeeae23dba1e9d0eb30f93bbe2e87906c24027db,0.05,,"{""SE"":530872932951.4696,""engineering_interval"":[9913691261390.31,12037182993196.19],""formal_ci"":false,""interval_kind"":""ENGINEERING_INTERVAL_ONLY"",""point"":10975437127293.25,""rare_event_cost_tail"":""UNRESOLVED""}",
0ce9cef4ee4a3a27bd5e6c4cfe088a470321f9ebaff976b9c561884e98f405a5,0.05,,"{""SE"":1323856.6109913178,""engineering_interval"":[223891163.02801737,229186589.47198263],""formal_ci"":false,""interval_kind"":""ENGINEERING_INTERVAL_ONLY"",""point"":226538876.25,""rare_event_cost_tail"":""UNRESOLVED""}",
0dd5e9256d7a6fd9db7bc2486c672e3ca5f32e0b0e6d4d421d0644d05d18321f,0.05,,"{""SE"":193337.56310560237,""engineering_interval"":[909462663.8112888,910236014.0637112],""formal_ci"":false,""interval_kind"":""ENGINEERING_INTERVAL_ONLY"",""point"":909849338.9375,""rare_event_cost_tail"":""UNRESOLVED""}",
0fd820307c65baac590d8af8dae0ea1d47507380ab8c0a53c0cbb24caedf3020,0.05,,"{""SE"":1015232.051379142,""engineering_interval"":[639686175.5847417,643747103.7902583],""formal_ci"":false,""interval_kind"":""ENGINEERING_INTERVAL_ONLY"",""point"":641716639.6875,""rare_event_cost_tail"":""UNRESOLVED""}",
10ba41c319067ed3b5c78b86e2b0f1cdea3ff6207fa8940511de2a6aa100f4bc,0.05,,"{""SE"":285972.5472815161,""engineering_interval"":[1236186163.530437,1237330053.719563],""formal_ci"":false,""interval_kind"":""ENGINEERING_INTERVAL_ONLY"",""point"":1236758108.625,""rare_event_cost_tail"":""UNRESOLVED""}",
1163c4136d3d573a3aa05c5471b91190fa3ed3ae43b3340113c1d426a0947559,0.05,,"{""SE"":3399832.8499100413,""engineering_interval"":[739896881.05018,753496212.44982],""formal_ci"":false,""interval_kind"":""ENGINEERING_INTERVAL_ONLY"",""point"":746696546.75,""rare_event_cost_tail"":""UNRESOLVED""}",
11f3f418f74a8e5ee0d2ab5ed19c53183a6293a7b00fa6bb24bc630276001037,0.05,,"{""SE"":2571463662.575314,""engineering_interval"":[88385260553.41187,98671115203.71313],""formal_ci"":false,""interval_kind"":""ENGINEERING_INTERVAL_ONLY"",""point"":93528187878.5625,""rare_event_cost_tail"":""UNRESOLVED""}",
1248f643ae50f43b327a7f80b7cce6f3c6f7402fa28a3db0767cda48fca6be34,0.05,,"{""SE"":98877.15282428543,""engineering_interval"":[208666253.69435143,209061762.30564857],""formal_ci"":false,""interval_kind"":""ENGINEERING_INTERVAL_ONLY"",""point"":208864008.0,""rare_event_cost_tail"":""UNRESOLVED""}",
127236c66fd1401664dfc9aa26f9ae80b813a1c7a5b23c089cb3e68c3a7dbffc,0.05,,"{""SE"":992651.1494367091,""engineering_interval"":[192246468.29487658,196217072.89262342],""formal_ci"":false,""interval_kind"":""ENGINEERING_INTERVAL_ONLY"",""point"":194231770.59375,""rare_event_cost_tail"":""UNRESOLVED""}",
12eb2560e8c9c80d29f0d21a80113e79c5ce3638403617b5084a605a5b20e71a,0.05,,"{""SE"":6247.017283915022,""engineering_interval"":[300765229.43418217,300790217.50331783],""formal_ci"":false,""interval_kind"":""ENGINEERING_INTERVAL_ONLY"",""point"":300777723.46875,""rare_event_cost_tail"":""UNRESOLVED""}",
1348cf85115c90d38103b1942cca71ee6016a96d26d693e03d9338694b91166f,0.05,,"{""SE"":0.0,""engineering_interval"":[874738332.0,874738332.0],""formal_ci"":false,""interval_kind"":""ENGINEERING_INTERVAL_ONLY"",""point"":874738332.0,""rare_event_cost_tail"":""UNRESOLVED""}",
1356043563d33720e953579d1d84d52976b8ff4f57adb3c38683dbc098907c74,0.05,,"{""SE"":184552.57755543495,""engineering_interval"":[331309948.0948891,332048158.4051109],""formal_ci"":false,""interval_kind"":""ENGINEERING_INTERVAL_ONLY"",""point"":331679053.25,""rare_event_cost_tail"":""UNRESOLVED""}",
14624b9f1ef123d39e3b1d126d4a3288015d1f8b7fe9ded3105c8e4f8713b62c,0.05,,"{""SE"":1361241.6977856508,""engineering_interval"":[132029943.8856787,137474910.6768213],""formal_ci"":false,""interval_kind"":""ENGINEERING_INTERVAL_ONLY"",""point"":134752427.28125,""rare_event_cost_tail"":""UNRESOLVED""}",
1735ee7fd8f28aede0340a5a3897d22eab93a1e35108d5ad1de28515f05f8837,0.05,,"{""SE"":797918.5061243178,""engineering_interval"":[341839548.61275136,345031222.63724864],""formal_ci"":false,""interval_kind"":""ENGINEERING_INTERVAL_ONLY"",""point"":343435385.625,""rare_event_cost_tail"":""UNRESOLVED""}",
17fc1f89f61619edf9479d925a0e65cca1229d5abf131cf55f0d41ca85160129,0.05,,"{""SE"":42446648474981.44,""engineering_interval"":[847860411974148.5,1017647005874074.2],""formal_ci"":false,""interval_kind"":""ENGINEERING_INTERVAL_ONLY"",""point"":932753708924111.4,""rare_event_cost_tail"":""UNRESOLVED""}",
18da49e42be095eb747f8aa9922a59a1fe5e073378d77f79994e0bba1a2daafe,0.05,,"{""SE"":734673.7073986139,""engineering_interval"":[164963241.46020278,167901936.28979722],""formal_ci"":false,""interval_kind"":""ENGINEERING_INTERVAL_ONLY"",""point"":166432588.875,""rare_event_cost_tail"":""UNRESOLVED""}",
1d58488d677e17777853175aa1c66c47f88cc47cd8d218fe21fde300ecd9d0cc,0.05,,"{""SE"":145738.68589158807,""engineering_interval"":[629942542.2219669,630525496.9655331],""formal_ci"":false,""interval_kind"":""ENGINEERING_INTERVAL_ONLY"",""point"":630234019.59375,""rare_event_cost_tail"":""UNRESOLVED""}",
1d6ce39582516148549c9db5d1f9e7e842e82d94c45ba03caf0b0bcb3832bba4,0.05,,"{""SE"":3501181.51920713,""engineering_interval"":[165918152.71158573,179922878.78841427],""formal_ci"":false,""interval_kind"":""ENGINEERING_INTERVAL_ONLY"",""point"":172920515.75,""rare_event_cost_tail"":""UNRESOLVED""}",
1ded7d34bc1818a5b6d5e3553bfe7f5f056f86539650bfe58cdc0ed0ad379ca9,0.05,,"{""SE"":118826.84115142049,""engineering_interval"":[330013523.41144717,330488830.77605283],""formal_ci"":false,""interval_kind"":""ENGINEERING_INTERVAL_ONLY"",""point"":330251177.09375,""rare_event_cost_tail"":""UNRESOLVED""}",
1eb5f5eda16fd85285ec0cf28de2f73ffbd12d2682d89dedf45f559142e23378,0.05,,"{""SE"":0.0,""engineering_interval"":[3341909430.0,3341909430.0],""formal_ci"":false,""interval_kind"":""ENGINEERING_INTERVAL_ONLY"",""point"":3341909430.0,""rare_event_cost_tail"":""UNRESOLVED""}",
1f181876c150c7bae32c4eace35ae31ab6dad4ba5d329a0171975eaca0cf4ce5,0.05,,"{""SE"":150454.01246433047,""engineering_interval"":[330049705.5063213,330651521.5561787],""formal_ci"":false,""interval_kind"":""ENGINEERING_INTERVAL_ONLY"",""point"":330350613.53125,""rare_event_cost_tail"":""UNRESOLVED""}",
1f47cf083aa52bf62847b99e9d1b45cd2ec87e9989523f46bfe28bbce8178375,0.05,,"{""SE"":148918.5921519033,""engineering_interval"":[216518308.12819618,217113982.49680382],""formal_ci"":false,""interval_kind"":""ENGINEERING_INTERVAL_ONLY"",""point"":216816145.3125,""rare_event_cost_tail"":""UNRESOLVED""}",
1f755b938934c6efc8d31d21444c585ca0fbf1c1ee9b426adf55f08ea9061d22,0.05,,"{""SE"":404614476463204.0,""engineering_interval"":[5872214011976084.0,7490671917828900.0],""formal_ci"":false,""interval_kind"":""ENGINEERING_INTERVAL_ONLY"",""point"":6681442964902492.0,""rare_event_cost_tail"":""UNRESOLVED""}",
2072b954a9b8750bd6b8b860ac8d845a97acef1ca15b30d23b220eba55476d3a,0.05,,"{""SE"":2464631.0894356845,""engineering_interval"":[1327588574.9461286,1337447099.3038714],""formal_ci"":false,""interval_kind"":""ENGINEERING_INTERVAL_ONLY"",""point"":1332517837.125,""rare_event_cost_tail"":""UNRESOLVED""}",
20b11fae9be7109e97b53be41cc58aad912a4f9ecd1ae30435905c63fc6e5d93,0.05,,"{""SE"":157323.0421908411,""engineering_interval"":[629834035.5093683,630463327.6781317],""formal_ci"":false,""interval_kind"":""ENGINEERING_INTERVAL_ONLY"",""point"":630148681.59375,""rare_event_cost_tail"":""UNRESOLVED""}",
23f5559418d8689bd80e95d87ea290b2f76ee48728bdda7a12cd18a8d529c8d0,0.05,,"{""SE"":0.0,""engineering_interval"":[2238254358.0,2238254358.0],""formal_ci"":false,""interval_kind"":""ENGINEERING_INTERVAL_ONLY"",""point"":2238254358.0,""rare_event_cost_tail"":""UNRESOLVED""}",
26b1ddb01fa478bdaf439432feff9a314c0e5da23eeba8db14e3cd9a4bf833ea,0.05,,"{""SE"":2048856.481717451,""engineering_interval"":[139809539.2865651,148004965.2134349],""formal_ci"":false,""interval_kind"":""ENGINEERING_INTERVAL_ONLY"",""point"":143907252.25,""rare_event_cost_tail"":""UNRESOLVED""}",
2a25ec7dde94e71f05514143db7e8d8376837e58686e99f4acf800e0a3f34b76,0.05,,"{""SE"":2393919.7912232135,""engineering_interval"":[370588582.41755354,380164261.58244646],""formal_ci"":false,""interval_kind"":""ENGINEERING_INTERVAL_ONLY"",""point"":375376422.0,""rare_event_cost_tail"":""UNRESOLVED""}",
2a527a84ef1481d55ffd576634b4a4841282871ce6d6872ca72767971c7255f2,0.05,,"{""SE"":1413438.6759849149,""engineering_interval"":[129877377.83553018,135531132.53946984],""formal_ci"":false,""interval_kind"":""ENGINEERING_INTERVAL_ONLY"",""point"":132704255.1875,""rare_event_cost_tail"":""UNRESOLVED""}",
2b5dab0ff9f2e50e8ca8641bc0074353f2e28f69d056c23d63fceb753782a158,0.05,,"{""SE"":6589534.723584597,""engineering_interval"":[1010373703.8965808,1036731842.7909192],""formal_ci"":false,""interval_kind"":""ENGINEERING_INTERVAL_ONLY"",""point"":1023552773.34375,""rare_event_cost_tail"":""UNRESOLVED""}",
2bae3de500df0676aa16f29c6ba63b0c02e98824df975ed0d3942faa53640140,0.05,,"{""SE"":1718682.8298601974,""engineering_interval"":[144876390.0902796,151751121.4097204],""formal_ci"":false,""interval_kind"":""ENGINEERING_INTERVAL_ONLY"",""point"":148313755.75,""rare_event_cost_tail"":""UNRESOLVED""}",
2caa6473e54141eda42d4324121850162754ffc43f8af467d07f84dbf97c01c3,0.05,,"{""SE"":17320022100772.912,""engineering_interval"":[686786596906214.9,756066685309306.6],""formal_ci"":false,""interval_kind"":""ENGINEERING_INTERVAL_ONLY"",""point"":721426641107760.8,""rare_event_cost_tail"":""UNRESOLVED""}",
2dfb7c8f663ea3b1458b4988c4e483f829644b4ca79032b3e602a1be6d3de8f3,0.05,,"{""SE"":17869891752562.91,""engineering_interval"":[386501485068876.2,457981052079127.8],""formal_ci"":false,""interval_kind"":""ENGINEERING_INTERVAL_ONLY"",""point"":422241268574002.0,""rare_event_cost_tail"":""UNRESOLVED""}",
2dfe69ffa6dcdb300b6803666fec70973e749380595b152f39ff0c8a19413789,0.05,,"{""SE"":1555559.773614347,""engineering_interval"":[673243201.1402713,679465440.2347287],""formal_ci"":false,""interval_kind"":""ENGINEERING_INTERVAL_ONLY"",""point"":676354320.6875,""rare_event_cost_tail"":""UNRESOLVED""}",
2e505e1c84c0033fde8c92ead4b49dc0269cebda2a0d00c7865b02c45b2ca80f,0.05,,"{""SE"":560589.1007794066,""engineering_interval"":[198808565.5171912,201050921.9203088],""formal_ci"":false,""interval_kind"":""ENGINEERING_INTERVAL_ONLY"",""point"":199929743.71875,""rare_event_cost_tail"":""UNRESOLVED""}",
30417cbeec0ce17eaa6d0e3cb89213b52cb65cb6c654cc0a1a427471d2c0cebd,0.05,,"{""SE"":110033962.45627935,""engineering_interval"":[6201264688.587441,6641400538.412559],""formal_ci"":false,""interval_kind"":""ENGINEERING_INTERVAL_ONLY"",""point"":6421332613.5,""rare_event_cost_tail"":""UNRESOLVED""}",
311c4b79fd41796b21aee085729f34aafe4f4fbdee2fcc6bf5ac5da93caf9e63,0.05,,"{""SE"":39699677632832.03,""engineering_interval"":[1187967003811748.0,1346765714343076.0],""formal_ci"":false,""interval_kind"":""ENGINEERING_INTERVAL_ONLY"",""point"":1267366359077412.0,""rare_event_cost_tail"":""UNRESOLVED""}",
320658683d49757b27e02857d72c812104b84a10d2e28161114e0e3882eba643,0.05,,"{""SE"":1316877.456893116,""engineering_interval"":[1260424591.8049638,1265692101.6325362],""formal_ci"":false,""interval_kind"":""ENGINEERING_INTERVAL_ONLY"",""point"":1263058346.71875,""rare_event_cost_tail"":""UNRESOLVED""}",
3276bc2d6835f558e94f5062a78717aa12bb7c658550fe367a0cbf1ecf8f1ae2,0.05,,"{""SE"":213257.3483815785,""engineering_interval"":[906979751.3032368,907832780.6967632],""formal_ci"":false,""interval_kind"":""ENGINEERING_INTERVAL_ONLY"",""point"":907406266.0,""rare_event_cost_tail"":""UNRESOLVED""}",
34e6daf1cb314e655e990b32fb3212f6757d0b360aca598559f347e88dfeb98e,0.05,,"{""SE"":74269.12208028641,""engineering_interval"":[912722975.6933395,913020052.1816605],""formal_ci"":false,""interval_kind"":""ENGINEERING_INTERVAL_ONLY"",""point"":912871513.9375,""rare_event_cost_tail"":""UNRESOLVED""}",
3530339c1ee3aa2f5c67e8aceacb0a09d380592fdf988c088780ea903726437f,0.05,,"{""SE"":35531166676.27156,""engineering_interval"":[1008932278594.7069,1151056945299.7932],""formal_ci"":false,""interval_kind"":""ENGINEERING_INTERVAL_ONLY"",""point"":1079994611947.25,""rare_event_cost_tail"":""UNRESOLVED""}",
35c7b343b6d07ad42fe08258526dec3c2e0612b2a051c5dd24cbfd503878aabe,0.05,,"{""SE"":35839316.74836565,""engineering_interval"":[1555929317.9407687,1699286584.9342313],""formal_ci"":false,""interval_kind"":""ENGINEERING_INTERVAL_ONLY"",""point"":1627607951.4375,""rare_event_cost_tail"":""UNRESOLVED""}",
38363bd96a7369aa4c98340f85e43aa05fafad310deb0f8fc441050a6a7db96d,0.05,,"{""SE"":2525968251.775322,""engineering_interval"":[126737459105.19936,136841332112.30064],""formal_ci"":false,""interval_kind"":""ENGINEERING_INTERVAL_ONLY"",""point"":131789395608.75,""rare_event_cost_tail"":""UNRESOLVED""}",
3f58c9f59b129ad5041d557b112d25b17b5a751520c86027abdec294a05794c2,0.05,,"{""SE"":15560.405192087239,""engineering_interval"":[310410976.18961585,310473217.81038415],""formal_ci"":false,""interval_kind"":""ENGINEERING_INTERVAL_ONLY"",""point"":310442097.0,""rare_event_cost_tail"":""UNRESOLVED""}",
41297e3c4eaa8a92d3f960610688e26c3bcb721f3b26189125dd7e3b8f44dea8,0.05,,"{""SE"":0.0,""engineering_interval"":[1133180516.0,1133180516.0],""formal_ci"":false,""interval_kind"":""ENGINEERING_INTERVAL_ONLY"",""point"":1133180516.0,""rare_event_cost_tail"":""UNRESOLVED""}",
42361a3deedfb54efcacccec0946bdd0e888c4f8009b27d4df078a313288bf27,0.05,,"{""SE"":355241.8784709654,""engineering_interval"":[633312498.3680581,634733465.8819419],""formal_ci"":false,""interval_kind"":""ENGINEERING_INTERVAL_ONLY"",""point"":634022982.125,""rare_event_cost_tail"":""UNRESOLVED""}",
43111e149ded1dba5eda31791bf072fad9b43602b75e5ada11188936fc50ff79,0.05,,"{""SE"":4447708.401046802,""engineering_interval"":[264023159.0729064,281813992.6770936],""formal_ci"":false,""interval_kind"":""ENGINEERING_INTERVAL_ONLY"",""point"":272918575.875,""rare_event_cost_tail"":""UNRESOLVED""}",
432f72f136fb44eb45f8a1464decd8866f1035c4d24c18879bfbdb4eb9a32a0b,0.05,,"{""SE"":497040.7708151418,""engineering_interval"":[198994299.6146197,200982462.6978803],""formal_ci"":false,""interval_kind"":""ENGINEERING_INTERVAL_ONLY"",""point"":199988381.15625,""rare_event_cost_tail"":""UNRESOLVED""}",
433c98a6ae7710c1fcde57d98496c1be7b69c9799cf284964e485277bdb84d00,0.05,,"{""SE"":34209.68916983386,""engineering_interval"":[1861633798.0591602,1861770636.8158398],""formal_ci"":false,""interval_kind"":""ENGINEERING_INTERVAL_ONLY"",""point"":1861702217.4375,""rare_event_cost_tail"":""UNRESOLVED""}",
4344e3cc40ba8373dd6d92dcee63b0fbe09cc79c4f74f6698c3ab2506f5b5fe6,0.05,,"{""SE"":5657386.859266645,""engineering_interval"":[502127853.1564667,524757400.5935333],""formal_ci"":false,""interval_kind"":""ENGINEERING_INTERVAL_ONLY"",""point"":513442626.875,""rare_event_cost_tail"":""UNRESOLVED""}",
454877b51803a98987c05a65abdd8515863fc5943e5ca695275e3231ad3e7983,0.05,,"{""SE"":923875.5492185465,""engineering_interval"":[221136996.9015629,224832499.0984371],""formal_ci"":false,""interval_kind"":""ENGINEERING_INTERVAL_ONLY"",""point"":222984748.0,""rare_event_cost_tail"":""UNRESOLVED""}",
458f6f6cc62a3291793c82518d7b8d99b6b4a7e470c248501d25b7f4122a900e,0.05,,"{""SE"":1841619.5187207519,""engineering_interval"":[701651469.0875585,709017947.1624415],""formal_ci"":false,""interval_kind"":""ENGINEERING_INTERVAL_ONLY"",""point"":705334708.125,""rare_event_cost_tail"":""UNRESOLVED""}",
45c818f0164c7a78e47c2bb417235234f21bc83f5e4c9ba38c23812fce104ea4,0.05,,"{""SE"":135448538.91588402,""engineering_interval"":[5224918043.980732,5766712199.644268],""formal_ci"":false,""interval_kind"":""ENGINEERING_INTERVAL_ONLY"",""point"":5495815121.8125,""rare_event_cost_tail"":""UNRESOLVED""}",
46485c79c46c15175af5a5a1e8d49826f60359668bd8282cfea164c4d3d74710,0.05,,"{""SE"":1630271.5219459615,""engineering_interval"":[1284368821.893608,1290889907.981392],""formal_ci"":false,""interval_kind"":""ENGINEERING_INTERVAL_ONLY"",""point"":1287629364.9375,""rare_event_cost_tail"":""UNRESOLVED""}",
4893d918556d0daeec8dae3a1a5c6f97c598ab6d7efb7e4c7d714ee6400b6d52,0.05,,"{""SE"":0.0,""engineering_interval"":[253379350.0,253379350.0],""formal_ci"":false,""interval_kind"":""ENGINEERING_INTERVAL_ONLY"",""point"":253379350.0,""rare_event_cost_tail"":""UNRESOLVED""}",
48e4aadcc19eb9135024b910a5b8f77269ad837985dd5fc71f392228c3413ad0,0.05,,"{""SE"":27579247.25675298,""engineering_interval"":[1464241961.361494,1574558950.388506],""formal_ci"":false,""interval_kind"":""ENGINEERING_INTERVAL_ONLY"",""point"":1519400455.875,""rare_event_cost_tail"":""UNRESOLVED""}",
4982a594755ce015cf7dc05fa9ece58639a09e636a190bce5f0775e2b0e3dc21,0.05,,"{""SE"":142628.83998726067,""engineering_interval"":[207732243.41377547,208302758.77372453],""formal_ci"":false,""interval_kind"":""ENGINEERING_INTERVAL_ONLY"",""point"":208017501.09375,""rare_event_cost_tail"":""UNRESOLVED""}",
49dbaa81d25e9ed02a3b9415bb75b67cffebae4e47a02261720820c91dd4e92c,0.05,,"{""SE"":450890.85126752575,""engineering_interval"":[140198454.54746494,142002017.95253506],""formal_ci"":false,""interval_kind"":""ENGINEERING_INTERVAL_ONLY"",""point"":141100236.25,""rare_event_cost_tail"":""UNRESOLVED""}",
4b34b204f05636c1581487aa5e329f94bbc3806415a04ee8345a3b2d26e74db9,0.05,,"{""SE"":111952.70447954473,""engineering_interval"":[1802087613.3410408,1802535424.1589592],""formal_ci"":false,""interval_kind"":""ENGINEERING_INTERVAL_ONLY"",""point"":1802311518.75,""rare_event_cost_tail"":""UNRESOLVED""}",
4c0e41a091c151a93aebfd45c5ff805c351f4e187c638864c4fbd4ec7853a915,0.05,,"{""SE"":145833.76500593638,""engineering_interval"":[1801958721.626238,1802542056.686262],""formal_ci"":false,""interval_kind"":""ENGINEERING_INTERVAL_ONLY"",""point"":1802250389.15625,""rare_event_cost_tail"":""UNRESOLVED""}",
4f548d39532e640d0dc5bb2385e0f30191e18a957429b3be087fb6e6f584a941,0.05,,"{""SE"":17753.828696099998,""engineering_interval"":[925867358.2176079,925938373.5323921],""formal_ci"":false,""interval_kind"":""ENGINEERING_INTERVAL_ONLY"",""point"":925902865.875,""rare_event_cost_tail"":""UNRESOLVED""}",
5118c41031227fe7642bc243c875f815afae86eb716e4c1b31c31f7ea2c48c7c,0.05,,"{""SE"":0.0,""engineering_interval"":[372523128.0,372523128.0],""formal_ci"":false,""interval_kind"":""ENGINEERING_INTERVAL_ONLY"",""point"":372523128.0,""rare_event_cost_tail"":""UNRESOLVED""}",
5162239684a3433e4d03200707a0ddbf67e1e7c5c4bb3aa516d93e789f5a2dc9,0.05,,"{""SE"":127534280.02244231,""engineering_interval"":[6327344896.392615,6837482016.482385],""formal_ci"":false,""interval_kind"":""ENGINEERING_INTERVAL_ONLY"",""point"":6582413456.4375,""rare_event_cost_tail"":""UNRESOLVED""}",
519fbed1bdb2abfe84139f5afb66613c8cd395593ad7540e74d5bd9af94c09ea,0.05,,"{""SE"":19790234.75909602,""engineering_interval"":[1349873269.231808,1429034208.268192],""formal_ci"":false,""interval_kind"":""ENGINEERING_INTERVAL_ONLY"",""point"":1389453738.75,""rare_event_cost_tail"":""UNRESOLVED""}",
51d527be43673608b0ba3347a6ccdd5f1336703fb370972865ca3a5ead959ea3,0.05,,"{""SE"":364767383372.334,""engineering_interval"":[9549638965309.52,11008708498798.855],""formal_ci"":false,""interval_kind"":""ENGINEERING_INTERVAL_ONLY"",""point"":10279173732054.188,""rare_event_cost_tail"":""UNRESOLVED""}",
521508d82e8b1711110e0efa3bb5d8888d5a4f06e52a8ce7c4a0f93b2c6889d8,0.05,,"{""SE"":609416.4303777993,""engineering_interval"":[1249379191.7017443,1251816857.4232557],""formal_ci"":false,""interval_kind"":""ENGINEERING_INTERVAL_ONLY"",""point"":1250598024.5625,""rare_event_cost_tail"":""UNRESOLVED""}",
54425881a560c7306c36a12eb3cfe0944e179ad9f295929d1829997a7ec05b70,0.05,,"{""SE"":2551721708.201997,""engineering_interval"":[120578487636.43976,130785374469.24774],""formal_ci"":false,""interval_kind"":""ENGINEERING_INTERVAL_ONLY"",""point"":125681931052.84375,""rare_event_cost_tail"":""UNRESOLVED""}",
58389a3d07fa30f8584c1c9deb491b34af2e9475c08e53bf2d93f3e553d1b2ed,0.05,,"{""SE"":3616148.937977191,""engineering_interval"":[418353887.8427956,432818483.5947044],""formal_ci"":false,""interval_kind"":""ENGINEERING_INTERVAL_ONLY"",""point"":425586185.71875,""rare_event_cost_tail"":""UNRESOLVED""}",
58dea35b859b0db7caa7df00896671005c61138e847205ea8c22a6f199306a59,0.05,,"{""SE"":4258176.3369957805,""engineering_interval"":[824261832.3260084,841294537.6739916],""formal_ci"":false,""interval_kind"":""ENGINEERING_INTERVAL_ONLY"",""point"":832778185.0,""rare_event_cost_tail"":""UNRESOLVED""}",
5c2bd2a43249bab045b8148a97116e7bec121b49e5156aeec97abb0d594aa34f,0.05,,"{""SE"":9586.675701606944,""engineering_interval"":[302141566.24234676,302179912.94515324],""formal_ci"":false,""interval_kind"":""ENGINEERING_INTERVAL_ONLY"",""point"":302160739.59375,""rare_event_cost_tail"":""UNRESOLVED""}",
5c4171e81f2227f7d72310ef5885733a1466fac57dce14e213cdc21c8a8acc54,0.05,,"{""SE"":441868.6655551214,""engineering_interval"":[335778318.13763976,337545792.79986024],""formal_ci"":false,""interval_kind"":""ENGINEERING_INTERVAL_ONLY"",""point"":336662055.46875,""rare_event_cost_tail"":""UNRESOLVED""}",
5dcbd33f279fa88617301114d22fa0d8fd626cc85645a902a634e8ae5afcbe36,0.05,,"{""SE"":24404.332771061876,""engineering_interval"":[494991460.2407079,495089077.5717921],""formal_ci"":false,""interval_kind"":""ENGINEERING_INTERVAL_ONLY"",""point"":495040268.90625,""rare_event_cost_tail"":""UNRESOLVED""}",
5f11e879f44a5388f939fc1dbc2b0432152f73e6e57313fa160812dc526c0b3b,0.05,,"{""SE"":3767382.9157704464,""engineering_interval"":[222822243.69970912,237891775.36279088],""formal_ci"":false,""interval_kind"":""ENGINEERING_INTERVAL_ONLY"",""point"":230357009.53125,""rare_event_cost_tail"":""UNRESOLVED""}",
5faa42f0cdb8133f4c12efd6e98588bf48efa9c397750ed4474f44ee6417e8ed,0.05,,"{""SE"":3681242460.885175,""engineering_interval"":[94172201254.22964,108897171097.77036],""formal_ci"":false,""interval_kind"":""ENGINEERING_INTERVAL_ONLY"",""point"":101534686176.0,""rare_event_cost_tail"":""UNRESOLVED""}",
6100bc0d97e038cf36a1745b212130fff012367b9ef409a587dc5d8a4ce94593,0.05,,"{""SE"":22915.831242049957,""engineering_interval"":[942860324.087516,942951987.412484],""formal_ci"":false,""interval_kind"":""ENGINEERING_INTERVAL_ONLY"",""point"":942906155.75,""rare_event_cost_tail"":""UNRESOLVED""}",
62d5fe4a325e1641b8f8033033a22d726f1feedffba03f650389ef26b81ce7ab,0.05,,"{""SE"":0.0,""engineering_interval"":[1726785246.0,1726785246.0],""formal_ci"":false,""interval_kind"":""ENGINEERING_INTERVAL_ONLY"",""point"":1726785246.0,""rare_event_cost_tail"":""UNRESOLVED""}",
66558e0cb333e7d41a33d7e61bc9a6e433df0e6cda3946a9c8a9d4cba9163860,0.05,,"{""SE"":224370.4475450994,""engineering_interval"":[368945701.9799098,369843183.7700902],""formal_ci"":false,""interval_kind"":""ENGINEERING_INTERVAL_ONLY"",""point"":369394442.875,""rare_event_cost_tail"":""UNRESOLVED""}",
674d3082b53a74bc118e4cf1f9471aa25d76dcf97802cf6624ac631ac723b552,0.05,,"{""SE"":315563.80407513614,""engineering_interval"":[368793470.92309976,370055726.13940024],""formal_ci"":false,""interval_kind"":""ENGINEERING_INTERVAL_ONLY"",""point"":369424598.53125,""rare_event_cost_tail"":""UNRESOLVED""}",
6817aeb8429ff98787c96a9b618d57108ca5d525f5c9d21a3a0bf646e0b95226,0.05,,"{""SE"":2738405.861227507,""engineering_interval"":[373937892.277545,384891515.722455],""formal_ci"":false,""interval_kind"":""ENGINEERING_INTERVAL_ONLY"",""point"":379414704.0,""rare_event_cost_tail"":""UNRESOLVED""}",
6981e2d0884098159c77cee4c7868e6b81fd65141cf90e1e7ee9198a868ba714,0.05,,"{""SE"":227595.38056875576,""engineering_interval"":[1796113664.4263625,1797024045.9486375],""formal_ci"":false,""interval_kind"":""ENGINEERING_INTERVAL_ONLY"",""point"":1796568855.1875,""rare_event_cost_tail"":""UNRESOLVED""}",
6a8710a6d8c25f7ab6cbc86318d12688ddaba5f7b0071421e47f0fa7beff11b2,0.05,,"{""SE"":23960168749139.477,""engineering_interval"":[504547059085516.3,600387734082074.2],""formal_ci"":false,""interval_kind"":""ENGINEERING_INTERVAL_ONLY"",""point"":552467396583795.25,""rare_event_cost_tail"":""UNRESOLVED""}",
6aa509612424a195747e286c9eea21bfa4f8f1cafe5d119deccbcd0211457218,0.05,,"{""SE"":28024554.71020063,""engineering_interval"":[1643981646.7670987,1756079865.6079013],""formal_ci"":false,""interval_kind"":""ENGINEERING_INTERVAL_ONLY"",""point"":1700030756.1875,""rare_event_cost_tail"":""UNRESOLVED""}",
6aceea2aa4c3afa8f6beeb6bfc151cc5ab465130549f38044715e9c4e053f7c8,0.05,,"{""SE"":214814.42656376827,""engineering_interval"":[1241907984.4906225,1242767242.1968775],""formal_ci"":false,""interval_kind"":""ENGINEERING_INTERVAL_ONLY"",""point"":1242337613.34375,""rare_event_cost_tail"":""UNRESOLVED""}",
6bda16d8c99d6d60249b9741acc5f6baf82ae5a9484562398293c88e6fe86176,0.05,,"{""SE"":748332.3481000856,""engineering_interval"":[648103407.3662999,651096736.7587001],""formal_ci"":false,""interval_kind"":""ENGINEERING_INTERVAL_ONLY"",""point"":649600072.0625,""rare_event_cost_tail"":""UNRESOLVED""}",
6d94925db9107eb619526d6987146a036344e8fb9af2ffd5c6dfe57fa2f8c48c,0.05,,"{""SE"":0.0,""engineering_interval"":[594510810.0,594510810.0],""formal_ci"":false,""interval_kind"":""ENGINEERING_INTERVAL_ONLY"",""point"":594510810.0,""rare_event_cost_tail"":""UNRESOLVED""}",
6f616ccf400452573d1fe754f747cd1e9d940214c2abe1d14e1c521d94f1ff37,0.05,,"{""SE"":39599.81730111585,""engineering_interval"":[300672548.99039775,300830948.25960225],""formal_ci"":false,""interval_kind"":""ENGINEERING_INTERVAL_ONLY"",""point"":300751748.625,""rare_event_cost_tail"":""UNRESOLVED""}",
706dcf93f5323b57899110e5205eef5a821184af75ad4813f59ca8b6ded56c0b,0.05,,"{""SE"":2585487.575233565,""engineering_interval"":[219720148.47453287,230062098.77546713],""formal_ci"":false,""interval_kind"":""ENGINEERING_INTERVAL_ONLY"",""point"":224891123.625,""rare_event_cost_tail"":""UNRESOLVED""}",
750af879952bd78b9e5d39c5a9645d8e85a43cc36c8bb93162d6269f9feb618b,0.05,,"{""SE"":94687039900808.61,""engineering_interval"":[1681822480795907.8,2060570640399142.2],""formal_ci"":false,""interval_kind"":""ENGINEERING_INTERVAL_ONLY"",""point"":1871196560597525.0,""rare_event_cost_tail"":""UNRESOLVED""}",
76120a039be5c0ef133f62c4c00ae3bcacb45f35c6962803e8ead5593b48ddfe,0.05,,"{""SE"":14272.285082539764,""engineering_interval"":[486150326.2110849,486207415.3514151],""formal_ci"":false,""interval_kind"":""ENGINEERING_INTERVAL_ONLY"",""point"":486178870.78125,""rare_event_cost_tail"":""UNRESOLVED""}",
76ea1c35be9c40a23d7b5e317385499ec237ac3bf101fd328a13a7a62120c4c7,0.05,,"{""SE"":1095388.3117611285,""engineering_interval"":[215096513.87647775,219478067.12352225],""formal_ci"":false,""interval_kind"":""ENGINEERING_INTERVAL_ONLY"",""point"":217287290.5,""rare_event_cost_tail"":""UNRESOLVED""}",
782e19e50afd09690a85ca70fcac632c40b7c42b8934f1368501f68e5408dcec,0.05,,"{""SE"":0.0,""engineering_interval"":[732203010.0,732203010.0],""formal_ci"":false,""interval_kind"":""ENGINEERING_INTERVAL_ONLY"",""point"":732203010.0,""rare_event_cost_tail"":""UNRESOLVED""}",
786e73a44ae1d4387a2103e393853c0babd7ccf005b684dcffbad98b369d0ef4,0.05,,"{""SE"":171580663.2400898,""engineering_interval"":[5232191202.14482,5918513855.10518],""formal_ci"":false,""interval_kind"":""ENGINEERING_INTERVAL_ONLY"",""point"":5575352528.625,""rare_event_cost_tail"":""UNRESOLVED""}",
7a2b2e2783901f3ece32404e620ca80f834c73d70274c4f5ca697fca3d1d2f6e,0.05,,"{""SE"":322511650696.5362,""engineering_interval"":[8144042647864.271,9434089250650.416],""formal_ci"":false,""interval_kind"":""ENGINEERING_INTERVAL_ONLY"",""point"":8789065949257.344,""rare_event_cost_tail"":""UNRESOLVED""}",
7ab2b562151371e73e5083036b36b8cfa984caaf92464eecc3d6249c14a35e7b,0.05,,"{""SE"":21243.633388057933,""engineering_interval"":[494973161.48322386,495058136.01677614],""formal_ci"":false,""interval_kind"":""ENGINEERING_INTERVAL_ONLY"",""point"":495015648.75,""rare_event_cost_tail"":""UNRESOLVED""}",
7c883f567f0b3193442048dab93dad3a1ff5dd6ff26f134109c3aa3e0b14132f,0.05,,"{""SE"":3588357.817739404,""engineering_interval"":[164612893.6145212,178966324.8854788],""formal_ci"":false,""interval_kind"":""ENGINEERING_INTERVAL_ONLY"",""point"":171789609.25,""rare_event_cost_tail"":""UNRESOLVED""}",
7d1a5e9859531c532ba4dc06e9e100fdb47fa35540ad1b0fad14966a094463d0,0.05,,"{""SE"":1298942.4440184073,""engineering_interval"":[650091027.7994632,655286797.5755368],""formal_ci"":false,""interval_kind"":""ENGINEERING_INTERVAL_ONLY"",""point"":652688912.6875,""rare_event_cost_tail"":""UNRESOLVED""}",
7d51e7e28f78cc5cac73051384d7627067962afc0e04733d1f9560fb76259e42,0.05,,"{""SE"":17898.58575587614,""engineering_interval"":[310420730.29723823,310492324.64026177],""formal_ci"":false,""interval_kind"":""ENGINEERING_INTERVAL_ONLY"",""point"":310456527.46875,""rare_event_cost_tail"":""UNRESOLVED""}",
7d88f7949f5aa180b73832ccdf24cb7eeb836abeb5f418ec84c5a6131fa5121a,0.05,,"{""SE"":7354444.101703736,""engineering_interval"":[1013347876.6403425,1042765653.0471575],""formal_ci"":false,""interval_kind"":""ENGINEERING_INTERVAL_ONLY"",""point"":1028056764.84375,""rare_event_cost_tail"":""UNRESOLVED""}",
7e9dba91042dcc748c473162c58cb42da4ae30d1b10a5fe9740185eebcdd77bc,0.05,,"{""SE"":231753.23789144534,""engineering_interval"":[906972092.3992171,907899105.3507829],""formal_ci"":false,""interval_kind"":""ENGINEERING_INTERVAL_ONLY"",""point"":907435598.875,""rare_event_cost_tail"":""UNRESOLVED""}",
8243ce07aed765f0bfda156e2b336a03b289d98758c63ca5ae69fb6e7aa3a938,0.05,,"{""SE"":3690242.9340733,""engineering_interval"":[731327965.3818533,746088937.1181467],""formal_ci"":false,""interval_kind"":""ENGINEERING_INTERVAL_ONLY"",""point"":738708451.25,""rare_event_cost_tail"":""UNRESOLVED""}",
830a01f9ea6cd9075c324a30b81b282e9a7e91bf8a90d5a2f3abeefc028dfdcd,0.05,,"{""SE"":0.0,""engineering_interval"":[459447420.0,459447420.0],""formal_ci"":false,""interval_kind"":""ENGINEERING_INTERVAL_ONLY"",""point"":459447420.0,""rare_event_cost_tail"":""UNRESOLVED""}",
838ab2f8f1b8fa899137c853284a9f60f280467a6827ffc0f5f9d3da7f0dfb5d,0.05,,"{""SE"":125888.33973349446,""engineering_interval"":[298457772.00803304,298961325.36696696],""formal_ci"":false,""interval_kind"":""ENGINEERING_INTERVAL_ONLY"",""point"":298709548.6875,""rare_event_cost_tail"":""UNRESOLVED""}",
83e5618afefa1907e8e4ec63e9181968f589b741dccb6ee1caea608bac04819c,0.05,,"{""SE"":29291.309941382908,""engineering_interval"":[1861632200.5051172,1861749365.7448828],""formal_ci"":false,""interval_kind"":""ENGINEERING_INTERVAL_ONLY"",""point"":1861690783.125,""rare_event_cost_tail"":""UNRESOLVED""}",
84ca3010c9ef77270bd1c05046902ef1275e0d0537529fe49238865e7cc8691e,0.05,,"{""SE"":235719932660.3898,""engineering_interval"":[12898007444087.97,13840887174729.53],""formal_ci"":false,""interval_kind"":""ENGINEERING_INTERVAL_ONLY"",""point"":13369447309408.75,""rare_event_cost_tail"":""UNRESOLVED""}",
878c8e427c9aafb49c188e6a2287b6876caf611d5276b6e99d1d843be3fb16a0,0.05,,"{""SE"":3160258510.406941,""engineering_interval"":[96442287065.43611,109083321107.06389],""formal_ci"":false,""interval_kind"":""ENGINEERING_INTERVAL_ONLY"",""point"":102762804086.25,""rare_event_cost_tail"":""UNRESOLVED""}",
87975c107b1a6c1bb8ade028214092f3e785194bde41c4b8686fd37236928e3a,0.05,,"{""SE"":616480.1066444102,""engineering_interval"":[335738937.59921116,338204858.02578884],""formal_ci"":false,""interval_kind"":""ENGINEERING_INTERVAL_ONLY"",""point"":336971897.8125,""rare_event_cost_tail"":""UNRESOLVED""}",
87c8a6538609b7bf78b083bad67b5f6e4572ed001e5395f8deeb2a68a082c818,0.05,,"{""SE"":151211.97104893817,""engineering_interval"":[476472940.7454021,477077788.6295979],""formal_ci"":false,""interval_kind"":""ENGINEERING_INTERVAL_ONLY"",""point"":476775364.6875,""rare_event_cost_tail"":""UNRESOLVED""}",
87e3b363e0679bbba5326b8ea415c1352bbd4c143a89cf4cbd00d4ad3b96ed13,0.05,,"{""SE"":287635249121510.3,""engineering_interval"":[6249318440908575.0,7399859437394617.0],""formal_ci"":false,""interval_kind"":""ENGINEERING_INTERVAL_ONLY"",""point"":6824588939151596.0,""rare_event_cost_tail"":""UNRESOLVED""}",
88fa19f21f5fd6540f76bf36e08b2194e3b23777c908061aacac3a294f975d45,0.05,,"{""SE"":6819.507803439196,""engineering_interval"":[302159799.3906431,302187077.4218569],""formal_ci"":false,""interval_kind"":""ENGINEERING_INTERVAL_ONLY"",""point"":302173438.40625,""rare_event_cost_tail"":""UNRESOLVED""}",
8945ba19711a13784eb8dcf48316da1cb06038c11627b50c15a0b61f9e03e041,0.05,,"{""SE"":145992127.47908252,""engineering_interval"":[4828609504.104335,5412578014.020665],""formal_ci"":false,""interval_kind"":""ENGINEERING_INTERVAL_ONLY"",""point"":5120593759.0625,""rare_event_cost_tail"":""UNRESOLVED""}",
89f6f91b5f2d748deda158aa3bae176f6943faa916a3ba36abfef49054343628,0.05,,"{""SE"":356298.21224266913,""engineering_interval"":[687938059.7005147,689363252.5494853],""formal_ci"":false,""interval_kind"":""ENGINEERING_INTERVAL_ONLY"",""point"":688650656.125,""rare_event_cost_tail"":""UNRESOLVED""}",
8b17853946975ed52cf4c981cb3cc29a981436ecf3ba1f2a393e848552338580,0.05,,"{""SE"":144115.50879345916,""engineering_interval"":[476434641.63866305,477011103.67383695],""formal_ci"":false,""interval_kind"":""ENGINEERING_INTERVAL_ONLY"",""point"":476722872.65625,""rare_event_cost_tail"":""UNRESOLVED""}",
8cb55a75f4e5cbe1668180d41f607ced4d2d5348b0c46f7e6adfc6e1f8b69a64,0.05,,"{""SE"":914999.8293117027,""engineering_interval"":[193499300.1226266,197159299.4398734],""formal_ci"":false,""interval_kind"":""ENGINEERING_INTERVAL_ONLY"",""point"":195329299.78125,""rare_event_cost_tail"":""UNRESOLVED""}",
8cc05214474642fd5e1181e922a270c1158f4bdec02e69395433ba5312ecba30,0.05,,"{""SE"":267484.3744033481,""engineering_interval"":[1791530526.4386933,1792600463.9363067],""formal_ci"":false,""interval_kind"":""ENGINEERING_INTERVAL_ONLY"",""point"":1792065495.1875,""rare_event_cost_tail"":""UNRESOLVED""}",
8d5804c62f37fff23f5d770aaf526f2257aaaec290bb60005c61700a35349789,0.05,,"{""SE"":27368.71141058574,""engineering_interval"":[481661846.17092884,481771321.01657116],""formal_ci"":false,""interval_kind"":""ENGINEERING_INTERVAL_ONLY"",""point"":481716583.59375,""rare_event_cost_tail"":""UNRESOLVED""}",
8db7bb63b5ad9e3aa871e020c58520330f50c348dc3f60d271a335e47d8e2570,0.05,,"{""SE"":2935097059421.7617,""engineering_interval"":[63086931427791.29,74827319665478.34],""formal_ci"":false,""interval_kind"":""ENGINEERING_INTERVAL_ONLY"",""point"":68957125546634.81,""rare_event_cost_tail"":""UNRESOLVED""}",
8e56ba2ae30e8521b664233eb5ee96cb22d1b5acdece8360e315a446a367530c,0.05,,"{""SE"":604360.5223491014,""engineering_interval"":[355698605.7053018,358116047.7946982],""formal_ci"":false,""interval_kind"":""ENGINEERING_INTERVAL_ONLY"",""point"":356907326.75,""rare_event_cost_tail"":""UNRESOLVED""}",
8f671e3db6ee05e1becf6b2ce0315908fa37d553fe3d98e9497f7e0f65d368f6,0.05,,"{""SE"":16271.237687742227,""engineering_interval"":[925886767.5871245,925951852.5378755],""formal_ci"":false,""interval_kind"":""ENGINEERING_INTERVAL_ONLY"",""point"":925919310.0625,""rare_event_cost_tail"":""UNRESOLVED""}",
90ed4abcfcb472ebb81f150bd1c1d6570e02f8a443d1ccaa394caaff9144dc40,0.05,,"{""SE"":1484436.2738039417,""engineering_interval"":[356580282.8273921,362518027.9226079],""formal_ci"":false,""interval_kind"":""ENGINEERING_INTERVAL_ONLY"",""point"":359549155.375,""rare_event_cost_tail"":""UNRESOLVED""}",
918dfe844674bba518736eb21e65014f0413e1a561fa15b4617caa6fb75a5a11,0.05,,"{""SE"":29053747419488.55,""engineering_interval"":[516971792247827.4,633186781925781.6],""formal_ci"":false,""interval_kind"":""ENGINEERING_INTERVAL_ONLY"",""point"":575079287086804.5,""rare_event_cost_tail"":""UNRESOLVED""}",
91eada46941a69e34c2c216123e73683d25a6af4d03d6759f21787869f34906a,0.05,,"{""SE"":50614.65595703642,""engineering_interval"":[479324286.1568359,479526744.7806641],""formal_ci"":false,""interval_kind"":""ENGINEERING_INTERVAL_ONLY"",""point"":479425515.46875,""rare_event_cost_tail"":""UNRESOLVED""}",
92735bdef2a99ce6e10b1b31fb84540c69267e99e786e03882f6e62e2860a785,0.05,,"{""SE"":19139.654477998614,""engineering_interval"":[1811203437.503544,1811279996.121456],""formal_ci"":false,""interval_kind"":""ENGINEERING_INTERVAL_ONLY"",""point"":1811241716.8125,""rare_event_cost_tail"":""UNRESOLVED""}",
92a14248d5e875c5b94ed1727cbdd7c4708b188c9726600a11083038d44be726,0.05,,"{""SE"":33479763147330.004,""engineering_interval"":[1643421526214447.5,1777340578803767.5],""formal_ci"":false,""interval_kind"":""ENGINEERING_INTERVAL_ONLY"",""point"":1710381052509107.5,""rare_event_cost_tail"":""UNRESOLVED""}",
9a6fcf15d704dbb8e5254b4a087963f23e5d63154ed11e66a8f7b811f7647ee8,0.05,,"{""SE"":11519.396107442439,""engineering_interval"":[481742785.1140351,481788862.6984649],""formal_ci"":false,""interval_kind"":""ENGINEERING_INTERVAL_ONLY"",""point"":481765823.90625,""rare_event_cost_tail"":""UNRESOLVED""}",
9b7172074e0cf2315b476e8ffade7716829fb6bab7562a99a04027db13f38aba,0.05,,"{""SE"":49585389030034.61,""engineering_interval"":[868911902099723.2,1067253458219861.8],""formal_ci"":false,""interval_kind"":""ENGINEERING_INTERVAL_ONLY"",""point"":968082680159792.5,""rare_event_cost_tail"":""UNRESOLVED""}",
9dd3c6bce30ced31980a597b9120a6605cbe0472ecd67ddef5fb8b650ba3547d,0.05,,"{""SE"":384191.99389743904,""engineering_interval"":[211381898.10595512,212918666.08154488],""formal_ci"":false,""interval_kind"":""ENGINEERING_INTERVAL_ONLY"",""point"":212150282.09375,""rare_event_cost_tail"":""UNRESOLVED""}",
9ec97d08a230b48e959eb7f5084fe00655cf97d80ba3307025097d092fd8d4d9,0.05,,"{""SE"":0.0,""engineering_interval"":[288313839.0,288313839.0],""formal_ci"":false,""interval_kind"":""ENGINEERING_INTERVAL_ONLY"",""point"":288313839.0,""rare_event_cost_tail"":""UNRESOLVED""}",
9feb7b75a61651992917ebc41e6b410eb6c6942213237eb566c049cd884377a8,0.05,,"{""SE"":20039111.048377123,""engineering_interval"":[1112712695.9032457,1192869140.0967543],""formal_ci"":false,""interval_kind"":""ENGINEERING_INTERVAL_ONLY"",""point"":1152790918.0,""rare_event_cost_tail"":""UNRESOLVED""}",
a03014aa67c345b474fa067e0caf5c4269989859da6a86507164b363086dcfca,0.05,,"{""SE"":1481768.1876048325,""engineering_interval"":[670970822.1247903,676897894.8752097],""formal_ci"":false,""interval_kind"":""ENGINEERING_INTERVAL_ONLY"",""point"":673934358.5,""rare_event_cost_tail"":""UNRESOLVED""}",
a2c37c26fc5f4a21a4bb9674583bc56f73132c1d5dfb262463ec19e181df38bb,0.05,,"{""SE"":807671.8746002475,""engineering_interval"":[638448432.8757995,641679120.3742005],""formal_ci"":false,""interval_kind"":""ENGINEERING_INTERVAL_ONLY"",""point"":640063776.625,""rare_event_cost_tail"":""UNRESOLVED""}",
a43d281e2598db131cabc67c2aee50467a7fcd6edcca4518a58cdac4d131a627,0.05,,"{""SE"":473238.4813664225,""engineering_interval"":[211205536.97476715,213098490.90023285],""formal_ci"":false,""interval_kind"":""ENGINEERING_INTERVAL_ONLY"",""point"":212152013.9375,""rare_event_cost_tail"":""UNRESOLVED""}",
a53e7172c52b2f55000edf4e85973aea57195bdff363a785c2b6c8a0fb53e766,0.05,,"{""SE"":196750.4470013367,""engineering_interval"":[627043141.1059973,627830142.8940027],""formal_ci"":false,""interval_kind"":""ENGINEERING_INTERVAL_ONLY"",""point"":627436642.0,""rare_event_cost_tail"":""UNRESOLVED""}",
a8a8f1e7a7a7117e8e7a0db4681611ef33caed0070494ee7642d733a4d8a6fc4,0.05,,"{""SE"":395295.34533737815,""engineering_interval"":[687620015.8718252,689201197.2531748],""formal_ci"":false,""interval_kind"":""ENGINEERING_INTERVAL_ONLY"",""point"":688410606.5625,""rare_event_cost_tail"":""UNRESOLVED""}",
a8d1ae8bad611016990b909226cd9268c6ac2aa5c79af8b1f3a6f48ef8be551d,0.05,,"{""SE"":2557484555.978336,""engineering_interval"":[86879812867.23083,97109751091.14417],""formal_ci"":false,""interval_kind"":""ENGINEERING_INTERVAL_ONLY"",""point"":91994781979.1875,""rare_event_cost_tail"":""UNRESOLVED""}",
a9fa20b579829f161d1dd0a7d608b836b116cb48747264c454654fcd80125091,0.05,,"{""SE"":209979.4620452203,""engineering_interval"":[1241911497.4821596,1242751415.3303404],""formal_ci"":false,""interval_kind"":""ENGINEERING_INTERVAL_ONLY"",""point"":1242331456.40625,""rare_event_cost_tail"":""UNRESOLVED""}",
abaae2cba4ce9374ddf005b2f382a1060e424b4e1f82984496886ec436aa85f9,0.05,,"{""SE"":1674621.1398218286,""engineering_interval"":[354045771.93910635,360744256.49839365],""formal_ci"":false,""interval_kind"":""ENGINEERING_INTERVAL_ONLY"",""point"":357395014.21875,""rare_event_cost_tail"":""UNRESOLVED""}",
ada9f8a66321054c0bf9691b433eab48ae4f533ef011ea646f2b10d8aa839416,0.05,,"{""SE"":4676080.1947656805,""engineering_interval"":[821996374.6104686,840700695.3895314],""formal_ci"":false,""interval_kind"":""ENGINEERING_INTERVAL_ONLY"",""point"":831348535.0,""rare_event_cost_tail"":""UNRESOLVED""}",
adee9d7a84a1e663c11c0b21eee2a877b2356b908c74e750b9845ab5ebb2a9d2,0.05,,"{""SE"":480781.0076710597,""engineering_interval"":[633295194.2346579,635218318.2653421],""formal_ci"":false,""interval_kind"":""ENGINEERING_INTERVAL_ONLY"",""point"":634256756.25,""rare_event_cost_tail"":""UNRESOLVED""}",
af18a108ec1bed6872e20655686841d3145e1e8c7a5f4a3f5d1b32a263bf310d,0.05,,"{""SE"":24453.73065998824,""engineering_interval"":[1827982338.13243,1828080153.05507],""formal_ci"":false,""interval_kind"":""ENGINEERING_INTERVAL_ONLY"",""point"":1828031245.59375,""rare_event_cost_tail"":""UNRESOLVED""}",
b074f06c9de6b62333660538b40186ed6be7d5da51716ac97e0db51d2aa02fe3,0.05,,"{""SE"":170119.9101212711,""engineering_interval"":[626879930.6797575,627560410.3202425],""formal_ci"":false,""interval_kind"":""ENGINEERING_INTERVAL_ONLY"",""point"":627220170.5,""rare_event_cost_tail"":""UNRESOLVED""}",
b086253a9c225d6d85c2e3664eb3a7782ff87fe41f088d8f313701181c81affd,0.05,,"{""SE"":202595.47094949082,""engineering_interval"":[1236643173.308101,1237453555.191899],""formal_ci"":false,""interval_kind"":""ENGINEERING_INTERVAL_ONLY"",""point"":1237048364.25,""rare_event_cost_tail"":""UNRESOLVED""}",
b0daff612f84d7a465894886fdd43c9a193cc7b89bf32f087fd00eedc8dc5fcf,0.05,,"{""SE"":30175.015170159797,""engineering_interval"":[1827936592.6259096,1828057292.6865904],""formal_ci"":false,""interval_kind"":""ENGINEERING_INTERVAL_ONLY"",""point"":1827996942.65625,""rare_event_cost_tail"":""UNRESOLVED""}",
b21b40eaacf68ce89dc26ff215b980c60dad8d27487d551bbc4085e379373fa2,0.05,,"{""SE"":4592811.964408526,""engineering_interval"":[504695805.44618297,523067053.30381703],""formal_ci"":false,""interval_kind"":""ENGINEERING_INTERVAL_ONLY"",""point"":513881429.375,""rare_event_cost_tail"":""UNRESOLVED""}",
b2bcf4a11a0c4a580bc5d23ee09257b041105e712d4489fbcc2a7c9dcbb2df12,0.05,,"{""SE"":10084.955892368938,""engineering_interval"":[304906601.9319653,304946941.7555347],""formal_ci"":false,""interval_kind"":""ENGINEERING_INTERVAL_ONLY"",""point"":304926771.84375,""rare_event_cost_tail"":""UNRESOLVED""}",
bb1ef0b3d7fbcc5cae3084f25e03b16e170052bb8a895c0f96f8c8d40851bc0c,0.05,,"{""SE"":33046990.87314325,""engineering_interval"":[1553662842.5662136,1685850806.0587864],""formal_ci"":false,""interval_kind"":""ENGINEERING_INTERVAL_ONLY"",""point"":1619756824.3125,""rare_event_cost_tail"":""UNRESOLVED""}",
bb3274d41dba00cd35559bf3f60afe130e96d55d4105956c36c239fd7164f16d,0.05,,"{""SE"":295990.48748593807,""engineering_interval"":[1790925986.5562782,1792109948.5062218],""formal_ci"":false,""interval_kind"":""ENGINEERING_INTERVAL_ONLY"",""point"":1791517967.53125,""rare_event_cost_tail"":""UNRESOLVED""}",
bc0c4f7cd840b4439a3014f9e5398028d5824ebc5afeffa1830471772bb67ecd,0.05,,"{""SE"":12585300246992.918,""engineering_interval"":[510531280366505.06,560872481354476.7],""formal_ci"":false,""interval_kind"":""ENGINEERING_INTERVAL_ONLY"",""point"":535701880860490.9,""rare_event_cost_tail"":""UNRESOLVED""}",
bf0f920bd28e547b297c0eeaa17d894676a04238308dcdb278de3433cc52f8ef,0.05,,"{""SE"":12898.316775924359,""engineering_interval"":[486159113.05394816,486210706.32105184],""formal_ci"":false,""interval_kind"":""ENGINEERING_INTERVAL_ONLY"",""point"":486184909.6875,""rare_event_cost_tail"":""UNRESOLVED""}",
c0a571a3d3d03d7fe5b14d9e1878f40572e72073aeba8c3db752e484b5df1b6c,0.05,,"{""SE"":45546.904977414684,""engineering_interval"":[1811103566.408795,1811285754.028705],""formal_ci"":false,""interval_kind"":""ENGINEERING_INTERVAL_ONLY"",""point"":1811194660.21875,""rare_event_cost_tail"":""UNRESOLVED""}",
c1ded26f91069ef243491b22c21355e42f3fa20d78730046b90a530faf66e798,0.05,,"{""SE"":4056012832.855015,""engineering_interval"":[85476579498.22748,101700630829.64752],""formal_ci"":false,""interval_kind"":""ENGINEERING_INTERVAL_ONLY"",""point"":93588605163.9375,""rare_event_cost_tail"":""UNRESOLVED""}",
c30ac93e411cfcdcc1e83245c50605b7b566d929f05c979ab6ca8c13c56aa1c4,0.05,,"{""SE"":223798955375.6697,""engineering_interval"":[16431193499356.91,17326389320859.59],""formal_ci"":false,""interval_kind"":""ENGINEERING_INTERVAL_ONLY"",""point"":16878791410108.25,""rare_event_cost_tail"":""UNRESOLVED""}",
c6b6e1622d990b66bd9ffa36353ad422a7eaa149186484001b5ff0d258b88bcc,0.05,,"{""SE"":128783.52108041786,""engineering_interval"":[477558812.1765892,478073946.2609108],""formal_ci"":false,""interval_kind"":""ENGINEERING_INTERVAL_ONLY"",""point"":477816379.21875,""rare_event_cost_tail"":""UNRESOLVED""}",
c72bdad0577d84103eccd94f9c73cf3160cf52b053167e2248a7904889302211,0.05,,"{""SE"":288703539612189.06,""engineering_interval"":[7840003903480781.0,8994818061929537.0],""formal_ci"":false,""interval_kind"":""ENGINEERING_INTERVAL_ONLY"",""point"":8417410982705159.0,""rare_event_cost_tail"":""UNRESOLVED""}",
c904cccb489d0c29a24e8301e097a0dee129239048c2afa55328d8e5be388542,0.05,,"{""SE"":1043986.1166013661,""engineering_interval"":[683636859.0167973,687812803.4832027],""formal_ci"":false,""interval_kind"":""ENGINEERING_INTERVAL_ONLY"",""point"":685724831.25,""rare_event_cost_tail"":""UNRESOLVED""}",
c9b417e6f6571261f810811dc1da992b81b468cc3c83a04cd8227b9aa7769de5,0.05,,"{""SE"":1338753.1500768303,""engineering_interval"":[202212652.38734633,207567664.98765367],""formal_ci"":false,""interval_kind"":""ENGINEERING_INTERVAL_ONLY"",""point"":204890158.6875,""rare_event_cost_tail"":""UNRESOLVED""}",
ca6f63315793fde5bb949bac34cb178743e77289ede3e5933c97319870834050,0.05,,"{""SE"":154689.98463593985,""engineering_interval"":[216548374.56197813,217167134.50052187],""formal_ci"":false,""interval_kind"":""ENGINEERING_INTERVAL_ONLY"",""point"":216857754.53125,""rare_event_cost_tail"":""UNRESOLVED""}",
caad486e79c9bac0e56b96b582f24e7ea86784b1d9dad3f46d5e21a3e0feb7be,0.05,,"{""SE"":417658.7983987632,""engineering_interval"":[333117293.7782025,334787928.9717975],""formal_ci"":false,""interval_kind"":""ENGINEERING_INTERVAL_ONLY"",""point"":333952611.375,""rare_event_cost_tail"":""UNRESOLVED""}",
cb15bc04c13e677de3f7aaae70a957ab795a1032771d26acd12649fbdab2f09c,0.05,,"{""SE"":348048021499.85095,""engineering_interval"":[8023165268154.235,9415357354153.639],""formal_ci"":false,""interval_kind"":""ENGINEERING_INTERVAL_ONLY"",""point"":8719261311153.9375,""rare_event_cost_tail"":""UNRESOLVED""}",
cdca33ea00530ae5e2944d7720f317af54634eb24cbcbf595b80bd90a10e55a4,0.05,,"{""SE"":46251.74879667667,""engineering_interval"":[917234940.8149066,917419947.8100934],""formal_ci"":false,""interval_kind"":""ENGINEERING_INTERVAL_ONLY"",""point"":917327444.3125,""rare_event_cost_tail"":""UNRESOLVED""}",
ce3e8486d7c9c600157fe3e31080da43d78599ff75f562b09f4c8a4902938259,0.05,,"{""SE"":134671.37586750666,""engineering_interval"":[298844259.06076497,299382944.56423503],""formal_ci"":false,""interval_kind"":""ENGINEERING_INTERVAL_ONLY"",""point"":299113601.8125,""rare_event_cost_tail"":""UNRESOLVED""}",
cf45a20fe03fc32e573b12d58667588459ffadf087be9cecdbfedc45042929bf,0.05,,"{""SE"":1508931029922.0964,""engineering_interval"":[47187375244535.96,53223099364224.35],""formal_ci"":false,""interval_kind"":""ENGINEERING_INTERVAL_ONLY"",""point"":50205237304380.16,""rare_event_cost_tail"":""UNRESOLVED""}",
d03676f212e5f3998a2d367c39ba1470928420db37c0c6a346c48c9788e85177,0.05,,"{""SE"":91801.8076282077,""engineering_interval"":[331357929.8847436,331725137.1152564],""formal_ci"":false,""interval_kind"":""ENGINEERING_INTERVAL_ONLY"",""point"":331541533.5,""rare_event_cost_tail"":""UNRESOLVED""}",
d092cdb598d9df416d89170fe8d36a7192e45edb5aabd1f12681d4637ed8910d,0.05,,"{""SE"":343198107715.81476,""engineering_interval"":[11720817884922.871,13093610315786.129],""formal_ci"":false,""interval_kind"":""ENGINEERING_INTERVAL_ONLY"",""point"":12407214100354.5,""rare_event_cost_tail"":""UNRESOLVED""}",
d126eb1b40503ed38a63098cbc47c230436e0a86cd1e56cba4a72957ca3c5c6e,0.05,,"{""SE"":103027.56171412351,""engineering_interval"":[299392987.6578218,299805097.9046782],""formal_ci"":false,""interval_kind"":""ENGINEERING_INTERVAL_ONLY"",""point"":299599042.78125,""rare_event_cost_tail"":""UNRESOLVED""}",
d209869a9ef2a48337c70f37f75b012576caa433500c41d048b315d67b0ae241,0.05,,"{""SE"":118893.27591412055,""engineering_interval"":[477541430.16692173,478017003.27057827],""formal_ci"":false,""interval_kind"":""ENGINEERING_INTERVAL_ONLY"",""point"":477779216.71875,""rare_event_cost_tail"":""UNRESOLVED""}",
d4521b96b99f11a9fe8f4634aab9a868a1d711a3b51650039fc62eda27f0366c,0.05,,"{""SE"":61530.43142030639,""engineering_interval"":[912846229.3246593,913092351.0503407],""formal_ci"":false,""interval_kind"":""ENGINEERING_INTERVAL_ONLY"",""point"":912969290.1875,""rare_event_cost_tail"":""UNRESOLVED""}",
d6554cc93e8dcbf5127d2e36079b2e60ff7f99c66333f1a35a60d29e2c3cb764,0.05,,"{""SE"":1247261.687538943,""engineering_interval"":[353194267.5624221,358183314.3125779],""formal_ci"":false,""interval_kind"":""ENGINEERING_INTERVAL_ONLY"",""point"":355688790.9375,""rare_event_cost_tail"":""UNRESOLVED""}",
d72416fe9386c72201ee531653079b046e19dd601a57ac98452e463e88e05248,0.05,,"{""SE"":1882747.0443383385,""engineering_interval"":[221810190.9113233,229341179.0886767],""formal_ci"":false,""interval_kind"":""ENGINEERING_INTERVAL_ONLY"",""point"":225575685.0,""rare_event_cost_tail"":""UNRESOLVED""}",
d8916e60a140da7ae9c176f80b9904974260b85cc761480be9c008b8f6755bca,0.05,,"{""SE"":96239.06444472243,""engineering_interval"":[207790944.93361056,208175901.19138944],""formal_ci"":false,""interval_kind"":""ENGINEERING_INTERVAL_ONLY"",""point"":207983423.0625,""rare_event_cost_tail"":""UNRESOLVED""}",
d92e4db3997289d26ef352e06e4450c20efdb5c828acf7f9bc167d13fb96bf1e,0.05,,"{""SE"":3231696.9033716987,""engineering_interval"":[419736719.0370066,432663506.6504934],""formal_ci"":false,""interval_kind"":""ENGINEERING_INTERVAL_ONLY"",""point"":426200112.84375,""rare_event_cost_tail"":""UNRESOLVED""}",
d9a62c7bb664ce1eb8dd36302f1ac26080d6a804a48d81c12e788678499e1aed,0.05,,"{""SE"":722121.2106610445,""engineering_interval"":[214720874.07867792,217609358.92132208],""formal_ci"":false,""interval_kind"":""ENGINEERING_INTERVAL_ONLY"",""point"":216165116.5,""rare_event_cost_tail"":""UNRESOLVED""}",
da42ffc9e56d75ed6a85fa3cb86e4967f7bc201cf7b2ac134b4e47a000403a47,0.05,,"{""SE"":18208257961913.023,""engineering_interval"":[370020759917039.5,442853791764691.6],""formal_ci"":false,""interval_kind"":""ENGINEERING_INTERVAL_ONLY"",""point"":406437275840865.56,""rare_event_cost_tail"":""UNRESOLVED""}",
dac0c68eb3c16dbcc0835a34a5d9b831765f9dedd762b6e53039e6da6844bb3c,0.05,,"{""SE"":137265.57042111893,""engineering_interval"":[165037721.54665777,165586783.82834223],""formal_ci"":false,""interval_kind"":""ENGINEERING_INTERVAL_ONLY"",""point"":165312252.6875,""rare_event_cost_tail"":""UNRESOLVED""}",
daf8f64a01a6bef1467d66403425195bb0f6350166e6030c29d2bb9bfdbd3795,0.05,,"{""SE"":10035.859570782703,""engineering_interval"":[917377593.7183584,917417737.1566416],""formal_ci"":false,""interval_kind"":""ENGINEERING_INTERVAL_ONLY"",""point"":917397665.4375,""rare_event_cost_tail"":""UNRESOLVED""}",
dafe1fc3d9cabbcf37c5209ff808b1d18d7caff908bb6fd42cd24d29e03f55b4,0.05,,"{""SE"":172639.22833932517,""engineering_interval"":[909544059.8558214,910234616.7691786],""formal_ci"":false,""interval_kind"":""ENGINEERING_INTERVAL_ONLY"",""point"":909889338.3125,""rare_event_cost_tail"":""UNRESOLVED""}",
db758e4ddf1bb9298002d1cd6745073f43da1a33aa0afcb5c00ff988891adbd8,0.05,,"{""SE"":127334.32288847826,""engineering_interval"":[299338024.7292231,299847362.0207769],""formal_ci"":false,""interval_kind"":""ENGINEERING_INTERVAL_ONLY"",""point"":299592693.375,""rare_event_cost_tail"":""UNRESOLVED""}",
dc81fc6ca334b9050e88cb9492808ded22af54b28e152b3f0104203350f25dde,0.05,,"{""SE"":875705.7315483831,""engineering_interval"":[341738324.31815326,345241147.24434674],""formal_ci"":false,""interval_kind"":""ENGINEERING_INTERVAL_ONLY"",""point"":343489735.78125,""rare_event_cost_tail"":""UNRESOLVED""}",
dd53221831709e1179ac560b750ab4e994c7427e849246ed0098e85c0f34ccfe,0.05,,"{""SE"":217643.52233150377,""engineering_interval"":[1796641955.267837,1797512529.357163],""formal_ci"":false,""interval_kind"":""ENGINEERING_INTERVAL_ONLY"",""point"":1797077242.3125,""rare_event_cost_tail"":""UNRESOLVED""}",
e0d82aecd1a68db4259272a946f1a3de48c9c9777a1843e02ee9634c2e44f727,0.05,,"{""SE"":82331.236987275,""engineering_interval"":[208699345.52602544,209028670.47397456],""formal_ci"":false,""interval_kind"":""ENGINEERING_INTERVAL_ONLY"",""point"":208864008.0,""rare_event_cost_tail"":""UNRESOLVED""}",
e23ad773307fbc4a8f8b24754d457c491ccaeb4c16c1b23289a7b1821f811373,0.05,,"{""SE"":0.0,""engineering_interval"":[1628184040.0,1628184040.0],""formal_ci"":false,""interval_kind"":""ENGINEERING_INTERVAL_ONLY"",""point"":1628184040.0,""rare_event_cost_tail"":""UNRESOLVED""}",
e301d2a1dd4c98d851acc0855c688c17977db1bef75dbbf5ee64da56707ade78,0.05,,"{""SE"":16770749.38740826,""engineering_interval"":[1133735922.4751835,1200818920.0248165],""formal_ci"":false,""interval_kind"":""ENGINEERING_INTERVAL_ONLY"",""point"":1167277421.25,""rare_event_cost_tail"":""UNRESOLVED""}",
e33dc8c98c0ec5d814de213fad448beb39327b2fa0d9ab3cb11e1c97842d52ec,0.05,,"{""SE"":585760.7412763876,""engineering_interval"":[1248582123.0799472,1250925166.0450528],""formal_ci"":false,""interval_kind"":""ENGINEERING_INTERVAL_ONLY"",""point"":1249753644.5625,""rare_event_cost_tail"":""UNRESOLVED""}",
e40346bc9672fad548e88097736b7ebbde8f6e0fd4067f1ac32d199da134b52f,0.05,,"{""SE"":417918.9049693327,""engineering_interval"":[139740944.69006133,141412620.30993867],""formal_ci"":false,""interval_kind"":""ENGINEERING_INTERVAL_ONLY"",""point"":140576782.5,""rare_event_cost_tail"":""UNRESOLVED""}",
e5f5dfeb10d27592d7f6aa4514b976aee460d580a61e9b8f51713210ac01851e,0.05,,"{""SE"":1117373.137856462,""engineering_interval"":[354415813.5367871,358885306.0882129],""formal_ci"":false,""interval_kind"":""ENGINEERING_INTERVAL_ONLY"",""point"":356650559.8125,""rare_event_cost_tail"":""UNRESOLVED""}",
e643f82e31b6fec2bf50d85a1377ebac85822e3c74a272d30015c31615af234d,0.05,,"{""SE"":1952471.3652758284,""engineering_interval"":[695957800.5506984,703767686.0118016],""formal_ci"":false,""interval_kind"":""ENGINEERING_INTERVAL_ONLY"",""point"":699862743.28125,""rare_event_cost_tail"":""UNRESOLVED""}",
e65cdad1c7bc4b357f5e775b4d41fad00b6a30a35596ca5bd6cc3bc145cd25e6,0.05,,"{""SE"":47539.41477849437,""engineering_interval"":[479337404.607943,479527562.267057],""formal_ci"":false,""interval_kind"":""ENGINEERING_INTERVAL_ONLY"",""point"":479432483.4375,""rare_event_cost_tail"":""UNRESOLVED""}",
e66323b52ebc9b603a359a3e7204a59c2b64cfaf7c267a70d822f95bc762d7e0,0.05,,"{""SE"":401466969773.71295,""engineering_interval"":[10178849096439.887,11784716975534.738],""formal_ci"":false,""interval_kind"":""ENGINEERING_INTERVAL_ONLY"",""point"":10981783035987.312,""rare_event_cost_tail"":""UNRESOLVED""}",
e841434c51fa80a0654e08890b2f0ebab855d256f7d77b180d81389ea2a16ff6,0.05,,"{""SE"":12810464287051.445,""engineering_interval"":[686234562845460.4,737476419993666.1],""formal_ci"":false,""interval_kind"":""ENGINEERING_INTERVAL_ONLY"",""point"":711855491419563.2,""rare_event_cost_tail"":""UNRESOLVED""}",
eaa1c049e9af23fd93bda470d29e0e1bba5c574a55c59aa17dd8e85ef2f3cf55,0.05,,"{""SE"":934317.9909032194,""engineering_interval"":[1259377372.2056935,1263114644.1693065],""formal_ci"":false,""interval_kind"":""ENGINEERING_INTERVAL_ONLY"",""point"":1261246008.1875,""rare_event_cost_tail"":""UNRESOLVED""}",
ec7deef660e32ec94e5f8b46148d6c72eecf85f2393ee596279ff7b10359768b,0.05,,"{""SE"":958926.2601504143,""engineering_interval"":[129826036.07344916,133661741.11405084],""formal_ci"":false,""interval_kind"":""ENGINEERING_INTERVAL_ONLY"",""point"":131743888.59375,""rare_event_cost_tail"":""UNRESOLVED""}",
eea3b79549639a1f94af3626c61f8af8f3c21c448b01c89f752dd3a47f1a842d,0.05,,"{""SE"":124725754.65172076,""engineering_interval"":[5154945779.040308,5653848797.647192],""formal_ci"":false,""interval_kind"":""ENGINEERING_INTERVAL_ONLY"",""point"":5404397288.34375,""rare_event_cost_tail"":""UNRESOLVED""}",
ef7c029e36978da610cb160434d92246ec8ce87b1a5ad1c6ed071b96b06b133d,0.05,,"{""SE"":82470646166443.14,""engineering_interval"":[2120866344771538.8,2450748929437311.5],""formal_ci"":false,""interval_kind"":""ENGINEERING_INTERVAL_ONLY"",""point"":2285807637104425.0,""rare_event_cost_tail"":""UNRESOLVED""}",
f001e8b94db94701b9f67815f2a902acd52ac6c2c51f8a39b5f7cf24c4d2f6e3,0.05,,"{""SE"":109851.29546266675,""engineering_interval"":[332917137.03407466,333356542.21592534],""formal_ci"":false,""interval_kind"":""ENGINEERING_INTERVAL_ONLY"",""point"":333136839.625,""rare_event_cost_tail"":""UNRESOLVED""}",
f0d03002cc89c460507fbdc85f422f89530551efbc0355555d73336da55f25c1,0.05,,"{""SE"":895659.1220137036,""engineering_interval"":[682270161.1309726,685852797.6190274],""formal_ci"":false,""interval_kind"":""ENGINEERING_INTERVAL_ONLY"",""point"":684061479.375,""rare_event_cost_tail"":""UNRESOLVED""}",
f12de42481de9b2e8ee5db614a8b7657291f9bf4b19f3cd0c473f9751b716223,0.05,,"{""SE"":1724371.834326107,""engineering_interval"":[200468715.8313478,207366203.1686522],""formal_ci"":false,""interval_kind"":""ENGINEERING_INTERVAL_ONLY"",""point"":203917459.5,""rare_event_cost_tail"":""UNRESOLVED""}",
f376bc777f907474583ffb58d55f107c58b24eaa9827eab8a92d15c2437855f3,0.05,,"{""SE"":2139235109.328191,""engineering_interval"":[95539128053.24986,104096068490.56264],""formal_ci"":false,""interval_kind"":""ENGINEERING_INTERVAL_ONLY"",""point"":99817598271.90625,""rare_event_cost_tail"":""UNRESOLVED""}",
f3be6a53917827b98a55f7fcaf41047e0261f7a1ae0346f24b33318d72606e70,0.05,,"{""SE"":4349191.164267287,""engineering_interval"":[271693776.2964654,289090540.9535346],""formal_ci"":false,""interval_kind"":""ENGINEERING_INTERVAL_ONLY"",""point"":280392158.625,""rare_event_cost_tail"":""UNRESOLVED""}",
f648c9344197ebac77d4f30c40107df9901e9bae0cc2147e36b9ec32a8866ca1,0.05,,"{""SE"":2030929678539.3826,""engineering_interval"":[40320969982514.36,48444688696671.89],""formal_ci"":false,""interval_kind"":""ENGINEERING_INTERVAL_ONLY"",""point"":44382829339593.125,""rare_event_cost_tail"":""UNRESOLVED""}",
f8becb5621f43ad78652b06f507a0c56a7c8ebaa9b6c8cd700211e9fef7204e1,0.05,,"{""SE"":25907.559609637403,""engineering_interval"":[942851674.0057807,942955304.2442193],""formal_ci"":false,""interval_kind"":""ENGINEERING_INTERVAL_ONLY"",""point"":942903489.125,""rare_event_cost_tail"":""UNRESOLVED""}",
f909dd9997848d27541389957c88b7adce7501cabe080b3d063ad205882832b9,0.05,,"{""SE"":411886.90539919387,""engineering_interval"":[209671868.75170162,211319416.37329838],""formal_ci"":false,""interval_kind"":""ENGINEERING_INTERVAL_ONLY"",""point"":210495642.5625,""rare_event_cost_tail"":""UNRESOLVED""}",
fc52f4ae1b4edae4de4611f9aa054f7e0c451c1d20a25418875a6f741227578c,0.05,,"{""SE"":620178.9411160114,""engineering_interval"":[355986199.305268,358466915.069732],""formal_ci"":false,""interval_kind"":""ENGINEERING_INTERVAL_ONLY"",""point"":357226557.1875,""rare_event_cost_tail"":""UNRESOLVED""}",
ff8e17f270d298339d53b9f47b8fc13189a91c30105498e405a642bfe5bf29ec,0.05,,"{""SE"":940780.0103771727,""engineering_interval"":[128893336.63549565,132656456.67700435],""formal_ci"":false,""interval_kind"":""ENGINEERING_INTERVAL_ONLY"",""point"":130774896.65625,""rare_event_cost_tail"":""UNRESOLVED""}",
04b661dd08b1f119f73cf2782aca8f926e71f317568833df6129251a2db7ea4b,0.05,,"{""SE"":0.0,""engineering_interval"":[784187748.0,784187748.0],""formal_ci"":false,""interval_kind"":""ENGINEERING_INTERVAL_ONLY"",""point"":784187748.0,""rare_event_cost_tail"":""UNRESOLVED""}",
18f426d4948abd39c9b98776e107d720f8c7a59d9c0bb80e9c7008699469abe5,0.05,,"{""SE"":0.0,""engineering_interval"":[8352357430.0,8352357430.0],""formal_ci"":false,""interval_kind"":""ENGINEERING_INTERVAL_ONLY"",""point"":8352357430.0,""rare_event_cost_tail"":""UNRESOLVED""}",
b97f23ca18eb5e5caabada94b8f21fcc691e38d2fcd43c29bd684f34a7c11aa0,0.05,,"{""SE"":0.0,""engineering_interval"":[36887034558.0,36887034558.0],""formal_ci"":false,""interval_kind"":""ENGINEERING_INTERVAL_ONLY"",""point"":36887034558.0,""rare_event_cost_tail"":""UNRESOLVED""}",
36ca6ff17f3eafef47b76eb3f5a56d13a8e70a8134cf8f068bce82de4ac2a220,0.05,,"{""SE"":0.0,""engineering_interval"":[95311918986.0,95311918986.0],""formal_ci"":false,""interval_kind"":""ENGINEERING_INTERVAL_ONLY"",""point"":95311918986.0,""rare_event_cost_tail"":""UNRESOLVED""}",
74b125a99f630afd0f2225aec88668f0d9f6d01cbf6cc480cd2f6d093e37e7db,0.05,,"{""SE"":0.0,""engineering_interval"":[229718060.0,229718060.0],""formal_ci"":false,""interval_kind"":""ENGINEERING_INTERVAL_ONLY"",""point"":229718060.0,""rare_event_cost_tail"":""UNRESOLVED""}",
02ef4e1e1194ed57d6ee4835478f8ae9b6db2497c362120d83b2642066f60135,0.05,,"{""SE"":0.0,""engineering_interval"":[698378292.0,698378292.0],""formal_ci"":false,""interval_kind"":""ENGINEERING_INTERVAL_ONLY"",""point"":698378292.0,""rare_event_cost_tail"":""UNRESOLVED""}",
93202a8bb7d8550715487e1fabfc3fd8808523270333be402e72f85db95308e3,0.05,,"{""SE"":0.0,""engineering_interval"":[1580690248.0,1580690248.0],""formal_ci"":false,""interval_kind"":""ENGINEERING_INTERVAL_ONLY"",""point"":1580690248.0,""rare_event_cost_tail"":""UNRESOLVED""}",
4d9eec72de34c12e94e5290f632df6d0157d2ebdcd849434e3d2c4e0bd67e712,0.05,,"{""SE"":0.0,""engineering_interval"":[3259129200.0,3259129200.0],""formal_ci"":false,""interval_kind"":""ENGINEERING_INTERVAL_ONLY"",""point"":3259129200.0,""rare_event_cost_tail"":""UNRESOLVED""}",
215212e37d35f0277d90e0dfb354ff27c6334677ddc57b31f4e702fb709a928b,0.05,,"{""SE"":714495.1211746212,""engineering_interval"":[110324804.19515076,113182784.67984924],""formal_ci"":false,""interval_kind"":""ENGINEERING_INTERVAL_ONLY"",""point"":111753794.4375,""rare_event_cost_tail"":""UNRESOLVED""}",
1e063a21340c2fb397fe431779fa0bb1d2fba619b736361014296303c8f0e3e9,0.05,,"{""SE"":1124290.264101313,""engineering_interval"":[109904924.47179738,114402085.52820262],""formal_ci"":false,""interval_kind"":""ENGINEERING_INTERVAL_ONLY"",""point"":112153505.0,""rare_event_cost_tail"":""UNRESOLVED""}",
d9ae4b8645a032031fc003c9e7268010e6a5c5734c6da898043c748bd900aa64,0.05,,"{""SE"":0.0,""engineering_interval"":[190676910.0,190676910.0],""formal_ci"":false,""interval_kind"":""ENGINEERING_INTERVAL_ONLY"",""point"":190676910.0,""rare_event_cost_tail"":""UNRESOLVED""}",
9a24146ac2b7dfd129fa7d49aa2d50772fc647424d2ab958638482cfac139529,0.05,,"{""SE"":0.0,""engineering_interval"":[318175080.0,318175080.0],""formal_ci"":false,""interval_kind"":""ENGINEERING_INTERVAL_ONLY"",""point"":318175080.0,""rare_event_cost_tail"":""UNRESOLVED""}",
a090ea4c0aa58921cf4904fed6f6f74fac8d2e12f031736c8c94aa80754f295b,0.05,,"{""SE"":13718013.02400193,""engineering_interval"":[1042016052.1394961,1096888104.235504],""formal_ci"":false,""interval_kind"":""ENGINEERING_INTERVAL_ONLY"",""point"":1069452078.1875,""rare_event_cost_tail"":""UNRESOLVED""}",
04fd01953da32388ffe89213935b02c8e125b7c4ab80f6528f3cc8f10c7bb2a8,0.01,,"{""SE"":59938380.113201514,""engineering_interval"":[33599919743.679848,33839673264.132652],""formal_ci"":false,""interval_kind"":""ENGINEERING_INTERVAL_ONLY"",""point"":33719796503.90625,""rare_event_cost_tail"":""UNRESOLVED""}",
0548a5163294a93cee044683d08a1f82b524398dbf8cb65e87d6286fbce93a76,0.01,,"{""SE"":33400240.904094025,""engineering_interval"":[32529077442.56681,32662678406.18319],""formal_ci"":false,""interval_kind"":""ENGINEERING_INTERVAL_ONLY"",""point"":32595877924.375,""rare_event_cost_tail"":""UNRESOLVED""}",
05bb75401d4a800d8ed5745ffeeae23dba1e9d0eb30f93bbe2e87906c24027db,0.01,,"{""SE"":370841679676011.44,""engineering_interval"":[6925216357752153.0,8408583076456199.0],""formal_ci"":false,""interval_kind"":""ENGINEERING_INTERVAL_ONLY"",""point"":7666899717104176.0,""rare_event_cost_tail"":""UNRESOLVED""}",
0dd5e9256d7a6fd9db7bc2486c672e3ca5f32e0b0e6d4d421d0644d05d18321f,0.01,,"{""SE"":5126096.302962616,""engineering_interval"":[24113230371.581573,24133734756.793427],""formal_ci"":false,""interval_kind"":""ENGINEERING_INTERVAL_ONLY"",""point"":24123482564.1875,""rare_event_cost_tail"":""UNRESOLVED""}",
0fd820307c65baac590d8af8dae0ea1d47507380ab8c0a53c0cbb24caedf3020,0.01,,"{""SE"":26918069.05458471,""engineering_interval"":[16960769337.672081,17068441613.890419],""formal_ci"":false,""interval_kind"":""ENGINEERING_INTERVAL_ONLY"",""point"":17014605475.78125,""rare_event_cost_tail"":""UNRESOLVED""}",
10ba41c319067ed3b5c78b86e2b0f1cdea3ff6207fa8940511de2a6aa100f4bc,0.01,,"{""SE"":7250530.853785875,""engineering_interval"":[31342190028.042427,31371192151.457573],""formal_ci"":false,""interval_kind"":""ENGINEERING_INTERVAL_ONLY"",""point"":31356691089.75,""rare_event_cost_tail"":""UNRESOLVED""}",
1163c4136d3d573a3aa05c5471b91190fa3ed3ae43b3340113c1d426a0947559,0.01,,"{""SE"":86195889.29422197,""engineering_interval"":[18758589749.442806,19103373306.619694],""formal_ci"":false,""interval_kind"":""ENGINEERING_INTERVAL_ONLY"",""point"":18930981528.03125,""rare_event_cost_tail"":""UNRESOLVED""}",
11f3f418f74a8e5ee0d2ab5ed19c53183a6293a7b00fa6bb24bc630276001037,0.01,,"{""SE"":81505115845.59253,""engineering_interval"":[2801459342121.94,3127479805504.31],""formal_ci"":false,""interval_kind"":""ENGINEERING_INTERVAL_ONLY"",""point"":2964469573813.125,""rare_event_cost_tail"":""UNRESOLVED""}",
127236c66fd1401664dfc9aa26f9ae80b813a1c7a5b23c089cb3e68c3a7dbffc,0.01,,"{""SE"":33026825.12597595,""engineering_interval"":[6396295912.279298,6528403212.783202],""formal_ci"":false,""interval_kind"":""ENGINEERING_INTERVAL_ONLY"",""point"":6462349562.53125,""rare_event_cost_tail"":""UNRESOLVED""}",
1348cf85115c90d38103b1942cca71ee6016a96d26d693e03d9338694b91166f,0.01,,"{""SE"":0.0,""engineering_interval"":[23192251938.0,23192251938.0],""formal_ci"":false,""interval_kind"":""ENGINEERING_INTERVAL_ONLY"",""point"":23192251938.0,""rare_event_cost_tail"":""UNRESOLVED""}",
1356043563d33720e953579d1d84d52976b8ff4f57adb3c38683dbc098907c74,0.01,,"{""SE"":6144879.604052501,""engineering_interval"":[11031326517.541895,11055906035.958105],""formal_ci"":false,""interval_kind"":""ENGINEERING_INTERVAL_ONLY"",""point"":11043616276.75,""rare_event_cost_tail"":""UNRESOLVED""}",
1735ee7fd8f28aede0340a5a3897d22eab93a1e35108d5ad1de28515f05f8837,0.01,,"{""SE"":26567546.11047471,""engineering_interval"":[11381911687.02905,11488181871.47095],""formal_ci"":false,""interval_kind"":""ENGINEERING_INTERVAL_ONLY"",""point"":11435046779.25,""rare_event_cost_tail"":""UNRESOLVED""}",
17fc1f89f61619edf9479d925a0e65cca1229d5abf131cf55f0d41ca85160129,0.01,,"{""SE"":1345389566080927.8,""engineering_interval"":[2.6873795523230536e+16,3.225535378755425e+16],""formal_ci"":false,""interval_kind"":""ENGINEERING_INTERVAL_ONLY"",""point"":2.956457465539239e+16,""rare_event_cost_tail"":""UNRESOLVED""}",
1d58488d677e17777853175aa1c66c47f88cc47cd8d218fe21fde300ecd9d0cc,0.01,,"{""SE"":3864098.897596787,""engineering_interval"":[16702224725.423557,16717681121.013943],""formal_ci"":false,""interval_kind"":""ENGINEERING_INTERVAL_ONLY"",""point"":16709952923.21875,""rare_event_cost_tail"":""UNRESOLVED""}",
1ded7d34bc1818a5b6d5e3553bfe7f5f056f86539650bfe58cdc0ed0ad379ca9,0.01,,"{""SE"":3956560.6034365403,""engineering_interval"":[10988413835.449377,11004240077.863123],""formal_ci"":false,""interval_kind"":""ENGINEERING_INTERVAL_ONLY"",""point"":10996326956.65625,""rare_event_cost_tail"":""UNRESOLVED""}",
1f181876c150c7bae32c4eace35ae31ab6dad4ba5d329a0171975eaca0cf4ce5,0.01,,"{""SE"":5009646.074717724,""engineering_interval"":[10989618585.569315,11009657169.868185],""formal_ci"":false,""interval_kind"":""ENGINEERING_INTERVAL_ONLY"",""point"":10999637877.71875,""rare_event_cost_tail"":""UNRESOLVED""}",
1f47cf083aa52bf62847b99e9d1b45cd2ec87e9989523f46bfe28bbce8178375,0.01,,"{""SE"":4954014.344980499,""engineering_interval"":[7202826651.247539,7222642708.627461],""formal_ci"":false,""interval_kind"":""ENGINEERING_INTERVAL_ONLY"",""point"":7212734679.9375,""rare_event_cost_tail"":""UNRESOLVED""}",
1f755b938934c6efc8d31d21444c585ca0fbf1c1ee9b426adf55f08ea9061d22,0.01,,"{""SE"":2.8264198202888547e+17,""engineering_interval"":[4.1020139016050534e+18,5.232581829720595e+18],""formal_ci"":false,""interval_kind"":""ENGINEERING_INTERVAL_ONLY"",""point"":4.667297865662824e+18,""rare_event_cost_tail"":""UNRESOLVED""}",
2072b954a9b8750bd6b8b860ac8d845a97acef1ca15b30d23b220eba55476d3a,0.01,,"{""SE"":62483380.61946806,""engineering_interval"":[33657054230.136063,33906987752.613937],""formal_ci"":false,""interval_kind"":""ENGINEERING_INTERVAL_ONLY"",""point"":33782020991.375,""rare_event_cost_tail"":""UNRESOLVED""}",
20b11fae9be7109e97b53be41cc58aad912a4f9ecd1ae30435905c63fc6e5d93,0.01,,"{""SE"":4171245.199427794,""engineering_interval"":[16699347790.819895,16716032771.617605],""formal_ci"":false,""interval_kind"":""ENGINEERING_INTERVAL_ONLY"",""point"":16707690281.21875,""rare_event_cost_tail"":""UNRESOLVED""}",
23f5559418d8689bd80e95d87ea290b2f76ee48728bdda7a12cd18a8d529c8d0,0.01,,"{""SE"":0.0,""engineering_interval"":[56744113788.0,56744113788.0],""formal_ci"":false,""interval_kind"":""ENGINEERING_INTERVAL_ONLY"",""point"":56744113788.0,""rare_event_cost_tail"":""UNRESOLVED""}",
2a25ec7dde94e71f05514143db7e8d8376837e58686e99f4acf800e0a3f34b76,0.01,,"{""SE"":63465776.174281016,""engineering_interval"":[9824761928.401438,10078625033.098562],""formal_ci"":false,""interval_kind"":""ENGINEERING_INTERVAL_ONLY"",""point"":9951693480.75,""rare_event_cost_tail"":""UNRESOLVED""}",
2b5dab0ff9f2e50e8ca8641bc0074353f2e28f69d056c23d63fceb753782a158,0.01,,"{""SE"":167051272.80780295,""engineering_interval"":[25613980398.853146,26282185490.084354],""formal_ci"":false,""interval_kind"":""ENGINEERING_INTERVAL_ONLY"",""point"":25948082944.46875,""rare_event_cost_tail"":""UNRESOLVED""}",
2caa6473e54141eda42d4324121850162754ffc43f8af467d07f84dbf97c01c3,0.01,,"{""SE"":456350208205515.56,""engineering_interval"":[1.8095543104239016e+16,1.992094393706108e+16],""formal_ci"":false,""interval_kind"":""ENGINEERING_INTERVAL_ONLY"",""point"":1.900824352065005e+16,""rare_event_cost_tail"":""UNRESOLVED""}",
2dfb7c8f663ea3b1458b4988c4e483f829644b4ca79032b3e602a1be6d3de8f3,0.01,,"{""SE"":1.2530244663640168e+16,""engineering_interval"":[2.710121716366137e+17,3.2113315029117434e+17],""formal_ci"":false,""interval_kind"":""ENGINEERING_INTERVAL_ONLY"",""point"":2.96072660963894e+17,""rare_event_cost_tail"":""UNRESOLVED""}",
2dfe69ffa6dcdb300b6803666fec70973e749380595b152f39ff0c8a19413789,0.01,,"{""SE"":41243881.27088299,""engineering_interval"":[17850270446.208233,18015245971.291767],""formal_ci"":false,""interval_kind"":""ENGINEERING_INTERVAL_ONLY"",""point"":17932758208.75,""rare_event_cost_tail"":""UNRESOLVED""}",
2e505e1c84c0033fde8c92ead4b49dc0269cebda2a0d00c7865b02c45b2ca80f,0.01,,"{""SE"":18651648.10379302,""engineering_interval"":[6614661967.011164,6689268559.426336],""formal_ci"":false,""interval_kind"":""ENGINEERING_INTERVAL_ONLY"",""point"":6651965263.21875,""rare_event_cost_tail"":""UNRESOLVED""}",
30417cbeec0ce17eaa6d0e3cb89213b52cb65cb6c654cc0a1a427471d2c0cebd,0.01,,"{""SE"":2784257753.430625,""engineering_interval"":[156914455363.13876,168051486376.86124],""formal_ci"":false,""interval_kind"":""ENGINEERING_INTERVAL_ONLY"",""point"":162482970870.0,""rare_event_cost_tail"":""UNRESOLVED""}",
311c4b79fd41796b21aee085729f34aafe4f4fbdee2fcc6bf5ac5da93caf9e63,0.01,,"{""SE"":1043540696187217.5,""engineering_interval"":[3.12267501431779e+16,3.5400912927926772e+16],""formal_ci"":false,""interval_kind"":""ENGINEERING_INTERVAL_ONLY"",""point"":3.3313831535552336e+16,""rare_event_cost_tail"":""UNRESOLVED""}",
320658683d49757b27e02857d72c812104b84a10d2e28161114e0e3882eba643,0.01,,"{""SE"":33385786.45812831,""engineering_interval"":[31954580168.646244,32088123314.478756],""formal_ci"":false,""interval_kind"":""ENGINEERING_INTERVAL_ONLY"",""point"":32021351741.5625,""rare_event_cost_tail"":""UNRESOLVED""}",
3276bc2d6835f558e94f5062a78717aa12bb7c658550fe367a0cbf1ecf8f1ae2,0.01,,"{""SE"":5654243.7359744655,""engineering_interval"":[24047399146.52805,24070016121.47195],""formal_ci"":false,""interval_kind"":""ENGINEERING_INTERVAL_ONLY"",""point"":24058707634.0,""rare_event_cost_tail"":""UNRESOLVED""}",
34e6daf1cb314e655e990b32fb3212f6757d0b360aca598559f347e88dfeb98e,0.01,,"{""SE"":1969150.0503297877,""engineering_interval"":[24199673339.08684,24207549939.28816],""formal_ci"":false,""interval_kind"":""ENGINEERING_INTERVAL_ONLY"",""point"":24203611639.1875,""rare_event_cost_tail"":""UNRESOLVED""}",
3530339c1ee3aa2f5c67e8aceacb0a09d380592fdf988c088780ea903726437f,0.01,,"{""SE"":440574368783133.0,""engineering_interval"":[1.2510416723345134e+16,1.4272714198477666e+16],""formal_ci"":false,""interval_kind"":""ENGINEERING_INTERVAL_ONLY"",""point"":1.33915654609114e+16,""rare_event_cost_tail"":""UNRESOLVED""}",
35c7b343b6d07ad42fe08258526dec3c2e0612b2a051c5dd24cbfd503878aabe,0.01,,"{""SE"":942049547.0131364,""engineering_interval"":[40898171118.661224,44666369306.713776],""formal_ci"":false,""interval_kind"":""ENGINEERING_INTERVAL_ONLY"",""point"":42782270212.6875,""rare_event_cost_tail"":""UNRESOLVED""}",
38363bd96a7369aa4c98340f85e43aa05fafad310deb0f8fc441050a6a7db96d,0.01,,"{""SE"":63916463958.04759,""engineering_interval"":[3206932720289.9985,3462598576122.189],""formal_ci"":false,""interval_kind"":""ENGINEERING_INTERVAL_ONLY"",""point"":3334765648206.0938,""rare_event_cost_tail"":""UNRESOLVED""}",
41297e3c4eaa8a92d3f960610688e26c3bcb721f3b26189125dd7e3b8f44dea8,0.01,,"{""SE"":0.0,""engineering_interval"":[30044820884.0,30044820884.0],""formal_ci"":false,""interval_kind"":""ENGINEERING_INTERVAL_ONLY"",""point"":30044820884.0,""rare_event_cost_tail"":""UNRESOLVED""}",
42361a3deedfb54efcacccec0946bdd0e888c4f8009b27d4df078a313288bf27,0.01,,"{""SE"":9419155.229802541,""engineering_interval"":[16792132607.727896,16829809228.647104],""formal_ci"":false,""interval_kind"":""ENGINEERING_INTERVAL_ONLY"",""point"":16810970918.1875,""rare_event_cost_tail"":""UNRESOLVED""}",
43111e149ded1dba5eda31791bf072fad9b43602b75e5ada11188936fc50ff79,0.01,,"{""SE"":147987064.36875132,""engineering_interval"":[8784751317.637497,9376699575.112503],""formal_ci"":false,""interval_kind"":""ENGINEERING_INTERVAL_ONLY"",""point"":9080725446.375,""rare_event_cost_tail"":""UNRESOLVED""}",
432f72f136fb44eb45f8a1464decd8866f1035c4d24c18879bfbdb4eb9a32a0b,0.01,,"{""SE"":16537135.136782506,""engineering_interval"":[6620776035.695185,6686924576.242315],""formal_ci"":false,""interval_kind"":""ENGINEERING_INTERVAL_ONLY"",""point"":6653850305.96875,""rare_event_cost_tail"":""UNRESOLVED""}",
433c98a6ae7710c1fcde57d98496c1be7b69c9799cf284964e485277bdb84d00,0.01,,"{""SE"":867282.3479453553,""engineering_interval"":[47196047978.67911,47199517108.07089],""formal_ci"":false,""interval_kind"":""ENGINEERING_INTERVAL_ONLY"",""point"":47197782543.375,""rare_event_cost_tail"":""UNRESOLVED""}",
4344e3cc40ba8373dd6d92dcee63b0fbe09cc79c4f74f6698c3ab2506f5b5fe6,0.01,,"{""SE"":149980616.20054153,""engineering_interval"":[13311701444.723917,13911623909.526083],""formal_ci"":false,""interval_kind"":""ENGINEERING_INTERVAL_ONLY"",""point"":13611662677.125,""rare_event_cost_tail"":""UNRESOLVED""}",
458f6f6cc62a3291793c82518d7b8d99b6b4a7e470c248501d25b7f4122a900e,0.01,,"{""SE"":46689605.59438598,""engineering_interval"":[17788598580.43623,17975357002.81377],""formal_ci"":false,""interval_kind"":""ENGINEERING_INTERVAL_ONLY"",""point"":17881977791.625,""rare_event_cost_tail"":""UNRESOLVED""}",
45c818f0164c7a78e47c2bb417235234f21bc83f5e4c9ba38c23812fce104ea4,0.01,,"{""SE"":4293159773.0100555,""engineering_interval"":[165608342055.44864,182780981147.48886],""formal_ci"":false,""interval_kind"":""ENGINEERING_INTERVAL_ONLY"",""point"":174194661601.46875,""rare_event_cost_tail"":""UNRESOLVED""}",
46485c79c46c15175af5a5a1e8d49826f60359668bd8282cfea164c4d3d74710,0.01,,"{""SE"":41330794.68484902,""engineering_interval"":[32561437381.880302,32726760560.619698],""formal_ci"":false,""interval_kind"":""ENGINEERING_INTERVAL_ONLY"",""point"":32644098971.25,""rare_event_cost_tail"":""UNRESOLVED""}",
48e4aadcc19eb9135024b910a5b8f77269ad837985dd5fc71f392228c3413ad0,0.01,,"{""SE"":724937574.6391706,""engineering_interval"":[38488505733.03416,41388256031.59084],""formal_ci"":false,""interval_kind"":""ENGINEERING_INTERVAL_ONLY"",""point"":39938380882.3125,""rare_event_cost_tail"":""UNRESOLVED""}",
4b34b204f05636c1581487aa5e329f94bbc3806415a04ee8345a3b2d26e74db9,0.01,,"{""SE"":2838219.427187025,""engineering_interval"":[45686436048.64562,45697788926.35438],""formal_ci"":false,""interval_kind"":""ENGINEERING_INTERVAL_ONLY"",""point"":45692112487.5,""rare_event_cost_tail"":""UNRESOLVED""}",
4c0e41a091c151a93aebfd45c5ff805c351f4e187c638864c4fbd4ec7853a915,0.01,,"{""SE"":3697170.398016625,""engineering_interval"":[45683168392.266464,45697957073.858536],""formal_ci"":false,""interval_kind"":""ENGINEERING_INTERVAL_ONLY"",""point"":45690562733.0625,""rare_event_cost_tail"":""UNRESOLVED""}",
4f548d39532e640d0dc5bb2385e0f30191e18a957429b3be087fb6e6f584a941,0.01,,"{""SE"":470719.8858858103,""engineering_interval"":[24548179700.60323,24550062580.14677],""formal_ci"":false,""interval_kind"":""ENGINEERING_INTERVAL_ONLY"",""point"":24549121140.375,""rare_event_cost_tail"":""UNRESOLVED""}",
5162239684a3433e4d03200707a0ddbf67e1e7c5c4bb3aa516d93e789f5a2dc9,0.01,,"{""SE"":3227087609.63625,""engineering_interval"":[160105160067.165,173013510505.71],""formal_ci"":false,""interval_kind"":""ENGINEERING_INTERVAL_ONLY"",""point"":166559335286.4375,""rare_event_cost_tail"":""UNRESOLVED""}",
519fbed1bdb2abfe84139f5afb66613c8cd395593ad7540e74d5bd9af94c09ea,0.01,,"{""SE"":500752696.7747393,""engineering_interval"":[34155869705.45052,36158880492.54948],""formal_ci"":false,""interval_kind"":""ENGINEERING_INTERVAL_ONLY"",""point"":35157375099.0,""rare_event_cost_tail"":""UNRESOLVED""}",
51d527be43673608b0ba3347a6ccdd5f1336703fb370972865ca3a5ead959ea3,0.01,,"{""SE"":9586356987448.934,""engineering_interval"":[250971584620174.94,289317012569970.7],""formal_ci"":false,""interval_kind"":""ENGINEERING_INTERVAL_ONLY"",""point"":270144298595072.8,""rare_event_cost_tail"":""UNRESOLVED""}",
521508d82e8b1711110e0efa3bb5d8888d5a4f06e52a8ce7c4a0f93b2c6889d8,0.01,,"{""SE"":15450198.331012802,""engineering_interval"":[31674820927.400475,31736621720.724525],""formal_ci"":false,""interval_kind"":""ENGINEERING_INTERVAL_ONLY"",""point"":31705721324.0625,""rare_event_cost_tail"":""UNRESOLVED""}",
54425881a560c7306c36a12eb3cfe0944e179ad9f295929d1829997a7ec05b70,0.01,,"{""SE"":64566501519.384155,""engineering_interval"":[3051011040960.6377,3309277047038.175],""formal_ci"":false,""interval_kind"":""ENGINEERING_INTERVAL_ONLY"",""point"":3180144043999.4062,""rare_event_cost_tail"":""UNRESOLVED""}",
58389a3d07fa30f8584c1c9deb491b34af2e9475c08e53bf2d93f3e553d1b2ed,0.01,,"{""SE"":95863681.5497906,""engineering_interval"":[11090512190.49417,11473966916.69333],""formal_ci"":false,""interval_kind"":""ENGINEERING_INTERVAL_ONLY"",""point"":11282239553.59375,""rare_event_cost_tail"":""UNRESOLVED""}",
58dea35b859b0db7caa7df00896671005c61138e847205ea8c22a6f199306a59,0.01,,"{""SE"":107956832.96532746,""engineering_interval"":[20897372468.819344,21329199800.680656],""formal_ci"":false,""interval_kind"":""ENGINEERING_INTERVAL_ONLY"",""point"":21113286134.75,""rare_event_cost_tail"":""UNRESOLVED""}",
5c4171e81f2227f7d72310ef5885733a1466fac57dce14e213cdc21c8a8acc54,0.01,,"{""SE"":14712755.15370569,""engineering_interval"":[11180299862.348839,11239150882.963661],""formal_ci"":false,""interval_kind"":""ENGINEERING_INTERVAL_ONLY"",""point"":11209725372.65625,""rare_event_cost_tail"":""UNRESOLVED""}",
5dcbd33f279fa88617301114d22fa0d8fd626cc85645a902a634e8ae5afcbe36,0.01,,"{""SE"":812553.4644272486,""engineering_interval"":[16480967935.227396,16484218149.085104],""formal_ci"":false,""interval_kind"":""ENGINEERING_INTERVAL_ONLY"",""point"":16482593042.15625,""rare_event_cost_tail"":""UNRESOLVED""}",
5faa42f0cdb8133f4c12efd6e98588bf48efa9c397750ed4474f44ee6417e8ed,0.01,,"{""SE"":2571534635496.259,""engineering_interval"":[65784060626081.484,76070199168066.52],""formal_ci"":false,""interval_kind"":""ENGINEERING_INTERVAL_ONLY"",""point"":70927129897074.0,""rare_event_cost_tail"":""UNRESOLVED""}",
6100bc0d97e038cf36a1745b212130fff012367b9ef409a587dc5d8a4ce94593,0.01,,"{""SE"":607583.7303536573,""engineering_interval"":[24998726289.28929,25001156624.21071],""formal_ci"":false,""interval_kind"":""ENGINEERING_INTERVAL_ONLY"",""point"":24999941456.75,""rare_event_cost_tail"":""UNRESOLVED""}",
62d5fe4a325e1641b8f8033033a22d726f1feedffba03f650389ef26b81ce7ab,0.01,,"{""SE"":0.0,""engineering_interval"":[43776883348.0,43776883348.0],""formal_ci"":false,""interval_kind"":""ENGINEERING_INTERVAL_ONLY"",""point"":43776883348.0,""rare_event_cost_tail"":""UNRESOLVED""}",
66558e0cb333e7d41a33d7e61bc9a6e433df0e6cda3946a9c8a9d4cba9163860,0.01,,"{""SE"":5948295.074305169,""engineering_interval"":[9781136178.070139,9804929358.367361],""formal_ci"":false,""interval_kind"":""ENGINEERING_INTERVAL_ONLY"",""point"":9793032768.21875,""rare_event_cost_tail"":""UNRESOLVED""}",
674d3082b53a74bc118e4cf1f9471aa25d76dcf97802cf6624ac631ac723b552,0.01,,"{""SE"":8364960.458386583,""engineering_interval"":[9775971647.395727,9809431489.229273],""formal_ci"":false,""interval_kind"":""ENGINEERING_INTERVAL_ONLY"",""point"":9792701568.3125,""rare_event_cost_tail"":""UNRESOLVED""}",
6817aeb8429ff98787c96a9b618d57108ca5d525f5c9d21a3a0bf646e0b95226,0.01,,"{""SE"":72598528.19638568,""engineering_interval"":[9913556277.60723,10203950390.39277],""formal_ci"":false,""interval_kind"":""ENGINEERING_INTERVAL_ONLY"",""point"":10058753334.0,""rare_event_cost_tail"":""UNRESOLVED""}",
6981e2d0884098159c77cee4c7868e6b81fd65141cf90e1e7ee9198a868ba714,0.01,,"{""SE"":5769986.832129577,""engineering_interval"":[45534984791.21074,45558064738.53926],""formal_ci"":false,""interval_kind"":""ENGINEERING_INTERVAL_ONLY"",""point"":45546524764.875,""rare_event_cost_tail"":""UNRESOLVED""}",
6a8710a6d8c25f7ab6cbc86318d12688ddaba5f7b0071421e47f0fa7beff11b2,0.01,,"{""SE"":750865495960450.6,""engineering_interval"":[1.5811532119081554e+16,1.8814994102923356e+16],""formal_ci"":false,""interval_kind"":""ENGINEERING_INTERVAL_ONLY"",""point"":1.7313263111002456e+16,""rare_event_cost_tail"":""UNRESOLVED""}",
6aa509612424a195747e286c9eea21bfa4f8f1cafe5d119deccbcd0211457218,0.01,,"{""SE"":709117257.4273005,""engineering_interval"":[41598368597.5204,44434837627.2296],""formal_ci"":false,""interval_kind"":""ENGINEERING_INTERVAL_ONLY"",""point"":43016603112.375,""rare_event_cost_tail"":""UNRESOLVED""}",
6aceea2aa4c3afa8f6beeb6bfc151cc5ab465130549f38044715e9c4e053f7c8,0.01,,"{""SE"":5446178.418428196,""engineering_interval"":[31486025268.413143,31507809982.086857],""formal_ci"":false,""interval_kind"":""ENGINEERING_INTERVAL_ONLY"",""point"":31496917625.25,""rare_event_cost_tail"":""UNRESOLVED""}",
6bda16d8c99d6d60249b9741acc5f6baf82ae5a9484562398293c88e6fe86176,0.01,,"{""SE"":19841225.57684773,""engineering_interval"":[17183763250.815056,17263128153.122444],""formal_ci"":false,""interval_kind"":""ENGINEERING_INTERVAL_ONLY"",""point"":17223445701.96875,""rare_event_cost_tail"":""UNRESOLVED""}",
6d94925db9107eb619526d6987146a036344e8fb9af2ffd5c6dfe57fa2f8c48c,0.01,,"{""SE"":0.0,""engineering_interval"":[19794510378.0,19794510378.0],""formal_ci"":false,""interval_kind"":""ENGINEERING_INTERVAL_ONLY"",""point"":19794510378.0,""rare_event_cost_tail"":""UNRESOLVED""}",
706dcf93f5323b57899110e5205eef5a821184af75ad4813f59ca8b6ded56c0b,0.01,,"{""SE"":86026925.0017529,""engineering_interval"":[7310748237.683994,7654855937.691006],""formal_ci"":false,""interval_kind"":""ENGINEERING_INTERVAL_ONLY"",""point"":7482802087.6875,""rare_event_cost_tail"":""UNRESOLVED""}",
750af879952bd78b9e5d39c5a9645d8e85a43cc36c8bb93162d6269f9feb618b,0.01,,"{""SE"":6.623774184572288e+16,""engineering_interval"":[1.1765086692961582e+18,1.4414596366790497e+18],""formal_ci"":false,""interval_kind"":""ENGINEERING_INTERVAL_ONLY"",""point"":1.308984152987604e+18,""rare_event_cost_tail"":""UNRESOLVED""}",
76120a039be5c0ef133f62c4c00ae3bcacb45f35c6962803e8ead5593b48ddfe,0.01,,"{""SE"":475202.2846886635,""engineering_interval"":[16186598318.461872,16188499127.600628],""formal_ci"":false,""interval_kind"":""ENGINEERING_INTERVAL_ONLY"",""point"":16187548723.03125,""rare_event_cost_tail"":""UNRESOLVED""}",
786e73a44ae1d4387a2103e393853c0babd7ccf005b684dcffbad98b369d0ef4,0.01,,"{""SE"":4510126809.768539,""engineering_interval"":[137532081815.11917,155572589054.19333],""formal_ci"":false,""interval_kind"":""ENGINEERING_INTERVAL_ONLY"",""point"":146552335434.65625,""rare_event_cost_tail"":""UNRESOLVED""}",
7a2b2e2783901f3ece32404e620ca80f834c73d70274c4f5ca697fca3d1d2f6e,0.01,,"{""SE"":225434326239674.06,""engineering_interval"":[5692652538980574.0,6594389843939270.0],""formal_ci"":false,""interval_kind"":""ENGINEERING_INTERVAL_ONLY"",""point"":6143521191459922.0,""rare_event_cost_tail"":""UNRESOLVED""}",
7ab2b562151371e73e5083036b36b8cfa984caaf92464eecc3d6249c14a35e7b,0.01,,"{""SE"":707316.5272913036,""engineering_interval"":[16480358669.695417,16483187935.804583],""formal_ci"":false,""interval_kind"":""ENGINEERING_INTERVAL_ONLY"",""point"":16481773302.75,""rare_event_cost_tail"":""UNRESOLVED""}",
7d1a5e9859531c532ba4dc06e9e100fdb47fa35540ad1b0fad14966a094463d0,0.01,,"{""SE"":34440058.76338806,""engineering_interval"":[17236462864.129475,17374223099.183025],""formal_ci"":false,""interval_kind"":""ENGINEERING_INTERVAL_ONLY"",""point"":17305342981.65625,""rare_event_cost_tail"":""UNRESOLVED""}",
7d88f7949f5aa180b73832ccdf24cb7eeb836abeb5f418ec84c5a6131fa5121a,0.01,,"{""SE"":186442487.90226072,""engineering_interval"":[25689378642.16423,26435148593.77327],""formal_ci"":false,""interval_kind"":""ENGINEERING_INTERVAL_ONLY"",""point"":26062263617.96875,""rare_event_cost_tail"":""UNRESOLVED""}",
7e9dba91042dcc748c473162c58cb42da4ae30d1b10a5fe9740185eebcdd77bc,0.01,,"{""SE"":6144638.407933514,""engineering_interval"":[24047196080.55913,24071774634.19087],""formal_ci"":false,""interval_kind"":""ENGINEERING_INTERVAL_ONLY"",""point"":24059485357.375,""rare_event_cost_tail"":""UNRESOLVED""}",
8243ce07aed765f0bfda156e2b336a03b289d98758c63ca5ae69fb6e7aa3a938,0.01,,"{""SE"":93558649.92674078,""engineering_interval"":[18541342214.36527,18915576814.07223],""formal_ci"":false,""interval_kind"":""ENGINEERING_INTERVAL_ONLY"",""point"":18728459514.21875,""rare_event_cost_tail"":""UNRESOLVED""}",
830a01f9ea6cd9075c324a30b81b282e9a7e91bf8a90d5a2f3abeefc028dfdcd,0.01,,"{""SE"":0.0,""engineering_interval"":[15297234624.0,15297234624.0],""formal_ci"":false,""interval_kind"":""ENGINEERING_INTERVAL_ONLY"",""point"":15297234624.0,""rare_event_cost_tail"":""UNRESOLVED""}",
83e5618afefa1907e8e4ec63e9181968f589b741dccb6ee1caea608bac04819c,0.01,,"{""SE"":742591.8409910261,""engineering_interval"":[47196007477.568016,47198977844.931984],""formal_ci"":false,""interval_kind"":""ENGINEERING_INTERVAL_ONLY"",""point"":47197492661.25,""rare_event_cost_tail"":""UNRESOLVED""}",
84ca3010c9ef77270bd1c05046902ef1275e0d0537529fe49238865e7cc8691e,0.01,,"{""SE"":5963370083693.341,""engineering_interval"":[326300753878728.06,350154234213501.44],""formal_ci"":false,""interval_kind"":""ENGINEERING_INTERVAL_ONLY"",""point"":338227494046114.75,""rare_event_cost_tail"":""UNRESOLVED""}",
878c8e427c9aafb49c188e6a2287b6876caf611d5276b6e99d1d843be3fb16a0,0.01,,"{""SE"":83068143202.04681,""engineering_interval"":[2535008350203.9062,2867280923012.0938],""formal_ci"":false,""interval_kind"":""ENGINEERING_INTERVAL_ONLY"",""point"":2701144636608.0,""rare_event_cost_tail"":""UNRESOLVED""}",
87975c107b1a6c1bb8ade028214092f3e785194bde41c4b8686fd37236928e3a,0.01,,"{""SE"":20526734.691166095,""engineering_interval"":[11178988621.555168,11261095560.319832],""formal_ci"":false,""interval_kind"":""ENGINEERING_INTERVAL_ONLY"",""point"":11220042090.9375,""rare_event_cost_tail"":""UNRESOLVED""}",
87c8a6538609b7bf78b083bad67b5f6e4572ed001e5395f8deeb2a68a082c818,0.01,,"{""SE"":5034672.0023577735,""engineering_interval"":[15864385326.182785,15884524014.192215],""formal_ci"":false,""interval_kind"":""ENGINEERING_INTERVAL_ONLY"",""point"":15874454670.1875,""rare_event_cost_tail"":""UNRESOLVED""}",
87e3b363e0679bbba5326b8ea415c1352bbd4c143a89cf4cbd00d4ad3b96ed13,0.01,,"{""SE"":9117008493164920.0,""engineering_interval"":[1.980810400542624e+17,2.345490740269221e+17],""formal_ci"":false,""interval_kind"":""ENGINEERING_INTERVAL_ONLY"",""point"":2.1631505704059226e+17,""rare_event_cost_tail"":""UNRESOLVED""}",
8945ba19711a13784eb8dcf48316da1cb06038c11627b50c15a0b61f9e03e041,0.01,,"{""SE"":4627355028.987559,""engineering_interval"":[153047228351.64987,171556648467.60013],""formal_ci"":false,""interval_kind"":""ENGINEERING_INTERVAL_ONLY"",""point"":162301938409.625,""rare_event_cost_tail"":""UNRESOLVED""}",
89f6f91b5f2d748deda158aa3bae176f6943faa916a3ba36abfef49054343628,0.01,,"{""SE"":9032991.79422734,""engineering_interval"":[17440836452.974045,17476968420.150955],""formal_ci"":false,""interval_kind"":""ENGINEERING_INTERVAL_ONLY"",""point"":17458902436.5625,""rare_event_cost_tail"":""UNRESOLVED""}",
8b17853946975ed52cf4c981cb3cc29a981436ecf3ba1f2a393e848552338580,0.01,,"{""SE"":4798392.033347345,""engineering_interval"":[15863110139.839556,15882303707.972944],""formal_ci"":false,""interval_kind"":""ENGINEERING_INTERVAL_ONLY"",""point"":15872706923.90625,""rare_event_cost_tail"":""UNRESOLVED""}",
8cb55a75f4e5cbe1668180d41f607ced4d2d5348b0c46f7e6adfc6e1f8b69a64,0.01,,"{""SE"":30442679.276157413,""engineering_interval"":[6437855991.978935,6559626709.083565],""formal_ci"":false,""interval_kind"":""ENGINEERING_INTERVAL_ONLY"",""point"":6498741350.53125,""rare_event_cost_tail"":""UNRESOLVED""}",
8cc05214474642fd5e1181e922a270c1158f4bdec02e69395433ba5312ecba30,0.01,,"{""SE"":6781250.631057892,""engineering_interval"":[45418793303.612885,45445918306.137115],""formal_ci"":false,""interval_kind"":""ENGINEERING_INTERVAL_ONLY"",""point"":45432355804.875,""rare_event_cost_tail"":""UNRESOLVED""}",
8d5804c62f37fff23f5d770aaf526f2257aaaec290bb60005c61700a35349789,0.01,,"{""SE"":911253.8122718517,""engineering_interval"":[16037152314.719206,16040797329.968294],""formal_ci"":false,""interval_kind"":""ENGINEERING_INTERVAL_ONLY"",""point"":16038974822.34375,""rare_event_cost_tail"":""UNRESOLVED""}",
8db7bb63b5ad9e3aa871e020c58520330f50c348dc3f60d271a335e47d8e2570,0.01,,"{""SE"":2382682129671603.0,""engineering_interval"":[5.121333335342227e+16,6.074406187210869e+16],""formal_ci"":false,""interval_kind"":""ENGINEERING_INTERVAL_ONLY"",""point"":5.597869761276548e+16,""rare_event_cost_tail"":""UNRESOLVED""}",
8e56ba2ae30e8521b664233eb5ee96cb22d1b5acdece8360e315a446a367530c,0.01,,"{""SE"":16021470.264519786,""engineering_interval"":[9429495183.25221,9493581064.31029],""formal_ci"":false,""interval_kind"":""ENGINEERING_INTERVAL_ONLY"",""point"":9461538123.78125,""rare_event_cost_tail"":""UNRESOLVED""}",
8f671e3db6ee05e1becf6b2ce0315908fa37d553fe3d98e9497f7e0f65d368f6,0.01,,"{""SE"":431410.8961340503,""engineering_interval"":[24548694315.020233,24550419958.604767],""formal_ci"":false,""interval_kind"":""ENGINEERING_INTERVAL_ONLY"",""point"":24549557136.8125,""rare_event_cost_tail"":""UNRESOLVED""}",
90ed4abcfcb472ebb81f150bd1c1d6570e02f8a443d1ccaa394caaff9144dc40,0.01,,"{""SE"":39352289.8215429,""engineering_interval"":[9452915481.856915,9610324641.143085],""formal_ci"":false,""interval_kind"":""ENGINEERING_INTERVAL_ONLY"",""point"":9531620061.5,""rare_event_cost_tail"":""UNRESOLVED""}",
918dfe844674bba518736eb21e65014f0413e1a561fa15b4617caa6fb75a5a11,0.01,,"{""SE"":2.047734533118539e+16,""engineering_interval"":[3.6436641936384486e+17,4.462758006885865e+17],""formal_ci"":false,""interval_kind"":""ENGINEERING_INTERVAL_ONLY"",""point"":4.053211100262157e+17,""rare_event_cost_tail"":""UNRESOLVED""}",
91eada46941a69e34c2c216123e73683d25a6af4d03d6759f21787869f34906a,0.01,,"{""SE"":1685238.2089073483,""engineering_interval"":[15959322180.800936,15966063133.636564],""formal_ci"":false,""interval_kind"":""ENGINEERING_INTERVAL_ONLY"",""point"":15962692657.21875,""rare_event_cost_tail"":""UNRESOLVED""}",
92735bdef2a99ce6e10b1b31fb84540c69267e99e786e03882f6e62e2860a785,0.01,,"{""SE"":485227.5737477005,""engineering_interval"":[45917539971.9775,45919480882.2725],""formal_ci"":false,""interval_kind"":""ENGINEERING_INTERVAL_ONLY"",""point"":45918510427.125,""rare_event_cost_tail"":""UNRESOLVED""}",
92a14248d5e875c5b94ed1727cbdd7c4708b188c9726600a11083038d44be726,0.01,,"{""SE"":847163944066007.6,""engineering_interval"":[4.158474645666184e+16,4.497340223292587e+16],""formal_ci"":false,""interval_kind"":""ENGINEERING_INTERVAL_ONLY"",""point"":4.327907434479386e+16,""rare_event_cost_tail"":""UNRESOLVED""}",
9a6fcf15d704dbb8e5254b4a087963f23e5d63154ed11e66a8f7b811f7647ee8,0.01,,"{""SE"":383543.5823228549,""engineering_interval"":[16039847213.991604,16041381388.320896],""formal_ci"":false,""interval_kind"":""ENGINEERING_INTERVAL_ONLY"",""point"":16040614301.15625,""rare_event_cost_tail"":""UNRESOLVED""}",
9b7172074e0cf2315b476e8ffade7716829fb6bab7562a99a04027db13f38aba,0.01,,"{""SE"":3.4637877417301744e+16,""engineering_interval"":[6.069784777353335e+17,7.455299874045405e+17],""formal_ci"":false,""interval_kind"":""ENGINEERING_INTERVAL_ONLY"",""point"":6.76254232569937e+17,""rare_event_cost_tail"":""UNRESOLVED""}",
9feb7b75a61651992917ebc41e6b410eb6c6942213237eb566c049cd884377a8,0.01,,"{""SE"":507057025.84502447,""engineering_interval"":[28155380188.4037,30183608291.7838],""formal_ci"":false,""interval_kind"":""ENGINEERING_INTERVAL_ONLY"",""point"":29169494240.09375,""rare_event_cost_tail"":""UNRESOLVED""}",
a03014aa67c345b474fa067e0caf5c4269989859da6a86507164b363086dcfca,0.01,,"{""SE"":39287382.096894264,""engineering_interval"":[17790020925.806213,17947170454.193787],""formal_ci"":false,""interval_kind"":""ENGINEERING_INTERVAL_ONLY"",""point"":17868595690.0,""rare_event_cost_tail"":""UNRESOLVED""}",
a2c37c26fc5f4a21a4bb9674583bc56f73132c1d5dfb262463ec19e181df38bb,0.01,,"{""SE"":21414776.320744924,""engineering_interval"":[16927951575.796011,17013610681.078989],""formal_ci"":false,""interval_kind"":""ENGINEERING_INTERVAL_ONLY"",""point"":16970781128.4375,""rare_event_cost_tail"":""UNRESOLVED""}",
a53e7172c52b2f55000edf4e85973aea57195bdff363a785c2b6c8a0fb53e766,0.01,,"{""SE"":5216667.135175979,""engineering_interval"":[16625504014.854649,16646370683.395351],""formal_ci"":false,""interval_kind"":""ENGINEERING_INTERVAL_ONLY"",""point"":16635937349.125,""rare_event_cost_tail"":""UNRESOLVED""}",
a8a8f1e7a7a7117e8e7a0db4681611ef33caed0070494ee7642d733a4d8a6fc4,0.01,,"{""SE"":10021420.74978478,""engineering_interval"":[17432356784.12543,17472442467.12457],""formal_ci"":false,""interval_kind"":""ENGINEERING_INTERVAL_ONLY"",""point"":17452399625.625,""rare_event_cost_tail"":""UNRESOLVED""}",
a8d1ae8bad611016990b909226cd9268c6ac2aa5c79af8b1f3a6f48ef8be551d,0.01,,"{""SE"":81060689894.09677,""engineering_interval"":[2753697007641.838,3077939767218.2246],""formal_ci"":false,""interval_kind"":""ENGINEERING_INTERVAL_ONLY"",""point"":2915818387430.0312,""rare_event_cost_tail"":""UNRESOLVED""}",
a9fa20b579829f161d1dd0a7d608b836b116cb48747264c454654fcd80125091,0.01,,"{""SE"":5323597.827189529,""engineering_interval"":[31486114333.09562,31507408724.40438],""formal_ci"":false,""interval_kind"":""ENGINEERING_INTERVAL_ONLY"",""point"":31496761528.75,""rare_event_cost_tail"":""UNRESOLVED""}",
abaae2cba4ce9374ddf005b2f382a1060e424b4e1f82984496886ec436aa85f9,0.01,,"{""SE"":55757730.344066985,""engineering_interval"":[11788211800.155617,12011242721.531883],""formal_ci"":false,""interval_kind"":""ENGINEERING_INTERVAL_ONLY"",""point"":11899727260.84375,""rare_event_cost_tail"":""UNRESOLVED""}",
ada9f8a66321054c0bf9691b433eab48ae4f533ef011ea646f2b10d8aa839416,0.01,,"{""SE"":118551879.62341414,""engineering_interval"":[20839936698.00317,21314144216.49683],""formal_ci"":false,""interval_kind"":""ENGINEERING_INTERVAL_ONLY"",""point"":21077040457.25,""rare_event_cost_tail"":""UNRESOLVED""}",
adee9d7a84a1e663c11c0b21eee2a877b2356b908c74e750b9845ab5ebb2a9d2,0.01,,"{""SE"":12747795.846273584,""engineering_interval"":[16791673792.682453,16842664976.067547],""formal_ci"":false,""interval_kind"":""ENGINEERING_INTERVAL_ONLY"",""point"":16817169384.375,""rare_event_cost_tail"":""UNRESOLVED""}",
af18a108ec1bed6872e20655686841d3145e1e8c7a5f4a3f5d1b32a263bf310d,0.01,,"{""SE"":619949.770298393,""engineering_interval"":[46342917830.896904,46345397629.978096],""formal_ci"":false,""interval_kind"":""ENGINEERING_INTERVAL_ONLY"",""point"":46344157730.4375,""rare_event_cost_tail"":""UNRESOLVED""}",
b074f06c9de6b62333660538b40186ed6be7d5da51716ac97e0db51d2aa02fe3,0.01,,"{""SE"":4510581.590509407,""engineering_interval"":[16621176632.225231,16639218958.587269],""formal_ci"":false,""interval_kind"":""ENGINEERING_INTERVAL_ONLY"",""point"":16630197795.40625,""rare_event_cost_tail"":""UNRESOLVED""}",
b086253a9c225d6d85c2e3664eb3a7782ff87fe41f088d8f313701181c81affd,0.01,,"{""SE"":5136593.448987708,""engineering_interval"":[31353777026.602024,31374323400.397976],""formal_ci"":false,""interval_kind"":""ENGINEERING_INTERVAL_ONLY"",""point"":31364050213.5,""rare_event_cost_tail"":""UNRESOLVED""}",
b0daff612f84d7a465894886fdd43c9a193cc7b89bf32f087fd00eedc8dc5fcf,0.01,,"{""SE"":764995.4922460933,""engineering_interval"":[46341758093.07801,46344818075.04699],""formal_ci"":false,""interval_kind"":""ENGINEERING_INTERVAL_ONLY"",""point"":46343288084.0625,""rare_event_cost_tail"":""UNRESOLVED""}",
b21b40eaacf68ce89dc26ff215b980c60dad8d27487d551bbc4085e379373fa2,0.01,,"{""SE"":121758116.53871982,""engineering_interval"":[13379779353.54756,13866811819.70244],""formal_ci"":false,""interval_kind"":""ENGINEERING_INTERVAL_ONLY"",""point"":13623295586.625,""rare_event_cost_tail"":""UNRESOLVED""}",
bb1ef0b3d7fbcc5cae3084f25e03b16e170052bb8a895c0f96f8c8d40851bc0c,0.01,,"{""SE"":836208302.16352,""engineering_interval"":[39313284913.11046,42658118121.76454],""formal_ci"":false,""interval_kind"":""ENGINEERING_INTERVAL_ONLY"",""point"":40985701517.4375,""rare_event_cost_tail"":""UNRESOLVED""}",
bb3274d41dba00cd35559bf3f60afe130e96d55d4105956c36c239fd7164f16d,0.01,,"{""SE"":7503936.200117815,""engineering_interval"":[45403467038.41226,45433482783.21274],""formal_ci"":false,""interval_kind"":""ENGINEERING_INTERVAL_ONLY"",""point"":45418474910.8125,""rare_event_cost_tail"":""UNRESOLVED""}",
bc0c4f7cd840b4439a3014f9e5398028d5824ebc5afeffa1830471772bb67ecd,0.01,,"{""SE"":330274377741044.56,""engineering_interval"":[1.3397805187895654e+16,1.4718902698859834e+16],""formal_ci"":false,""interval_kind"":""ENGINEERING_INTERVAL_ONLY"",""point"":1.4058353943377744e+16,""rare_event_cost_tail"":""UNRESOLVED""}",
bf0f920bd28e547b297c0eeaa17d894676a04238308dcdb278de3433cc52f8ef,0.01,,"{""SE"":429455.37908682635,""engineering_interval"":[16186890880.429327,16188608701.945673],""formal_ci"":false,""interval_kind"":""ENGINEERING_INTERVAL_ONLY"",""point"":16187749791.1875,""rare_event_cost_tail"":""UNRESOLVED""}",
c0a571a3d3d03d7fe5b14d9e1878f40572e72073aeba8c3db752e484b5df1b6c,0.01,,"{""SE"":1154702.8824011977,""engineering_interval"":[45915008044.9227,45919626856.4523],""formal_ci"":false,""interval_kind"":""ENGINEERING_INTERVAL_ONLY"",""point"":45917317450.6875,""rare_event_cost_tail"":""UNRESOLVED""}",
c1ded26f91069ef243491b22c21355e42f3fa20d78730046b90a530faf66e798,0.01,,"{""SE"":2833585523005.431,""engineering_interval"":[59715096624019.484,71049438716041.2],""formal_ci"":false,""interval_kind"":""ENGINEERING_INTERVAL_ONLY"",""point"":65382267670030.34,""rare_event_cost_tail"":""UNRESOLVED""}",
c30ac93e411cfcdcc1e83245c50605b7b566d929f05c979ab6ca8c13c56aa1c4,0.01,,"{""SE"":5662952761971.419,""engineering_interval"":[415770808462789.94,438422619510675.56],""formal_ci"":false,""interval_kind"":""ENGINEERING_INTERVAL_ONLY"",""point"":427096713986732.75,""rare_event_cost_tail"":""UNRESOLVED""}",
c6b6e1622d990b66bd9ffa36353ad422a7eaa149186484001b5ff0d258b88bcc,0.01,,"{""SE"":4287906.463032545,""engineering_interval"":[15900539914.042685,15917691539.894815],""formal_ci"":false,""interval_kind"":""ENGINEERING_INTERVAL_ONLY"",""point"":15909115726.96875,""rare_event_cost_tail"":""UNRESOLVED""}",
c72bdad0577d84103eccd94f9c73cf3160cf52b053167e2248a7904889302211,0.01,,"{""SE"":7588943993469021.0,""engineering_interval"":[2.0608458979067597e+17,2.3644036576455206e+17],""formal_ci"":false,""interval_kind"":""ENGINEERING_INTERVAL_ONLY"",""point"":2.21262477777614e+17,""rare_event_cost_tail"":""UNRESOLVED""}",
c904cccb489d0c29a24e8301e097a0dee129239048c2afa55328d8e5be388542,0.01,,"{""SE"":26468152.578874636,""engineering_interval"":[17332227321.09225,17438099931.40775],""formal_ci"":false,""interval_kind"":""ENGINEERING_INTERVAL_ONLY"",""point"":17385163626.25,""rare_event_cost_tail"":""UNRESOLVED""}",
c9b417e6f6571261f810811dc1da992b81b468cc3c83a04cd8227b9aa7769de5,0.01,,"{""SE"":44542183.4756853,""engineering_interval"":[6727896821.92363,6906065555.82637],""formal_ci"":false,""interval_kind"":""ENGINEERING_INTERVAL_ONLY"",""point"":6816981188.875,""rare_event_cost_tail"":""UNRESOLVED""}",
ca6f63315793fde5bb949bac34cb178743e77289ede3e5933c97319870834050,0.01,,"{""SE"":5147146.848397964,""engineering_interval"":[7205419835.521955,7226008422.915545],""formal_ci"":false,""interval_kind"":""ENGINEERING_INTERVAL_ONLY"",""point"":7215714129.21875,""rare_event_cost_tail"":""UNRESOLVED""}",
caad486e79c9bac0e56b96b582f24e7ea86784b1d9dad3f46d5e21a3e0feb7be,0.01,,"{""SE"":13906245.531994443,""engineering_interval"":[11091376252.56101,11147001234.68899],""formal_ci"":false,""interval_kind"":""ENGINEERING_INTERVAL_ONLY"",""point"":11119188743.625,""rare_event_cost_tail"":""UNRESOLVED""}",
cb15bc04c13e677de3f7aaae70a957ab795a1032771d26acd12649fbdab2f09c,0.01,,"{""SE"":11030189184037.707,""engineering_interval"":[254266725554650.9,298387482290801.75],""formal_ci"":false,""interval_kind"":""ENGINEERING_INTERVAL_ONLY"",""point"":276327103922726.3,""rare_event_cost_tail"":""UNRESOLVED""}",
cdca33ea00530ae5e2944d7720f317af54634eb24cbcbf595b80bd90a10e55a4,0.01,,"{""SE"":1226305.507857773,""engineering_interval"":[24319302279.046783,24324207501.078217],""formal_ci"":false,""interval_kind"":""ENGINEERING_INTERVAL_ONLY"",""point"":24321754890.0625,""rare_event_cost_tail"":""UNRESOLVED""}",
cf45a20fe03fc32e573b12d58667588459ffadf087be9cecdbfedc45042929bf,0.01,,"{""SE"":49827280603985.77,""engineering_interval"":[1558201495396681.2,1757510617812624.2],""formal_ci"":false,""interval_kind"":""ENGINEERING_INTERVAL_ONLY"",""point"":1657856056604652.8,""rare_event_cost_tail"":""UNRESOLVED""}",
d03676f212e5f3998a2d367c39ba1470928420db37c0c6a346c48c9788e85177,0.01,,"{""SE"":3056641.434012375,""engineering_interval"":[11032924123.631975,11045150689.368025],""formal_ci"":false,""interval_kind"":""ENGINEERING_INTERVAL_ONLY"",""point"":11039037406.5,""rare_event_cost_tail"":""UNRESOLVED""}",
d092cdb598d9df416d89170fe8d36a7192e45edb5aabd1f12681d4637ed8910d,0.01,,"{""SE"":9021257959771.611,""engineering_interval"":[308091796726772.9,344176828565859.4],""formal_ci"":false,""interval_kind"":""ENGINEERING_INTERVAL_ONLY"",""point"":326134312646316.1,""rare_event_cost_tail"":""UNRESOLVED""}",
d209869a9ef2a48337c70f37f75b012576caa433500c41d048b315d67b0ae241,0.01,,"{""SE"":3958606.2092907554,""engineering_interval"":[15899961172.050169,15915795596.887331],""formal_ci"":false,""interval_kind"":""ENGINEERING_INTERVAL_ONLY"",""point"":15907878384.46875,""rare_event_cost_tail"":""UNRESOLVED""}",
d4521b96b99f11a9fe8f4634aab9a868a1d711a3b51650039fc62eda27f0366c,0.01,,"{""SE"":1631400.0857197505,""engineering_interval"":[24202941250.26606,24209466850.60894],""formal_ci"":false,""interval_kind"":""ENGINEERING_INTERVAL_ONLY"",""point"":24206204050.4375,""rare_event_cost_tail"":""UNRESOLVED""}",
d6554cc93e8dcbf5127d2e36079b2e60ff7f99c66333f1a35a60d29e2c3cb764,0.01,,"{""SE"":41528486.16832909,""engineering_interval"":[11759860341.850842,11925974286.524158],""formal_ci"":false,""interval_kind"":""ENGINEERING_INTERVAL_ONLY"",""point"":11842917314.1875,""rare_event_cost_tail"":""UNRESOLVED""}",
d72416fe9386c72201ee531653079b046e19dd601a57ac98452e463e88e05248,0.01,,"{""SE"":62644640.15687044,""engineering_interval"":[7380290217.186259,7630868777.813741],""formal_ci"":false,""interval_kind"":""ENGINEERING_INTERVAL_ONLY"",""point"":7505579497.5,""rare_event_cost_tail"":""UNRESOLVED""}",
d92e4db3997289d26ef352e06e4450c20efdb5c828acf7f9bc167d13fb96bf1e,0.01,,"{""SE"":85671903.48735107,""engineering_interval"":[11127170882.244047,11469858496.193453],""formal_ci"":false,""interval_kind"":""ENGINEERING_INTERVAL_ONLY"",""point"":11298514689.21875,""rare_event_cost_tail"":""UNRESOLVED""}",
da42ffc9e56d75ed6a85fa3cb86e4967f7bc201cf7b2ac134b4e47a000403a47,0.01,,"{""SE"":576420042994470.0,""engineering_interval"":[1.1713772003141024e+16,1.4019452175118904e+16],""formal_ci"":false,""interval_kind"":""ENGINEERING_INTERVAL_ONLY"",""point"":1.2866612089129964e+16,""rare_event_cost_tail"":""UNRESOLVED""}",
daf8f64a01a6bef1467d66403425195bb0f6350166e6030c29d2bb9bfdbd3795,0.01,,"{""SE"":266087.88181912526,""engineering_interval"":[24323084536.923862,24324148888.451138],""formal_ci"":false,""interval_kind"":""ENGINEERING_INTERVAL_ONLY"",""point"":24323616712.6875,""rare_event_cost_tail"":""UNRESOLVED""}",
dafe1fc3d9cabbcf37c5209ff808b1d18d7caff908bb6fd42cd24d29e03f55b4,0.01,,"{""SE"":4577306.633647593,""engineering_interval"":[24115388482.795204,24133697709.329796],""formal_ci"":false,""interval_kind"":""ENGINEERING_INTERVAL_ONLY"",""point"":24124543096.0625,""rare_event_cost_tail"":""UNRESOLVED""}",
dc81fc6ca334b9050e88cb9492808ded22af54b28e152b3f0104203350f25dde,0.01,,"{""SE"":29157554.591789175,""engineering_interval"":[11378541316.378922,11495171534.746078],""formal_ci"":false,""interval_kind"":""ENGINEERING_INTERVAL_ONLY"",""point"":11436856425.5625,""rare_event_cost_tail"":""UNRESOLVED""}",
dd53221831709e1179ac560b750ab4e994c7427e849246ed0098e85c0f34ccfe,0.01,,"{""SE"":5517687.814281905,""engineering_interval"":[45548377994.49644,45570448745.75356],""formal_ci"":false,""interval_kind"":""ENGINEERING_INTERVAL_ONLY"",""point"":45559413370.125,""rare_event_cost_tail"":""UNRESOLVED""}",
e301d2a1dd4c98d851acc0855c688c17977db1bef75dbbf5ee64da56707ade78,0.01,,"{""SE"":424349298.9251055,""engineering_interval"":[28686854281.524788,30384251477.225212],""formal_ci"":false,""interval_kind"":""ENGINEERING_INTERVAL_ONLY"",""point"":29535552879.375,""rare_event_cost_tail"":""UNRESOLVED""}",
e33dc8c98c0ec5d814de213fad448beb39327b2fa0d9ab3cb11e1c97842d52ec,0.01,,"{""SE"":14850468.704348467,""engineering_interval"":[31654613286.653805,31714015161.471195],""formal_ci"":false,""interval_kind"":""ENGINEERING_INTERVAL_ONLY"",""point"":31684314224.0625,""rare_event_cost_tail"":""UNRESOLVED""}",
e5f5dfeb10d27592d7f6aa4514b976aee460d580a61e9b8f51713210ac01851e,0.01,,"{""SE"":29621627.63939201,""engineering_interval"":[9395584073.408716,9514070583.966284],""formal_ci"":false,""interval_kind"":""ENGINEERING_INTERVAL_ONLY"",""point"":9454827328.6875,""rare_event_cost_tail"":""UNRESOLVED""}",
e643f82e31b6fec2bf50d85a1377ebac85822e3c74a272d30015c31615af234d,0.01,,"{""SE"":49499973.828678526,""engineering_interval"":[17644250013.498894,17842249908.813606],""formal_ci"":false,""interval_kind"":""ENGINEERING_INTERVAL_ONLY"",""point"":17743249961.15625,""rare_event_cost_tail"":""UNRESOLVED""}",
e65cdad1c7bc4b357f5e775b4d41fad00b6a30a35596ca5bd6cc3bc145cd25e6,0.01,,"{""SE"":1582846.6419255747,""engineering_interval"":[15959758965.653648,15966090352.221352],""formal_ci"":false,""interval_kind"":""ENGINEERING_INTERVAL_ONLY"",""point"":15962924658.9375,""rare_event_cost_tail"":""UNRESOLVED""}",
e66323b52ebc9b603a359a3e7204a59c2b64cfaf7c267a70d822f95bc762d7e0,0.01,,"{""SE"":12724898422665.625,""engineering_interval"":[322628835156341.94,373528428847004.44],""formal_ci"":false,""interval_kind"":""ENGINEERING_INTERVAL_ONLY"",""point"":348078632001673.2,""rare_event_cost_tail"":""UNRESOLVED""}",
e841434c51fa80a0654e08890b2f0ebab855d256f7d77b180d81389ea2a16ff6,0.01,,"{""SE"":323755783504739.4,""engineering_interval"":[1.734304109388382e+16,1.8638064227902776e+16],""formal_ci"":false,""interval_kind"":""ENGINEERING_INTERVAL_ONLY"",""point"":1.7990552660893298e+16,""rare_event_cost_tail"":""UNRESOLVED""}",
eaa1c049e9af23fd93bda470d29e0e1bba5c574a55c59aa17dd8e85ef2f3cf55,0.01,,"{""SE"":23687049.06064325,""engineering_interval"":[31928030811.50371,32022779007.74629],""formal_ci"":false,""interval_kind"":""ENGINEERING_INTERVAL_ONLY"",""point"":31975404909.625,""rare_event_cost_tail"":""UNRESOLVED""}",
eea3b79549639a1f94af3626c61f8af8f3c21c448b01c89f752dd3a47f1a842d,0.01,,"{""SE"":3278520474.151303,""engineering_interval"":[135502048690.07239,148616130586.6776],""formal_ci"":false,""interval_kind"":""ENGINEERING_INTERVAL_ONLY"",""point"":142059089638.375,""rare_event_cost_tail"":""UNRESOLVED""}",
ef7c029e36978da610cb160434d92246ec8ce87b1a5ad1c6ed071b96b06b133d,0.01,,"{""SE"":2615437320544113.0,""engineering_interval"":[6.726021012138621e+16,7.772195940356266e+16],""formal_ci"":false,""interval_kind"":""ENGINEERING_INTERVAL_ONLY"",""point"":7.249108476247443e+16,""rare_event_cost_tail"":""UNRESOLVED""}",
f001e8b94db94701b9f67815f2a902acd52ac6c2c51f8a39b5f7cf24c4d2f6e3,0.01,,"{""SE"":3657576.6931479895,""engineering_interval"":[11084711891.988705,11099342198.761295],""formal_ci"":false,""interval_kind"":""ENGINEERING_INTERVAL_ONLY"",""point"":11092027045.375,""rare_event_cost_tail"":""UNRESOLVED""}",
f0d03002cc89c460507fbdc85f422f89530551efbc0355555d73336da55f25c1,0.01,,"{""SE"":22707498.302107036,""engineering_interval"":[17297483098.958286,17388313092.166714],""formal_ci"":false,""interval_kind"":""ENGINEERING_INTERVAL_ONLY"",""point"":17342898095.5625,""rare_event_cost_tail"":""UNRESOLVED""}",
f12de42481de9b2e8ee5db614a8b7657291f9bf4b19f3cd0c473f9751b716223,0.01,,"{""SE"":57372141.73563244,""engineering_interval"":[6669860496.028735,6899349062.971265],""formal_ci"":false,""interval_kind"":""ENGINEERING_INTERVAL_ONLY"",""point"":6784604779.5,""rare_event_cost_tail"":""UNRESOLVED""}",
f376bc777f907474583ffb58d55f107c58b24eaa9827eab8a92d15c2437855f3,0.01,,"{""SE"":56231631781.91511,""engineering_interval"":[2511328019080.0137,2736254546207.674],""formal_ci"":false,""interval_kind"":""ENGINEERING_INTERVAL_ONLY"",""point"":2623791282643.8438,""rare_event_cost_tail"":""UNRESOLVED""}",
f3be6a53917827b98a55f7fcaf41047e0261f7a1ae0346f24b33318d72606e70,0.01,,"{""SE"":144709134.39985082,""engineering_interval"":[9039973113.325298,9618809650.924702],""formal_ci"":false,""interval_kind"":""ENGINEERING_INTERVAL_ONLY"",""point"":9329391382.125,""rare_event_cost_tail"":""UNRESOLVED""}",
f648c9344197ebac77d4f30c40107df9901e9bae0cc2147e36b9ec32a8866ca1,0.01,,"{""SE"":1097147387164380.6,""engineering_interval"":[2.1782165740009508e+16,2.6170755288667028e+16],""formal_ci"":false,""interval_kind"":""ENGINEERING_INTERVAL_ONLY"",""point"":2.3976460514338268e+16,""rare_event_cost_tail"":""UNRESOLVED""}",
f8becb5621f43ad78652b06f507a0c56a7c8ebaa9b6c8cd700211e9fef7204e1,0.01,,"{""SE"":686905.5521363277,""engineering_interval"":[24998496943.52073,25001244565.72927],""formal_ci"":false,""interval_kind"":""ENGINEERING_INTERVAL_ONLY"",""point"":24999870754.625,""rare_event_cost_tail"":""UNRESOLVED""}",
fc52f4ae1b4edae4de4611f9aa054f7e0c451c1d20a25418875a6f741227578c,0.01,,"{""SE"":16441536.440793987,""engineering_interval"":[9437534363.493412,9503300509.256588],""formal_ci"":false,""interval_kind"":""ENGINEERING_INTERVAL_ONLY"",""point"":9470417436.375,""rare_event_cost_tail"":""UNRESOLVED""}",
215212e37d35f0277d90e0dfb354ff27c6334677ddc57b31f4e702fb709a928b,0.01,,"{""SE"":43570871.960947365,""engineering_interval"":[6727754711.328105,6902038199.171895],""formal_ci"":false,""interval_kind"":""ENGINEERING_INTERVAL_ONLY"",""point"":6814896455.25,""rare_event_cost_tail"":""UNRESOLVED""}",
1e063a21340c2fb397fe431779fa0bb1d2fba619b736361014296303c8f0e3e9,0.01,,"{""SE"":68556172.24092305,""engineering_interval"":[6701704330.986904,6975929019.950596],""formal_ci"":false,""interval_kind"":""ENGINEERING_INTERVAL_ONLY"",""point"":6838816675.46875,""rare_event_cost_tail"":""UNRESOLVED""}",
d9ae4b8645a032031fc003c9e7268010e6a5c5734c6da898043c748bd900aa64,0.01,,"{""SE"":0.0,""engineering_interval"":[325874891514652.0,325874891514652.0],""formal_ci"":false,""interval_kind"":""ENGINEERING_INTERVAL_ONLY"",""point"":325874891514652.0,""rare_event_cost_tail"":""UNRESOLVED""}",
9a24146ac2b7dfd129fa7d49aa2d50772fc647424d2ab958638482cfac139529,0.01,,"{""SE"":0.0,""engineering_interval"":[19460122560.0,19460122560.0],""formal_ci"":false,""interval_kind"":""ENGINEERING_INTERVAL_ONLY"",""point"":19460122560.0,""rare_event_cost_tail"":""UNRESOLVED""}",
a090ea4c0aa58921cf4904fed6f6f74fac8d2e12f031736c8c94aa80754f295b,0.01,,"{""SE"":344814831.03786856,""engineering_interval"":[26192028563.361763,27571287887.513237],""formal_ci"":false,""interval_kind"":""ENGINEERING_INTERVAL_ONLY"",""point"":26881658225.4375,""rare_event_cost_tail"":""UNRESOLVED""}",
04fd01953da32388ffe89213935b02c8e125b7c4ab80f6528f3cc8f10c7bb2a8,0.005,,"{""SE"":244101156.77374855,""engineering_interval"":[136836852471.60875,137813257098.70374],""formal_ci"":false,""interval_kind"":""ENGINEERING_INTERVAL_ONLY"",""point"":137325054785.15625,""rare_event_cost_tail"":""UNRESOLVED""}",
0548a5163294a93cee044683d08a1f82b524398dbf8cb65e87d6286fbce93a76,0.005,,"{""SE"":136023646.59848565,""engineering_interval"":[132475803001.77177,133019897588.16573],""formal_ci"":false,""interval_kind"":""ENGINEERING_INTERVAL_ONLY"",""point"":132747850294.96875,""rare_event_cost_tail"":""UNRESOLVED""}",
0dd5e9256d7a6fd9db7bc2486c672e3ca5f32e0b0e6d4d421d0644d05d18321f,0.005,,"{""SE"":22216487.075878654,""engineering_interval"":[104506673157.56699,104595539105.87051],""formal_ci"":false,""interval_kind"":""ENGINEERING_INTERVAL_ONLY"",""point"":104551106131.71875,""rare_event_cost_tail"":""UNRESOLVED""}",
0fd820307c65baac590d8af8dae0ea1d47507380ab8c0a53c0cbb24caedf3020,0.005,,"{""SE"":116662954.82718773,""engineering_interval"":[73508001746.43938,73974653565.74812],""formal_ci"":false,""interval_kind"":""ENGINEERING_INTERVAL_ONLY"",""point"":73741327656.09375,""rare_event_cost_tail"":""UNRESOLVED""}",
10ba41c319067ed3b5c78b86e2b0f1cdea3ff6207fa8940511de2a6aa100f4bc,0.005,,"{""SE"":29528042.231045786,""engineering_interval"":[127642172611.1629,127760284780.0871],""formal_ci"":false,""interval_kind"":""ENGINEERING_INTERVAL_ONLY"",""point"":127701228695.625,""rare_event_cost_tail"":""UNRESOLVED""}",
1163c4136d3d573a3aa05c5471b91190fa3ed3ae43b3340113c1d426a0947559,0.005,,"{""SE"":351023143.1285649,""engineering_interval"":[76392264044.43037,77796356616.94463],""formal_ci"":false,""interval_kind"":""ENGINEERING_INTERVAL_ONLY"",""point"":77094310330.6875,""rare_event_cost_tail"":""UNRESOLVED""}",
11f3f418f74a8e5ee0d2ab5ed19c53183a6293a7b00fa6bb24bc630276001037,0.005,,"{""SE"":500129494930.54877,""engineering_interval"":[17190239303483.902,19190757283206.098],""formal_ci"":false,""interval_kind"":""ENGINEERING_INTERVAL_ONLY"",""point"":18190498293345.0,""rare_event_cost_tail"":""UNRESOLVED""}",
127236c66fd1401664dfc9aa26f9ae80b813a1c7a5b23c089cb3e68c3a7dbffc,0.005,,"{""SE"":230806731.43372062,""engineering_interval"":[44700274615.10131,45623501540.83619],""formal_ci"":false,""interval_kind"":""ENGINEERING_INTERVAL_ONLY"",""point"":45161888077.96875,""rare_event_cost_tail"":""UNRESOLVED""}",
1348cf85115c90d38103b1942cca71ee6016a96d26d693e03d9338694b91166f,0.005,,"{""SE"":0.0,""engineering_interval"":[100513904778.0,100513904778.0],""formal_ci"":false,""interval_kind"":""ENGINEERING_INTERVAL_ONLY"",""point"":100513904778.0,""rare_event_cost_tail"":""UNRESOLVED""}",
1356043563d33720e953579d1d84d52976b8ff4f57adb3c38683dbc098907c74,0.005,,"{""SE"":43033398.265241854,""engineering_interval"":[77253827253.21951,77425960846.28049],""formal_ci"":false,""interval_kind"":""ENGINEERING_INTERVAL_ONLY"",""point"":77339894049.75,""rare_event_cost_tail"":""UNRESOLVED""}",
1735ee7fd8f28aede0340a5a3897d22eab93a1e35108d5ad1de28515f05f8837,0.005,,"{""SE"":186055754.76740047,""engineering_interval"":[79708911045.8402,80453134064.9098],""formal_ci"":false,""interval_kind"":""ENGINEERING_INTERVAL_ONLY"",""point"":80081022555.375,""rare_event_cost_tail"":""UNRESOLVED""}",
17fc1f89f61619edf9479d925a0e65cca1229d5abf131cf55f0d41ca85160129,0.005,,"{""SE"":8255543619433443.0,""engineering_interval"":[1.6490226827611632e+17,1.9792444275385008e+17],""formal_ci"":false,""interval_kind"":""ENGINEERING_INTERVAL_ONLY"",""point"":1.814133555149832e+17,""rare_event_cost_tail"":""UNRESOLVED""}",
1d58488d677e17777853175aa1c66c47f88cc47cd8d218fe21fde300ecd9d0cc,0.005,,"{""SE"":16747007.306817515,""engineering_interval"":[72387453564.07387,72454441593.30113],""formal_ci"":false,""interval_kind"":""ENGINEERING_INTERVAL_ONLY"",""point"":72420947578.6875,""rare_event_cost_tail"":""UNRESOLVED""}",
1ded7d34bc1818a5b6d5e3553bfe7f5f056f86539650bfe58cdc0ed0ad379ca9,0.005,,"{""SE"":27708271.219117925,""engineering_interval"":[76953187714.62427,77064020799.50073],""formal_ci"":false,""interval_kind"":""ENGINEERING_INTERVAL_ONLY"",""point"":77008604257.0625,""rare_event_cost_tail"":""UNRESOLVED""}",
1f181876c150c7bae32c4eace35ae31ab6dad4ba5d329a0171975eaca0cf4ce5,0.005,,"{""SE"":35083155.817075945,""engineering_interval"":[76961624725.05334,77101957348.32166],""formal_ci"":false,""interval_kind"":""ENGINEERING_INTERVAL_ONLY"",""point"":77031791036.6875,""rare_event_cost_tail"":""UNRESOLVED""}",
1f47cf083aa52bf62847b99e9d1b45cd2ec87e9989523f46bfe28bbce8178375,0.005,,"{""SE"":34677727.10395128,""engineering_interval"":[50419243788.0421,50557954696.4579],""formal_ci"":false,""interval_kind"":""ENGINEERING_INTERVAL_ONLY"",""point"":50488599242.25,""rare_event_cost_tail"":""UNRESOLVED""}",
2072b954a9b8750bd6b8b860ac8d845a97acef1ca15b30d23b220eba55476d3a,0.005,,"{""SE"":254465760.6618775,""engineering_interval"":[137069534673.05124,138087397715.69876],""formal_ci"":false,""interval_kind"":""ENGINEERING_INTERVAL_ONLY"",""point"":137578466194.375,""rare_event_cost_tail"":""UNRESOLVED""}",
20b11fae9be7109e97b53be41cc58aad912a4f9ecd1ae30435905c63fc6e5d93,0.005,,"{""SE"":18078179.592346992,""engineering_interval"":[72374984927.5028,72447297645.8722],""formal_ci"":false,""interval_kind"":""ENGINEERING_INTERVAL_ONLY"",""point"":72411141286.6875,""rare_event_cost_tail"":""UNRESOLVED""}",
23f5559418d8689bd80e95d87ea290b2f76ee48728bdda7a12cd18a8d529c8d0,0.005,,"{""SE"":0.0,""engineering_interval"":[231092406586.0,231092406586.0],""formal_ci"":false,""interval_kind"":""ENGINEERING_INTERVAL_ONLY"",""point"":231092406586.0,""rare_event_cost_tail"":""UNRESOLVED""}",
2a25ec7dde94e71f05514143db7e8d8376837e58686e99f4acf800e0a3f34b76,0.005,,"{""SE"":275010669.31230754,""engineering_interval"":[42572777276.75038,43672819953.99962],""formal_ci"":false,""interval_kind"":""ENGINEERING_INTERVAL_ONLY"",""point"":43122798615.375,""rare_event_cost_tail"":""UNRESOLVED""}",
2b5dab0ff9f2e50e8ca8641bc0074353f2e28f69d056c23d63fceb753782a158,0.005,,"{""SE"":680297357.2285453,""engineering_interval"":[104310029373.38666,107031218802.30084],""formal_ci"":false,""interval_kind"":""ENGINEERING_INTERVAL_ONLY"",""point"":105670624087.84375,""rare_event_cost_tail"":""UNRESOLVED""}",
2caa6473e54141eda42d4324121850162754ffc43f8af467d07f84dbf97c01c3,0.005,,"{""SE"":1958390765106002.2,""engineering_interval"":[7.765558964960496e+16,8.548915271002896e+16],""formal_ci"":false,""interval_kind"":""ENGINEERING_INTERVAL_ONLY"",""point"":8.157237117981696e+16,""rare_event_cost_tail"":""UNRESOLVED""}",
2dfe69ffa6dcdb300b6803666fec70973e749380595b152f39ff0c8a19413789,0.005,,"{""SE"":178750793.29955724,""engineering_interval"":[77362990692.24463,78077993865.44287],""formal_ci"":false,""interval_kind"":""ENGINEERING_INTERVAL_ONLY"",""point"":77720492278.84375,""rare_event_cost_tail"":""UNRESOLVED""}",
2e505e1c84c0033fde8c92ead4b49dc0269cebda2a0d00c7865b02c45b2ca80f,0.005,,"{""SE"":130346461.99032001,""engineering_interval"":[46226359186.26936,46747745034.23064],""formal_ci"":false,""interval_kind"":""ENGINEERING_INTERVAL_ONLY"",""point"":46487052110.25,""rare_event_cost_tail"":""UNRESOLVED""}",
30417cbeec0ce17eaa6d0e3cb89213b52cb65cb6c654cc0a1a427471d2c0cebd,0.005,,"{""SE"":11309384119.512562,""engineering_interval"":[637371251788.4749,682608788266.5251],""formal_ci"":false,""interval_kind"":""ENGINEERING_INTERVAL_ONLY"",""point"":659990020027.5,""rare_event_cost_tail"":""UNRESOLVED""}",
311c4b79fd41796b21aee085729f34aafe4f4fbdee2fcc6bf5ac5da93caf9e63,0.005,,"{""SE"":4465492025103549.5,""engineering_interval"":[1.3362469163276901e+17,1.514866597331832e+17],""formal_ci"":false,""interval_kind"":""ENGINEERING_INTERVAL_ONLY"",""point"":1.4255567568297611e+17,""rare_event_cost_tail"":""UNRESOLVED""}",
320658683d49757b27e02857d72c812104b84a10d2e28161114e0e3882eba643,0.005,,"{""SE"":135964673.21327642,""engineering_interval"":[130136040250.13594,130679898942.98906],""formal_ci"":false,""interval_kind"":""ENGINEERING_INTERVAL_ONLY"",""point"":130407969596.5625,""rare_event_cost_tail"":""UNRESOLVED""}",
3276bc2d6835f558e94f5062a78717aa12bb7c658550fe367a0cbf1ecf8f1ae2,0.005,,"{""SE"":24505476.577087365,""engineering_interval"":[104221360811.84583,104319382718.15417],""formal_ci"":false,""interval_kind"":""ENGINEERING_INTERVAL_ONLY"",""point"":104270371765.0,""rare_event_cost_tail"":""UNRESOLVED""}",
34e6daf1cb314e655e990b32fb3212f6757d0b360aca598559f347e88dfeb98e,0.005,,"{""SE"":8534290.824449338,""engineering_interval"":[104881316737.56985,104915453900.86765],""formal_ci"":false,""interval_kind"":""ENGINEERING_INTERVAL_ONLY"",""point"":104898385319.21875,""rare_event_cost_tail"":""UNRESOLVED""}",
35c7b343b6d07ad42fe08258526dec3c2e0612b2a051c5dd24cbfd503878aabe,0.005,,"{""SE"":4031190621.865187,""engineering_interval"":[175010246953.26962,191135009440.73038],""formal_ci"":false,""interval_kind"":""ENGINEERING_INTERVAL_ONLY"",""point"":183072628197.0,""rare_event_cost_tail"":""UNRESOLVED""}",
38363bd96a7369aa4c98340f85e43aa05fafad310deb0f8fc441050a6a7db96d,0.005,,"{""SE"":259623447309.7516,""engineering_interval"":[13026298336507.059,14064792125746.066],""formal_ci"":false,""interval_kind"":""ENGINEERING_INTERVAL_ONLY"",""point"":13545545231126.562,""rare_event_cost_tail"":""UNRESOLVED""}",
41297e3c4eaa8a92d3f960610688e26c3bcb721f3b26189125dd7e3b8f44dea8,0.005,,"{""SE"":0.0,""engineering_interval"":[130214169890.0,130214169890.0],""formal_ci"":false,""interval_kind"":""ENGINEERING_INTERVAL_ONLY"",""point"":130214169890.0,""rare_event_cost_tail"":""UNRESOLVED""}",
42361a3deedfb54efcacccec0946bdd0e888c4f8009b27d4df078a313288bf27,0.005,,"{""SE"":40822567.26063772,""engineering_interval"":[72777010900.04123,72940301169.08377],""formal_ci"":false,""interval_kind"":""ENGINEERING_INTERVAL_ONLY"",""point"":72858656034.5625,""rare_event_cost_tail"":""UNRESOLVED""}",
43111e149ded1dba5eda31791bf072fad9b43602b75e5ada11188936fc50ff79,0.005,,"{""SE"":1034203663.4579227,""engineering_interval"":[61392000942.9279,65528815596.7596],""formal_ci"":false,""interval_kind"":""ENGINEERING_INTERVAL_ONLY"",""point"":63460408269.84375,""rare_event_cost_tail"":""UNRESOLVED""}",
432f72f136fb44eb45f8a1464decd8866f1035c4d24c18879bfbdb4eb9a32a0b,0.005,,"{""SE"":115585679.98691635,""engineering_interval"":[46275663456.65117,46738006176.59883],""formal_ci"":false,""interval_kind"":""ENGINEERING_INTERVAL_ONLY"",""point"":46506834816.625,""rare_event_cost_tail"":""UNRESOLVED""}",
433c98a6ae7710c1fcde57d98496c1be7b69c9799cf284964e485277bdb84d00,0.005,,"{""SE"":3532037.9788649236,""engineering_interval"":[192207571511.10477,192221699663.02023],""formal_ci"":false,""interval_kind"":""ENGINEERING_INTERVAL_ONLY"",""point"":192214635587.0625,""rare_event_cost_tail"":""UNRESOLVED""}",
4344e3cc40ba8373dd6d92dcee63b0fbe09cc79c4f74f6698c3ab2506f5b5fe6,0.005,,"{""SE"":649897370.2362835,""engineering_interval"":[57682385773.964935,60281975254.910065],""formal_ci"":false,""interval_kind"":""ENGINEERING_INTERVAL_ONLY"",""point"":58982180514.4375,""rare_event_cost_tail"":""UNRESOLVED""}",
458f6f6cc62a3291793c82518d7b8d99b6b4a7e470c248501d25b7f4122a900e,0.005,,"{""SE"":190138275.09399045,""engineering_interval"":[72442107988.81201,73202661089.18799],""formal_ci"":false,""interval_kind"":""ENGINEERING_INTERVAL_ONLY"",""point"":72822384539.0,""rare_event_cost_tail"":""UNRESOLVED""}",
45c818f0164c7a78e47c2bb417235234f21bc83f5e4c9ba38c23812fce104ea4,0.005,,"{""SE"":26343589760.71199,""engineering_interval"":[1016202157554.826,1121576516597.674],""formal_ci"":false,""interval_kind"":""ENGINEERING_INTERVAL_ONLY"",""point"":1068889337076.25,""rare_event_cost_tail"":""UNRESOLVED""}",
46485c79c46c15175af5a5a1e8d49826f60359668bd8282cfea164c4d3d74710,0.005,,"{""SE"":168321103.61088327,""engineering_interval"":[132607589983.84073,133280874398.28427],""formal_ci"":false,""interval_kind"":""ENGINEERING_INTERVAL_ONLY"",""point"":132944232191.0625,""rare_event_cost_tail"":""UNRESOLVED""}",
48e4aadcc19eb9135024b910a5b8f77269ad837985dd5fc71f392228c3413ad0,0.005,,"{""SE"":3102129904.050321,""engineering_interval"":[164698794452.8681,177107314069.0694],""formal_ci"":false,""interval_kind"":""ENGINEERING_INTERVAL_ONLY"",""point"":170903054260.96875,""rare_event_cost_tail"":""UNRESOLVED""}",
4b34b204f05636c1581487aa5e329f94bbc3806415a04ee8345a3b2d26e74db9,0.005,,"{""SE"":11558748.812224697,""engineering_interval"":[186059623633.62555,186105858628.87445],""formal_ci"":false,""interval_kind"":""ENGINEERING_INTERVAL_ONLY"",""point"":186082741131.25,""rare_event_cost_tail"":""UNRESOLVED""}",
4c0e41a091c151a93aebfd45c5ff805c351f4e187c638864c4fbd4ec7853a915,0.005,,"{""SE"":15056856.963670895,""engineering_interval"":[186046315987.6664,186106543415.5211],""formal_ci"":false,""interval_kind"":""ENGINEERING_INTERVAL_ONLY"",""point"":186076429701.59375,""rare_event_cost_tail"":""UNRESOLVED""}",
4f548d39532e640d0dc5bb2385e0f30191e18a957429b3be087fb6e6f584a941,0.005,,"{""SE"":2040098.6721800661,""engineering_interval"":[106391742336.09314,106399902730.78186],""formal_ci"":false,""interval_kind"":""ENGINEERING_INTERVAL_ONLY"",""point"":106395822533.4375,""rare_event_cost_tail"":""UNRESOLVED""}",
5162239684a3433e4d03200707a0ddbf67e1e7c5c4bb3aa516d93e789f5a2dc9,0.005,,"{""SE"":13108165657.624388,""engineering_interval"":[650334051834.8762,702766714465.3738],""formal_ci"":false,""interval_kind"":""ENGINEERING_INTERVAL_ONLY"",""point"":676550383150.125,""rare_event_cost_tail"":""UNRESOLVED""}",
519fbed1bdb2abfe84139f5afb66613c8cd395593ad7540e74d5bd9af94c09ea,0.005,,"{""SE"":2034013437.7235641,""engineering_interval"":[138738140414.3966,146874194165.2909],""formal_ci"":false,""interval_kind"":""ENGINEERING_INTERVAL_ONLY"",""point"":142806167289.84375,""rare_event_cost_tail"":""UNRESOLVED""}",
51d527be43673608b0ba3347a6ccdd5f1336703fb370972865ca3a5ead959ea3,0.005,,"{""SE"":41012902616011.32,""engineering_interval"":[1073721036352977.9,1237772646817023.2],""formal_ci"":false,""interval_kind"":""ENGINEERING_INTERVAL_ONLY"",""point"":1155746841585000.5,""rare_event_cost_tail"":""UNRESOLVED""}",
521508d82e8b1711110e0efa3bb5d8888d5a4f06e52a8ce7c4a0f93b2c6889d8,0.005,,"{""SE"":62921499.44344135,""engineering_interval"":[128996870114.86311,129248556112.63689],""formal_ci"":false,""interval_kind"":""ENGINEERING_INTERVAL_ONLY"",""point"":129122713113.75,""rare_event_cost_tail"":""UNRESOLVED""}",
54425881a560c7306c36a12eb3cfe0944e179ad9f295929d1829997a7ec05b70,0.005,,"{""SE"":262255831679.97467,""engineering_interval"":[12392578491676.488,13441601818396.387],""formal_ci"":false,""interval_kind"":""ENGINEERING_INTERVAL_ONLY"",""point"":12917090155036.438,""rare_event_cost_tail"":""UNRESOLVED""}",
58389a3d07fa30f8584c1c9deb491b34af2e9475c08e53bf2d93f3e553d1b2ed,0.005,,"{""SE"":415397501.42229575,""engineering_interval"":[48057522712.93666,49719112718.62584],""formal_ci"":false,""interval_kind"":""ENGINEERING_INTERVAL_ONLY"",""point"":48888317715.78125,""rare_event_cost_tail"":""UNRESOLVED""}",
58dea35b859b0db7caa7df00896671005c61138e847205ea8c22a6f199306a59,0.005,,"{""SE"":439641326.6961467,""engineering_interval"":[85102057037.98271,86860622344.76729],""formal_ci"":false,""interval_kind"":""ENGINEERING_INTERVAL_ONLY"",""point"":85981339691.375,""rare_event_cost_tail"":""UNRESOLVED""}",
5c4171e81f2227f7d72310ef5885733a1466fac57dce14e213cdc21c8a8acc54,0.005,,"{""SE"":103035390.23337515,""engineering_interval"":[78297133827.65825,78709275388.59175],""formal_ci"":false,""interval_kind"":""ENGINEERING_INTERVAL_ONLY"",""point"":78503204608.125,""rare_event_cost_tail"":""UNRESOLVED""}",
5dcbd33f279fa88617301114d22fa0d8fd626cc85645a902a634e8ae5afcbe36,0.005,,"{""SE"":5690404.158612685,""engineering_interval"":[115418089494.80777,115440851111.44223],""formal_ci"":false,""interval_kind"":""ENGINEERING_INTERVAL_ONLY"",""point"":115429470303.125,""rare_event_cost_tail"":""UNRESOLVED""}",
6100bc0d97e038cf36a1745b212130fff012367b9ef409a587dc5d8a4ce94593,0.005,,"{""SE"":2633266.1922708726,""engineering_interval"":[108344409994.49046,108354943059.25954],""formal_ci"":false,""interval_kind"":""ENGINEERING_INTERVAL_ONLY"",""point"":108349676526.875,""rare_event_cost_tail"":""UNRESOLVED""}",
62d5fe4a325e1641b8f8033033a22d726f1feedffba03f650389ef26b81ce7ab,0.005,,"{""SE"":0.0,""engineering_interval"":[178280975218.0,178280975218.0],""formal_ci"":false,""interval_kind"":""ENGINEERING_INTERVAL_ONLY"",""point"":178280975218.0,""rare_event_cost_tail"":""UNRESOLVED""}",
66558e0cb333e7d41a33d7e61bc9a6e433df0e6cda3946a9c8a9d4cba9163860,0.005,,"{""SE"":25775213.65870182,""engineering_interval"":[42383720320.745094,42486821175.379906],""formal_ci"":false,""interval_kind"":""ENGINEERING_INTERVAL_ONLY"",""point"":42435270748.0625,""rare_event_cost_tail"":""UNRESOLVED""}",
674d3082b53a74bc118e4cf1f9471aa25d76dcf97802cf6624ac631ac723b552,0.005,,"{""SE"":36243846.3796039,""engineering_interval"":[42357500237.11579,42502475622.63421],""formal_ci"":false,""interval_kind"":""ENGINEERING_INTERVAL_ONLY"",""point"":42429987929.875,""rare_event_cost_tail"":""UNRESOLVED""}",
6817aeb8429ff98787c96a9b618d57108ca5d525f5c9d21a3a0bf646e0b95226,0.005,,"{""SE"":314584630.9331287,""engineering_interval"":[42957516086.13374,44215854609.86626],""formal_ci"":false,""interval_kind"":""ENGINEERING_INTERVAL_ONLY"",""point"":43586685348.0,""rare_event_cost_tail"":""UNRESOLVED""}",
6981e2d0884098159c77cee4c7868e6b81fd65141cf90e1e7ee9198a868ba714,0.005,,"{""SE"":23498475.06629553,""engineering_interval"":[185442833041.1799,185536826941.4451],""formal_ci"":false,""interval_kind"":""ENGINEERING_INTERVAL_ONLY"",""point"":185489829991.3125,""rare_event_cost_tail"":""UNRESOLVED""}",
6a8710a6d8c25f7ab6cbc86318d12688ddaba5f7b0071421e47f0fa7beff11b2,0.005,,"{""SE"":4584631707297294.0,""engineering_interval"":[9.654199305212054e+16,1.1488051988130973e+17],""formal_ci"":false,""interval_kind"":""ENGINEERING_INTERVAL_ONLY"",""point"":1.0571125646671514e+17,""rare_event_cost_tail"":""UNRESOLVED""}",
6aa509612424a195747e286c9eea21bfa4f8f1cafe5d119deccbcd0211457218,0.005,,"{""SE"":2880374847.737935,""engineering_interval"":[168969085662.83664,180490585053.78836],""formal_ci"":false,""interval_kind"":""ENGINEERING_INTERVAL_ONLY"",""point"":174729835358.3125,""rare_event_cost_tail"":""UNRESOLVED""}",
6aceea2aa4c3afa8f6beeb6bfc151cc5ab465130549f38044715e9c4e053f7c8,0.005,,"{""SE"":22179753.633882634,""engineering_interval"":[128227948059.98224,128316667074.51776],""formal_ci"":false,""interval_kind"":""ENGINEERING_INTERVAL_ONLY"",""point"":128272307567.25,""rare_event_cost_tail"":""UNRESOLVED""}",
6bda16d8c99d6d60249b9741acc5f6baf82ae5a9484562398293c88e6fe86176,0.005,,"{""SE"":85991921.42662966,""engineering_interval"":[74474473038.70924,74818440724.41576],""formal_ci"":false,""interval_kind"":""ENGINEERING_INTERVAL_ONLY"",""point"":74646456881.5625,""rare_event_cost_tail"":""UNRESOLVED""}",
6d94925db9107eb619526d6987146a036344e8fb9af2ffd5c6dfe57fa2f8c48c,0.005,,"{""SE"":0.0,""engineering_interval"":[138623203400.0,138623203400.0],""formal_ci"":false,""interval_kind"":""ENGINEERING_INTERVAL_ONLY"",""point"":138623203400.0,""rare_event_cost_tail"":""UNRESOLVED""}",
706dcf93f5323b57899110e5205eef5a821184af75ad4813f59ca8b6ded56c0b,0.005,,"{""SE"":601196393.2604831,""engineering_interval"":[51090928478.979034,53495714052.020966],""formal_ci"":false,""interval_kind"":""ENGINEERING_INTERVAL_ONLY"",""point"":52293321265.5,""rare_event_cost_tail"":""UNRESOLVED""}",
76120a039be5c0ef133f62c4c00ae3bcacb45f35c6962803e8ead5593b48ddfe,0.005,,"{""SE"":3327895.5482402337,""engineering_interval"":[113356585649.52852,113369897231.72148],""formal_ci"":false,""interval_kind"":""ENGINEERING_INTERVAL_ONLY"",""point"":113363241440.625,""rare_event_cost_tail"":""UNRESOLVED""}",
786e73a44ae1d4387a2103e393853c0babd7ccf005b684dcffbad98b369d0ef4,0.005,,"{""SE"":19299544464.370148,""engineering_interval"":[588521485143.0098,665719663000.4902],""formal_ci"":false,""interval_kind"":""ENGINEERING_INTERVAL_ONLY"",""point"":627120574071.75,""rare_event_cost_tail"":""UNRESOLVED""}",
7ab2b562151371e73e5083036b36b8cfa984caaf92464eecc3d6249c14a35e7b,0.005,,"{""SE"":4953417.940554833,""engineering_interval"":[115413822739.1189,115433636410.8811],""formal_ci"":false,""interval_kind"":""ENGINEERING_INTERVAL_ONLY"",""point"":115423729575.0,""rare_event_cost_tail"":""UNRESOLVED""}",
7d1a5e9859531c532ba4dc06e9e100fdb47fa35540ad1b0fad14966a094463d0,0.005,,"{""SE"":149263301.0818424,""engineering_interval"":[74702873295.02382,75299926499.35118],""formal_ci"":false,""interval_kind"":""ENGINEERING_INTERVAL_ONLY"",""point"":75001399897.1875,""rare_event_cost_tail"":""UNRESOLVED""}",
7d88f7949f5aa180b73832ccdf24cb7eeb836abeb5f418ec84c5a6131fa5121a,0.005,,"{""SE"":759265880.846964,""engineering_interval"":[104617080165.64983,107654143689.03767],""formal_ci"":false,""interval_kind"":""ENGINEERING_INTERVAL_ONLY"",""point"":106135611927.34375,""rare_event_cost_tail"":""UNRESOLVED""}",
7e9dba91042dcc748c473162c58cb42da4ae30d1b10a5fe9740185eebcdd77bc,0.005,,"{""SE"":26630845.717218675,""engineering_interval"":[104220480724.50307,104327004107.37193],""formal_ci"":false,""interval_kind"":""ENGINEERING_INTERVAL_ONLY"",""point"":104273742415.9375,""rare_event_cost_tail"":""UNRESOLVED""}",
8243ce07aed765f0bfda156e2b336a03b289d98758c63ca5ae69fb6e7aa3a938,0.005,,"{""SE"":381007164.41417474,""engineering_interval"":[75507547693.98415,77031576351.64085],""formal_ci"":false,""interval_kind"":""ENGINEERING_INTERVAL_ONLY"",""point"":76269562022.8125,""rare_event_cost_tail"":""UNRESOLVED""}",
830a01f9ea6cd9075c324a30b81b282e9a7e91bf8a90d5a2f3abeefc028dfdcd,0.005,,"{""SE"":0.0,""engineering_interval"":[107124284464.0,107124284464.0],""formal_ci"":false,""interval_kind"":""ENGINEERING_INTERVAL_ONLY"",""point"":107124284464.0,""rare_event_cost_tail"":""UNRESOLVED""}",
83e5618afefa1907e8e4ec63e9181968f589b741dccb6ee1caea608bac04819c,0.005,,"{""SE"":3024231.487461088,""engineering_interval"":[192207406568.9001,192219503494.8499],""formal_ci"":false,""interval_kind"":""ENGINEERING_INTERVAL_ONLY"",""point"":192213455031.875,""rare_event_cost_tail"":""UNRESOLVED""}",
84ca3010c9ef77270bd1c05046902ef1275e0d0537529fe49238865e7cc8691e,0.005,,"{""SE"":24216650686392.99,""engineering_interval"":[1325074792355314.8,1421941395100886.8],""formal_ci"":false,""interval_kind"":""ENGINEERING_INTERVAL_ONLY"",""point"":1373508093728100.8,""rare_event_cost_tail"":""UNRESOLVED""}",
878c8e427c9aafb49c188e6a2287b6876caf611d5276b6e99d1d843be3fb16a0,0.005,,"{""SE"":355453678369.0766,""engineering_interval"":[10847456173236.098,12269270886712.402],""formal_ci"":false,""interval_kind"":""ENGINEERING_INTERVAL_ONLY"",""point"":11558363529974.25,""rare_event_cost_tail"":""UNRESOLVED""}",
87975c107b1a6c1bb8ade028214092f3e785194bde41c4b8686fd37236928e3a,0.005,,"{""SE"":143751465.78773585,""engineering_interval"":[78287951033.17453,78862956896.32547],""formal_ci"":false,""interval_kind"":""ENGINEERING_INTERVAL_ONLY"",""point"":78575453964.75,""rare_event_cost_tail"":""UNRESOLVED""}",
87c8a6538609b7bf78b083bad67b5f6e4572ed001e5395f8deeb2a68a082c818,0.005,,"{""SE"":35258379.60664141,""engineering_interval"":[111100091484.53671,111241125002.96329],""formal_ci"":false,""interval_kind"":""ENGINEERING_INTERVAL_ONLY"",""point"":111170608243.75,""rare_event_cost_tail"":""UNRESOLVED""}",
87e3b363e0679bbba5326b8ea415c1352bbd4c143a89cf4cbd00d4ad3b96ed13,0.005,,"{""SE"":5.594394305495526e+16,""engineering_interval"":[1.2154682573093786e+18,1.4392440295291996e+18],""formal_ci"":false,""interval_kind"":""ENGINEERING_INTERVAL_ONLY"",""point"":1.327356143419289e+18,""rare_event_cost_tail"":""UNRESOLVED""}",
8945ba19711a13784eb8dcf48316da1cb06038c11627b50c15a0b61f9e03e041,0.005,,"{""SE"":28394249872.383766,""engineering_interval"":[939124233362.1699,1052701232851.7051],""formal_ci"":false,""interval_kind"":""ENGINEERING_INTERVAL_ONLY"",""point"":995912733106.9375,""rare_event_cost_tail"":""UNRESOLVED""}",
89f6f91b5f2d748deda158aa3bae176f6943faa916a3ba36abfef49054343628,0.005,,"{""SE"":36785836.02555796,""engineering_interval"":[71025831144.63638,71172974488.73862],""formal_ci"":false,""interval_kind"":""ENGINEERING_INTERVAL_ONLY"",""point"":71099402816.6875,""rare_event_cost_tail"":""UNRESOLVED""}",
8b17853946975ed52cf4c981cb3cc29a981436ecf3ba1f2a393e848552338580,0.005,,"{""SE"":33603684.15936823,""engineering_interval"":[111091161209.80626,111225575946.44374],""formal_ci"":false,""interval_kind"":""ENGINEERING_INTERVAL_ONLY"",""point"":111158368578.125,""rare_event_cost_tail"":""UNRESOLVED""}",
8cb55a75f4e5cbe1668180d41f607ced4d2d5348b0c46f7e6adfc6e1f8b69a64,0.005,,"{""SE"":212750724.98464322,""engineering_interval"":[44991392420.343216,45842395320.281784],""formal_ci"":false,""interval_kind"":""ENGINEERING_INTERVAL_ONLY"",""point"":45416893870.3125,""rare_event_cost_tail"":""UNRESOLVED""}",
8cc05214474642fd5e1181e922a270c1158f4bdec02e69395433ba5312ecba30,0.005,,"{""SE"":27616882.58713104,""engineering_interval"":[184969639106.13824,185080106636.48676],""formal_ci"":false,""interval_kind"":""ENGINEERING_INTERVAL_ONLY"",""point"":185024872871.3125,""rare_event_cost_tail"":""UNRESOLVED""}",
8d5804c62f37fff23f5d770aaf526f2257aaaec290bb60005c61700a35349789,0.005,,"{""SE"":6381613.899780103,""engineering_interval"":[112309998319.07544,112335524774.67456],""formal_ci"":false,""interval_kind"":""ENGINEERING_INTERVAL_ONLY"",""point"":112322761546.875,""rare_event_cost_tail"":""UNRESOLVED""}",
8e56ba2ae30e8521b664233eb5ee96cb22d1b5acdece8360e315a446a367530c,0.005,,"{""SE"":69424466.08511376,""engineering_interval"":[40860024563.36102,41137722427.70148],""formal_ci"":false,""interval_kind"":""ENGINEERING_INTERVAL_ONLY"",""point"":40998873495.53125,""rare_event_cost_tail"":""UNRESOLVED""}",
8f671e3db6ee05e1becf6b2ce0315908fa37d553fe3d98e9497f7e0f65d368f6,0.005,,"{""SE"":1869733.6202630554,""engineering_interval"":[106393972673.54073,106401451608.02177],""formal_ci"":false,""interval_kind"":""ENGINEERING_INTERVAL_ONLY"",""point"":106397712140.78125,""rare_event_cost_tail"":""UNRESOLVED""}",
90ed4abcfcb472ebb81f150bd1c1d6570e02f8a443d1ccaa394caaff9144dc40,0.005,,"{""SE"":170521848.99863213,""engineering_interval"":[40961495092.25274,41643582488.24726],""formal_ci"":false,""interval_kind"":""ENGINEERING_INTERVAL_ONLY"",""point"":41302538790.25,""rare_event_cost_tail"":""UNRESOLVED""}",
91eada46941a69e34c2c216123e73683d25a6af4d03d6759f21787869f34906a,0.005,,"{""SE"":11801914.497994209,""engineering_interval"":[111764945055.37901,111812152713.37099],""formal_ci"":false,""interval_kind"":""ENGINEERING_INTERVAL_ONLY"",""point"":111788548884.375,""rare_event_cost_tail"":""UNRESOLVED""}",
92735bdef2a99ce6e10b1b31fb84540c69267e99e786e03882f6e62e2860a785,0.005,,"{""SE"":1976106.4236226592,""engineering_interval"":[187000802519.84024,187008706945.53476],""formal_ci"":false,""interval_kind"":""ENGINEERING_INTERVAL_ONLY"",""point"":187004754732.6875,""rare_event_cost_tail"":""UNRESOLVED""}",
92a14248d5e875c5b94ed1727cbdd7c4708b188c9726600a11083038d44be726,0.005,,"{""SE"":3441112657931564.0,""engineering_interval"":[1.6891393739219882e+17,1.826783880239251e+17],""formal_ci"":false,""interval_kind"":""ENGINEERING_INTERVAL_ONLY"",""point"":1.7579616270806195e+17,""rare_event_cost_tail"":""UNRESOLVED""}",
9a6fcf15d704dbb8e5254b4a087963f23e5d63154ed11e66a8f7b811f7647ee8,0.005,,"{""SE"":2685999.249781785,""engineering_interval"":[112328871004.62544,112339615001.62456],""formal_ci"":false,""interval_kind"":""ENGINEERING_INTERVAL_ONLY"",""point"":112334243003.125,""rare_event_cost_tail"":""UNRESOLVED""}",
9feb7b75a61651992917ebc41e6b410eb6c6942213237eb566c049cd884377a8,0.005,,"{""SE"":2059622636.536206,""engineering_interval"":[114364766526.36508,122603257072.50992],""formal_ci"":false,""interval_kind"":""ENGINEERING_INTERVAL_ONLY"",""point"":118484011799.4375,""rare_event_cost_tail"":""UNRESOLVED""}",
a03014aa67c345b474fa067e0caf5c4269989859da6a86507164b363086dcfca,0.005,,"{""SE"":170271334.80379948,""engineering_interval"":[77101869545.6424,77782954884.8576],""formal_ci"":false,""interval_kind"":""ENGINEERING_INTERVAL_ONLY"",""point"":77442412215.25,""rare_event_cost_tail"":""UNRESOLVED""}",
a2c37c26fc5f4a21a4bb9674583bc56f73132c1d5dfb262463ec19e181df38bb,0.005,,"{""SE"":92811675.21620128,""engineering_interval"":[73365769513.3801,73737016214.2449],""formal_ci"":false,""interval_kind"":""ENGINEERING_INTERVAL_ONLY"",""point"":73551392863.8125,""rare_event_cost_tail"":""UNRESOLVED""}",
a53e7172c52b2f55000edf4e85973aea57195bdff363a785c2b6c8a0fb53e766,0.005,,"{""SE"":22609011.046692554,""engineering_interval"":[72054856901.65662,72145292945.84338],""formal_ci"":false,""interval_kind"":""ENGINEERING_INTERVAL_ONLY"",""point"":72100074923.75,""rare_event_cost_tail"":""UNRESOLVED""}",
a8a8f1e7a7a7117e8e7a0db4681611ef33caed0070494ee7642d733a4d8a6fc4,0.005,,"{""SE"":40810400.00055184,""engineering_interval"":[70990079258.7489,71153320858.7511],""formal_ci"":false,""interval_kind"":""ENGINEERING_INTERVAL_ONLY"",""point"":71071700058.75,""rare_event_cost_tail"":""UNRESOLVED""}",
a8d1ae8bad611016990b909226cd9268c6ac2aa5c79af8b1f3a6f48ef8be551d,0.005,,"{""SE"":497404833218.3393,""engineering_interval"":[16897243319905.135,18886862652778.492],""formal_ci"":false,""interval_kind"":""ENGINEERING_INTERVAL_ONLY"",""point"":17892052986341.812,""rare_event_cost_tail"":""UNRESOLVED""}",
a9fa20b579829f161d1dd0a7d608b836b116cb48747264c454654fcd80125091,0.005,,"{""SE"":21680539.854038462,""engineering_interval"":[128228310779.04192,128315032938.45808],""formal_ci"":false,""interval_kind"":""ENGINEERING_INTERVAL_ONLY"",""point"":128271671858.75,""rare_event_cost_tail"":""UNRESOLVED""}",
abaae2cba4ce9374ddf005b2f382a1060e424b4e1f82984496886ec436aa85f9,0.005,,"{""SE"":390478277.51322263,""engineering_interval"":[82554304314.0673,84116217424.1202],""formal_ci"":false,""interval_kind"":""ENGINEERING_INTERVAL_ONLY"",""point"":83335260869.09375,""rare_event_cost_tail"":""UNRESOLVED""}",
ada9f8a66321054c0bf9691b433eab48ae4f533ef011ea646f2b10d8aa839416,0.005,,"{""SE"":482788390.58477366,""engineering_interval"":[84868156711.45546,86799310273.79454],""formal_ci"":false,""interval_kind"":""ENGINEERING_INTERVAL_ONLY"",""point"":85833733492.625,""rare_event_cost_tail"":""UNRESOLVED""}",
adee9d7a84a1e663c11c0b21eee2a877b2356b908c74e750b9845ab5ebb2a9d2,0.005,,"{""SE"":55248877.49092664,""engineering_interval"":[72775022398.14314,72996017908.10686],""formal_ci"":false,""interval_kind"":""ENGINEERING_INTERVAL_ONLY"",""point"":72885520153.125,""rare_event_cost_tail"":""UNRESOLVED""}",
af18a108ec1bed6872e20655686841d3145e1e8c7a5f4a3f5d1b32a263bf310d,0.005,,"{""SE"":2524767.325047038,""engineering_interval"":[188733168867.00616,188743267936.30634],""formal_ci"":false,""interval_kind"":""ENGINEERING_INTERVAL_ONLY"",""point"":188738218401.65625,""rare_event_cost_tail"":""UNRESOLVED""}",
b074f06c9de6b62333660538b40186ed6be7d5da51716ac97e0db51d2aa02fe3,0.005,,"{""SE"":19548839.587480232,""engineering_interval"":[72036102045.51254,72114297403.86246],""formal_ci"":false,""interval_kind"":""ENGINEERING_INTERVAL_ONLY"",""point"":72075199724.6875,""rare_event_cost_tail"":""UNRESOLVED""}",
b086253a9c225d6d85c2e3664eb3a7782ff87fe41f088d8f313701181c81affd,0.005,,"{""SE"":20918957.707245067,""engineering_interval"":[127689361070.83551,127773036901.66449],""formal_ci"":false,""interval_kind"":""ENGINEERING_INTERVAL_ONLY"",""point"":127731198986.25,""rare_event_cost_tail"":""UNRESOLVED""}",
b0daff612f84d7a465894886fdd43c9a193cc7b89bf32f087fd00eedc8dc5fcf,0.005,,"{""SE"":3115471.148092493,""engineering_interval"":[188728445793.79758,188740907678.38992],""formal_ci"":false,""interval_kind"":""ENGINEERING_INTERVAL_ONLY"",""point"":188734676736.09375,""rare_event_cost_tail"":""UNRESOLVED""}",
b21b40eaacf68ce89dc26ff215b980c60dad8d27487d551bbc4085e379373fa2,0.005,,"{""SE"":527603378.01006615,""engineering_interval"":[57977381587.667366,60087795099.707634],""formal_ci"":false,""interval_kind"":""ENGINEERING_INTERVAL_ONLY"",""point"":59032588343.6875,""rare_event_cost_tail"":""UNRESOLVED""}",
bb1ef0b3d7fbcc5cae3084f25e03b16e170052bb8a895c0f96f8c8d40851bc0c,0.005,,"{""SE"":3396608183.9279685,""engineering_interval"":[159687275201.01907,173273707936.73093],""formal_ci"":false,""interval_kind"":""ENGINEERING_INTERVAL_ONLY"",""point"":166480491568.875,""rare_event_cost_tail"":""UNRESOLVED""}",
bb3274d41dba00cd35559bf3f60afe130e96d55d4105956c36c239fd7164f16d,0.005,,"{""SE"":30560045.079420213,""engineering_interval"":[184907222350.0599,185029462530.3776],""formal_ci"":false,""interval_kind"":""ENGINEERING_INTERVAL_ONLY"",""point"":184968342440.21875,""rare_event_cost_tail"":""UNRESOLVED""}",
bc0c4f7cd840b4439a3014f9e5398028d5824ebc5afeffa1830471772bb67ecd,0.005,,"{""SE"":1410738094454196.0,""engineering_interval"":[5.722755210354175e+16,6.2870504481358536e+16],""formal_ci"":false,""interval_kind"":""ENGINEERING_INTERVAL_ONLY"",""point"":6.004902829245014e+16,""rare_event_cost_tail"":""UNRESOLVED""}",
bf0f920bd28e547b297c0eeaa17d894676a04238308dcdb278de3433cc52f8ef,0.005,,"{""SE"":3007524.77477507,""engineering_interval"":[113358634494.20045,113370664593.29955],""formal_ci"":false,""interval_kind"":""ENGINEERING_INTERVAL_ONLY"",""point"":113364649543.75,""rare_event_cost_tail"":""UNRESOLVED""}",
c0a571a3d3d03d7fe5b14d9e1878f40572e72073aeba8c3db752e484b5df1b6c,0.005,,"{""SE"":4702568.251974613,""engineering_interval"":[186990491157.5273,187009301430.5352],""formal_ci"":false,""interval_kind"":""ENGINEERING_INTERVAL_ONLY"",""point"":186999896294.03125,""rare_event_cost_tail"":""UNRESOLVED""}",
c30ac93e411cfcdcc1e83245c50605b7b566d929f05c979ab6ca8c13c56aa1c4,0.005,,"{""SE"":23002451242479.38,""engineering_interval"":[1688827039832515.5,1780836844802433.0],""formal_ci"":false,""interval_kind"":""ENGINEERING_INTERVAL_ONLY"",""point"":1734831942317474.2,""rare_event_cost_tail"":""UNRESOLVED""}",
c6b6e1622d990b66bd9ffa36353ad422a7eaa149186484001b5ff0d258b88bcc,0.005,,"{""SE"":30028695.756262116,""engineering_interval"":[111353286167.86247,111473400950.88753],""formal_ci"":false,""interval_kind"":""ENGINEERING_INTERVAL_ONLY"",""point"":111413343559.375,""rare_event_cost_tail"":""UNRESOLVED""}",
c72bdad0577d84103eccd94f9c73cf3160cf52b053167e2248a7904889302211,0.005,,"{""SE"":3.247499930230593e+16,""engineering_interval"":[8.818877719255533e+17,1.011787769134777e+18],""formal_ci"":false,""interval_kind"":""ENGINEERING_INTERVAL_ONLY"",""point"":9.468377705301651e+17,""rare_event_cost_tail"":""UNRESOLVED""}",
c904cccb489d0c29a24e8301e097a0dee129239048c2afa55328d8e5be388542,0.005,,"{""SE"":107788606.41248104,""engineering_interval"":[70583567304.05003,71014721729.69997],""formal_ci"":false,""interval_kind"":""ENGINEERING_INTERVAL_ONLY"",""point"":70799144516.875,""rare_event_cost_tail"":""UNRESOLVED""}",
c9b417e6f6571261f810811dc1da992b81b468cc3c83a04cd8227b9aa7769de5,0.005,,"{""SE"":311281363.7039279,""engineering_interval"":[47017652350.40465,48262777805.22035],""formal_ci"":false,""interval_kind"":""ENGINEERING_INTERVAL_ONLY"",""point"":47640215077.8125,""rare_event_cost_tail"":""UNRESOLVED""}",
ca6f63315793fde5bb949bac34cb178743e77289ede3e5933c97319870834050,0.005,,"{""SE"":35970615.391993485,""engineering_interval"":[50354768044.37226,50498650505.94024],""formal_ci"":false,""interval_kind"":""ENGINEERING_INTERVAL_ONLY"",""point"":50426709275.15625,""rare_event_cost_tail"":""UNRESOLVED""}",
caad486e79c9bac0e56b96b582f24e7ea86784b1d9dad3f46d5e21a3e0feb7be,0.005,,"{""SE"":97387350.10522798,""engineering_interval"":[77674433388.35205,78063982788.77295],""formal_ci"":false,""interval_kind"":""ENGINEERING_INTERVAL_ONLY"",""point"":77869208088.5625,""rare_event_cost_tail"":""UNRESOLVED""}",
cb15bc04c13e677de3f7aaae70a957ab795a1032771d26acd12649fbdab2f09c,0.005,,"{""SE"":67684544274417.9,""engineering_interval"":[1560256778570970.5,1830994955668642.0],""formal_ci"":false,""interval_kind"":""ENGINEERING_INTERVAL_ONLY"",""point"":1695625867119806.2,""rare_event_cost_tail"":""UNRESOLVED""}",
cdca33ea00530ae5e2944d7720f317af54634eb24cbcbf595b80bd90a10e55a4,0.005,,"{""SE"":5314804.649818087,""engineering_interval"":[105399788229.60661,105421047448.20589],""formal_ci"":false,""interval_kind"":""ENGINEERING_INTERVAL_ONLY"",""point"":105410417838.90625,""rare_event_cost_tail"":""UNRESOLVED""}",
cf45a20fe03fc32e573b12d58667588459ffadf087be9cecdbfedc45042929bf,0.005,,"{""SE"":306462851393732.2,""engineering_interval"":[9583723364727352.0,1.080957477030228e+16],""formal_ci"":false,""interval_kind"":""ENGINEERING_INTERVAL_ONLY"",""point"":1.0196649067514816e+16,""rare_event_cost_tail"":""UNRESOLVED""}",
d03676f212e5f3998a2d367c39ba1470928420db37c0c6a346c48c9788e85177,0.005,,"{""SE"":21406061.08818575,""engineering_interval"":[77265015498.32362,77350639742.67638],""formal_ci"":false,""interval_kind"":""ENGINEERING_INTERVAL_ONLY"",""point"":77307827620.5,""rare_event_cost_tail"":""UNRESOLVED""}",
d092cdb598d9df416d89170fe8d36a7192e45edb5aabd1f12681d4637ed8910d,0.005,,"{""SE"":38603511653308.08,""engineering_interval"":[1318377693916614.2,1472791740529846.8],""formal_ci"":false,""interval_kind"":""ENGINEERING_INTERVAL_ONLY"",""point"":1395584717223230.5,""rare_event_cost_tail"":""UNRESOLVED""}",
d209869a9ef2a48337c70f37f75b012576caa433500c41d048b315d67b0ae241,0.005,,"{""SE"":27722568.694647375,""engineering_interval"":[111349233171.9857,111460123446.7643],""formal_ci"":false,""interval_kind"":""ENGINEERING_INTERVAL_ONLY"",""point"":111404678309.375,""rare_event_cost_tail"":""UNRESOLVED""}",
d4521b96b99f11a9fe8f4634aab9a868a1d711a3b51650039fc62eda27f0366c,0.005,,"{""SE"":7070483.4201091835,""engineering_interval"":[104895479855.50352,104923761789.18398],""formal_ci"":false,""interval_kind"":""ENGINEERING_INTERVAL_ONLY"",""point"":104909620822.34375,""rare_event_cost_tail"":""UNRESOLVED""}",
d6554cc93e8dcbf5127d2e36079b2e60ff7f99c66333f1a35a60d29e2c3cb764,0.005,,"{""SE"":290829121.750045,""engineering_interval"":[82355755547.18741,83519072034.18759],""formal_ci"":false,""interval_kind"":""ENGINEERING_INTERVAL_ONLY"",""point"":82937413790.6875,""rare_event_cost_tail"":""UNRESOLVED""}",
d72416fe9386c72201ee531653079b046e19dd601a57ac98452e463e88e05248,0.005,,"{""SE"":437789924.1214328,""engineering_interval"":[51576905639.25713,53328065335.74287],""formal_ci"":false,""interval_kind"":""ENGINEERING_INTERVAL_ONLY"",""point"":52452485487.5,""rare_event_cost_tail"":""UNRESOLVED""}",
d92e4db3997289d26ef352e06e4450c20efdb5c828acf7f9bc167d13fb96bf1e,0.005,,"{""SE"":371234382.775647,""engineering_interval"":[48216372537.10496,49701310068.20754],""formal_ci"":false,""interval_kind"":""ENGINEERING_INTERVAL_ONLY"",""point"":48958841302.65625,""rare_event_cost_tail"":""UNRESOLVED""}",
da42ffc9e56d75ed6a85fa3cb86e4967f7bc201cf7b2ac134b4e47a000403a47,0.005,,"{""SE"":3536600600160281.0,""engineering_interval"":[7.18693487499821e+16,8.601575115062322e+16],""formal_ci"":false,""interval_kind"":""ENGINEERING_INTERVAL_ONLY"",""point"":7.894254995030266e+16,""rare_event_cost_tail"":""UNRESOLVED""}",
daf8f64a01a6bef1467d66403425195bb0f6350166e6030c29d2bb9bfdbd3795,0.005,,"{""SE"":1153224.137452502,""engineering_interval"":[105416180524.69385,105420793421.24365],""formal_ci"":false,""interval_kind"":""ENGINEERING_INTERVAL_ONLY"",""point"":105418486972.96875,""rare_event_cost_tail"":""UNRESOLVED""}",
dafe1fc3d9cabbcf37c5209ff808b1d18d7caff908bb6fd42cd24d29e03f55b4,0.005,,"{""SE"":19838034.18012121,""engineering_interval"":[104516026405.546,104595378542.2665],""formal_ci"":false,""interval_kind"":""ENGINEERING_INTERVAL_ONLY"",""point"":104555702473.90625,""rare_event_cost_tail"":""UNRESOLVED""}",
dc81fc6ca334b9050e88cb9492808ded22af54b28e152b3f0104203350f25dde,0.005,,"{""SE"":204193898.98445103,""engineering_interval"":[79685307930.49985,80502083526.43765],""formal_ci"":false,""interval_kind"":""ENGINEERING_INTERVAL_ONLY"",""point"":80093695728.46875,""rare_event_cost_tail"":""UNRESOLVED""}",
dd53221831709e1179ac560b750ab4e994c7427e849246ed0098e85c0f34ccfe,0.005,,"{""SE"":22470978.40943466,""engineering_interval"":[185497377334.36862,185587261248.00638],""formal_ci"":false,""interval_kind"":""ENGINEERING_INTERVAL_ONLY"",""point"":185542319291.1875,""rare_event_cost_tail"":""UNRESOLVED""}",
e301d2a1dd4c98d851acc0855c688c17977db1bef75dbbf5ee64da56707ade78,0.005,,"{""SE"":1723670904.274434,""engineering_interval"":[116523571938.20113,123418255555.29887],""formal_ci"":false,""interval_kind"":""ENGINEERING_INTERVAL_ONLY"",""point"":119970913746.75,""rare_event_cost_tail"":""UNRESOLVED""}",
e33dc8c98c0ec5d814de213fad448beb39327b2fa0d9ab3cb11e1c97842d52ec,0.005,,"{""SE"":60479078.53971554,""engineering_interval"":[128914573756.67056,129156490070.82944],""formal_ci"":false,""interval_kind"":""ENGINEERING_INTERVAL_ONLY"",""point"":129035531913.75,""rare_event_cost_tail"":""UNRESOLVED""}",
e5f5dfeb10d27592d7f6aa4514b976aee460d580a61e9b8f51713210ac01851e,0.005,,"{""SE"":128356767.37378308,""engineering_interval"":[40713049732.87743,41226476802.37257],""formal_ci"":false,""interval_kind"":""ENGINEERING_INTERVAL_ONLY"",""point"":40969763267.625,""rare_event_cost_tail"":""UNRESOLVED""}",
e643f82e31b6fec2bf50d85a1377ebac85822e3c74a272d30015c31615af234d,0.005,,"{""SE"":201583053.24472153,""engineering_interval"":[71854215564.72931,72660547777.70819],""formal_ci"":false,""interval_kind"":""ENGINEERING_INTERVAL_ONLY"",""point"":72257381671.21875,""rare_event_cost_tail"":""UNRESOLVED""}",
e65cdad1c7bc4b357f5e775b4d41fad00b6a30a35596ca5bd6cc3bc145cd25e6,0.005,,"{""SE"":11084854.730154008,""engineering_interval"":[111768003909.28969,111812343328.21031],""formal_ci"":false,""interval_kind"":""ENGINEERING_INTERVAL_ONLY"",""point"":111790173618.75,""rare_event_cost_tail"":""UNRESOLVED""}",
e66323b52ebc9b603a359a3e7204a59c2b64cfaf7c267a70d822f95bc762d7e0,0.005,,"{""SE"":78082178846639.16,""engineering_interval"":[1979706365505368.2,2292035080891925.0],""formal_ci"":false,""interval_kind"":""ENGINEERING_INTERVAL_ONLY"",""point"":2135870723198646.5,""rare_event_cost_tail"":""UNRESOLVED""}",
e841434c51fa80a0654e08890b2f0ebab855d256f7d77b180d81389ea2a16ff6,0.005,,"{""SE"":1313115713412339.0,""engineering_interval"":[7.034135276969156e+16,7.559381562334091e+16],""formal_ci"":false,""interval_kind"":""ENGINEERING_INTERVAL_ONLY"",""point"":7.296758419651624e+16,""rare_event_cost_tail"":""UNRESOLVED""}",
eaa1c049e9af23fd93bda470d29e0e1bba5c574a55c59aa17dd8e85ef2f3cf55,0.005,,"{""SE"":96466257.8476745,""engineering_interval"":[130027917151.92966,130413782183.32034],""formal_ci"":false,""interval_kind"":""ENGINEERING_INTERVAL_ONLY"",""point"":130220849667.625,""rare_event_cost_tail"":""UNRESOLVED""}",
eea3b79549639a1f94af3626c61f8af8f3c21c448b01c89f752dd3a47f1a842d,0.005,,"{""SE"":14029351043.763554,""engineering_interval"":[579836491249.6917,635953895424.7458],""formal_ci"":false,""interval_kind"":""ENGINEERING_INTERVAL_ONLY"",""point"":607895193337.2188,""rare_event_cost_tail"":""UNRESOLVED""}",
ef7c029e36978da610cb160434d92246ec8ce87b1a5ad1c6ed071b96b06b133d,0.005,,"{""SE"":1.6058138205314296e+16,""engineering_interval"":[4.129610529618816e+17,4.771936057831388e+17],""formal_ci"":false,""interval_kind"":""ENGINEERING_INTERVAL_ONLY"",""point"":4.450773293725102e+17,""rare_event_cost_tail"":""UNRESOLVED""}",
f001e8b94db94701b9f67815f2a902acd52ac6c2c51f8a39b5f7cf24c4d2f6e3,0.005,,"{""SE"":25614512.639864095,""engineering_interval"":[77627761954.65778,77730220005.21722],""formal_ci"":false,""interval_kind"":""ENGINEERING_INTERVAL_ONLY"",""point"":77678990979.9375,""rare_event_cost_tail"":""UNRESOLVED""}",
f0d03002cc89c460507fbdc85f422f89530551efbc0355555d73336da55f25c1,0.005,,"{""SE"":92473769.26513629,""engineering_interval"":[70442082156.28223,70811977233.34277],""formal_ci"":false,""interval_kind"":""ENGINEERING_INTERVAL_ONLY"",""point"":70627029694.8125,""rare_event_cost_tail"":""UNRESOLVED""}",
f12de42481de9b2e8ee5db614a8b7657291f9bf4b19f3cd0c473f9751b716223,0.005,,"{""SE"":400943378.91370714,""engineering_interval"":[46612106908.672585,48215880424.327415],""formal_ci"":false,""interval_kind"":""ENGINEERING_INTERVAL_ONLY"",""point"":47413993666.5,""rare_event_cost_tail"":""UNRESOLVED""}",
f376bc777f907474583ffb58d55f107c58b24eaa9827eab8a92d15c2437855f3,0.005,,"{""SE"":240624802767.6235,""engineering_interval"":[10746403583299.223,11708902794369.715],""formal_ci"":false,""interval_kind"":""ENGINEERING_INTERVAL_ONLY"",""point"":11227653188834.469,""rare_event_cost_tail"":""UNRESOLVED""}",
f3be6a53917827b98a55f7fcaf41047e0261f7a1ae0346f24b33318d72606e70,0.005,,"{""SE"":1011295937.0505109,""engineering_interval"":[63175611674.18023,67220795422.38227],""formal_ci"":false,""interval_kind"":""ENGINEERING_INTERVAL_ONLY"",""point"":65198203548.28125,""rare_event_cost_tail"":""UNRESOLVED""}",
f8becb5621f43ad78652b06f507a0c56a7c8ebaa9b6c8cd700211e9fef7204e1,0.005,,"{""SE"":2977046.746579101,""engineering_interval"":[108343416010.56934,108355324197.55566],""formal_ci"":false,""interval_kind"":""ENGINEERING_INTERVAL_ONLY"",""point"":108349370104.0625,""rare_event_cost_tail"":""UNRESOLVED""}",
fc52f4ae1b4edae4de4611f9aa054f7e0c451c1d20a25418875a6f741227578c,0.005,,"{""SE"":71243711.56104748,""engineering_interval"":[40894291020.87791,41179265867.12209],""formal_ci"":false,""interval_kind"":""ENGINEERING_INTERVAL_ONLY"",""point"":41036778444.0,""rare_event_cost_tail"":""UNRESOLVED""}",
a090ea4c0aa58921cf4904fed6f6f74fac8d2e12f031736c8c94aa80754f295b,0.005,,"{""SE"":1388760089.3967083,""engineering_interval"":[105489789460.76909,111044829818.35591],""formal_ci"":false,""interval_kind"":""ENGINEERING_INTERVAL_ONLY"",""point"":108267309639.5625,""rare_event_cost_tail"":""UNRESOLVED""}",
04fd01953da32388ffe89213935b02c8e125b7c4ab80f6528f3cc8f10c7bb2a8,0.001,,"{""SE"":7163632403.354032,""engineering_interval"":[4015748730134.698,4044403259748.1143],""formal_ci"":false,""interval_kind"":""ENGINEERING_INTERVAL_ONLY"",""point"":4030075994941.4062,""rare_event_cost_tail"":""UNRESOLVED""}",
0548a5163294a93cee044683d08a1f82b524398dbf8cb65e87d6286fbce93a76,0.001,,"{""SE"":3991882244.5789104,""engineering_interval"":[3887763775368.405,3903731304346.72],""formal_ci"":false,""interval_kind"":""ENGINEERING_INTERVAL_ONLY"",""point"":3895747539857.5625,""rare_event_cost_tail"":""UNRESOLVED""}",
0dd5e9256d7a6fd9db7bc2486c672e3ca5f32e0b0e6d4d421d0644d05d18321f,0.001,,"{""SE"":1776254222.85871,""engineering_interval"":[8355525285299.938,8362630302191.374],""formal_ci"":false,""interval_kind"":""ENGINEERING_INTERVAL_ONLY"",""point"":8359077793745.656,""rare_event_cost_tail"":""UNRESOLVED""}",
0fd820307c65baac590d8af8dae0ea1d47507380ab8c0a53c0cbb24caedf3020,0.001,,"{""SE"":9327444757.584343,""engineering_interval"":[5877116918099.362,5914426697129.7],""formal_ci"":false,""interval_kind"":""ENGINEERING_INTERVAL_ONLY"",""point"":5895771807614.531,""rare_event_cost_tail"":""UNRESOLVED""}",
10ba41c319067ed3b5c78b86e2b0f1cdea3ff6207fa8940511de2a6aa100f4bc,0.001,,"{""SE"":866558816.574779,""engineering_interval"":[3745912078338.4756,3749378313604.7744],""formal_ci"":false,""interval_kind"":""ENGINEERING_INTERVAL_ONLY"",""point"":3747645195971.625,""rare_event_cost_tail"":""UNRESOLVED""}",
1163c4136d3d573a3aa05c5471b91190fa3ed3ae43b3340113c1d426a0947559,0.001,,"{""SE"":10297728474.709703,""engineering_interval"":[2241068169142.768,2282259083041.607],""formal_ci"":false,""interval_kind"":""ENGINEERING_INTERVAL_ONLY"",""point"":2261663626092.1875,""rare_event_cost_tail"":""UNRESOLVED""}",
1348cf85115c90d38103b1942cca71ee6016a96d26d693e03d9338694b91166f,0.001,,"{""SE"":0.0,""engineering_interval"":[8033414414292.0,8033414414292.0],""formal_ci"":false,""interval_kind"":""ENGINEERING_INTERVAL_ONLY"",""point"":8033414414292.0,""rare_event_cost_tail"":""UNRESOLVED""}",
1d58488d677e17777853175aa1c66c47f88cc47cd8d218fe21fde300ecd9d0cc,0.001,,"{""SE"":1338958401.8481927,""engineering_interval"":[5787528921573.71,5792884755181.103],""formal_ci"":false,""interval_kind"":""ENGINEERING_INTERVAL_ONLY"",""point"":5790206838377.406,""rare_event_cost_tail"":""UNRESOLVED""}",
2072b954a9b8750bd6b8b860ac8d845a97acef1ca15b30d23b220eba55476d3a,0.001,,"{""SE"":7467802253.436916,""engineering_interval"":[4022577250654.501,4052448459668.249],""formal_ci"":false,""interval_kind"":""ENGINEERING_INTERVAL_ONLY"",""point"":4037512855161.375,""rare_event_cost_tail"":""UNRESOLVED""}",
20b11fae9be7109e97b53be41cc58aad912a4f9ecd1ae30435905c63fc6e5d93,0.001,,"{""SE"":1445388410.3936627,""engineering_interval"":[5786531983613.713,5792313537255.287],""formal_ci"":false,""interval_kind"":""ENGINEERING_INTERVAL_ONLY"",""point"":5789422760434.5,""rare_event_cost_tail"":""UNRESOLVED""}",
23f5559418d8689bd80e95d87ea290b2f76ee48728bdda7a12cd18a8d529c8d0,0.001,,"{""SE"":0.0,""engineering_interval"":[6781866967090.0,6781866967090.0],""formal_ci"":false,""interval_kind"":""ENGINEERING_INTERVAL_ONLY"",""point"":6781866967090.0,""rare_event_cost_tail"":""UNRESOLVED""}",
2a25ec7dde94e71f05514143db7e8d8376837e58686e99f4acf800e0a3f34b76,0.001,,"{""SE"":21885432934.096085,""engineering_interval"":[3387954599137.5576,3475496330873.9424],""formal_ci"":false,""interval_kind"":""ENGINEERING_INTERVAL_ONLY"",""point"":3431725465005.75,""rare_event_cost_tail"":""UNRESOLVED""}",
2b5dab0ff9f2e50e8ca8641bc0074353f2e28f69d056c23d63fceb753782a158,0.001,,"{""SE"":19957416754.444885,""engineering_interval"":[3060071755024.7666,3139901422042.546],""formal_ci"":false,""interval_kind"":""ENGINEERING_INTERVAL_ONLY"",""point"":3099986588533.6562,""rare_event_cost_tail"":""UNRESOLVED""}",
2caa6473e54141eda42d4324121850162754ffc43f8af467d07f84dbf97c01c3,0.001,,"{""SE"":1.192261240736271e+17,""engineering_interval"":[4.727644314679625e+18,5.204548810974133e+18],""formal_ci"":false,""interval_kind"":""ENGINEERING_INTERVAL_ONLY"",""point"":4.966096562826879e+18,""rare_event_cost_tail"":""UNRESOLVED""}",
2dfe69ffa6dcdb300b6803666fec70973e749380595b152f39ff0c8a19413789,0.001,,"{""SE"":14291496838.132135,""engineering_interval"":[6185331636619.923,6242497623972.452],""formal_ci"":false,""interval_kind"":""ENGINEERING_INTERVAL_ONLY"",""point"":6213914630296.1875,""rare_event_cost_tail"":""UNRESOLVED""}",
30417cbeec0ce17eaa6d0e3cb89213b52cb65cb6c654cc0a1a427471d2c0cebd,0.001,,"{""SE"":323515763310.85754,""engineering_interval"":[18232615043906.785,19526678097150.215],""formal_ci"":false,""interval_kind"":""ENGINEERING_INTERVAL_ONLY"",""point"":18879646570528.5,""rare_event_cost_tail"":""UNRESOLVED""}",
311c4b79fd41796b21aee085729f34aafe4f4fbdee2fcc6bf5ac5da93caf9e63,0.001,,"{""SE"":2.66616828347044e+17,""engineering_interval"":[7.978200671213724e+18,9.044667984601899e+18],""formal_ci"":false,""interval_kind"":""ENGINEERING_INTERVAL_ONLY"",""point"":8.511434327907811e+18,""rare_event_cost_tail"":""UNRESOLVED""}",
320658683d49757b27e02857d72c812104b84a10d2e28161114e0e3882eba643,0.001,,"{""SE"":3990151794.851143,""engineering_interval"":[3819099052033.7354,3835059659213.1396],""formal_ci"":false,""interval_kind"":""ENGINEERING_INTERVAL_ONLY"",""point"":3827079355623.4375,""rare_event_cost_tail"":""UNRESOLVED""}",
3276bc2d6835f558e94f5062a78717aa12bb7c658550fe367a0cbf1ecf8f1ae2,0.001,,"{""SE"":1959263681.2719471,""engineering_interval"":[8332713971468.456,8340551026193.544],""formal_ci"":false,""interval_kind"":""ENGINEERING_INTERVAL_ONLY"",""point"":8336632498831.0,""rare_event_cost_tail"":""UNRESOLVED""}",
34e6daf1cb314e655e990b32fb3212f6757d0b360aca598559f347e88dfeb98e,0.001,,"{""SE"":682334253.1273227,""engineering_interval"":[8385478816601.901,8388208153614.411],""formal_ci"":false,""interval_kind"":""ENGINEERING_INTERVAL_ONLY"",""point"":8386843485108.156,""rare_event_cost_tail"":""UNRESOLVED""}",
35c7b343b6d07ad42fe08258526dec3c2e0612b2a051c5dd24cbfd503878aabe,0.001,,"{""SE"":240686331816.84622,""engineering_interval"":[10449164606870.713,11411909934138.1],""formal_ci"":false,""interval_kind"":""ENGINEERING_INTERVAL_ONLY"",""point"":10930537270504.406,""rare_event_cost_tail"":""UNRESOLVED""}",
38363bd96a7369aa4c98340f85e43aa05fafad310deb0f8fc441050a6a7db96d,0.001,,"{""SE"":7426965297247.531,""engineering_interval"":[372639169147945.25,402347030336935.4],""formal_ci"":false,""interval_kind"":""ENGINEERING_INTERVAL_ONLY"",""point"":387493099742440.3,""rare_event_cost_tail"":""UNRESOLVED""}",
41297e3c4eaa8a92d3f960610688e26c3bcb721f3b26189125dd7e3b8f44dea8,0.001,,"{""SE"":0.0,""engineering_interval"":[10410892971206.0,10410892971206.0],""formal_ci"":false,""interval_kind"":""ENGINEERING_INTERVAL_ONLY"",""point"":10410892971206.0,""rare_event_cost_tail"":""UNRESOLVED""}",
42361a3deedfb54efcacccec0946bdd0e888c4f8009b27d4df078a313288bf27,0.001,,"{""SE"":3263848478.184239,""engineering_interval"":[5818672176013.132,5831727569925.868],""formal_ci"":false,""interval_kind"":""ENGINEERING_INTERVAL_ONLY"",""point"":5825199872969.5,""rare_event_cost_tail"":""UNRESOLVED""}",
433c98a6ae7710c1fcde57d98496c1be7b69c9799cf284964e485277bdb84d00,0.001,,"{""SE"":103654689.69425894,""engineering_interval"":[5640714029998.424,5641128648757.201],""formal_ci"":false,""interval_kind"":""ENGINEERING_INTERVAL_ONLY"",""point"":5640921339377.8125,""rare_event_cost_tail"":""UNRESOLVED""}",
4344e3cc40ba8373dd6d92dcee63b0fbe09cc79c4f74f6698c3ab2506f5b5fe6,0.001,,"{""SE"":51719038950.41791,""engineering_interval"":[4590382563807.102,4797258719608.773],""formal_ci"":false,""interval_kind"":""ENGINEERING_INTERVAL_ONLY"",""point"":4693820641707.9375,""rare_event_cost_tail"":""UNRESOLVED""}",
458f6f6cc62a3291793c82518d7b8d99b6b4a7e470c248501d25b7f4122a900e,0.001,,"{""SE"":5577954002.548748,""engineering_interval"":[2125183611818.9026,2147495427829.0974],""formal_ci"":false,""interval_kind"":""ENGINEERING_INTERVAL_ONLY"",""point"":2136339519824.0,""rare_event_cost_tail"":""UNRESOLVED""}",
46485c79c46c15175af5a5a1e8d49826f60359668bd8282cfea164c4d3d74710,0.001,,"{""SE"":4939714834.10953,""engineering_interval"":[3891631324334.656,3911390183671.094],""formal_ci"":false,""interval_kind"":""ENGINEERING_INTERVAL_ONLY"",""point"":3901510754002.875,""rare_event_cost_tail"":""UNRESOLVED""}",
48e4aadcc19eb9135024b910a5b8f77269ad837985dd5fc71f392228c3413ad0,0.001,,"{""SE"":185216019215.92548,""engineering_interval"":[9833519556480.617,10574383633344.32],""formal_ci"":false,""interval_kind"":""ENGINEERING_INTERVAL_ONLY"",""point"":10203951594912.469,""rare_event_cost_tail"":""UNRESOLVED""}",
4b34b204f05636c1581487aa5e329f94bbc3806415a04ee8345a3b2d26e74db9,0.001,,"{""SE"":339214506.90914416,""engineering_interval"":[5460290253892.432,5461647111920.068],""formal_ci"":false,""interval_kind"":""ENGINEERING_INTERVAL_ONLY"",""point"":5460968682906.25,""rare_event_cost_tail"":""UNRESOLVED""}",
4c0e41a091c151a93aebfd45c5ff805c351f4e187c638864c4fbd4ec7853a915,0.001,,"{""SE"":441873458.235494,""engineering_interval"":[5459899714515.248,5461667208348.189],""formal_ci"":false,""interval_kind"":""ENGINEERING_INTERVAL_ONLY"",""point"":5460783461431.719,""rare_event_cost_tail"":""UNRESOLVED""}",
4f548d39532e640d0dc5bb2385e0f30191e18a957429b3be087fb6e6f584a941,0.001,,"{""SE"":163110120.38634703,""engineering_interval"":[8506240476108.54,8506892916590.085],""formal_ci"":false,""interval_kind"":""ENGINEERING_INTERVAL_ONLY"",""point"":8506566696349.3125,""rare_event_cost_tail"":""UNRESOLVED""}",
5162239684a3433e4d03200707a0ddbf67e1e7c5c4bb3aa516d93e789f5a2dc9,0.001,,"{""SE"":374981116437.9817,""engineering_interval"":[18603898911884.348,20103823377636.277],""formal_ci"":false,""interval_kind"":""ENGINEERING_INTERVAL_ONLY"",""point"":19353861144760.312,""rare_event_cost_tail"":""UNRESOLVED""}",
519fbed1bdb2abfe84139f5afb66613c8cd395593ad7540e74d5bd9af94c09ea,0.001,,"{""SE"":58186347484.22572,""engineering_interval"":[3968835946581.642,4201581336518.5454],""formal_ci"":false,""interval_kind"":""ENGINEERING_INTERVAL_ONLY"",""point"":4085208641550.0938,""rare_event_cost_tail"":""UNRESOLVED""}",
51d527be43673608b0ba3347a6ccdd5f1336703fb370972865ca3a5ead959ea3,0.001,,"{""SE"":2449370753685111.0,""engineering_interval"":[6.412472018092986e+16,7.39222031956703e+16],""formal_ci"":false,""interval_kind"":""ENGINEERING_INTERVAL_ONLY"",""point"":6.902346168830008e+16,""rare_event_cost_tail"":""UNRESOLVED""}",
521508d82e8b1711110e0efa3bb5d8888d5a4f06e52a8ce7c4a0f93b2c6889d8,0.001,,"{""SE"":1846555861.0386417,""engineering_interval"":[3785668311677.048,3793054535121.202],""formal_ci"":false,""interval_kind"":""ENGINEERING_INTERVAL_ONLY"",""point"":3789361423399.125,""rare_event_cost_tail"":""UNRESOLVED""}",
54425881a560c7306c36a12eb3cfe0944e179ad9f295929d1829997a7ec05b70,0.001,,"{""SE"":7500723762374.638,""engineering_interval"":[354437525275089.6,384440420324588.1],""formal_ci"":false,""interval_kind"":""ENGINEERING_INTERVAL_ONLY"",""point"":369438972799838.9,""rare_event_cost_tail"":""UNRESOLVED""}",
58389a3d07fa30f8584c1c9deb491b34af2e9475c08e53bf2d93f3e553d1b2ed,0.001,,"{""SE"":33057471379.42442,""engineering_interval"":[3824433647793.9014,3956663533311.5986],""formal_ci"":false,""interval_kind"":""ENGINEERING_INTERVAL_ONLY"",""point"":3890548590552.75,""rare_event_cost_tail"":""UNRESOLVED""}",
58dea35b859b0db7caa7df00896671005c61138e847205ea8c22a6f199306a59,0.001,,"{""SE"":12897452489.379637,""engineering_interval"":[2496579986336.1157,2548169796293.6343],""formal_ci"":false,""interval_kind"":""ENGINEERING_INTERVAL_ONLY"",""point"":2522374891314.875,""rare_event_cost_tail"":""UNRESOLVED""}",
6100bc0d97e038cf36a1745b212130fff012367b9ef409a587dc5d8a4ce94593,0.001,,"{""SE"":210535093.95779335,""engineering_interval"":[8662360305594.709,8663202445970.541],""formal_ci"":false,""interval_kind"":""ENGINEERING_INTERVAL_ONLY"",""point"":8662781375782.625,""rare_event_cost_tail"":""UNRESOLVED""}",
62d5fe4a325e1641b8f8033033a22d726f1feedffba03f650389ef26b81ce7ab,0.001,,"{""SE"":0.0,""engineering_interval"":[5231421610956.0,5231421610956.0],""formal_ci"":false,""interval_kind"":""ENGINEERING_INTERVAL_ONLY"",""point"":5231421610956.0,""rare_event_cost_tail"":""UNRESOLVED""}",
66558e0cb333e7d41a33d7e61bc9a6e433df0e6cda3946a9c8a9d4cba9163860,0.001,,"{""SE"":2051199092.243147,""engineering_interval"":[3372908942636.42,3381113739005.3926],""formal_ci"":false,""interval_kind"":""ENGINEERING_INTERVAL_ONLY"",""point"":3377011340820.9062,""rare_event_cost_tail"":""UNRESOLVED""}",
674d3082b53a74bc118e4cf1f9471aa25d76dcf97802cf6624ac631ac723b552,0.001,,"{""SE"":2888214816.5594583,""engineering_interval"":[3375402226793.006,3386955086059.244],""formal_ci"":false,""interval_kind"":""ENGINEERING_INTERVAL_ONLY"",""point"":3381178656426.125,""rare_event_cost_tail"":""UNRESOLVED""}",
6817aeb8429ff98787c96a9b618d57108ca5d525f5c9d21a3a0bf646e0b95226,0.001,,"{""SE"":25034783339.206577,""engineering_interval"":[3418578030391.587,3518717163748.413],""formal_ci"":false,""interval_kind"":""ENGINEERING_INTERVAL_ONLY"",""point"":3468647597070.0,""rare_event_cost_tail"":""UNRESOLVED""}",
6981e2d0884098159c77cee4c7868e6b81fd65141cf90e1e7ee9198a868ba714,0.001,,"{""SE"":689609555.6899713,""engineering_interval"":[5442189305417.683,5444947743640.442],""formal_ci"":false,""interval_kind"":""ENGINEERING_INTERVAL_ONLY"",""point"":5443568524529.0625,""rare_event_cost_tail"":""UNRESOLVED""}",
6aa509612424a195747e286c9eea21bfa4f8f1cafe5d119deccbcd0211457218,0.001,,"{""SE"":82397700804.97398,""engineering_interval"":[4833629267617.864,5163220070837.761],""formal_ci"":false,""interval_kind"":""ENGINEERING_INTERVAL_ONLY"",""point"":4998424669227.8125,""rare_event_cost_tail"":""UNRESOLVED""}",
6aceea2aa4c3afa8f6beeb6bfc151cc5ab465130549f38044715e9c4e053f7c8,0.001,,"{""SE"":650908899.3299766,""engineering_interval"":[3763103680627.0273,3765707316224.3477],""formal_ci"":false,""interval_kind"":""ENGINEERING_INTERVAL_ONLY"",""point"":3764405498425.6875,""rare_event_cost_tail"":""UNRESOLVED""}",
6bda16d8c99d6d60249b9741acc5f6baf82ae5a9484562398293c88e6fe86176,0.001,,"{""SE"":6875236623.385252,""engineering_interval"":[5954392180664.636,5981893127158.177],""formal_ci"":false,""interval_kind"":""ENGINEERING_INTERVAL_ONLY"",""point"":5968142653911.406,""rare_event_cost_tail"":""UNRESOLVED""}",
786e73a44ae1d4387a2103e393853c0babd7ccf005b684dcffbad98b369d0ef4,0.001,,"{""SE"":1152308011713.091,""engineering_interval"":[35138550738726.41,39747782785578.77],""formal_ci"":false,""interval_kind"":""ENGINEERING_INTERVAL_ONLY"",""point"":37443166762152.59,""rare_event_cost_tail"":""UNRESOLVED""}",
7d1a5e9859531c532ba4dc06e9e100fdb47fa35540ad1b0fad14966a094463d0,0.001,,"{""SE"":11933917711.105665,""engineering_interval"":[5972653265903.258,6020388936747.68],""formal_ci"":false,""interval_kind"":""ENGINEERING_INTERVAL_ONLY"",""point"":5996521101325.469,""rare_event_cost_tail"":""UNRESOLVED""}",
7d88f7949f5aa180b73832ccdf24cb7eeb836abeb5f418ec84c5a6131fa5121a,0.001,,"{""SE"":22274062144.27336,""engineering_interval"":[3069079493421.6094,3158175741998.703],""formal_ci"":false,""interval_kind"":""ENGINEERING_INTERVAL_ONLY"",""point"":3113627617710.1562,""rare_event_cost_tail"":""UNRESOLVED""}",
7e9dba91042dcc748c473162c58cb42da4ae30d1b10a5fe9740185eebcdd77bc,0.001,,"{""SE"":2129191352.4378672,""engineering_interval"":[8332643606659.937,8341160372069.688],""formal_ci"":false,""interval_kind"":""ENGINEERING_INTERVAL_ONLY"",""point"":8336901989364.8125,""rare_event_cost_tail"":""UNRESOLVED""}",
8243ce07aed765f0bfda156e2b336a03b289d98758c63ca5ae69fb6e7aa3a938,0.001,,"{""SE"":11177346296.72496,""engineering_interval"":[2215113224681.238,2259822609868.137],""formal_ci"":false,""interval_kind"":""ENGINEERING_INTERVAL_ONLY"",""point"":2237467917274.6875,""rare_event_cost_tail"":""UNRESOLVED""}",
83e5618afefa1907e8e4ec63e9181968f589b741dccb6ee1caea608bac04819c,0.001,,"{""SE"":88752096.74192877,""engineering_interval"":[5640709189440.892,5641064197827.858],""formal_ci"":false,""interval_kind"":""ENGINEERING_INTERVAL_ONLY"",""point"":5640886693634.375,""rare_event_cost_tail"":""UNRESOLVED""}",
84ca3010c9ef77270bd1c05046902ef1275e0d0537529fe49238865e7cc8691e,0.001,,"{""SE"":691580238938771.6,""engineering_interval"":[3.7841547676274744e+16,4.060786863202983e+16],""formal_ci"":false,""interval_kind"":""ENGINEERING_INTERVAL_ONLY"",""point"":3.922470815415229e+16,""rare_event_cost_tail"":""UNRESOLVED""}",
878c8e427c9aafb49c188e6a2287b6876caf611d5276b6e99d1d843be3fb16a0,0.001,,"{""SE"":21223840936247.93,""engineering_interval"":[647692507895882.4,732587871640874.1],""formal_ci"":false,""interval_kind"":""ENGINEERING_INTERVAL_ONLY"",""point"":690140189768378.2,""rare_event_cost_tail"":""UNRESOLVED""}",
89f6f91b5f2d748deda158aa3bae176f6943faa916a3ba36abfef49054343628,0.001,,"{""SE"":1079160619.8520825,""engineering_interval"":[2083635666464.171,2087952308943.579],""formal_ci"":false,""interval_kind"":""ENGINEERING_INTERVAL_ONLY"",""point"":2085793987703.875,""rare_event_cost_tail"":""UNRESOLVED""}",
8cc05214474642fd5e1181e922a270c1158f4bdec02e69395433ba5312ecba30,0.001,,"{""SE"":810472427.5393548,""engineering_interval"":[5428302486873.983,5431544376584.142],""formal_ci"":false,""interval_kind"":""ENGINEERING_INTERVAL_ONLY"",""point"":5429923431729.0625,""rare_event_cost_tail"":""UNRESOLVED""}",
8e56ba2ae30e8521b664233eb5ee96cb22d1b5acdece8360e315a446a367530c,0.001,,"{""SE"":5524820275.560438,""engineering_interval"":[3251653270056.035,3273752551158.2773],""formal_ci"":false,""interval_kind"":""ENGINEERING_INTERVAL_ONLY"",""point"":3262702910607.1562,""rare_event_cost_tail"":""UNRESOLVED""}",
8f671e3db6ee05e1becf6b2ce0315908fa37d553fe3d98e9497f7e0f65d368f6,0.001,,"{""SE"":149489081.11665565,""engineering_interval"":[8506418796213.61,8507016752538.077],""formal_ci"":false,""interval_kind"":""ENGINEERING_INTERVAL_ONLY"",""point"":8506717774375.844,""rare_event_cost_tail"":""UNRESOLVED""}",
90ed4abcfcb472ebb81f150bd1c1d6570e02f8a443d1ccaa394caaff9144dc40,0.001,,"{""SE"":13570384870.022047,""engineering_interval"":[3259777304302.206,3314058843782.294],""formal_ci"":false,""interval_kind"":""ENGINEERING_INTERVAL_ONLY"",""point"":3286918074042.25,""rare_event_cost_tail"":""UNRESOLVED""}",
92735bdef2a99ce6e10b1b31fb84540c69267e99e786e03882f6e62e2860a785,0.001,,"{""SE"":57992779.06101814,""engineering_interval"":[5487911022972.815,5488142994089.06],""formal_ci"":false,""interval_kind"":""ENGINEERING_INTERVAL_ONLY"",""point"":5488027008530.9375,""rare_event_cost_tail"":""UNRESOLVED""}",
92a14248d5e875c5b94ed1727cbdd7c4708b188c9726600a11083038d44be726,0.001,,"{""SE"":9.84392176552572e+16,""engineering_interval"":[4.832087031394087e+18,5.225843902015115e+18],""formal_ci"":false,""interval_kind"":""ENGINEERING_INTERVAL_ONLY"",""point"":5.028965466704601e+18,""rare_event_cost_tail"":""UNRESOLVED""}",
9feb7b75a61651992917ebc41e6b410eb6c6942213237eb566c049cd884377a8,0.001,,"{""SE"":58918944584.84117,""engineering_interval"":[3271595107712.224,3507270886051.5884],""formal_ci"":false,""interval_kind"":""ENGINEERING_INTERVAL_ONLY"",""point"":3389432996881.9062,""rare_event_cost_tail"":""UNRESOLVED""}",
a03014aa67c345b474fa067e0caf5c4269989859da6a86507164b363086dcfca,0.001,,"{""SE"":13613546536.238314,""engineering_interval"":[6164454459114.023,6218908645258.977],""formal_ci"":false,""interval_kind"":""ENGINEERING_INTERVAL_ONLY"",""point"":6191681552186.5,""rare_event_cost_tail"":""UNRESOLVED""}",
a2c37c26fc5f4a21a4bb9674583bc56f73132c1d5dfb262463ec19e181df38bb,0.001,,"{""SE"":7420485575.051037,""engineering_interval"":[5865745156612.835,5895427098913.04],""formal_ci"":false,""interval_kind"":""ENGINEERING_INTERVAL_ONLY"",""point"":5880586127762.9375,""rare_event_cost_tail"":""UNRESOLVED""}",
a53e7172c52b2f55000edf4e85973aea57195bdff363a785c2b6c8a0fb53e766,0.001,,"{""SE"":1807637331.5513594,""engineering_interval"":[5760935274260.022,5768165823586.228],""formal_ci"":false,""interval_kind"":""ENGINEERING_INTERVAL_ONLY"",""point"":5764550548923.125,""rare_event_cost_tail"":""UNRESOLVED""}",
a8a8f1e7a7a7117e8e7a0db4681611ef33caed0070494ee7642d733a4d8a6fc4,0.001,,"{""SE"":1197106272.770864,""engineering_interval"":[2082377756258.2083,2087166181349.2917],""formal_ci"":false,""interval_kind"":""ENGINEERING_INTERVAL_ONLY"",""point"":2084771968803.75,""rare_event_cost_tail"":""UNRESOLVED""}",
a9fa20b579829f161d1dd0a7d608b836b116cb48747264c454654fcd80125091,0.001,,"{""SE"":636258479.9730936,""engineering_interval"":[3763114325337.866,3765659359257.759],""formal_ci"":false,""interval_kind"":""ENGINEERING_INTERVAL_ONLY"",""point"":3764386842297.8125,""rare_event_cost_tail"":""UNRESOLVED""}",
ada9f8a66321054c0bf9691b433eab48ae4f533ef011ea646f2b10d8aa839416,0.001,,"{""SE"":14163228620.871332,""engineering_interval"":[2489718331214.1323,2546371245697.6177],""formal_ci"":false,""interval_kind"":""ENGINEERING_INTERVAL_ONLY"",""point"":2518044788455.875,""rare_event_cost_tail"":""UNRESOLVED""}",
adee9d7a84a1e663c11c0b21eee2a877b2356b908c74e750b9845ab5ebb2a9d2,0.001,,"{""SE"":4417261779.4679165,""engineering_interval"":[5818513235712.939,5836182282830.811],""formal_ci"":false,""interval_kind"":""ENGINEERING_INTERVAL_ONLY"",""point"":5827347759271.875,""rare_event_cost_tail"":""UNRESOLVED""}",
af18a108ec1bed6872e20655686841d3145e1e8c7a5f4a3f5d1b32a263bf310d,0.001,,"{""SE"":74094326.05027018,""engineering_interval"":[5538750764002.431,5539047141306.632],""formal_ci"":false,""interval_kind"":""ENGINEERING_INTERVAL_ONLY"",""point"":5538898952654.531,""rare_event_cost_tail"":""UNRESOLVED""}",
b074f06c9de6b62333660538b40186ed6be7d5da51716ac97e0db51d2aa02fe3,0.001,,"{""SE"":1562970311.486634,""engineering_interval"":[5759435916823.651,5765687798069.599],""formal_ci"":false,""interval_kind"":""ENGINEERING_INTERVAL_ONLY"",""point"":5762561857446.625,""rare_event_cost_tail"":""UNRESOLVED""}",
b086253a9c225d6d85c2e3664eb3a7782ff87fe41f088d8f313701181c81affd,0.001,,"{""SE"":613908199.2950035,""engineering_interval"":[3747296917043.66,3749752549840.84],""formal_ci"":false,""interval_kind"":""ENGINEERING_INTERVAL_ONLY"",""point"":3748524733442.25,""rare_event_cost_tail"":""UNRESOLVED""}",
b0daff612f84d7a465894886fdd43c9a193cc7b89bf32f087fd00eedc8dc5fcf,0.001,,"{""SE"":91429706.3166698,""engineering_interval"":[5538612156011.585,5538977874836.853],""formal_ci"":false,""interval_kind"":""ENGINEERING_INTERVAL_ONLY"",""point"":5538795015424.219,""rare_event_cost_tail"":""UNRESOLVED""}",
b21b40eaacf68ce89dc26ff215b980c60dad8d27487d551bbc4085e379373fa2,0.001,,"{""SE"":41986844886.130165,""engineering_interval"":[4613858495005.552,4781805874550.073],""formal_ci"":false,""interval_kind"":""ENGINEERING_INTERVAL_ONLY"",""point"":4697832184777.8125,""rare_event_cost_tail"":""UNRESOLVED""}",
bb1ef0b3d7fbcc5cae3084f25e03b16e170052bb8a895c0f96f8c8d40851bc0c,0.001,,"{""SE"":97165677054.57,""engineering_interval"":[4568122483283.61,4956785191501.89],""formal_ci"":false,""interval_kind"":""ENGINEERING_INTERVAL_ONLY"",""point"":4762453837392.75,""rare_event_cost_tail"":""UNRESOLVED""}",
bb3274d41dba00cd35559bf3f60afe130e96d55d4105956c36c239fd7164f16d,0.001,,"{""SE"":896845393.1426455,""engineering_interval"":[5426470742843.559,5430058124416.129],""formal_ci"":false,""interval_kind"":""ENGINEERING_INTERVAL_ONLY"",""point"":5428264433629.844,""rare_event_cost_tail"":""UNRESOLVED""}",
bc0c4f7cd840b4439a3014f9e5398028d5824ebc5afeffa1830471772bb67ecd,0.001,,"{""SE"":8.422525904768482e+16,""engineering_interval"":[3.416655025857587e+18,3.7535560620483267e+18],""formal_ci"":false,""interval_kind"":""ENGINEERING_INTERVAL_ONLY"",""point"":3.585105543952957e+18,""rare_event_cost_tail"":""UNRESOLVED""}",
c0a571a3d3d03d7fe5b14d9e1878f40572e72073aeba8c3db752e484b5df1b6c,0.001,,"{""SE"":138006232.0510919,""engineering_interval"":[5487608415507.304,5488160440435.509],""formal_ci"":false,""interval_kind"":""ENGINEERING_INTERVAL_ONLY"",""point"":5487884427971.406,""rare_event_cost_tail"":""UNRESOLVED""}",
c30ac93e411cfcdcc1e83245c50605b7b566d929f05c979ab6ca8c13c56aa1c4,0.001,,"{""SE"":658023875458910.1,""engineering_interval"":[4.831174304059117e+16,5.094383854242682e+16],""formal_ci"":false,""interval_kind"":""ENGINEERING_INTERVAL_ONLY"",""point"":4.962779079150899e+16,""rare_event_cost_tail"":""UNRESOLVED""}",
c72bdad0577d84103eccd94f9c73cf3160cf52b053167e2248a7904889302211,0.001,,"{""SE"":1.9390633503588605e+18,""engineering_interval"":[5.265700675624189e+19,6.041326015767733e+19],""formal_ci"":false,""interval_kind"":""ENGINEERING_INTERVAL_ONLY"",""point"":5.653513345695961e+19,""rare_event_cost_tail"":""UNRESOLVED""}",
c904cccb489d0c29a24e8301e097a0dee129239048c2afa55328d8e5be388542,0.001,,"{""SE"":3162119585.2208977,""engineering_interval"":[2070661157940.808,2083309636281.692],""formal_ci"":false,""interval_kind"":""ENGINEERING_INTERVAL_ONLY"",""point"":2076985397111.25,""rare_event_cost_tail"":""UNRESOLVED""}",
cdca33ea00530ae5e2944d7720f317af54634eb24cbcbf595b80bd90a10e55a4,0.001,,"{""SE"":424929655.6501213,""engineering_interval"":[8426931687796.919,8428631406419.519],""formal_ci"":false,""interval_kind"":""ENGINEERING_INTERVAL_ONLY"",""point"":8427781547108.219,""rare_event_cost_tail"":""UNRESOLVED""}",
d092cdb598d9df416d89170fe8d36a7192e45edb5aabd1f12681d4637ed8910d,0.001,,"{""SE"":2304862055370146.0,""engineering_interval"":[7.871508552498243e+16,8.7934533746463e+16],""formal_ci"":false,""interval_kind"":""ENGINEERING_INTERVAL_ONLY"",""point"":8.332480963572272e+16,""rare_event_cost_tail"":""UNRESOLVED""}",
d4521b96b99f11a9fe8f4634aab9a868a1d711a3b51650039fc62eda27f0366c,0.001,,"{""SE"":565299814.940465,""engineering_interval"":[8386611187257.65,8388872386517.412],""formal_ci"":false,""interval_kind"":""ENGINEERING_INTERVAL_ONLY"",""point"":8387741786887.531,""rare_event_cost_tail"":""UNRESOLVED""}",
d92e4db3997289d26ef352e06e4450c20efdb5c828acf7f9bc167d13fb96bf1e,0.001,,"{""SE"":29542951866.24079,""engineering_interval"":[3837074471330.1123,3955246278795.075],""formal_ci"":false,""interval_kind"":""ENGINEERING_INTERVAL_ONLY"",""point"":3896160375062.5938,""rare_event_cost_tail"":""UNRESOLVED""}",
daf8f64a01a6bef1467d66403425195bb0f6350166e6030c29d2bb9bfdbd3795,0.001,,"{""SE"":92202661.79150586,""engineering_interval"":[8428242285789.823,8428611096436.989],""formal_ci"":false,""interval_kind"":""ENGINEERING_INTERVAL_ONLY"",""point"":8428426691113.406,""rare_event_cost_tail"":""UNRESOLVED""}",
dafe1fc3d9cabbcf37c5209ff808b1d18d7caff908bb6fd42cd24d29e03f55b4,0.001,,"{""SE"":1586091980.4875183,""engineering_interval"":[8356273096876.244,8362617464798.193],""formal_ci"":false,""interval_kind"":""ENGINEERING_INTERVAL_ONLY"",""point"":8359445280837.219,""rare_event_cost_tail"":""UNRESOLVED""}",
dd53221831709e1179ac560b750ab4e994c7427e849246ed0098e85c0f34ccfe,0.001,,"{""SE"":659455619.700011,""engineering_interval"":[5443790016344.037,5446427838822.838],""formal_ci"":false,""interval_kind"":""ENGINEERING_INTERVAL_ONLY"",""point"":5445108927583.4375,""rare_event_cost_tail"":""UNRESOLVED""}",
e301d2a1dd4c98d851acc0855c688c17977db1bef75dbbf5ee64da56707ade78,0.001,,"{""SE"":49308475290.29299,""engineering_interval"":[3333350730353.039,3530584631514.211],""formal_ci"":false,""interval_kind"":""ENGINEERING_INTERVAL_ONLY"",""point"":3431967680933.625,""rare_event_cost_tail"":""UNRESOLVED""}",
e33dc8c98c0ec5d814de213fad448beb39327b2fa0d9ab3cb11e1c97842d52ec,0.001,,"{""SE"":1774878188.4658167,""engineering_interval"":[3783253162262.1934,3790352675016.0566],""formal_ci"":false,""interval_kind"":""ENGINEERING_INTERVAL_ONLY"",""point"":3786802918639.125,""rare_event_cost_tail"":""UNRESOLVED""}",
e5f5dfeb10d27592d7f6aa4514b976aee460d580a61e9b8f51713210ac01851e,0.001,,"{""SE"":10214674126.143566,""engineering_interval"":[3239958003085.088,3280816699589.662],""formal_ci"":false,""interval_kind"":""ENGINEERING_INTERVAL_ONLY"",""point"":3260387351337.375,""rare_event_cost_tail"":""UNRESOLVED""}",
e643f82e31b6fec2bf50d85a1377ebac85822e3c74a272d30015c31615af234d,0.001,,"{""SE"":5913691396.829174,""engineering_interval"":[2107933427792.6228,2131588193379.9397],""formal_ci"":false,""interval_kind"":""ENGINEERING_INTERVAL_ONLY"",""point"":2119760810586.2812,""rare_event_cost_tail"":""UNRESOLVED""}",
e841434c51fa80a0654e08890b2f0ebab855d256f7d77b180d81389ea2a16ff6,0.001,,"{""SE"":3.719402864744062e+16,""engineering_interval"":[1.9924202134607176e+18,2.14119632805048e+18],""formal_ci"":false,""interval_kind"":""ENGINEERING_INTERVAL_ONLY"",""point"":2.0668082707555988e+18,""rare_event_cost_tail"":""UNRESOLVED""}",
eaa1c049e9af23fd93bda470d29e0e1bba5c574a55c59aa17dd8e85ef2f3cf55,0.001,,"{""SE"":2830992807.151366,""engineering_interval"":[3815925966230.0723,3827249937458.6777],""formal_ci"":false,""interval_kind"":""ENGINEERING_INTERVAL_ONLY"",""point"":3821587951844.375,""rare_event_cost_tail"":""UNRESOLVED""}",
eea3b79549639a1f94af3626c61f8af8f3c21c448b01c89f752dd3a47f1a842d,0.001,,"{""SE"":837636714230.9819,""engineering_interval"":[34619729152583.816,37970276009507.74],""formal_ci"":false,""interval_kind"":""ENGINEERING_INTERVAL_ONLY"",""point"":36295002581045.78,""rare_event_cost_tail"":""UNRESOLVED""}",
f0d03002cc89c460507fbdc85f422f89530551efbc0355555d73336da55f25c1,0.001,,"{""SE"":2712803133.1661453,""engineering_interval"":[2066483314121.324,2077334526653.9885],""formal_ci"":false,""interval_kind"":""ENGINEERING_INTERVAL_ONLY"",""point"":2071908920387.6562,""rare_event_cost_tail"":""UNRESOLVED""}",
f376bc777f907474583ffb58d55f107c58b24eaa9827eab8a92d15c2437855f3,0.001,,"{""SE"":14366749607104.547,""engineering_interval"":[641625001589090.4,699092000017508.6],""formal_ci"":false,""interval_kind"":""ENGINEERING_INTERVAL_ONLY"",""point"":670358500803299.5,""rare_event_cost_tail"":""UNRESOLVED""}",
f8becb5621f43ad78652b06f507a0c56a7c8ebaa9b6c8cd700211e9fef7204e1,0.001,,"{""SE"":238021062.3397927,""engineering_interval"":[8662280834518.508,8663232918767.867],""formal_ci"":false,""interval_kind"":""ENGINEERING_INTERVAL_ONLY"",""point"":8662756876643.1875,""rare_event_cost_tail"":""UNRESOLVED""}",
fc52f4ae1b4edae4de4611f9aa054f7e0c451c1d20a25418875a6f741227578c,0.001,,"{""SE"":5670360658.015227,""engineering_interval"":[3254818900662.032,3277500343294.093],""formal_ci"":false,""interval_kind"":""ENGINEERING_INTERVAL_ONLY"",""point"":3266159621978.0625,""rare_event_cost_tail"":""UNRESOLVED""}",
a090ea4c0aa58921cf4904fed6f6f74fac8d2e12f031736c8c94aa80754f295b,0.001,,"{""SE"":36781775625.259445,""engineering_interval"":[2793932369115.981,2941059471617.019],""formal_ci"":false,""interval_kind"":""ENGINEERING_INTERVAL_ONLY"",""point"":2867495920366.5,""rare_event_cost_tail"":""UNRESOLVED""}",
