id,x,vertex,uniform_precision,B,bias_upper,remaining_stat,canonical_status,canonical_shots,T_IS_objective,T_IS_attainment,T_IS_status,T_IS_shots,CX_IS_objective,CX_IS_attainment,CX_IS_status,CX_IS_shots,1Q_IS_objective,1Q_IS_attainment,1Q_IS_status,1Q_IS_shots
"1/8/ordinary/O0=1e-3,O2=1e-3",1/8,ordinary,True,1.0156014972804595,0.0007876434316433685,0.004212356568356631,CONDITIONAL_ANALYTIC_PASS,1080098,5155227.015899267,ATTAINED_IDEAL_REAL_PROPOSAL,CONDITIONAL_ANALYTIC_PASS,1108811,163400.81819089738,ATTAINED_IDEAL_REAL_PROPOSAL,CONDITIONAL_ANALYTIC_PASS,1147055,13325126.324270103,ATTAINED_IDEAL_REAL_PROPOSAL,CONDITIONAL_ANALYTIC_PASS,1108927
"1/8/ordinary/O0=1e-3,O2=1e-4",1/8,ordinary,False,1.0156014972804595,0.0007836047549343095,0.00421639524506569,CONDITIONAL_ANALYTIC_PASS,1078033,5154213.275590505,ATTAINED_IDEAL_REAL_PROPOSAL,CONDITIONAL_ANALYTIC_PASS,1107638,163087.94096451174,ATTAINED_IDEAL_REAL_PROPOSAL,CONDITIONAL_ANALYTIC_PASS,1144865,13320719.572572744,ATTAINED_IDEAL_REAL_PROPOSAL,CONDITIONAL_ANALYTIC_PASS,1107686
"1/8/ordinary/O0=1e-3,O2=1e-6",1/8,ordinary,False,1.0156014972804595,0.0007831876688045821,0.004216812331195418,CONDITIONAL_ANALYTIC_PASS,1077820,5173360.23947202,ATTAINED_IDEAL_REAL_PROPOSAL,CONDITIONAL_ANALYTIC_PASS,1109425,163055.68040903244,ATTAINED_IDEAL_REAL_PROPOSAL,CONDITIONAL_ANALYTIC_PASS,1144639,13370426.33883794,ATTAINED_IDEAL_REAL_PROPOSAL,CONDITIONAL_ANALYTIC_PASS,1109478
"1/8/ordinary/O0=1e-4,O2=1e-3",1/8,ordinary,False,1.0156014972804595,7.369199646110326e-05,0.0049263080035388965,CONDITIONAL_ANALYTIC_PASS,790084,5347786.140782066,ATTAINED_IDEAL_REAL_PROPOSAL,CONDITIONAL_ANALYTIC_PASS,808060,119470.68579383745,ATTAINED_IDEAL_REAL_PROPOSAL,CONDITIONAL_ANALYTIC_PASS,839478,13930985.933865536,ATTAINED_IDEAL_REAL_PROPOSAL,CONDITIONAL_ANALYTIC_PASS,807421
"1/8/ordinary/O0=1e-4,O2=1e-4",1/8,ordinary,True,1.0156014972804595,6.965331975204426e-05,0.004930346680247956,CONDITIONAL_ANALYTIC_PASS,788792,5346743.982206845,ATTAINED_IDEAL_REAL_PROPOSAL,CONDITIONAL_ANALYTIC_PASS,807224,119275.0379471971,ATTAINED_IDEAL_REAL_PROPOSAL,CONDITIONAL_ANALYTIC_PASS,838108,13926630.808050098,ATTAINED_IDEAL_REAL_PROPOSAL,CONDITIONAL_ANALYTIC_PASS,806547
"1/8/ordinary/O0=1e-4,O2=1e-6",1/8,ordinary,False,1.0156014972804595,6.92362336223169e-05,0.004930763766377683,CONDITIONAL_ANALYTIC_PASS,788659,5363402.640517204,ATTAINED_IDEAL_REAL_PROPOSAL,CONDITIONAL_ANALYTIC_PASS,808121,119254.8601969525,ATTAINED_IDEAL_REAL_PROPOSAL,CONDITIONAL_ANALYTIC_PASS,837966,13970037.792271694,ATTAINED_IDEAL_REAL_PROPOSAL,CONDITIONAL_ANALYTIC_PASS,807430
"1/8/ordinary/O0=1e-6,O2=1e-3",1/8,ordinary,False,1.0156014972804595,4.8843646973555805e-06,0.004995115635302644,CONDITIONAL_ANALYTIC_PASS,768502,6831035.021547542,ATTAINED_IDEAL_REAL_PROPOSAL,CONDITIONAL_ANALYTIC_PASS,786936,116201.94209996783,ATTAINED_IDEAL_REAL_PROPOSAL,CONDITIONAL_ANALYTIC_PASS,816585,17656125.584124487,ATTAINED_IDEAL_REAL_PROPOSAL,CONDITIONAL_ANALYTIC_PASS,786715
"1/8/ordinary/O0=1e-6,O2=1e-4",1/8,ordinary,False,1.0156014972804595,8.456879882965864e-07,0.004999154312011703,CONDITIONAL_ANALYTIC_PASS,767263,6828602.026911021,ATTAINED_IDEAL_REAL_PROPOSAL,CONDITIONAL_ANALYTIC_PASS,785695,116014.26535313106,ATTAINED_IDEAL_REAL_PROPOSAL,CONDITIONAL_ANALYTIC_PASS,815271,17648103.138824537,ATTAINED_IDEAL_REAL_PROPOSAL,CONDITIONAL_ANALYTIC_PASS,785453
"1/8/ordinary/O0=1e-6,O2=1e-6",1/8,ordinary,True,1.0156014972804595,4.2860185856922523e-07,0.004999571398141431,CONDITIONAL_ANALYTIC_PASS,767135,6847035.875753168,ATTAINED_IDEAL_REAL_PROPOSAL,CONDITIONAL_ANALYTIC_PASS,786186,115994.90932490017,ATTAINED_IDEAL_REAL_PROPOSAL,CONDITIONAL_ANALYTIC_PASS,815135,17695960.34521209,ATTAINED_IDEAL_REAL_PROPOSAL,CONDITIONAL_ANALYTIC_PASS,785940
"1/8/PTSC_K0/O0=1e-3,P2=1e-3,P3=1e-3",1/8,PTSC_K0,True,1.0159202393706521,0.0007850001189696694,0.004214999881030331,CONDITIONAL_ANALYTIC_PASS,1079422,5085754.852401332,UNATTAINED_NET_COST_INFIMUM,MISSING_FINITE_PROPOSAL_ZERO_COST,,161480.88818436512,UNATTAINED_NET_COST_INFIMUM,MISSING_FINITE_PROPOSAL_ZERO_COST,,13154421.355491215,ATTAINED_IDEAL_REAL_PROPOSAL,CONDITIONAL_ANALYTIC_PASS,1176066
"1/8/PTSC_K0/O0=1e-3,P2=1e-3,P3=1e-4",1/8,PTSC_K0,False,1.0159202393706521,0.000784904519816299,0.004215095480183701,CONDITIONAL_ANALYTIC_PASS,1079373,5085749.162567245,UNATTAINED_NET_COST_INFIMUM,MISSING_FINITE_PROPOSAL_ZERO_COST,,161473.5634339738,UNATTAINED_NET_COST_INFIMUM,MISSING_FINITE_PROPOSAL_ZERO_COST,,13154371.67590865,ATTAINED_IDEAL_REAL_PROPOSAL,CONDITIONAL_ANALYTIC_PASS,1176608
"1/8/PTSC_K0/O0=1e-3,P2=1e-3,P3=1e-6",1/8,PTSC_K0,False,1.0159202393706521,0.0007848988756196826,0.004215101124380317,CONDITIONAL_ANALYTIC_PASS,1079370,5086027.1780269,UNATTAINED_NET_COST_INFIMUM,MISSING_FINITE_PROPOSAL_ZERO_COST,,161473.13099455976,UNATTAINED_NET_COST_INFIMUM,MISSING_FINITE_PROPOSAL_ZERO_COST,,13155103.609964333,ATTAINED_IDEAL_REAL_PROPOSAL,CONDITIONAL_ANALYTIC_PASS,1177446
"1/8/PTSC_K0/O0=1e-3,P2=1e-4,P3=1e-3",1/8,PTSC_K0,False,1.0159202393706521,0.0007833805568419812,0.0042166194431580185,CONDITIONAL_ANALYTIC_PASS,1078594,5085866.1791930925,UNATTAINED_NET_COST_INFIMUM,MISSING_FINITE_PROPOSAL_ZERO_COST,,161356.8655595389,UNATTAINED_NET_COST_INFIMUM,MISSING_FINITE_PROPOSAL_ZERO_COST,,13154080.59706145,ATTAINED_IDEAL_REAL_PROPOSAL,CONDITIONAL_ANALYTIC_PASS,1175192
"1/8/PTSC_K0/O0=1e-3,P2=1e-4,P3=1e-4",1/8,PTSC_K0,False,1.0159202393706521,0.0007832849576886107,0.004216715042311389,CONDITIONAL_ANALYTIC_PASS,1078545,5085860.488958158,UNATTAINED_NET_COST_INFIMUM,MISSING_FINITE_PROPOSAL_ZERO_COST,,161349.54924590478,UNATTAINED_NET_COST_INFIMUM,MISSING_FINITE_PROPOSAL_ZERO_COST,,13154030.944928525,ATTAINED_IDEAL_REAL_PROPOSAL,CONDITIONAL_ANALYTIC_PASS,1175734
"1/8/PTSC_K0/O0=1e-3,P2=1e-4,P3=1e-6",1/8,PTSC_K0,False,1.0159202393706521,0.0007832793134919943,0.004216720686508006,CONDITIONAL_ANALYTIC_PASS,1078542,5086138.400528526,UNATTAINED_NET_COST_INFIMUM,MISSING_FINITE_PROPOSAL_ZERO_COST,,161349.11730457496,UNATTAINED_NET_COST_INFIMUM,MISSING_FINITE_PROPOSAL_ZERO_COST,,13154762.588838708,ATTAINED_IDEAL_REAL_PROPOSAL,CONDITIONAL_ANALYTIC_PASS,1176571
"1/8/PTSC_K0/O0=1e-3,P2=1e-6,P3=1e-3",1/8,PTSC_K0,False,1.0159202393706521,0.0007832849375110679,0.004216715062488932,CONDITIONAL_ANALYTIC_PASS,1078545,5090844.672998415,UNATTAINED_NET_COST_INFIMUM,MISSING_FINITE_PROPOSAL_ZERO_COST,,161349.54770174663,UNATTAINED_NET_COST_INFIMUM,MISSING_FINITE_PROPOSAL_ZERO_COST,,13167182.1523899,ATTAINED_IDEAL_REAL_PROPOSAL,CONDITIONAL_ANALYTIC_PASS,1175320
"1/8/PTSC_K0/O0=1e-3,P2=1e-6,P3=1e-4",1/8,PTSC_K0,False,1.0159202393706521,0.0007831893383576974,0.004216810661642302,CONDITIONAL_ANALYTIC_PASS,1078496,5090838.867213417,UNATTAINED_NET_COST_INFIMUM,MISSING_FINITE_PROPOSAL_ZERO_COST,,161342.23188581548,UNATTAINED_NET_COST_INFIMUM,MISSING_FINITE_PROPOSAL_ZERO_COST,,13167132.179564409,ATTAINED_IDEAL_REAL_PROPOSAL,CONDITIONAL_ANALYTIC_PASS,1175861
"1/8/PTSC_K0/O0=1e-3,P2=1e-6,P3=1e-6",1/8,PTSC_K0,False,1.0159202393706521,0.000783183694161081,0.004216816305838919,CONDITIONAL_ANALYTIC_PASS,1078494,5091116.901797445,UNATTAINED_NET_COST_INFIMUM,MISSING_FINITE_PROPOSAL_ZERO_COST,,161341.79997386874,UNATTAINED_NET_COST_INFIMUM,MISSING_FINITE_PROPOSAL_ZERO_COST,,13167864.153592648,ATTAINED_IDEAL_REAL_PROPOSAL,CONDITIONAL_ANALYTIC_PASS,1176698
"1/8/PTSC_K0/O0=1e-4,P2=1e-3,P3=1e-3",1/8,PTSC_K0,False,1.0159202393706521,7.104868378740421e-05,0.004928951316212596,CONDITIONAL_ANALYTIC_PASS,789733,5287141.019835435,UNATTAINED_NET_COST_INFIMUM,MISSING_FINITE_PROPOSAL_ZERO_COST,,118088.39112461607,UNATTAINED_NET_COST_INFIMUM,MISSING_FINITE_PROPOSAL_ZERO_COST,,13781320.090392983,ATTAINED_IDEAL_REAL_PROPOSAL,CONDITIONAL_ANALYTIC_PASS,868893
"1/8/PTSC_K0/O0=1e-4,P2=1e-3,P3=1e-4",1/8,PTSC_K0,False,1.0159202393706521,7.095308463403372e-05,0.0049290469153659665,CONDITIONAL_ANALYTIC_PASS,789702,5287132.11493536,UNATTAINED_NET_COST_INFIMUM,MISSING_FINITE_PROPOSAL_ZERO_COST,,118083.81050652443,UNATTAINED_NET_COST_INFIMUM,MISSING_FINITE_PROPOSAL_ZERO_COST,,13781264.305915728,ATTAINED_IDEAL_REAL_PROPOSAL,CONDITIONAL_ANALYTIC_PASS,868856
"1/8/PTSC_K0/O0=1e-4,P2=1e-3,P3=1e-6",1/8,PTSC_K0,False,1.0159202393706521,7.094744043741731e-05,0.004929052559562583,CONDITIONAL_ANALYTIC_PASS,789701,5287374.289087255,UNATTAINED_NET_COST_INFIMUM,MISSING_FINITE_PROPOSAL_ZERO_COST,,118083.54007408167,UNATTAINED_NET_COST_INFIMUM,MISSING_FINITE_PROPOSAL_ZERO_COST,,13781904.23582806,ATTAINED_IDEAL_REAL_PROPOSAL,CONDITIONAL_ANALYTIC_PASS,869378
"1/8/PTSC_K0/O0=1e-4,P2=1e-4,P3=1e-3",1/8,PTSC_K0,False,1.0159202393706521,6.9429121659716e-05,0.004930570878340284,CONDITIONAL_ANALYTIC_PASS,789215,5287171.300380969,UNATTAINED_NET_COST_INFIMUM,MISSING_FINITE_PROPOSAL_ZERO_COST,,118010.8260392838,UNATTAINED_NET_COST_INFIMUM,MISSING_FINITE_PROPOSAL_ZERO_COST,,13780813.497407995,ATTAINED_IDEAL_REAL_PROPOSAL,CONDITIONAL_ANALYTIC_PASS,868235
"1/8/PTSC_K0/O0=1e-4,P2=1e-4,P3=1e-4",1/8,PTSC_K0,True,1.0159202393706521,6.93335225063455e-05,0.004930666477493654,CONDITIONAL_ANALYTIC_PASS,789185,5287162.397793269,UNATTAINED_NET_COST_INFIMUM,MISSING_FINITE_PROPOSAL_ZERO_COST,,118006.2499335016,UNATTAINED_NET_COST_INFIMUM,MISSING_FINITE_PROPOSAL_ZERO_COST,,13780757.742101133,ATTAINED_IDEAL_REAL_PROPOSAL,CONDITIONAL_ANALYTIC_PASS,868198
"1/8/PTSC_K0/O0=1e-4,P2=1e-4,P3=1e-6",1/8,PTSC_K0,False,1.0159202393706521,6.932787830972909e-05,0.004930672121690271,CONDITIONAL_ANALYTIC_PASS,789183,5287404.493056725,UNATTAINED_NET_COST_INFIMUM,MISSING_FINITE_PROPOSAL_ZERO_COST,,118005.9797674557,UNATTAINED_NET_COST_INFIMUM,MISSING_FINITE_PROPOSAL_ZERO_COST,,13781397.450637972,ATTAINED_IDEAL_REAL_PROPOSAL,CONDITIONAL_ANALYTIC_PASS,868720
"1/8/PTSC_K0/O0=1e-4,P2=1e-6,P3=1e-3",1/8,PTSC_K0,False,1.0159202393706521,6.933350232880267e-05,0.004930666497671197,CONDITIONAL_ANALYTIC_PASS,789185,5291508.246164311,UNATTAINED_NET_COST_INFIMUM,MISSING_FINITE_PROPOSAL_ZERO_COST,,118006.24896767836,UNATTAINED_NET_COST_INFIMUM,MISSING_FINITE_PROPOSAL_ZERO_COST,,13792269.017183771,ATTAINED_IDEAL_REAL_PROPOSAL,CONDITIONAL_ANALYTIC_PASS,868202
"1/8/PTSC_K0/O0=1e-4,P2=1e-6,P3=1e-4",1/8,PTSC_K0,False,1.0159202393706521,6.923790317543218e-05,0.0049307620968245675,CONDITIONAL_ANALYTIC_PASS,789154,5291499.255995553,UNATTAINED_NET_COST_INFIMUM,MISSING_FINITE_PROPOSAL_ZERO_COST,,118001.67312811865,UNATTAINED_NET_COST_INFIMUM,MISSING_FINITE_PROPOSAL_ZERO_COST,,13792213.017640758,ATTAINED_IDEAL_REAL_PROPOSAL,CONDITIONAL_ANALYTIC_PASS,868165
"1/8/PTSC_K0/O0=1e-4,P2=1e-6,P3=1e-6",1/8,PTSC_K0,False,1.0159202393706521,6.923225897881577e-05,0.0049307677410211845,CONDITIONAL_ANALYTIC_PASS,789152,5291741.440866019,UNATTAINED_NET_COST_INFIMUM,MISSING_FINITE_PROPOSAL_ZERO_COST,,118001.40297778994,UNATTAINED_NET_COST_INFIMUM,MISSING_FINITE_PROPOSAL_ZERO_COST,,13792852.966472093,ATTAINED_IDEAL_REAL_PROPOSAL,CONDITIONAL_ANALYTIC_PASS,868687
"1/8/PTSC_K0/O0=1e-6,P2=1e-3,P3=1e-3",1/8,PTSC_K0,False,1.0159202393706521,2.241052023656529e-06,0.004997758947976344,CONDITIONAL_ANALYTIC_PASS,768172,6762584.578031719,UNATTAINED_NET_COST_INFIMUM,MISSING_FINITE_PROPOSAL_ZERO_COST,,114859.16429995483,UNATTAINED_NET_COST_INFIMUM,MISSING_FINITE_PROPOSAL_ZERO_COST,,17487820.732887365,ATTAINED_IDEAL_REAL_PROPOSAL,CONDITIONAL_ANALYTIC_PASS,856383
"1/8/PTSC_K0/O0=1e-6,P2=1e-3,P3=1e-4",1/8,PTSC_K0,False,1.0159202393706521,2.145452870286044e-06,0.004997854547129714,CONDITIONAL_ANALYTIC_PASS,768142,6762544.688957994,UNATTAINED_NET_COST_INFIMUM,MISSING_FINITE_PROPOSAL_ZERO_COST,,114854.770280984,UNATTAINED_NET_COST_INFIMUM,MISSING_FINITE_PROPOSAL_ZERO_COST,,17487683.643373787,ATTAINED_IDEAL_REAL_PROPOSAL,CONDITIONAL_ANALYTIC_PASS,856342
"1/8/PTSC_K0/O0=1e-6,P2=1e-3,P3=1e-6",1/8,PTSC_K0,False,1.0159202393706521,2.1398086736696323e-06,0.0049978601913263304,CONDITIONAL_ANALYTIC_PASS,768141,6762813.037045378,UNATTAINED_NET_COST_INFIMUM,MISSING_FINITE_PROPOSAL_ZERO_COST,,114854.51086494795,UNATTAINED_NET_COST_INFIMUM,MISSING_FINITE_PROPOSAL_ZERO_COST,,17488390.14824804,ATTAINED_IDEAL_REAL_PROPOSAL,CONDITIONAL_ANALYTIC_PASS,856337
"1/8/PTSC_K0/O0=1e-6,P2=1e-4,P3=1e-3",1/8,PTSC_K0,False,1.0159202393706521,6.214898959683109e-07,0.0049993785101040316,CONDITIONAL_ANALYTIC_PASS,767675,6762111.013436736,UNATTAINED_NET_COST_INFIMUM,MISSING_FINITE_PROPOSAL_ZERO_COST,,114784.75848289143,UNATTAINED_NET_COST_INFIMUM,MISSING_FINITE_PROPOSAL_ZERO_COST,,17485985.817389958,ATTAINED_IDEAL_REAL_PROPOSAL,CONDITIONAL_ANALYTIC_PASS,855665
"1/8/PTSC_K0/O0=1e-6,P2=1e-4,P3=1e-4",1/8,PTSC_K0,False,1.0159202393706521,5.258907425978259e-07,0.004999474109257402,CONDITIONAL_ANALYTIC_PASS,767646,6762071.147736392,UNATTAINED_NET_COST_INFIMUM,MISSING_FINITE_PROPOSAL_ZERO_COST,,114780.36873285937,UNATTAINED_NET_COST_INFIMUM,MISSING_FINITE_PROPOSAL_ZERO_COST,,17485848.814561825,ATTAINED_IDEAL_REAL_PROPOSAL,CONDITIONAL_ANALYTIC_PASS,855624
"1/8/PTSC_K0/O0=1e-6,P2=1e-4,P3=1e-6",1/8,PTSC_K0,False,1.0159202393706521,5.202465459814143e-07,0.004999479753454018,CONDITIONAL_ANALYTIC_PASS,767644,6762339.400034752,UNATTAINED_NET_COST_INFIMUM,MISSING_FINITE_PROPOSAL_ZERO_COST,,114780.10956885228,UNATTAINED_NET_COST_INFIMUM,MISSING_FINITE_PROPOSAL_ZERO_COST,,17486555.05558341,ATTAINED_IDEAL_REAL_PROPOSAL,CONDITIONAL_ANALYTIC_PASS,855619
"1/8/PTSC_K0/O0=1e-6,P2=1e-6,P3=1e-3",1/8,PTSC_K0,False,1.0159202393706521,5.258705650549859e-07,0.004999474129434945,CONDITIONAL_ANALYTIC_PASS,767646,6766918.141233472,UNATTAINED_NET_COST_INFIMUM,MISSING_FINITE_PROPOSAL_ZERO_COST,,114780.3678063676,UNATTAINED_NET_COST_INFIMUM,MISSING_FINITE_PROPOSAL_ZERO_COST,,17498636.72907316,ATTAINED_IDEAL_REAL_PROPOSAL,CONDITIONAL_ANALYTIC_PASS,855540
"1/8/PTSC_K0/O0=1e-6,P2=1e-6,P3=1e-4",1/8,PTSC_K0,False,1.0159202393706521,4.3027141168450076e-07,0.004999569728588315,CONDITIONAL_ANALYTIC_PASS,767616,6766878.1701928135,UNATTAINED_NET_COST_INFIMUM,MISSING_FINITE_PROPOSAL_ZERO_COST,,114775.97830820178,UNATTAINED_NET_COST_INFIMUM,MISSING_FINITE_PROPOSAL_ZERO_COST,,17498499.43736819,ATTAINED_IDEAL_REAL_PROPOSAL,CONDITIONAL_ANALYTIC_PASS,855499
"1/8/PTSC_K0/O0=1e-6,P2=1e-6,P3=1e-6",1/8,PTSC_K0,True,1.0159202393706521,4.246272150680892e-07,0.004999575372784932,CONDITIONAL_ANALYTIC_PASS,767614,6767146.507260692,UNATTAINED_NET_COST_INFIMUM,MISSING_FINITE_PROPOSAL_ZERO_COST,,114775.71915906433,UNATTAINED_NET_COST_INFIMUM,MISSING_FINITE_PROPOSAL_ZERO_COST,,17499205.906019017,ATTAINED_IDEAL_REAL_PROPOSAL,CONDITIONAL_ANALYTIC_PASS,855494
"1/8/A/A0=1e-3,A1=1e-3,A2=1e-3",1/8,A,True,1.0155749708063881,0.0007414676374167185,0.004258532362583282,CONDITIONAL_ANALYTIC_PASS,1056779,5503439.127501498,ATTAINED_IDEAL_REAL_PROPOSAL,CONDITIONAL_ANALYTIC_PASS,1080847,159748.11337017073,ATTAINED_IDEAL_REAL_PROPOSAL,CONDITIONAL_ANALYTIC_PASS,1122181,13837552.367644504,ATTAINED_IDEAL_REAL_PROPOSAL,CONDITIONAL_ANALYTIC_PASS,1082099
"1/8/A/A0=1e-3,A1=1e-3,A2=1e-4",1/8,A,False,1.0155749708063881,0.0007392549590017108,0.004260745040998289,CONDITIONAL_ANALYTIC_PASS,1055683,5500780.20366938,ATTAINED_IDEAL_REAL_PROPOSAL,CONDITIONAL_ANALYTIC_PASS,1080385,159582.23654954665,ATTAINED_IDEAL_REAL_PROPOSAL,CONDITIONAL_ANALYTIC_PASS,1121019,13831429.941722749,ATTAINED_IDEAL_REAL_PROPOSAL,CONDITIONAL_ANALYTIC_PASS,1081641
"1/8/A/A0=1e-3,A1=1e-3,A2=1e-6",1/8,A,False,1.0155749708063881,0.0007390397597584008,0.0042609602402415995,CONDITIONAL_ANALYTIC_PASS,1055576,5507591.145395964,ATTAINED_IDEAL_REAL_PROPOSAL,CONDITIONAL_ANALYTIC_PASS,1081557,159566.11759635468,ATTAINED_IDEAL_REAL_PROPOSAL,CONDITIONAL_ANALYTIC_PASS,1120906,13847992.38771667,ATTAINED_IDEAL_REAL_PROPOSAL,CONDITIONAL_ANALYTIC_PASS,1082813
"1/8/A/A0=1e-3,A1=1e-4,A2=1e-3",1/8,A,False,1.0155749708063881,0.0007374835350333586,0.004262516464966642,CONDITIONAL_ANALYTIC_PASS,1054807,5498695.1503515495,ATTAINED_IDEAL_REAL_PROPOSAL,CONDITIONAL_ANALYTIC_PASS,1078960,159449.625186692,ATTAINED_IDEAL_REAL_PROPOSAL,CONDITIONAL_ANALYTIC_PASS,1120090,13826870.853897521,ATTAINED_IDEAL_REAL_PROPOSAL,CONDITIONAL_ANALYTIC_PASS,1080217
"1/8/A/A0=1e-3,A1=1e-4,A2=1e-4",1/8,A,False,1.0155749708063881,0.0007352708566183509,0.004264729143381649,CONDITIONAL_ANALYTIC_PASS,1053714,5496042.315698426,ATTAINED_IDEAL_REAL_PROPOSAL,CONDITIONAL_ANALYTIC_PASS,1078500,159284.21293784713,ATTAINED_IDEAL_REAL_PROPOSAL,CONDITIONAL_ANALYTIC_PASS,1118932,13820762.048048401,ATTAINED_IDEAL_REAL_PROPOSAL,CONDITIONAL_ANALYTIC_PASS,1079761
"1/8/A/A0=1e-3,A1=1e-4,A2=1e-6",1/8,A,False,1.0155749708063881,0.0007350556573750409,0.004264944342624959,CONDITIONAL_ANALYTIC_PASS,1053608,5502844.202011826,ATTAINED_IDEAL_REAL_PROPOSAL,CONDITIONAL_ANALYTIC_PASS,1079671,159268.13911622064,ATTAINED_IDEAL_REAL_PROPOSAL,CONDITIONAL_ANALYTIC_PASS,1118819,13837303.17559669,ATTAINED_IDEAL_REAL_PROPOSAL,CONDITIONAL_ANALYTIC_PASS,1080931
"1/8/A/A0=1e-3,A1=1e-6,A2=1e-3",1/8,A,False,1.0155749708063881,0.000737080499355242,0.004262919500644758,CONDITIONAL_ANALYTIC_PASS,1054608,5511867.501886036,ATTAINED_IDEAL_REAL_PROPOSAL,CONDITIONAL_ANALYTIC_PASS,1079689,159419.47643539438,ATTAINED_IDEAL_REAL_PROPOSAL,CONDITIONAL_ANALYTIC_PASS,1119879,13858744.50400583,ATTAINED_IDEAL_REAL_PROPOSAL,CONDITIONAL_ANALYTIC_PASS,1080940
"1/8/A/A0=1e-3,A1=1e-6,A2=1e-4",1/8,A,False,1.0155749708063881,0.0007348678209402344,0.004265132179059766,CONDITIONAL_ANALYTIC_PASS,1053515,5509204.906182523,ATTAINED_IDEAL_REAL_PROPOSAL,CONDITIONAL_ANALYTIC_PASS,1078806,159254.1110864126,ATTAINED_IDEAL_REAL_PROPOSAL,CONDITIONAL_ANALYTIC_PASS,1118721,13852612.696916888,ATTAINED_IDEAL_REAL_PROPOSAL,CONDITIONAL_ANALYTIC_PASS,1080066
"1/8/A/A0=1e-3,A1=1e-6,A2=1e-6",1/8,A,False,1.0155749708063881,0.0007346526216969243,0.0042653473783030756,CONDITIONAL_ANALYTIC_PASS,1053409,5516013.621518874,ATTAINED_IDEAL_REAL_PROPOSAL,CONDITIONAL_ANALYTIC_PASS,1079974,159238.04182095072,ATTAINED_IDEAL_REAL_PROPOSAL,CONDITIONAL_ANALYTIC_PASS,1118608,13869169.69364192,ATTAINED_IDEAL_REAL_PROPOSAL,CONDITIONAL_ANALYTIC_PASS,1081234
"1/8/A/A0=1e-4,A1=1e-3,A2=1e-3",1/8,A,False,1.0155749708063881,7.897826305710918e-05,0.004921021736942891,CONDITIONAL_ANALYTIC_PASS,791738,4837795.965672021,ATTAINED_IDEAL_REAL_PROPOSAL,CONDITIONAL_ANALYTIC_PASS,813201,119631.36967570716,ATTAINED_IDEAL_REAL_PROPOSAL,CONDITIONAL_ANALYTIC_PASS,841125,12396323.984907268,ATTAINED_IDEAL_REAL_PROPOSAL,CONDITIONAL_ANALYTIC_PASS,813027
"1/8/A/A0=1e-4,A1=1e-3,A2=1e-4",1/8,A,False,1.0155749708063881,7.676558464210151e-05,0.0049232344153578985,CONDITIONAL_ANALYTIC_PASS,791028,4835927.9268886,ATTAINED_IDEAL_REAL_PROPOSAL,CONDITIONAL_ANALYTIC_PASS,812966,119523.86056971092,ATTAINED_IDEAL_REAL_PROPOSAL,CONDITIONAL_ANALYTIC_PASS,840371,12391938.70022217,ATTAINED_IDEAL_REAL_PROPOSAL,CONDITIONAL_ANALYTIC_PASS,812784
"1/8/A/A0=1e-4,A1=1e-3,A2=1e-6",1/8,A,False,1.0155749708063881,7.655038539879146e-05,0.004923449614601208,CONDITIONAL_ANALYTIC_PASS,790959,4841482.725250277,ATTAINED_IDEAL_REAL_PROPOSAL,CONDITIONAL_ANALYTIC_PASS,813841,119513.41225227671,ATTAINED_IDEAL_REAL_PROPOSAL,CONDITIONAL_ANALYTIC_PASS,840298,12405567.036486536,ATTAINED_IDEAL_REAL_PROPOSAL,CONDITIONAL_ANALYTIC_PASS,813645
"1/8/A/A0=1e-4,A1=1e-4,A2=1e-3",1/8,A,False,1.0155749708063881,7.499416067374935e-05,0.0049250058393262505,CONDITIONAL_ANALYTIC_PASS,790460,4834467.296994536,ATTAINED_IDEAL_REAL_PROPOSAL,CONDITIONAL_ANALYTIC_PASS,811930,119437.89545157952,ATTAINED_IDEAL_REAL_PROPOSAL,CONDITIONAL_ANALYTIC_PASS,839769,12388707.285528496,ATTAINED_IDEAL_REAL_PROPOSAL,CONDITIONAL_ANALYTIC_PASS,811748
"1/8/A/A0=1e-4,A1=1e-4,A2=1e-4",1/8,A,True,1.0155749708063881,7.278148225874167e-05,0.004927218517741258,CONDITIONAL_ANALYTIC_PASS,789751,4832602.905121366,ATTAINED_IDEAL_REAL_PROPOSAL,CONDITIONAL_ANALYTIC_PASS,811696,119330.64698580395,ATTAINED_IDEAL_REAL_PROPOSAL,CONDITIONAL_ANALYTIC_PASS,839017,12384330.31221657,ATTAINED_IDEAL_REAL_PROPOSAL,CONDITIONAL_ANALYTIC_PASS,811506
"1/8/A/A0=1e-4,A1=1e-4,A2=1e-6",1/8,A,False,1.0155749708063881,7.256628301543162e-05,0.004927433716984568,CONDITIONAL_ANALYTIC_PASS,789683,4838151.448225254,ATTAINED_IDEAL_REAL_PROPOSAL,CONDITIONAL_ANALYTIC_PASS,812570,119320.22399256135,ATTAINED_IDEAL_REAL_PROPOSAL,CONDITIONAL_ANALYTIC_PASS,838944,12397943.778745428,ATTAINED_IDEAL_REAL_PROPOSAL,CONDITIONAL_ANALYTIC_PASS,812366
"1/8/A/A0=1e-4,A1=1e-6,A2=1e-3",1/8,A,False,1.0155749708063881,7.459112499563279e-05,0.004925408875004368,CONDITIONAL_ANALYTIC_PASS,790331,4845209.342272936,ATTAINED_IDEAL_REAL_PROPOSAL,CONDITIONAL_ANALYTIC_PASS,812388,119418.34955603915,ATTAINED_IDEAL_REAL_PROPOSAL,CONDITIONAL_ANALYTIC_PASS,839632,12414933.024333049,ATTAINED_IDEAL_REAL_PROPOSAL,CONDITIONAL_ANALYTIC_PASS,812187
"1/8/A/A0=1e-4,A1=1e-6,A2=1e-4",1/8,A,False,1.0155749708063881,7.23784465806251e-05,0.004927621553419375,CONDITIONAL_ANALYTIC_PASS,789622,4843338.207374192,ATTAINED_IDEAL_REAL_PROPOSAL,CONDITIONAL_ANALYTIC_PASS,811814,119311.12740993765,ATTAINED_IDEAL_REAL_PROPOSAL,CONDITIONAL_ANALYTIC_PASS,838880,12410539.99814471,ATTAINED_IDEAL_REAL_PROPOSAL,CONDITIONAL_ANALYTIC_PASS,811613
"1/8/A/A0=1e-4,A1=1e-6,A2=1e-6",1/8,A,False,1.0155749708063881,7.216324733731506e-05,0.004927836752662685,CONDITIONAL_ANALYTIC_PASS,789554,4848891.984373484,ATTAINED_IDEAL_REAL_PROPOSAL,CONDITIONAL_ANALYTIC_PASS,812686,119300.70697395486,ATTAINED_IDEAL_REAL_PROPOSAL,CONDITIONAL_ANALYTIC_PASS,838807,12424165.597886097,ATTAINED_IDEAL_REAL_PROPOSAL,CONDITIONAL_ANALYTIC_PASS,812471
"1/8/A/A0=1e-6,A1=1e-3,A2=1e-3",1/8,A,False,1.0155749708063881,7.5606674588436565e-06,0.0049924393325411565,CONDITIONAL_ANALYTIC_PASS,769285,7003035.407530737,ATTAINED_IDEAL_REAL_PROPOSAL,CONDITIONAL_ANALYTIC_PASS,787074,116233.16124406137,ATTAINED_IDEAL_REAL_PROPOSAL,CONDITIONAL_ANALYTIC_PASS,817311,17623057.715543423,ATTAINED_IDEAL_REAL_PROPOSAL,CONDITIONAL_ANALYTIC_PASS,787664
"1/8/A/A0=1e-6,A1=1e-3,A2=1e-4",1/8,A,False,1.0155749708063881,5.347989043835978e-06,0.004994652010956164,CONDITIONAL_ANALYTIC_PASS,768604,6999772.511895152,ATTAINED_IDEAL_REAL_PROPOSAL,CONDITIONAL_ANALYTIC_PASS,786437,116130.19926057562,ATTAINED_IDEAL_REAL_PROPOSAL,CONDITIONAL_ANALYTIC_PASS,816589,17615385.55829062,ATTAINED_IDEAL_REAL_PROPOSAL,CONDITIONAL_ANALYTIC_PASS,787027
"1/8/A/A0=1e-6,A1=1e-3,A2=1e-6",1/8,A,False,1.0155749708063881,5.1327898005259275e-06,0.004994867210199474,CONDITIONAL_ANALYTIC_PASS,768538,7006257.729324741,ATTAINED_IDEAL_REAL_PROPOSAL,CONDITIONAL_ANALYTIC_PASS,786995,116120.19275125526,ATTAINED_IDEAL_REAL_PROPOSAL,CONDITIONAL_ANALYTIC_PASS,816519,17631156.29756598,ATTAINED_IDEAL_REAL_PROPOSAL,CONDITIONAL_ANALYTIC_PASS,787593
"1/8/A/A0=1e-6,A1=1e-4,A2=1e-3",1/8,A,False,1.0155749708063881,3.576565075483818e-06,0.004996423434924516,CONDITIONAL_ANALYTIC_PASS,768060,6997202.5600536605,ATTAINED_IDEAL_REAL_PROPOSAL,CONDITIONAL_ANALYTIC_PASS,785723,116047.86862786603,ATTAINED_IDEAL_REAL_PROPOSAL,CONDITIONAL_ANALYTIC_PASS,816012,17609573.789298646,ATTAINED_IDEAL_REAL_PROPOSAL,CONDITIONAL_ANALYTIC_PASS,786299
"1/8/A/A0=1e-6,A1=1e-4,A2=1e-4",1/8,A,False,1.0155749708063881,1.3638866604761391e-06,0.004998636113339524,CONDITIONAL_ANALYTIC_PASS,767381,6993946.203770781,ATTAINED_IDEAL_REAL_PROPOSAL,CONDITIONAL_ANALYTIC_PASS,785087,115945.15269644393,ATTAINED_IDEAL_REAL_PROPOSAL,CONDITIONAL_ANALYTIC_PASS,815292,17601916.64632626,ATTAINED_IDEAL_REAL_PROPOSAL,CONDITIONAL_ANALYTIC_PASS,785662
"1/8/A/A0=1e-6,A1=1e-4,A2=1e-6",1/8,A,False,1.0155749708063881,1.1486874171660884e-06,0.004998851312582834,CONDITIONAL_ANALYTIC_PASS,767316,7000423.805354946,ATTAINED_IDEAL_REAL_PROPOSAL,CONDITIONAL_ANALYTIC_PASS,785645,115935.17009424519,ATTAINED_IDEAL_REAL_PROPOSAL,CONDITIONAL_ANALYTIC_PASS,815222,17617669.36920131,ATTAINED_IDEAL_REAL_PROPOSAL,CONDITIONAL_ANALYTIC_PASS,786227
"1/8/A/A0=1e-6,A1=1e-6,A2=1e-3",1/8,A,False,1.0155749708063881,3.17352939736726e-06,0.004996826470602633,CONDITIONAL_ANALYTIC_PASS,767937,7009749.225023161,ATTAINED_IDEAL_REAL_PROPOSAL,CONDITIONAL_ANALYTIC_PASS,785518,116029.1489282932,ATTAINED_IDEAL_REAL_PROPOSAL,CONDITIONAL_ANALYTIC_PASS,815881,17639932.8591045,ATTAINED_IDEAL_REAL_PROPOSAL,CONDITIONAL_ANALYTIC_PASS,786113
"1/8/A/A0=1e-6,A1=1e-6,A2=1e-4",1/8,A,False,1.0155749708063881,9.608509823595814e-07,0.0049990391490176405,CONDITIONAL_ANALYTIC_PASS,767258,7006484.6583585935,ATTAINED_IDEAL_REAL_PROPOSAL,CONDITIONAL_ANALYTIC_PASS,784881,115926.45784405356,ATTAINED_IDEAL_REAL_PROPOSAL,CONDITIONAL_ANALYTIC_PASS,815161,17632256.29515023,ATTAINED_IDEAL_REAL_PROPOSAL,CONDITIONAL_ANALYTIC_PASS,785474
"1/8/A/A0=1e-6,A1=1e-6,A2=1e-6",1/8,A,True,1.0155749708063881,7.456517390495305e-07,0.00499925434826095,CONDITIONAL_ANALYTIC_PASS,767192,7012966.99935375,ATTAINED_IDEAL_REAL_PROPOSAL,CONDITIONAL_ANALYTIC_PASS,785438,115916.4776560791,ATTAINED_IDEAL_REAL_PROPOSAL,CONDITIONAL_ANALYTIC_PASS,815091,17648020.0067789,ATTAINED_IDEAL_REAL_PROPOSAL,CONDITIONAL_ANALYTIC_PASS,786037
"1/8/J1/P2=1e-3,P3=1e-3,A0=1e-3,A1=1e-3",1/8,J1,True,1.0158803293778869,0.0007397139354752104,0.0042602860645247894,CONDITIONAL_ANALYTIC_PASS,1056544,5478107.173262787,UNATTAINED_NET_COST_INFIMUM,MISSING_FINITE_PROPOSAL_ZERO_COST,,159115.38660397165,UNATTAINED_NET_COST_INFIMUM,MISSING_FINITE_PROPOSAL_ZERO_COST,,13777285.80365306,ATTAINED_IDEAL_REAL_PROPOSAL,CONDITIONAL_ANALYTIC_PASS,1105320
"1/8/J1/P2=1e-3,P3=1e-3,A0=1e-3,A1=1e-4",1/8,J1,False,1.0158803293778869,0.0007357298330918506,0.004264270166908149,CONDITIONAL_ANALYTIC_PASS,1054574,5473399.705361394,UNATTAINED_NET_COST_INFIMUM,MISSING_FINITE_PROPOSAL_ZERO_COST,,158818.20287721124,UNATTAINED_NET_COST_INFIMUM,MISSING_FINITE_PROPOSAL_ZERO_COST,,13766688.186571965,ATTAINED_IDEAL_REAL_PROPOSAL,CONDITIONAL_ANALYTIC_PASS,1103851
"1/8/J1/P2=1e-3,P3=1e-3,A0=1e-3,A1=1e-6",1/8,J1,False,1.0158803293778869,0.000735326797413734,0.0042646732025862655,CONDITIONAL_ANALYTIC_PASS,1054375,5486538.725188768,UNATTAINED_NET_COST_INFIMUM,MISSING_FINITE_PROPOSAL_ZERO_COST,,158788.18586327907,UNATTAINED_NET_COST_INFIMUM,MISSING_FINITE_PROPOSAL_ZERO_COST,,13798485.03657802,ATTAINED_IDEAL_REAL_PROPOSAL,CONDITIONAL_ANALYTIC_PASS,1105036
"1/8/J1/P2=1e-3,P3=1e-3,A0=1e-4,A1=1e-3",1/8,J1,False,1.0158803293778869,7.722456111560117e-05,0.004922775438884399,CONDITIONAL_ANALYTIC_PASS,791650,4817468.778861685,UNATTAINED_NET_COST_INFIMUM,MISSING_FINITE_PROPOSAL_ZERO_COST,,119170.74414622618,UNATTAINED_NET_COST_INFIMUM,MISSING_FINITE_PROPOSAL_ZERO_COST,,12347452.37016912,ATTAINED_IDEAL_REAL_PROPOSAL,CONDITIONAL_ANALYTIC_PASS,832827
"1/8/J1/P2=1e-3,P3=1e-3,A0=1e-4,A1=1e-4",1/8,J1,False,1.0158803293778869,7.324045873224133e-05,0.004926759541267759,CONDITIONAL_ANALYTIC_PASS,790373,4814164.70897074,UNATTAINED_NET_COST_INFIMUM,MISSING_FINITE_PROPOSAL_ZERO_COST,,118978.0834453358,UNATTAINED_NET_COST_INFIMUM,MISSING_FINITE_PROPOSAL_ZERO_COST,,12339892.877161851,ATTAINED_IDEAL_REAL_PROPOSAL,CONDITIONAL_ANALYTIC_PASS,831532
"1/8/J1/P2=1e-3,P3=1e-3,A0=1e-4,A1=1e-6",1/8,J1,False,1.0158803293778869,7.283742305412477e-05,0.004927162576945875,CONDITIONAL_ANALYTIC_PASS,790244,4824882.030537696,UNATTAINED_NET_COST_INFIMUM,MISSING_FINITE_PROPOSAL_ZERO_COST,,118958.61972739665,UNATTAINED_NET_COST_INFIMUM,MISSING_FINITE_PROPOSAL_ZERO_COST,,12366061.596839072,ATTAINED_IDEAL_REAL_PROPOSAL,CONDITIONAL_ANALYTIC_PASS,832337
"1/8/J1/P2=1e-3,P3=1e-3,A0=1e-6,A1=1e-3",1/8,J1,False,1.0158803293778869,5.806965517335641e-06,0.004994193034482664,CONDITIONAL_ANALYTIC_PASS,769207,6978094.948808319,UNATTAINED_NET_COST_INFIMUM,MISSING_FINITE_PROPOSAL_ZERO_COST,,115786.8002082561,UNATTAINED_NET_COST_INFIMUM,MISSING_FINITE_PROPOSAL_ZERO_COST,,17563617.32773784,ATTAINED_IDEAL_REAL_PROPOSAL,CONDITIONAL_ANALYTIC_PASS,811947
"1/8/J1/P2=1e-3,P3=1e-3,A0=1e-6,A1=1e-4",1/8,J1,False,1.0158803293778869,1.822863133975802e-06,0.004998177136866024,CONDITIONAL_ANALYTIC_PASS,767983,6972294.39604893,UNATTAINED_NET_COST_INFIMUM,MISSING_FINITE_PROPOSAL_ZERO_COST,,115602.28389448968,UNATTAINED_NET_COST_INFIMUM,MISSING_FINITE_PROPOSAL_ZERO_COST,,17550208.20951636,ATTAINED_IDEAL_REAL_PROPOSAL,CONDITIONAL_ANALYTIC_PASS,810554
"1/8/J1/P2=1e-3,P3=1e-3,A0=1e-6,A1=1e-6",1/8,J1,False,1.0158803293778869,1.419827455859244e-06,0.004998580172544141,CONDITIONAL_ANALYTIC_PASS,767859,6984816.332091126,UNATTAINED_NET_COST_INFIMUM,MISSING_FINITE_PROPOSAL_ZERO_COST,,115583.64261439732,UNATTAINED_NET_COST_INFIMUM,MISSING_FINITE_PROPOSAL_ZERO_COST,,17580510.233702287,ATTAINED_IDEAL_REAL_PROPOSAL,CONDITIONAL_ANALYTIC_PASS,810390
"1/8/J1/P2=1e-3,P3=1e-4,A0=1e-3,A1=1e-3",1/8,J1,False,1.0158803293778869,0.00073961833632184,0.00426038166367816,CONDITIONAL_ANALYTIC_PASS,1056497,5478092.363220089,UNATTAINED_NET_COST_INFIMUM,MISSING_FINITE_PROPOSAL_ZERO_COST,,159108.24587021378,UNATTAINED_NET_COST_INFIMUM,MISSING_FINITE_PROPOSAL_ZERO_COST,,13777221.363800174,ATTAINED_IDEAL_REAL_PROPOSAL,CONDITIONAL_ANALYTIC_PASS,1105770
"1/8/J1/P2=1e-3,P3=1e-4,A0=1e-3,A1=1e-4",1/8,J1,False,1.0158803293778869,0.0007356342339384801,0.00426436576606152,CONDITIONAL_ANALYTIC_PASS,1054526,5473385.021023974,UNATTAINED_NET_COST_INFIMUM,MISSING_FINITE_PROPOSAL_ZERO_COST,,158811.08213927186,UNATTAINED_NET_COST_INFIMUM,MISSING_FINITE_PROPOSAL_ZERO_COST,,13766624.069221854,ATTAINED_IDEAL_REAL_PROPOSAL,CONDITIONAL_ANALYTIC_PASS,1103860
"1/8/J1/P2=1e-3,P3=1e-4,A0=1e-3,A1=1e-6",1/8,J1,False,1.0158803293778869,0.0007352311982603636,0.004264768801739636,CONDITIONAL_ANALYTIC_PASS,1054327,5486523.729925537,UNATTAINED_NET_COST_INFIMUM,MISSING_FINITE_PROPOSAL_ZERO_COST,,158781.06714397605,UNATTAINED_NET_COST_INFIMUM,MISSING_FINITE_PROPOSAL_ZERO_COST,,13798420.138122749,ATTAINED_IDEAL_REAL_PROPOSAL,CONDITIONAL_ANALYTIC_PASS,1104987
"1/8/J1/P2=1e-3,P3=1e-4,A0=1e-4,A1=1e-3",1/8,J1,False,1.0158803293778869,7.712896196223068e-05,0.00492287103803777,CONDITIONAL_ANALYTIC_PASS,791620,4817469.1766788475,UNATTAINED_NET_COST_INFIMUM,MISSING_FINITE_PROPOSAL_ZERO_COST,,119166.1157448157,UNATTAINED_NET_COST_INFIMUM,MISSING_FINITE_PROPOSAL_ZERO_COST,,12347426.581365436,ATTAINED_IDEAL_REAL_PROPOSAL,CONDITIONAL_ANALYTIC_PASS,832842
"1/8/J1/P2=1e-3,P3=1e-4,A0=1e-4,A1=1e-4",1/8,J1,False,1.0158803293778869,7.314485957887084e-05,0.0049268551404211295,CONDITIONAL_ANALYTIC_PASS,790342,4814165.170430017,UNATTAINED_NET_COST_INFIMUM,MISSING_FINITE_PROPOSAL_ZERO_COST,,118973.46626322993,UNATTAINED_NET_COST_INFIMUM,MISSING_FINITE_PROPOSAL_ZERO_COST,,12339867.263760883,ATTAINED_IDEAL_REAL_PROPOSAL,CONDITIONAL_ANALYTIC_PASS,831543
"1/8/J1/P2=1e-3,P3=1e-4,A0=1e-4,A1=1e-6",1/8,J1,False,1.0158803293778869,7.274182390075429e-05,0.004927258176099246,CONDITIONAL_ANALYTIC_PASS,790213,4824882.284418403,UNATTAINED_NET_COST_INFIMUM,MISSING_FINITE_PROPOSAL_ZERO_COST,,118954.00367822612,UNATTAINED_NET_COST_INFIMUM,MISSING_FINITE_PROPOSAL_ZERO_COST,,12366035.45039467,ATTAINED_IDEAL_REAL_PROPOSAL,CONDITIONAL_ANALYTIC_PASS,832302
"1/8/J1/P2=1e-3,P3=1e-4,A0=1e-6,A1=1e-3",1/8,J1,False,1.0158803293778869,5.711366363965156e-06,0.004994288633636035,CONDITIONAL_ANALYTIC_PASS,769177,6978050.242620377,UNATTAINED_NET_COST_INFIMUM,MISSING_FINITE_PROPOSAL_ZERO_COST,,115782.36753928459,UNATTAINED_NET_COST_INFIMUM,MISSING_FINITE_PROPOSAL_ZERO_COST,,17563478.390923023,ATTAINED_IDEAL_REAL_PROPOSAL,CONDITIONAL_ANALYTIC_PASS,811907
"1/8/J1/P2=1e-3,P3=1e-4,A0=1e-6,A1=1e-4",1/8,J1,False,1.0158803293778869,1.7272639806053168e-06,0.0049982727360193945,CONDITIONAL_ANALYTIC_PASS,767954,6972249.854986664,UNATTAINED_NET_COST_INFIMUM,MISSING_FINITE_PROPOSAL_ZERO_COST,,115597.86181695852,UNATTAINED_NET_COST_INFIMUM,MISSING_FINITE_PROPOSAL_ZERO_COST,,17550069.692870263,ATTAINED_IDEAL_REAL_PROPOSAL,CONDITIONAL_ANALYTIC_PASS,810515
"1/8/J1/P2=1e-3,P3=1e-4,A0=1e-6,A1=1e-6",1/8,J1,False,1.0158803293778869,1.3242283024887591e-06,0.004998675771697512,CONDITIONAL_ANALYTIC_PASS,767830,6984771.51505695,UNATTAINED_NET_COST_INFIMUM,MISSING_FINITE_PROPOSAL_ZERO_COST,,115579.22160642644,UNATTAINED_NET_COST_INFIMUM,MISSING_FINITE_PROPOSAL_ZERO_COST,,17580371.028934058,ATTAINED_IDEAL_REAL_PROPOSAL,CONDITIONAL_ANALYTIC_PASS,810351
"1/8/J1/P2=1e-3,P3=1e-6,A0=1e-3,A1=1e-3",1/8,J1,False,1.0158803293778869,0.0007396126921252235,0.004260387307874776,CONDITIONAL_ANALYTIC_PASS,1056494,5478377.306608909,UNATTAINED_NET_COST_INFIMUM,MISSING_FINITE_PROPOSAL_ZERO_COST,,159107.82429463242,UNATTAINED_NET_COST_INFIMUM,MISSING_FINITE_PROPOSAL_ZERO_COST,,13777961.628430499,ATTAINED_IDEAL_REAL_PROPOSAL,CONDITIONAL_ANALYTIC_PASS,1106537
"1/8/J1/P2=1e-3,P3=1e-6,A0=1e-3,A1=1e-4",1/8,J1,False,1.0158803293778869,0.0007356285897418637,0.004264371410258136,CONDITIONAL_ANALYTIC_PASS,1054524,5473669.582086024,UNATTAINED_NET_COST_INFIMUM,MISSING_FINITE_PROPOSAL_ZERO_COST,,158810.66174419227,UNATTAINED_NET_COST_INFIMUM,MISSING_FINITE_PROPOSAL_ZERO_COST,,13767363.37176812,ATTAINED_IDEAL_REAL_PROPOSAL,CONDITIONAL_ANALYTIC_PASS,1104626
"1/8/J1/P2=1e-3,P3=1e-6,A0=1e-3,A1=1e-6",1/8,J1,False,1.0158803293778869,0.0007352255540637472,0.004264774445936253,CONDITIONAL_ANALYTIC_PASS,1054325,5486808.587995065,UNATTAINED_NET_COST_INFIMUM,MISSING_FINITE_PROPOSAL_ZERO_COST,,158780.64686807155,UNATTAINED_NET_COST_INFIMUM,MISSING_FINITE_PROPOSAL_ZERO_COST,,13799160.181875888,ATTAINED_IDEAL_REAL_PROPOSAL,CONDITIONAL_ANALYTIC_PASS,1104992
"1/8/J1/P2=1e-3,P3=1e-6,A0=1e-4,A1=1e-3",1/8,J1,False,1.0158803293778869,7.712331776561428e-05,0.004922876682234386,CONDITIONAL_ANALYTIC_PASS,791618,4817701.160499972,UNATTAINED_NET_COST_INFIMUM,MISSING_FINITE_PROPOSAL_ZERO_COST,,119165.84249133196,UNATTAINED_NET_COST_INFIMUM,MISSING_FINITE_PROPOSAL_ZERO_COST,,12348034.666347276,ATTAINED_IDEAL_REAL_PROPOSAL,CONDITIONAL_ANALYTIC_PASS,833449
"1/8/J1/P2=1e-3,P3=1e-6,A0=1e-4,A1=1e-4",1/8,J1,False,1.0158803293778869,7.313921538225444e-05,0.004926860784617746,CONDITIONAL_ANALYTIC_PASS,790340,4814396.890939763,UNATTAINED_NET_COST_INFIMUM,MISSING_FINITE_PROPOSAL_ZERO_COST,,118973.19367210937,UNATTAINED_NET_COST_INFIMUM,MISSING_FINITE_PROPOSAL_ZERO_COST,,12340474.679652046,ATTAINED_IDEAL_REAL_PROPOSAL,CONDITIONAL_ANALYTIC_PASS,832149
"1/8/J1/P2=1e-3,P3=1e-6,A0=1e-4,A1=1e-6",1/8,J1,False,1.0158803293778869,7.273617970413787e-05,0.004927263820295862,CONDITIONAL_ANALYTIC_PASS,790211,4825114.231446439,UNATTAINED_NET_COST_INFIMUM,MISSING_FINITE_PROPOSAL_ZERO_COST,,118953.73115399157,UNATTAINED_NET_COST_INFIMUM,MISSING_FINITE_PROPOSAL_ZERO_COST,,12366643.430255946,ATTAINED_IDEAL_REAL_PROPOSAL,CONDITIONAL_ANALYTIC_PASS,832303
"1/8/J1/P2=1e-3,P3=1e-6,A0=1e-6,A1=1e-3",1/8,J1,False,1.0158803293778869,5.7057221673487445e-06,0.004994294277832652,CONDITIONAL_ANALYTIC_PASS,769176,6978322.7820944805,UNATTAINED_NET_COST_INFIMUM,MISSING_FINITE_PROPOSAL_ZERO_COST,,115782.1058414184,UNATTAINED_NET_COST_INFIMUM,MISSING_FINITE_PROPOSAL_ZERO_COST,,17564186.844973255,ATTAINED_IDEAL_REAL_PROPOSAL,CONDITIONAL_ANALYTIC_PASS,811901
"1/8/J1/P2=1e-3,P3=1e-6,A0=1e-6,A1=1e-4",1/8,J1,False,1.0158803293778869,1.7216197839889053e-06,0.004998278380216011,CONDITIONAL_ANALYTIC_PASS,767952,6972522.0705634635,UNATTAINED_NET_COST_INFIMUM,MISSING_FINITE_PROPOSAL_ZERO_COST,,115597.60074438812,UNATTAINED_NET_COST_INFIMUM,MISSING_FINITE_PROPOSAL_ZERO_COST,,17550777.327083446,ATTAINED_IDEAL_REAL_PROPOSAL,CONDITIONAL_ANALYTIC_PASS,810508
"1/8/J1/P2=1e-3,P3=1e-6,A0=1e-6,A1=1e-6",1/8,J1,False,1.0158803293778869,1.3185841058723474e-06,0.004998681415894128,CONDITIONAL_ANALYTIC_PASS,767828,6985043.93884802,UNATTAINED_NET_COST_INFIMUM,MISSING_FINITE_PROPOSAL_ZERO_COST,,115578.96059700058,UNATTAINED_NET_COST_INFIMUM,MISSING_FINITE_PROPOSAL_ZERO_COST,,17581079.18243083,ATTAINED_IDEAL_REAL_PROPOSAL,CONDITIONAL_ANALYTIC_PASS,810344
"1/8/J1/P2=1e-4,P3=1e-3,A0=1e-3,A1=1e-3",1/8,J1,False,1.0158803293778869,0.000739171276996063,0.004260828723003937,CONDITIONAL_ANALYTIC_PASS,1056275,5478094.586996324,UNATTAINED_NET_COST_INFIMUM,MISSING_FINITE_PROPOSAL_ZERO_COST,,159074.8593634494,UNATTAINED_NET_COST_INFIMUM,MISSING_FINITE_PROPOSAL_ZERO_COST,,13777089.922543477,ATTAINED_IDEAL_REAL_PROPOSAL,CONDITIONAL_ANALYTIC_PASS,1105033
"1/8/J1/P2=1e-4,P3=1e-3,A0=1e-3,A1=1e-4",1/8,J1,False,1.0158803293778869,0.0007351871746127031,0.0042648128253872965,CONDITIONAL_ANALYTIC_PASS,1054306,5473387.735109601,UNATTAINED_NET_COST_INFIMUM,MISSING_FINITE_PROPOSAL_ZERO_COST,,158777.78911703164,UNATTAINED_NET_COST_INFIMUM,MISSING_FINITE_PROPOSAL_ZERO_COST,,13766493.91191211,ATTAINED_IDEAL_REAL_PROPOSAL,CONDITIONAL_ANALYTIC_PASS,1103565
"1/8/J1/P2=1e-4,P3=1e-3,A0=1e-3,A1=1e-6",1/8,J1,False,1.0158803293778869,0.0007347841389345865,0.004265215861065414,CONDITIONAL_ANALYTIC_PASS,1054107,5486525.069048267,UNATTAINED_NET_COST_INFIMUM,MISSING_FINITE_PROPOSAL_ZERO_COST,,158747.78355927297,UNATTAINED_NET_COST_INFIMUM,MISSING_FINITE_PROPOSAL_ZERO_COST,,13798286.508287141,ATTAINED_IDEAL_REAL_PROPOSAL,CONDITIONAL_ANALYTIC_PASS,1104749
"1/8/J1/P2=1e-4,P3=1e-3,A0=1e-4,A1=1e-3",1/8,J1,False,1.0158803293778869,7.668190263645369e-05,0.004923318097363546,CONDITIONAL_ANALYTIC_PASS,791476,4817529.042618401,UNATTAINED_NET_COST_INFIMUM,MISSING_FINITE_PROPOSAL_ZERO_COST,,119144.47509372093,UNATTAINED_NET_COST_INFIMUM,MISSING_FINITE_PROPOSAL_ZERO_COST,,12347445.167411694,ATTAINED_IDEAL_REAL_PROPOSAL,CONDITIONAL_ANALYTIC_PASS,832622
"1/8/J1/P2=1e-4,P3=1e-3,A0=1e-4,A1=1e-4",1/8,J1,False,1.0158803293778869,7.269780025309385e-05,0.004927302199746906,CONDITIONAL_ANALYTIC_PASS,790199,4814225.267173589,UNATTAINED_NET_COST_INFIMUM,MISSING_FINITE_PROPOSAL_ZERO_COST,,118951.87806646575,UNATTAINED_NET_COST_INFIMUM,MISSING_FINITE_PROPOSAL_ZERO_COST,,12339886.514853641,ATTAINED_IDEAL_REAL_PROPOSAL,CONDITIONAL_ANALYTIC_PASS,831327
"1/8/J1/P2=1e-4,P3=1e-3,A0=1e-4,A1=1e-6",1/8,J1,False,1.0158803293778869,7.229476457497729e-05,0.0049277052354250225,CONDITIONAL_ANALYTIC_PASS,790070,4824941.470254296,UNATTAINED_NET_COST_INFIMUM,MISSING_FINITE_PROPOSAL_ZERO_COST,,118932.4207783473,UNATTAINED_NET_COST_INFIMUM,MISSING_FINITE_PROPOSAL_ZERO_COST,,12366052.344980523,ATTAINED_IDEAL_REAL_PROPOSAL,CONDITIONAL_ANALYTIC_PASS,832132
"1/8/J1/P2=1e-4,P3=1e-3,A0=1e-6,A1=1e-3",1/8,J1,False,1.0158803293778869,5.26430703818816e-06,0.004994735692961812,CONDITIONAL_ANALYTIC_PASS,769040,6977910.016004968,UNATTAINED_NET_COST_INFIMUM,MISSING_FINITE_PROPOSAL_ZERO_COST,,115761.64200990254,UNATTAINED_NET_COST_INFIMUM,MISSING_FINITE_PROPOSAL_ZERO_COST,,17562992.35369356,ATTAINED_IDEAL_REAL_PROPOSAL,CONDITIONAL_ANALYTIC_PASS,811711
"1/8/J1/P2=1e-4,P3=1e-3,A0=1e-6,A1=1e-4",1/8,J1,False,1.0158803293778869,1.2802046548283211e-06,0.004998719795345172,CONDITIONAL_ANALYTIC_PASS,767817,6972110.317024466,UNATTAINED_NET_COST_INFIMUM,MISSING_FINITE_PROPOSAL_ZERO_COST,,115577.18580656918,UNATTAINED_NET_COST_INFIMUM,MISSING_FINITE_PROPOSAL_ZERO_COST,,17549585.42739938,ATTAINED_IDEAL_REAL_PROPOSAL,CONDITIONAL_ANALYTIC_PASS,810319
"1/8/J1/P2=1e-4,P3=1e-3,A0=1e-6,A1=1e-6",1/8,J1,False,1.0158803293778869,8.771689767117633e-07,0.004999122831023288,CONDITIONAL_ANALYTIC_PASS,767693,6984630.742837527,UNATTAINED_NET_COST_INFIMUM,MISSING_FINITE_PROPOSAL_ZERO_COST,,115558.55059663675,UNATTAINED_NET_COST_INFIMUM,MISSING_FINITE_PROPOSAL_ZERO_COST,,17579883.673752673,ATTAINED_IDEAL_REAL_PROPOSAL,CONDITIONAL_ANALYTIC_PASS,810155
"1/8/J1/P2=1e-4,P3=1e-4,A0=1e-3,A1=1e-3",1/8,J1,False,1.0158803293778869,0.0007390756778426925,0.004260924322157308,CONDITIONAL_ANALYTIC_PASS,1056228,5478079.779139186,UNATTAINED_NET_COST_INFIMUM,MISSING_FINITE_PROPOSAL_ZERO_COST,,159067.72135764168,UNATTAINED_NET_COST_INFIMUM,MISSING_FINITE_PROPOSAL_ZERO_COST,,13777025.495750295,ATTAINED_IDEAL_REAL_PROPOSAL,CONDITIONAL_ANALYTIC_PASS,1105483
"1/8/J1/P2=1e-4,P3=1e-4,A0=1e-3,A1=1e-4",1/8,J1,False,1.0158803293778869,0.0007350915754593326,0.004264908424540667,CONDITIONAL_ANALYTIC_PASS,1054258,5473373.052924956,UNATTAINED_NET_COST_INFIMUM,MISSING_FINITE_PROPOSAL_ZERO_COST,,158770.67109686258,UNATTAINED_NET_COST_INFIMUM,MISSING_FINITE_PROPOSAL_ZERO_COST,,13766429.807527207,ATTAINED_IDEAL_REAL_PROPOSAL,CONDITIONAL_ANALYTIC_PASS,1103574
"1/8/J1/P2=1e-4,P3=1e-4,A0=1e-3,A1=1e-6",1/8,J1,False,1.0158803293778869,0.0007346885397812161,0.004265311460218784,CONDITIONAL_ANALYTIC_PASS,1054059,5486510.076017558,UNATTAINED_NET_COST_INFIMUM,MISSING_FINITE_PROPOSAL_ZERO_COST,,158740.66755671307,UNATTAINED_NET_COST_INFIMUM,MISSING_FINITE_PROPOSAL_ZERO_COST,,13798221.623005062,ATTAINED_IDEAL_REAL_PROPOSAL,CONDITIONAL_ANALYTIC_PASS,1104700
"1/8/J1/P2=1e-4,P3=1e-4,A0=1e-4,A1=1e-3",1/8,J1,False,1.0158803293778869,7.65863034830832e-05,0.004923413696516917,CONDITIONAL_ANALYTIC_PASS,791446,4817529.439224045,UNATTAINED_NET_COST_INFIMUM,MISSING_FINITE_PROPOSAL_ZERO_COST,,119139.84822258334,UNATTAINED_NET_COST_INFIMUM,MISSING_FINITE_PROPOSAL_ZERO_COST,,12347419.381597828,ATTAINED_IDEAL_REAL_PROPOSAL,CONDITIONAL_ANALYTIC_PASS,832637
"1/8/J1/P2=1e-4,P3=1e-4,A0=1e-4,A1=1e-4",1/8,J1,True,1.0158803293778869,7.260220109972336e-05,0.004927397798900277,CONDITIONAL_ANALYTIC_PASS,790168,4814225.72741002,UNATTAINED_NET_COST_INFIMUM,MISSING_FINITE_PROPOSAL_ZERO_COST,,118947.26240968918,UNATTAINED_NET_COST_INFIMUM,MISSING_FINITE_PROPOSAL_ZERO_COST,,12339860.904403538,ATTAINED_IDEAL_REAL_PROPOSAL,CONDITIONAL_ANALYTIC_PASS,831338
"1/8/J1/P2=1e-4,P3=1e-4,A0=1e-4,A1=1e-6",1/8,J1,False,1.0158803293778869,7.219916542160681e-05,0.004927800834578393,CONDITIONAL_ANALYTIC_PASS,790039,4824941.722955478,UNATTAINED_NET_COST_INFIMUM,MISSING_FINITE_PROPOSAL_ZERO_COST,,118927.80625400707,UNATTAINED_NET_COST_INFIMUM,MISSING_FINITE_PROPOSAL_ZERO_COST,,12366026.201604677,ATTAINED_IDEAL_REAL_PROPOSAL,CONDITIONAL_ANALYTIC_PASS,832097
"1/8/J1/P2=1e-4,P3=1e-4,A0=1e-6,A1=1e-3",1/8,J1,False,1.0158803293778869,5.168707884817675e-06,0.004994831292115183,CONDITIONAL_ANALYTIC_PASS,769011,6977865.318805926,UNATTAINED_NET_COST_INFIMUM,MISSING_FINITE_PROPOSAL_ZERO_COST,,115757.21078553665,UNATTAINED_NET_COST_INFIMUM,MISSING_FINITE_PROPOSAL_ZERO_COST,,17562853.44640666,ATTAINED_IDEAL_REAL_PROPOSAL,CONDITIONAL_ANALYTIC_PASS,811672
"1/8/J1/P2=1e-4,P3=1e-4,A0=1e-6,A1=1e-4",1/8,J1,False,1.0158803293778869,1.1846055014578361e-06,0.0049988153944985425,CONDITIONAL_ANALYTIC_PASS,767787,6972065.78490573,UNATTAINED_NET_COST_INFIMUM,MISSING_FINITE_PROPOSAL_ZERO_COST,,115572.76516904337,UNATTAINED_NET_COST_INFIMUM,MISSING_FINITE_PROPOSAL_ZERO_COST,,17549446.940157857,ATTAINED_IDEAL_REAL_PROPOSAL,CONDITIONAL_ANALYTIC_PASS,810280
"1/8/J1/P2=1e-4,P3=1e-4,A0=1e-6,A1=1e-6",1/8,J1,False,1.0158803293778869,7.815698233412782e-07,0.004999218430176659,CONDITIONAL_ANALYTIC_PASS,767664,6984585.93481247,UNATTAINED_NET_COST_INFIMUM,MISSING_FINITE_PROPOSAL_ZERO_COST,,115554.13102820689,UNATTAINED_NET_COST_INFIMUM,MISSING_FINITE_PROPOSAL_ZERO_COST,,17579744.498556696,ATTAINED_IDEAL_REAL_PROPOSAL,CONDITIONAL_ANALYTIC_PASS,810115
"1/8/J1/P2=1e-4,P3=1e-6,A0=1e-3,A1=1e-3",1/8,J1,False,1.0158803293778869,0.000739070033646076,0.004260929966353924,CONDITIONAL_ANALYTIC_PASS,1056225,5478364.685927486,UNATTAINED_NET_COST_INFIMUM,MISSING_FINITE_PROPOSAL_ZERO_COST,,159067.29994311146,UNATTAINED_NET_COST_INFIMUM,MISSING_FINITE_PROPOSAL_ZERO_COST,,13777765.661099693,ATTAINED_IDEAL_REAL_PROPOSAL,CONDITIONAL_ANALYTIC_PASS,1106250
"1/8/J1/P2=1e-4,P3=1e-6,A0=1e-3,A1=1e-4",1/8,J1,False,1.0158803293778869,0.0007350859312627163,0.004264914068737284,CONDITIONAL_ANALYTIC_PASS,1054256,5473657.577484371,UNATTAINED_NET_COST_INFIMUM,MISSING_FINITE_PROPOSAL_ZERO_COST,,158770.25086223314,UNATTAINED_NET_COST_INFIMUM,MISSING_FINITE_PROPOSAL_ZERO_COST,,13767169.011046581,ATTAINED_IDEAL_REAL_PROPOSAL,CONDITIONAL_ANALYTIC_PASS,1104340
"1/8/J1/P2=1e-4,P3=1e-6,A0=1e-3,A1=1e-6",1/8,J1,False,1.0158803293778869,0.0007346828955845997,0.0042653171044154,CONDITIONAL_ANALYTIC_PASS,1054057,5486794.897508979,UNATTAINED_NET_COST_INFIMUM,MISSING_FINITE_PROPOSAL_ZERO_COST,,158740.2474411981,UNATTAINED_NET_COST_INFIMUM,MISSING_FINITE_PROPOSAL_ZERO_COST,,13798961.56754426,ATTAINED_IDEAL_REAL_PROPOSAL,CONDITIONAL_ANALYTIC_PASS,1104705
"1/8/J1/P2=1e-4,P3=1e-6,A0=1e-4,A1=1e-3",1/8,J1,False,1.0158803293778869,7.658065928646678e-05,0.004923419340713533,CONDITIONAL_ANALYTIC_PASS,791444,4817761.3988573365,UNATTAINED_NET_COST_INFIMUM,MISSING_FINITE_PROPOSAL_ZERO_COST,,119139.57505944357,UNATTAINED_NET_COST_INFIMUM,MISSING_FINITE_PROPOSAL_ZERO_COST,,12348027.399386805,ATTAINED_IDEAL_REAL_PROPOSAL,CONDITIONAL_ANALYTIC_PASS,833243
"1/8/J1/P2=1e-4,P3=1e-6,A0=1e-4,A1=1e-4",1/8,J1,False,1.0158803293778869,7.259655690310696e-05,0.004927403443096893,CONDITIONAL_ANALYTIC_PASS,790166,4814457.423787759,UNATTAINED_NET_COST_INFIMUM,MISSING_FINITE_PROPOSAL_ZERO_COST,,118946.9899086207,UNATTAINED_NET_COST_INFIMUM,MISSING_FINITE_PROPOSAL_ZERO_COST,,12340468.253249517,ATTAINED_IDEAL_REAL_PROPOSAL,CONDITIONAL_ANALYTIC_PASS,831944
"1/8/J1/P2=1e-4,P3=1e-6,A0=1e-4,A1=1e-6",1/8,J1,False,1.0158803293778869,7.219352122499039e-05,0.00492780647877501,CONDITIONAL_ANALYTIC_PASS,790037,4825173.645801241,UNATTAINED_NET_COST_INFIMUM,MISSING_FINITE_PROPOSAL_ZERO_COST,,118927.53381979516,UNATTAINED_NET_COST_INFIMUM,MISSING_FINITE_PROPOSAL_ZERO_COST,,12366634.114296611,ATTAINED_IDEAL_REAL_PROPOSAL,CONDITIONAL_ANALYTIC_PASS,832098
"1/8/J1/P2=1e-4,P3=1e-6,A0=1e-6,A1=1e-3",1/8,J1,False,1.0158803293778869,5.163063688201264e-06,0.004994836936311799,CONDITIONAL_ANALYTIC_PASS,769009,6978137.825268109,UNATTAINED_NET_COST_INFIMUM,MISSING_FINITE_PROPOSAL_ZERO_COST,,115756.94917295685,UNATTAINED_NET_COST_INFIMUM,MISSING_FINITE_PROPOSAL_ZERO_COST,,17563561.811590374,ATTAINED_IDEAL_REAL_PROPOSAL,CONDITIONAL_ANALYTIC_PASS,811665
"1/8/J1/P2=1e-4,P3=1e-6,A0=1e-6,A1=1e-4",1/8,J1,False,1.0158803293778869,1.1789613048414246e-06,0.004998821038695159,CONDITIONAL_ANALYTIC_PASS,767786,6972337.967546196,UNATTAINED_NET_COST_INFIMUM,MISSING_FINITE_PROPOSAL_ZERO_COST,,115572.50418148779,UNATTAINED_NET_COST_INFIMUM,MISSING_FINITE_PROPOSAL_ZERO_COST,,17550154.485700984,ATTAINED_IDEAL_REAL_PROPOSAL,CONDITIONAL_ANALYTIC_PASS,810273
"1/8/J1/P2=1e-4,P3=1e-6,A0=1e-6,A1=1e-6",1/8,J1,False,1.0158803293778869,7.759256267248666e-07,0.004999224074373275,CONDITIONAL_ANALYTIC_PASS,767662,6984858.325622926,UNATTAINED_NET_COST_INFIMUM,MISSING_FINITE_PROPOSAL_ZERO_COST,,115553.87010376842,UNATTAINED_NET_COST_INFIMUM,MISSING_FINITE_PROPOSAL_ZERO_COST,,17580452.56327381,ATTAINED_IDEAL_REAL_PROPOSAL,CONDITIONAL_ANALYTIC_PASS,810109
"1/8/J1/P2=1e-6,P3=1e-3,A0=1e-3,A1=1e-3",1/8,J1,False,1.0158803293778869,0.0007391392383111595,0.0042608607616888405,CONDITIONAL_ANALYTIC_PASS,1056260,5479804.608135293,UNATTAINED_NET_COST_INFIMUM,MISSING_FINITE_PROPOSAL_ZERO_COST,,159072.4671096683,UNATTAINED_NET_COST_INFIMUM,MISSING_FINITE_PROPOSAL_ZERO_COST,,13781530.51471634,ATTAINED_IDEAL_REAL_PROPOSAL,CONDITIONAL_ANALYTIC_PASS,1105057
"1/8/J1/P2=1e-6,P3=1e-3,A0=1e-3,A1=1e-4",1/8,J1,False,1.0158803293778869,0.0007351551359277998,0.0042648448640722,CONDITIONAL_ANALYTIC_PASS,1054290,5475095.459975117,UNATTAINED_NET_COST_INFIMUM,MISSING_FINITE_PROPOSAL_ZERO_COST,,158775.40356135037,UNATTAINED_NET_COST_INFIMUM,MISSING_FINITE_PROPOSAL_ZERO_COST,,13770928.728834612,ATTAINED_IDEAL_REAL_PROPOSAL,CONDITIONAL_ANALYTIC_PASS,1103589
"1/8/J1/P2=1e-6,P3=1e-3,A0=1e-3,A1=1e-6",1/8,J1,False,1.0158803293778869,0.0007347521002496832,0.004265247899750317,CONDITIONAL_ANALYTIC_PASS,1054091,5488234.581652839,UNATTAINED_NET_COST_INFIMUM,MISSING_FINITE_PROPOSAL_ZERO_COST,,158745.39867978462,UNATTAINED_NET_COST_INFIMUM,MISSING_FINITE_PROPOSAL_ZERO_COST,,13802725.784204215,ATTAINED_IDEAL_REAL_PROPOSAL,CONDITIONAL_ANALYTIC_PASS,1104772
"1/8/J1/P2=1e-6,P3=1e-3,A0=1e-4,A1=1e-3",1/8,J1,False,1.0158803293778869,7.664986395155027e-05,0.004923350136048449,CONDITIONAL_ANALYTIC_PASS,791466,4818921.023007332,UNATTAINED_NET_COST_INFIMUM,MISSING_FINITE_PROPOSAL_ZERO_COST,,119142.92443420264,UNATTAINED_NET_COST_INFIMUM,MISSING_FINITE_PROPOSAL_ZERO_COST,,12351092.398492118,ATTAINED_IDEAL_REAL_PROPOSAL,CONDITIONAL_ANALYTIC_PASS,832620
"1/8/J1/P2=1e-6,P3=1e-3,A0=1e-4,A1=1e-4",1/8,J1,False,1.0158803293778869,7.266576156819042e-05,0.004927334238431809,CONDITIONAL_ANALYTIC_PASS,790189,4815615.666487801,UNATTAINED_NET_COST_INFIMUM,MISSING_FINITE_PROPOSAL_ZERO_COST,,118950.33116537667,UNATTAINED_NET_COST_INFIMUM,MISSING_FINITE_PROPOSAL_ZERO_COST,,12343529.730280787,ATTAINED_IDEAL_REAL_PROPOSAL,CONDITIONAL_ANALYTIC_PASS,831325
"1/8/J1/P2=1e-6,P3=1e-3,A0=1e-4,A1=1e-6",1/8,J1,False,1.0158803293778869,7.226272589007386e-05,0.004927737274109926,CONDITIONAL_ANALYTIC_PASS,790060,4826333.232496516,UNATTAINED_NET_COST_INFIMUM,MISSING_FINITE_PROPOSAL_ZERO_COST,,118930.8742567878,UNATTAINED_NET_COST_INFIMUM,MISSING_FINITE_PROPOSAL_ZERO_COST,,12369698.952112738,ATTAINED_IDEAL_REAL_PROPOSAL,CONDITIONAL_ANALYTIC_PASS,832129
"1/8/J1/P2=1e-6,P3=1e-3,A0=1e-6,A1=1e-3",1/8,J1,False,1.0158803293778869,5.232268353284734e-06,0.004994767731646715,CONDITIONAL_ANALYTIC_PASS,769030,6979546.16680013,UNATTAINED_NET_COST_INFIMUM,MISSING_FINITE_PROPOSAL_ZERO_COST,,115760.1569202742,UNATTAINED_NET_COST_INFIMUM,MISSING_FINITE_PROPOSAL_ZERO_COST,,17567243.55096974,ATTAINED_IDEAL_REAL_PROPOSAL,CONDITIONAL_ANALYTIC_PASS,811664
"1/8/J1/P2=1e-6,P3=1e-3,A0=1e-6,A1=1e-4",1/8,J1,False,1.0158803293778869,1.2481659699248953e-06,0.004998751834030075,CONDITIONAL_ANALYTIC_PASS,767807,6973744.521364219,UNATTAINED_NET_COST_INFIMUM,MISSING_FINITE_PROPOSAL_ZERO_COST,,115575.70426505868,UNATTAINED_NET_COST_INFIMUM,MISSING_FINITE_PROPOSAL_ZERO_COST,,17553831.700587295,ATTAINED_IDEAL_REAL_PROPOSAL,CONDITIONAL_ANALYTIC_PASS,810272
"1/8/J1/P2=1e-6,P3=1e-3,A0=1e-6,A1=1e-6",1/8,J1,False,1.0158803293778869,8.451302918083375e-07,0.004999154869708191,CONDITIONAL_ANALYTIC_PASS,767683,6986266.201611414,UNATTAINED_NET_COST_INFIMUM,MISSING_FINITE_PROPOSAL_ZERO_COST,,115557.06941342754,UNATTAINED_NET_COST_INFIMUM,MISSING_FINITE_PROPOSAL_ZERO_COST,,17584133.07366192,ATTAINED_IDEAL_REAL_PROPOSAL,CONDITIONAL_ANALYTIC_PASS,810107
"1/8/J1/P2=1e-6,P3=1e-4,A0=1e-3,A1=1e-3",1/8,J1,False,1.0158803293778869,0.0007390436391577891,0.004260956360842211,CONDITIONAL_ANALYTIC_PASS,1056212,5479789.7597094,UNATTAINED_NET_COST_INFIMUM,MISSING_FINITE_PROPOSAL_ZERO_COST,,159065.32926487594,UNATTAINED_NET_COST_INFIMUM,MISSING_FINITE_PROPOSAL_ZERO_COST,,13781465.97838829,ATTAINED_IDEAL_REAL_PROPOSAL,CONDITIONAL_ANALYTIC_PASS,1105507
"1/8/J1/P2=1e-6,P3=1e-4,A0=1e-3,A1=1e-4",1/8,J1,False,1.0158803293778869,0.0007350595367744292,0.004264940463225571,CONDITIONAL_ANALYTIC_PASS,1054243,5475080.73732871,UNATTAINED_NET_COST_INFIMUM,MISSING_FINITE_PROPOSAL_ZERO_COST,,158768.28570159586,UNATTAINED_NET_COST_INFIMUM,MISSING_FINITE_PROPOSAL_ZERO_COST,,13770864.515191961,ATTAINED_IDEAL_REAL_PROPOSAL,CONDITIONAL_ANALYTIC_PASS,1103597
"1/8/J1/P2=1e-6,P3=1e-4,A0=1e-3,A1=1e-6",1/8,J1,False,1.0158803293778869,0.0007346565010963126,0.004265343498903687,CONDITIONAL_ANALYTIC_PASS,1054044,5488219.548080912,UNATTAINED_NET_COST_INFIMUM,MISSING_FINITE_PROPOSAL_ZERO_COST,,158738.28283757865,UNATTAINED_NET_COST_INFIMUM,MISSING_FINITE_PROPOSAL_ZERO_COST,,13802660.789467491,ATTAINED_IDEAL_REAL_PROPOSAL,CONDITIONAL_ANALYTIC_PASS,1104723
"1/8/J1/P2=1e-6,P3=1e-4,A0=1e-4,A1=1e-3",1/8,J1,False,1.0158803293778869,7.655426479817977e-05,0.00492344573520182,CONDITIONAL_ANALYTIC_PASS,791435,4818921.39263748,UNATTAINED_NET_COST_INFIMUM,MISSING_FINITE_PROPOSAL_ZERO_COST,,119138.29765339162,UNATTAINED_NET_COST_INFIMUM,MISSING_FINITE_PROPOSAL_ZERO_COST,,12351066.538214114,ATTAINED_IDEAL_REAL_PROPOSAL,CONDITIONAL_ANALYTIC_PASS,832634
"1/8/J1/P2=1e-6,P3=1e-4,A0=1e-4,A1=1e-4",1/8,J1,False,1.0158803293778869,7.257016241481993e-05,0.00492742983758518,CONDITIONAL_ANALYTIC_PASS,790158,4815616.09981002,UNATTAINED_NET_COST_INFIMUM,MISSING_FINITE_PROPOSAL_ZERO_COST,,118945.7155986349,UNATTAINED_NET_COST_INFIMUM,MISSING_FINITE_PROPOSAL_ZERO_COST,,12343504.045528196,ATTAINED_IDEAL_REAL_PROPOSAL,CONDITIONAL_ANALYTIC_PASS,831336
"1/8/J1/P2=1e-6,P3=1e-4,A0=1e-4,A1=1e-6",1/8,J1,False,1.0158803293778869,7.216712673670338e-05,0.004927832873263297,CONDITIONAL_ANALYTIC_PASS,790029,4826333.45823059,UNATTAINED_NET_COST_INFIMUM,MISSING_FINITE_PROPOSAL_ZERO_COST,,118926.25982245292,UNATTAINED_NET_COST_INFIMUM,MISSING_FINITE_PROPOSAL_ZERO_COST,,12369672.73430376,ATTAINED_IDEAL_REAL_PROPOSAL,CONDITIONAL_ANALYTIC_PASS,832095
"1/8/J1/P2=1e-6,P3=1e-4,A0=1e-6,A1=1e-3",1/8,J1,False,1.0158803293778869,5.136669199914249e-06,0.004994863330800086,CONDITIONAL_ANALYTIC_PASS,769001,6979501.433331085,UNATTAINED_NET_COST_INFIMUM,MISSING_FINITE_PROPOSAL_ZERO_COST,,115755.72578117854,UNATTAINED_NET_COST_INFIMUM,MISSING_FINITE_PROPOSAL_ZERO_COST,,17567104.546393007,ATTAINED_IDEAL_REAL_PROPOSAL,CONDITIONAL_ANALYTIC_PASS,811624
"1/8/J1/P2=1e-6,P3=1e-4,A0=1e-6,A1=1e-4",1/8,J1,False,1.0158803293778869,1.1525668165544103e-06,0.0049988474331834456,CONDITIONAL_ANALYTIC_PASS,767777,6973699.953057605,UNATTAINED_NET_COST_INFIMUM,MISSING_FINITE_PROPOSAL_ZERO_COST,,115571.28371253159,UNATTAINED_NET_COST_INFIMUM,MISSING_FINITE_PROPOSAL_ZERO_COST,,17553693.11626903,ATTAINED_IDEAL_REAL_PROPOSAL,CONDITIONAL_ANALYTIC_PASS,810232
"1/8/J1/P2=1e-6,P3=1e-4,A0=1e-6,A1=1e-6",1/8,J1,False,1.0158803293778869,7.495311384378524e-07,0.004999250468861562,CONDITIONAL_ANALYTIC_PASS,767654,6986221.357351813,UNATTAINED_NET_COST_INFIMUM,MISSING_FINITE_PROPOSAL_ZERO_COST,,115552.64992996897,UNATTAINED_NET_COST_INFIMUM,MISSING_FINITE_PROPOSAL_ZERO_COST,,17583993.80127371,ATTAINED_IDEAL_REAL_PROPOSAL,CONDITIONAL_ANALYTIC_PASS,810068
"1/8/J1/P2=1e-6,P3=1e-6,A0=1e-3,A1=1e-3",1/8,J1,False,1.0158803293778869,0.0007390379949611727,0.004260962005038827,CONDITIONAL_ANALYTIC_PASS,1056209,5480074.70655249,UNATTAINED_NET_COST_INFIMUM,MISSING_FINITE_PROPOSAL_ZERO_COST,,159064.90785985166,UNATTAINED_NET_COST_INFIMUM,MISSING_FINITE_PROPOSAL_ZERO_COST,,13782206.25155909,ATTAINED_IDEAL_REAL_PROPOSAL,CONDITIONAL_ANALYTIC_PASS,1106274
"1/8/J1/P2=1e-6,P3=1e-6,A0=1e-3,A1=1e-4",1/8,J1,False,1.0158803293778869,0.0007350538925778128,0.004264946107422187,CONDITIONAL_ANALYTIC_PASS,1054240,5475365.301871802,UNATTAINED_NET_COST_INFIMUM,MISSING_FINITE_PROPOSAL_ZERO_COST,,158767.8654764369,UNATTAINED_NET_COST_INFIMUM,MISSING_FINITE_PROPOSAL_ZERO_COST,,13771603.826339966,ATTAINED_IDEAL_REAL_PROPOSAL,CONDITIONAL_ANALYTIC_PASS,1104363
"1/8/J1/P2=1e-6,P3=1e-6,A0=1e-3,A1=1e-6",1/8,J1,False,1.0158803293778869,0.0007346508568996963,0.004265349143100304,CONDITIONAL_ANALYTIC_PASS,1054041,5488504.40953817,UNATTAINED_NET_COST_INFIMUM,MISSING_FINITE_PROPOSAL_ZERO_COST,,158737.86273153056,UNATTAINED_NET_COST_INFIMUM,MISSING_FINITE_PROPOSAL_ZERO_COST,,13803400.841589259,ATTAINED_IDEAL_REAL_PROPOSAL,CONDITIONAL_ANALYTIC_PASS,1104728
"1/8/J1/P2=1e-6,P3=1e-6,A0=1e-4,A1=1e-3",1/8,J1,False,1.0158803293778869,7.654862060156337e-05,0.004923451379398437,CONDITIONAL_ANALYTIC_PASS,791433,4819153.382673033,UNATTAINED_NET_COST_INFIMUM,MISSING_FINITE_PROPOSAL_ZERO_COST,,119138.02449558453,UNATTAINED_NET_COST_INFIMUM,MISSING_FINITE_PROPOSAL_ZERO_COST,,12351674.637654206,ATTAINED_IDEAL_REAL_PROPOSAL,CONDITIONAL_ANALYTIC_PASS,833241
"1/8/J1/P2=1e-6,P3=1e-6,A0=1e-4,A1=1e-4",1/8,J1,False,1.0158803293778869,7.256451821820353e-05,0.004927435481781797,CONDITIONAL_ANALYTIC_PASS,790156,4815847.826542953,UNATTAINED_NET_COST_INFIMUM,MISSING_FINITE_PROPOSAL_ZERO_COST,,118945.44310288188,UNATTAINED_NET_COST_INFIMUM,MISSING_FINITE_PROPOSAL_ZERO_COST,,12344111.475898169,ATTAINED_IDEAL_REAL_PROPOSAL,CONDITIONAL_ANALYTIC_PASS,831942
"1/8/J1/P2=1e-6,P3=1e-6,A0=1e-4,A1=1e-6",1/8,J1,False,1.0158803293778869,7.216148254008696e-05,0.004927838517459913,CONDITIONAL_ANALYTIC_PASS,790027,4826565.411419849,UNATTAINED_NET_COST_INFIMUM,MISSING_FINITE_PROPOSAL_ZERO_COST,,118925.98739355474,UNATTAINED_NET_COST_INFIMUM,MISSING_FINITE_PROPOSAL_ZERO_COST,,12370280.728489531,ATTAINED_IDEAL_REAL_PROPOSAL,CONDITIONAL_ANALYTIC_PASS,832095
"1/8/J1/P2=1e-6,P3=1e-6,A0=1e-6,A1=1e-3",1/8,J1,False,1.0158803293778869,5.131025003297838e-06,0.004994868974996702,CONDITIONAL_ANALYTIC_PASS,768999,6979773.968141544,UNATTAINED_NET_COST_INFIMUM,MISSING_FINITE_PROPOSAL_ZERO_COST,,115755.4641736329,UNATTAINED_NET_COST_INFIMUM,MISSING_FINITE_PROPOSAL_ZERO_COST,,17567812.987952396,ATTAINED_IDEAL_REAL_PROPOSAL,CONDITIONAL_ANALYTIC_PASS,811618
"1/8/J1/P2=1e-6,P3=1e-6,A0=1e-6,A1=1e-4",1/8,J1,False,1.0158803293778869,1.1469226199379988e-06,0.004998853077380062,CONDITIONAL_ANALYTIC_PASS,767776,6973972.164004078,UNATTAINED_NET_COST_INFIMUM,MISSING_FINITE_PROPOSAL_ZERO_COST,,115571.02272999415,UNATTAINED_NET_COST_INFIMUM,MISSING_FINITE_PROPOSAL_ZERO_COST,,17554400.738073062,ATTAINED_IDEAL_REAL_PROPOSAL,CONDITIONAL_ANALYTIC_PASS,810226
"1/8/J1/P2=1e-6,P3=1e-6,A0=1e-6,A1=1e-6",1/8,J1,True,1.0158803293778869,7.438869418214408e-07,0.004999256113058179,CONDITIONAL_ANALYTIC_PASS,767652,6986493.776457451,UNATTAINED_NET_COST_INFIMUM,MISSING_FINITE_PROPOSAL_ZERO_COST,,115552.38901054703,UNATTAINED_NET_COST_INFIMUM,MISSING_FINITE_PROPOSAL_ZERO_COST,,17584701.94222378,ATTAINED_IDEAL_REAL_PROPOSAL,CONDITIONAL_ANALYTIC_PASS,810061
"1/8/J2/O2=1e-3,P3=1e-3,A0=1e-3,A1=1e-3",1/8,J2,True,1.015773530080134,0.0007405996168645797,0.00425940038313542,CONDITIONAL_ANALYTIC_PASS,1056761,5502027.371291356,UNATTAINED_NET_COST_INFIMUM,MISSING_FINITE_PROPOSAL_ZERO_COST,,159745.1716614565,ATTAINED_IDEAL_REAL_PROPOSAL,CONDITIONAL_ANALYTIC_PASS,1122197,13835180.140483294,ATTAINED_IDEAL_REAL_PROPOSAL,CONDITIONAL_ANALYTIC_PASS,1082929
"1/8/J2/O2=1e-3,P3=1e-3,A0=1e-3,A1=1e-4",1/8,J2,False,1.015773530080134,0.0007366155144812199,0.00426338448551878,CONDITIONAL_ANALYTIC_PASS,1054790,5497286.286939682,UNATTAINED_NET_COST_INFIMUM,MISSING_FINITE_PROPOSAL_ZERO_COST,,159446.7497168888,ATTAINED_IDEAL_REAL_PROPOSAL,CONDITIONAL_ANALYTIC_PASS,1120106,13824503.932557141,ATTAINED_IDEAL_REAL_PROPOSAL,CONDITIONAL_ANALYTIC_PASS,1081047
"1/8/J2/O2=1e-3,P3=1e-3,A0=1e-3,A1=1e-6",1/8,J2,False,1.015773530080134,0.0007362124788031034,0.004263787521196897,CONDITIONAL_ANALYTIC_PASS,1054591,5510454.402320671,UNATTAINED_NET_COST_INFIMUM,MISSING_FINITE_PROPOSAL_ZERO_COST,,159416.60764655803,ATTAINED_IDEAL_REAL_PROPOSAL,CONDITIONAL_ANALYTIC_PASS,1119895,13856368.587984877,ATTAINED_IDEAL_REAL_PROPOSAL,CONDITIONAL_ANALYTIC_PASS,1081748
"1/8/J2/O2=1e-3,P3=1e-3,A0=1e-4,A1=1e-3",1/8,J2,False,1.015773530080134,7.811024250497046e-05,0.00492188975749503,CONDITIONAL_ANALYTIC_PASS,791769,4836764.089410458,UNATTAINED_NET_COST_INFIMUM,MISSING_FINITE_PROPOSAL_ZERO_COST,,119635.73102928263,ATTAINED_IDEAL_REAL_PROPOSAL,CONDITIONAL_ANALYTIC_PASS,841182,12394628.070869768,ATTAINED_IDEAL_REAL_PROPOSAL,CONDITIONAL_ANALYTIC_PASS,813764
"1/8/J2/O2=1e-3,P3=1e-3,A0=1e-4,A1=1e-4",1/8,J2,False,1.015773530080134,7.412614012161062e-05,0.00492587385987839,CONDITIONAL_ANALYTIC_PASS,790490,4833437.196471318,UNATTAINED_NET_COST_INFIMUM,MISSING_FINITE_PROPOSAL_ZERO_COST,,119442.2838325534,ATTAINED_IDEAL_REAL_PROPOSAL,CONDITIONAL_ANALYTIC_PASS,839827,12387014.605697567,ATTAINED_IDEAL_REAL_PROPOSAL,CONDITIONAL_ANALYTIC_PASS,812485
"1/8/J2/O2=1e-3,P3=1e-3,A0=1e-4,A1=1e-6",1/8,J2,False,1.015773530080134,7.372310444349407e-05,0.004926276895556506,CONDITIONAL_ANALYTIC_PASS,790361,4844176.288642361,UNATTAINED_NET_COST_INFIMUM,MISSING_FINITE_PROPOSAL_ZERO_COST,,119422.7406628731,ATTAINED_IDEAL_REAL_PROPOSAL,CONDITIONAL_ANALYTIC_PASS,839690,12413234.069232672,ATTAINED_IDEAL_REAL_PROPOSAL,CONDITIONAL_ANALYTIC_PASS,812906
"1/8/J2/O2=1e-3,P3=1e-3,A0=1e-6,A1=1e-3",1/8,J2,False,1.015773530080134,6.692646906704934e-06,0.004993307353093295,CONDITIONAL_ANALYTIC_PASS,769318,7001400.588258765,UNATTAINED_NET_COST_INFIMUM,MISSING_FINITE_PROPOSAL_ZERO_COST,,116237.98521057553,ATTAINED_IDEAL_REAL_PROPOSAL,CONDITIONAL_ANALYTIC_PASS,817371,17620076.30977247,ATTAINED_IDEAL_REAL_PROPOSAL,CONDITIONAL_ANALYTIC_PASS,788538
"1/8/J2/O2=1e-3,P3=1e-3,A0=1e-6,A1=1e-4",1/8,J2,False,1.015773530080134,2.7085445233450946e-06,0.004997291455476655,CONDITIONAL_ANALYTIC_PASS,768094,6995570.737356487,UNATTAINED_NET_COST_INFIMUM,MISSING_FINITE_PROPOSAL_ZERO_COST,,116052.71707776884,ATTAINED_IDEAL_REAL_PROPOSAL,CONDITIONAL_ANALYTIC_PASS,816072,17606598.241785813,ATTAINED_IDEAL_REAL_PROPOSAL,CONDITIONAL_ANALYTIC_PASS,787172
"1/8/J2/O2=1e-3,P3=1e-3,A0=1e-6,A1=1e-6",1/8,J2,False,1.015773530080134,2.3055088452285367e-06,0.004997694491154772,CONDITIONAL_ANALYTIC_PASS,767970,7008113.891715769,UNATTAINED_NET_COST_INFIMUM,MISSING_FINITE_PROPOSAL_ZERO_COST,,116033.99984741252,ATTAINED_IDEAL_REAL_PROPOSAL,CONDITIONAL_ANALYTIC_PASS,815941,17636949.713094026,ATTAINED_IDEAL_REAL_PROPOSAL,CONDITIONAL_ANALYTIC_PASS,786987
"1/8/J2/O2=1e-3,P3=1e-4,A0=1e-3,A1=1e-3",1/8,J2,False,1.015773530080134,0.0007405360496353256,0.004259463950364675,CONDITIONAL_ANALYTIC_PASS,1056730,5502017.142601544,UNATTAINED_NET_COST_INFIMUM,MISSING_FINITE_PROPOSAL_ZERO_COST,,159740.4036989638,ATTAINED_IDEAL_REAL_PROPOSAL,CONDITIONAL_ANALYTIC_PASS,1122163,13835136.328058392,ATTAINED_IDEAL_REAL_PROPOSAL,CONDITIONAL_ANALYTIC_PASS,1082897
"1/8/J2/O2=1e-3,P3=1e-4,A0=1e-3,A1=1e-4",1/8,J2,False,1.015773530080134,0.0007365519472519658,0.004263448052748035,CONDITIONAL_ANALYTIC_PASS,1054758,5497276.142885611,UNATTAINED_NET_COST_INFIMUM,MISSING_FINITE_PROPOSAL_ZERO_COST,,159441.99510869008,ATTAINED_IDEAL_REAL_PROPOSAL,CONDITIONAL_ANALYTIC_PASS,1120073,13824460.337115193,ATTAINED_IDEAL_REAL_PROPOSAL,CONDITIONAL_ANALYTIC_PASS,1081015
"1/8/J2/O2=1e-3,P3=1e-4,A0=1e-3,A1=1e-6",1/8,J2,False,1.015773530080134,0.0007361489115738492,0.004263851088426151,CONDITIONAL_ANALYTIC_PASS,1054559,5510444.050651538,UNATTAINED_NET_COST_INFIMUM,MISSING_FINITE_PROPOSAL_ZERO_COST,,159411.85438651373,ATTAINED_IDEAL_REAL_PROPOSAL,CONDITIONAL_ANALYTIC_PASS,1119862,13856324.471130976,ATTAINED_IDEAL_REAL_PROPOSAL,CONDITIONAL_ANALYTIC_PASS,1081716
"1/8/J2/O2=1e-3,P3=1e-4,A0=1e-4,A1=1e-3",1/8,J2,False,1.015773530080134,7.804667527571632e-05,0.004921953324724284,CONDITIONAL_ANALYTIC_PASS,791748,4836764.105062909,UNATTAINED_NET_COST_INFIMUM,MISSING_FINITE_PROPOSAL_ZERO_COST,,119632.64084848216,ATTAINED_IDEAL_REAL_PROPOSAL,CONDITIONAL_ANALYTIC_PASS,841161,12394610.277199913,ATTAINED_IDEAL_REAL_PROPOSAL,CONDITIONAL_ANALYTIC_PASS,813741
"1/8/J2/O2=1e-3,P3=1e-4,A0=1e-4,A1=1e-4",1/8,J2,False,1.015773530080134,7.406257289235648e-05,0.0049259374271076435,CONDITIONAL_ANALYTIC_PASS,790470,4833437.255030552,UNATTAINED_NET_COST_INFIMUM,MISSING_FINITE_PROPOSAL_ZERO_COST,,119439.20114376103,ATTAINED_IDEAL_REAL_PROPOSAL,CONDITIONAL_ANALYTIC_PASS,839805,12386996.930114115,ATTAINED_IDEAL_REAL_PROPOSAL,CONDITIONAL_ANALYTIC_PASS,812462
"1/8/J2/O2=1e-3,P3=1e-4,A0=1e-4,A1=1e-6",1/8,J2,False,1.015773530080134,7.365953721423992e-05,0.00492634046278576,CONDITIONAL_ANALYTIC_PASS,790341,4844176.20861263,UNATTAINED_NET_COST_INFIMUM,MISSING_FINITE_PROPOSAL_ZERO_COST,,119419.65873063011,ATTAINED_IDEAL_REAL_PROPOSAL,CONDITIONAL_ANALYTIC_PASS,839668,12413216.037897367,ATTAINED_IDEAL_REAL_PROPOSAL,CONDITIONAL_ANALYTIC_PASS,812883
"1/8/J2/O2=1e-3,P3=1e-4,A0=1e-6,A1=1e-3",1/8,J2,False,1.015773530080134,6.629079677450793e-06,0.0049933709203225495,CONDITIONAL_ANALYTIC_PASS,769298,7001370.509523582,UNATTAINED_NET_COST_INFIMUM,MISSING_FINITE_PROPOSAL_ZERO_COST,,116235.02573500678,ATTAINED_IDEAL_REAL_PROPOSAL,CONDITIONAL_ANALYTIC_PASS,817350,17619983.041061986,ATTAINED_IDEAL_REAL_PROPOSAL,CONDITIONAL_ANALYTIC_PASS,788513
"1/8/J2/O2=1e-3,P3=1e-4,A0=1e-6,A1=1e-4",1/8,J2,False,1.015773530080134,2.6449772940909536e-06,0.004997355022705909,CONDITIONAL_ANALYTIC_PASS,768074,6995540.769257889,UNATTAINED_NET_COST_INFIMUM,MISSING_FINITE_PROPOSAL_ZERO_COST,,116049.76467486002,ATTAINED_IDEAL_REAL_PROPOSAL,CONDITIONAL_ANALYTIC_PASS,816052,17606505.254493404,ATTAINED_IDEAL_REAL_PROPOSAL,CONDITIONAL_ANALYTIC_PASS,787146
"1/8/J2/O2=1e-3,P3=1e-4,A0=1e-6,A1=1e-6",1/8,J2,False,1.015773530080134,2.2419416159743957e-06,0.004997758058384026,CONDITIONAL_ANALYTIC_PASS,767950,7008083.739572101,UNATTAINED_NET_COST_INFIMUM,MISSING_FINITE_PROPOSAL_ZERO_COST,,116031.04815872513,ATTAINED_IDEAL_REAL_PROPOSAL,CONDITIONAL_ANALYTIC_PASS,815920,17636856.266982224,ATTAINED_IDEAL_REAL_PROPOSAL,CONDITIONAL_ANALYTIC_PASS,786961
"1/8/J2/O2=1e-3,P3=1e-6,A0=1e-3,A1=1e-3",1/8,J2,False,1.015773530080134,0.000740532296611082,0.004259467703388918,CONDITIONAL_ANALYTIC_PASS,1056728,5502207.043801192,UNATTAINED_NET_COST_INFIMUM,MISSING_FINITE_PROPOSAL_ZERO_COST,,159740.1222040046,ATTAINED_IDEAL_REAL_PROPOSAL,CONDITIONAL_ANALYTIC_PASS,1122161,13835629.642647833,ATTAINED_IDEAL_REAL_PROPOSAL,CONDITIONAL_ANALYTIC_PASS,1083265
"1/8/J2/O2=1e-3,P3=1e-6,A0=1e-3,A1=1e-4",1/8,J2,False,1.015773530080134,0.0007365481942277221,0.004263451805772278,CONDITIONAL_ANALYTIC_PASS,1054756,5497465.789039928,UNATTAINED_NET_COST_INFIMUM,MISSING_FINITE_PROPOSAL_ZERO_COST,,159441.71440214664,ATTAINED_IDEAL_REAL_PROPOSAL,CONDITIONAL_ANALYTIC_PASS,1120071,13824953.009912875,ATTAINED_IDEAL_REAL_PROPOSAL,CONDITIONAL_ANALYTIC_PASS,1081383
"1/8/J2/O2=1e-3,P3=1e-6,A0=1e-3,A1=1e-6",1/8,J2,False,1.015773530080134,0.0007361451585496055,0.004263854841450395,CONDITIONAL_ANALYTIC_PASS,1054557,5510633.894257485,UNATTAINED_NET_COST_INFIMUM,MISSING_FINITE_PROPOSAL_ZERO_COST,,159411.57375956315,ATTAINED_IDEAL_REAL_PROPOSAL,CONDITIONAL_ANALYTIC_PASS,1119860,13856817.63669334,ATTAINED_IDEAL_REAL_PROPOSAL,CONDITIONAL_ANALYTIC_PASS,1081719
"1/8/J2/O2=1e-3,P3=1e-6,A0=1e-4,A1=1e-3",1/8,J2,False,1.015773530080134,7.804292225147268e-05,0.0049219570777485275,CONDITIONAL_ANALYTIC_PASS,791747,4836918.681365626,UNATTAINED_NET_COST_INFIMUM,MISSING_FINITE_PROPOSAL_ZERO_COST,,119632.45840722021,ATTAINED_IDEAL_REAL_PROPOSAL,CONDITIONAL_ANALYTIC_PASS,841159,12395015.424043914,ATTAINED_IDEAL_REAL_PROPOSAL,CONDITIONAL_ANALYTIC_PASS,814031
"1/8/J2/O2=1e-3,P3=1e-6,A0=1e-4,A1=1e-4",1/8,J2,False,1.015773530080134,7.405881986811284e-05,0.004925941180131887,CONDITIONAL_ANALYTIC_PASS,790469,4833591.6557187345,UNATTAINED_NET_COST_INFIMUM,MISSING_FINITE_PROPOSAL_ZERO_COST,,119439.01914481692,ATTAINED_IDEAL_REAL_PROPOSAL,CONDITIONAL_ANALYTIC_PASS,839804,12387401.630724836,ATTAINED_IDEAL_REAL_PROPOSAL,CONDITIONAL_ANALYTIC_PASS,812752
"1/8/J2/O2=1e-3,P3=1e-6,A0=1e-4,A1=1e-6",1/8,J2,False,1.015773530080134,7.365578418999629e-05,0.004926344215810004,CONDITIONAL_ANALYTIC_PASS,790340,4844330.759896459,UNATTAINED_NET_COST_INFIMUM,MISSING_FINITE_PROPOSAL_ZERO_COST,,119419.47677635163,ATTAINED_IDEAL_REAL_PROPOSAL,CONDITIONAL_ANALYTIC_PASS,839667,12413621.113455638,ATTAINED_IDEAL_REAL_PROPOSAL,CONDITIONAL_ANALYTIC_PASS,812883
"1/8/J2/O2=1e-3,P3=1e-6,A0=1e-6,A1=1e-3",1/8,J2,False,1.015773530080134,6.625326653207153e-06,0.0049933746733467925,CONDITIONAL_ANALYTIC_PASS,769297,7001552.048431581,UNATTAINED_NET_COST_INFIMUM,MISSING_FINITE_PROPOSAL_ZERO_COST,,116234.85101040301,ATTAINED_IDEAL_REAL_PROPOSAL,CONDITIONAL_ANALYTIC_PASS,817349,17620454.916950956,ATTAINED_IDEAL_REAL_PROPOSAL,CONDITIONAL_ANALYTIC_PASS,788508
"1/8/J2/O2=1e-3,P3=1e-6,A0=1e-6,A1=1e-4",1/8,J2,False,1.015773530080134,2.641224269847314e-06,0.004997358775730152,CONDITIONAL_ANALYTIC_PASS,768073,6995722.092277063,UNATTAINED_NET_COST_INFIMUM,MISSING_FINITE_PROPOSAL_ZERO_COST,,116049.59036781652,ATTAINED_IDEAL_REAL_PROPOSAL,CONDITIONAL_ANALYTIC_PASS,816050,17606976.583938956,ATTAINED_IDEAL_REAL_PROPOSAL,CONDITIONAL_ANALYTIC_PASS,787142
"1/8/J2/O2=1e-3,P3=1e-6,A0=1e-6,A1=1e-6",1/8,J2,False,1.015773530080134,2.238188591730756e-06,0.0049977618114082694,CONDITIONAL_ANALYTIC_PASS,767949,7008265.201014021,UNATTAINED_NET_COST_INFIMUM,MISSING_FINITE_PROPOSAL_ZERO_COST,,116030.8738938483,ATTAINED_IDEAL_REAL_PROPOSAL,CONDITIONAL_ANALYTIC_PASS,815919,17637327.9416568,ATTAINED_IDEAL_REAL_PROPOSAL,CONDITIONAL_ANALYTIC_PASS,786956
"1/8/J2/O2=1e-4,P3=1e-3,A0=1e-3,A1=1e-3",1/8,J2,False,1.015773530080134,0.0007392463979153107,0.004260753602084689,CONDITIONAL_ANALYTIC_PASS,1056091,5501568.172478114,UNATTAINED_NET_COST_INFIMUM,MISSING_FINITE_PROPOSAL_ZERO_COST,,159643.7173716226,ATTAINED_IDEAL_REAL_PROPOSAL,CONDITIONAL_ANALYTIC_PASS,1121486,13833527.67369232,ATTAINED_IDEAL_REAL_PROPOSAL,CONDITIONAL_ANALYTIC_PASS,1082871
"1/8/J2/O2=1e-4,P3=1e-3,A0=1e-3,A1=1e-4",1/8,J2,False,1.015773530080134,0.0007352622955319508,0.004264737704468049,CONDITIONAL_ANALYTIC_PASS,1054121,5496829.218785398,UNATTAINED_NET_COST_INFIMUM,MISSING_FINITE_PROPOSAL_ZERO_COST,,159345.57954123666,ATTAINED_IDEAL_REAL_PROPOSAL,CONDITIONAL_ANALYTIC_PASS,1119398,13822857.033324558,ATTAINED_IDEAL_REAL_PROPOSAL,CONDITIONAL_ANALYTIC_PASS,1080989
"1/8/J2/O2=1e-4,P3=1e-3,A0=1e-3,A1=1e-6",1/8,J2,False,1.015773530080134,0.0007348592598538342,0.0042651407401461654,CONDITIONAL_ANALYTIC_PASS,1053922,5509992.650069678,UNATTAINED_NET_COST_INFIMUM,MISSING_FINITE_PROPOSAL_ZERO_COST,,159315.46615305936,ATTAINED_IDEAL_REAL_PROPOSAL,CONDITIONAL_ANALYTIC_PASS,1119187,13854709.832537806,ATTAINED_IDEAL_REAL_PROPOSAL,CONDITIONAL_ANALYTIC_PASS,1081295
"1/8/J2/O2=1e-4,P3=1e-3,A0=1e-4,A1=1e-3",1/8,J2,False,1.015773530080134,7.675702355570135e-05,0.004923242976444298,CONDITIONAL_ANALYTIC_PASS,791334,4836568.443081959,UNATTAINED_NET_COST_INFIMUM,MISSING_FINITE_PROPOSAL_ZERO_COST,,119569.97311737695,ATTAINED_IDEAL_REAL_PROPOSAL,CONDITIONAL_ANALYTIC_PASS,840721,12393659.517214892,ATTAINED_IDEAL_REAL_PROPOSAL,CONDITIONAL_ANALYTIC_PASS,813782
"1/8/J2/O2=1e-4,P3=1e-3,A0=1e-4,A1=1e-4",1/8,J2,False,1.015773530080134,7.27729211723415e-05,0.004927227078827658,CONDITIONAL_ANALYTIC_PASS,790057,4833242.68910856,UNATTAINED_NET_COST_INFIMUM,MISSING_FINITE_PROPOSAL_ZERO_COST,,119376.68532698114,ATTAINED_IDEAL_REAL_PROPOSAL,CONDITIONAL_ANALYTIC_PASS,839367,12386049.223037412,ATTAINED_IDEAL_REAL_PROPOSAL,CONDITIONAL_ANALYTIC_PASS,812503
"1/8/J2/O2=1e-4,P3=1e-3,A0=1e-4,A1=1e-6",1/8,J2,False,1.015773530080134,7.236988549422495e-05,0.004927630114505775,CONDITIONAL_ANALYTIC_PASS,789928,4843978.630511132,UNATTAINED_NET_COST_INFIMUM,MISSING_FINITE_PROPOSAL_ZERO_COST,,119357.1582542923,ATTAINED_IDEAL_REAL_PROPOSAL,CONDITIONAL_ANALYTIC_PASS,839230,12412260.540549163,ATTAINED_IDEAL_REAL_PROPOSAL,CONDITIONAL_ANALYTIC_PASS,812610
"1/8/J2/O2=1e-4,P3=1e-3,A0=1e-6,A1=1e-3",1/8,J2,False,1.015773530080134,5.339427957435816e-06,0.004994660572042564,CONDITIONAL_ANALYTIC_PASS,768902,7000528.0431616185,UNATTAINED_NET_COST_INFIMUM,MISSING_FINITE_PROPOSAL_ZERO_COST,,116175.0083040687,ATTAINED_IDEAL_REAL_PROPOSAL,CONDITIONAL_ANALYTIC_PASS,816929,17617398.15757295,ATTAINED_IDEAL_REAL_PROPOSAL,CONDITIONAL_ANALYTIC_PASS,788179
"1/8/J2/O2=1e-4,P3=1e-3,A0=1e-6,A1=1e-4",1/8,J2,False,1.015773530080134,1.3553255740759771e-06,0.004998644674425924,CONDITIONAL_ANALYTIC_PASS,767678,6994700.82856997,UNATTAINED_NET_COST_INFIMUM,MISSING_FINITE_PROPOSAL_ZERO_COST,,115989.89065631352,ATTAINED_IDEAL_REAL_PROPOSAL,CONDITIONAL_ANALYTIC_PASS,815632,17603926.89557329,ATTAINED_IDEAL_REAL_PROPOSAL,CONDITIONAL_ANALYTIC_PASS,786814
"1/8/J2/O2=1e-4,P3=1e-3,A0=1e-6,A1=1e-6",1/8,J2,False,1.015773530080134,9.522898959594192e-07,0.00499904771010404,CONDITIONAL_ANALYTIC_PASS,767555,7007239.876887254,UNATTAINED_NET_COST_INFIMUM,MISSING_FINITE_PROPOSAL_ZERO_COST,,115971.18862245689,ATTAINED_IDEAL_REAL_PROPOSAL,CONDITIONAL_ANALYTIC_PASS,815501,17634268.06189213,ATTAINED_IDEAL_REAL_PROPOSAL,CONDITIONAL_ANALYTIC_PASS,786626
"1/8/J2/O2=1e-4,P3=1e-4,A0=1e-3,A1=1e-3",1/8,J2,False,1.015773530080134,0.0007391828306860565,0.004260817169313943,CONDITIONAL_ANALYTIC_PASS,1056059,5501557.954314257,UNATTAINED_NET_COST_INFIMUM,MISSING_FINITE_PROPOSAL_ZERO_COST,,159638.95395058012,ATTAINED_IDEAL_REAL_PROPOSAL,CONDITIONAL_ANALYTIC_PASS,1121453,13833483.902450193,ATTAINED_IDEAL_REAL_PROPOSAL,CONDITIONAL_ANALYTIC_PASS,1082839
"1/8/J2/O2=1e-4,P3=1e-4,A0=1e-3,A1=1e-4",1/8,J2,False,1.015773530080134,0.0007351987283026966,0.004264801271697303,CONDITIONAL_ANALYTIC_PASS,1054090,5496819.085184106,UNATTAINED_NET_COST_INFIMUM,MISSING_FINITE_PROPOSAL_ZERO_COST,,159340.82945753896,ATTAINED_IDEAL_REAL_PROPOSAL,CONDITIONAL_ANALYTIC_PASS,1119364,13822813.478857808,ATTAINED_IDEAL_REAL_PROPOSAL,CONDITIONAL_ANALYTIC_PASS,1080957
"1/8/J2/O2=1e-4,P3=1e-4,A0=1e-3,A1=1e-6",1/8,J2,False,1.015773530080134,0.0007347956926245801,0.00426520430737542,CONDITIONAL_ANALYTIC_PASS,1053891,5509982.3090000525,UNATTAINED_NET_COST_INFIMUM,MISSING_FINITE_PROPOSAL_ZERO_COST,,159310.71741580585,ATTAINED_IDEAL_REAL_PROPOSAL,CONDITIONAL_ANALYTIC_PASS,1119153,13854665.757041471,ATTAINED_IDEAL_REAL_PROPOSAL,CONDITIONAL_ANALYTIC_PASS,1081263
"1/8/J2/O2=1e-4,P3=1e-4,A0=1e-4,A1=1e-3",1/8,J2,False,1.015773530080134,7.66934563264472e-05,0.004923306543673553,CONDITIONAL_ANALYTIC_PASS,791314,4836568.461255853,UNATTAINED_NET_COST_INFIMUM,MISSING_FINITE_PROPOSAL_ZERO_COST,,119566.88548399186,ATTAINED_IDEAL_REAL_PROPOSAL,CONDITIONAL_ANALYTIC_PASS,840700,12393641.741636066,ATTAINED_IDEAL_REAL_PROPOSAL,CONDITIONAL_ANALYTIC_PASS,813759
"1/8/J2/O2=1e-4,P3=1e-4,A0=1e-4,A1=1e-4",1/8,J2,True,1.015773530080134,7.270935394308736e-05,0.004927290646056913,CONDITIONAL_ANALYTIC_PASS,790037,4833242.750159859,UNATTAINED_NET_COST_INFIMUM,MISSING_FINITE_PROPOSAL_ZERO_COST,,119373.60517737381,ATTAINED_IDEAL_REAL_PROPOSAL,CONDITIONAL_ANALYTIC_PASS,839345,12386031.565451136,ATTAINED_IDEAL_REAL_PROPOSAL,CONDITIONAL_ANALYTIC_PASS,812480
"1/8/J2/O2=1e-4,P3=1e-4,A0=1e-4,A1=1e-6",1/8,J2,False,1.015773530080134,7.230631826497081e-05,0.004927693681735029,CONDITIONAL_ANALYTIC_PASS,789908,4843978.553054774,UNATTAINED_NET_COST_INFIMUM,MISSING_FINITE_PROPOSAL_ZERO_COST,,119354.07886040362,ATTAINED_IDEAL_REAL_PROPOSAL,CONDITIONAL_ANALYTIC_PASS,839208,12412242.527430683,ATTAINED_IDEAL_REAL_PROPOSAL,CONDITIONAL_ANALYTIC_PASS,812588
"1/8/J2/O2=1e-4,P3=1e-4,A0=1e-6,A1=1e-3",1/8,J2,False,1.015773530080134,5.2758607281816755e-06,0.004994724139271818,CONDITIONAL_ANALYTIC_PASS,768882,7000497.985553875,UNATTAINED_NET_COST_INFIMUM,MISSING_FINITE_PROPOSAL_ZERO_COST,,116172.05123329279,ATTAINED_IDEAL_REAL_PROPOSAL,CONDITIONAL_ANALYTIC_PASS,816909,17617304.955301337,ATTAINED_IDEAL_REAL_PROPOSAL,CONDITIONAL_ANALYTIC_PASS,788153
"1/8/J2/O2=1e-4,P3=1e-4,A0=1e-6,A1=1e-4",1/8,J2,False,1.015773530080134,1.2917583448218364e-06,0.004998708241655178,CONDITIONAL_ANALYTIC_PASS,767659,6994670.881509011,UNATTAINED_NET_COST_INFIMUM,MISSING_FINITE_PROPOSAL_ZERO_COST,,115986.94065053889,ATTAINED_IDEAL_REAL_PROPOSAL,CONDITIONAL_ANALYTIC_PASS,815611,17603833.974475775,ATTAINED_IDEAL_REAL_PROPOSAL,CONDITIONAL_ANALYTIC_PASS,786788
"1/8/J2/O2=1e-4,P3=1e-4,A0=1e-6,A1=1e-6",1/8,J2,False,1.015773530080134,8.887226667052785e-07,0.004999111277333295,CONDITIONAL_ANALYTIC_PASS,767535,7007209.745898625,UNATTAINED_NET_COST_INFIMUM,MISSING_FINITE_PROPOSAL_ZERO_COST,,115968.23933013064,ATTAINED_IDEAL_REAL_PROPOSAL,CONDITIONAL_ANALYTIC_PASS,815480,17634174.682275575,ATTAINED_IDEAL_REAL_PROPOSAL,CONDITIONAL_ANALYTIC_PASS,786600
"1/8/J2/O2=1e-4,P3=1e-6,A0=1e-3,A1=1e-3",1/8,J2,False,1.015773530080134,0.0007391790776618128,0.004260820922338187,CONDITIONAL_ANALYTIC_PASS,1056058,5501747.787684034,UNATTAINED_NET_COST_INFIMUM,MISSING_FINITE_PROPOSAL_ZERO_COST,,159638.67272374075,ATTAINED_IDEAL_REAL_PROPOSAL,CONDITIONAL_ANALYTIC_PASS,1121451,13833977.032367816,ATTAINED_IDEAL_REAL_PROPOSAL,CONDITIONAL_ANALYTIC_PASS,1082842
"1/8/J2/O2=1e-4,P3=1e-6,A0=1e-3,A1=1e-4",1/8,J2,False,1.015773530080134,0.000735194975278453,0.004264805024721547,CONDITIONAL_ANALYTIC_PASS,1054088,5497008.663684122,UNATTAINED_NET_COST_INFIMUM,MISSING_FINITE_PROPOSAL_ZERO_COST,,159340.5490181147,ATTAINED_IDEAL_REAL_PROPOSAL,CONDITIONAL_ANALYTIC_PASS,1119362,13823305.96744219,ATTAINED_IDEAL_REAL_PROPOSAL,CONDITIONAL_ANALYTIC_PASS,1080960
"1/8/J2/O2=1e-4,P3=1e-6,A0=1e-3,A1=1e-6",1/8,J2,False,1.015773530080134,0.0007347919396003365,0.004265208060399664,CONDITIONAL_ANALYTIC_PASS,1053889,5510172.08482881,UNATTAINED_NET_COST_INFIMUM,MISSING_FINITE_PROPOSAL_ZERO_COST,,159310.43705587348,ATTAINED_IDEAL_REAL_PROPOSAL,CONDITIONAL_ANALYTIC_PASS,1119151,13855158.738086525,ATTAINED_IDEAL_REAL_PROPOSAL,CONDITIONAL_ANALYTIC_PASS,1081266
"1/8/J2/O2=1e-4,P3=1e-6,A0=1e-4,A1=1e-3",1/8,J2,False,1.015773530080134,7.668970330220357e-05,0.004923310296697797,CONDITIONAL_ANALYTIC_PASS,791313,4836722.992095193,UNATTAINED_NET_COST_INFIMUM,MISSING_FINITE_PROPOSAL_ZERO_COST,,119566.7031931258,ATTAINED_IDEAL_REAL_PROPOSAL,CONDITIONAL_ANALYTIC_PASS,840698,12394046.762033725,ATTAINED_IDEAL_REAL_PROPOSAL,CONDITIONAL_ANALYTIC_PASS,813759
"1/8/J2/O2=1e-4,P3=1e-6,A0=1e-4,A1=1e-4",1/8,J2,False,1.015773530080134,7.270560091884373e-05,0.004927294399081157,CONDITIONAL_ANALYTIC_PASS,790035,4833397.10548585,UNATTAINED_NET_COST_INFIMUM,MISSING_FINITE_PROPOSAL_ZERO_COST,,119373.42332833969,ATTAINED_IDEAL_REAL_PROPOSAL,CONDITIONAL_ANALYTIC_PASS,839344,12386436.139884597,ATTAINED_IDEAL_REAL_PROPOSAL,CONDITIONAL_ANALYTIC_PASS,812480
"1/8/J2/O2=1e-4,P3=1e-6,A0=1e-4,A1=1e-6",1/8,J2,False,1.015773530080134,7.230256524072716e-05,0.004927697434759273,CONDITIONAL_ANALYTIC_PASS,789906,4844133.058894527,UNATTAINED_NET_COST_INFIMUM,MISSING_FINITE_PROPOSAL_ZERO_COST,,119353.89705598608,ATTAINED_IDEAL_REAL_PROPOSAL,CONDITIONAL_ANALYTIC_PASS,839207,12412647.47660981,ATTAINED_IDEAL_REAL_PROPOSAL,CONDITIONAL_ANALYTIC_PASS,812588
"1/8/J2/O2=1e-4,P3=1e-6,A0=1e-6,A1=1e-3",1/8,J2,False,1.015773530080134,5.272107703938035e-06,0.004994727892296062,CONDITIONAL_ANALYTIC_PASS,768881,7000679.464623841,UNATTAINED_NET_COST_INFIMUM,MISSING_FINITE_PROPOSAL_ZERO_COST,,116171.87665066475,ATTAINED_IDEAL_REAL_PROPOSAL,CONDITIONAL_ANALYTIC_PASS,816907,17617776.66950468,ATTAINED_IDEAL_REAL_PROPOSAL,CONDITIONAL_ANALYTIC_PASS,788149
"1/8/J2/O2=1e-4,P3=1e-6,A0=1e-6,A1=1e-4",1/8,J2,False,1.015773530080134,1.2880053205781966e-06,0.004998711994679422,CONDITIONAL_ANALYTIC_PASS,767658,6994852.144823488,UNATTAINED_NET_COST_INFIMUM,MISSING_FINITE_PROPOSAL_ZERO_COST,,115986.76648501895,ATTAINED_IDEAL_REAL_PROPOSAL,CONDITIONAL_ANALYTIC_PASS,815610,17604305.14258399,ATTAINED_IDEAL_REAL_PROPOSAL,CONDITIONAL_ANALYTIC_PASS,786783
"1/8/J2/O2=1e-4,P3=1e-6,A0=1e-6,A1=1e-6",1/8,J2,False,1.015773530080134,8.849696424616386e-07,0.004999115030357539,CONDITIONAL_ANALYTIC_PASS,767534,7007391.147563803,UNATTAINED_NET_COST_INFIMUM,MISSING_FINITE_PROPOSAL_ZERO_COST,,115968.06520673173,ATTAINED_IDEAL_REAL_PROPOSAL,CONDITIONAL_ANALYTIC_PASS,815479,17634646.19543484,ATTAINED_IDEAL_REAL_PROPOSAL,CONDITIONAL_ANALYTIC_PASS,786595
"1/8/J2/O2=1e-6,P3=1e-3,A0=1e-3,A1=1e-3",1/8,J2,False,1.015773530080134,0.000739106646978337,0.004260893353021663,CONDITIONAL_ANALYTIC_PASS,1056022,5508112.0159754185,UNATTAINED_NET_COST_INFIMUM,MISSING_FINITE_PROPOSAL_ZERO_COST,,159633.24539245624,ATTAINED_IDEAL_REAL_PROPOSAL,CONDITIONAL_ANALYTIC_PASS,1121413,13850297.09567547,ATTAINED_IDEAL_REAL_PROPOSAL,CONDITIONAL_ANALYTIC_PASS,1084070
"1/8/J2/O2=1e-6,P3=1e-3,A0=1e-3,A1=1e-4",1/8,J2,False,1.015773530080134,0.0007351225445949772,0.004264877455405023,CONDITIONAL_ANALYTIC_PASS,1054052,5503364.287265092,UNATTAINED_NET_COST_INFIMUM,MISSING_FINITE_PROPOSAL_ZERO_COST,,159335.13688283556,ATTAINED_IDEAL_REAL_PROPOSAL,CONDITIONAL_ANALYTIC_PASS,1119324,13839604.674062185,ATTAINED_IDEAL_REAL_PROPOSAL,CONDITIONAL_ANALYTIC_PASS,1082187
"1/8/J2/O2=1e-6,P3=1e-3,A0=1e-3,A1=1e-6",1/8,J2,False,1.015773530080134,0.0007347195089168607,0.004265280491083139,CONDITIONAL_ANALYTIC_PASS,1053853,5516534.486169439,UNATTAINED_NET_COST_INFIMUM,MISSING_FINITE_PROPOSAL_ZERO_COST,,159305.02645467588,ATTAINED_IDEAL_REAL_PROPOSAL,CONDITIONAL_ANALYTIC_PASS,1119114,13871474.122902906,ATTAINED_IDEAL_REAL_PROPOSAL,CONDITIONAL_ANALYTIC_PASS,1082491
"1/8/J2/O2=1e-6,P3=1e-3,A0=1e-4,A1=1e-3",1/8,J2,False,1.015773530080134,7.661727261872777e-05,0.004923382727381272,CONDITIONAL_ANALYTIC_PASS,791289,4841896.610657748,UNATTAINED_NET_COST_INFIMUM,MISSING_FINITE_PROPOSAL_ZERO_COST,,119563.18519145521,ATTAINED_IDEAL_REAL_PROPOSAL,CONDITIONAL_ANALYTIC_PASS,840674,12407435.822484886,ATTAINED_IDEAL_REAL_PROPOSAL,CONDITIONAL_ANALYTIC_PASS,814660
"1/8/J2/O2=1e-6,P3=1e-3,A0=1e-4,A1=1e-4",1/8,J2,False,1.015773530080134,7.263317023536792e-05,0.004927366829764632,CONDITIONAL_ANALYTIC_PASS,790012,4838564.811459499,UNATTAINED_NET_COST_INFIMUM,MISSING_FINITE_PROPOSAL_ZERO_COST,,119369.91385344556,ATTAINED_IDEAL_REAL_PROPOSAL,CONDITIONAL_ANALYTIC_PASS,839319,12399810.376385279,ATTAINED_IDEAL_REAL_PROPOSAL,CONDITIONAL_ANALYTIC_PASS,813380
"1/8/J2/O2=1e-6,P3=1e-3,A0=1e-4,A1=1e-6",1/8,J2,False,1.015773530080134,7.223013455725136e-05,0.004927769865442749,CONDITIONAL_ANALYTIC_PASS,789883,4849305.918197282,UNATTAINED_NET_COST_INFIMUM,MISSING_FINITE_PROPOSAL_ZERO_COST,,119350.38844213355,ATTAINED_IDEAL_REAL_PROPOSAL,CONDITIONAL_ANALYTIC_PASS,839183,12426034.37165247,ATTAINED_IDEAL_REAL_PROPOSAL,CONDITIONAL_ANALYTIC_PASS,813486
"1/8/J2/O2=1e-6,P3=1e-3,A0=1e-6,A1=1e-3",1/8,J2,False,1.015773530080134,5.199677020462232e-06,0.004994800322979538,CONDITIONAL_ANALYTIC_PASS,768859,7006780.160390391,UNATTAINED_NET_COST_INFIMUM,MISSING_FINITE_PROPOSAL_ZERO_COST,,116168.50740790316,ATTAINED_IDEAL_REAL_PROPOSAL,CONDITIONAL_ANALYTIC_PASS,816884,17633428.423994,ATTAINED_IDEAL_REAL_PROPOSAL,CONDITIONAL_ANALYTIC_PASS,788764
"1/8/J2/O2=1e-6,P3=1e-3,A0=1e-6,A1=1e-4",1/8,J2,False,1.015773530080134,1.2155746371023939e-06,0.004998784425362898,CONDITIONAL_ANALYTIC_PASS,767636,7000945.5246041585,UNATTAINED_NET_COST_INFIMUM,MISSING_FINITE_PROPOSAL_ZERO_COST,,115983.4052919,ATTAINED_IDEAL_REAL_PROPOSAL,CONDITIONAL_ANALYTIC_PASS,815587,17619938.63573683,ATTAINED_IDEAL_REAL_PROPOSAL,CONDITIONAL_ANALYTIC_PASS,787398
"1/8/J2/O2=1e-6,P3=1e-3,A0=1e-6,A1=1e-6",1/8,J2,False,1.015773530080134,8.125389589858358e-07,0.004999187461041014,CONDITIONAL_ANALYTIC_PASS,767512,7013489.311592117,UNATTAINED_NET_COST_INFIMUM,MISSING_FINITE_PROPOSAL_ZERO_COST,,115964.70482649367,ATTAINED_IDEAL_REAL_PROPOSAL,CONDITIONAL_ANALYTIC_PASS,815455,17650291.450255435,ATTAINED_IDEAL_REAL_PROPOSAL,CONDITIONAL_ANALYTIC_PASS,787209
"1/8/J2/O2=1e-6,P3=1e-4,A0=1e-3,A1=1e-3",1/8,J2,False,1.015773530080134,0.0007390430797490829,0.004260956920250917,CONDITIONAL_ANALYTIC_PASS,1055990,5508101.694418227,UNATTAINED_NET_COST_INFIMUM,MISSING_FINITE_PROPOSAL_ZERO_COST,,159628.4824400942,ATTAINED_IDEAL_REAL_PROPOSAL,CONDITIONAL_ANALYTIC_PASS,1121379,13850253.049096862,ATTAINED_IDEAL_REAL_PROPOSAL,CONDITIONAL_ANALYTIC_PASS,1084038
"1/8/J2/O2=1e-6,P3=1e-4,A0=1e-3,A1=1e-4",1/8,J2,False,1.015773530080134,0.0007350589773657231,0.004264941022634277,CONDITIONAL_ANALYTIC_PASS,1054021,5503354.050542611,UNATTAINED_NET_COST_INFIMUM,MISSING_FINITE_PROPOSAL_ZERO_COST,,159330.3872660694,ATTAINED_IDEAL_REAL_PROPOSAL,CONDITIONAL_ANALYTIC_PASS,1119291,13839560.84495433,ATTAINED_IDEAL_REAL_PROPOSAL,CONDITIONAL_ANALYTIC_PASS,1082154
"1/8/J2/O2=1e-6,P3=1e-4,A0=1e-3,A1=1e-6",1/8,J2,False,1.015773530080134,0.0007346559416876065,0.004265344058312394,CONDITIONAL_ANALYTIC_PASS,1053822,5516524.041778792,UNATTAINED_NET_COST_INFIMUM,MISSING_FINITE_PROPOSAL_ZERO_COST,,159300.27818417747,ATTAINED_IDEAL_REAL_PROPOSAL,CONDITIONAL_ANALYTIC_PASS,1119080,13871429.772277243,ATTAINED_IDEAL_REAL_PROPOSAL,CONDITIONAL_ANALYTIC_PASS,1082458
"1/8/J2/O2=1e-6,P3=1e-4,A0=1e-4,A1=1e-3",1/8,J2,False,1.015773530080134,7.655370538947362e-05,0.004923446294610527,CONDITIONAL_ANALYTIC_PASS,791269,4841896.560029561,UNATTAINED_NET_COST_INFIMUM,MISSING_FINITE_PROPOSAL_ZERO_COST,,119560.09782098971,ATTAINED_IDEAL_REAL_PROPOSAL,CONDITIONAL_ANALYTIC_PASS,840652,12407417.859617451,ATTAINED_IDEAL_REAL_PROPOSAL,CONDITIONAL_ANALYTIC_PASS,814637
"1/8/J2/O2=1e-6,P3=1e-4,A0=1e-4,A1=1e-4",1/8,J2,False,1.015773530080134,7.256960300611378e-05,0.0049274303969938866,CONDITIONAL_ANALYTIC_PASS,789992,4838564.803864752,UNATTAINED_NET_COST_INFIMUM,MISSING_FINITE_PROPOSAL_ZERO_COST,,119366.83396590852,ATTAINED_IDEAL_REAL_PROPOSAL,CONDITIONAL_ANALYTIC_PASS,839298,12399792.531916365,ATTAINED_IDEAL_REAL_PROPOSAL,CONDITIONAL_ANALYTIC_PASS,813357
"1/8/J2/O2=1e-6,P3=1e-4,A0=1e-4,A1=1e-6",1/8,J2,False,1.015773530080134,7.216656732799722e-05,0.004927833432672003,CONDITIONAL_ANALYTIC_PASS,789863,4849305.771961617,UNATTAINED_NET_COST_INFIMUM,MISSING_FINITE_PROPOSAL_ZERO_COST,,119347.30931022942,ATTAINED_IDEAL_REAL_PROPOSAL,CONDITIONAL_ANALYTIC_PASS,839161,12426016.171326881,ATTAINED_IDEAL_REAL_PROPOSAL,CONDITIONAL_ANALYTIC_PASS,813463
"1/8/J2/O2=1e-6,P3=1e-4,A0=1e-6,A1=1e-3",1/8,J2,False,1.015773530080134,5.136109791208092e-06,0.004994863890208792,CONDITIONAL_ANALYTIC_PASS,768839,7006750.0106196,UNATTAINED_NET_COST_INFIMUM,MISSING_FINITE_PROPOSAL_ZERO_COST,,116165.5505853289,ATTAINED_IDEAL_REAL_PROPOSAL,CONDITIONAL_ANALYTIC_PASS,816863,17633334.977882627,ATTAINED_IDEAL_REAL_PROPOSAL,CONDITIONAL_ANALYTIC_PASS,788738
"1/8/J2/O2=1e-6,P3=1e-4,A0=1e-6,A1=1e-4",1/8,J2,False,1.015773530080134,1.1520074078482531e-06,0.0049988479925921515,CONDITIONAL_ANALYTIC_PASS,767616,7000915.485588314,UNATTAINED_NET_COST_INFIMUM,MISSING_FINITE_PROPOSAL_ZERO_COST,,115980.45553353666,ATTAINED_IDEAL_REAL_PROPOSAL,CONDITIONAL_ANALYTIC_PASS,815566,17619845.471332338,ATTAINED_IDEAL_REAL_PROPOSAL,CONDITIONAL_ANALYTIC_PASS,787372
"1/8/J2/O2=1e-6,P3=1e-4,A0=1e-6,A1=1e-6",1/8,J2,False,1.015773530080134,7.489717297316951e-07,0.004999251028270269,CONDITIONAL_ANALYTIC_PASS,767493,7013459.088531623,UNATTAINED_NET_COST_INFIMUM,MISSING_FINITE_PROPOSAL_ZERO_COST,,115961.75578149896,ATTAINED_IDEAL_REAL_PROPOSAL,CONDITIONAL_ANALYTIC_PASS,815435,17650197.827046562,ATTAINED_IDEAL_REAL_PROPOSAL,CONDITIONAL_ANALYTIC_PASS,787183
"1/8/J2/O2=1e-6,P3=1e-6,A0=1e-3,A1=1e-3",1/8,J2,False,1.015773530080134,0.0007390393267248393,0.004260960673275161,CONDITIONAL_ANALYTIC_PASS,1055988,5508291.628655212,UNATTAINED_NET_COST_INFIMUM,MISSING_FINITE_PROPOSAL_ZERO_COST,,159628.20124092497,ATTAINED_IDEAL_REAL_PROPOSAL,CONDITIONAL_ANALYTIC_PASS,1121377,13850746.446852364,ATTAINED_IDEAL_REAL_PROPOSAL,CONDITIONAL_ANALYTIC_PASS,1084041
"1/8/J2/O2=1e-6,P3=1e-6,A0=1e-3,A1=1e-4",1/8,J2,False,1.015773530080134,0.0007350552243414794,0.004264944775658521,CONDITIONAL_ANALYTIC_PASS,1054019,5503543.729731511,UNATTAINED_NET_COST_INFIMUM,MISSING_FINITE_PROPOSAL_ZERO_COST,,159330.10685421203,ATTAINED_IDEAL_REAL_PROPOSAL,CONDITIONAL_ANALYTIC_PASS,1119289,13840053.600899642,ATTAINED_IDEAL_REAL_PROPOSAL,CONDITIONAL_ANALYTIC_PASS,1082157
"1/8/J2/O2=1e-6,P3=1e-6,A0=1e-3,A1=1e-6",1/8,J2,False,1.015773530080134,0.0007346521886633628,0.004265347811336637,CONDITIONAL_ANALYTIC_PASS,1053820,5516713.918249547,UNATTAINED_NET_COST_INFIMUM,MISSING_FINITE_PROPOSAL_ZERO_COST,,159299.99785180157,ATTAINED_IDEAL_REAL_PROPOSAL,CONDITIONAL_ANALYTIC_PASS,1119078,13871923.020563463,ATTAINED_IDEAL_REAL_PROPOSAL,CONDITIONAL_ANALYTIC_PASS,1082461
"1/8/J2/O2=1e-6,P3=1e-6,A0=1e-4,A1=1e-3",1/8,J2,False,1.015773530080134,7.654995236522997e-05,0.00492345004763477,CONDITIONAL_ANALYTIC_PASS,791268,4842051.167511103,UNATTAINED_NET_COST_INFIMUM,MISSING_FINITE_PROPOSAL_ZERO_COST,,119559.91554564607,ATTAINED_IDEAL_REAL_PROPOSAL,CONDITIONAL_ANALYTIC_PASS,840651,12407823.083043233,ATTAINED_IDEAL_REAL_PROPOSAL,CONDITIONAL_ANALYTIC_PASS,814637
"1/8/J2/O2=1e-6,P3=1e-6,A0=1e-4,A1=1e-4",1/8,J2,False,1.015773530080134,7.256584998187015e-05,0.0049274341500181295,CONDITIONAL_ANALYTIC_PASS,789991,4838719.235714714,UNATTAINED_NET_COST_INFIMUM,MISSING_FINITE_PROPOSAL_ZERO_COST,,119366.65213234666,ATTAINED_IDEAL_REAL_PROPOSAL,CONDITIONAL_ANALYTIC_PASS,839297,12400197.309062926,ATTAINED_IDEAL_REAL_PROPOSAL,CONDITIONAL_ANALYTIC_PASS,813357
"1/8/J2/O2=1e-6,P3=1e-6,A0=1e-4,A1=1e-6",1/8,J2,False,1.015773530080134,7.216281430375358e-05,0.004927837185696247,CONDITIONAL_ANALYTIC_PASS,789862,4849460.354294576,UNATTAINED_NET_COST_INFIMUM,MISSING_FINITE_PROPOSAL_ZERO_COST,,119347.1275212791,ATTAINED_IDEAL_REAL_PROPOSAL,CONDITIONAL_ANALYTIC_PASS,839160,12426421.323140658,ATTAINED_IDEAL_REAL_PROPOSAL,CONDITIONAL_ANALYTIC_PASS,813463
"1/8/J2/O2=1e-6,P3=1e-6,A0=1e-6,A1=1e-3",1/8,J2,False,1.015773530080134,5.132356766964452e-06,0.0049948676432330355,CONDITIONAL_ANALYTIC_PASS,768838,7006931.560930267,UNATTAINED_NET_COST_INFIMUM,MISSING_FINITE_PROPOSAL_ZERO_COST,,116165.37601735434,ATTAINED_IDEAL_REAL_PROPOSAL,CONDITIONAL_ANALYTIC_PASS,816862,17633806.881390993,ATTAINED_IDEAL_REAL_PROPOSAL,CONDITIONAL_ANALYTIC_PASS,788734
"1/8/J2/O2=1e-6,P3=1e-6,A0=1e-6,A1=1e-4",1/8,J2,False,1.015773530080134,1.148254383604613e-06,0.004998851745616395,CONDITIONAL_ANALYTIC_PASS,767615,7001096.8200378595,UNATTAINED_NET_COST_INFIMUM,MISSING_FINITE_PROPOSAL_ZERO_COST,,115980.28138262355,ATTAINED_IDEAL_REAL_PROPOSAL,CONDITIONAL_ANALYTIC_PASS,815565,17620316.82846265,ATTAINED_IDEAL_REAL_PROPOSAL,CONDITIONAL_ANALYTIC_PASS,787367
"1/8/J2/O2=1e-6,P3=1e-6,A0=1e-6,A1=1e-6",1/8,J2,True,1.015773530080134,7.452187054880553e-07,0.004999254781294512,CONDITIONAL_ANALYTIC_PASS,767491,7013640.561303451,UNATTAINED_NET_COST_INFIMUM,MISSING_FINITE_PROPOSAL_ZERO_COST,,115961.58167270216,ATTAINED_IDEAL_REAL_PROPOSAL,CONDITIONAL_ANALYTIC_PASS,815434,17650669.52915534,ATTAINED_IDEAL_REAL_PROPOSAL,CONDITIONAL_ANALYTIC_PASS,787178
"1/8/J3/O0=1e-3,P2=1e-3,A2=1e-3",1/8,J3,True,1.0156148807991534,0.0007867538209111774,0.004213246179088822,CONDITIONAL_ANALYTIC_PASS,1079671,5110265.873210707,UNATTAINED_NET_COST_INFIMUM,MISSING_FINITE_PROPOSAL_ZERO_COST,,162126.14441633684,UNATTAINED_NET_COST_INFIMUM,MISSING_FINITE_PROPOSAL_ZERO_COST,,13213688.213960983,ATTAINED_IDEAL_REAL_PROPOSAL,CONDITIONAL_ANALYTIC_PASS,1153564
"1/8/J3/O0=1e-3,P2=1e-3,A2=1e-4",1/8,J3,False,1.0156148807991534,0.0007845411424961697,0.00421545885750383,CONDITIONAL_ANALYTIC_PASS,1078540,5107878.679847072,UNATTAINED_NET_COST_INFIMUM,MISSING_FINITE_PROPOSAL_ZERO_COST,,161955.99028432957,UNATTAINED_NET_COST_INFIMUM,MISSING_FINITE_PROPOSAL_ZERO_COST,,13207964.759616325,ATTAINED_IDEAL_REAL_PROPOSAL,CONDITIONAL_ANALYTIC_PASS,1153107
"1/8/J3/O0=1e-3,P2=1e-3,A2=1e-6",1/8,J3,False,1.0156148807991534,0.0007843259432528597,0.00421567405674714,CONDITIONAL_ANALYTIC_PASS,1078430,5114532.1770578185,UNATTAINED_NET_COST_INFIMUM,MISSING_FINITE_PROPOSAL_ZERO_COST,,161939.45583858408,UNATTAINED_NET_COST_INFIMUM,MISSING_FINITE_PROPOSAL_ZERO_COST,,13224355.12727066,ATTAINED_IDEAL_REAL_PROPOSAL,CONDITIONAL_ANALYTIC_PASS,1154436
"1/8/J3/O0=1e-3,P2=1e-4,A2=1e-3",1/8,J3,False,1.0156148807991534,0.0007856769172626367,0.004214323082737364,CONDITIONAL_ANALYTIC_PASS,1079120,5110333.845787574,UNATTAINED_NET_COST_INFIMUM,MISSING_FINITE_PROPOSAL_ZERO_COST,,162043.2974558073,UNATTAINED_NET_COST_INFIMUM,MISSING_FINITE_PROPOSAL_ZERO_COST,,13213445.836045993,ATTAINED_IDEAL_REAL_PROPOSAL,CONDITIONAL_ANALYTIC_PASS,1152987
"1/8/J3/O0=1e-3,P2=1e-4,A2=1e-4",1/8,J3,False,1.0156148807991534,0.0007834642388476291,0.004216535761152371,CONDITIONAL_ANALYTIC_PASS,1077989,5107947.21050694,UNATTAINED_NET_COST_INFIMUM,MISSING_FINITE_PROPOSAL_ZERO_COST,,161873.27369686266,UNATTAINED_NET_COST_INFIMUM,MISSING_FINITE_PROPOSAL_ZERO_COST,,13207724.022961501,ATTAINED_IDEAL_REAL_PROPOSAL,CONDITIONAL_ANALYTIC_PASS,1152531
"1/8/J3/O0=1e-3,P2=1e-4,A2=1e-6",1/8,J3,False,1.0156148807991534,0.000783249039604319,0.004216750960395681,CONDITIONAL_ANALYTIC_PASS,1077880,5114599.04905579,UNATTAINED_NET_COST_INFIMUM,MISSING_FINITE_PROPOSAL_ZERO_COST,,161856.75191625598,UNATTAINED_NET_COST_INFIMUM,MISSING_FINITE_PROPOSAL_ZERO_COST,,13224110.066437088,ATTAINED_IDEAL_REAL_PROPOSAL,CONDITIONAL_ANALYTIC_PASS,1153858
"1/8/J3/O0=1e-3,P2=1e-6,A2=1e-3",1/8,J3,False,1.0156148807991534,0.0007856133366166268,0.004214386663383373,CONDITIONAL_ANALYTIC_PASS,1079088,5113653.3648325475,UNATTAINED_NET_COST_INFIMUM,MISSING_FINITE_PROPOSAL_ZERO_COST,,162038.40813708093,UNATTAINED_NET_COST_INFIMUM,MISSING_FINITE_PROPOSAL_ZERO_COST,,13222180.351728028,ATTAINED_IDEAL_REAL_PROPOSAL,CONDITIONAL_ANALYTIC_PASS,1153063
"1/8/J3/O0=1e-3,P2=1e-6,A2=1e-4",1/8,J3,False,1.0156148807991534,0.0007834006582016191,0.004216599341798381,CONDITIONAL_ANALYTIC_PASS,1077957,5111264.2486311365,UNATTAINED_NET_COST_INFIMUM,MISSING_FINITE_PROPOSAL_ZERO_COST,,161868.3920712282,UNATTAINED_NET_COST_INFIMUM,MISSING_FINITE_PROPOSAL_ZERO_COST,,13216452.15065705,ATTAINED_IDEAL_REAL_PROPOSAL,CONDITIONAL_ANALYTIC_PASS,1152606
"1/8/J3/O0=1e-3,P2=1e-6,A2=1e-6",1/8,J3,False,1.0156148807991534,0.0007831854589583091,0.004216814541041691,CONDITIONAL_ANALYTIC_PASS,1077847,5117917.976159079,UNATTAINED_NET_COST_INFIMUM,MISSING_FINITE_PROPOSAL_ZERO_COST,,161851.87103796986,UNATTAINED_NET_COST_INFIMUM,MISSING_FINITE_PROPOSAL_ZERO_COST,,13232842.912794268,ATTAINED_IDEAL_REAL_PROPOSAL,CONDITIONAL_ANALYTIC_PASS,1153933
"1/8/J3/O0=1e-4,P2=1e-3,A2=1e-3",1/8,J3,False,1.0156148807991534,7.280238572891222e-05,0.0049271976142710875,CONDITIONAL_ANALYTIC_PASS,789820,5308579.713781609,UNATTAINED_NET_COST_INFIMUM,MISSING_FINITE_PROPOSAL_ZERO_COST,,118545.96172821273,UNATTAINED_NET_COST_INFIMUM,MISSING_FINITE_PROPOSAL_ZERO_COST,,13833409.279507369,ATTAINED_IDEAL_REAL_PROPOSAL,CONDITIONAL_ANALYTIC_PASS,847761
"1/8/J3/O0=1e-4,P2=1e-3,A2=1e-4",1/8,J3,False,1.0156148807991534,7.058970731390455e-05,0.004929410292686095,CONDITIONAL_ANALYTIC_PASS,789112,5306409.149527516,UNATTAINED_NET_COST_INFIMUM,MISSING_FINITE_PROPOSAL_ZERO_COST,,118439.56148780267,UNATTAINED_NET_COST_INFIMUM,MISSING_FINITE_PROPOSAL_ZERO_COST,,13828119.92134565,ATTAINED_IDEAL_REAL_PROPOSAL,CONDITIONAL_ANALYTIC_PASS,847469
"1/8/J3/O0=1e-4,P2=1e-3,A2=1e-6",1/8,J3,False,1.0156148807991534,7.03745080705945e-05,0.004929625491929405,CONDITIONAL_ANALYTIC_PASS,789044,5312199.492853658,UNATTAINED_NET_COST_INFIMUM,MISSING_FINITE_PROPOSAL_ZERO_COST,,118429.22092634643,UNATTAINED_NET_COST_INFIMUM,MISSING_FINITE_PROPOSAL_ZERO_COST,,13842433.651741322,ATTAINED_IDEAL_REAL_PROPOSAL,CONDITIONAL_ANALYTIC_PASS,848293
"1/8/J3/O0=1e-4,P2=1e-4,A2=1e-3",1/8,J3,False,1.0156148807991534,7.172548208037148e-05,0.004928274517919629,CONDITIONAL_ANALYTIC_PASS,789476,5308595.209118571,UNATTAINED_NET_COST_INFIMUM,MISSING_FINITE_PROPOSAL_ZERO_COST,,118494.15916318759,UNATTAINED_NET_COST_INFIMUM,MISSING_FINITE_PROPOSAL_ZERO_COST,,13833060.240892211,ATTAINED_IDEAL_REAL_PROPOSAL,CONDITIONAL_ANALYTIC_PASS,847327
"1/8/J3/O0=1e-4,P2=1e-4,A2=1e-4",1/8,J3,True,1.0156148807991534,6.951280366536381e-05,0.004930487196334636,CONDITIONAL_ANALYTIC_PASS,788768,5306425.108784793,UNATTAINED_NET_COST_INFIMUM,MISSING_FINITE_PROPOSAL_ZERO_COST,,118387.82864215251,UNATTAINED_NET_COST_INFIMUM,MISSING_FINITE_PROPOSAL_ZERO_COST,,13827772.261237763,ATTAINED_IDEAL_REAL_PROPOSAL,CONDITIONAL_ANALYTIC_PASS,847036
"1/8/J3/O0=1e-4,P2=1e-4,A2=1e-6",1/8,J3,False,1.0156148807991534,6.929760442205376e-05,0.004930702395577947,CONDITIONAL_ANALYTIC_PASS,788699,5312214.19511646,UNATTAINED_NET_COST_INFIMUM,MISSING_FINITE_PROPOSAL_ZERO_COST,,118377.49485474087,UNATTAINED_NET_COST_INFIMUM,MISSING_FINITE_PROPOSAL_ZERO_COST,,13842082.699926721,ATTAINED_IDEAL_REAL_PROPOSAL,CONDITIONAL_ANALYTIC_PASS,847859
"1/8/J3/O0=1e-4,P2=1e-6,A2=1e-3",1/8,J3,False,1.0156148807991534,7.166190143436158e-05,0.004928338098565638,CONDITIONAL_ANALYTIC_PASS,789455,5311485.722458319,UNATTAINED_NET_COST_INFIMUM,MISSING_FINITE_PROPOSAL_ZERO_COST,,118491.10178910344,UNATTAINED_NET_COST_INFIMUM,MISSING_FINITE_PROPOSAL_ZERO_COST,,13840694.241162293,ATTAINED_IDEAL_REAL_PROPOSAL,CONDITIONAL_ANALYTIC_PASS,847299
"1/8/J3/O0=1e-4,P2=1e-6,A2=1e-4",1/8,J3,False,1.0156148807991534,6.944922301935391e-05,0.004930550776980646,CONDITIONAL_ANALYTIC_PASS,788748,5309313.762242744,UNATTAINED_NET_COST_INFIMUM,MISSING_FINITE_PROPOSAL_ZERO_COST,,118384.77538241222,UNATTAINED_NET_COST_INFIMUM,MISSING_FINITE_PROPOSAL_ZERO_COST,,13835401.444922421,ATTAINED_IDEAL_REAL_PROPOSAL,CONDITIONAL_ANALYTIC_PASS,847007
"1/8/J3/O0=1e-4,P2=1e-6,A2=1e-6",1/8,J3,False,1.0156148807991534,6.923402377604386e-05,0.004930765976223956,CONDITIONAL_ANALYTIC_PASS,788679,5315104.222782327,UNATTAINED_NET_COST_INFIMUM,MISSING_FINITE_PROPOSAL_ZERO_COST,,118374.44199475678,UNATTAINED_NET_COST_INFIMUM,MISSING_FINITE_PROPOSAL_ZERO_COST,,13849715.311973948,ATTAINED_IDEAL_REAL_PROPOSAL,CONDITIONAL_ANALYTIC_PASS,847830
"1/8/J3/O0=1e-6,P2=1e-3,A2=1e-3",1/8,J3,False,1.0156148807991534,3.994753965164545e-06,0.004996005246034835,CONDITIONAL_ANALYTIC_PASS,768249,6787044.502426211,UNATTAINED_NET_COST_INFIMUM,MISSING_FINITE_PROPOSAL_ZERO_COST,,115303.09222102538,UNATTAINED_NET_COST_INFIMUM,MISSING_FINITE_PROPOSAL_ZERO_COST,,17547063.839207754,ATTAINED_IDEAL_REAL_PROPOSAL,CONDITIONAL_ANALYTIC_PASS,832266
"1/8/J3/O0=1e-6,P2=1e-3,A2=1e-4",1/8,J3,False,1.0156148807991534,1.7820755501568661e-06,0.004998217924449843,CONDITIONAL_ANALYTIC_PASS,767570,6783929.462868462,UNATTAINED_NET_COST_INFIMUM,MISSING_FINITE_PROPOSAL_ZERO_COST,,115201.02696684857,UNATTAINED_NET_COST_INFIMUM,MISSING_FINITE_PROPOSAL_ZERO_COST,,17539447.303033628,ATTAINED_IDEAL_REAL_PROPOSAL,CONDITIONAL_ANALYTIC_PASS,831604
"1/8/J3/O0=1e-6,P2=1e-3,A2=1e-6",1/8,J3,False,1.0156148807991534,1.5668763068468153e-06,0.004998433123693153,CONDITIONAL_ANALYTIC_PASS,767504,6790318.601069784,UNATTAINED_NET_COST_INFIMUM,MISSING_FINITE_PROPOSAL_ZERO_COST,,115191.10760230095,UNATTAINED_NET_COST_INFIMUM,MISSING_FINITE_PROPOSAL_ZERO_COST,,17555176.05826814,ATTAINED_IDEAL_REAL_PROPOSAL,CONDITIONAL_ANALYTIC_PASS,832227
"1/8/J3/O0=1e-6,P2=1e-4,A2=1e-3",1/8,J3,False,1.0156148807991534,2.9178503166238074e-06,0.004997082149683376,CONDITIONAL_ANALYTIC_PASS,767918,6786723.621036512,UNATTAINED_NET_COST_INFIMUM,MISSING_FINITE_PROPOSAL_ZERO_COST,,115253.40044601481,UNATTAINED_NET_COST_INFIMUM,MISSING_FINITE_PROPOSAL_ZERO_COST,,17545828.32461874,ATTAINED_IDEAL_REAL_PROPOSAL,CONDITIONAL_ANALYTIC_PASS,831794
"1/8/J3/O0=1e-6,P2=1e-4,A2=1e-4",1/8,J3,False,1.0156148807991534,7.05171901616129e-07,0.004999294828098384,CONDITIONAL_ANALYTIC_PASS,767240,6783609.468033806,UNATTAINED_NET_COST_INFIMUM,MISSING_FINITE_PROPOSAL_ZERO_COST,,115151.40115019774,UNATTAINED_NET_COST_INFIMUM,MISSING_FINITE_PROPOSAL_ZERO_COST,,17538214.243783027,ATTAINED_IDEAL_REAL_PROPOSAL,CONDITIONAL_ANALYTIC_PASS,831132
"1/8/J3/O0=1e-6,P2=1e-4,A2=1e-6",1/8,J3,False,1.0156148807991534,4.899726583060782e-07,0.0049995100273416936,CONDITIONAL_ANALYTIC_PASS,767174,6789997.092839184,UNATTAINED_NET_COST_INFIMUM,MISSING_FINITE_PROPOSAL_ZERO_COST,,115141.48819435548,UNATTAINED_NET_COST_INFIMUM,MISSING_FINITE_PROPOSAL_ZERO_COST,,17553939.11070575,ATTAINED_IDEAL_REAL_PROPOSAL,CONDITIONAL_ANALYTIC_PASS,831754
"1/8/J3/O0=1e-6,P2=1e-6,A2=1e-3",1/8,J3,False,1.0156148807991534,2.854269670613908e-06,0.004997145730329386,CONDITIONAL_ANALYTIC_PASS,767899,6789926.8480709195,UNATTAINED_NET_COST_INFIMUM,MISSING_FINITE_PROPOSAL_ZERO_COST,,115250.46763619382,UNATTAINED_NET_COST_INFIMUM,MISSING_FINITE_PROPOSAL_ZERO_COST,,17554257.39344664,ATTAINED_IDEAL_REAL_PROPOSAL,CONDITIONAL_ANALYTIC_PASS,831704
"1/8/J3/O0=1e-6,P2=1e-6,A2=1e-4",1/8,J3,False,1.0156148807991534,6.415912556062297e-07,0.004999358408744394,CONDITIONAL_ANALYTIC_PASS,767220,6786810.582198689,UNATTAINED_NET_COST_INFIMUM,MISSING_FINITE_PROPOSAL_ZERO_COST,,115148.47223279692,UNATTAINED_NET_COST_INFIMUM,MISSING_FINITE_PROPOSAL_ZERO_COST,,17546637.850284465,ATTAINED_IDEAL_REAL_PROPOSAL,CONDITIONAL_ANALYTIC_PASS,831042
"1/8/J3/O0=1e-6,P2=1e-6,A2=1e-6",1/8,J3,True,1.0156148807991534,4.2639201229617893e-07,0.004999573607987704,CONDITIONAL_ANALYTIC_PASS,767154,6793199.494458927,UNATTAINED_NET_COST_INFIMUM,MISSING_FINITE_PROPOSAL_ZERO_COST,,115138.55965515351,UNATTAINED_NET_COST_INFIMUM,MISSING_FINITE_PROPOSAL_ZERO_COST,,17562365.92937866,ATTAINED_IDEAL_REAL_PROPOSAL,CONDITIONAL_ANALYTIC_PASS,831664
"1/4/ordinary/O0=1e-3,O2=1e-3",1/4,ordinary,True,1.06213472562002,0.0006480711792118168,0.004351928820788184,CONDITIONAL_ANALYTIC_PASS,1106746,6025487.597733799,ATTAINED_IDEAL_REAL_PROPOSAL,CONDITIONAL_ANALYTIC_PASS,1130652,169462.46365789397,ATTAINED_IDEAL_REAL_PROPOSAL,CONDITIONAL_ANALYTIC_PASS,1177961,15222838.418633442,ATTAINED_IDEAL_REAL_PROPOSAL,CONDITIONAL_ANALYTIC_PASS,1131761
"1/4/ordinary/O0=1e-3,O2=1e-4",1/4,ordinary,False,1.06213472562002,0.00061974715289095,0.00438025284710905,CONDITIONAL_ANALYTIC_PASS,1092498,5997308.818676187,ATTAINED_IDEAL_REAL_PROPOSAL,CONDITIONAL_ANALYTIC_PASS,1117772,167277.95934525912,ATTAINED_IDEAL_REAL_PROPOSAL,CONDITIONAL_ANALYTIC_PASS,1162818,15141440.993136097,ATTAINED_IDEAL_REAL_PROPOSAL,CONDITIONAL_ANALYTIC_PASS,1118833
"1/4/ordinary/O0=1e-3,O2=1e-6",1/4,ordinary,False,1.06213472562002,0.0006175685770873909,0.0043824314229126094,CONDITIONAL_ANALYTIC_PASS,1091414,6074453.764552937,ATTAINED_IDEAL_REAL_PROPOSAL,CONDITIONAL_ANALYTIC_PASS,1120654,167111.68765808103,ATTAINED_IDEAL_REAL_PROPOSAL,CONDITIONAL_ANALYTIC_PASS,1161666,15348341.938421838,ATTAINED_IDEAL_REAL_PROPOSAL,CONDITIONAL_ANALYTIC_PASS,1122016
"1/4/ordinary/O0=1e-4,O2=1e-3",1/4,ordinary,False,1.06213472562002,0.00011099792460946018,0.00488900207539054,CONDITIONAL_ANALYTIC_PASS,877237,5739565.339865833,ATTAINED_IDEAL_REAL_PROPOSAL,CONDITIONAL_ANALYTIC_PASS,898554,134275.4571758406,ATTAINED_IDEAL_REAL_PROPOSAL,CONDITIONAL_ANALYTIC_PASS,934013,14504355.112178514,ATTAINED_IDEAL_REAL_PROPOSAL,CONDITIONAL_ANALYTIC_PASS,898892
"1/4/ordinary/O0=1e-4,O2=1e-4",1/4,ordinary,True,1.06213472562002,8.26738982885935e-05,0.004917326101711406,CONDITIONAL_ANALYTIC_PASS,867176,5716688.094193222,ATTAINED_IDEAL_REAL_PROPOSAL,CONDITIONAL_ANALYTIC_PASS,889003,132733.04646785298,ATTAINED_IDEAL_REAL_PROPOSAL,CONDITIONAL_ANALYTIC_PASS,923318,14437650.212460617,ATTAINED_IDEAL_REAL_PROPOSAL,CONDITIONAL_ANALYTIC_PASS,889361
"1/4/ordinary/O0=1e-4,O2=1e-6",1/4,ordinary,False,1.06213472562002,8.049532248503429e-05,0.004919504677514966,CONDITIONAL_ANALYTIC_PASS,866409,5783888.61179495,ATTAINED_IDEAL_REAL_PROPOSAL,CONDITIONAL_ANALYTIC_PASS,890532,132615.51228753955,ATTAINED_IDEAL_REAL_PROPOSAL,CONDITIONAL_ANALYTIC_PASS,922503,14617885.12646345,ATTAINED_IDEAL_REAL_PROPOSAL,CONDITIONAL_ANALYTIC_PASS,891079
"1/4/ordinary/O0=1e-6,O2=1e-3",1/4,ordinary,False,1.06213472562002,3.138533659701055e-05,0.004968614663402989,CONDITIONAL_ANALYTIC_PASS,849393,7676146.620573229,ATTAINED_IDEAL_REAL_PROPOSAL,CONDITIONAL_ANALYTIC_PASS,869988,130006.91401399806,ATTAINED_IDEAL_REAL_PROPOSAL,CONDITIONAL_ANALYTIC_PASS,904414,19242421.175248884,ATTAINED_IDEAL_REAL_PROPOSAL,CONDITIONAL_ANALYTIC_PASS,870568
"1/4/ordinary/O0=1e-6,O2=1e-4",1/4,ordinary,False,1.06213472562002,3.0613102761438646e-06,0.004996938689723856,CONDITIONAL_ANALYTIC_PASS,839806,7638358.522314744,ATTAINED_IDEAL_REAL_PROPOSAL,CONDITIONAL_ANALYTIC_PASS,859507,128537.2609796151,ATTAINED_IDEAL_REAL_PROPOSAL,CONDITIONAL_ANALYTIC_PASS,894222,19138117.144547794,ATTAINED_IDEAL_REAL_PROPOSAL,CONDITIONAL_ANALYTIC_PASS,860260
"1/4/ordinary/O0=1e-6,O2=1e-6",1/4,ordinary,True,1.06213472562002,8.827344725846575e-07,0.004999117265527415,CONDITIONAL_ANALYTIC_PASS,839075,7713864.218302775,ATTAINED_IDEAL_REAL_PROPOSAL,CONDITIONAL_ANALYTIC_PASS,859421,128425.25434535374,ATTAINED_IDEAL_REAL_PROPOSAL,CONDITIONAL_ANALYTIC_PASS,893446,19340026.93140294,ATTAINED_IDEAL_REAL_PROPOSAL,CONDITIONAL_ANALYTIC_PASS,860321
"1/4/PTSC_K0/O0=1e-3,P2=1e-3,P3=1e-3",1/4,PTSC_K0,True,1.0646305730710819,0.0006252151364520946,0.0043747848635479055,CONDITIONAL_ANALYTIC_PASS,1100374,5715248.072437439,UNATTAINED_NET_COST_INFIMUM,MISSING_FINITE_PROPOSAL_ZERO_COST,,161421.97089752968,UNATTAINED_NET_COST_INFIMUM,MISSING_FINITE_PROPOSAL_ZERO_COST,,14465948.424411817,ATTAINED_IDEAL_REAL_PROPOSAL,CONDITIONAL_ANALYTIC_PASS,1409892
"1/4/PTSC_K0/O0=1e-3,P2=1e-3,P3=1e-4",1/4,PTSC_K0,False,1.0646305730710819,0.0006244503432251307,0.004375549656774869,CONDITIONAL_ANALYTIC_PASS,1099989,5715088.352658658,UNATTAINED_NET_COST_INFIMUM,MISSING_FINITE_PROPOSAL_ZERO_COST,,161365.54660776627,UNATTAINED_NET_COST_INFIMUM,MISSING_FINITE_PROPOSAL_ZERO_COST,,14465312.251113035,ATTAINED_IDEAL_REAL_PROPOSAL,CONDITIONAL_ANALYTIC_PASS,1410002
"1/4/PTSC_K0/O0=1e-3,P2=1e-3,P3=1e-6",1/4,PTSC_K0,False,1.0646305730710819,0.0006244051896521994,0.0043755948103478,CONDITIONAL_ANALYTIC_PASS,1099967,5717353.106405558,UNATTAINED_NET_COST_INFIMUM,MISSING_FINITE_PROPOSAL_ZERO_COST,,161362.2162292928,UNATTAINED_NET_COST_INFIMUM,MISSING_FINITE_PROPOSAL_ZERO_COST,,14471214.015895868,ATTAINED_IDEAL_REAL_PROPOSAL,CONDITIONAL_ANALYTIC_PASS,1411041
"1/4/PTSC_K0/O0=1e-3,P2=1e-4,P3=1e-3",1/4,PTSC_K0,False,1.0646305730710819,0.0006187368879413417,0.004381263112058658,CONDITIONAL_ANALYTIC_PASS,1097126,5714744.472404451,UNATTAINED_NET_COST_INFIMUM,MISSING_FINITE_PROPOSAL_ZERO_COST,,160944.95845021977,UNATTAINED_NET_COST_INFIMUM,MISSING_FINITE_PROPOSAL_ZERO_COST,,14462587.631001743,ATTAINED_IDEAL_REAL_PROPOSAL,CONDITIONAL_ANALYTIC_PASS,1406002
"1/4/PTSC_K0/O0=1e-3,P2=1e-4,P3=1e-4",1/4,PTSC_K0,False,1.0646305730710819,0.0006179720947143779,0.004382027905285622,CONDITIONAL_ANALYTIC_PASS,1096744,5714585.083665163,UNATTAINED_NET_COST_INFIMUM,MISSING_FINITE_PROPOSAL_ZERO_COST,,160888.78406000073,UNATTAINED_NET_COST_INFIMUM,MISSING_FINITE_PROPOSAL_ZERO_COST,,14461953.058496559,ATTAINED_IDEAL_REAL_PROPOSAL,CONDITIONAL_ANALYTIC_PASS,1406112
"1/4/PTSC_K0/O0=1e-3,P2=1e-4,P3=1e-6",1/4,PTSC_K0,False,1.0646305730710819,0.0006179269411414465,0.004382073058858554,CONDITIONAL_ANALYTIC_PASS,1096721,5716846.394601628,UNATTAINED_NET_COST_INFIMUM,MISSING_FINITE_PROPOSAL_ZERO_COST,,160885.46843019768,UNATTAINED_NET_COST_INFIMUM,MISSING_FINITE_PROPOSAL_ZERO_COST,,14467845.447898552,ATTAINED_IDEAL_REAL_PROPOSAL,CONDITIONAL_ANALYTIC_PASS,1407148
"1/4/PTSC_K0/O0=1e-3,P2=1e-6,P3=1e-3",1/4,PTSC_K0,False,1.0646305730710819,0.0006183544106176884,0.004381645589382311,CONDITIONAL_ANALYTIC_PASS,1096935,5735015.676596064,UNATTAINED_NET_COST_INFIMUM,MISSING_FINITE_PROPOSAL_ZERO_COST,,160916.86165005947,UNATTAINED_NET_COST_INFIMUM,MISSING_FINITE_PROPOSAL_ZERO_COST,,14515388.222137311,ATTAINED_IDEAL_REAL_PROPOSAL,CONDITIONAL_ANALYTIC_PASS,1406702
"1/4/PTSC_K0/O0=1e-3,P2=1e-6,P3=1e-4",1/4,PTSC_K0,False,1.0646305730710819,0.0006175896173907246,0.004382410382609276,CONDITIONAL_ANALYTIC_PASS,1096553,5734852.478653879,UNATTAINED_NET_COST_INFIMUM,MISSING_FINITE_PROPOSAL_ZERO_COST,,160860.70196779448,UNATTAINED_NET_COST_INFIMUM,MISSING_FINITE_PROPOSAL_ZERO_COST,,14514743.325147578,ATTAINED_IDEAL_REAL_PROPOSAL,CONDITIONAL_ANALYTIC_PASS,1406811
"1/4/PTSC_K0/O0=1e-3,P2=1e-6,P3=1e-6",1/4,PTSC_K0,False,1.0646305730710819,0.0006175444638177932,0.004382455536182207,CONDITIONAL_ANALYTIC_PASS,1096530,5737117.388866389,UNATTAINED_NET_COST_INFIMUM,MISSING_FINITE_PROPOSAL_ZERO_COST,,160857.38720603153,UNATTAINED_NET_COST_INFIMUM,MISSING_FINITE_PROPOSAL_ZERO_COST,,14520645.398348453,ATTAINED_IDEAL_REAL_PROPOSAL,CONDITIONAL_ANALYTIC_PASS,1407844
"1/4/PTSC_K0/O0=1e-4,P2=1e-3,P3=1e-3",1/4,PTSC_K0,False,1.0646305730710819,8.814188184973802e-05,0.004911858118150262,CONDITIONAL_ANALYTIC_PASS,873188,5470855.198446565,UNATTAINED_NET_COST_INFIMUM,MISSING_FINITE_PROPOSAL_ZERO_COST,,128051.42631338959,UNATTAINED_NET_COST_INFIMUM,MISSING_FINITE_PROPOSAL_ZERO_COST,,13848818.79615412,ATTAINED_IDEAL_REAL_PROPOSAL,CONDITIONAL_ANALYTIC_PASS,1147015
"1/4/PTSC_K0/O0=1e-4,P2=1e-3,P3=1e-4",1/4,PTSC_K0,False,1.0646305730710819,8.737708862277413e-05,0.004912622911377226,CONDITIONAL_ANALYTIC_PASS,872916,5470753.64559718,UNATTAINED_NET_COST_INFIMUM,MISSING_FINITE_PROPOSAL_ZERO_COST,,128011.55952847288,UNATTAINED_NET_COST_INFIMUM,MISSING_FINITE_PROPOSAL_ZERO_COST,,13848359.415502515,ATTAINED_IDEAL_REAL_PROPOSAL,CONDITIONAL_ANALYTIC_PASS,1146668
"1/4/PTSC_K0/O0=1e-4,P2=1e-3,P3=1e-6",1/4,PTSC_K0,False,1.0646305730710819,8.733193504984285e-05,0.0049126680649501575,CONDITIONAL_ANALYTIC_PASS,872900,5472729.420749438,UNATTAINED_NET_COST_INFIMUM,MISSING_FINITE_PROPOSAL_ZERO_COST,,128009.20636613858,UNATTAINED_NET_COST_INFIMUM,MISSING_FINITE_PROPOSAL_ZERO_COST,,13853508.21875809,ATTAINED_IDEAL_REAL_PROPOSAL,CONDITIONAL_ANALYTIC_PASS,1147490
"1/4/PTSC_K0/O0=1e-4,P2=1e-4,P3=1e-3",1/4,PTSC_K0,False,1.0646305730710819,8.166363333898515e-05,0.004918336366661015,CONDITIONAL_ANALYTIC_PASS,870892,5470734.666224206,UNATTAINED_NET_COST_INFIMUM,MISSING_FINITE_PROPOSAL_ZERO_COST,,127714.31938348639,UNATTAINED_NET_COST_INFIMUM,MISSING_FINITE_PROPOSAL_ZERO_COST,,13846693.462330364,ATTAINED_IDEAL_REAL_PROPOSAL,CONDITIONAL_ANALYTIC_PASS,1143985
"1/4/PTSC_K0/O0=1e-4,P2=1e-4,P3=1e-4",1/4,PTSC_K0,True,1.0646305730710819,8.089884011202126e-05,0.004919101159887979,CONDITIONAL_ANALYTIC_PASS,870622,5470633.266971616,UNATTAINED_NET_COST_INFIMUM,MISSING_FINITE_PROPOSAL_ZERO_COST,,127674.60991205969,UNATTAINED_NET_COST_INFIMUM,MISSING_FINITE_PROPOSAL_ZERO_COST,,13846235.052280113,ATTAINED_IDEAL_REAL_PROPOSAL,CONDITIONAL_ANALYTIC_PASS,1143638
"1/4/PTSC_K0/O0=1e-4,P2=1e-4,P3=1e-6",1/4,PTSC_K0,False,1.0646305730710819,8.085368653908998e-05,0.00491914631346091,CONDITIONAL_ANALYTIC_PASS,870606,5472606.419298861,UNATTAINED_NET_COST_INFIMUM,MISSING_FINITE_PROPOSAL_ZERO_COST,,127672.26603449068,UNATTAINED_NET_COST_INFIMUM,MISSING_FINITE_PROPOSAL_ZERO_COST,,13851376.699338635,ATTAINED_IDEAL_REAL_PROPOSAL,CONDITIONAL_ANALYTIC_PASS,1144458
"1/4/PTSC_K0/O0=1e-4,P2=1e-6,P3=1e-3",1/4,PTSC_K0,False,1.0646305730710819,8.128115601533185e-05,0.0049187188439846685,CONDITIONAL_ANALYTIC_PASS,870757,5488420.137374632,UNATTAINED_NET_COST_INFIMUM,MISSING_FINITE_PROPOSAL_ZERO_COST,,127694.45814179853,UNATTAINED_NET_COST_INFIMUM,MISSING_FINITE_PROPOSAL_ZERO_COST,,13892760.064472778,ATTAINED_IDEAL_REAL_PROPOSAL,CONDITIONAL_ANALYTIC_PASS,1144279
"1/4/PTSC_K0/O0=1e-4,P2=1e-6,P3=1e-4",1/4,PTSC_K0,False,1.0646305730710819,8.051636278836796e-05,0.004919483637211632,CONDITIONAL_ANALYTIC_PASS,870487,5488315.830637942,UNATTAINED_NET_COST_INFIMUM,MISSING_FINITE_PROPOSAL_ZERO_COST,,127654.75793230251,UNATTAINED_NET_COST_INFIMUM,MISSING_FINITE_PROPOSAL_ZERO_COST,,13892293.760768062,ATTAINED_IDEAL_REAL_PROPOSAL,CONDITIONAL_ANALYTIC_PASS,1143932
"1/4/PTSC_K0/O0=1e-4,P2=1e-6,P3=1e-6",1/4,PTSC_K0,False,1.0646305730710819,8.047120921543666e-05,0.004919528790784563,CONDITIONAL_ANALYTIC_PASS,870471,5490291.852859649,UNATTAINED_NET_COST_INFIMUM,MISSING_FINITE_PROPOSAL_ZERO_COST,,127652.41460138002,UNATTAINED_NET_COST_INFIMUM,MISSING_FINITE_PROPOSAL_ZERO_COST,,13897443.128007082,ATTAINED_IDEAL_REAL_PROPOSAL,CONDITIONAL_ANALYTIC_PASS,1144751
"1/4/PTSC_K0/O0=1e-6,P2=1e-3,P3=1e-3",1/4,PTSC_K0,False,1.0646305730710819,8.529293837288378e-06,0.004991470706162711,CONDITIONAL_ANALYTIC_PASS,845598,7360486.59213672,UNATTAINED_NET_COST_INFIMUM,MISSING_FINITE_PROPOSAL_ZERO_COST,,123999.23157533622,UNATTAINED_NET_COST_INFIMUM,MISSING_FINITE_PROPOSAL_ZERO_COST,,18475394.22428237,ATTAINED_IDEAL_REAL_PROPOSAL,CONDITIONAL_ANALYTIC_PASS,1159453
"1/4/PTSC_K0/O0=1e-6,P2=1e-3,P3=1e-4",1/4,PTSC_K0,False,1.0646305730710819,7.764500610324498e-06,0.004992235499389676,CONDITIONAL_ANALYTIC_PASS,845339,7360059.766108223,UNATTAINED_NET_COST_INFIMUM,MISSING_FINITE_PROPOSAL_ZERO_COST,,123961.24197794402,UNATTAINED_NET_COST_INFIMUM,MISSING_FINITE_PROPOSAL_ZERO_COST,,18474112.347216215,ATTAINED_IDEAL_REAL_PROPOSAL,CONDITIONAL_ANALYTIC_PASS,1159065
"1/4/PTSC_K0/O0=1e-6,P2=1e-3,P3=1e-6",1/4,PTSC_K0,False,1.0646305730710819,7.719347037393206e-06,0.004992280652962607,CONDITIONAL_ANALYTIC_PASS,845324,7362296.516856081,UNATTAINED_NET_COST_INFIMUM,MISSING_FINITE_PROPOSAL_ZERO_COST,,123958.99960895216,UNATTAINED_NET_COST_INFIMUM,MISSING_FINITE_PROPOSAL_ZERO_COST,,18479919.45280773,ATTAINED_IDEAL_REAL_PROPOSAL,CONDITIONAL_ANALYTIC_PASS,1159056
"1/4/PTSC_K0/O0=1e-6,P2=1e-4,P3=1e-3",1/4,PTSC_K0,False,1.0646305730710819,2.0510453265355063e-06,0.004997948954673465,CONDITIONAL_ANALYTIC_PASS,843410,7357718.627279327,UNATTAINED_NET_COST_INFIMUM,MISSING_FINITE_PROPOSAL_ZERO_COST,,123677.9889077111,UNATTAINED_NET_COST_INFIMUM,MISSING_FINITE_PROPOSAL_ZERO_COST,,18466551.21445315,ATTAINED_IDEAL_REAL_PROPOSAL,CONDITIONAL_ANALYTIC_PASS,1156047
"1/4/PTSC_K0/O0=1e-6,P2=1e-4,P3=1e-4",1/4,PTSC_K0,False,1.0646305730710819,1.2862520995716258e-06,0.004998713747900428,CONDITIONAL_ANALYTIC_PASS,843153,7357292.858003372,UNATTAINED_NET_COST_INFIMUM,MISSING_FINITE_PROPOSAL_ZERO_COST,,123640.1468318825,UNATTAINED_NET_COST_INFIMUM,MISSING_FINITE_PROPOSAL_ZERO_COST,,18465272.65782468,ATTAINED_IDEAL_REAL_PROPOSAL,CONDITIONAL_ANALYTIC_PASS,1155660
"1/4/PTSC_K0/O0=1e-6,P2=1e-4,P3=1e-6",1/4,PTSC_K0,False,1.0646305730710819,1.2410985266403334e-06,0.004998758901473359,CONDITIONAL_ANALYTIC_PASS,843138,7359526.314861391,UNATTAINED_NET_COST_INFIMUM,MISSING_FINITE_PROPOSAL_ZERO_COST,,123637.91316977449,UNATTAINED_NET_COST_INFIMUM,MISSING_FINITE_PROPOSAL_ZERO_COST,,18471070.92925523,ATTAINED_IDEAL_REAL_PROPOSAL,CONDITIONAL_ANALYTIC_PASS,1155651
"1/4/PTSC_K0/O0=1e-6,P2=1e-6,P3=1e-3",1/4,PTSC_K0,False,1.0646305730710819,1.668568002882206e-06,0.004998331431997118,CONDITIONAL_ANALYTIC_PASS,843282,7377744.185330036,UNATTAINED_NET_COST_INFIMUM,MISSING_FINITE_PROPOSAL_ZERO_COST,,123659.0617049195,UNATTAINED_NET_COST_INFIMUM,MISSING_FINITE_PROPOSAL_ZERO_COST,,18518517.298979286,ATTAINED_IDEAL_REAL_PROPOSAL,CONDITIONAL_ANALYTIC_PASS,1155861
"1/4/PTSC_K0/O0=1e-6,P2=1e-6,P3=1e-4",1/4,PTSC_K0,False,1.0646305730710819,9.037747759183253e-07,0.004999096225224081,CONDITIONAL_ANALYTIC_PASS,843024,7377314.804019979,UNATTAINED_NET_COST_INFIMUM,MISSING_FINITE_PROPOSAL_ZERO_COST,,123621.22831490233,UNATTAINED_NET_COST_INFIMUM,MISSING_FINITE_PROPOSAL_ZERO_COST,,18517229.08716158,ATTAINED_IDEAL_REAL_PROPOSAL,CONDITIONAL_ANALYTIC_PASS,1155474
"1/4/PTSC_K0/O0=1e-6,P2=1e-6,P3=1e-6",1/4,PTSC_K0,True,1.0646305730710819,8.58621202987033e-07,0.004999141378797013,CONDITIONAL_ANALYTIC_PASS,843009,7379550.945500764,UNATTAINED_NET_COST_INFIMUM,MISSING_FINITE_PROPOSAL_ZERO_COST,,123618.99516544052,UNATTAINED_NET_COST_INFIMUM,MISSING_FINITE_PROPOSAL_ZERO_COST,,18523034.595665295,ATTAINED_IDEAL_REAL_PROPOSAL,CONDITIONAL_ANALYTIC_PASS,1155464
"1/4/A/A0=1e-3,A1=1e-3,A2=1e-3",1/4,A,True,1.06173698603626,0.0004148079808842303,0.00458519201911577,CONDITIONAL_ANALYTIC_PASS,996403,4769242.109228741,ATTAINED_IDEAL_REAL_PROPOSAL,CONDITIONAL_ANALYTIC_PASS,1023142,152151.30733652448,ATTAINED_IDEAL_REAL_PROPOSAL,CONDITIONAL_ANALYTIC_PASS,1060226,12438508.97212956,ATTAINED_IDEAL_REAL_PROPOSAL,CONDITIONAL_ANALYTIC_PASS,1022850
"1/4/A/A0=1e-3,A1=1e-3,A2=1e-4",1/4,A,False,1.06173698603626,0.00040923758412013655,0.0045907624158798635,CONDITIONAL_ANALYTIC_PASS,993990,4776184.435675338,ATTAINED_IDEAL_REAL_PROPOSAL,CONDITIONAL_ANALYTIC_PASS,1021978,151782.2928365138,ATTAINED_IDEAL_REAL_PROPOSAL,CONDITIONAL_ANALYTIC_PASS,1057662,12449008.452306611,ATTAINED_IDEAL_REAL_PROPOSAL,CONDITIONAL_ANALYTIC_PASS,1021504
"1/4/A/A0=1e-3,A1=1e-3,A2=1e-6",1/4,A,False,1.06173698603626,0.0004084822322877282,0.004591517767712272,CONDITIONAL_ANALYTIC_PASS,993663,4797511.627540496,ATTAINED_IDEAL_REAL_PROPOSAL,CONDITIONAL_ANALYTIC_PASS,1023759,151732.35745202916,ATTAINED_IDEAL_REAL_PROPOSAL,CONDITIONAL_ANALYTIC_PASS,1057315,12508692.31757405,ATTAINED_IDEAL_REAL_PROPOSAL,CONDITIONAL_ANALYTIC_PASS,1023351
"1/4/A/A0=1e-3,A1=1e-4,A2=1e-3",1/4,A,False,1.06173698603626,0.00040565503850804516,0.004594344961491955,CONDITIONAL_ANALYTIC_PASS,992442,4784898.824868867,ATTAINED_IDEAL_REAL_PROPOSAL,CONDITIONAL_ANALYTIC_PASS,1019936,151545.67369521072,ATTAINED_IDEAL_REAL_PROPOSAL,CONDITIONAL_ANALYTIC_PASS,1056018,12464420.513991285,ATTAINED_IDEAL_REAL_PROPOSAL,CONDITIONAL_ANALYTIC_PASS,1019479
"1/4/A/A0=1e-3,A1=1e-4,A2=1e-4",1/4,A,False,1.06173698603626,0.0004000846417439514,0.0045999153582560485,CONDITIONAL_ANALYTIC_PASS,990044,4791819.702392351,ATTAINED_IDEAL_REAL_PROPOSAL,CONDITIONAL_ANALYTIC_PASS,1018769,151178.85894787294,ATTAINED_IDEAL_REAL_PROPOSAL,CONDITIONAL_ANALYTIC_PASS,1053469,12474878.59637889,ATTAINED_IDEAL_REAL_PROPOSAL,CONDITIONAL_ANALYTIC_PASS,1018134
"1/4/A/A0=1e-3,A1=1e-4,A2=1e-6",1/4,A,False,1.06173698603626,0.00039932928991154304,0.004600670710088457,CONDITIONAL_ANALYTIC_PASS,989719,4813136.613765315,ATTAINED_IDEAL_REAL_PROPOSAL,CONDITIONAL_ANALYTIC_PASS,1020531,151129.22103156435,ATTAINED_IDEAL_REAL_PROPOSAL,CONDITIONAL_ANALYTIC_PASS,1053125,12534501.10503235,ATTAINED_IDEAL_REAL_PROPOSAL,CONDITIONAL_ANALYTIC_PASS,1019963
"1/4/A/A0=1e-3,A1=1e-6,A2=1e-3",1/4,A,False,1.06173698603626,0.0004042875449719053,0.004595712455028095,CONDITIONAL_ANALYTIC_PASS,991853,4824807.521077902,ATTAINED_IDEAL_REAL_PROPOSAL,CONDITIONAL_ANALYTIC_PASS,1021851,151455.49969126392,ATTAINED_IDEAL_REAL_PROPOSAL,CONDITIONAL_ANALYTIC_PASS,1055391,12576547.405765554,ATTAINED_IDEAL_REAL_PROPOSAL,CONDITIONAL_ANALYTIC_PASS,1021412
"1/4/A/A0=1e-3,A1=1e-6,A2=1e-4",1/4,A,False,1.06173698603626,0.0003987171482078115,0.004601282851792189,CONDITIONAL_ANALYTIC_PASS,989456,4831706.674816456,ATTAINED_IDEAL_REAL_PROPOSAL,CONDITIONAL_ANALYTIC_PASS,1020159,151089.01209504623,ATTAINED_IDEAL_REAL_PROPOSAL,CONDITIONAL_ANALYTIC_PASS,1052845,12586913.186266765,ATTAINED_IDEAL_REAL_PROPOSAL,CONDITIONAL_ANALYTIC_PASS,1019565
"1/4/A/A0=1e-3,A1=1e-6,A2=1e-6",1/4,A,False,1.06173698603626,0.0003979617963754032,0.0046020382036245965,CONDITIONAL_ANALYTIC_PASS,989132,4853099.082254473,ATTAINED_IDEAL_REAL_PROPOSAL,CONDITIONAL_ANALYTIC_PASS,1021906,151039.4184188722,ATTAINED_IDEAL_REAL_PROPOSAL,CONDITIONAL_ANALYTIC_PASS,1052501,12646766.216688206,ATTAINED_IDEAL_REAL_PROPOSAL,CONDITIONAL_ANALYTIC_PASS,1021377
"1/4/A/A0=1e-4,A1=1e-3,A2=1e-3",1/4,A,False,1.06173698603626,7.760652948420572e-05,0.0049223934705157945,CONDITIONAL_ANALYTIC_PASS,864747,5641701.610034243,ATTAINED_IDEAL_REAL_PROPOSAL,CONDITIONAL_ANALYTIC_PASS,885872,132019.5025376955,ATTAINED_IDEAL_REAL_PROPOSAL,CONDITIONAL_ANALYTIC_PASS,920341,13981214.579577522,ATTAINED_IDEAL_REAL_PROPOSAL,CONDITIONAL_ANALYTIC_PASS,886855
"1/4/A/A0=1e-4,A1=1e-3,A2=1e-4",1/4,A,False,1.06173698603626,7.203613272011197e-05,0.004927963867279888,CONDITIONAL_ANALYTIC_PASS,862796,5647707.061956174,ATTAINED_IDEAL_REAL_PROPOSAL,CONDITIONAL_ANALYTIC_PASS,884510,131721.21083189987,ATTAINED_IDEAL_REAL_PROPOSAL,CONDITIONAL_ANALYTIC_PASS,918268,13989788.801897839,ATTAINED_IDEAL_REAL_PROPOSAL,CONDITIONAL_ANALYTIC_PASS,885486
"1/4/A/A0=1e-4,A1=1e-3,A2=1e-6",1/4,A,False,1.06173698603626,7.128078088770363e-05,0.004928719219112297,CONDITIONAL_ANALYTIC_PASS,862532,5669169.047058331,ATTAINED_IDEAL_REAL_PROPOSAL,CONDITIONAL_ANALYTIC_PASS,885524,131680.8400055584,ATTAINED_IDEAL_REAL_PROPOSAL,CONDITIONAL_ANALYTIC_PASS,917987,14048477.707133997,ATTAINED_IDEAL_REAL_PROPOSAL,CONDITIONAL_ANALYTIC_PASS,886621
"1/4/A/A0=1e-4,A1=1e-4,A2=1e-3",1/4,A,False,1.06173698603626,6.845358710802057e-05,0.0049315464128919795,CONDITIONAL_ANALYTIC_PASS,861545,5655874.570484173,ATTAINED_IDEAL_REAL_PROPOSAL,CONDITIONAL_ANALYTIC_PASS,882463,131529.9013316425,ATTAINED_IDEAL_REAL_PROPOSAL,CONDITIONAL_ANALYTIC_PASS,916939,14003856.546293383,ATTAINED_IDEAL_REAL_PROPOSAL,CONDITIONAL_ANALYTIC_PASS,883562
"1/4/A/A0=1e-4,A1=1e-4,A2=1e-4",1/4,A,True,1.06173698603626,6.288319034392682e-05,0.004937116809656073,CONDITIONAL_ANALYTIC_PASS,859605,5661860.399169659,ATTAINED_IDEAL_REAL_PROPOSAL,CONDITIONAL_ANALYTIC_PASS,881100,131233.26649864568,ATTAINED_IDEAL_REAL_PROPOSAL,CONDITIONAL_ANALYTIC_PASS,914877,14012396.232076194,ATTAINED_IDEAL_REAL_PROPOSAL,CONDITIONAL_ANALYTIC_PASS,882194
"1/4/A/A0=1e-4,A1=1e-4,A2=1e-6",1/4,A,False,1.06173698603626,6.212783851151846e-05,0.004937872161488482,CONDITIONAL_ANALYTIC_PASS,859342,5683307.193866571,ATTAINED_IDEAL_REAL_PROPOSAL,CONDITIONAL_ANALYTIC_PASS,882100,131193.11977014606,ATTAINED_IDEAL_REAL_PROPOSAL,CONDITIONAL_ANALYTIC_PASS,914598,14071020.033752723,ATTAINED_IDEAL_REAL_PROPOSAL,CONDITIONAL_ANALYTIC_PASS,883317
"1/4/A/A0=1e-4,A1=1e-6,A2=1e-3",1/4,A,False,1.06173698603626,6.70860935718807e-05,0.004932913906428119,CONDITIONAL_ANALYTIC_PASS,861068,5696033.295744632,ATTAINED_IDEAL_REAL_PROPOSAL,CONDITIONAL_ANALYTIC_PASS,883192,131456.98647353367,ATTAINED_IDEAL_REAL_PROPOSAL,CONDITIONAL_ANALYTIC_PASS,916432,14114110.92957212,ATTAINED_IDEAL_REAL_PROPOSAL,CONDITIONAL_ANALYTIC_PASS,884405
"1/4/A/A0=1e-4,A1=1e-6,A2=1e-4",1/4,A,False,1.06173698603626,6.151569680778695e-05,0.0049384843031922135,CONDITIONAL_ANALYTIC_PASS,859130,5701993.266918145,ATTAINED_IDEAL_REAL_PROPOSAL,CONDITIONAL_ANALYTIC_PASS,881414,131160.59813085254,ATTAINED_IDEAL_REAL_PROPOSAL,CONDITIONAL_ANALYTIC_PASS,914372,14122557.143534776,ATTAINED_IDEAL_REAL_PROPOSAL,CONDITIONAL_ANALYTIC_PASS,882628
"1/4/A/A0=1e-4,A1=1e-6,A2=1e-6",1/4,A,False,1.06173698603626,6.0760344975378593e-05,0.004939239655024621,CONDITIONAL_ANALYTIC_PASS,858867,5723503.741828245,ATTAINED_IDEAL_REAL_PROPOSAL,CONDITIONAL_ANALYTIC_PASS,882401,131120.4847411217,ATTAINED_IDEAL_REAL_PROPOSAL,CONDITIONAL_ANALYTIC_PASS,914093,14181377.468480214,ATTAINED_IDEAL_REAL_PROPOSAL,CONDITIONAL_ANALYTIC_PASS,883735
"1/4/A/A0=1e-6,A1=1e-3,A2=1e-3",1/4,A,False,1.06173698603626,1.758364583813557e-05,0.004982416354161865,CONDITIONAL_ANALYTIC_PASS,844069,7607760.001219694,ATTAINED_IDEAL_REAL_PROPOSAL,CONDITIONAL_ANALYTIC_PASS,865108,128857.79964432384,ATTAINED_IDEAL_REAL_PROPOSAL,CONDITIONAL_ANALYTIC_PASS,898369,19474536.3476045,ATTAINED_IDEAL_REAL_PROPOSAL,CONDITIONAL_ANALYTIC_PASS,865047
"1/4/A/A0=1e-6,A1=1e-3,A2=1e-4",1/4,A,False,1.06173698603626,1.2013249074041824e-05,0.004987986750925958,CONDITIONAL_ANALYTIC_PASS,842188,7612289.287602329,ATTAINED_IDEAL_REAL_PROPOSAL,CONDITIONAL_ANALYTIC_PASS,862928,128570.15322262456,ATTAINED_IDEAL_REAL_PROPOSAL,CONDITIONAL_ANALYTIC_PASS,896370,19477890.7843865,ATTAINED_IDEAL_REAL_PROPOSAL,CONDITIONAL_ANALYTIC_PASS,862904
"1/4/A/A0=1e-6,A1=1e-3,A2=1e-6",1/4,A,False,1.06173698603626,1.1257897241633471e-05,0.004988742102758367,CONDITIONAL_ANALYTIC_PASS,841933,7636582.64153135,ATTAINED_IDEAL_REAL_PROPOSAL,CONDITIONAL_ANALYTIC_PASS,863346,128531.22222694544,ATTAINED_IDEAL_REAL_PROPOSAL,CONDITIONAL_ANALYTIC_PASS,896099,19545395.07130875,ATTAINED_IDEAL_REAL_PROPOSAL,CONDITIONAL_ANALYTIC_PASS,863326
"1/4/A/A0=1e-6,A1=1e-4,A2=1e-3",1/4,A,False,1.06173698603626,8.430703461950416e-06,0.00499156929653805,CONDITIONAL_ANALYTIC_PASS,840981,7620141.097470397,ATTAINED_IDEAL_REAL_PROPOSAL,CONDITIONAL_ANALYTIC_PASS,860931,128385.6648915458,ATTAINED_IDEAL_REAL_PROPOSAL,CONDITIONAL_ANALYTIC_PASS,895088,19490024.17802609,ATTAINED_IDEAL_REAL_PROPOSAL,CONDITIONAL_ANALYTIC_PASS,861052
"1/4/A/A0=1e-6,A1=1e-4,A2=1e-4",1/4,A,False,1.06173698603626,2.8603066978566696e-06,0.004997139693302143,CONDITIONAL_ANALYTIC_PASS,839110,7624651.952248552,ATTAINED_IDEAL_REAL_PROPOSAL,CONDITIONAL_ANALYTIC_PASS,858755,128099.59704628908,ATTAINED_IDEAL_REAL_PROPOSAL,CONDITIONAL_ANALYTIC_PASS,893100,19493356.53207984,ATTAINED_IDEAL_REAL_PROPOSAL,CONDITIONAL_ANALYTIC_PASS,858916
"1/4/A/A0=1e-6,A1=1e-4,A2=1e-6",1/4,A,False,1.06173698603626,2.104954865448317e-06,0.004997895045134552,CONDITIONAL_ANALYTIC_PASS,838857,7648918.575690725,ATTAINED_IDEAL_REAL_PROPOSAL,CONDITIONAL_ANALYTIC_PASS,859161,128060.87956518821,ATTAINED_IDEAL_REAL_PROPOSAL,CONDITIONAL_ANALYTIC_PASS,892831,19560761.46796029,ATTAINED_IDEAL_REAL_PROPOSAL,CONDITIONAL_ANALYTIC_PASS,859327
"1/4/A/A0=1e-6,A1=1e-6,A2=1e-3",1/4,A,False,1.06173698603626,7.063209925810544e-06,0.004992936790074189,CONDITIONAL_ANALYTIC_PASS,840521,7665602.3523751255,ATTAINED_IDEAL_REAL_PROPOSAL,CONDITIONAL_ANALYTIC_PASS,860333,128315.34855001187,ATTAINED_IDEAL_REAL_PROPOSAL,CONDITIONAL_ANALYTIC_PASS,894599,19616858.109136388,ATTAINED_IDEAL_REAL_PROPOSAL,CONDITIONAL_ANALYTIC_PASS,860383
"1/4/A/A0=1e-6,A1=1e-6,A2=1e-4",1/4,A,False,1.06173698603626,1.492813161716798e-06,0.004998507186838283,CONDITIONAL_ANALYTIC_PASS,838652,7670074.650154912,ATTAINED_IDEAL_REAL_PROPOSAL,CONDITIONAL_ANALYTIC_PASS,858150,128029.51555910782,ATTAINED_IDEAL_REAL_PROPOSAL,CONDITIONAL_ANALYTIC_PASS,892613,19620058.78706684,ATTAINED_IDEAL_REAL_PROPOSAL,CONDITIONAL_ANALYTIC_PASS,858237
"1/4/A/A0=1e-6,A1=1e-6,A2=1e-6",1/4,A,True,1.06173698603626,7.374613293084454e-07,0.004999262538670691,CONDITIONAL_ANALYTIC_PASS,838399,7694399.844290234,ATTAINED_IDEAL_REAL_PROPOSAL,CONDITIONAL_ANALYTIC_PASS,858544,127990.82984394542,ATTAINED_IDEAL_REAL_PROPOSAL,CONDITIONAL_ANALYTIC_PASS,892344,19687644.516211756,ATTAINED_IDEAL_REAL_PROPOSAL,CONDITIONAL_ANALYTIC_PASS,858635
"1/4/J1/P2=1e-3,P3=1e-3,A0=1e-3,A1=1e-3",1/4,J1,True,1.0640268538778104,0.0004116197244367534,0.004588380275563246,CONDITIONAL_ANALYTIC_PASS,999311,4696713.681735929,UNATTAINED_NET_COST_INFIMUM,MISSING_FINITE_PROPOSAL_ZERO_COST,,150385.83821629392,UNATTAINED_NET_COST_INFIMUM,MISSING_FINITE_PROPOSAL_ZERO_COST,,12262361.908518257,ATTAINED_IDEAL_REAL_PROPOSAL,CONDITIONAL_ANALYTIC_PASS,1115246
"1/4/J1/P2=1e-3,P3=1e-3,A0=1e-3,A1=1e-4",1/4,J1,False,1.0640268538778104,0.00040246678206056825,0.004597533217939432,CONDITIONAL_ANALYTIC_PASS,995342,4712384.283406781,UNATTAINED_NET_COST_INFIMUM,MISSING_FINITE_PROPOSAL_ZERO_COST,,149787.6466735109,UNATTAINED_NET_COST_INFIMUM,MISSING_FINITE_PROPOSAL_ZERO_COST,,12288421.367534027,ATTAINED_IDEAL_REAL_PROPOSAL,CONDITIONAL_ANALYTIC_PASS,1112398
"1/4/J1/P2=1e-3,P3=1e-3,A0=1e-3,A1=1e-6",1/4,J1,False,1.0640268538778104,0.0004010992885244284,0.0045989007114755715,CONDITIONAL_ANALYTIC_PASS,994751,4751984.105202052,UNATTAINED_NET_COST_INFIMUM,MISSING_FINITE_PROPOSAL_ZERO_COST,,149698.58052592675,UNATTAINED_NET_COST_INFIMUM,MISSING_FINITE_PROPOSAL_ZERO_COST,,12399730.626115827,ATTAINED_IDEAL_REAL_PROPOSAL,CONDITIONAL_ANALYTIC_PASS,1115173
"1/4/J1/P2=1e-3,P3=1e-3,A0=1e-4,A1=1e-3",1/4,J1,False,1.0640268538778104,7.441827303672881e-05,0.004925581726963271,CONDITIONAL_ANALYTIC_PASS,867353,5567593.022019797,UNATTAINED_NET_COST_INFIMUM,MISSING_FINITE_PROPOSAL_ZERO_COST,,130500.05366618052,UNATTAINED_NET_COST_INFIMUM,MISSING_FINITE_PROPOSAL_ZERO_COST,,13806151.510678051,ATTAINED_IDEAL_REAL_PROPOSAL,CONDITIONAL_ANALYTIC_PASS,980503
"1/4/J1/P2=1e-3,P3=1e-3,A0=1e-4,A1=1e-4",1/4,J1,False,1.0640268538778104,6.526533066054366e-05,0.004934734669339457,CONDITIONAL_ANALYTIC_PASS,864144,5581800.719985581,UNATTAINED_NET_COST_INFIMUM,MISSING_FINITE_PROPOSAL_ZERO_COST,,130016.39980838806,UNATTAINED_NET_COST_INFIMUM,MISSING_FINITE_PROPOSAL_ZERO_COST,,13828960.741556287,ATTAINED_IDEAL_REAL_PROPOSAL,CONDITIONAL_ANALYTIC_PASS,977149
"1/4/J1/P2=1e-3,P3=1e-3,A0=1e-4,A1=1e-6",1/4,J1,False,1.0640268538778104,6.389783712440379e-05,0.004936102162875596,CONDITIONAL_ANALYTIC_PASS,863666,5621690.78201964,UNATTAINED_NET_COST_INFIMUM,MISSING_FINITE_PROPOSAL_ZERO_COST,,129944.37052205772,UNATTAINED_NET_COST_INFIMUM,MISSING_FINITE_PROPOSAL_ZERO_COST,,13938503.409161408,ATTAINED_IDEAL_REAL_PROPOSAL,CONDITIONAL_ANALYTIC_PASS,978709
"1/4/J1/P2=1e-3,P3=1e-3,A0=1e-6,A1=1e-3",1/4,J1,False,1.0640268538778104,1.4395389390658659e-05,0.004985604610609341,CONDITIONAL_ANALYTIC_PASS,846626,7521352.562978291,UNATTAINED_NET_COST_INFIMUM,MISSING_FINITE_PROPOSAL_ZERO_COST,,127376.72619439798,UNATTAINED_NET_COST_INFIMUM,MISSING_FINITE_PROPOSAL_ZERO_COST,,19266523.86953868,ATTAINED_IDEAL_REAL_PROPOSAL,CONDITIONAL_ANALYTIC_PASS,976627
"1/4/J1/P2=1e-3,P3=1e-3,A0=1e-6,A1=1e-4",1/4,J1,False,1.0640268538778104,5.242447014473505e-06,0.004994757552985526,CONDITIONAL_ANALYTIC_PASS,843531,7533813.334965023,UNATTAINED_NET_COST_INFIMUM,MISSING_FINITE_PROPOSAL_ZERO_COST,,126910.31572831962,UNATTAINED_NET_COST_INFIMUM,MISSING_FINITE_PROPOSAL_ZERO_COST,,19282299.259706307,ATTAINED_IDEAL_REAL_PROPOSAL,CONDITIONAL_ANALYTIC_PASS,972501
"1/4/J1/P2=1e-3,P3=1e-3,A0=1e-6,A1=1e-6",1/4,J1,False,1.0640268538778104,3.874953478333633e-06,0.004996125046521666,CONDITIONAL_ANALYTIC_PASS,843070,7579011.470178548,UNATTAINED_NET_COST_INFIMUM,MISSING_FINITE_PROPOSAL_ZERO_COST,,126840.85178028521,UNATTAINED_NET_COST_INFIMUM,MISSING_FINITE_PROPOSAL_ZERO_COST,,19408432.831849206,ATTAINED_IDEAL_REAL_PROPOSAL,CONDITIONAL_ANALYTIC_PASS,972197
"1/4/J1/P2=1e-3,P3=1e-4,A0=1e-3,A1=1e-3",1/4,J1,False,1.0640268538778104,0.0004108549312097895,0.004589145068790211,CONDITIONAL_ANALYTIC_PASS,998979,4696737.049123418,UNATTAINED_NET_COST_INFIMUM,MISSING_FINITE_PROPOSAL_ZERO_COST,,150335.7179934311,UNATTAINED_NET_COST_INFIMUM,MISSING_FINITE_PROPOSAL_ZERO_COST,,12262155.515725166,ATTAINED_IDEAL_REAL_PROPOSAL,CONDITIONAL_ANALYTIC_PASS,1115481
"1/4/J1/P2=1e-3,P3=1e-4,A0=1e-3,A1=1e-4",1/4,J1,False,1.0640268538778104,0.0004017019888336044,0.004598298011166396,CONDITIONAL_ANALYTIC_PASS,995011,4712405.0346282795,UNATTAINED_NET_COST_INFIMUM,MISSING_FINITE_PROPOSAL_ZERO_COST,,149737.82517399,UNATTAINED_NET_COST_INFIMUM,MISSING_FINITE_PROPOSAL_ZERO_COST,,12288210.830311403,ATTAINED_IDEAL_REAL_PROPOSAL,CONDITIONAL_ANALYTIC_PASS,1112066
"1/4/J1/P2=1e-3,P3=1e-4,A0=1e-3,A1=1e-6",1/4,J1,False,1.0640268538778104,0.00040033449529746447,0.004599665504702535,CONDITIONAL_ANALYTIC_PASS,994421,4751998.3391274465,UNATTAINED_NET_COST_INFIMUM,MISSING_FINITE_PROPOSAL_ZERO_COST,,149648.80345310614,UNATTAINED_NET_COST_INFIMUM,MISSING_FINITE_PROPOSAL_ZERO_COST,,12399500.651272329,ATTAINED_IDEAL_REAL_PROPOSAL,CONDITIONAL_ANALYTIC_PASS,1114825
"1/4/J1/P2=1e-3,P3=1e-4,A0=1e-4,A1=1e-3",1/4,J1,False,1.0640268538778104,7.365347980976493e-05,0.004926346520190235,CONDITIONAL_ANALYTIC_PASS,867084,5567475.776868748,UNATTAINED_NET_COST_INFIMUM,MISSING_FINITE_PROPOSAL_ZERO_COST,,130459.53771401578,UNATTAINED_NET_COST_INFIMUM,MISSING_FINITE_PROPOSAL_ZERO_COST,,13805700.734664815,ATTAINED_IDEAL_REAL_PROPOSAL,CONDITIONAL_ANALYTIC_PASS,980201
"1/4/J1/P2=1e-3,P3=1e-4,A0=1e-4,A1=1e-4",1/4,J1,False,1.0640268538778104,6.450053743357977e-05,0.00493549946256642,CONDITIONAL_ANALYTIC_PASS,863876,5581681.340070899,UNATTAINED_NET_COST_INFIMUM,MISSING_FINITE_PROPOSAL_ZERO_COST,,129976.10886779927,UNATTAINED_NET_COST_INFIMUM,MISSING_FINITE_PROPOSAL_ZERO_COST,,13828506.894116806,ATTAINED_IDEAL_REAL_PROPOSAL,CONDITIONAL_ANALYTIC_PASS,976844
"1/4/J1/P2=1e-3,P3=1e-4,A0=1e-4,A1=1e-6",1/4,J1,False,1.0640268538778104,6.31330438974399e-05,0.00493686695610256,CONDITIONAL_ANALYTIC_PASS,863398,5621564.81898608,UNATTAINED_NET_COST_INFIMUM,MISSING_FINITE_PROPOSAL_ZERO_COST,,129904.11305610396,UNATTAINED_NET_COST_INFIMUM,MISSING_FINITE_PROPOSAL_ZERO_COST,,13938030.890984377,ATTAINED_IDEAL_REAL_PROPOSAL,CONDITIONAL_ANALYTIC_PASS,978391
"1/4/J1/P2=1e-3,P3=1e-4,A0=1e-6,A1=1e-3",1/4,J1,False,1.0640268538778104,1.3630596163694779e-05,0.004986369403836306,CONDITIONAL_ANALYTIC_PASS,846367,7520895.784571337,UNATTAINED_NET_COST_INFIMUM,MISSING_FINITE_PROPOSAL_ZERO_COST,,127337.65592950748,UNATTAINED_NET_COST_INFIMUM,MISSING_FINITE_PROPOSAL_ZERO_COST,,19265090.685846835,ATTAINED_IDEAL_REAL_PROPOSAL,CONDITIONAL_ANALYTIC_PASS,976267
"1/4/J1/P2=1e-3,P3=1e-4,A0=1e-6,A1=1e-4",1/4,J1,False,1.0640268538778104,4.477653787509624e-06,0.004995522346212491,CONDITIONAL_ANALYTIC_PASS,843273,7533355.1075123865,UNATTAINED_NET_COST_INFIMUM,MISSING_FINITE_PROPOSAL_ZERO_COST,,126871.45984361865,UNATTAINED_NET_COST_INFIMUM,MISSING_FINITE_PROPOSAL_ZERO_COST,,19280865.700777322,ATTAINED_IDEAL_REAL_PROPOSAL,CONDITIONAL_ANALYTIC_PASS,972142
"1/4/J1/P2=1e-3,P3=1e-4,A0=1e-6,A1=1e-6",1/4,J1,False,1.0640268538778104,3.110160251369752e-06,0.00499688983974863,CONDITIONAL_ANALYTIC_PASS,842812,7578545.068117202,UNATTAINED_NET_COST_INFIMUM,MISSING_FINITE_PROPOSAL_ZERO_COST,,126802.02779024123,UNATTAINED_NET_COST_INFIMUM,MISSING_FINITE_PROPOSAL_ZERO_COST,,19406975.649340786,ATTAINED_IDEAL_REAL_PROPOSAL,CONDITIONAL_ANALYTIC_PASS,971837
"1/4/J1/P2=1e-3,P3=1e-6,A0=1e-3,A1=1e-3",1/4,J1,False,1.0640268538778104,0.0004108097776368582,0.004589190222363142,CONDITIONAL_ANALYTIC_PASS,998959,4698704.120767471,UNATTAINED_NET_COST_INFIMUM,MISSING_FINITE_PROPOSAL_ZERO_COST,,150332.75966698013,UNATTAINED_NET_COST_INFIMUM,MISSING_FINITE_PROPOSAL_ZERO_COST,,12267357.18802913,ATTAINED_IDEAL_REAL_PROPOSAL,CONDITIONAL_ANALYTIC_PASS,1116361
"1/4/J1/P2=1e-3,P3=1e-6,A0=1e-3,A1=1e-4",1/4,J1,False,1.0640268538778104,0.0004016568352606731,0.004598343164739327,CONDITIONAL_ANALYTIC_PASS,994992,4714371.307827154,UNATTAINED_NET_COST_INFIMUM,MISSING_FINITE_PROPOSAL_ZERO_COST,,149734.88447801693,UNATTAINED_NET_COST_INFIMUM,MISSING_FINITE_PROPOSAL_ZERO_COST,,12293407.403508501,ATTAINED_IDEAL_REAL_PROPOSAL,CONDITIONAL_ANALYTIC_PASS,1112941
"1/4/J1/P2=1e-3,P3=1e-6,A0=1e-3,A1=1e-6",1/4,J1,False,1.0640268538778104,0.0004002893417245332,0.004599710658275467,CONDITIONAL_ANALYTIC_PASS,994401,4753971.877784938,UNATTAINED_NET_COST_INFIMUM,MISSING_FINITE_PROPOSAL_ZERO_COST,,149645.86537917214,UNATTAINED_NET_COST_INFIMUM,MISSING_FINITE_PROPOSAL_ZERO_COST,,12404718.053412152,ATTAINED_IDEAL_REAL_PROPOSAL,CONDITIONAL_ANALYTIC_PASS,1114888
"1/4/J1/P2=1e-3,P3=1e-6,A0=1e-4,A1=1e-3",1/4,J1,False,1.0640268538778104,7.360832623683364e-05,0.004926391673763166,CONDITIONAL_ANALYTIC_PASS,867068,5569462.496159957,UNATTAINED_NET_COST_INFIMUM,MISSING_FINITE_PROPOSAL_ZERO_COST,,130457.14623252396,UNATTAINED_NET_COST_INFIMUM,MISSING_FINITE_PROPOSAL_ZERO_COST,,13810827.670673179,ATTAINED_IDEAL_REAL_PROPOSAL,CONDITIONAL_ANALYTIC_PASS,980890
"1/4/J1/P2=1e-3,P3=1e-6,A0=1e-4,A1=1e-4",1/4,J1,False,1.0640268538778104,6.445538386064849e-05,0.004935544616139351,CONDITIONAL_ANALYTIC_PASS,863860,5583666.772651703,UNATTAINED_NET_COST_INFIMUM,MISSING_FINITE_PROPOSAL_ZERO_COST,,129973.7306666801,UNATTAINED_NET_COST_INFIMUM,MISSING_FINITE_PROPOSAL_ZERO_COST,,13833628.337297404,ATTAINED_IDEAL_REAL_PROPOSAL,CONDITIONAL_ANALYTIC_PASS,977530
"1/4/J1/P2=1e-3,P3=1e-6,A0=1e-4,A1=1e-6",1/4,J1,False,1.0640268538778104,6.30878903245086e-05,0.004936912109675492,CONDITIONAL_ANALYTIC_PASS,863383,5623556.414234426,UNATTAINED_NET_COST_INFIMUM,MISSING_FINITE_PROPOSAL_ZERO_COST,,129901.73683068663,UNATTAINED_NET_COST_INFIMUM,MISSING_FINITE_PROPOSAL_ZERO_COST,,13943170.145393256,ATTAINED_IDEAL_REAL_PROPOSAL,CONDITIONAL_ANALYTIC_PASS,978404
"1/4/J1/P2=1e-3,P3=1e-6,A0=1e-6,A1=1e-3",1/4,J1,False,1.0640268538778104,1.3585442590763487e-05,0.004986414557409237,CONDITIONAL_ANALYTIC_PASS,846352,7523158.0363709675,UNATTAINED_NET_COST_INFIMUM,MISSING_FINITE_PROPOSAL_ZERO_COST,,127335.34977383798,UNATTAINED_NET_COST_INFIMUM,MISSING_FINITE_PROPOSAL_ZERO_COST,,19271020.533974078,ATTAINED_IDEAL_REAL_PROPOSAL,CONDITIONAL_ANALYTIC_PASS,976224
"1/4/J1/P2=1e-3,P3=1e-6,A0=1e-6,A1=1e-4",1/4,J1,False,1.0640268538778104,4.432500214578331e-06,0.004995567499785422,CONDITIONAL_ANALYTIC_PASS,843258,7535614.970900882,UNATTAINED_NET_COST_INFIMUM,MISSING_FINITE_PROPOSAL_ZERO_COST,,126869.16634089845,UNATTAINED_NET_COST_INFIMUM,MISSING_FINITE_PROPOSAL_ZERO_COST,,19286786.963355858,ATTAINED_IDEAL_REAL_PROPOSAL,CONDITIONAL_ANALYTIC_PASS,972098
"1/4/J1/P2=1e-3,P3=1e-6,A0=1e-6,A1=1e-6",1/4,J1,False,1.0640268538778104,3.0650066784384596e-06,0.004996934993321562,CONDITIONAL_ANALYTIC_PASS,842797,7580810.669561691,UNATTAINED_NET_COST_INFIMUM,MISSING_FINITE_PROPOSAL_ZERO_COST,,126799.73616997861,UNATTAINED_NET_COST_INFIMUM,MISSING_FINITE_PROPOSAL_ZERO_COST,,19412913.475953046,ATTAINED_IDEAL_REAL_PROPOSAL,CONDITIONAL_ANALYTIC_PASS,971793
"1/4/J1/P2=1e-4,P3=1e-3,A0=1e-3,A1=1e-3",1/4,J1,False,1.0640268538778104,0.00040941578422175497,0.004590584215778245,CONDITIONAL_ANALYTIC_PASS,998353,4697030.476141166,UNATTAINED_NET_COST_INFIMUM,MISSING_FINITE_PROPOSAL_ZERO_COST,,150241.47234977153,UNATTAINED_NET_COST_INFIMUM,MISSING_FINITE_PROPOSAL_ZERO_COST,,12262371.424698683,ATTAINED_IDEAL_REAL_PROPOSAL,CONDITIONAL_ANALYTIC_PASS,1114220
"1/4/J1/P2=1e-4,P3=1e-3,A0=1e-3,A1=1e-4",1/4,J1,False,1.0640268538778104,0.00040026284184556984,0.00459973715815443,CONDITIONAL_ANALYTIC_PASS,994390,4712693.459420772,UNATTAINED_NET_COST_INFIMUM,MISSING_FINITE_PROPOSAL_ZERO_COST,,149644.14111286722,UNATTAINED_NET_COST_INFIMUM,MISSING_FINITE_PROPOSAL_ZERO_COST,,12288418.381981438,ATTAINED_IDEAL_REAL_PROPOSAL,CONDITIONAL_ANALYTIC_PASS,1111373
"1/4/J1/P2=1e-4,P3=1e-3,A0=1e-3,A1=1e-6",1/4,J1,False,1.0640268538778104,0.00039889534830943,0.00460110465169057,CONDITIONAL_ANALYTIC_PASS,993799,4752275.4765627105,UNATTAINED_NET_COST_INFIMUM,MISSING_FINITE_PROPOSAL_ZERO_COST,,149555.202911692,UNATTAINED_NET_COST_INFIMUM,MISSING_FINITE_PROPOSAL_ZERO_COST,,12399674.19043006,ATTAINED_IDEAL_REAL_PROPOSAL,CONDITIONAL_ANALYTIC_PASS,1114143
"1/4/J1/P2=1e-4,P3=1e-3,A0=1e-4,A1=1e-3",1/4,J1,False,1.0640268538778104,7.22143328217304e-05,0.00492778566717827,CONDITIONAL_ANALYTIC_PASS,866579,5567508.279332926,UNATTAINED_NET_COST_INFIMUM,MISSING_FINITE_PROPOSAL_ZERO_COST,,130383.34810374258,UNATTAINED_NET_COST_INFIMUM,MISSING_FINITE_PROPOSAL_ZERO_COST,,13805450.00739821,ATTAINED_IDEAL_REAL_PROPOSAL,CONDITIONAL_ANALYTIC_PASS,979554
"1/4/J1/P2=1e-4,P3=1e-3,A0=1e-4,A1=1e-4",1/4,J1,False,1.0640268538778104,6.306139044554525e-05,0.004936938609554455,CONDITIONAL_ANALYTIC_PASS,863373,5581709.679982886,UNATTAINED_NET_COST_INFIMUM,MISSING_FINITE_PROPOSAL_ZERO_COST,,129900.3422939761,UNATTAINED_NET_COST_INFIMUM,MISSING_FINITE_PROPOSAL_ZERO_COST,,13828249.774251126,ATTAINED_IDEAL_REAL_PROPOSAL,CONDITIONAL_ANALYTIC_PASS,976203
"1/4/J1/P2=1e-4,P3=1e-3,A0=1e-4,A1=1e-6",1/4,J1,False,1.0640268538778104,6.169389690940538e-05,0.004938306103090595,CONDITIONAL_ANALYTIC_PASS,862896,5621581.608327836,UNATTAINED_NET_COST_INFIMUM,MISSING_FINITE_PROPOSAL_ZERO_COST,,129828.40941683967,UNATTAINED_NET_COST_INFIMUM,MISSING_FINITE_PROPOSAL_ZERO_COST,,13937740.845696889,ATTAINED_IDEAL_REAL_PROPOSAL,CONDITIONAL_ANALYTIC_PASS,977758
"1/4/J1/P2=1e-4,P3=1e-3,A0=1e-6,A1=1e-3",1/4,J1,False,1.0640268538778104,1.219144917566026e-05,0.00498780855082434,CONDITIONAL_ANALYTIC_PASS,845879,7520327.19415303,UNATTAINED_NET_COST_INFIMUM,MISSING_FINITE_PROPOSAL_ZERO_COST,,127264.18431799671,UNATTAINED_NET_COST_INFIMUM,MISSING_FINITE_PROPOSAL_ZERO_COST,,19263091.98761213,ATTAINED_IDEAL_REAL_PROPOSAL,CONDITIONAL_ANALYTIC_PASS,975542
"1/4/J1/P2=1e-4,P3=1e-3,A0=1e-6,A1=1e-4",1/4,J1,False,1.0640268538778104,3.0385067994751046e-06,0.004996961493200525,CONDITIONAL_ANALYTIC_PASS,842788,7532783.498950283,UNATTAINED_NET_COST_INFIMUM,MISSING_FINITE_PROPOSAL_ZERO_COST,,126798.3912851898,UNATTAINED_NET_COST_INFIMUM,MISSING_FINITE_PROPOSAL_ZERO_COST,,19278865.302836828,ATTAINED_IDEAL_REAL_PROPOSAL,CONDITIONAL_ANALYTIC_PASS,971420
"1/4/J1/P2=1e-4,P3=1e-3,A0=1e-6,A1=1e-6",1/4,J1,False,1.0640268538778104,1.6710132633352329e-06,0.004998328986736664,CONDITIONAL_ANALYTIC_PASS,842328,7577958.874194517,UNATTAINED_NET_COST_INFIMUM,MISSING_FINITE_PROPOSAL_ZERO_COST,,126729.01919654977,UNATTAINED_NET_COST_INFIMUM,MISSING_FINITE_PROPOSAL_ZERO_COST,,19404932.901406538,ATTAINED_IDEAL_REAL_PROPOSAL,CONDITIONAL_ANALYTIC_PASS,971114
"1/4/J1/P2=1e-4,P3=1e-4,A0=1e-3,A1=1e-3",1/4,J1,False,1.0640268538778104,0.0004086509909947911,0.004591349009005209,CONDITIONAL_ANALYTIC_PASS,998021,4697053.780329189,UNATTAINED_NET_COST_INFIMUM,MISSING_FINITE_PROPOSAL_ZERO_COST,,150191.42427443137,UNATTAINED_NET_COST_INFIMUM,MISSING_FINITE_PROPOSAL_ZERO_COST,,12262165.129312713,ATTAINED_IDEAL_REAL_PROPOSAL,CONDITIONAL_ANALYTIC_PASS,1114454
"1/4/J1/P2=1e-4,P3=1e-4,A0=1e-3,A1=1e-4",1/4,J1,False,1.0640268538778104,0.00039949804861860597,0.004600501951381394,CONDITIONAL_ANALYTIC_PASS,994059,4712714.149982705,UNATTAINED_NET_COST_INFIMUM,MISSING_FINITE_PROPOSAL_ZERO_COST,,149594.39118823063,UNATTAINED_NET_COST_INFIMUM,MISSING_FINITE_PROPOSAL_ZERO_COST,,12288207.946141312,ATTAINED_IDEAL_REAL_PROPOSAL,CONDITIONAL_ANALYTIC_PASS,1111042
"1/4/J1/P2=1e-4,P3=1e-4,A0=1e-3,A1=1e-6",1/4,J1,False,1.0640268538778104,0.0003981305550824661,0.004601869444917534,CONDITIONAL_ANALYTIC_PASS,993470,4752289.655682953,UNATTAINED_NET_COST_INFIMUM,MISSING_FINITE_PROPOSAL_ZERO_COST,,149505.4973286893,UNATTAINED_NET_COST_INFIMUM,MISSING_FINITE_PROPOSAL_ZERO_COST,,12399444.335628403,ATTAINED_IDEAL_REAL_PROPOSAL,CONDITIONAL_ANALYTIC_PASS,1113795
"1/4/J1/P2=1e-4,P3=1e-4,A0=1e-4,A1=1e-3",1/4,J1,False,1.0640268538778104,7.144953959476653e-05,0.004928550460405233,CONDITIONAL_ANALYTIC_PASS,866310,5567391.10065281,UNATTAINED_NET_COST_INFIMUM,MISSING_FINITE_PROPOSAL_ZERO_COST,,130342.8864850389,UNATTAINED_NET_COST_INFIMUM,MISSING_FINITE_PROPOSAL_ZERO_COST,,13804999.553261196,ATTAINED_IDEAL_REAL_PROPOSAL,CONDITIONAL_ANALYTIC_PASS,979252
"1/4/J1/P2=1e-4,P3=1e-4,A0=1e-4,A1=1e-4",1/4,J1,True,1.0640268538778104,6.229659721858138e-05,0.004937703402781418,CONDITIONAL_ANALYTIC_PASS,863106,5581590.368427018,UNATTAINED_NET_COST_INFIMUM,MISSING_FINITE_PROPOSAL_ZERO_COST,,129860.10528497837,UNATTAINED_NET_COST_INFIMUM,MISSING_FINITE_PROPOSAL_ZERO_COST,,13827796.25116337,ATTAINED_IDEAL_REAL_PROPOSAL,CONDITIONAL_ANALYTIC_PASS,975898
"1/4/J1/P2=1e-4,P3=1e-4,A0=1e-4,A1=1e-6",1/4,J1,False,1.0640268538778104,6.0929103682441504e-05,0.004939070896317559,CONDITIONAL_ANALYTIC_PASS,862629,5621455.7196292635,UNATTAINED_NET_COST_INFIMUM,MISSING_FINITE_PROPOSAL_ZERO_COST,,129788.20582275512,UNATTAINED_NET_COST_INFIMUM,MISSING_FINITE_PROPOSAL_ZERO_COST,,13937268.669363815,ATTAINED_IDEAL_REAL_PROPOSAL,CONDITIONAL_ANALYTIC_PASS,977441
"1/4/J1/P2=1e-4,P3=1e-4,A0=1e-6,A1=1e-3",1/4,J1,False,1.0640268538778104,1.1426655948696378e-05,0.0049885733440513036,CONDITIONAL_ANALYTIC_PASS,845620,7519870.805858366,UNATTAINED_NET_COST_INFIMUM,MISSING_FINITE_PROPOSAL_ZERO_COST,,127225.16581765756,UNATTAINED_NET_COST_INFIMUM,MISSING_FINITE_PROPOSAL_ZERO_COST,,19261660.090776976,ATTAINED_IDEAL_REAL_PROPOSAL,CONDITIONAL_ANALYTIC_PASS,975182
"1/4/J1/P2=1e-4,P3=1e-4,A0=1e-6,A1=1e-4",1/4,J1,False,1.0640268538778104,2.273713572511224e-06,0.004997726286427489,CONDITIONAL_ANALYTIC_PASS,842531,7532325.662457937,UNATTAINED_NET_COST_INFIMUM,MISSING_FINITE_PROPOSAL_ZERO_COST,,126759.58678675778,UNATTAINED_NET_COST_INFIMUM,MISSING_FINITE_PROPOSAL_ZERO_COST,,19277433.029130626,ATTAINED_IDEAL_REAL_PROPOSAL,CONDITIONAL_ANALYTIC_PASS,971061
"1/4/J1/P2=1e-4,P3=1e-4,A0=1e-6,A1=1e-6",1/4,J1,False,1.0640268538778104,9.062200363713522e-07,0.004999093779963629,CONDITIONAL_ANALYTIC_PASS,842070,7577492.871149033,UNATTAINED_NET_COST_INFIMUM,MISSING_FINITE_PROPOSAL_ZERO_COST,,126690.2465365546,UNATTAINED_NET_COST_INFIMUM,MISSING_FINITE_PROPOSAL_ZERO_COST,,19403477.028046176,ATTAINED_IDEAL_REAL_PROPOSAL,CONDITIONAL_ANALYTIC_PASS,970754
"1/4/J1/P2=1e-4,P3=1e-6,A0=1e-3,A1=1e-3",1/4,J1,False,1.0640268538778104,0.0004086058374218598,0.0045913941625781406,CONDITIONAL_ANALYTIC_PASS,998001,4699019.970820324,UNATTAINED_NET_COST_INFIMUM,MISSING_FINITE_PROPOSAL_ZERO_COST,,150188.47020608408,UNATTAINED_NET_COST_INFIMUM,MISSING_FINITE_PROPOSAL_ZERO_COST,,12267364.306412209,ATTAINED_IDEAL_REAL_PROPOSAL,CONDITIONAL_ANALYTIC_PASS,1115333
"1/4/J1/P2=1e-4,P3=1e-6,A0=1e-3,A1=1e-4",1/4,J1,False,1.0640268538778104,0.0003994528950456747,0.004600547104954326,CONDITIONAL_ANALYTIC_PASS,994040,4714679.542536292,UNATTAINED_NET_COST_INFIMUM,MISSING_FINITE_PROPOSAL_ZERO_COST,,149591.45471656744,UNATTAINED_NET_COST_INFIMUM,MISSING_FINITE_PROPOSAL_ZERO_COST,,12293402.029021475,ATTAINED_IDEAL_REAL_PROPOSAL,CONDITIONAL_ANALYTIC_PASS,1111917
"1/4/J1/P2=1e-4,P3=1e-6,A0=1e-3,A1=1e-6",1/4,J1,False,1.0640268538778104,0.0003980854015095348,0.004601914598490465,CONDITIONAL_ANALYTIC_PASS,993450,4754262.30667672,UNATTAINED_NET_COST_INFIMUM,MISSING_FINITE_PROPOSAL_ZERO_COST,,149502.56347404505,UNATTAINED_NET_COST_INFIMUM,MISSING_FINITE_PROPOSAL_ZERO_COST,,12404659.227508692,ATTAINED_IDEAL_REAL_PROPOSAL,CONDITIONAL_ANALYTIC_PASS,1113858
"1/4/J1/P2=1e-4,P3=1e-6,A0=1e-4,A1=1e-3",1/4,J1,False,1.0640268538778104,7.140438602183523e-05,0.004928595613978164,CONDITIONAL_ANALYTIC_PASS,866294,5569376.917131293,UNATTAINED_NET_COST_INFIMUM,MISSING_FINITE_PROPOSAL_ZERO_COST,,130340.49821035296,UNATTAINED_NET_COST_INFIMUM,MISSING_FINITE_PROPOSAL_ZERO_COST,,13810124.072720958,ATTAINED_IDEAL_REAL_PROPOSAL,CONDITIONAL_ANALYTIC_PASS,979941
"1/4/J1/P2=1e-4,P3=1e-6,A0=1e-4,A1=1e-4",1/4,J1,False,1.0640268538778104,6.225144364565008e-05,0.00493774855635435,CONDITIONAL_ANALYTIC_PASS,863091,5583574.89940192,UNATTAINED_NET_COST_INFIMUM,MISSING_FINITE_PROPOSAL_ZERO_COST,,129857.73026694832,UNATTAINED_NET_COST_INFIMUM,MISSING_FINITE_PROPOSAL_ZERO_COST,,13832915.283175156,ATTAINED_IDEAL_REAL_PROPOSAL,CONDITIONAL_ANALYTIC_PASS,976583
"1/4/J1/P2=1e-4,P3=1e-6,A0=1e-4,A1=1e-6",1/4,J1,False,1.0640268538778104,6.088395010951021e-05,0.00493911604989049,CONDITIONAL_ANALYTIC_PASS,862613,5623446.407788216,UNATTAINED_NET_COST_INFIMUM,MISSING_FINITE_PROPOSAL_ZERO_COST,,129785.83277690236,UNATTAINED_NET_COST_INFIMUM,MISSING_FINITE_PROPOSAL_ZERO_COST,,13942405.496834515,ATTAINED_IDEAL_REAL_PROPOSAL,CONDITIONAL_ANALYTIC_PASS,977453
"1/4/J1/P2=1e-4,P3=1e-6,A0=1e-6,A1=1e-3",1/4,J1,False,1.0640268538778104,1.1381502375765086e-05,0.004988618497624235,CONDITIONAL_ANALYTIC_PASS,845605,7522131.913332717,UNATTAINED_NET_COST_INFIMUM,MISSING_FINITE_PROPOSAL_ZERO_COST,,127222.86271718686,UNATTAINED_NET_COST_INFIMUM,MISSING_FINITE_PROPOSAL_ZERO_COST,,19267586.822265062,ATTAINED_IDEAL_REAL_PROPOSAL,CONDITIONAL_ANALYTIC_PASS,975139
"1/4/J1/P2=1e-4,P3=1e-6,A0=1e-6,A1=1e-4",1/4,J1,False,1.0640268538778104,2.2285599995799313e-06,0.0049977714400004205,CONDITIONAL_ANALYTIC_PASS,842515,7534584.384176059,UNATTAINED_NET_COST_INFIMUM,MISSING_FINITE_PROPOSAL_ZERO_COST,,126757.29631691152,UNATTAINED_NET_COST_INFIMUM,MISSING_FINITE_PROPOSAL_ZERO_COST,,19283351.18449293,ATTAINED_IDEAL_REAL_PROPOSAL,CONDITIONAL_ANALYTIC_PASS,971017
"1/4/J1/P2=1e-4,P3=1e-6,A0=1e-6,A1=1e-6",1/4,J1,False,1.0640268538778104,8.610664634400598e-07,0.00499913893353656,CONDITIONAL_ANALYTIC_PASS,842055,7579757.326000502,UNATTAINED_NET_COST_INFIMUM,MISSING_FINITE_PROPOSAL_ZERO_COST,,126687.95794584803,UNATTAINED_NET_COST_INFIMUM,MISSING_FINITE_PROPOSAL_ZERO_COST,,19409411.733315952,ATTAINED_IDEAL_REAL_PROPOSAL,CONDITIONAL_ANALYTIC_PASS,970710
"1/4/J1/P2=1e-6,P3=1e-3,A0=1e-3,A1=1e-3",1/4,J1,False,1.0640268538778104,0.000409285663070409,0.004590714336929591,CONDITIONAL_ANALYTIC_PASS,998297,4703022.030668308,UNATTAINED_NET_COST_INFIMUM,MISSING_FINITE_PROPOSAL_ZERO_COST,,150232.95545463657,UNATTAINED_NET_COST_INFIMUM,MISSING_FINITE_PROPOSAL_ZERO_COST,,12278209.03893379,ATTAINED_IDEAL_REAL_PROPOSAL,CONDITIONAL_ANALYTIC_PASS,1114387
"1/4/J1/P2=1e-6,P3=1e-3,A0=1e-3,A1=1e-4",1/4,J1,False,1.0640268538778104,0.00040013272069422385,0.004599867279305776,CONDITIONAL_ANALYTIC_PASS,994333,4718682.6028081225,UNATTAINED_NET_COST_INFIMUM,MISSING_FINITE_PROPOSAL_ZERO_COST,,149635.6749588062,UNATTAINED_NET_COST_INFIMUM,MISSING_FINITE_PROPOSAL_ZERO_COST,,12304240.507107431,ATTAINED_IDEAL_REAL_PROPOSAL,CONDITIONAL_ANALYTIC_PASS,1111537
"1/4/J1/P2=1e-6,P3=1e-3,A0=1e-3,A1=1e-6",1/4,J1,False,1.0640268538778104,0.000398765227158084,0.004601234772841916,CONDITIONAL_ANALYTIC_PASS,993743,4758286.800445684,UNATTAINED_NET_COST_INFIMUM,MISSING_FINITE_PROPOSAL_ZERO_COST,,149546.74430395363,UNATTAINED_NET_COST_INFIMUM,MISSING_FINITE_PROPOSAL_ZERO_COST,,12415559.875184482,ATTAINED_IDEAL_REAL_PROPOSAL,CONDITIONAL_ANALYTIC_PASS,1114301
"1/4/J1/P2=1e-6,P3=1e-3,A0=1e-4,A1=1e-3",1/4,J1,False,1.0640268538778104,7.208421167038444e-05,0.004927915788329616,CONDITIONAL_ANALYTIC_PASS,866533,5573560.829837521,UNATTAINED_NET_COST_INFIMUM,MISSING_FINITE_PROPOSAL_ZERO_COST,,130376.4626746434,UNATTAINED_NET_COST_INFIMUM,MISSING_FINITE_PROPOSAL_ZERO_COST,,13821062.117273739,ATTAINED_IDEAL_REAL_PROPOSAL,CONDITIONAL_ANALYTIC_PASS,979568
"1/4/J1/P2=1e-6,P3=1e-3,A0=1e-4,A1=1e-4",1/4,J1,False,1.0640268538778104,6.293126929419928e-05,0.004937068730705801,CONDITIONAL_ANALYTIC_PASS,863328,5587758.329758138,UNATTAINED_NET_COST_INFIMUM,MISSING_FINITE_PROPOSAL_ZERO_COST,,129893.49508958132,UNATTAINED_NET_COST_INFIMUM,MISSING_FINITE_PROPOSAL_ZERO_COST,,13843845.189720824,ATTAINED_IDEAL_REAL_PROPOSAL,CONDITIONAL_ANALYTIC_PASS,976214
"1/4/J1/P2=1e-6,P3=1e-3,A0=1e-4,A1=1e-6",1/4,J1,False,1.0640268538778104,6.156377575805941e-05,0.00493843622424194,CONDITIONAL_ANALYTIC_PASS,862851,5627649.083182408,UNATTAINED_NET_COST_INFIMUM,MISSING_FINITE_PROPOSAL_ZERO_COST,,129821.5678990862,UNATTAINED_NET_COST_INFIMUM,MISSING_FINITE_PROPOSAL_ZERO_COST,,13953390.634721225,ATTAINED_IDEAL_REAL_PROPOSAL,CONDITIONAL_ANALYTIC_PASS,977766
"1/4/J1/P2=1e-6,P3=1e-3,A0=1e-6,A1=1e-3",1/4,J1,False,1.0640268538778104,1.2061328024314292e-05,0.004987938671975686,CONDITIONAL_ANALYTIC_PASS,845835,7527221.8599370485,UNATTAINED_NET_COST_INFIMUM,MISSING_FINITE_PROPOSAL_ZERO_COST,,127257.54448247387,UNATTAINED_NET_COST_INFIMUM,MISSING_FINITE_PROPOSAL_ZERO_COST,,19281156.579584114,ATTAINED_IDEAL_REAL_PROPOSAL,CONDITIONAL_ANALYTIC_PASS,975375
"1/4/J1/P2=1e-6,P3=1e-3,A0=1e-6,A1=1e-4",1/4,J1,False,1.0640268538778104,2.9083856481291365e-06,0.004997091614351871,CONDITIONAL_ANALYTIC_PASS,842744,7539670.904440704,UNATTAINED_NET_COST_INFIMUM,MISSING_FINITE_PROPOSAL_ZERO_COST,,126791.78786899401,UNATTAINED_NET_COST_INFIMUM,MISSING_FINITE_PROPOSAL_ZERO_COST,,19296903.76716832,ATTAINED_IDEAL_REAL_PROPOSAL,CONDITIONAL_ANALYTIC_PASS,971251
"1/4/J1/P2=1e-6,P3=1e-3,A0=1e-6,A1=1e-6",1/4,J1,False,1.0640268538778104,1.5408921119892648e-06,0.00499845910788801,CONDITIONAL_ANALYTIC_PASS,842284,7584863.827909707,UNATTAINED_NET_COST_INFIMUM,MISSING_FINITE_PROPOSAL_ZERO_COST,,126722.4211986895,UNATTAINED_NET_COST_INFIMUM,MISSING_FINITE_PROPOSAL_ZERO_COST,,19423021.99309708,ATTAINED_IDEAL_REAL_PROPOSAL,CONDITIONAL_ANALYTIC_PASS,970941
"1/4/J1/P2=1e-6,P3=1e-4,A0=1e-3,A1=1e-3",1/4,J1,False,1.0640268538778104,0.00040852086984344516,0.004591479130156555,CONDITIONAL_ANALYTIC_PASS,997965,4703044.350732801,UNATTAINED_NET_COST_INFIMUM,MISSING_FINITE_PROPOSAL_ZERO_COST,,150182.9116345729,UNATTAINED_NET_COST_INFIMUM,MISSING_FINITE_PROPOSAL_ZERO_COST,,12277999.97735097,ATTAINED_IDEAL_REAL_PROPOSAL,CONDITIONAL_ANALYTIC_PASS,1114622
"1/4/J1/P2=1e-6,P3=1e-4,A0=1e-3,A1=1e-4",1/4,J1,False,1.0640268538778104,0.00039936792746726,0.00460063207253274,CONDITIONAL_ANALYTIC_PASS,994003,4718702.309994818,UNATTAINED_NET_COST_INFIMUM,MISSING_FINITE_PROPOSAL_ZERO_COST,,149585.9292556803,UNATTAINED_NET_COST_INFIMUM,MISSING_FINITE_PROPOSAL_ZERO_COST,,12304027.310752109,ATTAINED_IDEAL_REAL_PROPOSAL,CONDITIONAL_ANALYTIC_PASS,1111206
"1/4/J1/P2=1e-6,P3=1e-4,A0=1e-3,A1=1e-6",1/4,J1,False,1.0640268538778104,0.0003980004339311201,0.00460199956606888,CONDITIONAL_ANALYTIC_PASS,993414,4758299.988807771,UNATTAINED_NET_COST_INFIMUM,MISSING_FINITE_PROPOSAL_ZERO_COST,,149497.04293744566,UNATTAINED_NET_COST_INFIMUM,MISSING_FINITE_PROPOSAL_ZERO_COST,,12415327.238877548,ATTAINED_IDEAL_REAL_PROPOSAL,CONDITIONAL_ANALYTIC_PASS,1113954
"1/4/J1/P2=1e-6,P3=1e-4,A0=1e-4,A1=1e-3",1/4,J1,False,1.0640268538778104,7.131941844342056e-05,0.004928680581556579,CONDITIONAL_ANALYTIC_PASS,866265,5573442.65114443,UNATTAINED_NET_COST_INFIMUM,MISSING_FINITE_PROPOSAL_ZERO_COST,,130336.00426076211,UNATTAINED_NET_COST_INFIMUM,MISSING_FINITE_PROPOSAL_ZERO_COST,,13820608.997196808,ATTAINED_IDEAL_REAL_PROPOSAL,CONDITIONAL_ANALYTIC_PASS,979266
"1/4/J1/P2=1e-6,P3=1e-4,A0=1e-4,A1=1e-4",1/4,J1,False,1.0640268538778104,6.216647606723541e-05,0.004937833523932764,CONDITIONAL_ANALYTIC_PASS,863061,5587638.019633975,UNATTAINED_NET_COST_INFIMUM,MISSING_FINITE_PROPOSAL_ZERO_COST,,129853.26126170755,UNATTAINED_NET_COST_INFIMUM,MISSING_FINITE_PROPOSAL_ZERO_COST,,13843389.006793546,ATTAINED_IDEAL_REAL_PROPOSAL,CONDITIONAL_ANALYTIC_PASS,975909
"1/4/J1/P2=1e-6,P3=1e-4,A0=1e-4,A1=1e-6",1/4,J1,False,1.0640268538778104,6.0798982531095536e-05,0.004939201017468905,CONDITIONAL_ANALYTIC_PASS,862584,5627522.1901434185,UNATTAINED_NET_COST_INFIMUM,MISSING_FINITE_PROPOSAL_ZERO_COST,,129781.36748260376,UNATTAINED_NET_COST_INFIMUM,MISSING_FINITE_PROPOSAL_ZERO_COST,,13952915.781942988,ATTAINED_IDEAL_REAL_PROPOSAL,CONDITIONAL_ANALYTIC_PASS,977448
"1/4/J1/P2=1e-6,P3=1e-4,A0=1e-6,A1=1e-3",1/4,J1,False,1.0640268538778104,1.129653479735041e-05,0.0049887034652026496,CONDITIONAL_ANALYTIC_PASS,845576,7526764.21719032,UNATTAINED_NET_COST_INFIMUM,MISSING_FINITE_PROPOSAL_ZERO_COST,,127218.52903546652,UNATTAINED_NET_COST_INFIMUM,MISSING_FINITE_PROPOSAL_ZERO_COST,,19279721.278916694,ATTAINED_IDEAL_REAL_PROPOSAL,CONDITIONAL_ANALYTIC_PASS,975015
"1/4/J1/P2=1e-6,P3=1e-4,A0=1e-6,A1=1e-4",1/4,J1,False,1.0640268538778104,2.1435924211652557e-06,0.004997856407578835,CONDITIONAL_ANALYTIC_PASS,842487,7539211.816463949,UNATTAINED_NET_COST_INFIMUM,MISSING_FINITE_PROPOSAL_ZERO_COST,,126752.98640158601,UNATTAINED_NET_COST_INFIMUM,MISSING_FINITE_PROPOSAL_ZERO_COST,,19295468.099987008,ATTAINED_IDEAL_REAL_PROPOSAL,CONDITIONAL_ANALYTIC_PASS,970892
"1/4/J1/P2=1e-6,P3=1e-4,A0=1e-6,A1=1e-6",1/4,J1,False,1.0640268538778104,7.76098885025384e-07,0.004999223901114975,CONDITIONAL_ANALYTIC_PASS,842027,7584396.568191096,UNATTAINED_NET_COST_INFIMUM,MISSING_FINITE_PROPOSAL_ZERO_COST,,126683.65156640297,UNATTAINED_NET_COST_INFIMUM,MISSING_FINITE_PROPOSAL_ZERO_COST,,19421562.71136407,ATTAINED_IDEAL_REAL_PROPOSAL,CONDITIONAL_ANALYTIC_PASS,970582
"1/4/J1/P2=1e-6,P3=1e-6,A0=1e-3,A1=1e-3",1/4,J1,False,1.0640268538778104,0.00040847571627051387,0.0045915242837294866,CONDITIONAL_ANALYTIC_PASS,997945,4705011.679816959,UNATTAINED_NET_COST_INFIMUM,MISSING_FINITE_PROPOSAL_ZERO_COST,,150179.95781736952,UNATTAINED_NET_COST_INFIMUM,MISSING_FINITE_PROPOSAL_ZERO_COST,,12283202.206754519,ATTAINED_IDEAL_REAL_PROPOSAL,CONDITIONAL_ANALYTIC_PASS,1115500
"1/4/J1/P2=1e-6,P3=1e-6,A0=1e-3,A1=1e-4",1/4,J1,False,1.0640268538778104,0.0003993227738943287,0.004600677226105672,CONDITIONAL_ANALYTIC_PASS,993984,4720668.836244071,UNATTAINED_NET_COST_INFIMUM,MISSING_FINITE_PROPOSAL_ZERO_COST,,149582.99303316834,UNATTAINED_NET_COST_INFIMUM,MISSING_FINITE_PROPOSAL_ZERO_COST,,12309224.433177572,ATTAINED_IDEAL_REAL_PROPOSAL,CONDITIONAL_ANALYTIC_PASS,1112079
"1/4/J1/P2=1e-6,P3=1e-6,A0=1e-3,A1=1e-6",1/4,J1,False,1.0640268538778104,0.00039795528035818883,0.004602044719641811,CONDITIONAL_ANALYTIC_PASS,993394,4760273.77188809,UNATTAINED_NET_COST_INFIMUM,MISSING_FINITE_PROPOSAL_ZERO_COST,,149494.10933165663,UNATTAINED_NET_COST_INFIMUM,MISSING_FINITE_PROPOSAL_ZERO_COST,,12420545.16583222,ATTAINED_IDEAL_REAL_PROPOSAL,CONDITIONAL_ANALYTIC_PASS,1114016
"1/4/J1/P2=1e-6,P3=1e-6,A0=1e-4,A1=1e-3",1/4,J1,False,1.0640268538778104,7.127426487048927e-05,0.00492872573512951,CONDITIONAL_ANALYTIC_PASS,866249,5575429.438563645,UNATTAINED_NET_COST_INFIMUM,MISSING_FINITE_PROPOSAL_ZERO_COST,,130333.61617522745,UNATTAINED_NET_COST_INFIMUM,MISSING_FINITE_PROPOSAL_ZERO_COST,,13825736.134291632,ATTAINED_IDEAL_REAL_PROPOSAL,CONDITIONAL_ANALYTIC_PASS,979954
"1/4/J1/P2=1e-6,P3=1e-6,A0=1e-4,A1=1e-4",1/4,J1,False,1.0640268538778104,6.212132249430411e-05,0.004937878677505696,CONDITIONAL_ANALYTIC_PASS,863045,5589623.5176865095,UNATTAINED_NET_COST_INFIMUM,MISSING_FINITE_PROPOSAL_ZERO_COST,,129850.8864314302,UNATTAINED_NET_COST_INFIMUM,MISSING_FINITE_PROPOSAL_ZERO_COST,,13848510.64629883,ATTAINED_IDEAL_REAL_PROPOSAL,CONDITIONAL_ANALYTIC_PASS,976594
"1/4/J1/P2=1e-6,P3=1e-6,A0=1e-4,A1=1e-6",1/4,J1,False,1.0640268538778104,6.0753828958164243e-05,0.004939246171041836,CONDITIONAL_ANALYTIC_PASS,862568,5629513.844097326,UNATTAINED_NET_COST_INFIMUM,MISSING_FINITE_PROPOSAL_ZERO_COST,,129778.99462429585,UNATTAINED_NET_COST_INFIMUM,MISSING_FINITE_PROPOSAL_ZERO_COST,,13958055.213325772,ATTAINED_IDEAL_REAL_PROPOSAL,CONDITIONAL_ANALYTIC_PASS,977460
"1/4/J1/P2=1e-6,P3=1e-6,A0=1e-6,A1=1e-3",1/4,J1,False,1.0640268538778104,1.1251381224419118e-05,0.004988748618775581,CONDITIONAL_ANALYTIC_PASS,845561,7529026.239295601,UNATTAINED_NET_COST_INFIMUM,MISSING_FINITE_PROPOSAL_ZERO_COST,,127216.22611520671,UNATTAINED_NET_COST_INFIMUM,MISSING_FINITE_PROPOSAL_ZERO_COST,,19285650.470008146,ATTAINED_IDEAL_REAL_PROPOSAL,CONDITIONAL_ANALYTIC_PASS,974972
"1/4/J1/P2=1e-6,P3=1e-6,A0=1e-6,A1=1e-4",1/4,J1,False,1.0640268538778104,2.098438848233963e-06,0.0049979015611517665,CONDITIONAL_ANALYTIC_PASS,842472,7541471.449271809,UNATTAINED_NET_COST_INFIMUM,MISSING_FINITE_PROPOSAL_ZERO_COST,,126750.69611063413,UNATTAINED_NET_COST_INFIMUM,MISSING_FINITE_PROPOSAL_ZERO_COST,,19301388.70570032,ATTAINED_IDEAL_REAL_PROPOSAL,CONDITIONAL_ANALYTIC_PASS,970848
"1/4/J1/P2=1e-6,P3=1e-6,A0=1e-6,A1=1e-6",1/4,J1,True,1.0640268538778104,7.309453120940916e-07,0.004999269054687906,CONDITIONAL_ANALYTIC_PASS,842011,7586661.932931174,UNATTAINED_NET_COST_INFIMUM,MISSING_FINITE_PROPOSAL_ZERO_COST,,126681.36315439512,UNATTAINED_NET_COST_INFIMUM,MISSING_FINITE_PROPOSAL_ZERO_COST,,19427499.863636088,ATTAINED_IDEAL_REAL_PROPOSAL,CONDITIONAL_ANALYTIC_PASS,970537
"1/4/J2/O2=1e-3,P3=1e-3,A0=1e-3,A1=1e-3",1/4,J2,True,1.0631777511367275,0.00041939549156119494,0.004580604508438805,CONDITIONAL_ANALYTIC_PASS,1001104,4785183.87965766,UNATTAINED_NET_COST_INFIMUM,MISSING_FINITE_PROPOSAL_ZERO_COST,,152855.46316470404,ATTAINED_IDEAL_REAL_PROPOSAL,CONDITIONAL_ANALYTIC_PASS,1065451,12482120.995609632,ATTAINED_IDEAL_REAL_PROPOSAL,CONDITIONAL_ANALYTIC_PASS,1033448
"1/4/J2/O2=1e-3,P3=1e-3,A0=1e-3,A1=1e-4",1/4,J2,False,1.0631777511367275,0.0004102425491850098,0.00458975745081499,CONDITIONAL_ANALYTIC_PASS,997121,4800850.537414683,UNATTAINED_NET_COST_INFIMUM,MISSING_FINITE_PROPOSAL_ZERO_COST,,152246.41912089076,ATTAINED_IDEAL_REAL_PROPOSAL,CONDITIONAL_ANALYTIC_PASS,1061218,12508016.719392244,ATTAINED_IDEAL_REAL_PROPOSAL,CONDITIONAL_ANALYTIC_PASS,1030054
"1/4/J2/O2=1e-3,P3=1e-3,A0=1e-3,A1=1e-6",1/4,J2,False,1.0631777511367275,0.00040887505564886996,0.00459112494435113,CONDITIONAL_ANALYTIC_PASS,996528,4840860.81469942,UNATTAINED_NET_COST_INFIMUM,MISSING_FINITE_PROPOSAL_ZERO_COST,,152155.73764723388,ATTAINED_IDEAL_REAL_PROPOSAL,CONDITIONAL_ANALYTIC_PASS,1060588,12620438.521825986,ATTAINED_IDEAL_REAL_PROPOSAL,CONDITIONAL_ANALYTIC_PASS,1031982
"1/4/J2/O2=1e-3,P3=1e-3,A0=1e-4,A1=1e-3",1/4,J2,False,1.0631777511367275,8.219404016117038e-05,0.00491780595983883,CONDITIONAL_ANALYTIC_PASS,868708,5658698.787852157,UNATTAINED_NET_COST_INFIMUM,MISSING_FINITE_PROPOSAL_ZERO_COST,,132612.2915850314,ATTAINED_IDEAL_REAL_PROPOSAL,CONDITIONAL_ANALYTIC_PASS,924749,14025760.595602157,ATTAINED_IDEAL_REAL_PROPOSAL,CONDITIONAL_ANALYTIC_PASS,896770
"1/4/J2/O2=1e-3,P3=1e-3,A0=1e-4,A1=1e-4",1/4,J2,False,1.0631777511367275,7.304109778498522e-05,0.004926958902215015,CONDITIONAL_ANALYTIC_PASS,865488,5672874.654014089,UNATTAINED_NET_COST_INFIMUM,MISSING_FINITE_PROPOSAL_ZERO_COST,,132120.03449911313,ATTAINED_IDEAL_REAL_PROPOSAL,CONDITIONAL_ANALYTIC_PASS,921327,14048376.826324826,ATTAINED_IDEAL_REAL_PROPOSAL,CONDITIONAL_ANALYTIC_PASS,893456
"1/4/J2/O2=1e-3,P3=1e-3,A0=1e-4,A1=1e-6",1/4,J2,False,1.0631777511367275,7.167360424884535e-05,0.004928326395751154,CONDITIONAL_ANALYTIC_PASS,865009,5713126.34705685,UNATTAINED_NET_COST_INFIMUM,MISSING_FINITE_PROPOSAL_ZERO_COST,,132046.72432750853,ATTAINED_IDEAL_REAL_PROPOSAL,CONDITIONAL_ANALYTIC_PASS,920818,14158896.566723792,ATTAINED_IDEAL_REAL_PROPOSAL,CONDITIONAL_ANALYTIC_PASS,894295
"1/4/J2/O2=1e-3,P3=1e-3,A0=1e-6,A1=1e-3",1/4,J2,False,1.0631777511367275,2.2171156515100222e-05,0.0049778288434849,CONDITIONAL_ANALYTIC_PASS,847916,7629207.372241392,UNATTAINED_NET_COST_INFIMUM,MISSING_FINITE_PROPOSAL_ZERO_COST,,129433.48301138249,ATTAINED_IDEAL_REAL_PROPOSAL,CONDITIONAL_ANALYTIC_PASS,902652,19531958.295861952,ATTAINED_IDEAL_REAL_PROPOSAL,CONDITIONAL_ANALYTIC_PASS,876028
"1/4/J2/O2=1e-3,P3=1e-3,A0=1e-6,A1=1e-4",1/4,J2,False,1.0631777511367275,1.3018214138915067e-05,0.004986981785861085,CONDITIONAL_ANALYTIC_PASS,844811,7641577.887695526,UNATTAINED_NET_COST_INFIMUM,MISSING_FINITE_PROPOSAL_ZERO_COST,,128958.80310067747,ATTAINED_IDEAL_REAL_PROPOSAL,CONDITIONAL_ANALYTIC_PASS,899352,19547377.699721843,ATTAINED_IDEAL_REAL_PROPOSAL,CONDITIONAL_ANALYTIC_PASS,872007
"1/4/J2/O2=1e-3,P3=1e-3,A0=1e-6,A1=1e-6",1/4,J2,False,1.0631777511367275,1.1650720602775196e-05,0.0049883492793972245,CONDITIONAL_ANALYTIC_PASS,844349,7687138.9787629545,UNATTAINED_NET_COST_INFIMUM,MISSING_FINITE_PROPOSAL_ZERO_COST,,128888.10790766896,ATTAINED_IDEAL_REAL_PROPOSAL,CONDITIONAL_ANALYTIC_PASS,898860,19674499.026540615,ATTAINED_IDEAL_REAL_PROPOSAL,CONDITIONAL_ANALYTIC_PASS,871360
"1/4/J2/O2=1e-3,P3=1e-4,A0=1e-3,A1=1e-3",1/4,J2,False,1.0631777511367275,0.0004188908857207239,0.004581109114279276,CONDITIONAL_ANALYTIC_PASS,1000884,4785189.678735782,UNATTAINED_NET_COST_INFIMUM,MISSING_FINITE_PROPOSAL_ZERO_COST,,152821.79118286158,ATTAINED_IDEAL_REAL_PROPOSAL,CONDITIONAL_ANALYTIC_PASS,1065217,12481959.049244586,ATTAINED_IDEAL_REAL_PROPOSAL,CONDITIONAL_ANALYTIC_PASS,1033226
"1/4/J2/O2=1e-3,P3=1e-4,A0=1e-3,A1=1e-4",1/4,J2,False,1.0631777511367275,0.0004097379433445388,0.004590262056655461,CONDITIONAL_ANALYTIC_PASS,996902,4800854.610757666,UNATTAINED_NET_COST_INFIMUM,MISSING_FINITE_PROPOSAL_ZERO_COST,,152212.94817361582,ATTAINED_IDEAL_REAL_PROPOSAL,CONDITIONAL_ANALYTIC_PASS,1060985,12507852.080214208,ATTAINED_IDEAL_REAL_PROPOSAL,CONDITIONAL_ANALYTIC_PASS,1029833
"1/4/J2/O2=1e-3,P3=1e-4,A0=1e-3,A1=1e-6",1/4,J2,False,1.0631777511367275,0.00040837044980839894,0.004591629550191601,CONDITIONAL_ANALYTIC_PASS,996310,4840860.497633248,UNATTAINED_NET_COST_INFIMUM,MISSING_FINITE_PROPOSAL_ZERO_COST,,152122.2965979638,ATTAINED_IDEAL_REAL_PROPOSAL,CONDITIONAL_ANALYTIC_PASS,1060355,12620260.811306618,ATTAINED_IDEAL_REAL_PROPOSAL,CONDITIONAL_ANALYTIC_PASS,1031761
"1/4/J2/O2=1e-3,P3=1e-4,A0=1e-4,A1=1e-3",1/4,J2,False,1.0631777511367275,8.168943432069936e-05,0.004918310565679301,CONDITIONAL_ANALYTIC_PASS,868530,5658611.287231837,UNATTAINED_NET_COST_INFIMUM,MISSING_FINITE_PROPOSAL_ZERO_COST,,132585.0816302281,ATTAINED_IDEAL_REAL_PROPOSAL,CONDITIONAL_ANALYTIC_PASS,924560,14025437.709639154,ATTAINED_IDEAL_REAL_PROPOSAL,CONDITIONAL_ANALYTIC_PASS,896568
"1/4/J2/O2=1e-3,P3=1e-4,A0=1e-4,A1=1e-4",1/4,J2,False,1.0631777511367275,7.25364919445142e-05,0.004927463508055486,CONDITIONAL_ANALYTIC_PASS,865311,5672785.753997353,UNATTAINED_NET_COST_INFIMUM,MISSING_FINITE_PROPOSAL_ZERO_COST,,132092.97590099828,ATTAINED_IDEAL_REAL_PROPOSAL,CONDITIONAL_ANALYTIC_PASS,921139,14048051.963431904,ATTAINED_IDEAL_REAL_PROPOSAL,CONDITIONAL_ANALYTIC_PASS,893255
"1/4/J2/O2=1e-3,P3=1e-4,A0=1e-4,A1=1e-6",1/4,J2,False,1.0631777511367275,7.116899840837433e-05,0.004928831001591626,CONDITIONAL_ANALYTIC_PASS,864832,5713033.028800042,UNATTAINED_NET_COST_INFIMUM,MISSING_FINITE_PROPOSAL_ZERO_COST,,132019.6882463471,ATTAINED_IDEAL_REAL_PROPOSAL,CONDITIONAL_ANALYTIC_PASS,920630,14158559.182082998,ATTAINED_IDEAL_REAL_PROPOSAL,CONDITIONAL_ANALYTIC_PASS,894093
"1/4/J2/O2=1e-3,P3=1e-4,A0=1e-6,A1=1e-3",1/4,J2,False,1.0631777511367275,2.166655067462921e-05,0.004978333449325371,CONDITIONAL_ANALYTIC_PASS,847745,7628892.377060042,UNATTAINED_NET_COST_INFIMUM,MISSING_FINITE_PROPOSAL_ZERO_COST,,129407.24548347296,ATTAINED_IDEAL_REAL_PROPOSAL,CONDITIONAL_ANALYTIC_PASS,902469,19530977.659756526,ATTAINED_IDEAL_REAL_PROPOSAL,CONDITIONAL_ANALYTIC_PASS,875801
"1/4/J2/O2=1e-3,P3=1e-4,A0=1e-6,A1=1e-4",1/4,J2,False,1.0631777511367275,1.2513608298444053e-05,0.004987486391701556,CONDITIONAL_ANALYTIC_PASS,844641,7641261.963713176,UNATTAINED_NET_COST_INFIMUM,MISSING_FINITE_PROPOSAL_ZERO_COST,,128932.70976698764,ATTAINED_IDEAL_REAL_PROPOSAL,CONDITIONAL_ANALYTIC_PASS,899170,19546396.916624434,ATTAINED_IDEAL_REAL_PROPOSAL,CONDITIONAL_ANALYTIC_PASS,871781
"1/4/J2/O2=1e-3,P3=1e-4,A0=1e-6,A1=1e-6",1/4,J2,False,1.0631777511367275,1.1146114762304182e-05,0.004988853885237696,CONDITIONAL_ANALYTIC_PASS,844179,7686817.58611003,UNATTAINED_NET_COST_INFIMUM,MISSING_FINITE_PROPOSAL_ZERO_COST,,128862.03602649494,ATTAINED_IDEAL_REAL_PROPOSAL,CONDITIONAL_ANALYTIC_PASS,898679,19673502.450739484,ATTAINED_IDEAL_REAL_PROPOSAL,CONDITIONAL_ANALYTIC_PASS,871134
"1/4/J2/O2=1e-3,P3=1e-6,A0=1e-3,A1=1e-3",1/4,J2,False,1.0631777511367275,0.0004188610936726043,0.004581138906327395,CONDITIONAL_ANALYTIC_PASS,1000871,4786501.38156149,UNATTAINED_NET_COST_INFIMUM,MISSING_FINITE_PROPOSAL_ZERO_COST,,152819.80352894161,ATTAINED_IDEAL_REAL_PROPOSAL,CONDITIONAL_ANALYTIC_PASS,1065203,12485426.226793444,ATTAINED_IDEAL_REAL_PROPOSAL,CONDITIONAL_ANALYTIC_PASS,1033655
"1/4/J2/O2=1e-3,P3=1e-6,A0=1e-3,A1=1e-4",1/4,J2,False,1.0631777511367275,0.0004097081512964192,0.004590291848703581,CONDITIONAL_ANALYTIC_PASS,996889,4802165.736966702,UNATTAINED_NET_COST_INFIMUM,MISSING_FINITE_PROPOSAL_ZERO_COST,,152210.972386058,ATTAINED_IDEAL_REAL_PROPOSAL,CONDITIONAL_ANALYTIC_PASS,1060972,12511315.762585629,ATTAINED_IDEAL_REAL_PROPOSAL,CONDITIONAL_ANALYTIC_PASS,1030259
"1/4/J2/O2=1e-3,P3=1e-6,A0=1e-3,A1=1e-6",1/4,J2,False,1.0631777511367275,0.0004083406577602793,0.004591659342239721,CONDITIONAL_ANALYTIC_PASS,996297,4842176.422718706,UNATTAINED_NET_COST_INFIMUM,MISSING_FINITE_PROPOSAL_ZERO_COST,,152120.32257518035,ATTAINED_IDEAL_REAL_PROPOSAL,CONDITIONAL_ANALYTIC_PASS,1060342,12623738.254611779,ATTAINED_IDEAL_REAL_PROPOSAL,CONDITIONAL_ANALYTIC_PASS,1031789
"1/4/J2/O2=1e-3,P3=1e-6,A0=1e-4,A1=1e-3",1/4,J2,False,1.0631777511367275,8.165964227257974e-05,0.00491834035772742,CONDITIONAL_ANALYTIC_PASS,868519,5659934.365702719,UNATTAINED_NET_COST_INFIMUM,MISSING_FINITE_PROPOSAL_ZERO_COST,,132583.47540988488,ATTAINED_IDEAL_REAL_PROPOSAL,CONDITIONAL_ANALYTIC_PASS,924549,14028851.380200975,ATTAINED_IDEAL_REAL_PROPOSAL,CONDITIONAL_ANALYTIC_PASS,896893
"1/4/J2/O2=1e-3,P3=1e-6,A0=1e-4,A1=1e-4",1/4,J2,False,1.0631777511367275,7.250669989639458e-05,0.004927493300103606,CONDITIONAL_ANALYTIC_PASS,865301,5674107.941814856,UNATTAINED_NET_COST_INFIMUM,MISSING_FINITE_PROPOSAL_ZERO_COST,,132091.37861484973,ATTAINED_IDEAL_REAL_PROPOSAL,CONDITIONAL_ANALYTIC_PASS,921128,14051461.901502283,ATTAINED_IDEAL_REAL_PROPOSAL,CONDITIONAL_ANALYTIC_PASS,893578
"1/4/J2/O2=1e-3,P3=1e-6,A0=1e-4,A1=1e-6",1/4,J2,False,1.0631777511367275,7.113920636025471e-05,0.004928860793639745,CONDITIONAL_ANALYTIC_PASS,864821,5714359.286497852,UNATTAINED_NET_COST_INFIMUM,MISSING_FINITE_PROPOSAL_ZERO_COST,,132018.0922893165,ATTAINED_IDEAL_REAL_PROPOSAL,CONDITIONAL_ANALYTIC_PASS,920619,14161980.88580595,ATTAINED_IDEAL_REAL_PROPOSAL,CONDITIONAL_ANALYTIC_PASS,894090
"1/4/J2/O2=1e-3,P3=1e-6,A0=1e-6,A1=1e-3",1/4,J2,False,1.0631777511367275,2.1636758626509594e-05,0.00497836324137349,CONDITIONAL_ANALYTIC_PASS,847734,7630397.418919878,UNATTAINED_NET_COST_INFIMUM,MISSING_FINITE_PROPOSAL_ZERO_COST,,129405.69666304268,ATTAINED_IDEAL_REAL_PROPOSAL,CONDITIONAL_ANALYTIC_PASS,902459,19534921.71328542,ATTAINED_IDEAL_REAL_PROPOSAL,CONDITIONAL_ANALYTIC_PASS,875762
"1/4/J2/O2=1e-3,P3=1e-6,A0=1e-6,A1=1e-4",1/4,J2,False,1.0631777511367275,1.2483816250324437e-05,0.004987516183749675,CONDITIONAL_ANALYTIC_PASS,844631,7642765.3868588,UNATTAINED_NET_COST_INFIMUM,MISSING_FINITE_PROPOSAL_ZERO_COST,,128931.16945799222,ATTAINED_IDEAL_REAL_PROPOSAL,CONDITIONAL_ANALYTIC_PASS,899160,19550335.19327398,ATTAINED_IDEAL_REAL_PROPOSAL,CONDITIONAL_ANALYTIC_PASS,871741
"1/4/J2/O2=1e-3,P3=1e-6,A0=1e-6,A1=1e-6",1/4,J2,False,1.0631777511367275,1.1116322714184567e-05,0.0049888836772858155,CONDITIONAL_ANALYTIC_PASS,844168,7688324.798102551,UNATTAINED_NET_COST_INFIMUM,MISSING_FINITE_PROPOSAL_ZERO_COST,,128860.49698378977,ATTAINED_IDEAL_REAL_PROPOSAL,CONDITIONAL_ANALYTIC_PASS,898668,19677451.66741775,ATTAINED_IDEAL_REAL_PROPOSAL,CONDITIONAL_ANALYTIC_PASS,871093
"1/4/J2/O2=1e-4,P3=1e-3,A0=1e-3,A1=1e-3",1/4,J2,False,1.0631777511367275,0.0004097594826066733,0.004590240517393327,CONDITIONAL_ANALYTIC_PASS,996912,4779477.544163984,UNATTAINED_NET_COST_INFIMUM,MISSING_FINITE_PROPOSAL_ZERO_COST,,152214.376666206,ATTAINED_IDEAL_REAL_PROPOSAL,CONDITIONAL_ANALYTIC_PASS,1060995,12463635.549847828,ATTAINED_IDEAL_REAL_PROPOSAL,CONDITIONAL_ANALYTIC_PASS,1030179
"1/4/J2/O2=1e-4,P3=1e-3,A0=1e-3,A1=1e-4",1/4,J2,False,1.0631777511367275,0.00040060654023048813,0.004599393459769512,CONDITIONAL_ANALYTIC_PASS,992954,4795113.406666954,UNATTAINED_NET_COST_INFIMUM,MISSING_FINITE_PROPOSAL_ZERO_COST,,151609.1563628641,ATTAINED_IDEAL_REAL_PROPOSAL,CONDITIONAL_ANALYTIC_PASS,1056789,12489494.671387002,ATTAINED_IDEAL_REAL_PROPOSAL,CONDITIONAL_ANALYTIC_PASS,1026797
"1/4/J2/O2=1e-4,P3=1e-3,A0=1e-3,A1=1e-6",1/4,J2,False,1.0631777511367275,0.0003992390466943483,0.004600760953305652,CONDITIONAL_ANALYTIC_PASS,992364,4835017.60905967,UNATTAINED_NET_COST_INFIMUM,MISSING_FINITE_PROPOSAL_ZERO_COST,,151519.04356122014,ATTAINED_IDEAL_REAL_PROPOSAL,CONDITIONAL_ANALYTIC_PASS,1056163,12601603.107199628,ATTAINED_IDEAL_REAL_PROPOSAL,CONDITIONAL_ANALYTIC_PASS,1028260
"1/4/J2/O2=1e-4,P3=1e-3,A0=1e-4,A1=1e-3",1/4,J2,False,1.0631777511367275,7.255803120664872e-05,0.004927441968793351,CONDITIONAL_ANALYTIC_PASS,865319,5651139.1018676385,UNATTAINED_NET_COST_INFIMUM,MISSING_FINITE_PROPOSAL_ZERO_COST,,132094.1307360915,ATTAINED_IDEAL_REAL_PROPOSAL,CONDITIONAL_ANALYTIC_PASS,921147,14004401.087023243,ATTAINED_IDEAL_REAL_PROPOSAL,CONDITIONAL_ANALYTIC_PASS,893901
"1/4/J2/O2=1e-4,P3=1e-3,A0=1e-4,A1=1e-4",1/4,J2,False,1.0631777511367275,6.340508883046357e-05,0.004936594911169536,CONDITIONAL_ANALYTIC_PASS,862118,5665291.861546425,UNATTAINED_NET_COST_INFIMUM,MISSING_FINITE_PROPOSAL_ZERO_COST,,131604.7532851929,ATTAINED_IDEAL_REAL_PROPOSAL,CONDITIONAL_ANALYTIC_PASS,917745,14026995.58674413,ATTAINED_IDEAL_REAL_PROPOSAL,CONDITIONAL_ANALYTIC_PASS,890598
"1/4/J2/O2=1e-4,P3=1e-3,A0=1e-4,A1=1e-6",1/4,J2,False,1.0631777511367275,6.203759529432368e-05,0.004937962404705677,CONDITIONAL_ANALYTIC_PASS,861641,5705440.164230857,UNATTAINED_NET_COST_INFIMUM,MISSING_FINITE_PROPOSAL_ZERO_COST,,131531.8715113333,ATTAINED_IDEAL_REAL_PROPOSAL,CONDITIONAL_ANALYTIC_PASS,917239,14137221.370527707,ATTAINED_IDEAL_REAL_PROPOSAL,CONDITIONAL_ANALYTIC_PASS,891059
"1/4/J2/O2=1e-4,P3=1e-3,A0=1e-6,A1=1e-3",1/4,J2,False,1.0631777511367275,1.2535147560578568e-05,0.004987464852439422,CONDITIONAL_ANALYTIC_PASS,844648,7616446.696757318,UNATTAINED_NET_COST_INFIMUM,MISSING_FINITE_PROPOSAL_ZERO_COST,,128933.82340748928,ATTAINED_IDEAL_REAL_PROPOSAL,CONDITIONAL_ANALYTIC_PASS,899178,19495546.36646565,ATTAINED_IDEAL_REAL_PROPOSAL,CONDITIONAL_ANALYTIC_PASS,872542
"1/4/J2/O2=1e-4,P3=1e-3,A0=1e-6,A1=1e-4",1/4,J2,False,1.0631777511367275,3.382205184393412e-06,0.004996617794815607,CONDITIONAL_ANALYTIC_PASS,841561,7628806.404758594,UNATTAINED_NET_COST_INFIMUM,MISSING_FINITE_PROPOSAL_ZERO_COST,,128461.8869846199,ATTAINED_IDEAL_REAL_PROPOSAL,CONDITIONAL_ANALYTIC_PASS,895897,19510988.37490838,ATTAINED_IDEAL_REAL_PROPOSAL,CONDITIONAL_ANALYTIC_PASS,868538
"1/4/J2/O2=1e-4,P3=1e-3,A0=1e-6,A1=1e-6",1/4,J2,False,1.0631777511367275,2.01471164825354e-06,0.004997985288351746,CONDITIONAL_ANALYTIC_PASS,841101,7674245.068586251,UNATTAINED_NET_COST_INFIMUM,MISSING_FINITE_PROPOSAL_ZERO_COST,,128391.59995598496,ATTAINED_IDEAL_REAL_PROPOSAL,CONDITIONAL_ANALYTIC_PASS,895409,19637756.2424875,ATTAINED_IDEAL_REAL_PROPOSAL,CONDITIONAL_ANALYTIC_PASS,867885
"1/4/J2/O2=1e-4,P3=1e-4,A0=1e-3,A1=1e-3",1/4,J2,False,1.0631777511367275,0.0004092548767662023,0.0045907451232337975,CONDITIONAL_ANALYTIC_PASS,996693,4779483.954660997,UNATTAINED_NET_COST_INFIMUM,MISSING_FINITE_PROPOSAL_ZERO_COST,,152180.91628445982,ATTAINED_IDEAL_REAL_PROPOSAL,CONDITIONAL_ANALYTIC_PASS,1060763,12463476.094237497,ATTAINED_IDEAL_REAL_PROPOSAL,CONDITIONAL_ANALYTIC_PASS,1029958
"1/4/J2/O2=1e-4,P3=1e-4,A0=1e-3,A1=1e-4",1/4,J2,False,1.0631777511367275,0.0004001019343900171,0.0045998980656099826,CONDITIONAL_ANALYTIC_PASS,992736,4795118.098219151,UNATTAINED_NET_COST_INFIMUM,MISSING_FINITE_PROPOSAL_ZERO_COST,,151575.89533467565,ATTAINED_IDEAL_REAL_PROPOSAL,CONDITIONAL_ANALYTIC_PASS,1056558,12489332.529879853,ATTAINED_IDEAL_REAL_PROPOSAL,CONDITIONAL_ANALYTIC_PASS,1026577
"1/4/J2/O2=1e-4,P3=1e-4,A0=1e-3,A1=1e-6",1/4,J2,False,1.0631777511367275,0.00039873444085387726,0.004601265559146123,CONDITIONAL_ANALYTIC_PASS,992147,4835017.9334604,UNATTAINED_NET_COST_INFIMUM,MISSING_FINITE_PROPOSAL_ZERO_COST,,151485.8121813209,ATTAINED_IDEAL_REAL_PROPOSAL,CONDITIONAL_ANALYTIC_PASS,1055932,12601427.966059288,ATTAINED_IDEAL_REAL_PROPOSAL,CONDITIONAL_ANALYTIC_PASS,1028039
"1/4/J2/O2=1e-4,P3=1e-4,A0=1e-4,A1=1e-3",1/4,J2,False,1.0631777511367275,7.20534253661777e-05,0.004927946574633822,CONDITIONAL_ANALYTIC_PASS,865142,5651052.604519704,UNATTAINED_NET_COST_INFIMUM,MISSING_FINITE_PROPOSAL_ZERO_COST,,132067.08009493726,ATTAINED_IDEAL_REAL_PROPOSAL,CONDITIONAL_ANALYTIC_PASS,920959,14004081.264179824,ATTAINED_IDEAL_REAL_PROPOSAL,CONDITIONAL_ANALYTIC_PASS,893700
"1/4/J2/O2=1e-4,P3=1e-4,A0=1e-4,A1=1e-4",1/4,J2,True,1.0631777511367275,6.290048298999255e-05,0.004937099517010007,CONDITIONAL_ANALYTIC_PASS,861942,5665203.969108231,UNATTAINED_NET_COST_INFIMUM,MISSING_FINITE_PROPOSAL_ZERO_COST,,131577.8528213856,ATTAINED_IDEAL_REAL_PROPOSAL,CONDITIONAL_ANALYTIC_PASS,917558,14026673.789183198,ATTAINED_IDEAL_REAL_PROPOSAL,CONDITIONAL_ANALYTIC_PASS,890398
"1/4/J2/O2=1e-4,P3=1e-4,A0=1e-4,A1=1e-6",1/4,J2,False,1.0631777511367275,6.153298945385268e-05,0.0049384670105461475,CONDITIONAL_ANALYTIC_PASS,861465,5705347.875822202,UNATTAINED_NET_COST_INFIMUM,MISSING_FINITE_PROPOSAL_ZERO_COST,,131504.99338921832,ATTAINED_IDEAL_REAL_PROPOSAL,CONDITIONAL_ANALYTIC_PASS,917052,14136887.115899967,ATTAINED_IDEAL_REAL_PROPOSAL,CONDITIONAL_ANALYTIC_PASS,890857
"1/4/J2/O2=1e-4,P3=1e-4,A0=1e-6,A1=1e-3",1/4,J2,False,1.0631777511367275,1.2030541720107554e-05,0.004987969458279892,CONDITIONAL_ANALYTIC_PASS,844477,7616133.863490341,UNATTAINED_NET_COST_INFIMUM,MISSING_FINITE_PROPOSAL_ZERO_COST,,128907.7376545802,ATTAINED_IDEAL_REAL_PROPOSAL,CONDITIONAL_ANALYTIC_PASS,898997,19494572.21929892,ATTAINED_IDEAL_REAL_PROPOSAL,CONDITIONAL_ANALYTIC_PASS,872317
"1/4/J2/O2=1e-4,P3=1e-4,A0=1e-6,A1=1e-4",1/4,J2,False,1.0631777511367275,2.8775993439223977e-06,0.0049971224006560774,CONDITIONAL_ANALYTIC_PASS,841392,7628492.642667218,UNATTAINED_NET_COST_INFIMUM,MISSING_FINITE_PROPOSAL_ZERO_COST,,128435.94431586674,ATTAINED_IDEAL_REAL_PROPOSAL,CONDITIONAL_ANALYTIC_PASS,895717,19510014.067393597,ATTAINED_IDEAL_REAL_PROPOSAL,CONDITIONAL_ANALYTIC_PASS,868313
"1/4/J2/O2=1e-4,P3=1e-4,A0=1e-6,A1=1e-6",1/4,J2,False,1.0631777511367275,1.5101058077825263e-06,0.004998489894192218,CONDITIONAL_ANALYTIC_PASS,840932,7673925.86572842,UNATTAINED_NET_COST_INFIMUM,MISSING_FINITE_PROPOSAL_ZERO_COST,,128365.67857477127,ATTAINED_IDEAL_REAL_PROPOSAL,CONDITIONAL_ANALYTIC_PASS,895229,19636766.22448408,ATTAINED_IDEAL_REAL_PROPOSAL,CONDITIONAL_ANALYTIC_PASS,867660
"1/4/J2/O2=1e-4,P3=1e-6,A0=1e-3,A1=1e-3",1/4,J2,False,1.0631777511367275,0.0004092250847180827,0.004590774915281918,CONDITIONAL_ANALYTIC_PASS,996680,4780792.160507289,UNATTAINED_NET_COST_INFIMUM,MISSING_FINITE_PROPOSAL_ZERO_COST,,152178.94112054812,ATTAINED_IDEAL_REAL_PROPOSAL,CONDITIONAL_ANALYTIC_PASS,1060749,12466933.551180175,ATTAINED_IDEAL_REAL_PROPOSAL,CONDITIONAL_ANALYTIC_PASS,1029988
"1/4/J2/O2=1e-4,P3=1e-6,A0=1e-3,A1=1e-4",1/4,J2,False,1.0631777511367275,0.0004000721423418975,0.004599927857658103,CONDITIONAL_ANALYTIC_PASS,992723,4796425.732950542,UNATTAINED_NET_COST_INFIMUM,MISSING_FINITE_PROPOSAL_ZERO_COST,,151573.93193790776,ATTAINED_IDEAL_REAL_PROPOSAL,CONDITIONAL_ANALYTIC_PASS,1056544,12492786.516262485,ATTAINED_IDEAL_REAL_PROPOSAL,CONDITIONAL_ANALYTIC_PASS,1026606
"1/4/J2/O2=1e-4,P3=1e-6,A0=1e-3,A1=1e-6",1/4,J2,False,1.0631777511367275,0.00039870464880575765,0.004601295351194242,CONDITIONAL_ANALYTIC_PASS,992134,4836330.347743116,UNATTAINED_NET_COST_INFIMUM,MISSING_FINITE_PROPOSAL_ZERO_COST,,151483.8505345884,ATTAINED_IDEAL_REAL_PROPOSAL,CONDITIONAL_ANALYTIC_PASS,1055918,12604895.658330608,ATTAINED_IDEAL_REAL_PROPOSAL,CONDITIONAL_ANALYTIC_PASS,1028067
"1/4/J2/O2=1e-4,P3=1e-6,A0=1e-4,A1=1e-3",1/4,J2,False,1.0631777511367275,7.202363331805808e-05,0.004927976366681942,CONDITIONAL_ANALYTIC_PASS,865131,5652372.259231145,UNATTAINED_NET_COST_INFIMUM,MISSING_FINITE_PROPOSAL_ZERO_COST,,132065.48327846767,ATTAINED_IDEAL_REAL_PROPOSAL,CONDITIONAL_ANALYTIC_PASS,920948,14007485.793694109,ATTAINED_IDEAL_REAL_PROPOSAL,CONDITIONAL_ANALYTIC_PASS,893698
"1/4/J2/O2=1e-4,P3=1e-6,A0=1e-4,A1=1e-4",1/4,J2,False,1.0631777511367275,6.287069094187293e-05,0.004937129309058127,CONDITIONAL_ANALYTIC_PASS,861932,5666522.739861764,UNATTAINED_NET_COST_INFIMUM,MISSING_FINITE_PROPOSAL_ZERO_COST,,131576.2648695009,ATTAINED_IDEAL_REAL_PROPOSAL,CONDITIONAL_ANALYTIC_PASS,917547,14030074.610127078,ATTAINED_IDEAL_REAL_PROPOSAL,CONDITIONAL_ANALYTIC_PASS,890395
"1/4/J2/O2=1e-4,P3=1e-6,A0=1e-4,A1=1e-6",1/4,J2,False,1.0631777511367275,6.150319740573306e-05,0.004938496802594267,CONDITIONAL_ANALYTIC_PASS,861455,5706670.7013775995,UNATTAINED_NET_COST_INFIMUM,MISSING_FINITE_PROPOSAL_ZERO_COST,,131503.40675610694,ATTAINED_IDEAL_REAL_PROPOSAL,CONDITIONAL_ANALYTIC_PASS,917041,14140299.659006314,ATTAINED_IDEAL_REAL_PROPOSAL,CONDITIONAL_ANALYTIC_PASS,890854
"1/4/J2/O2=1e-4,P3=1e-6,A0=1e-6,A1=1e-3",1/4,J2,False,1.0631777511367275,1.2000749671987936e-05,0.004987999250328012,CONDITIONAL_ANALYTIC_PASS,844467,7617634.817344383,UNATTAINED_NET_COST_INFIMUM,MISSING_FINITE_PROPOSAL_ZERO_COST,,128906.19779305997,ATTAINED_IDEAL_REAL_PROPOSAL,CONDITIONAL_ANALYTIC_PASS,898986,19498505.200278204,ATTAINED_IDEAL_REAL_PROPOSAL,CONDITIONAL_ANALYTIC_PASS,872277
"1/4/J2/O2=1e-4,P3=1e-6,A0=1e-6,A1=1e-4",1/4,J2,False,1.0631777511367275,2.8478072958027822e-06,0.004997152192704198,CONDITIONAL_ANALYTIC_PASS,841382,7629991.988497169,UNATTAINED_NET_COST_INFIMUM,MISSING_FINITE_PROPOSAL_ZERO_COST,,128434.41290026052,ATTAINED_IDEAL_REAL_PROPOSAL,CONDITIONAL_ANALYTIC_PASS,895706,19513941.30658659,ATTAINED_IDEAL_REAL_PROPOSAL,CONDITIONAL_ANALYTIC_PASS,868273
"1/4/J2/O2=1e-4,P3=1e-6,A0=1e-6,A1=1e-6",1/4,J2,False,1.0631777511367275,1.4803137596629105e-06,0.004998519686240337,CONDITIONAL_ANALYTIC_PASS,840922,7675428.986909931,UNATTAINED_NET_COST_INFIMUM,MISSING_FINITE_PROPOSAL_ZERO_COST,,128364.14841571763,ATTAINED_IDEAL_REAL_PROPOSAL,CONDITIONAL_ANALYTIC_PASS,895218,19640704.364861175,ATTAINED_IDEAL_REAL_PROPOSAL,CONDITIONAL_ANALYTIC_PASS,867619
"1/4/J2/O2=1e-6,P3=1e-3,A0=1e-3,A1=1e-3",1/4,J2,False,1.0631777511367275,0.00040901831764257585,0.004590981682357424,CONDITIONAL_ANALYTIC_PASS,996590,4801983.0950612435,UNATTAINED_NET_COST_INFIMUM,MISSING_FINITE_PROPOSAL_ZERO_COST,,152165.23386218035,ATTAINED_IDEAL_REAL_PROPOSAL,CONDITIONAL_ANALYTIC_PASS,1060654,12524876.168890277,ATTAINED_IDEAL_REAL_PROPOSAL,CONDITIONAL_ANALYTIC_PASS,1032106
"1/4/J2/O2=1e-6,P3=1e-3,A0=1e-3,A1=1e-4",1/4,J2,False,1.0631777511367275,0.00039986537526639067,0.004600134624733609,CONDITIONAL_ANALYTIC_PASS,992634,4817608.264960617,UNATTAINED_NET_COST_INFIMUM,MISSING_FINITE_PROPOSAL_ZERO_COST,,151560.30633916365,ATTAINED_IDEAL_REAL_PROPOSAL,CONDITIONAL_ANALYTIC_PASS,1056450,12550672.404549552,ATTAINED_IDEAL_REAL_PROPOSAL,CONDITIONAL_ANALYTIC_PASS,1028707
"1/4/J2/O2=1e-6,P3=1e-3,A0=1e-3,A1=1e-6",1/4,J2,False,1.0631777511367275,0.0003984978817302508,0.004601502118269749,CONDITIONAL_ANALYTIC_PASS,992045,4857592.587152208,UNATTAINED_NET_COST_INFIMUM,MISSING_FINITE_PROPOSAL_ZERO_COST,,151470.23708044356,ATTAINED_IDEAL_REAL_PROPOSAL,CONDITIONAL_ANALYTIC_PASS,1055824,12663018.038349187,ATTAINED_IDEAL_REAL_PROPOSAL,CONDITIONAL_ANALYTIC_PASS,1030151
"1/4/J2/O2=1e-6,P3=1e-3,A0=1e-4,A1=1e-3",1/4,J2,False,1.0631777511367275,7.181686624255126e-05,0.004928183133757449,CONDITIONAL_ANALYTIC_PASS,865059,5673795.856328635,UNATTAINED_NET_COST_INFIMUM,MISSING_FINITE_PROPOSAL_ZERO_COST,,132054.4016201083,ATTAINED_IDEAL_REAL_PROPOSAL,CONDITIONAL_ANALYTIC_PASS,920871,14064627.05457419,ATTAINED_IDEAL_REAL_PROPOSAL,CONDITIONAL_ANALYTIC_PASS,895095
"1/4/J2/O2=1e-6,P3=1e-3,A0=1e-4,A1=1e-4",1/4,J2,False,1.0631777511367275,6.26639238663661e-05,0.004937336076133634,CONDITIONAL_ANALYTIC_PASS,861860,5687932.714646028,UNATTAINED_NET_COST_INFIMUM,MISSING_FINITE_PROPOSAL_ZERO_COST,,131565.2447285135,ATTAINED_IDEAL_REAL_PROPOSAL,CONDITIONAL_ANALYTIC_PASS,917471,14087154.808361096,ATTAINED_IDEAL_REAL_PROPOSAL,CONDITIONAL_ANALYTIC_PASS,891778
"1/4/J2/O2=1e-6,P3=1e-3,A0=1e-4,A1=1e-6",1/4,J2,False,1.0631777511367275,6.129643033022622e-05,0.004938703569669774,CONDITIONAL_ANALYTIC_PASS,861383,5728148.675166283,UNATTAINED_NET_COST_INFIMUM,MISSING_FINITE_PROPOSAL_ZERO_COST,,131492.39576698354,ATTAINED_IDEAL_REAL_PROPOSAL,CONDITIONAL_ANALYTIC_PASS,916964,14197582.895973176,ATTAINED_IDEAL_REAL_PROPOSAL,CONDITIONAL_ANALYTIC_PASS,892224
"1/4/J2/O2=1e-6,P3=1e-3,A0=1e-6,A1=1e-3",1/4,J2,False,1.0631777511367275,1.1793982596481105e-05,0.004988206017403519,CONDITIONAL_ANALYTIC_PASS,844397,7642115.06650591,UNATTAINED_NET_COST_INFIMUM,MISSING_FINITE_PROPOSAL_ZERO_COST,,128895.51138394672,ATTAINED_IDEAL_REAL_PROPOSAL,CONDITIONAL_ANALYTIC_PASS,898912,19564853.291257214,ATTAINED_IDEAL_REAL_PROPOSAL,CONDITIONAL_ANALYTIC_PASS,873004
"1/4/J2/O2=1e-6,P3=1e-3,A0=1e-6,A1=1e-4",1/4,J2,False,1.0631777511367275,2.64104022029595e-06,0.004997358959779704,CONDITIONAL_ANALYTIC_PASS,841312,7654446.647897745,UNATTAINED_NET_COST_INFIMUM,MISSING_FINITE_PROPOSAL_ZERO_COST,,128423.78510314506,ATTAINED_IDEAL_REAL_PROPOSAL,CONDITIONAL_ANALYTIC_PASS,895633,19580193.32131668,ATTAINED_IDEAL_REAL_PROPOSAL,CONDITIONAL_ANALYTIC_PASS,868989
"1/4/J2/O2=1e-6,P3=1e-3,A0=1e-6,A1=1e-6",1/4,J2,False,1.0631777511367275,1.2735466841560782e-06,0.004998726453315844,CONDITIONAL_ANALYTIC_PASS,840852,7699947.693953819,UNATTAINED_NET_COST_INFIMUM,MISSING_FINITE_PROPOSAL_ZERO_COST,,128353.52933868452,ATTAINED_IDEAL_REAL_PROPOSAL,CONDITIONAL_ANALYTIC_PASS,895144,19707147.57728077,ATTAINED_IDEAL_REAL_PROPOSAL,CONDITIONAL_ANALYTIC_PASS,868322
"1/4/J2/O2=1e-6,P3=1e-4,A0=1e-3,A1=1e-3",1/4,J2,False,1.0631777511367275,0.00040851371180210483,0.004591486288197895,CONDITIONAL_ANALYTIC_PASS,996372,4801987.043322611,UNATTAINED_NET_COST_INFIMUM,MISSING_FINITE_PROPOSAL_ZERO_COST,,152131.78968239183,ATTAINED_IDEAL_REAL_PROPOSAL,CONDITIONAL_ANALYTIC_PASS,1060421,12524709.609247983,ATTAINED_IDEAL_REAL_PROPOSAL,CONDITIONAL_ANALYTIC_PASS,1031885
"1/4/J2/O2=1e-6,P3=1e-4,A0=1e-3,A1=1e-4",1/4,J2,False,1.0631777511367275,0.00039936076942591965,0.00460063923057408,CONDITIONAL_ANALYTIC_PASS,992417,4817610.496585274,UNATTAINED_NET_COST_INFIMUM,MISSING_FINITE_PROPOSAL_ZERO_COST,,151527.061384365,ATTAINED_IDEAL_REAL_PROPOSAL,CONDITIONAL_ANALYTIC_PASS,1056219,12550503.174370216,ATTAINED_IDEAL_REAL_PROPOSAL,CONDITIONAL_ANALYTIC_PASS,1028486
"1/4/J2/O2=1e-6,P3=1e-4,A0=1e-3,A1=1e-6",1/4,J2,False,1.0631777511367275,0.0003979932758897798,0.00460200672411022,CONDITIONAL_ANALYTIC_PASS,991828,4857590.434048851,UNATTAINED_NET_COST_INFIMUM,MISSING_FINITE_PROPOSAL_ZERO_COST,,151437.02175483512,ATTAINED_IDEAL_REAL_PROPOSAL,CONDITIONAL_ANALYTIC_PASS,1055593,12662835.756990908,ATTAINED_IDEAL_REAL_PROPOSAL,CONDITIONAL_ANALYTIC_PASS,1029930
"1/4/J2/O2=1e-6,P3=1e-4,A0=1e-4,A1=1e-3",1/4,J2,False,1.0631777511367275,7.131226040208024e-05,0.0049286877395979195,CONDITIONAL_ANALYTIC_PASS,864882,5673706.876860486,UNATTAINED_NET_COST_INFIMUM,MISSING_FINITE_PROPOSAL_ZERO_COST,,132027.36318118716,ATTAINED_IDEAL_REAL_PROPOSAL,CONDITIONAL_ANALYTIC_PASS,920683,14064300.420400808,ATTAINED_IDEAL_REAL_PROPOSAL,CONDITIONAL_ANALYTIC_PASS,894893
"1/4/J2/O2=1e-6,P3=1e-4,A0=1e-4,A1=1e-4",1/4,J2,False,1.0631777511367275,6.215931802589509e-05,0.0049378406819741046,CONDITIONAL_ANALYTIC_PASS,861684,5687842.343979963,UNATTAINED_NET_COST_INFIMUM,MISSING_FINITE_PROPOSAL_ZERO_COST,,131538.3563767053,ATTAINED_IDEAL_REAL_PROPOSAL,CONDITIONAL_ANALYTIC_PASS,917284,14086826.215600148,ATTAINED_IDEAL_REAL_PROPOSAL,CONDITIONAL_ANALYTIC_PASS,891577
"1/4/J2/O2=1e-6,P3=1e-4,A0=1e-4,A1=1e-6",1/4,J2,False,1.0631777511367275,6.079182448975522e-05,0.004939208175510245,CONDITIONAL_ANALYTIC_PASS,861207,5728053.894892956,UNATTAINED_NET_COST_INFIMUM,MISSING_FINITE_PROPOSAL_ZERO_COST,,131465.52974345803,ATTAINED_IDEAL_REAL_PROPOSAL,CONDITIONAL_ANALYTIC_PASS,916778,14197241.805555807,ATTAINED_IDEAL_REAL_PROPOSAL,CONDITIONAL_ANALYTIC_PASS,892022
"1/4/J2/O2=1e-6,P3=1e-4,A0=1e-6,A1=1e-3",1/4,J2,False,1.0631777511367275,1.128937675601009e-05,0.00498871062324399,CONDITIONAL_ANALYTIC_PASS,844227,7641799.154613976,UNATTAINED_NET_COST_INFIMUM,MISSING_FINITE_PROPOSAL_ZERO_COST,,128869.43725645727,ATTAINED_IDEAL_REAL_PROPOSAL,CONDITIONAL_ANALYTIC_PASS,898731,19563870.54262662,ATTAINED_IDEAL_REAL_PROPOSAL,CONDITIONAL_ANALYTIC_PASS,872778
"1/4/J2/O2=1e-6,P3=1e-4,A0=1e-6,A1=1e-4",1/4,J2,False,1.0631777511367275,2.136434379824936e-06,0.004997863565620175,CONDITIONAL_ANALYTIC_PASS,841142,7654129.814709523,UNATTAINED_NET_COST_INFIMUM,MISSING_FINITE_PROPOSAL_ZERO_COST,,128397.85397487284,ATTAINED_IDEAL_REAL_PROPOSAL,CONDITIONAL_ANALYTIC_PASS,895452,19579210.438889578,ATTAINED_IDEAL_REAL_PROPOSAL,CONDITIONAL_ANALYTIC_PASS,868764
"1/4/J2/O2=1e-6,P3=1e-4,A0=1e-6,A1=1e-6",1/4,J2,False,1.0631777511367275,7.68940843685064e-07,0.004999231059156315,CONDITIONAL_ANALYTIC_PASS,840683,7699625.407949158,UNATTAINED_NET_COST_INFIMUM,MISSING_FINITE_PROPOSAL_ZERO_COST,,128327.61948532819,ATTAINED_IDEAL_REAL_PROPOSAL,CONDITIONAL_ANALYTIC_PASS,894964,19706148.94855207,ATTAINED_IDEAL_REAL_PROPOSAL,CONDITIONAL_ANALYTIC_PASS,868096
"1/4/J2/O2=1e-6,P3=1e-6,A0=1e-3,A1=1e-3",1/4,J2,False,1.0631777511367275,0.0004084839197539852,0.004591516080246015,CONDITIONAL_ANALYTIC_PASS,996359,4803297.967148517,UNATTAINED_NET_COST_INFIMUM,MISSING_FINITE_PROPOSAL_ZERO_COST,,152129.81547482483,ATTAINED_IDEAL_REAL_PROPOSAL,CONDITIONAL_ANALYTIC_PASS,1060408,12528174.591134472,ATTAINED_IDEAL_REAL_PROPOSAL,CONDITIONAL_ANALYTIC_PASS,1031914
"1/4/J2/O2=1e-6,P3=1e-6,A0=1e-3,A1=1e-4",1/4,J2,False,1.0631777511367275,0.00039933097737780004,0.0046006690226222,CONDITIONAL_ANALYTIC_PASS,992404,4818920.837363743,UNATTAINED_NET_COST_INFIMUM,MISSING_FINITE_PROPOSAL_ZERO_COST,,151525.09893635334,ATTAINED_IDEAL_REAL_PROPOSAL,CONDITIONAL_ANALYTIC_PASS,1056205,12553964.65386939,ATTAINED_IDEAL_REAL_PROPOSAL,CONDITIONAL_ANALYTIC_PASS,1028514
"1/4/J2/O2=1e-6,P3=1e-6,A0=1e-3,A1=1e-6",1/4,J2,False,1.0631777511367275,0.0003979634838416602,0.0046020365161583395,CONDITIONAL_ANALYTIC_PASS,991815,4858905.5498993,UNATTAINED_NET_COST_INFIMUM,MISSING_FINITE_PROPOSAL_ZERO_COST,,151435.06105573158,ATTAINED_IDEAL_REAL_PROPOSAL,CONDITIONAL_ANALYTIC_PASS,1055579,12666310.92964185,ATTAINED_IDEAL_REAL_PROPOSAL,CONDITIONAL_ANALYTIC_PASS,1029957
"1/4/J2/O2=1e-6,P3=1e-6,A0=1e-4,A1=1e-3",1/4,J2,False,1.0631777511367275,7.128246835396062e-05,0.00492871753164604,CONDITIONAL_ANALYTIC_PASS,864872,5675028.83798368,UNATTAINED_NET_COST_INFIMUM,MISSING_FINITE_PROPOSAL_ZERO_COST,,132025.76708498405,ATTAINED_IDEAL_REAL_PROPOSAL,CONDITIONAL_ANALYTIC_PASS,920672,14067711.384024827,ATTAINED_IDEAL_REAL_PROPOSAL,CONDITIONAL_ANALYTIC_PASS,894891
"1/4/J2/O2=1e-6,P3=1e-6,A0=1e-4,A1=1e-4",1/4,J2,False,1.0631777511367275,6.212952597777547e-05,0.004937870474022225,CONDITIONAL_ANALYTIC_PASS,861673,5689163.411793251,UNATTAINED_NET_COST_INFIMUM,MISSING_FINITE_PROPOSAL_ZERO_COST,,131536.76913976113,ATTAINED_IDEAL_REAL_PROPOSAL,CONDITIONAL_ANALYTIC_PASS,917273,14090233.445459183,ATTAINED_IDEAL_REAL_PROPOSAL,CONDITIONAL_ANALYTIC_PASS,891574
"1/4/J2/O2=1e-6,P3=1e-6,A0=1e-4,A1=1e-6",1/4,J2,False,1.0631777511367275,6.07620324416356e-05,0.004939237967558364,CONDITIONAL_ANALYTIC_PASS,861197,5729379.01394566,UNATTAINED_NET_COST_INFIMUM,MISSING_FINITE_PROPOSAL_ZERO_COST,,131463.94382449565,ATTAINED_IDEAL_REAL_PROPOSAL,CONDITIONAL_ANALYTIC_PASS,916766,14200660.747388337,ATTAINED_IDEAL_REAL_PROPOSAL,CONDITIONAL_ANALYTIC_PASS,892018
"1/4/J2/O2=1e-6,P3=1e-6,A0=1e-6,A1=1e-3",1/4,J2,False,1.0631777511367275,1.1259584707890475e-05,0.00498874041529211,CONDITIONAL_ANALYTIC_PASS,844217,7643302.258424465,UNATTAINED_NET_COST_INFIMUM,MISSING_FINITE_PROPOSAL_ZERO_COST,,128867.89808115752,ATTAINED_IDEAL_REAL_PROPOSAL,CONDITIONAL_ANALYTIC_PASS,898720,19567809.507804815,ATTAINED_IDEAL_REAL_PROPOSAL,CONDITIONAL_ANALYTIC_PASS,872738
"1/4/J2/O2=1e-6,P3=1e-6,A0=1e-6,A1=1e-4",1/4,J2,False,1.0631777511367275,2.10664233170532e-06,0.004997893357668295,CONDITIONAL_ANALYTIC_PASS,841132,7655631.302043092,UNATTAINED_NET_COST_INFIMUM,MISSING_FINITE_PROPOSAL_ZERO_COST,,128396.3232404736,ATTAINED_IDEAL_REAL_PROPOSAL,CONDITIONAL_ANALYTIC_PASS,895442,19583143.639624834,ATTAINED_IDEAL_REAL_PROPOSAL,CONDITIONAL_ANALYTIC_PASS,868723
"1/4/J2/O2=1e-6,P3=1e-6,A0=1e-6,A1=1e-6",1/4,J2,True,1.0631777511367275,7.391487955654485e-07,0.004999260851204434,CONDITIONAL_ANALYTIC_PASS,840673,7701130.6673147,UNATTAINED_NET_COST_INFIMUM,MISSING_FINITE_PROPOSAL_ZERO_COST,,128326.09000673647,ATTAINED_IDEAL_REAL_PROPOSAL,CONDITIONAL_ANALYTIC_PASS,894953,19710093.04098923,ATTAINED_IDEAL_REAL_PROPOSAL,CONDITIONAL_ANALYTIC_PASS,868055
"1/4/J3/O0=1e-3,P2=1e-3,A2=1e-3",1/4,J3,True,1.0623407052295313,0.0006284033928995715,0.004371596607100428,CONDITIONAL_ANALYTIC_PASS,1097248,5799933.512770335,UNATTAINED_NET_COST_INFIMUM,MISSING_FINITE_PROPOSAL_ZERO_COST,,163348.75187374142,UNATTAINED_NET_COST_INFIMUM,MISSING_FINITE_PROPOSAL_ZERO_COST,,14668277.46029723,ATTAINED_IDEAL_REAL_PROPOSAL,CONDITIONAL_ANALYTIC_PASS,1305481
"1/4/J3/O0=1e-3,P2=1e-3,A2=1e-4",1/4,J3,False,1.0623407052295313,0.0006228329961354777,0.004377167003864522,CONDITIONAL_ANALYTIC_PASS,1094461,5806586.13834586,UNATTAINED_NET_COST_INFIMUM,MISSING_FINITE_PROPOSAL_ZERO_COST,,162933.26012934183,UNATTAINED_NET_COST_INFIMUM,MISSING_FINITE_PROPOSAL_ZERO_COST,,14677279.975788793,ATTAINED_IDEAL_REAL_PROPOSAL,CONDITIONAL_ANALYTIC_PASS,1303633
"1/4/J3/O0=1e-3,P2=1e-3,A2=1e-6",1/4,J3,False,1.0623407052295313,0.0006220776443030694,0.0043779223556969305,CONDITIONAL_ANALYTIC_PASS,1094084,5831060.711957819,UNATTAINED_NET_COST_INFIMUM,MISSING_FINITE_PROPOSAL_ZERO_COST,,162877.0410786626,UNATTAINED_NET_COST_INFIMUM,MISSING_FINITE_PROPOSAL_ZERO_COST,,14744843.391493741,ATTAINED_IDEAL_REAL_PROPOSAL,CONDITIONAL_ANALYTIC_PASS,1305952
"1/4/J3/O0=1e-3,P2=1e-4,A2=1e-3",1/4,J3,False,1.0623407052295313,0.0006241290846038171,0.004375870915396183,CONDITIONAL_ANALYTIC_PASS,1095109,5799515.351516258,UNATTAINED_NET_COST_INFIMUM,MISSING_FINITE_PROPOSAL_ZERO_COST,,163029.79277288917,UNATTAINED_NET_COST_INFIMUM,MISSING_FINITE_PROPOSAL_ZERO_COST,,14665843.47664014,ATTAINED_IDEAL_REAL_PROPOSAL,CONDITIONAL_ANALYTIC_PASS,1303005
"1/4/J3/O0=1e-3,P2=1e-4,A2=1e-4",1/4,J3,False,1.0623407052295313,0.0006185586878397233,0.004381441312160277,CONDITIONAL_ANALYTIC_PASS,1092330,5806161.777683357,UNATTAINED_NET_COST_INFIMUM,MISSING_FINITE_PROPOSAL_ZERO_COST,,162615.51661222155,UNATTAINED_NET_COST_INFIMUM,MISSING_FINITE_PROPOSAL_ZERO_COST,,14674839.557584861,ATTAINED_IDEAL_REAL_PROPOSAL,CONDITIONAL_ANALYTIC_PASS,1301161
"1/4/J3/O0=1e-3,P2=1e-4,A2=1e-6",1/4,J3,False,1.0623407052295313,0.000617803336007315,0.004382196663992685,CONDITIONAL_ANALYTIC_PASS,1091954,5830611.634961863,UNATTAINED_NET_COST_INFIMUM,MISSING_FINITE_PROPOSAL_ZERO_COST,,162559.46192015614,UNATTAINED_NET_COST_INFIMUM,MISSING_FINITE_PROPOSAL_ZERO_COST,,14742331.814015826,ATTAINED_IDEAL_REAL_PROPOSAL,CONDITIONAL_ANALYTIC_PASS,1303471
"1/4/J3/O0=1e-3,P2=1e-6,A2=1e-3",1/4,J3,False,1.0623407052295313,0.0006238767284315097,0.00437612327156849,CONDITIONAL_ANALYTIC_PASS,1094982,5812996.980333708,UNATTAINED_NET_COST_INFIMUM,MISSING_FINITE_PROPOSAL_ZERO_COST,,163010.9905656954,UNATTAINED_NET_COST_INFIMUM,MISSING_FINITE_PROPOSAL_ZERO_COST,,14700946.414029974,ATTAINED_IDEAL_REAL_PROPOSAL,CONDITIONAL_ANALYTIC_PASS,1303329
"1/4/J3/O0=1e-3,P2=1e-6,A2=1e-4",1/4,J3,False,1.0623407052295313,0.000618306331667416,0.0043816936683325845,CONDITIONAL_ANALYTIC_PASS,1092204,5819633.582858654,UNATTAINED_NET_COST_INFIMUM,MISSING_FINITE_PROPOSAL_ZERO_COST,,162596.7860250526,UNATTAINED_NET_COST_INFIMUM,MISSING_FINITE_PROPOSAL_ZERO_COST,,14709908.067937715,ATTAINED_IDEAL_REAL_PROPOSAL,CONDITIONAL_ANALYTIC_PASS,1301481
"1/4/J3/O0=1e-3,P2=1e-6,A2=1e-6",1/4,J3,False,1.0623407052295313,0.0006175509798350076,0.004382449020164992,CONDITIONAL_ANALYTIC_PASS,1091828,5844108.019715519,UNATTAINED_NET_COST_INFIMUM,MISSING_FINITE_PROPOSAL_ZERO_COST,,162540.74101671795,UNATTAINED_NET_COST_INFIMUM,MISSING_FINITE_PROPOSAL_ZERO_COST,,14777470.869663864,ATTAINED_IDEAL_REAL_PROPOSAL,CONDITIONAL_ANALYTIC_PASS,1303785
"1/4/J3/O0=1e-4,P2=1e-3,A2=1e-3",1/4,J3,False,1.0623407052295313,9.133013829721493e-05,0.004908669861702785,CONDITIONAL_ANALYTIC_PASS,870569,5544462.378541574,UNATTAINED_NET_COST_INFIMUM,MISSING_FINITE_PROPOSAL_ZERO_COST,,129559.2223765861,UNATTAINED_NET_COST_INFIMUM,MISSING_FINITE_PROPOSAL_ZERO_COST,,14024670.966034824,ATTAINED_IDEAL_REAL_PROPOSAL,CONDITIONAL_ANALYTIC_PASS,1054121
"1/4/J3/O0=1e-4,P2=1e-3,A2=1e-4",1/4,J3,False,1.0623407052295313,8.575974153312118e-05,0.004914240258466879,CONDITIONAL_ANALYTIC_PASS,868600,5550542.298546683,UNATTAINED_NET_COST_INFIMUM,MISSING_FINITE_PROPOSAL_ZERO_COST,,129265.67252715093,UNATTAINED_NET_COST_INFIMUM,MISSING_FINITE_PROPOSAL_ZERO_COST,,14033233.174522916,ATTAINED_IDEAL_REAL_PROPOSAL,CONDITIONAL_ANALYTIC_PASS,1052703
"1/4/J3/O0=1e-4,P2=1e-3,A2=1e-6",1/4,J3,False,1.0623407052295313,8.500438970071282e-05,0.004914995610299287,CONDITIONAL_ANALYTIC_PASS,868333,5571893.4015218215,UNATTAINED_NET_COST_INFIMUM,MISSING_FINITE_PROPOSAL_ZERO_COST,,129225.94367794709,UNATTAINED_NET_COST_INFIMUM,MISSING_FINITE_PROPOSAL_ZERO_COST,,14092170.64186414,ATTAINED_IDEAL_REAL_PROPOSAL,CONDITIONAL_ANALYTIC_PASS,1054305
"1/4/J3/O0=1e-4,P2=1e-4,A2=1e-3",1/4,J3,False,1.0623407052295313,8.705583000146045e-05,0.004912944169998539,CONDITIONAL_ANALYTIC_PASS,869058,5544317.978639238,UNATTAINED_NET_COST_INFIMUM,MISSING_FINITE_PROPOSAL_ZERO_COST,,129333.88492327291,UNATTAINED_NET_COST_INFIMUM,MISSING_FINITE_PROPOSAL_ZERO_COST,,14023104.773953615,ATTAINED_IDEAL_REAL_PROPOSAL,CONDITIONAL_ANALYTIC_PASS,1052193
"1/4/J3/O0=1e-4,P2=1e-4,A2=1e-4",1/4,J3,True,1.0623407052295313,8.148543323736671e-05,0.004918514566762633,CONDITIONAL_ANALYTIC_PASS,867093,5550392.698144111,UNATTAINED_NET_COST_INFIMUM,MISSING_FINITE_PROPOSAL_ZERO_COST,,129041.10014793757,UNATTAINED_NET_COST_INFIMUM,MISSING_FINITE_PROPOSAL_ZERO_COST,,14031660.837188471,ATTAINED_IDEAL_REAL_PROPOSAL,CONDITIONAL_ANALYTIC_PASS,1050777
"1/4/J3/O0=1e-4,P2=1e-4,A2=1e-6",1/4,J3,False,1.0623407052295313,8.073008140495836e-05,0.004919269918595042,CONDITIONAL_ANALYTIC_PASS,866827,5571724.967359071,UNATTAINED_NET_COST_INFIMUM,MISSING_FINITE_PROPOSAL_ZERO_COST,,129001.47477680857,UNATTAINED_NET_COST_INFIMUM,MISSING_FINITE_PROPOSAL_ZERO_COST,,14090543.987071916,ATTAINED_IDEAL_REAL_PROPOSAL,CONDITIONAL_ANALYTIC_PASS,1052373
"1/4/J3/O0=1e-4,P2=1e-6,A2=1e-3",1/4,J3,False,1.0623407052295313,8.680347382915312e-05,0.004913196526170847,CONDITIONAL_ANALYTIC_PASS,868968,5556071.099786379,UNATTAINED_NET_COST_INFIMUM,MISSING_FINITE_PROPOSAL_ZERO_COST,,129320.59932975833,UNATTAINED_NET_COST_INFIMUM,MISSING_FINITE_PROPOSAL_ZERO_COST,,14053708.780442702,ATTAINED_IDEAL_REAL_PROPOSAL,CONDITIONAL_ANALYTIC_PASS,1052278
"1/4/J3/O0=1e-4,P2=1e-6,A2=1e-4",1/4,J3,False,1.0623407052295313,8.123307706505937e-05,0.004918766922934941,CONDITIONAL_ANALYTIC_PASS,867004,5562138.616311192,UNATTAINED_NET_COST_INFIMUM,MISSING_FINITE_PROPOSAL_ZERO_COST,,129027.85964141977,UNATTAINED_NET_COST_INFIMUM,MISSING_FINITE_PROPOSAL_ZERO_COST,,14062239.046218857,ATTAINED_IDEAL_REAL_PROPOSAL,CONDITIONAL_ANALYTIC_PASS,1050859
"1/4/J3/O0=1e-4,P2=1e-6,A2=1e-6",1/4,J3,False,1.0623407052295313,8.047772523265103e-05,0.004919522274767349,CONDITIONAL_ANALYTIC_PASS,866739,5583490.5195899485,UNATTAINED_NET_COST_INFIMUM,MISSING_FINITE_PROPOSAL_ZERO_COST,,128988.24036842055,UNATTAINED_NET_COST_INFIMUM,MISSING_FINITE_PROPOSAL_ZERO_COST,,14121178.519609835,ATTAINED_IDEAL_REAL_PROPOSAL,CONDITIONAL_ANALYTIC_PASS,1052450
"1/4/J3/O0=1e-6,P2=1e-3,A2=1e-3",1/4,J3,False,1.0623407052295313,1.171755028476529e-05,0.004988282449715235,CONDITIONAL_ANALYTIC_PASS,843045,7445763.985931464,UNATTAINED_NET_COST_INFIMUM,MISSING_FINITE_PROPOSAL_ZERO_COST,,125456.71397141657,UNATTAINED_NET_COST_INFIMUM,MISSING_FINITE_PROPOSAL_ZERO_COST,,18678359.470974218,ATTAINED_IDEAL_REAL_PROPOSAL,CONDITIONAL_ANALYTIC_PASS,1051633
"1/4/J3/O0=1e-6,P2=1e-3,A2=1e-4",1/4,J3,False,1.0623407052295313,6.147153520671544e-06,0.0049938528464793285,CONDITIONAL_ANALYTIC_PASS,841168,7450419.314941074,UNATTAINED_NET_COST_INFIMUM,MISSING_FINITE_PROPOSAL_ZERO_COST,,125176.98850405824,UNATTAINED_NET_COST_INFIMUM,MISSING_FINITE_PROPOSAL_ZERO_COST,,18682519.682585258,ATTAINED_IDEAL_REAL_PROPOSAL,CONDITIONAL_ANALYTIC_PASS,1049409
"1/4/J3/O0=1e-6,P2=1e-3,A2=1e-6",1/4,J3,False,1.0623407052295313,5.391801688263191e-06,0.004994608198311737,CONDITIONAL_ANALYTIC_PASS,840914,7474449.334976438,UNATTAINED_NET_COST_INFIMUM,MISSING_FINITE_PROPOSAL_ZERO_COST,,125139.1294712273,UNATTAINED_NET_COST_INFIMUM,MISSING_FINITE_PROPOSAL_ZERO_COST,,18748674.081447963,ATTAINED_IDEAL_REAL_PROPOSAL,CONDITIONAL_ANALYTIC_PASS,1050355
"1/4/J3/O0=1e-6,P2=1e-4,A2=1e-3",1/4,J3,False,1.0623407052295313,7.443241989010817e-06,0.0049925567580109895,CONDITIONAL_ANALYTIC_PASS,841604,7443851.8974667145,UNATTAINED_NET_COST_INFIMUM,MISSING_FINITE_PROPOSAL_ZERO_COST,,125241.98987242072,UNATTAINED_NET_COST_INFIMUM,MISSING_FINITE_PROPOSAL_ZERO_COST,,18672312.156929784,ATTAINED_IDEAL_REAL_PROPOSAL,CONDITIONAL_ANALYTIC_PASS,1049482
"1/4/J3/O0=1e-6,P2=1e-4,A2=1e-4",1/4,J3,False,1.0623407052295313,1.8728452249170716e-06,0.004998127154775083,CONDITIONAL_ANALYTIC_PASS,839732,7448504.779063474,UNATTAINED_NET_COST_INFIMUM,MISSING_FINITE_PROPOSAL_ZERO_COST,,124962.98183980203,UNATTAINED_NET_COST_INFIMUM,MISSING_FINITE_PROPOSAL_ZERO_COST,,18676474.877624977,ATTAINED_IDEAL_REAL_PROPOSAL,CONDITIONAL_ANALYTIC_PASS,1047262
"1/4/J3/O0=1e-6,P2=1e-4,A2=1e-6",1/4,J3,False,1.0623407052295313,1.117493392508719e-06,0.004998882506607492,CONDITIONAL_ANALYTIC_PASS,839479,7472511.442804101,UNATTAINED_NET_COST_INFIMUM,MISSING_FINITE_PROPOSAL_ZERO_COST,,124925.21984569455,UNATTAINED_NET_COST_INFIMUM,MISSING_FINITE_PROPOSAL_ZERO_COST,,18742562.891452763,ATTAINED_IDEAL_REAL_PROPOSAL,CONDITIONAL_ANALYTIC_PASS,1048204
"1/4/J3/O0=1e-6,P2=1e-6,A2=1e-3",1/4,J3,False,1.0623407052295313,7.190885816703486e-06,0.0049928091141832965,CONDITIONAL_ANALYTIC_PASS,841519,7457148.97490673,UNATTAINED_NET_COST_INFIMUM,MISSING_FINITE_PROPOSAL_ZERO_COST,,125229.32974874353,UNATTAINED_NET_COST_INFIMUM,MISSING_FINITE_PROPOSAL_ZERO_COST,,18706808.922683816,ATTAINED_IDEAL_REAL_PROPOSAL,CONDITIONAL_ANALYTIC_PASS,1049255
"1/4/J3/O0=1e-6,P2=1e-6,A2=1e-4",1/4,J3,False,1.0623407052295313,1.6204890526097393e-06,0.00499837951094739,CONDITIONAL_ANALYTIC_PASS,839647,7461790.944566373,UNATTAINED_NET_COST_INFIMUM,MISSING_FINITE_PROPOSAL_ZERO_COST,,124950.36399690299,UNATTAINED_NET_COST_INFIMUM,MISSING_FINITE_PROPOSAL_ZERO_COST,,18710936.80969783,ATTAINED_IDEAL_REAL_PROPOSAL,CONDITIONAL_ANALYTIC_PASS,1047033
"1/4/J3/O0=1e-6,P2=1e-6,A2=1e-6",1/4,J3,True,1.0623407052295313,8.651372202013866e-07,0.004999134862779799,CONDITIONAL_ANALYTIC_PASS,839394,7485815.766797139,UNATTAINED_NET_COST_INFIMUM,MISSING_FINITE_PROPOSAL_ZERO_COST,,124912.60772161176,UNATTAINED_NET_COST_INFIMUM,MISSING_FINITE_PROPOSAL_ZERO_COST,,18777077.153767295,ATTAINED_IDEAL_REAL_PROPOSAL,CONDITIONAL_ANALYTIC_PASS,1047970
