dataset,epsilon,candidate_id,G_RZ_P0,N_total,P_min,P_max,boundary_tie
development,0.005,B2-rank3-q4-r4-K4,40969763267.62501,1678764,0.0,94968.69779674475,True
development,0.005,B2-rank3-q4-r8-K4,43122798615.37501,1656093,94968.69779674475,158943.07239333855,True
development,0.005,B2-rank3-q8-r4-K2,72257381671.21875,1472791,158943.07239333855,401820.76630883676,True
development,0.005,B2-rank3-q8-r8-K2,76269562022.81248,1462806,401820.76630883676,1925542.8769503755,True
development,0.005,B2-rank3-q8-r16-K4,85833733492.625,1457839,1925542.8769503755,8005202.015826782,True
development,0.005,B2-rank3-q8-r32-K2,105670624087.84377,1455361,8005202.015826782,9765338.921888852,True
development,0.005,B2-rank6-q8-r1-K2,127701228695.62502,1453105,9765338.921888852,10007774.791667202,True
development,0.005,B2-rank6-q8-r2-K4,128271671858.75005,1453048,10007774.791667202,27280716.249998365,True
development,0.005,B2-rank6-q8-r4-K2,129035531913.75,1453020,27280716.249998365,84665553.84821537,True
development,0.005,B2-rank6-q8-r8-K4,130220849667.62502,1453006,84665553.84821537,361000089.62053573,True
development,0.005,B2-rank6-q8-r16-K4,132747850294.96877,1452999,361000089.62053573,1138328123.0757809,True
development,0.005,B0-rank9-q8-r0-K0,178280975218.0,1452959,1138328123.0757809,MISSING,True
development,0.0050501789923016885,B2-rank3-q4-r4-K4,40092706485.18751,1642826,0.0,94966.91133203372,True
development,0.0050501789923016885,B2-rank3-q4-r8-K4,42199642380.00001,1620640,94966.91133203372,161153.22561228106,True
development,0.0050501789923016885,B2-rank3-q8-r4-K2,70803050700.375,1443148,161153.22561228106,401868.6070958535,True
development,0.0050501789923016885,B2-rank3-q8-r8-K2,74734531283.59373,1433365,401868.6070958535,1925148.3713601613,True
development,0.0050501789923016885,B2-rank3-q8-r16-K4,84106153555.375,1428497,1925148.3713601613,8008946.922615375,True
development,0.0050501789923016885,B2-rank3-q8-r32-K2,103543867736.56252,1426070,8008946.922615375,9759080.955102848,True
development,0.0050501789923016885,B2-rank6-q8-r1-K2,125130954809.25002,1423858,9759080.955102848,9981227.050223758,True
development,0.0050501789923016885,B2-rank6-q8-r2-K4,125689903524.06255,1423802,9981227.050223758,26729840.421873365,True
development,0.0050501789923016885,B2-rank6-q8-r4-K2,126438339055.875,1423774,26729840.421873365,89348027.75480887,True
development,0.0050501789923016885,B2-rank6-q8-r8-K4,127599863416.68752,1423761,89348027.75480887,353732315.4464286,True
development,0.0050501789923016885,B2-rank6-q8-r16-K4,130075989624.81252,1423754,353732315.4464286,1174126605.4523022,True
development,0.0050501789923016885,B0-rank9-q8-r0-K0,174692800632.0,1423716,1174126605.4523022,MISSING,True
development,0.0051008615708570595,B2-rank3-q4-r4-K4,39235197882.46876,1607689,0.0,94964.0278834861,True
development,0.0051008615708570595,B2-rank3-q4-r8-K4,41297056855.87501,1585977,94964.0278834861,163387.50430269563,True
development,0.0051008615708570595,B2-rank3-q8-r4-K2,69378303832.875,1414108,163387.50430269563,401875.23099441733,True
development,0.0051008615708570595,B2-rank3-q8-r8-K2,73230679797.18748,1404522,401875.23099441733,1924750.5211564694,True
development,0.0051008615708570595,B2-rank3-q8-r16-K4,82413664533.625,1399751,1924750.5211564694,8009493.654686192,True
development,0.0051008615708570595,B2-rank3-q8-r32-K2,101460240444.46877,1397373,8009493.654686192,9756753.7655241,True
development,0.0051008615708570595,B2-rank6-q8-r1-K2,122612882608.12502,1395205,9756753.7655241,9957991.073864192,True
development,0.0051008615708570595,B2-rank6-q8-r2-K4,123160572117.18755,1395150,9957991.073864192,27163447.888887193,True
development,0.0051008615708570595,B2-rank6-q8-r4-K2,123893985210.1875,1395123,27163447.888887193,81288401.16071537,True
development,0.0051008615708570595,B2-rank6-q8-r8-K4,125032022826.43752,1395109,81288401.16071537,404395788.2135417,True
development,0.0051008615708570595,B2-rank6-q8-r16-K4,127458397555.71877,1395103,404395788.2135417,1098701690.1718712,True
development,0.0051008615708570595,B2-rank6-q8-r32-K2,131853204316.40625,1395099,1098701690.1718712,1191641939.8664773,True
development,0.0051008615708570595,B0-rank9-q8-r0-K0,171177388332.0,1395066,1191641939.8664773,MISSING,True
development,0.005152052789556263,B2-rank3-q4-r4-K4,38396773769.81251,1573334,0.0,94964.21185229198,True
development,0.005152052789556263,B2-rank3-q4-r8-K4,40414573343.25001,1552086,94964.21185229198,165643.4928049273,True
development,0.005152052789556263,B2-rank3-q8-r4-K2,67982454207.28125,1385657,165643.4928049273,401833.4476527555,True
development,0.005152052789556263,B2-rank3-q8-r8-K2,71757277614.53123,1376263,401833.4476527555,1925602.645349618,True
development,0.005152052789556263,B2-rank3-q8-r16-K4,80755618776.25,1371590,1925602.645349618,8006574.323908737,True
development,0.005152052789556263,B2-rank3-q8-r32-K2,99418943525.28127,1369259,8006574.323908737,9749259.692306561,True
development,0.005152052789556263,B2-rank6-q8-r1-K2,120145869631.12502,1367133,9749259.692306561,10127333.492925104,True
development,0.005152052789556263,B2-rank6-q8-r2-K4,120682618306.25005,1367080,10127333.492925104,26615140.724535342,True
development,0.005152052789556263,B2-rank6-q8-r4-K2,121401227105.8125,1367053,26615140.724535342,79651068.03571537,True
development,0.005152052789556263,B2-rank6-q8-r8-K4,122516342058.31252,1367039,79651068.03571537,396257388.7864583,True
development,0.005152052789556263,B2-rank6-q8-r16-K4,124893886391.03127,1367033,396257388.7864583,1076593495.0156212,True
development,0.005152052789556263,B2-rank6-q8-r32-K2,129200260371.09375,1367029,1076593495.0156212,1204156422.5908203,True
development,0.005152052789556263,B0-rank9-q8-r0-K0,167733265894.0,1366997,1204156422.5908203,MISSING,True
development,0.005203757753009269,B2-rank3-q4-r4-K4,37576994862.28126,1539743,0.0,94966.25373154516,True
development,0.005203757753009269,B2-rank3-q4-r8-K4,39551723142.37501,1518949,94966.25373154516,167921.21131531303,True
development,0.005203757753009269,B2-rank3-q8-r4-K2,66614913085.21875,1357783,167921.21131531303,401884.22397191275,True
development,0.005203757753009269,B2-rank3-q8-r8-K2,70313855482.65623,1348579,401884.22397191275,1925603.0830626262,True
development,0.005203757753009269,B2-rank3-q8-r16-K4,79131192000.0,1344000,1925603.0830626262,8003431.543558541,True
development,0.005203757753009269,B2-rank3-q8-r32-K2,97419033077.03127,1341715,8003431.543558541,9745641.124445178,True
development,0.005203757753009269,B2-rank6-q8-r1-K2,117728949180.37502,1339631,9745641.124445178,9921830.635613495,True
development,0.005203757753009269,B2-rank6-q8-r2-K4,118254806204.06253,1339578,9921830.635613495,28171267.31999878,True
development,0.005203757753009269,B2-rank6-q8-r4-K2,118959087887.0625,1339553,28171267.31999878,78046983.2142868,True
development,0.005203757753009269,B2-rank6-q8-r8-K4,120051745652.06252,1339539,78046983.2142868,388284250.765625,True
development,0.005203757753009269,B2-rank6-q8-r16-K4,122381451156.65627,1339533,388284250.765625,1199360926.8383925,True
development,0.005203757753009269,B0-rank9-q8-r0-K0,164359083596.0,1339498,1199360926.8383925,MISSING,True
development,0.0052559816170548905,B2-rank3-q4-r4-K4,36775421874.93751,1506898,0.0,94968.82941339066,True
development,0.0052559816170548905,B2-rank3-q4-r8-K4,38708037553.50001,1486548,94968.82941339066,170223.69353807854,True
development,0.0052559816170548905,B2-rank3-q8-r4-K2,65275189851.375,1330476,170223.69353807854,401828.558883036,True
development,0.0052559816170548905,B2-rank3-q8-r8-K2,68899683452.49998,1321456,401828.558883036,1925561.449492983,True
development,0.0052559816170548905,B2-rank3-q8-r16-K4,77539677676.375,1316969,1925561.449492983,8003587.6449586935,True
development,0.0052559816170548905,B2-rank3-q8-r32-K2,95459710413.43752,1314730,8003587.6449586935,9741241.440498043,True
development,0.0052559816170548905,B2-rank6-q8-r1-K2,115361066676.37502,1312687,9741241.440498043,10105155.156863045,True
development,0.0052559816170548905,B2-rank6-q8-r2-K4,115876429589.37503,1312636,10105155.156863045,26537826.874998827,True
development,0.0052559816170548905,B2-rank6-q8-r4-K2,116566413088.125,1312610,26537826.874998827,82365004.56250118,True
development,0.0052559816170548905,B2-rank6-q8-r8-K4,117637158147.43752,1312597,82365004.56250118,380472894.9635417,True
development,0.0052559816170548905,B2-rank6-q8-r16-K4,119919995517.21877,1312591,380472894.9635417,1209805102.8465068,True
development,0.0052559816170548905,B0-rank9-q8-r0-K0,161053369014.0,1312557,1209805102.8465068,MISSING,True
development,0.0053087295892748935,B2-rank3-q4-r4-K4,35991615522.84376,1474781,0.0,94964.41809289802,True
development,0.0053087295892748935,B2-rank3-q4-r8-K4,37883021838.00001,1454864,94964.41809289802,172548.6906094311,True
development,0.0053087295892748935,B2-rank3-q8-r4-K2,63962548582.78125,1303721,172548.6906094311,401860.0825837276,True
development,0.0053087295892748935,B2-rank3-q8-r8-K2,67514187992.656235,1294883,401860.0825837276,1925458.3037511406,True
development,0.0053087295892748935,B2-rank3-q8-r16-K4,75980428154.25,1290486,1925458.3037511406,8007181.346998981,True
development,0.0053087295892748935,B2-rank3-q8-r32-K2,93540176848.21877,1288293,8007181.346998981,9731033.279144835,True
development,0.0053087295892748935,B2-rank6-q8-r1-K2,113041167539.62502,1286289,9731033.279144835,10307857.86479623,True
development,0.0053087295892748935,B2-rank6-q8-r2-K4,113546252575.00003,1286240,10307857.86479623,27046035.53749878,True
development,0.0053087295892748935,B2-rank6-q8-r4-K2,114222403463.4375,1286215,27046035.53749878,74935758.62500109,True
development,0.0053087295892748935,B2-rank6-q8-r8-K4,115271504084.18752,1286201,74935758.62500109,372819842.1927083,True
development,0.0053087295892748935,B2-rank6-q8-r16-K4,117508423137.34377,1286195,372819842.1927083,1259573415.2705073,True
development,0.0053087295892748935,B0-rank9-q8-r0-K0,157814772426.0,1286163,1259573415.2705073,MISSING,True
development,0.005362006929513287,B2-rank3-q4-r4-K4,35225185330.50001,1443376,0.0,94963.63418278356,True
development,0.005362006929513287,B2-rank3-q4-r8-K4,37076311451.62501,1423883,94963.63418278356,174896.06264795142,True
development,0.005362006929513287,B2-rank3-q8-r4-K2,62676547725.65625,1277509,174896.06264795142,401876.19469543704,True
development,0.005362006929513287,B2-rank3-q8-r8-K2,66156795571.718735,1268849,401876.19469543704,1925733.3073714636,True
development,0.005362006929513287,B2-rank3-q8-r16-K4,74452854659.875,1264541,1925733.3073714636,8003085.4974564025,True
development,0.005362006929513287,B2-rank3-q8-r32-K2,91659488479.40627,1262391,8003085.4974564025,9734575.830918875,True
development,0.005362006929513287,B2-rank6-q8-r1-K2,110768460835.50002,1260428,9734575.830918875,9895099.871250305,True
development,0.005362006929513287,B2-rank6-q8-r2-K4,111263215829.06253,1260378,9895099.871250305,27608329.71093623,True
development,0.005362006929513287,B2-rank6-q8-r4-K2,111925815742.125,1260354,27608329.71093623,85680093.75000127,True
development,0.005362006929513287,B2-rank6-q8-r8-K4,112953976867.12502,1260342,85680093.75000127,313120505.29910713,True
development,0.005362006929513287,B2-rank6-q8-r16-K4,115145820404.21877,1260335,313120505.29910713,1274064548.509072,True
development,0.005362006929513287,B0-rank9-q8-r0-K0,154641821408.0,1260304,1274064548.509072,MISSING,True
development,0.005415818950400817,B2-rank3-q4-r4-K4,34475692012.96876,1412665,0.0,94965.1788267245,True
development,0.005415818950400817,B2-rank3-q4-r8-K4,36287437694.62501,1393587,94965.1788267245,177268.3722155451,True
development,0.005415818950400817,B2-rank3-q8-r4-K2,61416647603.15625,1251829,177268.3722155451,401871.9131658007,True
development,0.005415818950400817,B2-rank3-q8-r8-K2,64826932658.281235,1243343,401871.9131658007,1925452.1859530471,True
development,0.005415818950400817,B2-rank3-q8-r16-K4,72956191787.375,1239121,1925452.1859530471,8006077.896026242,True
development,0.005415818950400817,B2-rank3-q8-r32-K2,89816991836.40627,1237015,8006077.896026242,9727129.550568182,True
development,0.005415818950400817,B2-rank6-q8-r1-K2,108541716221.25002,1235090,9727129.550568182,9894053.702168679,True
development,0.005415818950400817,B2-rank6-q8-r2-K4,109026524852.65628,1235041,9894053.702168679,28231557.65081389,True
development,0.005415818950400817,B2-rank6-q8-r4-K2,109675850678.625,1235018,28231557.65081389,83955926.16666794,True
development,0.005415818950400817,B2-rank6-q8-r8-K4,110683321792.62502,1235006,83955926.16666794,357976758.5208333,True
development,0.005415818950400817,B2-rank6-q8-r16-K4,112831182343.75002,1235000,357976758.5208333,972603066.4062462,True
development,0.005415818950400817,B2-rank6-q8-r32-K2,116721594609.375,1234996,972603066.4062462,1289317467.726852,True
development,0.005415818950400817,B0-rank9-q8-r0-K0,151533166238.0,1234969,1289317467.726852,MISSING,True
development,0.005470171017884717,B2-rank3-q2-r4-K4,33472088632.968742,2704385,0.0,204.78945104680398,True
development,0.005470171017884717,B2-rank3-q4-r4-K4,33742769499.468758,1382633,204.78945104680398,94961.41196011621,True
development,0.005470171017884717,B2-rank3-q4-r8-K4,35515983945.00001,1363960,94961.41196011621,179665.85034188573,True
development,0.005470171017884717,B2-rank3-q8-r4-K2,60182308538.4375,1226670,179665.85034188573,401841.8930375162,True
development,0.005470171017884717,B2-rank3-q8-r8-K2,63524025720.937485,1218354,401841.8930375162,1925042.3011267558,True
development,0.005470171017884717,B2-rank3-q8-r16-K4,71489850763.0,1214216,1925042.3011267558,8008708.125106042,True
development,0.005470171017884717,B2-rank3-q8-r32-K2,88011815625.09377,1212153,8008708.125106042,9723543.792875595,True
development,0.005470171017884717,B2-rank6-q8-r1-K2,106360142762.25002,1210266,9723543.792875595,9897204.777344069,True
development,0.005470171017884717,B2-rank6-q8-r2-K4,106835208591.56253,1210218,9897204.777344069,27662348.72282476,True
development,0.005470171017884717,B2-rank6-q8-r4-K2,107471442612.1875,1210195,27662348.72282476,82266669.30208461,True
development,0.005470171017884717,B2-rank6-q8-r8-K4,108458642643.81252,1210183,82266669.30208461,350779769.2447917,True
development,0.005470171017884717,B2-rank6-q8-r16-K4,110563321259.28127,1210177,350779769.2447917,1264137864.4906244,True
development,0.005470171017884717,B0-rank9-q8-r0-K0,148487457194.0,1210147,1264137864.4906244,MISSING,True
development,0.005525068551763788,B2-rank3-q2-r4-K4,32420949807.937492,2619458,0.0,477.8710897086191,True
development,0.005525068551763788,B2-rank3-q4-r4-K4,33026027314.500008,1353264,477.8710897086191,94957.1759656946,True
development,0.005525068551763788,B2-rank3-q4-r8-K4,34761559619.62501,1334987,94957.1759656946,182085.64661532556,True
development,0.005525068551763788,B2-rank3-q8-r4-K2,58972941793.125,1202020,182085.64661532556,401835.7387601221,True
development,0.005525068551763788,B2-rank3-q8-r8-K2,62247501228.281235,1193871,401835.7387601221,1925456.4534025074,True
development,0.005525068551763788,B2-rank3-q8-r16-K4,70053301690.375,1189817,1925456.4534025074,8006890.245626244,True
development,0.005525068551763788,B2-rank3-q8-r32-K2,86243233767.03127,1187795,8006890.245626244,9718670.266807433,True
development,0.005525068551763788,B2-rank6-q8-r1-K2,104222773760.62502,1185945,9718670.266807433,9904728.317819474,True
development,0.005525068551763788,B2-rank6-q8-r2-K4,104688295991.56253,1185898,9904728.317819474,27104673.940216064,True
development,0.005525068551763788,B2-rank6-q8-r4-K2,105311703492.1875,1185875,27104673.940216064,80611642.63541794,True
development,0.005525068551763788,B2-rank6-q8-r8-K4,106279043203.81252,1185863,80611642.63541794,412492611.35,True
development,0.005525068551763788,B2-rank6-q8-r16-K4,108341506260.56252,1185858,412492611.35,1245229325.906245,True
development,0.005525068551763788,B2-rank6-q8-r32-K2,112077194238.28125,1185855,1245229325.906245,1285630604.6045673,True
development,0.005525068551763788,B0-rank9-q8-r0-K0,145503589958.0,1185829,1285630604.6045673,MISSING,True
development,0.0055805170262288395,B2-rank3-q2-r4-K4,31410543587.06249,2537822,0.0,753.747063360647,True
development,0.0055805170262288395,B2-rank3-q4-r4-K4,32325050577.843758,1324541,753.747063360647,94964.4207027756,True
development,0.0055805170262288395,B2-rank3-q4-r8-K4,34023774135.375008,1306653,94964.4207027756,184528.22257835788,True
development,0.0055805170262288395,B2-rank3-q8-r4-K2,57788056751.90625,1177869,184528.22257835788,401851.1003404802,True
development,0.0055805170262288395,B2-rank3-q8-r8-K2,60996837788.124985,1169884,401851.1003404802,1925230.6507676856,True
development,0.0055805170262288395,B2-rank3-q8-r16-K4,68645779163.625,1165911,1925230.6507676856,8008414.140490921,True
development,0.0055805170262288395,B2-rank3-q8-r32-K2,84510447575.93752,1163930,8008414.140490921,9712345.613320012,True
development,0.0055805170262288395,B2-rank6-q8-r1-K2,102128642518.50002,1162116,9712345.613320012,10139150.168750338,True
development,0.0055805170262288395,B2-rank6-q8-r2-K4,102584904276.09378,1162071,10139150.168750338,26558303.995922588,True
development,0.0055805170262288395,B2-rank6-q8-r4-K2,103195745268.0,1162048,26558303.995922588,78990165.64583461,True
development,0.0055805170262288395,B2-rank6-q8-r8-K4,104143627255.75002,1162036,78990165.64583461,505276279.4375,True
development,0.0055805170262288395,B2-rank6-q8-r16-K4,106164732373.50002,1162032,505276279.4375,915132785.5312462,True
development,0.0055805170262288395,B2-rank6-q8-r32-K2,109825263515.625,1162028,915132785.5312462,1310193143.615,True
development,0.0055805170262288395,B0-rank9-q8-r0-K0,142580092106.0,1162003,1310193143.615,MISSING,True
development,0.005636521970408555,B2-rank3-q2-r4-K4,30438914409.28124,2459319,0.0,1032.4539146962675,True
development,0.005636521970408555,B2-rank3-q4-r4-K4,31639522028.156258,1296451,1032.4539146962675,94961.95340075104,True
development,0.005636521970408555,B2-rank3-q4-r8-K4,33302210870.250008,1278942,94961.95340075104,186997.93954134392,True
development,0.005636521970408555,B2-rank3-q8-r4-K2,56627211861.0,1154208,186997.93954134392,401827.750451276,True
development,0.005636521970408555,B2-rank3-q8-r8-K2,59771514008.281235,1146383,401827.750451276,1925327.0371098807,True
development,0.005636521970408555,B2-rank3-q8-r16-K4,67266812163.75,1142490,1925327.0371098807,8005107.522978895,True
development,0.005636521970408555,B2-rank3-q8-r32-K2,82812730973.37502,1140548,8005107.522978895,9709914.020177165,True
development,0.005636521970408555,B2-rank6-q8-r1-K2,100076958101.25002,1138770,9709914.020177165,10161461.12926171,True
development,0.005636521970408555,B2-rank6-q8-r2-K4,100524062390.93753,1138726,10161461.12926171,27209886.275566794,True
development,0.005636521970408555,B2-rank6-q8-r4-K2,101122679889.0,1138704,27209886.275566794,77401557.81250127,True
development,0.005636521970408555,B2-rank6-q8-r8-K4,102051498582.75002,1138692,77401557.81250127,396080935.99375,True
development,0.005636521970408555,B2-rank6-q8-r16-K4,104031903262.71877,1138687,396080935.99375,1195692896.8020782,True
development,0.005636521970408555,B2-rank6-q8-r32-K2,107618981953.125,1138684,1195692896.8020782,1283870186.595,True
development,0.005636521970408555,B0-rank9-q8-r0-K0,139715736618.0,1138659,1283870186.595,MISSING,True
development,0.005693088968920841,B2-rank3-q2-r4-K4,29504180975.34374,2383797,0.0,1313.9751797375498,True
development,0.005693088968920841,B2-rank3-q4-r4-K4,30969026785.218754,1268977,1313.9751797375498,94968.6931657381,True
development,0.005693088968920841,B2-rank3-q4-r8-K4,32596505280.000008,1251840,94968.6931657381,189490.65183984805,True
development,0.005693088968920841,B2-rank3-q8-r4-K2,55489818382.03125,1131025,189490.65183984805,401817.6806615134,True
development,0.005693088968920841,B2-rank3-q8-r8-K2,58570956357.343735,1123357,401817.6806615134,1925226.1611811966,True
development,0.005693088968920841,B2-rank3-q8-r16-K4,65915694162.25,1119542,1925226.1611811966,8009325.092797063,True
development,0.005693088968920841,B2-rank3-q8-r32-K2,81149430488.75002,1117640,8009325.092797063,9705915.779618474,True
development,0.005693088968920841,B2-rank6-q8-r1-K2,98066841692.62502,1115897,9705915.779618474,10189166.152616633,True
development,0.005693088968920841,B2-rank6-q8-r2-K4,98504975837.18753,1115854,10189166.152616633,26661575.559657704,True
development,0.005693088968920841,B2-rank6-q8-r4-K2,99091530499.5,1115832,26661575.559657704,82748224.40341048,True
development,0.005693088968920841,B2-rank6-q8-r8-K4,100001760967.93752,1115821,82748224.40341048,323421178.3385417,True
development,0.005693088968920841,B2-rank6-q8-r16-K4,101942288037.96877,1115815,323421178.3385417,1344894378.4627397,True
development,0.005693088968920841,B0-rank9-q8-r0-K0,136909541878.0,1115789,1344894378.4627397,MISSING,True
development,0.005750223662429702,B2-rank3-q2-r4-K4,28604622886.593742,2311117,0.0,1598.3714922243512,True
development,0.005750223662429702,B2-rank3-q4-r4-K4,30313296397.125004,1242108,1598.3714922243512,94962.52895678116,True
development,0.005750223662429702,B2-rank3-q4-r8-K4,31906292820.375008,1225333,94962.52895678116,192009.90422552355,True
development,0.005750223662429702,B2-rank3-q8-r4-K2,54375483822.75,1108312,192009.90422552355,401818.45871872304,True
development,0.005750223662429702,B2-rank3-q8-r8-K2,57394747721.562485,1100798,401818.45871872304,1925432.1283941988,True
development,0.005750223662429702,B2-rank3-q8-r16-K4,64592013017.5,1097060,1925432.1283941988,8004147.141169579,True
development,0.005750223662429702,B2-rank3-q8-r32-K2,79519747435.78127,1095195,8004147.141169579,9705894.051869877,True
development,0.005750223662429702,B2-rank6-q8-r1-K2,96097414476.37502,1093487,9705894.051869877,9982769.401163146,True
development,0.005750223662429702,B2-rank6-q8-r2-K4,96526673560.62503,1093444,9982769.401163146,28745654.918748476,True
development,0.005750223662429702,B2-rank6-q8-r4-K2,97101586659.0,1093424,28745654.918748476,74320159.47916794,True
development,0.005750223662429702,B2-rank6-q8-r8-K4,97993428572.75002,1093412,74320159.47916794,380327174.99375,True
development,0.005750223662429702,B2-rank6-q8-r16-K4,99895064447.71877,1093407,380327174.99375,1148142293.468745,True
development,0.005750223662429702,B2-rank6-q8-r32-K2,103339491328.125,1093404,1148142293.468745,1340023657.9945652,True
development,0.005750223662429702,B0-rank9-q8-r0-K0,134160035462.0,1093381,1340023657.9945652,MISSING,True
development,0.0058079317482077125,B2-rank3-q2-r4-K4,27738581629.218742,2241145,0.0,1885.5948636788894,True
development,0.0058079317482077125,B2-rank3-q4-r4-K4,29671915983.656254,1215827,1885.5948636788894,94963.03066192144,True
development,0.0058079317482077125,B2-rank3-q4-r8-K4,31231208947.125004,1199407,94963.03066192144,194553.63134379213,True
development,0.0058079317482077125,B2-rank3-q8-r4-K2,53283668506.3125,1086058,194553.63134379213,401887.8297252764,True
development,0.0058079317482077125,B2-rank3-q8-r8-K2,56242366708.749985,1078696,401887.8297252764,1924862.3068367946,True
development,0.0058079317482077125,B2-rank3-q8-r16-K4,63295062201.0,1075032,1924862.3068367946,8011013.887493162,True
development,0.0058079317482077125,B2-rank3-q8-r32-K2,77923173559.56252,1073206,8011013.887493162,9698335.4975,True
development,0.0058079317482077125,B2-rank6-q8-r1-K2,94167885517.87502,1071531,9698335.4975,10015526.18526822,True
development,0.0058079317482077125,B2-rank6-q8-r2-K4,94588537617.65628,1071489,10015526.18526822,25598012.910509977,True
development,0.0058079317482077125,B2-rank6-q8-r4-K2,95151693901.6875,1071467,25598012.910509977,87409052.20000152,True
development,0.0058079317482077125,B2-rank6-q8-r8-K4,96025784423.68752,1071457,87409052.20000152,372688618.8375,True
development,0.0058079317482077125,B2-rank6-q8-r16-K4,97889227517.87502,1071452,372688618.8375,1125086341.6979115,True
development,0.0058079317482077125,B2-rank6-q8-r32-K2,101264486542.96875,1071449,1125086341.6979115,1313114196.044837,True
development,0.0058079317482077125,B0-rank9-q8-r0-K0,131466113052.0,1071426,1313114196.044837,MISSING,True
development,0.0058662189807041215,B2-rank3-q2-r4-K4,26904497705.156242,2173755,0.0,2175.7047425526202,True
development,0.0058662189807041215,B2-rank3-q4-r4-K4,29044592688.187504,1190122,2175.7047425526202,94961.89054236919,True
development,0.0058662189807041215,B2-rank3-q4-r8-K4,30570915154.875004,1174049,94961.89054236919,197122.0522251696,True
development,0.0058662189807041215,B2-rank3-q8-r4-K2,52213930878.9375,1064254,197122.0522251696,401900.32001143397,True
development,0.0058662189807041215,B2-rank3-q8-r8-K2,55113239787.499985,1057040,401900.32001143397,1925106.1020195028,True
development,0.0058662189807041215,B2-rank3-q8-r16-K4,62024370693.75,1053450,1925106.1020195028,8008041.488477662,True
development,0.0058662189807041215,B2-rank3-q8-r32-K2,76358764958.12502,1051660,8008041.488477662,9694593.886190621,True
development,0.0058662189807041215,B2-rank6-q8-r1-K2,92277288119.25002,1050018,9694593.886190621,10054159.930640616,True
development,0.0058662189807041215,B2-rank6-q8-r2-K4,92689508676.40628,1049977,10054159.930640616,26280929.80208188,True
development,0.0058662189807041215,B2-rank6-q8-r4-K2,93241408202.25,1049956,26280929.80208188,85652410.16250153,True
development,0.0058662189807041215,B2-rank6-q8-r8-K4,94097932303.87502,1049946,85652410.16250153,456528513.578125,True
development,0.0058662189807041215,B2-rank6-q8-r16-K4,95924046358.18752,1049942,456528513.578125,1102497704.8229115,True
development,0.0058662189807041215,B2-rank6-q8-r32-K2,99231539472.65625,1049939,1102497704.8229115,1345244375.515625,True
development,0.0058662189807041215,B0-rank9-q8-r0-K0,128826915734.0,1049917,1345244375.515625,MISSING,True
development,0.005925091172118675,B2-rank3-q2-r4-K4,26100910632.093742,2108829,0.0,2468.6912248371154,True
development,0.005925091172118675,B2-rank3-q4-r4-K4,28430984844.656254,1164979,2468.6912248371154,94965.23826312528,True
development,0.005925091172118675,B2-rank3-q4-r8-K4,29925072938.250004,1149246,94965.23826312528,199717.9749715572,True
development,0.005925091172118675,B2-rank3-q8-r4-K2,51165878448.375,1042892,199717.9749715572,401913.0760936815,True
development,0.005925091172118675,B2-rank3-q8-r8-K2,54007001983.281235,1035823,401913.0760936815,1925072.9437446746,True
development,0.005925091172118675,B2-rank3-q8-r16-K4,60779408599.375,1032305,1925072.9437446746,8008367.950416913,True
development,0.005925091172118675,B2-rank3-q8-r32-K2,74826085984.40627,1030551,8008367.950416913,9688770.884918477,True
development,0.005925091172118675,B2-rank6-q8-r1-K2,90425007109.12502,1028941,9688770.884918477,10099042.103906631,True
development,0.005925091172118675,B2-rank6-q8-r2-K4,90828968793.28128,1028901,10099042.103906631,25751614.843748547,True
development,0.005925091172118675,B2-rank6-q8-r4-K2,91369752705.0,1028880,25751614.843748547,93266948.3125017,True
development,0.005925091172118675,B2-rank6-q8-r8-K4,92209155239.81252,1028871,93266948.3125017,357872150.95,True
development,0.005925091172118675,B2-rank6-q8-r16-K4,93998515994.56252,1028866,357872150.95,1080364831.2395782,True
development,0.005925091172118675,B2-rank6-q8-r32-K2,97239610488.28125,1028863,1080364831.2395782,1381017171.2247024,True
development,0.005925091172118675,B0-rank9-q8-r0-K0,126240971084.0,1028842,1381017171.2247024,MISSING,True
development,0.005984554192981184,B2-rank3-q2-r4-K4,25326458943.468742,2046257,0.0,2764.596528958362,True
development,0.005984554192981184,B2-rank3-q4-r4-K4,27830824001.156254,1140387,2764.596528958362,94964.34189947082,True
development,0.005984554192981184,B2-rank3-q4-r8-K4,29293369830.750004,1124986,94964.34189947082,202340.25246880547,True
development,0.005984554192981184,B2-rank3-q8-r4-K2,50139069660.84375,1021963,202340.25246880547,401791.03822250466,True
development,0.005984554192981184,B2-rank3-q8-r8-K2,52923079764.687485,1015034,401791.03822250466,1925299.5008521948,True
development,0.005984554192981184,B2-rank3-q8-r16-K4,59559587144.125,1011587,1925299.5008521948,8007417.5730075715,True
development,0.005984554192981184,B2-rank3-q8-r32-K2,73324337952.12502,1009868,8007417.5730075715,9686835.05647972,True
development,0.005984554192981184,B2-rank6-q8-r1-K2,88610163671.25002,1008290,9686835.05647972,10150551.806891417,True
development,0.005984554192981184,B2-rank6-q8-r2-K4,89006035191.71878,1008251,10150551.806891417,26499088.885935973,True
development,0.005984554192981184,B2-rank6-q8-r4-K2,89536016969.4375,1008231,26499088.885935973,91393338.35416836,True
development,0.005984554192981184,B2-rank6-q8-r8-K4,90358557014.62502,1008222,91393338.35416836,292224753.6875,True
development,0.005984554192981184,B2-rank6-q8-r16-K4,92111905536.75002,1008216,292224753.6875,1373712693.4456515,True
development,0.005984554192981184,B0-rank9-q8-r0-K0,123707297486.0,1008193,1373712693.4456515,MISSING,True
development,0.006044613972736912,B2-rank3-q2-r4-K4,24579805926.656242,1985931,0.0,3063.374760989536,True
development,0.006044613972736912,B2-rank3-q4-r4-K4,27243719682.187504,1116330,3063.374760989536,94965.21405296498,True
development,0.006044613972736912,B2-rank3-q4-r8-K4,28675415249.250004,1101254,94965.21405296498,204987.02921591143,True
development,0.006044613972736912,B2-rank3-q8-r4-K2,49132915777.96875,1001455,204987.02921591143,401921.7027751156,True
development,0.006044613972736912,B2-rank3-q8-r8-K2,51861160296.406235,994667,401921.7027751156,1924615.2745172433,True
development,0.006044613972736912,B2-rank3-q8-r16-K4,58364435309.0,991288,1924615.2745172433,8005047.293490365,True
development,0.006044613972736912,B2-rank3-q8-r32-K2,71852939998.53127,989603,8005047.293490365,9688948.741328428,True
development,0.006044613972736912,B2-rank6-q8-r1-K2,86832054752.62502,988057,9688948.741328428,10209128.890625402,True
development,0.006044613972736912,B2-rank6-q8-r2-K4,87220001650.46878,988019,10209128.890625402,25965564.723435976,True
development,0.006044613972736912,B2-rank6-q8-r4-K2,87739312944.9375,987999,25965564.723435976,89557565.35416836,True
development,0.006044613972736912,B2-rank6-q8-r8-K4,88545331033.12502,987990,89557565.35416836,286358843.5625,True
development,0.006044613972736912,B2-rank6-q8-r16-K4,90263484094.50002,987984,286358843.5625,1346143762.0652168,True
development,0.006044613972736912,B0-rank9-q8-r0-K0,121224790622.0,987961,1346143762.0652168,MISSING,True
development,0.00610527650033784,B2-rank3-q2-r4-K4,23859751015.687492,1927754,0.0,3365.05974551355,True
development,0.00610527650033784,B2-rank3-q4-r4-K4,26669427840.562504,1092798,3365.05974551355,94966.86301920992,True
development,0.00610527650033784,B2-rank3-q4-r8-K4,28070948805.000004,1078040,94966.86301920992,207660.20837794014,True
development,0.00610527650033784,B2-rank3-q8-r4-K2,48147122430.5625,981362,207660.20837794014,401908.5203322286,True
development,0.00610527650033784,B2-rank3-q8-r8-K2,50820617907.812485,974710,401908.5203322286,1925336.606401062,True
development,0.00610527650033784,B2-rank3-q8-r16-K4,57193482075.0,971400,1925336.606401062,8005997.4522827165,True
development,0.00610527650033784,B2-rank3-q8-r32-K2,70411383868.71877,969749,8005997.4522827165,9682391.523684861,True
development,0.00610527650033784,B2-rank6-q8-r1-K2,85089889418.62502,968233,9682391.523684861,10002525.640625402,True
development,0.00610527650033784,B2-rank6-q8-r2-K4,85469985392.96878,968195,10002525.640625402,26786568.317432605,True
development,0.00610527650033784,B2-rank6-q8-r4-K2,85978930191.0,968176,26786568.317432605,78974050.91250153,True
development,0.00610527650033784,B2-rank6-q8-r8-K4,86768670700.12502,968166,78974050.91250153,420962519.359375,True
development,0.00610527650033784,B2-rank6-q8-r16-K4,88452520777.56252,968162,420962519.359375,1319133513.0624993,True
development,0.00610527650033784,B0-rank9-q8-r0-K0,118792591578.0,968139,1319133513.0624993,MISSING,True
development,0.006166547824839868,B2-rank3-q2-r4-K4,23165106021.562492,1871630,0.0,3669.6612259806193,True
development,0.006166547824839868,B2-rank3-q4-r4-K4,26107631214.937504,1069778,3669.6612259806193,94976.24370500485,True
development,0.006166547824839868,B2-rank3-q4-r8-K4,27479658031.500004,1055332,94976.24370500485,210364.5097048342,True
development,0.006166547824839868,B2-rank3-q8-r4-K2,47181346187.90625,961677,210364.5097048342,401808.83062691486,True
development,0.006166547824839868,B2-rank3-q8-r8-K2,49801139763.593735,955157,401808.83062691486,1925703.910624812,True
development,0.006166547824839868,B2-rank3-q8-r16-K4,56046197545.75,951914,1925703.910624812,8000415.892931603,True
development,0.006166547824839868,B2-rank3-q8-r32-K2,68998870876.40627,950295,8000415.892931603,9679680.927468875,True
development,0.006166547824839868,B2-rank6-q8-r1-K2,83382876734.62502,948809,9679680.927468875,10067344.351351764,True
development,0.006166547824839868,B2-rank6-q8-r2-K4,83755368475.62503,948772,10067344.351351764,27710543.972220525,True
development,0.006166547824839868,B2-rank6-q8-r4-K2,84254158267.125,948754,27710543.972220525,77388001.83750153,True
development,0.006166547824839868,B2-rank6-q8-r8-K4,85028038285.50002,948744,77388001.83750153,412515921.90625,True
development,0.006166547824839868,B2-rank6-q8-r16-K4,86678101973.12502,948740,412515921.90625,1351431548.3124993,True
development,0.006166547824839868,B0-rank9-q8-r0-K0,116409596036.0,948718,1351431548.3124993,MISSING,True
development,0.006228434056005994,B2-rank3-q2-r4-K4,22494769394.062492,1817470,0.0,3977.248236276485,True
development,0.006228434056005994,B2-rank3-q4-r4-K4,25558085758.125004,1047260,3977.248236276485,94967.02716891748,True
development,0.006228434056005994,B2-rank3-q4-r8-K4,26901204423.375004,1033117,94967.02716891748,213090.98232909452,True
development,0.006228434056005994,B2-rank3-q8-r4-K2,46234949250.09375,942387,213090.98232909452,401895.3288490114,True
development,0.006228434056005994,B2-rank3-q8-r8-K2,48802256610.781235,935999,401895.3288490114,1925050.7507765854,True
development,0.006228434056005994,B2-rank3-q8-r16-K4,54921992947.5,932820,1925050.7507765854,8008184.496549694,True
development,0.006228434056005994,B2-rank3-q8-r32-K2,67614965374.531265,931235,8008184.496549694,9674286.997061599,True
development,0.006228434056005994,B2-rank6-q8-r1-K2,81710401529.25002,929778,9674286.997061599,9863645.142736899,True
development,0.006228434056005994,B2-rank6-q8-r2-K4,82075356399.53128,929741,9863645.142736899,27152929.064234417,True
development,0.006228434056005994,B2-rank6-q8-r4-K2,82564109122.6875,929723,27152929.064234417,84269827.74305725,True
development,0.006228434056005994,B2-rank6-q8-r8-K4,83322537572.37502,929714,84269827.74305725,404239804.640625,True
development,0.006228434056005994,B2-rank6-q8-r16-K4,84939496790.93752,929710,404239804.640625,1387390613.6696422,True
development,0.006228434056005994,B0-rank9-q8-r0-K0,114074699678.0,929689,1387390613.6696422,MISSING,True
development,0.006290941364915573,B2-rank3-q2-r4-K4,21847701467.812492,1765190,0.0,4287.729520852494,True
development,0.006290941364915573,B2-rank3-q4-r4-K4,25020449804.062504,1025230,4287.729520852494,94971.31006229686,True
development,0.006290941364915573,B2-rank3-q4-r8-K4,26335327591.875004,1011385,94971.31006229686,215848.18343202837,True
development,0.006290941364915573,B2-rank3-q8-r4-K2,45307735371.0,923488,215848.18343202837,401887.53428514133,True
development,0.006290941364915573,B2-rank3-q8-r8-K2,47823551335.624985,917228,401887.53428514133,1925207.88370787,True
development,0.006290941364915573,B2-rank3-q8-r16-K4,53820573893.375,914113,1925207.88370787,8009298.132083075,True
development,0.006290941364915573,B2-rank3-q8-r32-K2,66259013892.500015,912560,8009298.132083075,9665961.494314205,True
development,0.006290941364915573,B2-rank6-q8-r1-K2,80071672867.87502,911131,9665961.494314205,9934954.256076813,True
development,0.006290941364915573,B2-rank6-q8-r2-K4,80429331221.09378,911095,9934954.256076813,28176912.428307027,True
development,0.006290941364915573,B2-rank6-q8-r4-K2,80908338732.375,911078,28176912.428307027,82578052.95139058,True
development,0.006290941364915573,B2-rank6-q8-r8-K4,81651541208.93752,911069,82578052.95139058,316886626.3625,True
development,0.006290941364915573,B2-rank6-q8-r16-K4,83235974340.75002,911064,316886626.3625,1427547327.3624992,True
development,0.006290941364915573,B0-rank9-q8-r0-K0,111786920888.0,911044,1427547327.3624992,MISSING,True
development,0.0063540759845796685,B2-rank3-q2-r4-K4,21222887331.374992,1714708,0.0,4601.2418324797745,True
development,0.0063540759845796685,B2-rank3-q4-r4-K4,24494503710.281254,1003679,4601.2418324797745,94971.03431413235,True
development,0.0063540759845796685,B2-rank3-q4-r8-K4,25781741109.375004,990125,94971.03431413235,218633.55670278257,True
development,0.0063540759845796685,B2-rank3-q8-r4-K2,44399262996.84375,904971,218633.55670278257,401849.03464241803,True
development,0.0063540759845796685,B2-rank3-q8-r8-K2,46864606824.374985,898836,401849.03464241803,1924908.216590244,True
development,0.0063540759845796685,B2-rank3-q8-r16-K4,52741351609.625,895783,1924908.216590244,8008548.850258715,True
development,0.0063540759845796685,B2-rank3-q8-r32-K2,64930362959.718765,894261,8008548.850258715,9668366.15671875,True
development,0.0063540759845796685,B2-rank6-q8-r1-K2,78466075579.12502,892861,9668366.15671875,10014603.998214722,True
development,0.0063540759845796685,B2-rank6-q8-r2-K4,78816586719.06253,892826,10014603.998214722,27610136.852939382,True
development,0.0063540759845796685,B2-rank6-q8-r4-K2,79285959045.5625,892809,27610136.852939382,80920394.9375017,True
development,0.0063540759845796685,B2-rank6-q8-r8-K4,80014242600.00002,892800,80920394.9375017,310530498.71875,True
development,0.0063540759845796685,B2-rank6-q8-r16-K4,81566895093.59377,892795,310530498.71875,1406252912.1874924,True
development,0.0063540759845796685,B2-rank6-q8-r32-K2,84379400917.96875,892793,1406252912.1874924,1480352931.4136028,True
development,0.0063540759845796685,B0-rank9-q8-r0-K0,109545400752.0,892776,1480352931.4136028,MISSING,True
development,0.006417844210562581,B2-rank3-q2-r4-K4,20619423466.031242,1665951,0.0,4917.7302556413015,True
development,0.006417844210562581,B2-rank3-q4-r4-K4,23979979024.875004,982596,4917.7302556413015,94964.545845893,True
development,0.006417844210562581,B2-rank3-q4-r8-K4,25240158548.250004,969326,94964.545845893,221447.5634212344,True
development,0.006417844210562581,B2-rank3-q8-r4-K2,43509139635.375,886828,221447.5634212344,401773.87791555544,True
development,0.006417844210562581,B2-rank3-q8-r8-K2,45925005963.281235,880815,401773.87791555544,1925431.918662242,True
development,0.006417844210562581,B2-rank3-q8-r16-K4,51683972832.0,877824,1925431.918662242,8005766.821129367,True
development,0.006417844210562581,B2-rank3-q8-r32-K2,63628576929.125015,876332,8005766.821129367,9667878.77614796,True
development,0.006417844210562581,B2-rank6-q8-r1-K2,76892906610.00002,874960,9667878.77614796,9812050.98660758,True
development,0.006417844210562581,B2-rank6-q8-r2-K4,77236328394.53128,874925,9812050.98660758,28751252.017576218,True
development,0.006417844210562581,B2-rank6-q8-r4-K2,77696348426.8125,874909,28751252.017576218,79296218.5486128,True
development,0.006417844210562581,B2-rank6-q8-r8-K4,78410014393.75002,874900,79296218.5486128,380401281.6875,True
development,0.006417844210562581,B2-rank6-q8-r16-K4,79931619520.50002,874896,380401281.6875,1378058071.7812424,True
development,0.006417844210562581,B2-rank6-q8-r32-K2,82687735664.0625,874894,1378058071.7812424,1450671881.7610295,True
development,0.006417844210562581,B0-rank9-q8-r0-K0,107349157654.0,874877,1450671881.7610295,MISSING,True
development,0.006482252401609633,B2-rank3-q2-r4-K4,20036393976.093742,1618845,0.0,5237.241971217905,True
development,0.006482252401609633,B2-rank3-q4-r4-K4,23476607295.937504,961970,5237.241971217905,94959.37683285869,True
development,0.006482252401609633,B2-rank3-q4-r8-K4,24710319519.750004,948978,94959.37683285869,224287.82857599744,True
development,0.006482252401609633,B2-rank3-q8-r4-K2,42636972794.34375,869051,224287.82857599744,401809.76284580526,True
development,0.006482252401609633,B2-rank3-q8-r8-K2,45004435917.031235,863159,401809.76284580526,1925462.5126130213,True
development,0.006482252401609633,B2-rank3-q8-r16-K4,50647966541.5,860228,1925462.5126130213,8006279.7567117065,True
development,0.006482252401609633,B2-rank3-q8-r32-K2,62353147545.812515,858766,8006279.7567117065,9649760.564263178,True
development,0.006482252401609633,B2-rank6-q8-r1-K2,75351375025.87502,857419,9649760.564263178,10201562.29356107,True
development,0.006482252401609633,B2-rank6-q8-r2-K4,75688026581.56253,857386,10201562.29356107,28173115.878904343,True
development,0.006482252401609633,B2-rank6-q8-r4-K2,76138796435.625,857370,28173115.878904343,87429100.3437519,True
development,0.006482252401609633,B2-rank6-q8-r8-K4,76838229238.37502,857362,87429100.3437519,298200954.05625,True
development,0.006482252401609633,B2-rank6-q8-r16-K4,78329234008.65627,857357,298200954.05625,1350430310.1249924,True
development,0.006482252401609633,B2-rank6-q8-r32-K2,81030094628.90625,857355,1350430310.1249924,1510444709.3183594,True
development,0.006482252401609633,B0-rank9-q8-r0-K0,105197209978.0,857339,1510444709.3183594,MISSING,True
development,0.006547306980281227,B2-rank3-q2-r4-K4,19472957227.687492,1573322,0.0,5559.7069973481375,True
development,0.006547306980281227,B2-rank3-q4-r4-K4,22984095666.843754,941789,5559.7069973481375,94963.5922168606,True
development,0.006547306980281227,B2-rank3-q4-r8-K4,24191937596.250004,929070,94963.5922168606,227155.04513610885,True
development,0.006547306980281227,B2-rank3-q8-r4-K2,41782369981.5,851632,227155.04513610885,401802.0976684248,True
development,0.006547306980281227,B2-rank3-q8-r8-K2,44102375293.437485,845858,401802.0976684248,1925636.3329778954,True
development,0.006547306980281227,B2-rank3-q8-r16-K4,49632802841.75,842986,1925636.3329778954,8004567.962033332,True
development,0.006547306980281227,B2-rank3-q8-r32-K2,61103348731.343765,841553,8004567.962033332,9657149.786888741,True
development,0.006547306980281227,B2-rank6-q8-r1-K2,73841129300.25002,840234,9657149.786888741,9995326.019886825,True
development,0.006547306980281227,B2-rank6-q8-r2-K4,74170975058.90628,840201,9995326.019886825,27606648.603513718,True
development,0.006547306980281227,B2-rank6-q8-r4-K2,74612681436.5625,840185,27606648.603513718,85674887.7656269,True
development,0.006547306980281227,B2-rank6-q8-r8-K4,75298080538.68752,840177,85674887.7656269,365300303.2421875,True
development,0.006547306980281227,B2-rank6-q8-r16-K4,76759281751.65627,840173,365300303.2421875,1323361751.1249924,True
development,0.006547306980281227,B2-rank6-q8-r32-K2,79406005253.90625,840171,1323361751.1249924,1393092403.1819854,True
development,0.006547306980281227,B0-rank9-q8-r0-K0,103088576108.0,840154,1393092403.1819854,MISSING,True
development,0.006613014433593292,B2-rank3-q2-r4-K4,18928321094.812492,1529318,0.0,5885.207814329407,True
development,0.006613014433593292,B2-rank3-q4-r4-K4,22502248899.843754,922045,5885.207814329407,94967.03565943222,True
development,0.006613014433593292,B2-rank3-q4-r8-K4,23684778427.875004,909593,94967.03565943222,230050.89299703107,True
development,0.006613014433593292,B2-rank3-q8-r4-K2,40945036827.65625,834565,230050.89299703107,401905.37528172793,True
development,0.006613014433593292,B2-rank3-q8-r8-K2,43218615535.624985,828908,401905.37528172793,1924542.9449130027,True
development,0.006613014433593292,B2-rank3-q8-r16-K4,48638128468.5,826092,1924542.9449130027,8011946.960686931,True
development,0.006613014433593292,B2-rank3-q8-r32-K2,59878890054.343765,824689,8011946.960686931,9646368.286345635,True
development,0.006613014433593292,B2-rank6-q8-r1-K2,72361290616.87502,823395,9646368.286345635,10102039.565430164,True
development,0.006613014433593292,B2-rank6-q8-r2-K4,72684555882.96878,823363,10102039.565430164,27051619.451169968,True
development,0.006613014433593292,B2-rank6-q8-r4-K2,73117381794.1875,823347,27051619.451169968,83956096.2968769,True
development,0.006613014433593292,B2-rank6-q8-r8-K4,73789030564.56252,823339,83956096.2968769,357977483.3515625,True
development,0.006613014433593292,B2-rank6-q8-r16-K4,75220940497.96877,823335,357977483.3515625,1296838217.8124924,True
development,0.006613014433593292,B2-rank6-q8-r32-K2,77814616933.59375,823333,1296838217.8124924,1450501600.0253906,True
development,0.006613014433593292,B0-rank9-q8-r0-K0,101022642534.0,823317,1450501600.0253906,MISSING,True
development,0.006679381313664138,B2-rank3-q2-r4-K4,18401705828.437492,1486770,0.0,6213.7423350571125,True
development,0.006679381313664138,B2-rank3-q4-r4-K4,22030798543.031254,902727,6213.7423350571125,94968.17684921253,True
development,0.006679381313664138,B2-rank3-q4-r8-K4,23188555587.000004,890536,94968.17684921253,232976.93418387344,True
development,0.006679381313664138,B2-rank3-q8-r4-K2,40124580840.5625,817842,232976.93418387344,401876.3116206682,True
development,0.006679381313664138,B2-rank3-q8-r8-K2,42352583112.187485,812298,401876.3116206682,1925673.3304251325,True
development,0.006679381313664138,B2-rank3-q8-r16-K4,47663590157.5,809540,1925673.3304251325,8005418.080577773,True
development,0.006679381313664138,B2-rank3-q8-r32-K2,58679045436.375015,808164,8005418.080577773,9646913.4460765,True
development,0.006679381313664138,B2-rank6-q8-r1-K2,70911331686.00002,806896,9646913.4460765,9897848.328125477,True
development,0.006679381313664138,B2-rank6-q8-r2-K4,71228062832.50003,806864,9897848.328125477,28280869.3708313,True
development,0.006679381313664138,B2-rank6-q8-r4-K2,71652275873.0625,806849,28280869.3708313,82272011.3906269,True
development,0.006679381313664138,B2-rank6-q8-r8-K4,72310451964.18752,806841,82272011.3906269,350802528.9296875,True
development,0.006679381313664138,B2-rank6-q8-r16-K4,73713662079.90627,806837,350802528.9296875,1270850258.8749924,True
development,0.006679381313664138,B2-rank6-q8-r32-K2,76255362597.65625,806835,1270850258.8749924,1516204336.15625,True
development,0.006679381313664138,B0-rank9-q8-r0-K0,98998427640.0,806820,1516204336.15625,MISSING,True
development,0.006746414238367818,B2-rank3-q2-r4-K4,17892393564.374992,1445620,0.0,6545.337596276414,True
development,0.006746414238367818,B2-rank3-q4-r4-K4,21569524953.937504,883826,6545.337596276414,94965.63084890248,True
development,0.006746414238367818,B2-rank3-q4-r8-K4,22703034723.750004,871890,94965.63084890248,235935.8954933234,True
development,0.006746414238367818,B2-rank3-q8-r4-K2,39320707651.03125,801457,235935.8954933234,401870.38748734305,True
development,0.006746414238367818,B2-rank3-q8-r8-K2,41504069466.249985,796024,401870.38748734305,1924752.0964312186,True
development,0.006746414238367818,B2-rank3-q8-r16-K4,46708599135.0,793320,1924752.0964312186,8007997.103393928,True
development,0.006746414238367818,B2-rank3-q8-r32-K2,57503379230.375015,791972,8007997.103393928,9643741.129726468,True
development,0.006746414238367818,B2-rank6-q8-r1-K2,69490549454.62502,790729,9643741.129726468,10013444.739919847,True
development,0.006746414238367818,B2-rank6-q8-r2-K4,69800966241.56253,790698,10013444.739919847,27712466.074997965,True
development,0.006746414238367818,B2-rank6-q8-r4-K2,70216653232.6875,790683,27712466.074997965,92152021.86607361,True
development,0.006746414238367818,B2-rank6-q8-r8-K4,70861717385.75002,790676,92152021.86607361,343772395.6875,True
development,0.006746414238367818,B2-rank6-q8-r16-K4,72236806968.50002,790672,343772395.6875,1245386847.7812424,True
development,0.006746414238367818,B2-rank6-q8-r32-K2,74727580664.0625,790670,1245386847.7812424,1485824609.7291667,True
development,0.006746414238367818,B0-rank9-q8-r0-K0,97014949810.0,790655,1485824609.7291667,MISSING,True
development,0.0068141198919940285,B2-rank3-q2-r4-K4,17399703569.343742,1405813,0.0,6880.004663909879,True
development,0.0068141198919940285,B2-rank3-q4-r4-K4,21118208490.093754,865333,6880.004663909879,94968.25577881653,True
development,0.0068141198919940285,B2-rank3-q4-r8-K4,22228007527.125004,853647,94968.25577881653,238918.85471005196,True
development,0.0068141198919940285,B2-rank3-q8-r4-K2,38533024766.8125,785402,238918.85471005196,401799.16958333045,True
development,0.0068141198919940285,B2-rank3-q8-r8-K2,40672605344.843735,780077,401799.16958333045,1925373.554796627,True
development,0.0068141198919940285,B2-rank3-q8-r16-K4,45772919891.5,777428,1925373.554796627,8007975.698547513,True
development,0.0068141198919940285,B2-rank3-q8-r32-K2,56351455789.281265,776107,8007975.698547513,9644539.183369253,True
development,0.0068141198919940285,B2-rank6-q8-r1-K2,68098504514.625015,774889,9644539.183369253,10141064.319792176,True
development,0.0068141198919940285,B2-rank6-q8-r2-K4,68402736444.21878,774859,10141064.319792176,25452787.404294968,True
development,0.0068141198919940285,B2-rank6-q8-r4-K2,68809981042.6875,774843,25452787.404294968,90304116.15178789,True
development,0.0068141198919940285,B2-rank6-q8-r8-K4,69442109855.75002,774836,90304116.15178789,336883604.4375,True
development,0.0068141198919940285,B2-rank6-q8-r16-K4,70789644273.50002,774832,336883604.4375,1220435382.7812424,True
development,0.0068141198919940285,B2-rank6-q8-r32-K2,73230515039.0625,774830,1220435382.7812424,1560068413.78125,True
development,0.0068141198919940285,B0-rank9-q8-r0-K0,95071472832.0,774816,1560068413.78125,MISSING,True
development,0.006882505025914659,B2-rank3-q2-r4-K4,16922955110.062494,1367294,0.0,7217.719575991207,True
development,0.006882505025914659,B2-rank3-q4-r4-K4,20676580699.593754,847237,7217.719575991207,94974.8160043921,True
development,0.006882505025914659,B2-rank3-q4-r8-K4,21763187569.500004,835796,94974.8160043921,241936.48770085062,True
development,0.006882505025914659,B2-rank3-q8-r4-K2,37761237818.71875,769671,241936.48770085062,401829.1246406655,True
development,0.006882505025914659,B2-rank3-q8-r8-K2,39857982191.09374,764453,401829.1246406655,1925330.5447924722,True
development,0.006882505025914659,B2-rank3-q8-r16-K4,44856140285.375,761857,1925330.5447924722,8005117.044642863,True
development,0.006882505025914659,B2-rank3-q8-r32-K2,55222766858.18751,760562,8005117.044642863,9633170.772541841,True
development,0.006882505025914659,B2-rank6-q8-r1-K2,66734405931.37501,759367,9633170.772541841,10281827.937500525,True
development,0.006882505025914659,B2-rank6-q8-r2-K4,67032578941.56252,759338,10281827.937500525,26609835.408331808,True
development,0.006882505025914659,B2-rank6-q8-r4-K2,67431726472.6875,759323,26609835.408331808,88493541.86607361,True
development,0.006882505025914659,B2-rank6-q8-r8-K4,68051181265.750015,759316,88493541.86607361,330133980.6875,True
development,0.006882505025914659,B2-rank6-q8-r16-K4,69371717188.50002,759312,330133980.6875,1195987987.7812424,True
development,0.006882505025914659,B2-rank6-q8-r32-K2,71763693164.0625,759310,1195987987.7812424,1646428256.1490386,True
development,0.006882505025914659,B0-rank9-q8-r0-K0,93167260494.0,759297,1646428256.1490386,MISSING,True
development,0.006951576459257,B2-rank3-q2-r4-K4,16461554092.031244,1330015,0.0,7558.580535390332,True
development,0.006951576459257,B2-rank3-q4-r4-K4,20244495154.125004,829532,7558.580535390332,94963.08004552351,True
development,0.006951576459257,B2-rank3-q4-r8-K4,21308366539.875004,818329,94963.08004552351,244984.34317886512,True
development,0.006951576459257,B2-rank3-q8-r4-K2,37005003376.03125,754257,244984.34317886512,401784.7821666,True
development,0.006951576459257,B2-rank3-q8-r8-K2,39059730752.03124,749143,401784.7821666,1925337.4786138984,True
development,0.006951576459257,B2-rank3-q8-r16-K4,43957789297.625,746599,1925337.4786138984,8005527.883816003,True
development,0.006951576459257,B2-rank3-q8-r32-K2,54116804182.18751,745330,8005527.883816003,9642039.211805556,True
development,0.006951576459257,B2-rank6-q8-r1-K2,65397990060.00001,744160,9642039.211805556,10074157.343750525,True
development,0.006951576459257,B2-rank6-q8-r2-K4,65690140622.96877,744131,10074157.343750525,26075150.952081807,True
development,0.006951576459257,B2-rank6-q8-r4-K2,66081267887.25,744116,26075150.952081807,86719482.38392965,True
development,0.006951576459257,B2-rank6-q8-r8-K4,66688304263.93751,744109,86719482.38392965,323520480.1484394,True
development,0.006951576459257,B2-rank6-q8-r16-K4,67982386184.531265,744105,323520480.1484394,1172033636.2499924,True
development,0.006951576459257,B2-rank6-q8-r32-K2,70326453457.03125,744103,1172033636.2499924,1613452132.5360577,True
development,0.006951576459257,B0-rank9-q8-r0-K0,91301331180.0,744090,1613452132.5360577,MISSING,True
development,0.007021341079583731,B2-rank3-q2-r4-K4,16014881666.812494,1293926,0.0,7902.468924375175,True
development,0.007021341079583731,B2-rank3-q4-r4-K4,19821658997.062504,812206,7902.468924375175,94963.17725521926,True
development,0.007021341079583731,B2-rank3-q4-r8-K4,20863310088.375004,801237,94963.17725521926,248061.7859618621,True
development,0.007021341079583731,B2-rank3-q8-r4-K2,36263978008.03125,739153,248061.7859618621,401929.0344810364,True
development,0.007021341079583731,B2-rank3-q8-r8-K2,38277642470.78124,734143,401929.0344810364,1924591.0467497024,True
development,0.007021341079583731,B2-rank3-q8-r16-K4,43077572541.375,731649,1924591.0467497024,8009358.150191076,True
development,0.007021341079583731,B2-rank3-q8-r32-K2,53033204722.06251,730406,8009358.150191076,9621484.31728677,True
development,0.007021341079583731,B2-rank6-q8-r1-K2,64088290202.62501,729257,9621484.31728677,10608335.724537602,True
development,0.007021341079583731,B2-rank6-q8-r2-K4,64374715267.18752,729230,10608335.724537602,27382656.343748365,True
development,0.007021341079583731,B2-rank6-q8-r4-K2,64758072456.0,729216,27382656.343748365,74347380.31250095,True
development,0.007021341079583731,B2-rank6-q8-r8-K4,65352851498.50001,729208,74347380.31250095,317040058.53125,True
development,0.007021341079583731,B2-rank6-q8-r16-K4,66621011732.62501,729204,317040058.53125,1148561301.6562462,True
development,0.007021341079583731,B2-rank6-q8-r32-K2,68918134335.9375,729202,1148561301.6562462,1712911420.3385417,True
development,0.007021341079583731,B0-rank9-q8-r0-K0,89473071380.0,729190,1712911420.3385417,MISSING,True
development,0.007091805843579723,B2-rank3-q2-r4-K4,15582368493.843744,1258981,0.0,8249.571529538889,True
development,0.007091805843579723,B2-rank3-q4-r4-K4,19407925800.093754,795253,8249.571529538889,94974.96802833132,True
development,0.007091805843579723,B2-rank3-q4-r8-K4,20427861981.750004,784514,94974.96802833132,251164.46850585932,True
development,0.007091805843579723,B2-rank3-q8-r4-K2,35537916407.0625,724354,251164.46850585932,401900.5473141532,True
development,0.007091805843579723,B2-rank3-q8-r8-K2,37511248094.37499,719444,401900.5473141532,1924643.936425944,True
development,0.007091805843579723,B2-rank3-q8-r16-K4,42215077875.0,717000,1924643.936425944,8003475.908300867,True
development,0.007091805843579723,B2-rank3-q8-r32-K2,51971315007.21876,715781,8003475.908300867,9630058.301138889,True
development,0.007091805843579723,B2-rank6-q8-r1-K2,62805130596.00001,714656,9630058.301138889,10019797.665179117,True
development,0.007091805843579723,B2-rank6-q8-r2-K4,63085684930.62502,714628,10019797.665179117,28903446.75480593,True
development,0.007091805843579723,B2-rank6-q8-r4-K2,63461429738.4375,714615,28903446.75480593,83277874.6517868,True
development,0.007091805843579723,B2-rank6-q8-r8-K4,64044374861.00001,714608,83277874.6517868,310690541.34375,True
development,0.007091805843579723,B2-rank6-q8-r16-K4,65287137026.37501,714604,310690541.34375,1599606082.4017851,True
development,0.007091805843579723,B0-rank9-q8-r0-K0,87681622180.0,714590,1599606082.4017851,MISSING,True
development,0.007162977777745734,B2-rank3-q2-r4-K4,15163494740.437494,1225138,0.0,8599.786729602418,True
development,0.007162977777745734,B2-rank3-q4-r4-K4,19003075920.750004,778664,8599.786729602418,94963.27812381134,True
development,0.007162977777745734,B2-rank3-q4-r8-K4,20001709753.500004,768148,94963.27812381134,254305.9505773436,True
development,0.007162977777745734,B2-rank3-q8-r4-K2,34826475142.40625,709853,254305.9505773436,401872.7731322719,True
development,0.007162977777745734,B2-rank3-q8-r8-K2,36760286926.71874,705041,401872.7731322719,1925532.1574378686,True
development,0.007162977777745734,B2-rank3-q8-r16-K4,41370010911.625,702647,1925532.1574378686,8000758.412133898,True
development,0.007162977777745734,B2-rank3-q8-r32-K2,50930917214.12501,701452,8000758.412133898,9625467.79057117,True
development,0.007162977777745734,B2-rank6-q8-r1-K2,61547808187.12501,700349,9625467.79057117,10184318.26620427,True
development,0.007162977777745734,B2-rank6-q8-r2-K4,61822784780.31252,700322,10184318.26620427,26293637.781248365,True
development,0.007162977777745734,B2-rank6-q8-r4-K2,62190895709.25,700308,26293637.781248365,95225215.06250127,True
development,0.007162977777745734,B2-rank6-q8-r8-K4,62762246999.62501,700302,95225215.06250127,304468884.296875,True
development,0.007162977777745734,B2-rank6-q8-r16-K4,63980122536.81251,700298,304468884.296875,1103028028.4687462,True
development,0.007162977777745734,B2-rank6-q8-r32-K2,66186178593.75,700296,1103028028.4687462,1645005731.1875,True
development,0.007162977777745734,B0-rank9-q8-r0-K0,85926247368.0,700284,1645005731.1875,MISSING,True
development,0.007234863979099068,B2-rank3-q2-r4-K4,14757715819.968744,1192353,0.0,8953.092853329914,True
development,0.007234863979099068,B2-rank3-q4-r4-K4,18606865311.843754,762429,8953.092853329914,94972.01423186189,True
development,0.007234863979099068,B2-rank3-q4-r8-K4,19584697170.375004,752133,94972.01423186189,257483.2130015445,True
development,0.007234863979099068,B2-rank3-q8-r4-K2,34129408906.40625,695645,257483.2130015445,401746.2849467336,True
development,0.007234863979099068,B2-rank3-q8-r8-K2,36024446132.49999,690928,401746.2849467336,1925598.6784953144,True
development,0.007234863979099068,B2-rank3-q8-r16-K4,40541900632.25,688582,1925598.6784953144,8001306.445586044,True
development,0.007234863979099068,B2-rank3-q8-r32-K2,49911430480.03126,687411,8001306.445586044,9624759.672727799,True
development,0.007234863979099068,B2-rank6-q8-r1-K2,60315795686.25001,686330,9624759.672727799,9978690.040509824,True
development,0.007234863979099068,B2-rank6-q8-r2-K4,60585220317.34377,686303,9978690.040509824,30074569.23697726,True
development,0.007234863979099068,B2-rank6-q8-r4-K2,60946115148.1875,686291,30074569.23697726,69965676.79687595,True
development,0.007234863979099068,B2-rank6-q8-r8-K4,61505840562.56251,686283,69965676.79687595,596835447.484375,True
development,0.007234863979099068,B2-rank6-q8-r16-K4,62699511457.53126,686281,596835447.484375,1080948187.2499962,True
development,0.007234863979099068,B2-rank6-q8-r32-K2,64861407832.03125,686279,1080948187.2499962,1612077133.4973958,True
development,0.007234863979099068,B0-rank9-q8-r0-K0,84206333434.0,686267,1612077133.4973958,MISSING,True
development,0.007307471615881263,B2-rank3-q2-r4-K4,14364561407.624996,1160588,0.0,9309.722992906569,True
development,0.007307471615881263,B2-rank3-q4-r4-K4,18219196354.500004,746544,9309.722992906569,94953.83981701874,True
development,0.007307471615881263,B2-rank3-q4-r8-K4,19176615921.375004,736461,94953.83981701874,260686.33488805965,True
development,0.007307471615881263,B2-rank3-q8-r4-K2,33446325206.8125,681722,260686.33488805965,401804.3723090637,True
development,0.007307471615881263,B2-rank3-q8-r8-K2,35303465015.62499,677100,401804.3723090637,1924777.2323369598,True
development,0.007307471615881263,B2-rank3-q8-r16-K4,39730452650.0,674800,1924777.2323369598,8012313.894906202,True
development,0.007307471615881263,B2-rank3-q8-r32-K2,48912564373.56251,673654,8012313.894906202,9618952.180837264,True
development,0.007307471615881263,B2-rank6-q8-r1-K2,59108653685.25001,672594,9618952.180837264,9777212.809028342,True
development,0.007307471615881263,B2-rank6-q8-r2-K4,59372638431.09377,672567,9777212.809028342,29470864.882810593,True
development,0.007307471615881263,B2-rank6-q8-r4-K2,59726288809.6875,672555,29470864.882810593,78371125.00892965,True
development,0.007307471615881263,B2-rank6-q8-r8-K4,60274886684.75001,672548,78371125.00892965,389895404.5104167,True
development,0.007307471615881263,B2-rank6-q8-r16-K4,61444572898.28126,672545,389895404.5104167,1059310982.4999962,True
development,0.007307471615881263,B2-rank6-q8-r32-K2,63563194863.28125,672543,1059310982.4999962,1579808658.2265625,True
development,0.007307471615881263,B0-rank9-q8-r0-K0,82520898762.0,672531,1579808658.2265625,MISSING,True
development,0.007380807928272885,B2-rank3-q2-r4-K4,13983561178.593746,1129805,0.0,9669.3522033159,True
development,0.007380807928272885,B2-rank3-q4-r4-K4,17839776192.093754,730997,9669.3522033159,94966.3231646323,True
development,0.007380807928272885,B2-rank3-q4-r8-K4,18777283734.375004,721125,94966.3231646323,263916.1294271716,True
development,0.007380807928272885,B2-rank3-q8-r4-K2,32776978735.96875,668079,263916.1294271716,401854.68438810826,True
development,0.007380807928272885,B2-rank3-q8-r8-K2,34596978601.56249,663550,401854.68438810826,1924753.3169642892,True
development,0.007380807928272885,B2-rank3-q8-r16-K4,38935372578.0,661296,1924753.3169642892,8012792.033810114,True
development,0.007380807928272885,B2-rank3-q8-r32-K2,47933738031.96876,660173,8012792.033810114,9616967.257729787,True
development,0.007380807928272885,B2-rank6-q8-r1-K2,57925767012.75001,659134,9616967.257729787,9951632.418269524,True
development,0.007380807928272885,B2-rank6-q8-r2-K4,58184509455.625015,659108,9951632.418269524,26651016.370191135,True
development,0.007380807928272885,B2-rank6-q8-r4-K2,58530972668.4375,659095,26651016.370191135,89615954.04166794,True
development,0.007380807928272885,B2-rank6-q8-r8-K4,59068668392.68751,659089,89615954.04166794,286545414.9921875,True
development,0.007380807928272885,B2-rank6-q8-r16-K4,60214850052.65626,659085,286545414.9921875,1038108538.1249962,True
development,0.007380807928272885,B2-rank6-q8-r32-K2,62291067128.90625,659083,1038108538.1249962,1688944128.6448863,True
development,0.007380807928272885,B0-rank9-q8-r0-K0,80869452544.0,659072,1688944128.6448863,MISSING,True
development,0.0074548802291154945,B2-rank3-q2-r4-K4,13614244808.062496,1099966,0.0,10032.29709010747,True
development,0.0074548802291154945,B2-rank3-q4-r4-K4,17468482801.031254,715783,10032.29709010747,94960.53154740353,True
development,0.0074548802291154945,B2-rank3-q4-r8-K4,18386466259.500004,706116,94960.53154740353,267185.25292712275,True
development,0.0074548802291154945,B2-rank3-q8-r4-K2,32121124186.21875,654711,267185.25292712275,401790.9143458532,True
development,0.0074548802291154945,B2-rank3-q8-r8-K2,33904674054.999992,650272,401790.9143458532,1926457.6231875885,True
development,0.0074548802291154945,B2-rank3-q8-r16-K4,38156366029.375,648065,1926457.6231875885,8009350.585376937,True
development,0.0074548802291154945,B2-rank3-q8-r32-K2,46974661023.87501,646964,8009350.585376937,9609455.580716388,True
development,0.0074548802291154945,B2-rank6-q8-r1-K2,56766696260.62501,645945,9609455.580716388,10144298.575000305,True
development,0.0074548802291154945,B2-rank6-q8-r2-K4,57020303725.000015,645920,10144298.575000305,24244212.43749891,True
development,0.0074548802291154945,B2-rank6-q8-r4-K2,57359722699.125,645906,24244212.43749891,87820876.18750127,True
development,0.0074548802291154945,B2-rank6-q8-r8-K4,57886647956.25001,645900,87820876.18750127,561710440.28125,True
development,0.0074548802291154945,B2-rank6-q8-r16-K4,59010068836.81251,645898,561710440.28125,1017336128.4687462,True
development,0.0074548802291154945,B2-rank6-q8-r32-K2,61044741093.75,645896,1017336128.4687462,1655149106.9318182,True
development,0.0074548802291154945,B0-rank9-q8-r0-K0,79251381270.0,645885,1655149106.9318182,MISSING,True
development,0.007529695904640853,B2-rank3-q2-r4-K4,13256216233.031246,1071039,0.0,10398.464152465007,True
development,0.007529695904640853,B2-rank3-q4-r4-K4,17105145348.281254,700895,10398.464152465007,94959.64019583246,True
development,0.007529695904640853,B2-rank3-q4-r8-K4,18004033302.375004,691429,94959.64019583246,270485.0439122219,True
development,0.007529695904640853,B2-rank3-q8-r4-K2,31478516249.90625,641613,270485.0439122219,401811.19732758444,True
development,0.007529695904640853,B2-rank3-q8-r8-K2,33226394958.281242,637263,401811.19732758444,1925400.6593547864,True
development,0.007529695904640853,B2-rank3-q8-r16-K4,37392961985.125,635099,1925400.6593547864,8001657.871672461,True
development,0.007529695904640853,B2-rank3-q8-r32-K2,46034752486.53126,634019,8001657.871672461,9615392.437468687,True
development,0.007529695904640853,B2-rank6-q8-r1-K2,55630914139.12501,633021,9615392.437468687,10357393.089844069,True
development,0.007529695904640853,B2-rank6-q8-r2-K4,55879491573.281265,632997,10357393.089844069,25591700.632210366,True
development,0.007529695904640853,B2-rank6-q8-r4-K2,56212183681.5,632984,25591700.632210366,86062138.14583461,True
development,0.007529695904640853,B2-rank6-q8-r8-K4,56728556510.37501,632978,86062138.14583461,366950162.9479167,True
development,0.007529695904640853,B2-rank6-q8-r16-K4,57829406999.21876,632975,366950162.9479167,996979576.5624962,True
development,0.007529695904640853,B2-rank6-q8-r32-K2,59823366152.34375,632973,996979576.5624962,1622030651.96875,True
development,0.007529695904640853,B0-rank9-q8-r0-K0,77665703324.0,632962,1622030651.96875,MISSING,True
development,0.00760526241520746,B2-rank3-q2-r4-K4,12909029882.624996,1042988,0.0,10767.779019615768,True
development,0.00760526241520746,B2-rank3-q4-r4-K4,16749519786.656254,686323,10767.779019615768,94975.26181147496,True
development,0.00760526241520746,B2-rank3-q4-r8-K4,17629750513.125004,677055,94975.26181147496,273816.95182359085,True
development,0.00760526241520746,B2-rank3-q8-r4-K2,30848811496.3125,628778,273816.95182359085,401809.21917516825,True
development,0.00760526241520746,B2-rank3-q8-r8-K2,32561724197.656242,624515,401809.21917516825,1925130.0038160102,True
development,0.00760526241520746,B2-rank3-q8-r16-K4,36644924935.75,622394,1925130.0038160102,8004671.331285452,True
development,0.00760526241520746,B2-rank3-q8-r32-K2,45113867204.25001,621336,8004671.331285452,9615748.38190184,True
development,0.00760526241520746,B2-rank6-q8-r1-K2,54518069121.75001,620358,9615748.38190184,9738968.511250306,True
development,0.00760526241520746,B2-rank6-q8-r2-K4,54761543334.531265,620333,9738968.511250306,27175153.377602894,True
development,0.00760526241520746,B2-rank6-q8-r4-K2,55087645175.0625,620321,27175153.377602894,84338651.08333461,True
development,0.00760526241520746,B2-rank6-q8-r8-K4,55593677081.56251,620315,84338651.08333461,359607337.7291667,True
development,0.00760526241520746,B2-rank6-q8-r16-K4,56672499094.75001,620312,359607337.7291667,1619962625.4374993,True
development,0.00760526241520746,B0-rank9-q8-r0-K0,76112050600.0,620300,1619962625.4374993,MISSING,True
development,0.007681587296044463,B2-rank3-q2-r4-K4,12572302070.812496,1015782,0.0,11140.514276105649,True
development,0.007681587296044463,B2-rank3-q4-r4-K4,16401508497.281254,672063,11140.514276105649,94967.73053589136,True
development,0.007681587296044463,B2-rank3-q4-r8-K4,17263435619.625004,662987,94967.73053589136,277176.99225479295,True
development,0.007681587296044463,B2-rank3-q8-r4-K2,30231715556.25,616200,277176.99225479295,401887.8431365196,True
development,0.007681587296044463,B2-rank3-q8-r8-K2,31910401077.031242,612023,401887.8431365196,1925678.2566620586,True
development,0.007681587296044463,B2-rank3-q8-r16-K4,35911960494.375,609945,1925678.2566620586,8003410.2485535275,True
development,0.007681587296044463,B2-rank3-q8-r32-K2,44211496922.12501,608908,8003410.2485535275,9599959.618098957,True
development,0.007681587296044463,B2-rank6-q8-r1-K2,53427458155.50001,607948,9599959.618098957,10379826.968750332,True
development,0.007681587296044463,B2-rank6-q8-r2-K4,53666194175.781265,607925,10379826.968750332,26629815.315102894,True
development,0.007681587296044463,B2-rank6-q8-r4-K2,53985751959.5625,607913,26629815.315102894,82649870.58333461,True
development,0.007681587296044463,B2-rank6-q8-r8-K4,54481651183.06251,607907,82649870.58333461,352412377.9791667,True
development,0.007681587296044463,B2-rank6-q8-r16-K4,55538888317.00001,607904,352412377.9791667,1731890778.9999993,True
development,0.007681587296044463,B0-rank9-q8-r0-K0,74589686886.0,607893,1731890778.9999993,MISSING,True
development,0.007758678158003055,B2-rank3-q2-r4-K4,12245686242.468746,989393,0.0,11516.42387525433,True
development,0.007758678158003055,B2-rank3-q4-r4-K4,16060916242.406252,658107,11516.42387525433,94961.31258086767,True
development,0.007758678158003055,B2-rank3-q4-r8-K4,16904932388.625004,649219,94961.31258086767,280575.8078755265,True
development,0.007758678158003055,B2-rank3-q8-r4-K2,29627081245.125,603876,280575.8078755265,401938.86987692217,True
development,0.007758678158003055,B2-rank3-q8-r8-K2,31272217039.531242,599783,401938.86987692217,1925134.1959836807,True
development,0.007758678158003055,B2-rank3-q8-r16-K4,35193715396.75,597746,1925134.1959836807,8005475.594672744,True
development,0.007758678158003055,B2-rank3-q8-r32-K2,43327278600.93751,596730,8005475.594672744,9608207.189162234,True
development,0.007758678158003055,B2-rank6-q8-r1-K2,52358993358.75001,595790,9608207.189162234,10170481.406250332,True
development,0.007758678158003055,B2-rank6-q8-r2-K4,52592914431.093765,595767,10170481.406250332,26095464.88281123,True
development,0.007758678158003055,B2-rank6-q8-r4-K2,52906060009.6875,595755,26095464.88281123,80995116.12500127,True
development,0.007758678158003055,B2-rank6-q8-r8-K4,53392030706.43751,595749,80995116.12500127,345362384.375,True
development,0.007758678158003055,B2-rank6-q8-r16-K4,54428117859.56251,595746,345362384.375,1697250737.3124993,True
development,0.007758678158003055,B0-rank9-q8-r0-K0,73097875970.0,595735,1697250737.3124993,MISSING,True
development,0.007836542688315398,B2-rank3-q2-r4-K4,11928798711.562496,963790,0.0,11895.513829076433,True
development,0.007836542688315398,B2-rank3-q4-r4-K4,15727547784.281252,644447,11895.513829076433,94954.58695355605,True
development,0.007836542688315398,B2-rank3-q4-r8-K4,16554032509.125004,635743,94954.58695355605,284025.0954930646,True
development,0.007836542688315398,B2-rank3-q8-r4-K2,29034663255.28125,591801,284025.0954930646,401843.46823591535,True
development,0.007836542688315398,B2-rank3-q8-r8-K2,30646859249.843742,587789,401843.46823591535,1924404.6099931186,True
development,0.007836542688315398,B2-rank3-q8-r16-K4,34489895256.0,585792,1924404.6099931186,8019141.401722845,True
development,0.007836542688315398,B2-rank3-q8-r32-K2,42460921809.31251,584798,8019141.401722845,9589341.26496479,True
development,0.007836542688315398,B2-rank6-q8-r1-K2,51311883796.87501,583875,9589341.26496479,9965320.000000332,True
development,0.007836542688315398,B2-rank6-q8-r2-K4,51541086156.875015,583852,9965320.000000332,27904576.19886225,True
development,0.007836542688315398,B2-rank6-q8-r4-K2,51848036495.0625,583841,27904576.19886225,79373571.08333461,True
development,0.007836542688315398,B2-rank6-q8-r8-K4,52324277921.56251,583835,79373571.08333461,338453877.7291667,True
development,0.007836542688315398,B2-rank6-q8-r16-K4,53339639554.75001,583832,338453877.7291667,1663305889.7499993,True
development,0.007836542688315398,B0-rank9-q8-r0-K0,71636004342.0,583821,1663305889.7499993,MISSING,True
development,0.007915188651361163,B2-rank3-q2-r4-K4,11621305299.937496,938946,0.0,12277.910660981348,True
development,0.007915188651361163,B2-rank3-q4-r4-K4,15401281099.312502,631078,12277.910660981348,94974.97831348298,True
development,0.007915188651361163,B2-rank3-q4-r8-K4,16210657864.500004,622556,94974.97831348298,287478.250956086,True
development,0.007915188651361163,B2-rank3-q8-r4-K2,28454069094.46875,579967,287478.250956086,401932.8205052766,True
development,0.007915188651361163,B2-rank3-q8-r8-K2,30034067011.874992,576036,401932.8205052766,1924474.9876085885,True
development,0.007915188651361163,B2-rank3-q8-r16-K4,33800264562.625,574079,1924474.9876085885,8011878.073717956,True
development,0.007915188651361163,B2-rank3-q8-r32-K2,41611845684.50001,573104,8011878.073717956,9605878.208333334,True
development,0.007915188651361163,B2-rank6-q8-r1-K2,50285953706.62501,572201,9605878.208333334,9764308.312500332,True
development,0.007915188651361163,B2-rank6-q8-r2-K4,50510532797.812515,572178,9764308.312500332,27344854.329544067,True
development,0.007915188651361163,B2-rank6-q8-r4-K2,50811326195.4375,572167,27344854.329544067,77784691.04166794,True
development,0.007915188651361163,B2-rank6-q8-r8-K4,51278034341.68751,572161,77784691.04166794,331684538.5833333,True
development,0.007915188651361163,B2-rank6-q8-r16-K4,52273087957.43751,572158,331684538.5833333,1630044839.6874993,True
development,0.007915188651361163,B0-rank9-q8-r0-K0,70203581194.0,572147,1630044839.6874993,MISSING,True
development,0.007994623889441776,B2-rank3-q2-r4-K4,11322859452.468746,914833,0.0,12663.80194893109,True
development,0.007994623889441776,B2-rank3-q4-r4-K4,15081969759.187502,617994,12663.80194893109,94965.04994158879,True
development,0.007994623889441776,B2-rank3-q4-r8-K4,15874548066.000002,609648,94965.04994158879,290992.16560039367,True
development,0.007994623889441776,B2-rank3-q8-r4-K2,27885249701.15625,568373,290992.16560039367,401864.0196194504,True
development,0.007994623889441776,B2-rank3-q8-r8-K2,29433631768.749992,564520,401864.0196194504,1924346.799270077,True
development,0.007994623889441776,B2-rank3-q8-r16-K4,33124528929.75,562602,1924346.799270077,8007715.565964966,True
development,0.007994623889441776,B2-rank3-q8-r32-K2,40779905010.81251,561646,8007715.565964966,9594351.043101016,True
development,0.007994623889441776,B2-rank6-q8-r1-K2,49280500035.00001,560760,9594351.043101016,10006198.877841257,True
development,0.007994623889441776,B2-rank6-q8-r2-K4,49500636410.312515,560738,10006198.877841257,29484867.518748473,True
development,0.007994623889441776,B2-rank6-q8-r4-K2,49795485085.5,560728,29484867.518748473,76227795.47916794,True
development,0.007994623889441776,B2-rank6-q8-r8-K4,50252851858.37501,560722,76227795.47916794,325051467.6145833,True
development,0.007994623889441776,B2-rank6-q8-r16-K4,51228006261.21876,560719,325051467.6145833,1597453341.3437493,True
development,0.007994623889441776,B0-rank9-q8-r0-K0,68799993016.0,560708,1597453341.3437493,MISSING,True
development,0.008074856323562416,B2-rank3-q2-r4-K4,11033164121.906246,891427,0.0,13052.873128318914,True
development,0.008074856323562416,B2-rank3-q4-r4-K4,14769418526.156252,605187,13052.873128318914,94965.66659656797,True
development,0.008074856323562416,B2-rank3-q4-r8-K4,15545572919.250002,597014,94965.66659656797,294525.3125265598,True
development,0.008074856323562416,B2-rank3-q8-r4-K2,27327763521.5625,557010,294525.3125265598,401860.44077727554,True
development,0.008074856323562416,B2-rank3-q8-r8-K2,28845188545.937492,553234,401860.44077727554,1925038.077268498,True
development,0.008074856323562416,B2-rank3-q8-r16-K4,32462335093.125,551355,1925038.077268498,8006754.587046433,True
development,0.008074856323562416,B2-rank3-q8-r32-K2,39964664141.18751,550418,8006754.587046433,9597560.918850806,True
development,0.008074856323562416,B2-rank6-q8-r1-K2,48295347018.75001,549550,9597560.918850806,9804402.954545802,True
development,0.008074856323562416,B2-rank6-q8-r2-K4,48511043883.750015,549528,9804402.954545802,28893645.112498473,True
development,0.008074856323562416,B2-rank6-q8-r4-K2,48799980334.875,549518,28893645.112498473,74702067.77083461,True
development,0.008074856323562416,B2-rank6-q8-r8-K4,49248192741.50001,549512,74702067.77083461,477872459.09375,True
development,0.008074856323562416,B2-rank6-q8-r16-K4,50203937659.68751,549510,477872459.09375,865503943.5937462,True
development,0.008074856323562416,B2-rank6-q8-r32-K2,51934945546.875,549508,865503943.5937462,1936225431.640625,True
development,0.008074856323562416,B0-rank9-q8-r0-K0,67424749000.0,549500,1936225431.640625,MISSING,True
development,0.00815589395422187,B2-rank3-q2-r4-K4,10751909884.031246,868703,0.0,13445.188181483943,True
development,0.00815589395422187,B2-rank3-q4-r4-K4,14463480971.906252,592651,13445.188181483943,94976.286279364,True
development,0.00815589395422187,B2-rank3-q4-r8-K4,15223576191.000002,584648,94976.286279364,298100.07844900957,True
development,0.00815589395422187,B2-rank3-q8-r4-K2,26781512432.625,545876,298100.07844900957,401924.49523648445,True
development,0.00815589395422187,B2-rank3-q8-r8-K2,28268633064.999992,542176,401924.49523648445,1925515.1307034262,True
development,0.00815589395422187,B2-rank3-q8-r16-K4,31813506420.625,540335,1925515.1307034262,8000354.976741031,True
development,0.00815589395422187,B2-rank3-q8-r32-K2,39165832644.25001,539416,8000354.976741031,9593577.818889542,True
development,0.00815589395422187,B2-rank6-q8-r1-K2,47329967368.12501,538565,9593577.818889542,10068320.922619412,True
development,0.00815589395422187,B2-rank6-q8-r2-K4,47541402107.500015,538544,10068320.922619412,25732237.801134977,True
development,0.00815589395422187,B2-rank6-q8-r4-K2,47824456723.3125,538533,25732237.801134977,109855256.0937519,True
development,0.00815589395422187,B2-rank6-q8-r8-K4,48263877747.68751,538529,109855256.0937519,234114059.3671875,True
development,0.00815589395422187,B2-rank6-q8-r16-K4,49200333985.15626,538525,234114059.3671875,1875184027.4270825,True
development,0.00815589395422187,B0-rank9-q8-r0-K0,66076990232.0,538516,1875184027.4270825,MISSING,True
development,0.008237744862210327,B2-rank3-q2-r4-K4,10478799691.593746,846637,0.0,13841.235026281316,True
development,0.008237744862210327,B2-rank3-q4-r4-K4,14164083882.281252,580383,13841.235026281316,94950.60157146958,True
development,0.008237744862210327,B2-rank3-q4-r8-K4,14908401648.000002,572544,94950.60157146958,301724.4202628935,True
development,0.008237744862210327,B2-rank3-q8-r4-K2,26246300188.21875,534967,301724.4202628935,401806.53498931415,True
development,0.008237744862210327,B2-rank3-q8-r8-K2,27703652490.624992,531340,401806.53498931415,1924641.7063711954,True
development,0.008237744862210327,B2-rank3-q8-r16-K4,31177630770.625,529535,1924641.7063711954,8015004.80311458,True
development,0.008237744862210327,B2-rank3-q8-r32-K2,38383120088.62501,528636,8015004.80311458,9581903.554491019,True
development,0.008237744862210327,B2-rank6-q8-r1-K2,46384009556.62501,527801,9581903.554491019,9865326.619047983,True
development,0.008237744862210327,B2-rank6-q8-r2-K4,46591181415.625015,527780,9865326.619047983,27746641.999998473,True
development,0.008237744862210327,B2-rank6-q8-r4-K2,46868647835.625,527770,27746641.999998473,71742074.35416794,True
development,0.008237744862210327,B2-rank6-q8-r8-K4,47299100281.75001,527764,71742074.35416794,458956116.65625,True
development,0.008237744862210327,B2-rank6-q8-r16-K4,48217012515.06251,527762,458956116.65625,1662586684.1562424,True
development,0.008237744862210327,B2-rank6-q8-r32-K2,49879599199.21875,527761,1662586684.1562424,1859593675.8476562,True
development,0.008237744862210327,B0-rank9-q8-r0-K0,64756348606.0,527753,1859593675.8476562,MISSING,True
development,0.008320417209415154,B2-rank3-q2-r4-K4,10213573628.249996,825208,0.0,14240.45876543801,True
development,0.008320417209415154,B2-rank3-q4-r4-K4,13871007614.812502,568374,14240.45876543801,94963.19957497394,True
development,0.008320417209415154,B2-rank3-q4-r8-K4,14599945134.750002,560698,94963.19957497394,305360.44761064736,True
development,0.008320417209415154,B2-rank3-q8-r4-K2,25721783357.625,524276,305360.44761064736,401872.51218697027,True
development,0.008320417209415154,B2-rank3-q8-r8-K2,27150038265.937492,520722,401872.51218697027,1924563.099173266,True
development,0.008320417209415154,B2-rank3-q8-r16-K4,30554590388.375,518953,1924563.099173266,8006154.0034368,True
development,0.008320417209415154,B2-rank3-q8-r32-K2,37616018219.40626,518071,8006154.0034368,9585594.079118276,True
development,0.008320417209415154,B2-rank6-q8-r1-K2,45457034176.12501,517253,9585594.079118276,10154139.951562881,True
development,0.008320417209415154,B2-rank6-q8-r2-K4,45660116975.156265,517233,10154139.951562881,27190386.628123473,True
development,0.008320417209415154,B2-rank6-q8-r4-K2,45932020841.4375,517223,27190386.628123473,70306583.70833461,True
development,0.008320417209415154,B2-rank6-q8-r8-K4,46353860343.68751,517217,70306583.70833461,449782369.015625,True
development,0.008320417209415154,B2-rank6-q8-r16-K4,47253425081.71876,517215,449782369.015625,814632254.0624962,True
development,0.008320417209415154,B2-rank6-q8-r32-K2,48882689589.84375,517213,814632254.0624962,2082788717.450893,True
development,0.008320417209415154,B0-rank9-q8-r0-K0,63462210612.0,517206,2082788717.450893,MISSING,True
development,0.00840391923963477,B2-rank3-q2-r4-K4,9955959400.687496,804394,0.0,14642.848139044967,True
development,0.00840391923963477,B2-rank3-q4-r4-K4,13584105741.187502,556618,14642.848139044967,94966.94960589331,True
development,0.00840391923963477,B2-rank3-q4-r8-K4,14297972301.375002,549101,94966.94960589331,309051.9377602617,True
development,0.00840391923963477,B2-rank3-q8-r4-K2,25207814756.25,513800,309051.9377602617,401870.49629449967,True
development,0.00840391923963477,B2-rank3-q8-r8-K2,26607529694.843742,510317,401870.49629449967,1924165.118097611,True
development,0.00840391923963477,B2-rank3-q8-r16-K4,29944032009.625,508583,1924165.118097611,8009664.1334273815,True
development,0.00840391923963477,B2-rank3-q8-r32-K2,36864381820.90626,507719,8009664.1334273815,9581431.270846322,True
development,0.00840391923963477,B2-rank6-q8-r1-K2,44548689700.12501,506917,9581431.270846322,9949471.001562882,True
development,0.00840391923963477,B2-rank6-q8-r2-K4,44747679120.156265,506897,9949471.001562882,26645259.528123476,True
development,0.00840391923963477,B2-rank6-q8-r4-K2,45014131715.4375,506887,26645259.528123476,103394527.4062519,True
development,0.00840391923963477,B2-rank6-q8-r8-K4,45427709825.06251,506883,103394527.4062519,293832138.3125,True
development,0.00840391923963477,B2-rank6-q8-r16-K4,46309206240.00001,506880,293832138.3125,1588475649.9999993,True
development,0.00840391923963477,B0-rank9-q8-r0-K0,62193962740.0,506870,1588475649.9999993,MISSING,True
development,0.008488259279400698,B2-rank3-q2-r4-K4,9705697092.562496,784174,0.0,15048.849062952313,True
development,0.008488259279400698,B2-rank3-q4-r4-K4,13303305047.250002,545112,15048.849062952313,94960.60635696822,True
development,0.008488259279400698,B2-rank3-q4-r8-K4,14002405031.250002,537750,94960.60635696822,312770.16732486256,True
development,0.008488259279400698,B2-rank3-q8-r4-K2,24704149076.4375,503534,312770.16732486256,401924.7418784771,True
development,0.008488259279400698,B2-rank3-q8-r8-K2,26075918220.468742,500121,401924.7418784771,1924579.6243562435,True
development,0.008488259279400698,B2-rank3-q8-r16-K4,29345779002.25,498422,1924579.6243562435,8007165.1141160065,True
development,0.008488259279400698,B2-rank3-q8-r32-K2,36127847853.90626,497575,8007165.1141160065,9568854.976612134,True
development,0.008488259279400698,B2-rank6-q8-r1-K2,43658536720.50001,496788,9568854.976612134,10841920.82291709,True
development,0.008488259279400698,B2-rank6-q8-r2-K4,43853691295.312515,496770,10841920.82291709,26111155.218748473,True
development,0.008488259279400698,B2-rank6-q8-r4-K2,44114802847.5,496760,26111155.218748473,81043705.31250152,True
development,0.008488259279400698,B2-rank6-q8-r8-K4,44520021374.06251,496755,81043705.31250152,287959269.8125,True
development,0.008488259279400698,B2-rank6-q8-r16-K4,45383899183.50001,496752,287959269.8125,1564891617.2812424,True
development,0.008488259279400698,B2-rank6-q8-r32-K2,46948790800.78125,496751,1564891617.2812424,1750321098.1523438,True
development,0.008488259279400698,B0-rank9-q8-r0-K0,60951359586.0,496743,1750321098.1523438,MISSING,True
development,0.008573445738807854,B2-rank3-q2-r4-K4,9462539164.499996,764528,0.0,15458.25816597417,True
development,0.008573445738807854,B2-rank3-q4-r4-K4,13028434699.968752,533849,15458.25816597417,94975.50700946733,True
development,0.008573445738807854,B2-rank3-q4-r8-K4,13713113130.000002,526640,94975.50700946733,316524.2274564676,True
development,0.008573445738807854,B2-rank3-q8-r4-K2,24210639133.59375,493475,316524.2274564676,401764.4988418985,True
development,0.008573445738807854,B2-rank3-q8-r8-K2,25554943146.718742,490129,401764.4988418985,1925837.6398174625,True
development,0.008573445738807854,B2-rank3-q8-r16-K4,28759536979.375,488465,1925837.6398174625,8007938.442959347,True
development,0.008573445738807854,B2-rank3-q8-r32-K2,35406125887.03126,487635,8007938.442959347,9572339.282709144,True
development,0.008573445738807854,B2-rank6-q8-r1-K2,42786399474.00001,486864,9572339.282709144,10059793.843750402,True
development,0.008573445738807854,B2-rank6-q8-r2-K4,42977535557.031265,486845,10059793.843750402,25587704.515623473,True
development,0.008573445738807854,B2-rank6-q8-r4-K2,43233412602.1875,486835,25587704.515623473,99300786.2812519,True
development,0.008573445738807854,B2-rank6-q8-r8-K4,43630615747.31251,486831,99300786.2812519,282204693.6875,True
development,0.008573445738807854,B2-rank6-q8-r16-K4,44477229828.37501,486828,282204693.6875,1533626675.5312424,True
development,0.008573445738807854,B2-rank6-q8-r32-K2,46010856503.90625,486827,1533626675.5312424,1715351054.2617188,True
development,0.008573445738807854,B0-rank9-q8-r0-K0,59733664938.0,486819,1715351054.2617188,MISSING,True
development,0.008659487112353172,B2-rank3-q2-r4-K4,9226250454.093746,745437,0.0,15871.140596713829,True
development,0.008659487112353172,B2-rank3-q4-r4-K4,12759372675.750002,522824,15871.140596713829,94960.43207406883,True
development,0.008659487112353172,B2-rank3-q4-r8-K4,13429888286.625002,515763,94960.43207406883,320322.97243533406,True
development,0.008659487112353172,B2-rank3-q8-r4-K2,23726990558.53125,483617,320322.97243533406,401924.8433877341,True
development,0.008659487112353172,B2-rank3-q8-r8-K2,25044500195.156242,480339,401924.8433877341,1924332.940544582,True
development,0.008659487112353172,B2-rank3-q8-r16-K4,28185011554.125,478707,1924332.940544582,8012104.953182667,True
development,0.008659487112353172,B2-rank3-q8-r32-K2,34698852881.06251,477894,8012104.953182667,9567208.873263888,True
development,0.008659487112353172,B2-rank6-q8-r1-K2,41931662789.25001,477138,9567208.873263888,10409586.708333757,True
development,0.008659487112353172,B2-rank6-q8-r2-K4,42119035350.000015,477120,10409586.708333757,25074801.937498473,True
development,0.008659487112353172,B2-rank6-q8-r4-K2,42369783369.375,477110,25074801.937498473,97315366.7500019,True
development,0.008659487112353172,B2-rank6-q8-r8-K4,42759044836.37501,477106,97315366.7500019,276565510.6145833,True
development,0.008659487112353172,B2-rank6-q8-r16-K4,43588741368.21876,477103,276565510.6145833,1502988670.8437424,True
development,0.008659487112353172,B2-rank6-q8-r32-K2,45091730039.0625,477102,1502988670.8437424,1921254378.705357,True
development,0.008659487112353172,B0-rank9-q8-r0-K0,58540510690.0,477095,1921254378.705357,MISSING,True
development,0.00874639197978264,B2-rank3-q2-r4-K4,8996608175.906246,726883,0.0,16287.51448722024,True
development,0.00874639197978264,B2-rank3-q4-r4-K4,12495996951.000002,512032,16287.51448722024,94964.78270065076,True
development,0.00874639197978264,B2-rank3-q4-r8-K4,13152678423.375002,505117,94964.78270065076,324145.6271913109,True
development,0.00874639197978264,B2-rank3-q8-r4-K2,23253056166.65625,473957,324145.6271913109,401998.86793664144,True
development,0.00874639197978264,B2-rank3-q8-r8-K2,24544276530.468742,470745,401998.86793664144,1924833.296611168,True
development,0.00874639197978264,B2-rank3-q8-r16-K4,27622084971.75,469146,1924833.296611168,7999565.705357152,True
development,0.00874639197978264,B2-rank3-q8-r32-K2,34005738404.625008,468348,7999565.705357152,9578935.808614865,True
development,0.00874639197978264,B2-rank6-q8-r1-K2,41094150903.00001,467608,9578935.808614865,10199910.163194869,True
development,0.00874639197978264,B2-rank6-q8-r2-K4,41277749285.937515,467590,10199910.163194869,24572183.781248473,True
development,0.00874639197978264,B2-rank6-q8-r4-K2,41523471123.75,467580,24572183.781248473,95369757.6875019,True
development,0.00874639197978264,B2-rank6-q8-r8-K4,41904950154.50001,467576,95369757.6875019,406604782.34375,True
development,0.00874639197978264,B2-rank6-q8-r16-K4,42718159719.18751,467574,406604782.34375,736436820.0937462,True
development,0.00874639197978264,B2-rank6-q8-r32-K2,44191033359.375,467572,736436820.0937462,2196708328.7708335,True
development,0.00874639197978264,B0-rank9-q8-r0-K0,57371283332.0,467566,2196708328.7708335,MISSING,True
development,0.008834169006946852,B2-rank3-q2-r4-K4,8773389544.499996,708848,0.0,16707.275752871556,True
development,0.008834169006946852,B2-rank3-q4-r4-K4,12238161097.406252,501467,16707.275752871556,94970.4918367912,True
development,0.008834169006946852,B2-rank3-q4-r8-K4,12881301268.125002,494695,94970.4918367912,328026.603491375,True
development,0.008834169006946852,B2-rank3-q8-r4-K2,22788688773.375,464492,328026.603491375,401833.85913186485,True
development,0.008834169006946852,B2-rank3-q8-r8-K2,24054063595.781242,461343,401833.85913186485,1924914.0856533232,True
development,0.008834169006946852,B2-rank3-q8-r16-K4,27070403968.0,459776,1924914.0856533232,8010541.96418855,True
development,0.008834169006946852,B2-rank3-q8-r32-K2,33326637242.031258,458995,8010541.96418855,9568577.362388086,True
development,0.008834169006946852,B2-rank6-q8-r1-K2,40273424407.12501,458269,9568577.362388086,9994435.9496532,True
development,0.008834169006946852,B2-rank6-q8-r2-K4,40453324254.218765,458251,9994435.9496532,26765021.767359417,True
development,0.008834169006946852,B2-rank6-q8-r4-K2,40694209450.125,458242,26765021.767359417,74752752.96250153,True
development,0.008834169006946852,B2-rank6-q8-r8-K4,41067973214.93751,458237,74752752.96250153,398481749.328125,True
development,0.008834169006946852,B2-rank6-q8-r16-K4,41864936713.59376,458235,398481749.328125,1795054080.0507803,True
development,0.008834169006946852,B0-rank9-q8-r0-K0,56225369354.0,458227,1795054080.0507803,MISSING,True
development,0.008922826946665132,B2-rank3-q2-r4-K4,8556384151.406247,691315,0.0,17130.850093692734,True
development,0.008922826946665132,B2-rank3-q4-r4-K4,11985791900.812502,491126,17130.850093692734,94958.6558966531,True
development,0.008922826946665132,B2-rank3-q4-r8-K4,12615652665.375002,484493,94958.6558966531,331930.913144277,True
development,0.008922826946665132,B2-rank3-q8-r4-K2,22333594009.5,455216,331930.913144277,401850.60399789124,True
development,0.008922826946665132,B2-rank3-q8-r8-K2,23573704973.437492,452130,401850.60399789124,1925827.8923045653,True
development,0.008922826946665132,B2-rank3-q8-r16-K4,26529850788.125,450595,1925827.8923045653,8014817.733251644,True
development,0.008922826946665132,B2-rank3-q8-r32-K2,32661186354.062508,449830,8014817.733251644,9548310.548474755,True
development,0.008922826946665132,B2-rank6-q8-r1-K2,39469131775.12501,449117,9548310.548474755,10374332.161765154,True
development,0.008922826946665132,B2-rank6-q8-r2-K4,39645495421.875015,449100,10374332.161765154,26228766.812498305,True
development,0.008922826946665132,B2-rank6-q8-r4-K2,39881554323.1875,449091,26228766.812498305,73258165.88750152,True
development,0.008922826946665132,B2-rank6-q8-r8-K4,40247845152.62501,449086,73258165.88750152,390522238.125,True
development,0.008922826946665132,B2-rank6-q8-r16-K4,41028889628.87501,449084,390522238.125,1759204215.390624,True
development,0.008922826946665132,B0-rank9-q8-r0-K0,55102523352.0,449076,1759204215.390624,MISSING,True
development,0.009012374639598334,B2-rank3-q2-r4-K4,8345406342.093747,674269,0.0,17557.421722038853,True
development,0.009012374639598334,B2-rank3-q4-r4-K4,11738694123.468752,481001,17557.421722038853,94963.40184825278,True
development,0.009012374639598334,B2-rank3-q4-r8-K4,12355576381.875002,474505,94963.40184825278,335897.4335786084,True
development,0.009012374639598334,B2-rank3-q8-r4-K2,21887673751.96875,446127,335897.4335786084,401758.1337499975,True
development,0.009012374639598334,B2-rank3-q8-r8-K2,23102992106.562492,443102,401758.1337499975,1924970.1404069818,True
development,0.009012374639598334,B2-rank3-q8-r16-K4,26000072167.875,441597,1924970.1404069818,8011837.23437501,True
development,0.009012374639598334,B2-rank3-q8-r32-K2,32008950093.656258,440847,8011837.23437501,9558824.166860674,True
development,0.009012374639598334,B2-rank6-q8-r1-K2,38681009362.12501,440149,9558824.166860674,10806269.759766102,True
development,0.009012374639598334,B2-rank6-q8-r2-K4,38853909678.281265,440133,10806269.759766102,23124084.440623473,True
development,0.009012374639598334,B2-rank6-q8-r4-K2,39085150522.6875,440123,23124084.440623473,89764239.5312519,True
development,0.009012374639598334,B2-rank6-q8-r8-K4,39444207480.81251,440119,89764239.5312519,382722769.546875,True
development,0.009012374639598334,B2-rank6-q8-r16-K4,40209653019.90626,440117,382722769.546875,1386466589.4687424,True
development,0.009012374639598334,B2-rank6-q8-r32-K2,41596119609.375,440116,1386466589.4687424,1772304986.9464285,True
development,0.009012374639598334,B0-rank9-q8-r0-K0,54002254518.0,440109,1772304986.9464285,MISSING,True
development,0.009102821015130401,B2-rank3-q2-r4-K4,8140245708.093747,657693,0.0,17988.00469749791,True
development,0.009102821015130401,B2-rank3-q4-r4-K4,11496843360.656252,471091,17988.00469749791,94947.49966112683,True
development,0.009102821015130401,B2-rank3-q4-r8-K4,12100994301.000002,464728,94947.49966112683,339875.65271706524,True
development,0.009102821015130401,B2-rank3-q8-r4-K2,21450633631.59375,437219,339875.65271706524,402003.0192056167,True
development,0.009102821015130401,B2-rank3-q8-r8-K2,22641768577.499992,434256,402003.0192056167,1924908.916864412,True
development,0.009102821015130401,B2-rank3-q8-r16-K4,25481009229.875,432781,1924908.916864412,8001150.303116518,True
development,0.009102821015130401,B2-rank3-q8-r32-K2,31369855852.968758,432045,8001150.303116518,9573847.247849561,True
development,0.009102821015130401,B2-rank6-q8-r1-K2,37908793523.25001,431362,9573847.247849561,9960712.465073979,True
development,0.009102821015130401,B2-rank6-q8-r2-K4,38078125635.156265,431345,9960712.465073979,28347951.050779343,True
development,0.009102821015130401,B2-rank6-q8-r4-K2,38304909243.5625,431337,28347951.050779343,70358493.83750153,True
development,0.009102821015130401,B2-rank6-q8-r8-K4,38656701712.75001,431332,70358493.83750153,375079864.40625,True
development,0.009102821015130401,B2-rank6-q8-r16-K4,39406861441.56251,431330,375079864.40625,1358783695.1562424,True
development,0.009102821015130401,B2-rank6-q8-r32-K2,40765645136.71875,431329,1358783695.1562424,2026424934.8802083,True
development,0.009102821015130401,B0-rank9-q8-r0-K0,52924194746.0,431323,2026424934.8802083,MISSING,True
development,0.009194175092258776,B2-rank3-q2-r4-K4,7940728971.843747,641573,0.0,18421.707704754863,True
development,0.009194175092258776,B2-rank3-q4-r4-K4,11260044374.625002,461388,18421.707704754863,94965.79260953297,True
development,0.009194175092258776,B2-rank3-q4-r8-K4,11851776228.375002,455157,94965.79260953297,343907.91114035656,True
development,0.009194175092258776,B2-rank3-q8-r4-K2,21022424586.84375,428491,343907.91114035656,401979.71877151943,True
development,0.009194175092258776,B2-rank3-q8-r8-K2,22189773690.156242,425587,401979.71877151943,1924298.0772605515,True
development,0.009194175092258776,B2-rank3-q8-r16-K4,24972308709.875,424141,1924298.0772605515,8015801.525824663,True
development,0.009194175092258776,B2-rank3-q8-r32-K2,30743685808.468758,423421,8015801.525824663,9550329.59803465,True
development,0.009194175092258776,B2-rank6-q8-r1-K2,37151956968.75001,422750,9550329.59803465,9760087.693015154,True
development,0.009194175092258776,B2-rank6-q8-r2-K4,37317878459.531265,422733,9760087.693015154,27780198.222654343,True
development,0.009194175092258776,B2-rank6-q8-r4-K2,37540120045.3125,422725,27780198.222654343,86212329.0937519,True
development,0.009194175092258776,B2-rank6-q8-r8-K4,37884969361.68751,422721,86212329.0937519,367590043.515625,True
development,0.009194175092258776,B2-rank6-q8-r16-K4,38620149448.71876,422719,367590043.515625,665780383.0624962,True
development,0.009194175092258776,B2-rank6-q8-r32-K2,39951710214.84375,422717,665780383.0624962,2383179521.83125,True
development,0.009194175092258776,B0-rank9-q8-r0-K0,51867607824.0,422712,2383179521.83125,MISSING,True
development,0.009286445980493743,B2-rank3-q2-r4-K4,7746682855.781248,625895,0.0,18858.781280171395,True
development,0.009286445980493743,B2-rank3-q4-r4-K4,11028223951.218752,451889,18858.781280171395,94980.00957165683,True
development,0.009286445980493743,B2-rank3-q4-r8-K4,11607791969.625002,445787,94980.00957165683,347982.87517650577,True
development,0.009286445980493743,B2-rank3-q8-r4-K2,20602801310.0625,419938,347982.87517650577,401825.6331555119,True
development,0.009286445980493743,B2-rank3-q8-r8-K2,21746798887.656242,417091,401825.6331555119,1924484.8892687068,True
development,0.009286445980493743,B2-rank3-q8-r16-K4,24473793975.75,415674,1924484.8892687068,8011526.529036838,True
development,0.009286445980493743,B2-rank3-q8-r32-K2,30129931705.250008,414968,8011526.529036838,9559196.697298326,True
development,0.009286445980493743,B2-rank6-q8-r1-K2,36410323935.37501,414311,9559196.697298326,10166728.794922352,True
development,0.009286445980493743,B2-rank6-q8-r2-K4,36572991596.093765,414295,10166728.794922352,24189169.642359417,True
development,0.009286445980493743,B2-rank6-q8-r4-K2,36790694122.875,414286,24189169.642359417,84489454.5000019,True
development,0.009286445980493743,B2-rank6-q8-r8-K4,37128651940.87501,414282,84489454.5000019,360249827.6875,True
development,0.009286445980493743,B2-rank6-q8-r16-K4,37849151596.25001,414280,360249827.6875,2163849458.6249986,True
development,0.009286445980493743,B0-rank9-q8-r0-K0,50832248348.0,414274,2163849458.6249986,MISSING,True
development,0.009379642880766792,B2-rank3-q2-r4-K4,7557909328.406248,610643,0.0,19299.975887671695,True
development,0.009379642880766792,B2-rank3-q4-r4-K4,10801308876.281252,442591,19299.975887671695,94948.5537125711,True
development,0.009379642880766792,B2-rank3-q4-r8-K4,11368911330.375002,436613,94948.5537125711,352103.4531168934,True
development,0.009379642880766792,B2-rank3-q8-r4-K2,20191567555.125,411556,352103.4531168934,401853.884027775,True
development,0.009379642880766792,B2-rank3-q8-r8-K2,21312739891.562492,408766,401853.884027775,1925509.6406250056,True
development,0.009379642880766792,B2-rank3-q8-r16-K4,23985347272.75,407378,1925509.6406250056,7998807.594110762,True
development,0.009379642880766792,B2-rank3-q8-r32-K2,29528520935.468758,406685,7998807.594110762,9557487.51732337,True
development,0.009379642880766792,B2-rank6-q8-r1-K2,35683542896.62501,406041,9557487.51732337,9962030.142578602,True
development,0.009379642880766792,B2-rank6-q8-r2-K4,35842935378.906265,406025,9962030.142578602,26678710.269529343,True
development,0.009379642880766792,B2-rank6-q8-r4-K2,36056365061.0625,406017,26678710.269529343,82801286.4687519,True
development,0.009379642880766792,B2-rank6-q8-r8-K4,36387570206.93751,406013,82801286.4687519,706206315.9375,True
development,0.009379642880766792,B2-rank6-q8-r16-K4,37093776522.87501,406012,706206315.9375,1279020918.5312424,True
development,0.009379642880766792,B2-rank6-q8-r32-K2,38372797441.40625,406011,1279020918.5312424,1907471344.765625,True
development,0.009379642880766792,B0-rank9-q8-r0-K0,49817625510.0,406005,1907471344.765625,MISSING,True
development,0.009473775086348108,B2-rank3-q2-r4-K4,7374247489.124998,595804,0.0,19744.578988376164,True
development,0.009473775086348108,B2-rank3-q4-r4-K4,10579128316.781252,433487,19744.578988376164,94969.92075397164,True
development,0.009473775086348108,B2-rank3-q4-r8-K4,11135082232.875002,427633,94969.92075397164,356242.8020485982,True
development,0.009473775086348108,B2-rank3-q8-r4-K2,19788576137.4375,403342,356242.8020485982,401906.36706748075,True
development,0.009473775086348108,B2-rank3-q8-r8-K2,20887388144.999992,400608,401906.36706748075,1924487.282604708,True
development,0.009473775086348108,B2-rank3-q8-r16-K4,23506615336.625,399247,1924487.282604708,8012714.364260704,True
development,0.009473775086348108,B2-rank3-q8-r32-K2,28939235675.593758,398569,8012714.364260704,9559750.259360142,True
development,0.009473775086348108,B2-rank6-q8-r1-K2,34971438089.25001,397938,9559750.259360142,9761465.066406727,True
development,0.009473775086348108,B2-rank6-q8-r2-K4,35127621530.312515,397922,9761465.066406727,26144513.664060593,True
development,0.009473775086348108,B2-rank6-q8-r4-K2,35336777639.625,397914,26144513.664060593,81147008.3750019,True
development,0.009473775086348108,B2-rank6-q8-r8-K4,35661365673.12501,397910,81147008.3750019,346009513.25,True
development,0.009473775086348108,B2-rank6-q8-r16-K4,36353384699.62501,397908,346009513.25,2078331084.0624988,True
development,0.009473775086348108,B0-rank9-q8-r0-K0,48823371204.0,397902,2078331084.0624988,MISSING,True
development,0.009568851983773266,B2-rank3-q2-r4-K4,7195561191.281248,581367,0.0,20192.81769478037,True
development,0.009568851983773266,B2-rank3-q4-r4-K4,10361633463.281252,424575,20192.81769478037,94941.40221774194,True
development,0.009568851983773266,B2-rank3-q4-r8-K4,10906122405.000002,418840,94941.40221774194,360469.146731398,True
development,0.009568851983773266,B2-rank3-q8-r4-K2,19393728933.9375,395294,360469.146731398,401643.4752541001,True
development,0.009568851983773266,B2-rank3-q8-r8-K2,20470535091.093742,392613,401643.4752541001,1927224.531742686,True
development,0.009568851983773266,B2-rank3-q8-r16-K4,23037598167.375,391281,1927224.531742686,7994166.244791678,True
development,0.009568851983773266,B2-rank3-q8-r32-K2,28361712886.406258,390615,7994166.244791678,9550515.891912358,True
development,0.009568851983773266,B2-rank6-q8-r1-K2,34273482223.500008,389996,9550515.891912358,10208429.235417176,True
development,0.009568851983773266,B2-rank6-q8-r2-K4,34426608662.031265,389981,10208429.235417176,29293825.90624782,True
development,0.009568851983773266,B2-rank6-q8-r4-K2,34631665443.375,389974,29293825.90624782,79526007.7500019,True
development,0.009568851983773266,B2-rank6-q8-r8-K4,34949769474.37501,389970,79526007.7500019,339103326.0625,True
development,0.009568851983773266,B2-rank6-q8-r16-K4,35627976126.50001,389968,339103326.0625,614190393.7812462,True
development,0.009568851983773266,B2-rank6-q8-r32-K2,36856356914.0625,389966,614190393.7812462,2198527541.5875,True
development,0.009568851983773266,B0-rank9-q8-r0-K0,47848994622.0,389961,2198527541.5875,MISSING,True
development,0.009664883053779216,B2-rank3-q2-r4-K4,7021664780.343748,567317,0.0,20644.711141132146,True
development,0.009664883053779216,B2-rank3-q4-r4-K4,10148677887.468752,415849,20644.711141132146,94965.79779313569,True
development,0.009664883053779216,B2-rank3-q4-r8-K4,10682005807.875002,410233,94965.79779313569,364669.5595773282,True
development,0.009664883053779216,B2-rank3-q8-r4-K2,19006682513.90625,387405,364669.5595773282,401901.7279131745,True
development,0.009664883053779216,B2-rank3-q8-r8-K2,20062076451.406246,384779,401901.7279131745,1924826.5452132777,True
development,0.009664883053779216,B2-rank3-q8-r16-K4,22577824746.0,383472,1924826.5452132777,8015334.264544937,True
development,0.009664883053779216,B2-rank3-q8-r32-K2,27795807352.218754,382821,8015334.264544937,9544942.447333196,True
development,0.009664883053779216,B2-rank6-q8-r1-K2,33589587417.750004,382214,9544942.447333196,10002968.222917175,True
development,0.009664883053779216,B2-rank6-q8-r2-K4,33739631941.09376,382199,10002968.222917175,25107962.60546732,True
development,0.009664883053779216,B2-rank6-q8-r4-K2,33940495641.9375,382191,25107962.60546732,77937059.6562519,True
development,0.009664883053779216,B2-rank6-q8-r8-K4,34252243880.562508,382187,77937059.6562519,332333696.984375,True
development,0.009664883053779216,B2-rank6-q8-r16-K4,34916911274.53126,382185,332333696.984375,2395467817.0937486,True
development,0.009664883053779216,B0-rank9-q8-r0-K0,46894250360.0,382180,2395467817.0937486,MISSING,True
development,0.009761877872249677,B2-rank3-q2-r4-K4,6852446863.593748,553645,0.0,21099.92217791398,True
development,0.009761877872249677,B2-rank3-q4-r4-K4,9940188375.187502,407306,21099.92217791398,94979.60601136363,True
development,0.009761877872249677,B2-rank3-q4-r8-K4,10462576208.250002,401806,94979.60601136363,368970.9789035315,True
development,0.009761877872249677,B2-rank3-q8-r4-K2,18627535000.40625,379677,368970.9789035315,401657.73540048394,True
development,0.009761877872249677,B2-rank3-q8-r8-K2,19661803669.062496,377102,401657.73540048394,1924707.4791666695,True
development,0.009761877872249677,B2-rank3-q8-r16-K4,22127353949.875,375821,1924707.4791666695,8015477.573324849,True
development,0.009761877872249677,B2-rank3-q8-r32-K2,27241228641.656254,375183,8015477.573324849,9526989.299024748,True
development,0.009761877872249677,B2-rank6-q8-r1-K2,32919314263.875004,374587,9526989.299024748,10508019.332589831,True
development,0.009761877872249677,B2-rank6-q8-r2-K4,33066426534.53126,374573,10508019.332589831,28132929.406248365,True
development,0.009761877872249677,B2-rank6-q8-r4-K2,33263357040.375,374566,28132929.406248365,76380368.25000095,True
development,0.009761877872249677,B2-rank6-q8-r8-K4,33568878513.375004,374562,76380368.25000095,325701495.8125019,True
development,0.009761877872249677,B2-rank6-q8-r16-K4,34220281505.000008,374560,325701495.8125019,1179933358.2812424,True
development,0.009761877872249677,B2-rank6-q8-r32-K2,35400214863.28125,374559,1179933358.2812424,2111662008.94375,True
development,0.009761877872249677,B0-rank9-q8-r0-K0,45958524908.0,374554,2111662008.94375,MISSING,True
development,0.009859846111170006,B2-rank3-q2-r4-K4,6687721786.499998,540336,0.0,21559.22826331035,True
development,0.009859846111170006,B2-rank3-q4-r4-K4,9736067307.562502,398942,21559.22826331035,94958.44546909799,True
development,0.009859846111170006,B2-rank3-q4-r8-K4,10247703411.750002,393554,94958.44546909799,373287.71863637946,True
development,0.009859846111170006,B2-rank3-q8-r4-K2,18255844839.65625,372101,373287.71863637946,401949.04312053777,True
development,0.009859846111170006,B2-rank3-q8-r8-K2,19269560326.406246,369579,401949.04312053777,1923830.4663365874,True
development,0.009859846111170006,B2-rank3-q8-r16-K4,21685891392.125,368323,1923830.4663365874,8006062.190445294,True
development,0.009859846111170006,B2-rank3-q8-r32-K2,26697686323.343754,367697,8006062.190445294,9561815.18647981,True
development,0.009859846111170006,B2-rank6-q8-r1-K2,32262662761.875004,367115,9561815.18647981,9604323.166667175,True
development,0.009859846111170006,B2-rank6-q8-r2-K4,32406727609.37501,367100,9604323.166667175,27569885.562498365,True
development,0.009859846111170006,B2-rank6-q8-r4-K2,32599716808.3125,367093,27569885.562498365,74854708.59375095,True
development,0.009859846111170006,B2-rank6-q8-r8-K4,32899135642.687504,367089,74854708.59375095,638494368.8125,True
development,0.009859846111170006,B2-rank6-q8-r16-K4,33537630011.500004,367088,638494368.8125,1156393289.2812462,True
development,0.009859846111170006,B2-rank6-q8-r32-K2,34694023300.78125,367087,1156393289.2812462,2069534452.64375,True
development,0.009859846111170006,B0-rank9-q8-r0-K0,45041695564.0,367082,2069534452.64375,MISSING,True
development,0.009958797539591653,B2-rank3-q2-r4-K4,6527390533.312498,527382,0.0,22021.87333879523,True
development,0.009958797539591653,B2-rank3-q4-r4-K4,9536217065.718752,390753,22021.87333879523,94967.65468661171,True
development,0.009958797539591653,B2-rank3-q4-r8-K4,10037361379.500002,385476,94967.65468661171,377646.8753576064,True
development,0.009958797539591653,B2-rank3-q8-r4-K2,17891661093.1875,364678,377646.8753576064,401891.8986144807,True
development,0.009958797539591653,B2-rank3-q8-r8-K2,18885137866.562496,362206,401891.8986144807,1926965.2797497998,True
development,0.009958797539591653,B2-rank3-q8-r16-K4,21253378195.375,360977,1926965.2797497998,7999677.853267514,True
development,0.009958797539591653,B2-rank3-q8-r32-K2,26165180397.281254,360363,7999677.853267514,9534680.669744318,True
development,0.009958797539591653,B2-rank6-q8-r1-K2,31619017740.375004,359791,9534680.669744318,10089470.877232688,True
development,0.009958797539591653,B2-rank6-q8-r2-K4,31760270332.65626,359777,10089470.877232688,27018143.281248365,True
development,0.009958797539591653,B2-rank6-q8-r4-K2,31949397335.625,359770,27018143.281248365,97842770.39583461,True
development,0.009958797539591653,B2-rank6-q8-r8-K4,32242925646.812504,359767,97842770.39583461,312832851.046875,True
development,0.009958797539591653,B2-rank6-q8-r16-K4,32868591348.906254,359765,312832851.046875,1133322635.4687462,True
development,0.009958797539591653,B2-rank6-q8-r32-K2,34001913984.375,359764,1133322635.4687462,2028246966.725,True
development,0.009958797539591653,B0-rank9-q8-r0-K0,44143148818.0,359759,2028246966.725,MISSING,True
development,0.0100587420246063,B2-rank3-q2-r4-K4,6371304580.406248,514771,0.0,22488.43000033138,True
development,0.0100587420246063,B2-rank3-q4-r4-K4,9340564435.500002,382736,22488.43000033138,94961.40097214161,True
development,0.0100587420246063,B2-rank3-q4-r8-K4,9831419917.125002,377567,94961.40097214161,382054.6346153845,True
development,0.0100587420246063,B2-rank3-q8-r4-K2,17534787514.875,357404,382054.6346153845,402021.7322202709,True
development,0.0100587420246063,B2-rank3-q8-r8-K2,18508484150.312496,354982,402021.7322202709,1922832.8005903098,True
development,0.0100587420246063,B2-rank3-q8-r16-K4,20829343340.625,353775,1922832.8005903098,8009749.197899341,True
development,0.0100587420246063,B2-rank3-q8-r32-K2,25643202608.562504,353174,8009749.197899341,9544801.26640625,True
development,0.0100587420246063,B2-rank6-q8-r1-K2,30988291317.750004,352614,9544801.26640625,10653734.896635203,True
development,0.0100587420246063,B2-rank6-q8-r2-K4,31126789871.40626,352601,10653734.896635203,23156691.33202982,True
development,0.0100587420246063,B2-rank6-q8-r4-K2,31312043402.0625,352593,23156691.33202982,95889131.18750127,True
development,0.0100587420246063,B2-rank6-q8-r8-K4,31599710795.625004,352590,95889131.18750127,574630861.0937487,True
development,0.0100587420246063,B2-rank6-q8-r32-K2,33323603378.90625,352587,574630861.0937487,2484758971.7734375,True
development,0.0100587420246063,B0-rank9-q8-r0-K0,43262639266.0,352583,2484758971.7734375,MISSING,True
development,0.010159689532329779,B2-rank3-q2-r4-K4,6219327781.124998,502492,0.0,22958.635269403505,True
development,0.010159689532329779,B2-rank3-q4-r4-K4,9148987393.312502,374886,22958.635269403505,94960.9867297057,True
development,0.010159689532329779,B2-rank3-q4-r8-K4,9629774869.125002,369823,94960.9867297057,386519.7754642655,True
development,0.010159689532329779,B2-rank3-q8-r4-K2,17185076920.125,350276,386519.7754642655,401963.5894850447,True
development,0.010159689532329779,B2-rank3-q8-r8-K2,18139338481.562496,347902,401963.5894850447,1924386.6145833365,True
development,0.010159689532329779,B2-rank3-q8-r16-K4,20413963460.0,346720,1924386.6145833365,7996253.385063565,True
development,0.010159689532329779,B2-rank3-q8-r32-K2,25131752957.187504,346130,7996253.385063565,9541834.04724499,True
development,0.010159689532329779,B2-rank6-q8-r1-K2,30370219849.125004,345581,9541834.04724499,10439481.990385203,True
development,0.010159689532329779,B2-rank6-q8-r2-K4,30505933115.00001,345568,10439481.990385203,25947583.937498365,True
development,0.010159689532329779,B2-rank6-q8-r4-K2,30687566202.5625,345561,25947583.937498365,93974962.18750127,True
development,0.010159689532329779,B2-rank6-q8-r8-K4,30969491089.125004,345558,93974962.18750127,300473907.25,True
development,0.010159689532329779,B2-rank6-q8-r16-K4,31570438903.625004,345556,300473907.25,1088558069.0312462,True
development,0.010159689532329779,B2-rank6-q8-r32-K2,32658996972.65625,345555,1088558069.0312462,2435200457.3359375,True
development,0.010159689532329779,B0-rank9-q8-r0-K0,42399798802.0,345551,2435200457.3359375,MISSING,True
development,0.010261650128895843,B2-rank3-q2-r4-K4,6071348742.749998,490536,0.0,23059.70125295177,True
development,0.010261650128895843,B2-rank3-q2-r8-K2,6374099560.500002,477407,23059.70125295177,23476.84960574192,True
development,0.010261650128895843,B2-rank3-q4-r4-K4,8961412725.000002,367200,23476.84960574192,94965.79832123412,True
development,0.010261650128895843,B2-rank3-q4-r8-K4,9432348118.875002,362241,94965.79832123412,391007.5955853252,True
development,0.010261650128895843,B2-rank3-q8-r4-K2,16842333062.8125,343290,391007.5955853252,401895.7369332816,True
development,0.010261650128895843,B2-rank3-q8-r8-K2,17777544442.656246,340963,401895.7369332816,1925113.9630559187,True
development,0.010261650128895843,B2-rank3-q8-r16-K4,20006826411.875,339805,1925113.9630559187,7999506.228211512,True
development,0.010261650128895843,B2-rank3-q8-r32-K2,24630541011.781254,339227,7999506.228211512,9542748.471828531,True
development,0.010261650128895843,B2-rank6-q8-r1-K2,29764539689.625004,338689,9542748.471828531,10229524.500000587,True
development,0.010261650128895843,B2-rank6-q8-r2-K4,29897523508.12501,338676,10229524.500000587,29681168.124998093,True
development,0.010261650128895843,B2-rank6-q8-r4-K2,30075610516.875,338670,29681168.124998093,69051975.50000095,True
development,0.010261650128895843,B2-rank6-q8-r8-K4,30351818418.875004,338666,69051975.50000095,294479267.1875,True
development,0.010261650128895843,B2-rank6-q8-r16-K4,30940776953.250004,338664,294479267.1875,2122671932.9499993,True
development,0.010261650128895843,B0-rank9-q8-r0-K0,41554136618.0,338659,2122671932.9499993,MISSING,True
development,0.010364633981459941,B2-rank3-q2-r4-K4,5927243695.593748,478893,0.0,23057.93937480526,True
development,0.010364633981459941,B2-rank3-q2-r8-K2,6222800362.500002,466075,23057.93937480526,24012.846371299343,True
development,0.010364633981459941,B2-rank3-q4-r4-K4,8777767216.406252,359675,24012.846371299343,94950.24587664678,True
development,0.010364633981459941,B2-rank3-q4-r8-K4,9239035510.875002,354817,94950.24587664678,395573.2293996978,True
development,0.010364633981459941,B2-rank3-q8-r4-K2,16506506881.40625,336445,395573.2293996978,401816.3143221158,True
development,0.010364633981459941,B2-rank3-q8-r8-K2,17423049894.374996,334164,401816.3143221158,1924954.5590308404,True
development,0.010364633981459941,B2-rank3-q8-r16-K4,19607873318.875,333029,1924954.5590308404,8006268.971344971,True
development,0.010364633981459941,B2-rank3-q8-r32-K2,24139421556.656254,332463,8006268.971344971,9529480.37446733,True
development,0.010364633981459941,B2-rank6-q8-r1-K2,29170987194.375004,331935,9529480.37446733,10023771.033654433,True
development,0.010364633981459941,B2-rank6-q8-r2-K4,29301296217.81251,331922,10023771.033654433,29087484.489581425,True
development,0.010364633981459941,B2-rank6-q8-r4-K2,29475821124.75,331916,29087484.489581425,67673104.18750095,True
development,0.010364633981459941,B2-rank6-q8-r8-K4,29746513541.500004,331912,67673104.18750095,288604659.09375,True
development,0.010364633981459941,B2-rank6-q8-r16-K4,30323722859.687504,331910,288604659.09375,2600451788.078124,True
development,0.010364633981459941,B0-rank9-q8-r0-K0,40725530012.0,331906,2600451788.078124,MISSING,True
development,0.01046865135921304,B2-rank3-q2-r4-K4,5786888869.968748,467553,0.0,23059.32064337972,True
development,0.01046865135921304,B2-rank3-q2-r8-K2,6075453208.500002,455039,23059.32064337972,24553.703634056244,True
development,0.01046865135921304,B2-rank3-q4-r4-K4,8597928843.937502,352306,24553.703634056244,94962.18675126103,True
development,0.01046865135921304,B2-rank3-q4-r8-K4,9049758928.500002,347548,94962.18675126103,400156.868389288,True
development,0.01046865135921304,B2-rank3-q8-r4-K2,16177353068.25,329736,400156.868389288,401920.9000419446,True
development,0.01046865135921304,B2-rank3-q8-r8-K2,17075646279.843746,327501,401920.9000419446,1923829.6420990601,True
development,0.01046865135921304,B2-rank3-q8-r16-K4,19216868671.5,326388,1923829.6420990601,8002095.2812500065,True
development,0.01046865135921304,B2-rank3-q8-r32-K2,23658031552.593754,325833,8002095.2812500065,9538234.36345503,True
development,0.01046865135921304,B2-rank6-q8-r1-K2,28589298718.500004,325316,9538234.36345503,10647997.52083365,True
development,0.01046865135921304,B2-rank6-q8-r2-K4,28717074688.750008,325304,10647997.52083365,21357115.281249046,True
development,0.01046865135921304,B2-rank6-q8-r4-K2,28887931611.0,325296,21357115.281249046,132732801.3125019,True
development,0.01046865135921304,B2-rank6-q8-r8-K4,29153397213.625004,325294,132732801.3125019,282848343.375,True
development,0.01046865135921304,B2-rank6-q8-r16-K4,29719093900.375004,325292,282848343.375,2038854314.7249992,True
development,0.01046865135921304,B0-rank9-q8-r0-K0,39913365474.0,325287,2038854314.7249992,MISSING,True
development,0.010573712634405642,B2-rank3-q2-r4-K4,5650185250.124998,456508,0.0,23060.458739155656,True
development,0.010573712634405642,B2-rank3-q2-r8-K2,5931937935.000002,444290,23060.458739155656,25100.160920535993,True
development,0.010573712634405642,B2-rank3-q4-r4-K4,8421848798.156252,345091,25100.160920535993,94976.70750402361,True
development,0.010573712634405642,B2-rank3-q4-r8-K4,8864440255.125002,340431,94976.70750402361,404433.728331663,True
development,0.010573712634405642,B2-rank3-q8-r8-K2,16735125042.187496,320970,404433.728331663,1927115.2894283782,True
development,0.010573712634405642,B2-rank3-q8-r16-K4,18833753592.375,319881,1927115.2894283782,8001134.939740356,True
development,0.010573712634405642,B2-rank3-q8-r32-K2,23186370999.593754,319337,8001134.939740356,9532401.37900641,True
development,0.010573712634405642,B2-rank6-q8-r1-K2,28019298498.750004,318830,9532401.37900641,9624541.069711832,True
development,0.010573712634405642,B2-rank6-q8-r2-K4,28144417532.656258,318817,9624541.069711832,27935541.338540394,True
development,0.010573712634405642,B2-rank6-q8-r4-K2,28312030780.6875,318811,27935541.338540394,86693389.27083461,True
development,0.010573712634405642,B2-rank6-q8-r8-K4,28572110948.500004,318808,86693389.27083461,277206840.84375,True
development,0.010573712634405642,B2-rank6-q8-r16-K4,29126524630.187504,318806,277206840.84375,1998199134.3624992,True
development,0.010573712634405642,B0-rank9-q8-r0-K0,39117520302.0,318801,1998199134.3624992,MISSING,True
development,0.010679828283382063,B2-rank3-q2-r4-K4,5517009066.374998,445748,0.0,23060.51639773712,True
development,0.010679828283382063,B2-rank3-q2-r8-K2,5792121027.000002,433818,23060.51639773712,25653.06592379503,True
development,0.010679828283382063,B2-rank3-q4-r4-K4,8249453864.906252,338027,25653.06592379503,94966.36809282585,True
development,0.010679828283382063,B2-rank3-q4-r8-K4,8682975335.250002,333462,94966.36809282585,408605.76947458944,True
development,0.010679828283382063,B2-rank3-q8-r8-K2,16401538320.624996,314572,408605.76947458944,1923943.287184288,True
development,0.010679828283382063,B2-rank3-q8-r16-K4,18458233694.625,313503,1923943.287184288,8018638.668526793,True
development,0.010679828283382063,B2-rank3-q8-r32-K2,22724149466.281254,312971,8018638.668526793,9511015.145268574,True
development,0.010679828283382063,B2-rank6-q8-r1-K2,27460635008.625004,312473,9511015.145268574,10224145.07552115,True
development,0.010679828283382063,B2-rank6-q8-r2-K4,27583324749.531258,312461,10224145.07552115,27376842.31770706,True
development,0.010679828283382063,B2-rank6-q8-r4-K2,27747585803.4375,312455,27376842.31770706,84963233.10416794,True
development,0.010679828283382063,B2-rank6-q8-r8-K4,28002475502.750004,312452,84963233.10416794,271678411.90625,True
development,0.010679828283382063,B2-rank6-q8-r16-K4,28545832326.562504,312450,271678411.90625,2447979191.359374,True
development,0.010679828283382063,B0-rank9-q8-r0-K0,38337749092.0,312446,2447979191.359374,MISSING,True
development,0.010787008887625097,B2-rank3-q2-r4-K4,5387286056.906248,435267,0.0,23058.911467275004,True
development,0.010787008887625097,B2-rank3-q2-r8-K2,5655922375.500002,423617,23058.911467275004,26210.70226460143,True
development,0.010787008887625097,B2-rank3-q4-r4-K4,8080622020.593751,331109,26210.70226460143,94981.89032794698,True
development,0.010787008887625097,B2-rank3-q4-r8-K4,8505286052.250002,326638,94981.89032794698,412762.3016891152,True
development,0.010787008887625097,B2-rank3-q8-r8-K2,16074521140.624996,308300,412762.3016891152,1927139.4241156825,True
development,0.010787008887625097,B2-rank3-q8-r16-K4,18090308978.25,307254,1927139.4241156825,8009272.319683915,True
development,0.010787008887625097,B2-rank3-q8-r32-K2,22271149129.125004,306732,8009272.319683915,9492808.498466257,True
development,0.010787008887625097,B2-rank6-q8-r1-K2,26913132484.875004,306243,9492808.498466257,10937340.352273075,True
development,0.010787008887625097,B2-rank6-q8-r2-K4,27033443228.750008,306232,10937340.352273075,26829306.729165394,True
development,0.010787008887625097,B2-rank6-q8-r4-K2,27194419069.125,306226,26829306.729165394,83267647.39583461,True
development,0.010787008887625097,B2-rank6-q8-r8-K4,27444222011.312504,306223,83267647.39583461,266260447.171875,True
development,0.010787008887625097,B2-rank6-q8-r16-K4,27976742905.656254,306221,266260447.171875,2399173857.0859365,True
development,0.010787008887625097,B0-rank9-q8-r0-K0,37573438334.0,306217,2399173857.0859365,MISSING,True
development,0.010895265134811176,B2-rank3-q2-r4-K4,5260892452.031248,425055,0.0,23061.068606606346,True
development,0.010895265134811176,B2-rank3-q2-r8-K2,5523235168.500002,413679,23061.068606606346,26774.843821704788,True
development,0.010895265134811176,B2-rank3-q4-r4-K4,7915353265.218751,324337,26774.843821704788,94969.64912243173,True
development,0.010895265134811176,B2-rank3-q4-r8-K4,8331320328.375002,319957,94969.64912243173,416964.68447540974,True
development,0.010895265134811176,B2-rank3-q8-r8-K2,15754125641.406246,302155,416964.68447540974,1925496.5058174988,True
development,0.010895265134811176,B2-rank3-q8-r16-K4,17729685056.375,301129,1925496.5058174988,8002865.445739754,True
development,0.010895265134811176,B2-rank3-q8-r32-K2,21827152164.593754,300617,8002865.445739754,9517888.872973327,True
development,0.010895265134811176,B2-rank6-q8-r1-K2,26376703045.875004,300139,9517888.872973327,10717579.011363983,True
development,0.010895265134811176,B2-rank6-q8-r2-K4,26494596415.000008,300128,10717579.011363983,26292758.77083206,True
development,0.010895265134811176,B2-rank6-q8-r4-K2,26652352967.625,300122,26292758.77083206,81606087.72916794,True
development,0.010895265134811176,B2-rank6-q8-r8-K4,26897171230.812504,300119,81606087.72916794,521993775.375,True
development,0.010895265134811176,B2-rank6-q8-r16-K4,27419165006.187504,300118,521993775.375,945408489.9062462,True
development,0.010895265134811176,B2-rank6-q8-r32-K2,28364573496.09375,300117,945408489.9062462,2114972957.4765625,True
development,0.010895265134811176,B0-rank9-q8-r0-K0,36824465326.0,300113,2114972957.4765625,MISSING,True
development,0.011004607819876085,B2-rank3-q2-r4-K4,5137741612.968748,415105,0.0,23060.092667079552,True
development,0.011004607819876085,B2-rank3-q2-r8-K2,5393939242.500002,403995,23060.092667079552,27344.55821032274,True
development,0.011004607819876085,B2-rank3-q4-r4-K4,7753501170.468751,317705,27344.55821032274,94953.81001660452,True
development,0.011004607819876085,B2-rank3-q4-r8-K4,8160947969.250001,313414,94953.81001660452,421225.35135951306,True
development,0.011004607819876085,B2-rank3-q8-r8-K2,15440143266.093746,296133,421225.35135951306,1924612.112854129,True
development,0.011004607819876085,B2-rank3-q8-r16-K4,17376303051.625,295127,1924612.112854129,8015679.682759489,True
development,0.011004607819876085,B2-rank3-q8-r32-K2,21392158572.687504,294626,8015679.682759489,9507114.269589553,True
development,0.011004607819876085,B2-rank6-q8-r1-K2,25850995165.125004,294157,9507114.269589553,9619669.377604485,True
development,0.011004607819876085,B2-rank6-q8-r2-K4,25966431197.656258,294145,9619669.377604485,30937977.218748473,True
development,0.011004607819876085,B2-rank6-q8-r4-K2,26121121083.75,294140,30937977.218748473,79977737.47916794,True
development,0.011004607819876085,B2-rank6-q8-r8-K4,26361054296.187504,294137,79977737.47916794,255748082.140625,True
development,0.011004607819876085,B2-rank6-q8-r16-K4,26872550460.468754,294135,255748082.140625,2304477875.3828115,True
development,0.011004607819876085,B0-rank9-q8-r0-K0,36090461962.0,294131,2304477875.3828115,MISSING,True
development,0.011115047846091417,B2-rank3-q2-r4-K4,5017734523.968748,405409,0.0,23058.392132637895,True
development,0.011115047846091417,B2-rank3-q2-r8-K2,5267941137.000002,394558,23058.392132637895,27919.702754565184,True
development,0.011115047846091417,B2-rank3-q4-r4-K4,7594992522.187501,311210,27919.702754565184,94961.78323518916,True
development,0.011115047846091417,B2-rank3-q4-r8-K4,7994116897.125001,307007,94961.78323518916,425506.7179247881,True
development,0.011115047846091417,B2-rank3-q8-r8-K2,15132417597.031246,290231,425506.7179247881,1924511.9014642534,True
development,0.011115047846091417,B2-rank3-q8-r16-K4,17029986331.875,289245,1924511.9014642534,8015924.607561108,True
development,0.011115047846091417,B2-rank3-q8-r32-K2,20965805314.187504,288754,8015924.607561108,9518348.752720283,True
development,0.011115047846091417,B2-rank6-q8-r2-K4,25448947576.718758,288283,9518348.752720283,25251570.932290394,True
development,0.011115047846091417,B2-rank6-q8-r4-K2,25600457002.3125,288277,25251570.932290394,117617480.8750019,True
development,0.011115047846091417,B2-rank6-q8-r8-K4,25835691964.062504,288275,117617480.8750019,250649332.859375,True
development,0.011115047846091417,B2-rank6-q8-r16-K4,26336990629.781254,288273,250649332.859375,2258548052.0546865,True
development,0.011115047846091417,B0-rank9-q8-r0-K0,35371182838.0,288269,2258548052.0546865,MISSING,True
development,0.011226596226151802,B2-rank3-q2-r4-K4,4900784546.249998,395960,0.0,23062.144781542305,True
development,0.011226596226151802,B2-rank3-q2-r8-K2,5145174094.500002,385363,23062.144781542305,28500.457337493157,True
development,0.011226596226151802,B2-rank3-q4-r4-K4,7439802915.656251,304851,28500.457337493157,94935.91056793346,True
development,0.011226596226151802,B2-rank3-q4-r8-K4,7830748995.375001,300733,94935.91056793346,429822.8761148376,True
development,0.011226596226151802,B2-rank3-q8-r8-K2,14830844355.781246,284447,429822.8761148376,1925230.6279438445,True
development,0.011226596226151802,B2-rank3-q8-r16-K4,16690617142.375,283481,1925230.6279438445,8002759.40047978,True
development,0.011226596226151802,B2-rank3-q8-r32-K2,20547947173.406254,282999,8002759.40047978,9531117.718343284,True
development,0.011226596226151802,B2-rank6-q8-r2-K4,24941792441.562508,282538,9531117.718343284,24746579.447915394,True
development,0.011226596226151802,B2-rank6-q8-r4-K2,25090271918.25,282532,24746579.447915394,115271725.5625019,True
development,0.011226596226151802,B2-rank6-q8-r8-K4,25320815369.375004,282530,115271725.5625019,245652349.8125,True
development,0.011226596226151802,B2-rank6-q8-r16-K4,25812120069.000004,282528,245652349.8125,2213534944.749999,True
development,0.011226596226151802,B0-rank9-q8-r0-K0,34666259848.0,282524,2213534944.749999,MISSING,True
development,0.011339264083273048,B2-rank3-q2-r4-K4,4786805041.031248,386751,0.0,23057.01385903727,True
development,0.011339264083273048,B2-rank3-q2-r8-K2,5025491248.500002,376399,23057.01385903727,29087.624444317644,True
development,0.011339264083273048,B2-rank3-q4-r4-K4,7287810327.281251,298623,29087.624444317644,94962.02801109596,True
development,0.011339264083273048,B2-rank3-q4-r8-K4,7670792186.250001,294590,94962.02801109596,434161.47477428656,True
development,0.011339264083273048,B2-rank3-q8-r8-K2,14535319263.906246,278779,434161.47477428656,1924709.173277459,True
development,0.011339264083273048,B2-rank3-q8-r16-K4,16358018851.0,277832,1924709.173277459,8009518.414194923,True
development,0.011339264083273048,B2-rank3-q8-r32-K2,20138511542.500004,277360,8009518.414194923,9496588.889705881,True
development,0.011339264083273048,B2-rank6-q8-r1-K2,24336003831.750004,276918,9496588.889705881,10878540.512500381,True
development,0.011339264083273048,B2-rank6-q8-r2-K4,24444789236.875008,276908,10878540.512500381,24251696.58333206,True
development,0.011339264083273048,B2-rank6-q8-r4-K2,24590299416.375,276902,24251696.58333206,112972926.1875019,True
development,0.011339264083273048,B2-rank6-q8-r8-K4,24816245268.750004,276900,112972926.1875019,240755393.40625,True
development,0.011339264083273048,B2-rank6-q8-r16-K4,25297756055.562504,276898,240755393.40625,2169422883.109374,True
development,0.011339264083273048,B0-rank9-q8-r0-K0,33975447588.0,276894,2169422883.109374,MISSING,True
development,0.011453062652301322,B2-rank3-q2-r4-K4,4675696992.562498,377774,0.0,23059.593703639977,True
development,0.011453062652301322,B2-rank3-q2-r8-K2,4908852544.500002,367663,23059.593703639977,29680.558543529893,True
development,0.011453062652301322,B2-rank3-q4-r4-K4,7138990352.343751,292525,29680.558543529893,94981.77234968354,True
development,0.011453062652301322,B2-rank3-q4-r8-K4,7514168353.125001,288575,94981.77234968354,438506.77810077486,True
development,0.011453062652301322,B2-rank3-q8-r8-K2,14245685903.749996,273224,438506.77810077486,1924986.8526400903,True
development,0.011453062652301322,B2-rank3-q8-r16-K4,16032073703.0,272296,1924986.8526400903,8002449.864133378,True
development,0.011453062652301322,B2-rank3-q8-r32-K2,19737207990.093754,271833,8002449.864133378,9523039.158637153,True
development,0.011453062652301322,B2-rank6-q8-r1-K2,23851160906.625004,271401,9523039.158637153,9682929.369318528,True
development,0.011453062652301322,B2-rank6-q8-r2-K4,23957673129.687508,271390,9682929.369318528,28537751.374998473,True
development,0.011453062652301322,B2-rank6-q8-r4-K2,24100361886.5625,271385,28537751.374998473,73783636.85416794,True
development,0.011453062652301322,B2-rank6-q8-r8-K4,24321712797.125004,271382,73783636.85416794,663438718.6249981,True
development,0.011453062652301322,B2-rank6-q8-r32-K2,25648590234.375,271380,663438718.6249981,3825016560.8125,True
development,0.011453062652301322,B0-rank9-q8-r0-K0,33298623356.0,271378,3825016560.8125,MISSING,True
development,0.011568003280833442,B2-rank3-q2-r4-K4,4567386139.031248,369023,0.0,23062.47787249431,True
development,0.011568003280833442,B2-rank3-q2-r8-K2,4795151170.500002,359147,23062.47787249431,30280.035350343685,True
development,0.011568003280833442,B2-rank3-q4-r4-K4,6993269776.687501,286554,30280.035350343685,94962.16119186046,True
development,0.011568003280833442,B2-rank3-q4-r8-K4,7360773340.500001,282684,94962.16119186046,442938.92475298565,True
development,0.011568003280833442,B2-rank3-q8-r8-K2,13961892136.093746,267781,442938.92475298565,1923925.063221158,True
development,0.011568003280833442,B2-rank3-q8-r16-K4,15712663943.625,266871,1923925.063221158,8016274.994619214,True
development,0.011568003280833442,B2-rank3-q8-r32-K2,19344036516.187504,266418,8016274.994619214,9508780.060129318,True
development,0.011568003280833442,B2-rank6-q8-r2-K4,23480355842.343758,265983,9508780.060129318,27967414.256248474,True
development,0.011568003280833442,B2-rank6-q8-r4-K2,23620192913.625,265978,27967414.256248474,72311806.39583461,True
development,0.011568003280833442,B2-rank6-q8-r8-K4,23837128332.812504,265975,72311806.39583461,462597086.375,True
development,0.011568003280833442,B2-rank6-q8-r16-K4,24299725419.187504,265974,462597086.375,837839951.9062462,True
development,0.011568003280833442,B2-rank6-q8-r32-K2,25137565371.09375,265973,837839951.9062462,2499161856.3020835,True
development,0.011568003280833442,B0-rank9-q8-r0-K0,32635050940.0,265970,2499161856.3020835,MISSING,True
development,0.011684097430348409,B2-rank3-q2-r4-K4,4461810595.593748,360493,0.0,23061.40359724853,True
development,0.011684097430348409,B2-rank3-q2-r8-K2,4684307017.500002,350845,23061.40359724853,30885.013529384494,True
development,0.011684097430348409,B2-rank3-q4-r4-K4,6850550981.437501,280706,30885.013529384494,94994.75674472295,True
development,0.011684097430348409,B2-rank3-q4-r8-K4,7210581109.500001,276916,94994.75674472295,447349.57115152007,True
development,0.011684097430348409,B2-rank3-q8-r8-K2,13683729404.062496,262446,447349.57115152007,1925861.295244112,True
development,0.011684097430348409,B2-rank3-q8-r16-K4,15399671818.125,261555,1925861.295244112,7997668.0077247275,True
development,0.011684097430348409,B2-rank3-q8-r32-K2,18958634081.562504,261110,7997668.0077247275,9498986.216796875,True
development,0.011684097430348409,B2-rank6-q8-r1-K2,22910212347.750004,260694,9498986.216796875,10236019.412500381,True
development,0.011684097430348409,B2-rank6-q8-r2-K4,23012572541.875008,260684,10236019.412500381,27408469.112498473,True
development,0.011684097430348409,B2-rank6-q8-r4-K2,23149614887.4375,260679,27408469.112498473,106348872.5000019,True
development,0.011684097430348409,B2-rank6-q8-r8-K4,23362312632.437504,260677,106348872.5000019,226644678.703125,True
development,0.011684097430348409,B2-rank6-q8-r16-K4,23815601989.843754,260675,226644678.703125,2723124584.7187486,True
development,0.011684097430348409,B0-rank9-q8-r0-K0,31984975744.0,260672,2723124584.7187486,MISSING,True
development,0.011801356677350336,B2-rank3-q2-r4-K4,4358883723.468748,352177,0.0,23059.224807050054,True
development,0.011801356677350336,B2-rank3-q2-r8-K2,4576239976.500002,342751,23059.224807050054,31497.624171370062,True
development,0.011801356677350336,B2-rank3-q4-r4-K4,6710833966.593751,274981,31497.624171370062,94952.48735359451,True
development,0.011801356677350336,B2-rank3-q4-r8-K4,7063487504.625001,271267,94952.48735359451,451786.8985475975,True
development,0.011801356677350336,B2-rank3-q8-r8-K2,13411093429.218746,257217,451786.8985475975,1926424.2700816195,True
development,0.011801356677350336,B2-rank3-q8-r16-K4,15092861817.0,256344,1926424.2700816195,8018710.044181043,True
development,0.011801356677350336,B2-rank3-q8-r32-K2,18581000686.218754,255909,8018710.044181043,9492260.74241728,True
development,0.011801356677350336,B2-rank6-q8-r1-K2,22453843069.125004,255501,9492260.74241728,10030360.384375382,True
development,0.011801356677350336,B2-rank6-q8-r2-K4,22554146672.968758,255491,10030360.384375382,26860704.981248476,True
development,0.011801356677350336,B2-rank6-q8-r4-K2,22688450197.875,255486,26860704.981248476,104228505.6875019,True
development,0.011801356677350336,B2-rank6-q8-r8-K4,22896907209.250004,255484,104228505.6875019,222127823.53125,True
development,0.011801356677350336,B2-rank6-q8-r16-K4,23341162856.312504,255482,222127823.53125,2001624674.921874,True
development,0.011801356677350336,B0-rank9-q8-r0-K0,31347661556.0,255478,2001624674.921874,MISSING,True
development,0.011919792714522783,B2-rank3-q2-r4-K4,4258518883.8749986,344068,0.0,23059.078578021865,True
development,0.011919792714522783,B2-rank3-q2-r8-K2,4470869938.500002,334859,23059.078578021865,32115.297397058137,True
development,0.011919792714522783,B2-rank3-q4-r4-K4,6573972303.843751,269373,32115.297397058137,94961.00722409291,True
development,0.011919792714522783,B2-rank3-q4-r8-K4,6919440448.125001,265735,94961.00722409291,456311.39677717874,True
development,0.011919792714522783,B2-rank3-q8-r8-K2,13143984211.562496,252094,456311.39677717874,1925525.3839807287,True
development,0.011919792714522783,B2-rank3-q8-r16-K4,14792233940.25,251238,1925525.3839807287,8006116.998902233,True
development,0.011919792714522783,B2-rank3-q8-r32-K2,18210845898.781254,250811,8006116.998902233,9489199.247734375,True
development,0.011919792714522783,B2-rank6-q8-r1-K2,22006525597.875004,250411,9489199.247734375,10930675.826389313,True
development,0.011919792714522783,B2-rank6-q8-r2-K4,22104901680.312508,250402,10930675.826389313,26323910.899998475,True
development,0.011919792714522783,B2-rank6-q8-r4-K2,22236521234.8125,250397,26323910.899998475,102150603.3750019,True
development,0.011919792714522783,B2-rank6-q8-r8-K4,22440822441.562504,250395,102150603.3750019,217701427.234375,True
development,0.011919792714522783,B2-rank6-q8-r16-K4,22876225296.031254,250393,217701427.234375,1961751445.4921865,True
development,0.011919792714522783,B0-rank9-q8-r0-K0,30723231078.0,250389,1961751445.4921865,MISSING,True
development,0.012039417351894737,B2-rank3-q2-r4-K4,4160654191.9687486,336161,0.0,23064.61822268257,True
development,0.012039417351894737,B2-rank3-q2-r8-K2,4368143497.500001,327165,23064.61822268257,32738.10269529028,True
development,0.012039417351894737,B2-rank3-q4-r4-K4,6439941588.468751,263881,32738.10269529028,94989.1310079287,True
development,0.012039417351894737,B2-rank3-q4-r8-K4,6778387862.250001,260318,94989.1310079287,460838.45465977694,True
development,0.012039417351894737,B2-rank3-q8-r8-K2,12882193194.218746,247073,460838.45465977694,1925409.2509311726,True
development,0.012039417351894737,B2-rank3-q8-r16-K4,14497611555.75,246234,1925409.2509311726,7996385.574358601,True
development,0.012039417351894737,B2-rank3-q8-r32-K2,17848097111.406254,245815,7996385.574358601,9514482.922234654,True
development,0.012039417351894737,B2-rank6-q8-r1-K2,21568259934.000004,245424,9514482.922234654,9631279.693750381,True
development,0.012039417351894737,B2-rank6-q8-r2-K4,21664572730.937508,245414,9631279.693750381,32269414.296873093,True
development,0.012039417351894737,B2-rank6-q8-r4-K2,21793650388.125,245410,32269414.296873093,100114348.9375019,True
development,0.012039417351894737,B2-rank6-q8-r8-K4,21993879086.000004,245408,100114348.9375019,213363750.21875,True
development,0.012039417351894737,B2-rank6-q8-r16-K4,22420606586.437504,245406,213363750.21875,2563610773.1874986,True
development,0.012039417351894737,B0-rank9-q8-r0-K0,30111438906.0,245403,2563610773.1874986,MISSING,True
development,0.012160242518018245,B2-rank3-q2-r4-K4,4065227762.906249,328451,0.0,23063.262638652093,True
development,0.012160242518018245,B2-rank3-q2-r8-K2,4267953841.500001,319661,23063.262638652093,33368.31108818552,True
development,0.012160242518018245,B2-rank3-q4-r4-K4,6308693011.031251,258503,33368.31108818552,95002.46972600286,True
development,0.012160242518018245,B2-rank3-q4-r8-K4,6640251630.375001,255013,95002.46972600286,465388.7309210011,True
development,0.012160242518018245,B2-rank3-q8-r8-K2,12625616098.749996,242152,465388.7309210011,1926108.041362535,True
development,0.012160242518018245,B2-rank3-q8-r16-K4,14208876908.75,241330,1926108.041362535,7989616.057557795,True
development,0.012160242518018245,B2-rank3-q8-r32-K2,17492609108.406254,240919,7989616.057557795,9517716.129214386,True
development,0.012160242518018245,B2-rank6-q8-r2-K4,21233071547.187508,240526,9517716.129214386,31624923.859373093,True
development,0.012160242518018245,B2-rank6-q8-r4-K2,21359571242.625,240522,31624923.859373093,98118517.4375019,True
development,0.012160242518018245,B2-rank6-q8-r8-K4,21555808277.500004,240520,98118517.4375019,209112183.09375,True
development,0.012160242518018245,B2-rank6-q8-r16-K4,21974032643.687504,240518,209112183.09375,2512546295.4374986,True
development,0.012160242518018245,B0-rank9-q8-r0-K0,29511671530.0,240515,2512546295.4374986,MISSING,True
development,0.012282280261157904,B2-rank3-q2-r4-K4,3972165334.874999,320932,0.0,23058.076615250513,True
development,0.012282280261157904,B2-rank3-q2-r8-K2,4170234213.000001,312342,23058.076615250513,34006.32009294899,True
development,0.012282280261157904,B2-rank3-q4-r4-K4,6180177762.093751,253237,34006.32009294899,94963.70578399123,True
development,0.012282280261157904,B2-rank3-q4-r8-K4,6504953635.875001,249817,94963.70578399123,470028.60175082047,True
development,0.012282280261157904,B2-rank3-q8-r8-K2,12374200785.937496,237330,470028.60175082047,1922741.7362918262,True
development,0.012282280261157904,B2-rank3-q8-r16-K4,13925853367.125,236523,1922741.7362918262,8005928.624300383,True
development,0.012282280261157904,B2-rank3-q8-r32-K2,17144236674.093754,236121,8005928.624300383,9522038.700405855,True
development,0.012282280261157904,B2-rank6-q8-r2-K4,20810221573.750008,235736,9522038.700405855,30993354.874998093,True
development,0.012282280261157904,B2-rank6-q8-r4-K2,20934194993.25,235732,30993354.874998093,96162700.5625019,True
development,0.012282280261157904,B2-rank6-q8-r8-K4,21126520394.375004,235730,96162700.5625019,204945856.0625,True
development,0.012282280261157904,B2-rank6-q8-r16-K4,21536412106.500004,235728,204945856.0625,2462505614.4999986,True
development,0.012282280261157904,B0-rank9-q8-r0-K0,28923928950.0,235725,2462505614.4999986,MISSING,True
development,0.01240554275049227,B2-rank3-q2-r4-K4,3881392646.062499,313598,0.0,23061.111811926832,True
development,0.01240554275049227,B2-rank3-q2-r8-K2,4074944557.500001,305205,23061.111811926832,34648.91057104033,True
development,0.01240554275049227,B2-rank3-q4-r4-K4,6054298222.781251,248079,34648.91057104033,94976.00510261195,True
development,0.01240554275049227,B2-rank3-q4-r8-K4,6372467839.875001,244729,94976.00510261195,474622.37003391434,True
development,0.01240554275049227,B2-rank3-q8-r8-K2,12127738698.906246,232603,474622.37003391434,1927580.620207546,True
development,0.01240554275049227,B2-rank3-q8-r16-K4,13648599808.25,231814,1927580.620207546,8005856.325824883,True
development,0.01240554275049227,B2-rank3-q8-r32-K2,16802907200.625004,231420,8005856.325824883,9491138.583333334,True
development,0.01240554275049227,B2-rank6-q8-r1-K2,20305137337.875004,231051,9491138.583333334,10078768.60416709,True
development,0.01240554275049227,B2-rank6-q8-r2-K4,20395846255.312508,231042,10078768.60416709,30374443.640623093,True
development,0.01240554275049227,B2-rank6-q8-r4-K2,20517344029.875,231038,30374443.640623093,94246081.6875019,True
development,0.01240554275049227,B2-rank6-q8-r8-K4,20705836193.250004,231036,94246081.6875019,200863029.53125,True
development,0.01240554275049227,B2-rank6-q8-r16-K4,21107562252.312504,231034,200863029.53125,2413467836.5624986,True
development,0.01240554275049227,B0-rank9-q8-r0-K0,28347965762.0,231031,2413467836.5624986,MISSING,True
development,0.012530042277327312,B2-rank3-q2-r4-K4,3792860188.593749,306445,0.0,23063.59924475697,True
development,0.012530042277327312,B2-rank3-q2-r8-K2,3982004766.000001,298244,23063.59924475697,35298.19658024848,True
development,0.012530042277327312,B2-rank3-q4-r4-K4,5931029988.375001,243028,35298.19658024848,95005.2350655288,True
development,0.012530042277327312,B2-rank3-q4-r8-K4,6242742164.625001,239747,95005.2350655288,479281.5127176217,True
development,0.012530042277327312,B2-rank3-q8-r8-K2,11886281976.874996,227972,479281.5127176217,1925762.103843674,True
development,0.012530042277327312,B2-rank3-q8-r16-K4,13376821845.25,227198,1925762.103843674,8009089.148639906,True
development,0.012530042277327312,B2-rank3-q8-r32-K2,16468330256.625004,226812,8009089.148639906,9481943.990676796,True
development,0.012530042277327312,B2-rank6-q8-r1-K2,19900793981.250004,226450,9481943.990676796,11121881.914062977,True
development,0.012530042277327312,B2-rank6-q8-r2-K4,19989769036.562508,226442,11121881.914062977,23796580.149998475,True
development,0.012530042277327312,B2-rank6-q8-r4-K2,20108751937.3125,226437,23796580.149998475,92367435.8750019,True
development,0.012530042277327312,B2-rank6-q8-r8-K4,20293486809.062504,226435,92367435.8750019,393813549.5,True
development,0.012530042277327312,B2-rank6-q8-r16-K4,20687300358.562504,226434,393813549.5,713271653.1562462,True
development,0.012530042277327312,B2-rank6-q8-r32-K2,21400572011.71875,226433,713271653.1562462,3191482275.140625,True
development,0.012530042277327312,B0-rank9-q8-r0-K0,27783536562.0,226431,3191482275.140625,MISSING,True
development,0.01265579125632208,B2-rank3-q2-r4-K4,3706506077.624999,299468,0.0,23060.34334061159,True
development,0.01265579125632208,B2-rank3-q2-r8-K2,3891334729.500001,291453,23060.34334061159,35955.65981408443,True
development,0.01265579125632208,B2-rank3-q4-r4-K4,5810324249.437501,238082,35955.65981408443,94938.48454990672,True
development,0.01265579125632208,B2-rank3-q4-r8-K4,6115646415.750001,234866,94938.48454990672,484035.30545077805,True
development,0.01265579125632208,B2-rank3-q8-r8-K2,11649622062.968746,223433,484035.30545077805,1924688.4555747744,True
development,0.01265579125632208,B2-rank3-q8-r16-K4,13110460600.75,222674,1924688.4555747744,8015800.617724878,True
development,0.01265579125632208,B2-rank3-q8-r32-K2,16140433234.250004,222296,8015800.617724878,9476345.070070423,True
development,0.01265579125632208,B2-rank6-q8-r1-K2,19504535734.125004,221941,9476345.070070423,10898668.800781727,True
development,0.01265579125632208,B2-rank6-q8-r2-K4,19591725084.531258,221933,10898668.800781727,29173407.757810593,True
development,0.01265579125632208,B2-rank6-q8-r4-K2,19708418715.5625,221929,29173407.757810593,90526763.1250019,True
development,0.01265579125632208,B2-rank6-q8-r8-K4,19889472241.812504,221927,90526763.1250019,192940049.796875,True
development,0.01265579125632208,B2-rank6-q8-r16-K4,20275352341.406254,221925,192940049.796875,2318306967.5312486,True
development,0.01265579125632208,B0-rank9-q8-r0-K0,27230273244.0,221922,2318306967.5312486,MISSING,True
development,0.012782802226726633,B2-rank3-q2-r4-K4,3622256051.343749,292661,0.0,23064.139703300807,True
development,0.012782802226726633,B2-rank3-q2-r8-K2,3802894393.500001,284829,23064.139703300807,36617.866987008645,True
development,0.012782802226726633,B2-rank3-q4-r4-K4,5692083387.093751,233237,36617.866987008645,94998.18479080661,True
development,0.012782802226726633,B2-rank3-q4-r8-K4,5991232671.000001,230088,94998.18479080661,488739.45302789746,True
development,0.012782802226726633,B2-rank3-q8-r8-K2,11417706817.968746,218985,488739.45302789746,1924395.6712449647,True
development,0.012782802226726633,B2-rank3-q8-r16-K4,12849457197.375,218241,1924395.6712449647,8004349.650774943,True
development,0.012782802226726633,B2-rank3-q8-r32-K2,15819070917.812504,217870,8004349.650774943,9501559.561095517,True
development,0.012782802226726633,B2-rank6-q8-r2-K4,19201626121.562508,217514,9501559.561095517,28590755.703123093,True
development,0.012782802226726633,B2-rank6-q8-r4-K2,19315989144.375,217510,28590755.703123093,88722430.1875019,True
development,0.012782802226726633,B2-rank6-q8-r8-K4,19493434004.750004,217508,88722430.1875019,378284196.09375,True
development,0.012782802226726633,B2-rank6-q8-r16-K4,19871718200.843754,217507,378284196.09375,2272152535.7187486,True
development,0.012782802226726633,B0-rank9-q8-r0-K0,26688175808.0,217504,2272152535.7187486,MISSING,True
development,0.012911087853632416,B2-rank3-q2-r4-K4,3540072978.843749,286021,0.0,23060.832156270662,True
development,0.012911087853632416,B2-rank3-q2-r8-K2,3716603649.000001,278366,23060.832156270662,37288.7885698424,True
development,0.012911087853632416,B2-rank3-q4-r4-K4,5576307401.343751,228493,37288.7885698424,94956.99798485094,True
development,0.012911087853632416,B2-rank3-q4-r8-K4,5869344697.125001,225407,94956.99798485094,493510.9559537883,True
development,0.012911087853632416,B2-rank3-q8-r8-K2,11190379824.218746,214625,493510.9559537883,1924904.223293901,True
development,0.012911087853632416,B2-rank3-q8-r16-K4,12593635003.0,213896,1924904.223293901,8018004.673467642,True
development,0.012911087853632416,B2-rank3-q8-r32-K2,15504170699.468754,213533,8018004.673467642,9476506.444373168,True
development,0.012911087853632416,B2-rank6-q8-r1-K2,18735659397.000004,213192,9476506.444373168,10465559.125000477,True
development,0.012911087853632416,B2-rank6-q8-r2-K4,18819383870.000008,213184,10465559.125000477,28019838.437498093,True
development,0.012911087853632416,B2-rank6-q8-r4-K2,18931463223.75,213180,28019838.437498093,86954437.0625019,True
development,0.012911087853632416,B2-rank6-q8-r8-K4,19105372097.875004,213178,86954437.0625019,370751755.15625,True
development,0.012911087853632416,B2-rank6-q8-r16-K4,19476123853.031254,213177,370751755.15625,671506303.2187462,True
development,0.012911087853632416,B2-rank6-q8-r32-K2,20147630156.25,213176,671506303.2187462,3004622995.875,True
development,0.012911087853632416,B0-rank9-q8-r0-K0,26156876148.0,213174,3004622995.875,MISSING,True
development,0.013040660929235186,B2-rank3-q2-r4-K4,3459894975.281249,279543,0.0,23059.00377155198,True
development,0.013040660929235186,B2-rank3-q2-r8-K2,3632422441.500001,272061,23059.00377155198,37966.16411273178,True
development,0.013040660929235186,B2-rank3-q4-r4-K4,5462923078.031251,223847,37966.16411273178,94967.07078026794,True
development,0.013040660929235186,B2-rank3-q4-r8-K4,5750008533.000001,220824,94967.07078026794,498293.6251283302,True
development,0.013040660929235186,B2-rank3-q8-r8-K2,10967641081.718746,210353,498293.6251283302,1926264.6161152015,True
development,0.013040660929235186,B2-rank3-q8-r16-K4,12342994017.625,209639,1926264.6161152015,7990254.168242307,True
development,0.013040660929235186,B2-rank3-q8-r32-K2,15195514755.687504,209282,7990254.168242307,9482559.954528444,True
development,0.013040660929235186,B2-rank6-q8-r1-K2,18362689780.500004,208948,9482559.954528444,10255464.546875477,True
development,0.013040660929235186,B2-rank6-q8-r2-K4,18444733496.875008,208940,10255464.546875477,27460260.406248093,True
development,0.013040660929235186,B2-rank6-q8-r4-K2,18554574538.5,208936,27460260.406248093,85221558.8125019,True
development,0.013040660929235186,B2-rank6-q8-r8-K4,18725017656.125004,208934,85221558.8125019,363368919.28125,True
development,0.013040660929235186,B2-rank6-q8-r16-K4,19088386575.406254,208933,363368919.28125,658135846.4687462,True
development,0.013040660929235186,B2-rank6-q8-r32-K2,19746522421.875,208932,658135846.4687462,2944803219.0625,True
development,0.013040660929235186,B0-rank9-q8-r0-K0,25636128860.0,208930,2944803219.0625,MISSING,True
development,0.01317153437411059,B2-rank3-q2-r4-K4,3381660155.812499,273222,0.0,23058.09622419006,True
development,0.01317153437411059,B2-rank3-q2-r8-K2,3550284013.500001,265909,23058.09622419006,38648.234109521814,True
development,0.01317153437411059,B2-rank3-q4-r4-K4,5351832798.281251,219295,38648.234109521814,94988.58019883485,True
development,0.01317153437411059,B2-rank3-q4-r8-K4,5633093984.250001,216334,94988.58019883485,503170.75025201566,True
development,0.01317153437411059,B2-rank3-q8-r8-K2,10749334172.812496,206166,503170.75025201566,1922832.6413159827,True
development,0.01317153437411059,B2-rank3-q8-r16-K4,12097239854.375,205465,1922832.6413159827,8034089.747395844,True
development,0.01317153437411059,B2-rank3-q8-r32-K2,14893103086.468754,205117,8034089.747395844,9492889.594132263,True
development,0.01317153437411059,B2-rank6-q8-r1-K2,17997277983.750004,204790,9492889.594132263,10049627.304687977,True
development,0.01317153437411059,B2-rank6-q8-r2-K4,18077675002.187508,204782,10049627.304687977,26912021.609373093,True
development,0.01317153437411059,B2-rank6-q8-r4-K2,18185323088.625,204778,26912021.609373093,83523795.4375019,True
development,0.01317153437411059,B2-rank6-q8-r8-K4,18352370679.500004,204776,83523795.4375019,178022163.59375,True
development,0.01317153437411059,B2-rank6-q8-r16-K4,18708415006.687504,204774,178022163.59375,2139132078.4374988,True
development,0.01317153437411059,B0-rank9-q8-r0-K0,25125811242.0,204771,2139132078.4374988,MISSING,True
development,0.013303721238502573,B2-rank3-q2-r4-K4,3305319012.562499,267054,0.0,23057.63100692528,True
development,0.013303721238502573,B2-rank3-q2-r8-K2,3470134959.000001,259906,23057.63100692528,39340.324683942796,True
development,0.013303721238502573,B2-rank3-q4-r4-K4,5243085371.531251,214839,39340.324683942796,94939.93085587525,True
development,0.013303721238502573,B2-rank3-q4-r8-K4,5518601050.875001,211937,94939.93085587525,508082.42935044004,True
development,0.013303721238502573,B2-rank3-q8-r8-K2,10535406958.281246,202063,508082.42935044004,1922974.249954518,True
development,0.013303721238502573,B2-rank3-q8-r16-K4,11856490268.0,201376,1922974.249954518,8012149.100694455,True
development,0.013303721238502573,B2-rank3-q8-r32-K2,14596645260.437504,201034,8012149.100694455,9447985.889945652,True
development,0.013303721238502573,B2-rank6-q8-r1-K2,17638896717.000004,200712,9447985.889945652,13159759.718750635,True
development,0.013303721238502573,B2-rank6-q8-r2-K4,17717855275.312508,200706,13159759.718750635,26374594.640623093,True
development,0.013303721238502573,B2-rank6-q8-r4-K2,17823353653.875,200702,26374594.640623093,81859513.6875019,True
development,0.013303721238502573,B2-rank6-q8-r8-K4,17987072681.250004,200700,81859513.6875019,174476871.53125,True
development,0.013303721238502573,B2-rank6-q8-r16-K4,18336026424.312504,200698,174476871.53125,3144887083.843748,True
development,0.013303721238502573,B0-rank9-q8-r0-K0,24625800592.0,200696,3144887083.843748,MISSING,True
development,0.013437234703624701,B2-rank3-q2-r4-K4,3230822037.656249,261035,0.0,23057.082344890783,True
development,0.013437234703624701,B2-rank3-q2-r8-K2,3391921872.000001,254048,23057.082344890783,40038.484008525724,True
development,0.013437234703624701,B2-rank3-q4-r4-K4,5136558774.187501,210474,40038.484008525724,94941.56909514597,True
development,0.013437234703624701,B2-rank3-q4-r8-K4,5406477655.125001,207631,94941.56909514597,512953.6355937169,True
development,0.013437234703624701,B2-rank3-q8-r8-K2,10325703020.468746,198041,512953.6355937169,1923932.7318443593,True
development,0.013437234703624701,B2-rank3-q8-r16-K4,11620509749.0,197368,1923932.7318443593,8016810.533115683,True
development,0.013437234703624701,B2-rank3-q8-r32-K2,14306141277.593754,197033,8016810.533115683,9465892.790972222,True
development,0.013437234703624701,B2-rank6-q8-r1-K2,17287897506.750004,196718,9465892.790972222,11041218.834821973,True
development,0.013437234703624701,B2-rank6-q8-r2-K4,17365186038.593758,196711,11041218.834821973,25847847.648435593,True
development,0.013437234703624701,B2-rank6-q8-r4-K2,17468577429.1875,196707,25847847.648435593,80228305.2500019,True
development,0.013437234703624701,B2-rank6-q8-r8-K4,17629034039.687504,196705,80228305.2500019,342095427.3125,True
development,0.013437234703624701,B2-rank6-q8-r16-K4,17971129467.000004,196704,342095427.3125,619609146.2812462,True
development,0.013437234703624701,B2-rank6-q8-r32-K2,18590738613.28125,196703,619609146.2812462,5544990190.71875,True
development,0.013437234703624701,B0-rank9-q8-r0-K0,24135728804.0,196702,5544990190.71875,MISSING,True
development,0.013572088082974531,B2-rank3-q2-r4-K4,3158119723.218749,255161,0.0,23066.53870551434,True
development,0.013572088082974531,B2-rank3-q2-r8-K2,3315618049.500001,248333,23066.53870551434,40740.148268956924,True
development,0.013572088082974531,B2-rank3-q4-r4-K4,5032204196.812501,206198,40740.148268956924,94995.5181169181,True
development,0.013572088082974531,B2-rank3-q4-r8-K4,5296671719.250001,203414,94995.5181169181,513143.93754528847,True
development,0.013572088082974531,B2-rank3-q4-r16-K2,6004810353.062499,202034,513143.93754528847,518633.8836917138,True
development,0.013572088082974531,B2-rank3-q8-r8-K2,10120170220.156248,194099,518633.8836917138,1928766.0748005349,True
development,0.013572088082974531,B2-rank3-q8-r16-K4,11389298297.375,193441,1928766.0748005349,8000448.707826753,True
development,0.013572088082974531,B2-rank3-q8-r32-K2,14021445922.250002,193112,8000448.707826753,9457554.619775249,True
development,0.013572088082974531,B2-rank6-q8-r2-K4,17019490736.718756,192795,9457554.619775249,33804957.59374809,True
development,0.013572088082974531,B2-rank6-q8-r4-K2,17120905609.5,192792,33804957.59374809,78629761.8125019,True
development,0.013572088082974531,B2-rank6-q8-r8-K4,17278165133.125004,192790,78629761.8125019,335284917.78125,True
development,0.013572088082974531,B2-rank6-q8-r16-K4,17613450050.906254,192789,335284917.78125,3020950211.546873,True
development,0.013572088082974531,B0-rank9-q8-r0-K0,23655350474.0,192787,3020950211.546873,MISSING,True
development,0.013708294823661217,B2-rank3-q2-r4-K4,3087174938.343749,249429,0.0,23058.978603393036,True
development,0.013708294823661217,B2-rank3-q2-r8-K2,3241116679.500001,242753,23058.978603393036,41453.65863006848,True
development,0.013708294823661217,B2-rank3-q4-r4-K4,4930021639.406251,202011,41453.65863006848,94971.95279279692,True
development,0.013708294823661217,B2-rank3-q4-r8-K4,5189105126.625001,199283,94971.95279279692,513535.51424870326,True
development,0.013708294823661217,B2-rank3-q4-r16-K2,5882891606.374999,197932,513535.51424870326,524410.7083874738,True
development,0.013708294823661217,B2-rank3-q8-r8-K2,9918756418.124998,190236,524410.7083874738,1925394.9042182693,True
development,0.013708294823661217,B2-rank3-q8-r16-K4,11162561526.25,189590,1925394.9042182693,8036923.527940037,True
development,0.013708294823661217,B2-rank3-q8-r32-K2,13742413978.718752,189269,8036923.527940037,9452888.353238449,True
development,0.013708294823661217,B2-rank6-q8-r1-K2,16606639149.750002,188966,9452888.353238449,10602642.513393402,True
development,0.013708294823661217,B2-rank6-q8-r2-K4,16680857647.343756,188959,10602642.513393402,33130580.802081425,True
development,0.013708294823661217,B2-rank6-q8-r4-K2,16780249389.75,188956,33130580.802081425,77063475.06250095,True
development,0.013708294823661217,B2-rank6-q8-r8-K4,16934376339.875002,188954,77063475.06250095,164260237.43750095,True
development,0.013708294823661217,B2-rank6-q8-r16-K4,17262896814.750004,188952,164260237.43750095,2960823042.624998,True
development,0.013708294823661217,B0-rank9-q8-r0-K0,23184542900.0,188950,2960823042.624998,MISSING,True
development,0.01384586850774637,B2-rank3-q2-r4-K4,3017925798.187499,243834,0.0,23065.948706896845,True
development,0.01384586850774637,B2-rank3-q2-r8-K2,3168431113.500001,237309,23065.948706896845,42171.293035673494,True
development,0.01384586850774637,B2-rank3-q4-r4-K4,4829937887.812501,197910,42171.293035673494,94954.71401515152,True
development,0.01384586850774637,B2-rank3-q4-r8-K4,5083751838.375001,195237,94954.71401515152,513769.95535714144,True
development,0.01384586850774637,B2-rank3-q4-r16-K2,5763469489.312499,193914,513769.95535714144,530419.7433747654,True
development,0.01384586850774637,B2-rank3-q8-r8-K2,9721461614.374998,186452,530419.7433747654,1922735.7308753973,True
development,0.01384586850774637,B2-rank3-q8-r16-K4,10940476067.75,185818,1922735.7308753973,8001342.289754753,True
development,0.01384586850774637,B2-rank3-q8-r32-K2,13468900231.312502,185502,8001342.289754753,9484135.163640203,True
development,0.01384586850774637,B2-rank6-q8-r1-K2,16276204239.750002,185206,9484135.163640203,10389917.156250546,True
development,0.01384586850774637,B2-rank6-q8-r2-K4,16348933659.843756,185199,10389917.156250546,32469564.968748093,True
development,0.01384586850774637,B2-rank6-q8-r4-K2,16446342354.75,185196,32469564.968748093,75528220.06250095,True
development,0.01384586850774637,B2-rank6-q8-r8-K4,16597398794.875002,185194,75528220.06250095,160989801.1875,True
development,0.01384586850774637,B2-rank6-q8-r16-K4,16919378397.250002,185192,160989801.1875,5803927684.749998,True
development,0.01384586850774637,B0-rank9-q8-r0-K0,22723306082.0,185191,5803927684.749998,MISSING,True
development,0.01398482285359845,B2-rank3-q2-r4-K4,2950335171.843749,238373,0.0,23065.169957086047,True
development,0.01398482285359845,B2-rank3-q2-r8-K2,3097467891.000001,231994,23065.169957086047,42899.22956200787,True
development,0.01398482285359845,B2-rank3-q4-r4-K4,4731928537.312501,193894,42899.22956200787,94943.59614833906,True
development,0.01398482285359845,B2-rank3-q4-r8-K4,4980585815.625001,191275,94943.59614833906,513414.6050019261,True
development,0.01398482285359845,B2-rank3-q4-r16-K2,5646484558.312499,189978,513414.6050019261,536420.7510364841,True
development,0.01398482285359845,B2-rank3-q8-r8-K2,9528025112.812498,182742,536420.7510364841,1923963.4453502446,True
development,0.01398482285359845,B2-rank3-q8-r16-K4,10722806412.375,182121,1923963.4453502446,8019970.470873793,True
development,0.01398482285359845,B2-rank3-q8-r32-K2,13200977287.875002,181812,8019970.470873793,9454924.961340206,True
development,0.01398482285359845,B2-rank6-q8-r1-K2,15952360451.625002,181521,9454924.961340206,10181434.991071973,True
development,0.01398482285359845,B2-rank6-q8-r2-K4,16023630496.562506,181514,10181434.991071973,23844099.45312357,True
development,0.01398482285359845,B2-rank6-q8-r4-K2,16119006894.375,181510,23844099.45312357,148135982.0625019,True
development,0.01398482285359845,B2-rank6-q8-r8-K4,16267142876.437502,181509,148135982.0625019,315660560.6875,True
development,0.01398482285359845,B2-rank6-q8-r16-K4,16582803437.125002,181508,315660560.6875,1896074357.6249993,True
development,0.01398482285359845,B0-rank9-q8-r0-K0,22271026510.0,181505,1896074357.6249993,MISSING,True
development,0.014125171717260689,B2-rank3-q2-r4-K4,2884365928.406249,233043,0.0,23061.468750000306,True
development,0.014125171717260689,B2-rank3-q2-r8-K2,3028200309.000001,226806,23061.468750000306,43633.50335857352,True
development,0.014125171717260689,B2-rank3-q4-r4-K4,4635920373.750001,189960,43633.50335857352,94937.08807482463,True
development,0.014125171717260689,B2-rank3-q4-r8-K4,4879528941.750001,187394,94937.08807482463,513706.98553149455,True
development,0.014125171717260689,B2-rank3-q4-r16-K2,5531936813.374999,186124,513706.98553149455,542392.4337507123,True
development,0.014125171717260689,B2-rank3-q8-r8-K2,9338446913.437498,179106,542392.4337507123,1926063.7653166149,True
development,0.014125171717260689,B2-rank3-q8-r16-K4,10509493682.75,178498,1926063.7653166149,7989435.6132812565,True
development,0.014125171717260689,B2-rank3-q8-r32-K2,12938282109.187502,178194,7989435.6132812565,9474279.08561645,True
development,0.014125171717260689,B2-rank6-q8-r2-K4,15704771602.187506,177902,9474279.08561645,31186737.16666476,True
development,0.014125171717260689,B2-rank6-q8-r4-K2,15798331813.6875,177899,31186737.16666476,145187149.1875019,True
development,0.014125171717260689,B2-rank6-q8-r8-K4,15943518962.875002,177898,145187149.1875019,154643763.1875,True
development,0.014125171717260689,B2-rank6-q8-r16-K4,16252806489.250002,177896,154643763.1875,5575265800.749998,True
development,0.014125171717260689,B0-rank9-q8-r0-K0,21828072290.0,177895,5575265800.749998,MISSING,True
development,0.01426692909383278,B2-rank3-q2-r4-K4,2819980936.968749,227841,0.0,23054.16888526839,True
development,0.01426692909383278,B2-rank3-q2-r8-K2,2960588313.000001,221742,23054.16888526839,44374.93137101866,True
development,0.01426692909383278,B2-rank3-q4-r4-K4,4541888992.406251,186107,44374.93137101866,94934.83908860383,True
development,0.01426692909383278,B2-rank3-q4-r8-K4,4780555177.875001,183593,94934.83908860383,513375.25261044025,True
development,0.01426692909383278,B2-rank3-q4-r16-K2,5419707367.374999,182348,513375.25261044025,548474.1948923742,True
development,0.01426692909383278,B2-rank3-q8-r8-K2,9152622737.812498,175542,548474.1948923742,1929071.2375000033,True
development,0.01426692909383278,B2-rank3-q8-r16-K4,10300420124.125,174947,1929071.2375000033,7988144.895868295,True
development,0.01426692909383278,B2-rank3-q8-r32-K2,12680887303.093752,174649,7988144.895868295,9473231.713821685,True
development,0.01426692909383278,B2-rank6-q8-r1-K2,15323918951.250002,174370,9473231.713821685,9776860.781250546,True
development,0.01426692909383278,B2-rank6-q8-r2-K4,15392356976.718756,174363,9776860.781250546,30564573.593748093,True
development,0.01426692909383278,B2-rank6-q8-r4-K2,15484050697.5,174360,30564573.593748093,71103745.81250095,True
development,0.01426692909383278,B2-rank6-q8-r8-K4,15626258189.125002,174358,71103745.81250095,303220725.78125,True
development,0.01426692909383278,B2-rank6-q8-r16-K4,15929478914.906252,174357,303220725.78125,2732114147.546874,True
development,0.01426692909383278,B0-rank9-q8-r0-K0,21393707210.0,174355,2732114147.546874,MISSING,True
development,0.014410109118866412,B2-rank3-q2-r4-K4,2757093558.749999,222760,0.0,23066.31265727259,True
development,0.014410109118866412,B2-rank3-q2-r8-K2,2894591848.500001,216799,23066.31265727259,45120.530670641485,True
development,0.014410109118866412,B2-rank3-q4-r4-K4,4449761179.125001,182332,45120.530670641485,94984.26771933387,True
development,0.014410109118866412,B2-rank3-q4-r8-K4,4683612446.250001,179870,94984.26771933387,513710.82513843157,True
development,0.014410109118866412,B2-rank3-q4-r16-K2,5309825942.093749,178651,513710.82513843157,554571.5261087334,True
development,0.014410109118866412,B2-rank3-q8-r8-K2,8970552585.937498,172050,554571.5261087334,1926224.9928296267,True
development,0.014410109118866412,B2-rank3-q8-r16-K4,10095467981.75,171466,1926224.9928296267,8017799.560674405,True
development,0.014410109118866412,B2-rank3-q8-r32-K2,12428647653.906252,171175,8017799.560674405,9454050.876710767,True
development,0.014410109118866412,B2-rank6-q8-r1-K2,15019057594.125002,170901,9454050.876710767,11192078.453125635,True
development,0.014410109118866412,B2-rank6-q8-r2-K4,15086210064.843756,170895,11192078.453125635,22443967.71093607,True
development,0.014410109118866412,B2-rank6-q8-r4-K2,15175985935.6875,170891,22443967.71093607,69687309.75000095,True
development,0.014410109118866412,B2-rank6-q8-r8-K4,15315360555.187502,170889,69687309.75000095,1884231138.9374993,True
development,0.014410109118866412,B0-rank9-q8-r0-K0,20968053972.0,170886,1884231138.9374993,MISSING,True
development,0.01455472606977483,B2-rank3-q2-r4-K4,2695728547.687499,217802,0.0,23055.850825472025,True
development,0.01455472606977483,B2-rank3-q2-r8-K2,2830144158.000001,211972,23055.850825472025,45878.84511114111,True
development,0.01455472606977483,B2-rank3-q4-r4-K4,4359561338.625001,178636,45878.84511114111,94938.80252797347,True
development,0.01455472606977483,B2-rank3-q4-r8-K4,4588648669.125001,176223,94938.80252797347,513840.01782349084,True
development,0.01455472606977483,B2-rank3-q4-r16-K2,5202173650.406249,175029,513840.01782349084,560843.388371934,True
development,0.01455472606977483,B2-rank3-q8-r8-K2,8792132179.374998,168628,560843.388371934,1924092.628708555,True
development,0.01455472606977483,B2-rank3-q8-r16-K4,9894637255.625,168055,1924092.628708555,8023791.8958333405,True
development,0.01455472606977483,B2-rank3-q8-r32-K2,12181417945.937502,167770,8023791.8958333405,9438074.807388475,True
development,0.01455472606977483,B2-rank6-q8-r1-K2,14720260069.125002,167501,9438074.807388475,10967660.744792303,True
development,0.01455472606977483,B2-rank6-q8-r2-K4,14786066033.593756,167495,10967660.744792303,21995672.39843607,True
development,0.01455472606977483,B2-rank6-q8-r4-K2,14874048723.1875,167491,21995672.39843607,136687716.1875019,True
development,0.01455472606977483,B2-rank6-q8-r8-K4,15010736439.375002,167490,136687716.1875019,291273195.90625,True
development,0.01455472606977483,B2-rank6-q8-r16-K4,15302009635.281252,167489,291273195.90625,5249102940.718748,True
development,0.01455472606977483,B0-rank9-q8-r0-K0,20551112576.0,167488,5249102940.718748,MISSING,True
development,0.014700794367256513,B2-rank3-q2-r4-K4,2635786888.031249,212959,0.0,23064.573077513935,True
development,0.014700794367256513,B2-rank3-q2-r8-K2,2767231890.000001,207260,23064.573077513935,46641.64869068848,True
development,0.014700794367256513,B2-rank3-q4-r4-K4,4271191852.031251,175015,46641.64869068848,94943.29762848985,True
development,0.014700794367256513,B2-rank3-q4-r8-K4,4495637807.625001,172651,94943.29762848985,514211.0219739077,True
development,0.014700794367256513,B2-rank3-q4-r16-K2,5096750492.312499,171482,514211.0219739077,566992.2061775244,True
development,0.014700794367256513,B2-rank3-q8-r8-K2,8617205100.468748,165273,566992.2061775244,1926212.2825869017,True
development,0.014700794367256513,B2-rank3-q8-r16-K4,9697810191.0,164712,1926212.2825869017,8004438.473214293,True
development,0.014700794367256513,B2-rank3-q8-r32-K2,11939052963.500002,164432,8004438.473214293,9497990.125,True
development,0.014700794367256513,B2-rank6-q8-r1-K2,14427526376.250002,164170,9497990.125,10747797.39583365,True
development,0.014700794367256513,B2-rank6-q8-r2-K4,14492013160.625004,164164,10747797.39583365,21556474.843749046,True
development,0.014700794367256513,B2-rank6-q8-r4-K2,14578239060.0,164160,21556474.843749046,66938958.31250095,True
development,0.014700794367256513,B2-rank6-q8-r8-K4,14712116976.625002,164158,66938958.31250095,1810009944.4583328,True
development,0.014700794367256513,B0-rank9-q8-r0-K0,20142146810.0,164155,1810009944.4583328,MISSING,True
development,0.014848328576733167,B2-rank3-q2-r4-K4,2577293333.718749,208233,0.0,23054.952418595607,True
development,0.014848328576733167,B2-rank3-q2-r8-K2,2705801638.500001,202659,23054.952418595607,47414.26998537192,True
development,0.014848328576733167,B2-rank3-q4-r4-K4,4184652719.343751,171469,47414.26998537192,94948.66301003886,True
development,0.014848328576733167,B2-rank3-q4-r8-K4,4404553822.875001,169153,94948.66301003886,513886.10784794774,True
development,0.014848328576733167,B2-rank3-q4-r16-K2,4993467302.468749,168007,513886.10784794774,573489.7550145347,True
development,0.014848328576733167,B2-rank3-q8-r8-K2,8445875627.656248,161987,573489.7550145347,1922054.9597890235,True
development,0.014848328576733167,B2-rank3-q8-r16-K4,9504927910.5,161436,1922054.9597890235,8017143.809990883,True
development,0.014848328576733167,B2-rank3-q8-r32-K2,11701625314.437502,161162,8017143.809990883,9453021.994428294,True
development,0.014848328576733167,B2-rank6-q8-r1-K2,14140504989.000002,160904,9453021.994428294,10532224.385416985,True
development,0.014848328576733167,B2-rank6-q8-r2-K4,14203698335.312504,160898,10532224.385416985,28197398.541665394,True
development,0.014848328576733167,B2-rank6-q8-r4-K2,14288290530.9375,160895,28197398.541665394,131301257.6875019,True
development,0.014848328576733167,B2-rank6-q8-r8-K4,14419591788.625002,160894,131301257.6875019,139853737.125,True
development,0.014848328576733167,B2-rank6-q8-r16-K4,14699299262.875002,160892,139853737.125,5042348219.124998,True
development,0.014848328576733167,B0-rank9-q8-r0-K0,19741647482.0,160891,5042348219.124998,MISSING,True
development,0.014997343409802133,B2-rank3-q2-r4-K4,2520148868.999999,203616,0.0,23064.384565975757,True
development,0.014997343409802133,B2-rank3-q2-r8-K2,2645826700.500001,198167,23064.384565975757,48194.24051655562,True
development,0.014997343409802133,B2-rank3-q4-r4-K4,4099895131.1250005,167996,48194.24051655562,94900.20578193854,True
development,0.014997343409802133,B2-rank3-q4-r8-K4,4315318598.250001,165726,94900.20578193854,513780.73093833314,True
development,0.014997343409802133,B2-rank3-q4-r16-K2,4892294359.093749,164603,513780.73093833314,579814.4487979532,True
development,0.014997343409802133,B2-rank3-q8-r8-K2,8277830925.624998,158764,579814.4487979532,1929555.0392658028,True
development,0.014997343409802133,B2-rank3-q8-r16-K4,9315931536.75,158226,1929555.0392658028,8003664.083526959,True
development,0.014997343409802133,B2-rank3-q8-r32-K2,11468917175.218752,157957,8003664.083526959,9448089.382534586,True
development,0.014997343409802133,B2-rank6-q8-r1-K2,13859283789.000002,157704,9448089.382534586,10321007.718750319,True
development,0.014997343409802133,B2-rank6-q8-r2-K4,13921209835.312504,157698,10321007.718750319,20703922.640624046,True
development,0.014997343409802133,B2-rank6-q8-r4-K2,14004025525.875,157694,20703922.640624046,201458818.50000095,True
development,0.014997343409802133,B2-rank6-q8-r16-K4,14406943162.875002,157692,201458818.50000095,4942057919.124998,True
development,0.014997343409802133,B0-rank9-q8-r0-K0,19349001082.0,157691,4942057919.124998,MISSING,True
development,0.015147853725703382,B2-rank3-q2-r4-K4,2464365870.843749,199109,0.0,23060.198753284276,True
development,0.015147853725703382,B2-rank3-q2-r8-K2,2587253670.000001,193780,23060.198753284276,48980.44345834616,True
development,0.015147853725703382,B2-rank3-q4-r4-K4,4016845873.2187505,164593,48980.44345834616,95010.03573638636,True
development,0.015147853725703382,B2-rank3-q4-r8-K4,4227958172.625001,162371,95010.03573638636,513418.2466507703,True
development,0.015147853725703382,B2-rank3-q4-r16-K2,4793231662.187499,161270,513418.2466507703,586260.9482330477,True
development,0.015147853725703382,B2-rank3-q8-r8-K2,8113227412.031248,155607,586260.9482330477,1926926.1848366514,True
development,0.015147853725703382,B2-rank3-q8-r16-K4,9130644437.625,155079,1926926.1848366514,7992950.350497167,True
development,0.015147853725703382,B2-rank3-q8-r32-K2,11240783330.156252,154815,7992950.350497167,9446837.908140121,True
development,0.015147853725703382,B2-rank6-q8-r1-K2,13583599131.375002,154567,9446837.908140121,12154394.787500381,True
development,0.015147853725703382,B2-rank6-q8-r2-K4,13644371105.312504,154562,12154394.787500381,27083516.541665394,True
development,0.015147853725703382,B2-rank6-q8-r4-K2,13725621654.9375,154559,27083516.541665394,63018750.00000095,True
development,0.015147853725703382,B2-rank6-q8-r8-K4,13851659154.937502,154557,63018750.00000095,268775029.9375,True
development,0.015147853725703382,B2-rank6-q8-r16-K4,14120434184.875002,154556,268775029.9375,2421825361.562499,True
development,0.015147853725703382,B0-rank9-q8-r0-K0,18964084908.0,154554,2421825361.562499,MISSING,True
development,0.015299874532801216,B2-rank3-q2-r4-K4,2409894831.374999,194708,0.0,23054.6839265161,True
development,0.015299874532801216,B2-rank3-q2-r8-K2,2530055844.000001,189496,23054.6839265161,49775.07797226943,True
development,0.015299874532801216,B2-rank3-q4-r4-K4,3935504945.6250005,161260,49775.07797226943,95010.29214515389,True
development,0.015299874532801216,B2-rank3-q4-r8-K4,4142342351.6250005,159083,95010.29214515389,513269.6691380895,True
development,0.015299874532801216,B2-rank3-q4-r16-K2,4696160324.624999,158004,513269.6691380895,592924.484537197,True
development,0.015299874532801216,B2-rank3-q8-r8-K2,7951908669.218748,152513,592924.484537197,1925015.335726355,True
development,0.015299874532801216,B2-rank3-q8-r16-K4,8949066613.125,151995,1925015.335726355,7985162.803571436,True
development,0.015299874532801216,B2-rank3-q8-r32-K2,11017223779.250002,151736,7985162.803571436,9488905.448347107,True
development,0.015299874532801216,B2-rank6-q8-r1-K2,13313538897.750002,151494,9488905.448347107,9911115.375000319,True
development,0.015299874532801216,B2-rank6-q8-r2-K4,13373005590.000004,151488,9911115.375000319,26543100.93749873,True
development,0.015299874532801216,B2-rank6-q8-r4-K2,13452634892.8125,151485,26543100.93749873,61763597.37500095,True
development,0.015299874532801216,B2-rank6-q8-r8-K4,13576162087.562502,151483,61763597.37500095,740662092.1249981,True
development,0.015299874532801216,B2-rank6-q8-r32-K2,14316824179.6875,151482,740662092.1249981,4270197482.3125,True
development,0.015299874532801216,B0-rank9-q8-r0-K0,18587021662.0,151481,4270197482.3125,MISSING,True
development,0.015453420990080862,B2-rank3-q2-r4-K4,2356686242.718749,190409,0.0,23061.278803228397,True
development,0.015453420990080862,B2-rank3-q2-r8-K2,2474206519.500001,185313,23061.278803228397,50578.08046729142,True
development,0.015453420990080862,B2-rank3-q4-r4-K4,3855847943.6250005,157996,50578.08046729142,94949.94921508903,True
development,0.015453420990080862,B2-rank3-q4-r8-K4,4058471135.2500005,155862,94949.94921508903,513348.35492549534,True
development,0.015453420990080862,B2-rank3-q4-r16-K2,4601080346.406249,154805,513348.35492549534,599566.2107687792,True
development,0.015453420990080862,B2-rank3-q8-r8-K2,7793770418.749998,149480,599566.2107687792,1927749.04758383,True
development,0.015453420990080862,B2-rank3-q8-r16-K4,8771139185.875,148973,1927749.04758383,7980420.1920521725,True
development,0.015453420990080862,B2-rank3-q8-r32-K2,10798165914.656252,148719,7980420.1920521725,9456242.214154411,True
development,0.015453420990080862,B2-rank6-q8-r1-K2,13048751561.625002,148481,9456242.214154411,11672345.55000038,True
development,0.015453420990080862,B2-rank6-q8-r2-K4,13107113289.375004,148476,11672345.55000038,19487987.531249046,True
development,0.015453420990080862,B2-rank6-q8-r4-K2,13185065239.5,148472,19487987.531249046,121156325.3125019,True
development,0.015453420990080862,B2-rank6-q8-r8-K4,13306221564.812502,148471,121156325.3125019,258187862.375,True
development,0.015453420990080862,B2-rank6-q8-r16-K4,13564409427.187502,148470,258187862.375,4653033810.812498,True
development,0.015453420990080862,B0-rank9-q8-r0-K0,18217443238.0,148469,4653033810.812498,MISSING,True
development,0.015608508408660068,B2-rank3-q2-r4-K4,2304715350.937499,186210,0.0,23065.811672185813,True
development,0.015608508408660068,B2-rank3-q2-r8-K2,2419652290.500001,181227,23065.811672185813,51391.46992891061,True
development,0.015608508408660068,B2-rank3-q4-r4-K4,3777826057.7812505,154799,51391.46992891061,94939.4862356528,True
development,0.015608508408660068,B2-rank3-q4-r8-K4,3976344523.5000005,152708,94939.4862356528,513668.7961654576,True
development,0.015608508408660068,B2-rank3-q4-r16-K2,4507991727.531249,151673,513668.7961654576,606160.8776560986,True
development,0.015608508408660068,B2-rank3-q8-r8-K2,7638812660.624998,146508,606160.8776560986,1923439.4841867508,True
development,0.015608508408660068,B2-rank3-q8-r16-K4,8596685523.75,146010,1923439.4841867508,8011205.632812507,True
development,0.015608508408660068,B2-rank3-q8-r32-K2,10583464520.687502,145762,8011205.632812507,9426378.642361112,True
development,0.015608508408660068,B2-rank6-q8-r1-K2,12789237123.000002,145528,9426378.642361112,11438449.493750382,True
development,0.015608508408660068,B2-rank6-q8-r2-K4,12846429370.468754,145523,11438449.493750382,25494441.510415394,True
development,0.015608508408660068,B2-rank6-q8-r4-K2,12922912695.0,145520,25494441.510415394,118745648.3125019,True
development,0.015608508408660068,B2-rank6-q8-r8-K4,13041658343.312502,145519,118745648.3125019,253052581.625,True
development,0.015608508408660068,B2-rank6-q8-r16-K4,13294710924.937502,145518,253052581.625,4560516009.062498,True
development,0.015608508408660068,B0-rank9-q8-r0-K0,17855226934.0,145517,4560516009.062498,MISSING,True
development,0.015765152253315866,B2-rank3-q2-r4-K4,2253982156.031249,182111,0.0,23053.189326923468,True
development,0.015765152253315866,B2-rank3-q2-r8-K2,2366366454.000001,177236,23053.189326923468,52212.60216106416,True
development,0.015765152253315866,B2-rank3-q4-r4-K4,3701390478.6562505,151667,52212.60216106416,94921.38657576867,True
development,0.015765152253315866,B2-rank3-q4-r8-K4,3895884399.7500005,149618,94921.38657576867,513699.3896696238,True
development,0.015765152253315866,B2-rank3-q4-r16-K2,4416775580.874999,148604,513699.3896696238,612927.8369996505,True
development,0.015765152253315866,B2-rank3-q8-r8-K2,7486931116.406248,143595,612927.8369996505,1923838.9092597375,True
development,0.015765152253315866,B2-rank3-q8-r16-K4,8425764504.125,143107,1923838.9092597375,8013508.170267497,True
development,0.015765152253315866,B2-rank3-q8-r32-K2,10373046989.500002,142864,8013508.170267497,9437901.462898944,True
development,0.015765152253315866,B2-rank6-q8-r2-K4,12590953833.281254,142629,9437901.462898944,37522907.95312309,True
development,0.015765152253315866,B2-rank6-q8-r4-K2,12665999649.1875,142627,37522907.95312309,58146765.25000095,True
development,0.015765152253315866,B2-rank6-q8-r8-K4,12782293179.687502,142625,58146765.25000095,2358917083.156249,True
development,0.015765152253315866,B0-rank9-q8-r0-K0,17500127346.0,142623,2358917083.156249,MISSING,True
development,0.015923368144026683,B2-rank3-q2-r4-K4,2204412396.187499,178106,0.0,23059.21172907529,True
development,0.015923368144026683,B2-rank3-q2-r8-K2,2314335658.500001,173339,23059.21172907529,53038.849758740886,True
development,0.015923368144026683,B2-rank3-q4-r4-K4,3626516801.5312505,148599,53038.849758740886,94954.63999439462,True
development,0.015923368144026683,B2-rank3-q4-r8-K4,3817090764.0000005,146592,94954.63999439462,513421.67247233255,True
development,0.015923368144026683,B2-rank3-q4-r16-K2,4327431906.437499,145598,513421.67247233255,619728.6415062781,True
development,0.015923368144026683,B2-rank3-q8-r8-K2,7338073646.874998,140740,619728.6415062781,1920930.789144054,True
development,0.015923368144026683,B2-rank3-q8-r16-K4,8258199494.875,140261,1920930.789144054,8019195.842568286,True
development,0.015923368144026683,B2-rank3-q8-r32-K2,10166768105.406252,140023,8019195.842568286,9459799.946289062,True
development,0.015923368144026683,B2-rank6-q8-r1-K2,12285763293.375002,139799,9459799.946289062,10984676.887500381,True
development,0.015923368144026683,B2-rank6-q8-r2-K4,12340686677.812504,139794,10984676.887500381,24487271.37499873,True
development,0.015923368144026683,B2-rank6-q8-r4-K2,12414148491.9375,139791,24487271.37499873,114067203.6875019,True
development,0.015923368144026683,B2-rank6-q8-r8-K4,12528215695.625002,139790,114067203.6875019,243086449.03125,True
development,0.015923368144026683,B2-rank6-q8-r16-K4,12771302144.656252,139789,243086449.03125,2190421164.671874,True
development,0.015923368144026683,B0-rank9-q8-r0-K0,17152144474.0,139787,2190421164.671874,MISSING,True
development,0.016083171857529898,B2-rank3-q2-r4-K4,2155993694.437499,174194,0.0,23053.710500214762,True
development,0.016083171857529898,B2-rank3-q2-r8-K2,2263493146.5000005,169531,23053.710500214762,53878.40895632285,True
development,0.016083171857529898,B2-rank3-q4-r4-K4,3553180621.6875005,145594,53878.40895632285,94918.59579944078,True
development,0.016083171857529898,B2-rank3-q4-r8-K4,3739885499.6250005,143627,94918.59579944078,513921.3595195258,True
development,0.016083171857529898,B2-rank3-q4-r16-K2,4239930982.437499,142654,513921.3595195258,626540.1380252545,True
development,0.016083171857529898,B2-rank3-q8-r8-K2,7192188112.812498,137942,626540.1380252545,1927179.7819177392,True
development,0.016083171857529898,B2-rank3-q8-r16-K4,8094108250.75,137474,1927179.7819177392,7993983.869658127,True
development,0.016083171857529898,B2-rank3-q8-r32-K2,9964700476.250002,137240,7993983.869658127,9440180.823863637,True
development,0.016083171857529898,B2-rank6-q8-r1-K2,12041540257.500002,137020,9440180.823863637,10764562.718750382,True
development,0.016083171857529898,B2-rank6-q8-r2-K4,12095363071.093754,137015,10764562.718750382,23998717.385415394,True
development,0.016083171857529898,B2-rank6-q8-r4-K2,12167359223.25,137012,23998717.385415394,111797802.8125019,True
development,0.016083171857529898,B2-rank6-q8-r8-K4,12279157026.062502,137011,111797802.8125019,238252118.0,True
development,0.016083171857529898,B2-rank6-q8-r16-K4,12517409144.062502,137010,238252118.0,2146873235.968749,True
development,0.016083171857529898,B0-rank9-q8-r0-K0,16811155616.0,137008,2146873235.968749,MISSING,True
development,0.016244579328895038,B2-rank3-q2-r4-K4,2108701296.8437495,170373,0.0,23059.423828125207,True
development,0.016244579328895038,B2-rank3-q2-r8-K2,2213852269.5000005,165813,23059.423828125207,54720.06476654579,True
development,0.016244579328895038,B2-rank3-q4-r4-K4,3481333129.6875005,142650,54720.06476654579,94995.5949182243,True
development,0.016244579328895038,B2-rank3-q4-r8-K4,3664294645.5000005,140724,94995.5949182243,512972.7728075906,True
development,0.016244579328895038,B2-rank3-q4-r16-K2,4154183643.5312495,139769,512972.7728075906,633626.3365000545,True
development,0.016244579328895038,B2-rank3-q8-r8-K2,7049222374.999998,135200,633626.3365000545,1921554.6358695694,True
development,0.016244579328895038,B2-rank3-q8-r16-K4,7933137507.5,134740,1921554.6358695694,8006184.118586252,True
development,0.016244579328895038,B2-rank3-q8-r32-K2,9766553670.656252,134511,8006184.118586252,9467893.210901164,True
development,0.016244579328895038,B2-rank6-q8-r1-K2,11802150711.000002,134296,9467893.210901164,10548804.89375038,True
development,0.016244579328895038,B2-rank6-q8-r2-K4,11854894735.468754,134291,10548804.89375038,23519832.510415394,True
development,0.016244579328895038,B2-rank6-q8-r4-K2,11925454233.0,134288,23519832.510415394,109573316.3125019,True
development,0.016244579328895038,B2-rank6-q8-r8-K4,12035027549.312502,134287,109573316.3125019,233513464.625,True
development,0.016244579328895038,B2-rank6-q8-r16-K4,12268541013.937502,134286,233513464.625,2104187177.031249,True
development,0.016244579328895038,B0-rank9-q8-r0-K0,16476915368.0,134284,2104187177.031249,MISSING,True
development,0.016407606653112798,B2-rank3-q2-r4-K4,2062510449.4687495,166641,0.0,23060.352473374653,True
development,0.016407606653112798,B2-rank3-q2-r8-K2,2165359621.5000005,162181,23060.352473374653,55573.066120783886,True
development,0.016407606653112798,B2-rank3-q4-r4-K4,3410974325.5312505,139767,55573.066120783886,94936.29268736759,True
development,0.016407606653112798,B2-rank3-q4-r8-K4,3590214046.1250005,137879,94936.29268736759,513374.9362299455,True
development,0.016407606653112798,B2-rank3-q4-r16-K2,4070219611.4999995,136944,513374.9362299455,640535.3211868228,True
development,0.016407606653112798,B2-rank3-q8-r8-K2,6909072154.999998,132512,640535.3211868228,1925314.982777782,True
development,0.016407606653112798,B2-rank3-q8-r16-K4,7775463897.25,132062,1925314.982777782,7986383.996527786,True
development,0.016407606653112798,B2-rank3-q8-r32-K2,9572400296.468752,131837,7986383.996527786,9455480.927873222,True
development,0.016407606653112798,B2-rank6-q8-r1-K2,11567506772.250002,131626,9455480.927873222,12943724.671875477,True
development,0.016407606653112798,B2-rank6-q8-r2-K4,11619281670.937504,131622,12943724.671875477,17265761.296874046,True
development,0.016407606653112798,B2-rank6-q8-r4-K2,11688344716.125,131618,17265761.296874046,168130838.43750095,True
development,0.016407606653112798,B2-rank6-q8-r16-K4,12024606393.000002,131616,168130838.43750095,4124817336.999998,True
development,0.016407606653112798,B0-rank9-q8-r0-K0,16149423730.0,131615,4124817336.999998,MISSING,True
development,0.016572270086699935,B2-rank3-q2-r4-K4,2017371644.4374995,162994,0.0,23063.618423315213,True
development,0.016572270086699935,B2-rank3-q2-r8-K2,2117975148.0000005,158632,23063.618423315213,56434.11005359613,True
development,0.016572270086699935,B2-rank3-q4-r4-K4,3342030995.0625005,136942,56434.11005359613,94925.78726351351,True
development,0.016572270086699935,B2-rank3-q4-r8-K4,3517643701.5000005,135092,94925.78726351351,513434.51910480246,True
development,0.016572270086699935,B2-rank3-q4-r16-K2,3987949720.9999995,134176,513434.51910480246,647693.7486767097,True
development,0.016572270086699935,B2-rank3-q8-r8-K2,6771737452.812498,129878,647693.7486767097,1925563.11805556,True
development,0.016572270086699935,B2-rank3-q8-r16-K4,7620910787.875,129437,1925563.11805556,8005713.445312508,True
development,0.016572270086699935,B2-rank3-q8-r32-K2,9382167745.843752,129217,8005713.445312508,9417854.558832169,True
development,0.016572270086699935,B2-rank6-q8-r2-K4,11388170766.875004,129004,9417854.558832169,33929952.87499809,True
development,0.016572270086699935,B2-rank6-q8-r4-K2,11456030672.625,129002,33929952.87499809,164787304.31250095,True
development,0.016572270086699935,B2-rank6-q8-r16-K4,11785605281.250002,129000,164787304.31250095,4042830016.749998,True
development,0.016572270086699935,B0-rank9-q8-r0-K0,15828435298.0,128999,4042830016.749998,MISSING,True
development,0.016738586049320336,B2-rank3-q2-r4-K4,1973284881.7499995,159432,0.0,23060.84268807147,True
development,0.016738586049320336,B2-rank3-q2-r8-K2,2071685497.5000005,155165,23060.84268807147,57304.31828400429,True
development,0.016738586049320336,B2-rank3-q4-r4-K4,3274503138.2812505,134175,57304.31828400429,94967.14864445364,True
development,0.016738586049320336,B2-rank3-q4-r8-K4,3446583611.6250005,132363,94967.14864445364,513129.57728980965,True
development,0.016738586049320336,B2-rank3-q4-r16-K2,3907373972.0312495,131465,513129.57728980965,654770.9325902491,True
development,0.016738586049320336,B2-rank3-q8-r8-K2,6637113989.999998,127296,654770.9325902491,1926632.6666666712,True
development,0.016738586049320336,B2-rank3-q8-r16-K4,7469419302.0,126864,1926632.6666666712,8029262.7957848925,True
development,0.016738586049320336,B2-rank3-q8-r32-K2,9195710803.093752,126649,8029262.7957848925,9394516.02956495,True
development,0.016738586049320336,B2-rank6-q8-r1-K2,11112192073.125002,126445,9394516.02956495,12430765.195312977,True
development,0.016738586049320336,B2-rank6-q8-r2-K4,11161915133.906254,126441,12430765.195312977,33254081.765623093,True
development,0.016738586049320336,B2-rank6-q8-r4-K2,11228423297.4375,126439,33254081.765623093,51537002.50000095,True
development,0.016738586049320336,B2-rank6-q8-r8-K4,11331497302.437502,126437,51537002.50000095,2091165033.781249,True
development,0.016738586049320336,B0-rank9-q8-r0-K0,15513827370.0,126435,2091165033.781249,MISSING,True
development,0.016906571125422338,B2-rank3-q2-r4-K4,1930213030.4999995,155952,0.0,23059.639793962855,True
development,0.016906571125422338,B2-rank3-q2-r8-K2,2026463967.0000005,151778,23059.639793962855,58180.46562715369,True
development,0.016906571125422338,B2-rank3-q4-r4-K4,3208341945.7500005,131464,58180.46562715369,94993.64176056338,True
development,0.016906571125422338,B2-rank3-q4-r8-K4,3376955659.8750005,129689,94993.64176056338,513659.8213168362,True
development,0.016906571125422338,B2-rank3-q4-r16-K2,3828462642.8124995,128810,513659.8213168362,661903.8387116713,True
development,0.016906571125422338,B2-rank3-q8-r8-K2,6505201766.562498,124766,661903.8387116713,1923888.669074297,True
development,0.016906571125422338,B2-rank3-q8-r16-K4,7320930562.25,124342,1923888.669074297,8018737.868631526,True
development,0.016906571125422338,B2-rank3-q8-r32-K2,9012884252.531252,124131,8018737.868631526,9446572.81158089,True
development,0.016906571125422338,B2-rank6-q8-r2-K4,10939985106.093754,123927,9446572.81158089,32591132.109373093,True
development,0.016906571125422338,B2-rank6-q8-r4-K2,11005167370.3125,123925,32591132.109373093,101110631.4375019,True
development,0.016906571125422338,B2-rank6-q8-r8-K4,11106278001.750002,123924,101110631.4375019,215486054.59375,True
development,0.016906571125422338,B2-rank6-q8-r16-K4,11321764056.343752,123923,215486054.59375,3883713187.656248,True
development,0.016906571125422338,B0-rank9-q8-r0-K0,15205477244.0,123922,3883713187.656248,MISSING,True
development,0.01707624206589244,B2-rank3-q2-r4-K4,1888118959.7812495,152551,0.0,23068.3228120409,True
development,0.01707624206589244,B2-rank3-q2-r8-K2,1982283853.5000005,148469,23068.3228120409,59071.5686803754,True
development,0.01707624206589244,B2-rank3-q4-r4-K4,3143571822.1875005,128810,59071.5686803754,94935.64601293103,True
development,0.01707624206589244,B2-rank3-q4-r8-K4,3308759846.2500005,127070,94935.64601293103,513817.0075856551,True
development,0.01707624206589244,B2-rank3-q4-r16-K2,3751156289.7812495,126209,513817.0075856551,669064.5460823983,True
development,0.01707624206589244,B2-rank3-q8-r8-K2,6375896504.062498,122286,669064.5460823983,1926621.8423192818,True
development,0.01707624206589244,B2-rank3-q8-r16-K4,7175444568.625,121871,1926621.8423192818,8011189.050120782,True
development,0.01707624206589244,B2-rank3-q8-r32-K2,8833760702.000002,121664,8011189.050120782,9441704.641666668,True
development,0.01707624206589244,B2-rank6-q8-r1-K2,10674893107.125002,121469,9441704.641666668,9532826.325000381,True
development,0.01707624206589244,B2-rank6-q8-r2-K4,10722557238.750004,121464,9532826.325000381,31941631.312498093,True
development,0.01707624206589244,B2-rank6-q8-r4-K2,10786440501.375,121462,31941631.312498093,99099284.0625019,True
development,0.01707624206589244,B2-rank6-q8-r8-K4,10885539785.437502,121461,99099284.0625019,211201435.1875,True
development,0.01707624206589244,B2-rank6-q8-r16-K4,11096741220.625002,121460,211201435.1875,3806520997.374998,True
development,0.01707624206589244,B0-rank9-q8-r0-K0,14903262218.0,121459,3806520997.374998,MISSING,True
development,0.017247615789725678,B2-rank3-q2-r4-K4,1846990292.6249995,149228,0.0,23059.954525538546,True
development,0.017247615789725678,B2-rank3-q2-r8-K2,1939091751.0000005,145234,23059.954525538546,59973.89738337714,True
development,0.017247615789725678,B2-rank3-q4-r4-K4,3080095148.7187505,126209,59973.89738337714,94997.05584286971,True
development,0.017247615789725678,B2-rank3-q4-r8-K4,3241970131.8750005,124505,94997.05584286971,512929.3934911231,True
development,0.017247615789725678,B2-rank3-q4-r16-K2,3675395469.3749995,123660,512929.3934911231,676795.9169980932,True
development,0.017247615789725678,B2-rank3-q8-r8-K2,6249250341.718748,119857,676795.9169980932,1925435.1401259261,True
development,0.017247615789725678,B2-rank3-q8-r16-K4,7032902443.75,119450,1925435.1401259261,7967120.0591299115,True
development,0.017247615789725678,B2-rank3-q8-r32-K2,8658194935.812502,119246,7967120.0591299115,9447915.856348168,True
development,0.017247615789725678,B2-rank6-q8-r1-K2,10462746864.375002,119055,9447915.856348168,11699097.460937977,True
development,0.017247615789725678,B2-rank6-q8-r2-K4,10509543254.218754,119051,11699097.460937977,31305315.671873093,True
development,0.017247615789725678,B2-rank6-q8-r4-K2,10572153885.5625,119049,31305315.671873093,48519573.12500095,True
development,0.017247615789725678,B2-rank6-q8-r8-K4,10669193031.812502,119047,48519573.12500095,1968933279.093749,True
development,0.017247615789725678,B0-rank9-q8-r0-K0,14607059590.0,119045,1968933279.093749,MISSING,True
development,0.017420709385712704,B2-rank3-q2-r4-K4,1806827029.0312495,145983,0.0,23052.03005853402,True
development,0.017420709385712704,B2-rank3-q2-r8-K2,1896914362.5000005,142075,23052.03005853402,60877.460782217335,True
development,0.017420709385712704,B2-rank3-q4-r4-K4,3017911925.3437505,123661,60877.460782217335,94967.94897080839,True
development,0.017420709385712704,B2-rank3-q4-r8-K4,3176508400.1250005,121991,94967.94897080839,513544.74395404966,True
development,0.017420709385712704,B2-rank3-q4-r16-K2,3601209903.3749995,121164,513544.74395404966,684154.1933535507,True
development,0.017420709385712704,B2-rank3-q8-r8-K2,6125054722.656248,117475,684154.1933535507,1924994.5685307065,True
development,0.017420709385712704,B2-rank3-q8-r16-K4,6893127555.5,117076,1924994.5685307065,8005323.610395738,True
development,0.017420709385712704,B2-rank3-q8-r32-K2,8486186953.968752,116877,8005323.610395738,9407616.944980053,True
development,0.017420709385712704,B2-rank6-q8-r1-K2,10254818939.625002,116689,9407616.944980053,11464844.976562977,True
development,0.017420709385712704,B2-rank6-q8-r2-K4,10300678319.531254,116685,11464844.976562977,30681394.078123093,True
development,0.017420709385712704,B2-rank6-q8-r4-K2,10362041107.6875,116683,30681394.078123093,47553505.75000095,True
development,0.017420709385712704,B2-rank6-q8-r8-K4,10457148119.187502,116681,47553505.75000095,1929799269.406249,True
development,0.017420709385712704,B0-rank9-q8-r0-K0,14316746658.0,116679,1929799269.406249,MISSING,True
development,0.017595540114143826,B2-rank3-q2-r4-K4,1767554907.1874995,142810,0.0,23062.107486263987,True
development,0.017595540114143826,B2-rank3-q2-r8-K2,1855698282.0000005,138988,23062.107486263987,61795.750760997646,True
development,0.017595540114143826,B2-rank3-q4-r4-K4,2957022152.0625005,121166,61795.750760997646,94916.63885919364,True
development,0.017595540114143826,B2-rank3-q4-r8-K4,3112400689.8750005,119529,94916.63885919364,513752.4177083322,True
development,0.017595540114143826,B2-rank3-q4-r16-K2,3528540148.2187495,118719,513752.4177083322,691469.5441900666,True
development,0.017595540114143826,B2-rank3-q8-r8-K2,6003309646.874998,115140,691469.5441900666,1925345.9258312068,True
development,0.017595540114143826,B2-rank3-q8-r16-K4,6756119903.875,114749,1925345.9258312068,8007174.50801283,True
development,0.017595540114143826,B2-rank3-q8-r32-K2,8317518932.937502,114554,8007174.50801283,9421209.33865489,True
development,0.017595540114143826,B2-rank6-q8-r1-K2,10051021451.250002,114370,9421209.33865489,11235245.859375477,True
development,0.017595540114143826,B2-rank6-q8-r2-K4,10095962434.687504,114366,11235245.859375477,30069866.531248093,True
development,0.017595540114143826,B2-rank6-q8-r4-K2,10156102167.75,114364,30069866.531248093,93302879.8125019,True
development,0.017595540114143826,B2-rank6-q8-r8-K4,10249405047.562502,114363,93302879.8125019,198853798.75,True
development,0.017595540114143826,B2-rank6-q8-r16-K4,10448258846.312502,114362,198853798.75,3584064575.687498,True
development,0.017595540114143826,B0-rank9-q8-r0-K0,14032323422.0,114361,3584064575.687498,MISSING,True
development,0.01777212540853016,B2-rank3-q2-r4-K4,1729198681.0312495,139711,0.0,23052.97472426496,True
development,0.01777212540853016,B2-rank3-q2-r8-K2,1815416806.5000005,135971,23052.97472426496,62715.86594980001,True
development,0.01777212540853016,B2-rank3-q4-r4-K4,2897328210.0000005,118720,62715.86594980001,95064.1399812734,True
development,0.01777212540853016,B2-rank3-q4-r8-K4,3049620962.2500005,117118,95064.1399812734,512837.4818789296,True
development,0.01777212540853016,B2-rank3-q4-r16-K2,3457326760.3437495,116323,512837.4818789296,699132.3405448714,True
development,0.01777212540853016,B2-rank3-q8-r8-K2,5884015114.374998,112852,699132.3405448714,1926538.8368146264,True
development,0.01777212540853016,B2-rank3-q8-r16-K4,6621879488.875,112469,1926538.8368146264,8012481.631871738,True
development,0.01777212540853016,B2-rank3-q8-r32-K2,8152263480.562502,112278,8012481.631871738,9439393.992708333,True
development,0.01777212540853016,B2-rank6-q8-r1-K2,9851354399.250002,112098,9439393.992708333,11010300.109375477,True
development,0.01777212540853016,B2-rank6-q8-r2-K4,9895395599.687504,112094,11010300.109375477,29470733.031248093,True
development,0.01777212540853016,B2-rank6-q8-r4-K2,9954337065.75,112092,29470733.031248093,45678943.06250095,True
development,0.01777212540853016,B2-rank6-q8-r8-K4,10045694951.875002,112090,45678943.06250095,1853863412.062499,True
development,0.01777212540853016,B0-rank9-q8-r0-K0,13753421776.0,112088,1853863412.062499,MISSING,True
development,0.01795048287734202,B2-rank3-q2-r4-K4,1691696465.7187495,136681,0.0,23061.814866389,True
development,0.01795048287734202,B2-rank3-q2-r8-K2,1776056584.5000005,133023,23061.814866389,63649.67805088933,True
development,0.01795048287734202,B2-rank3-q4-r4-K4,2838878908.5937505,116325,63649.67805088933,95039.61275875797,True
development,0.01795048287734202,B2-rank3-q4-r8-K4,2988091100.6250005,114755,95039.61275875797,513506.8906249988,True
development,0.01795048287734202,B2-rank3-q4-r16-K2,3387599461.5312495,113977,513506.8906249988,706718.0054666613,True
development,0.01795048287734202,B2-rank3-q8-r8-K2,5767118985.937498,110610,706718.0054666613,1923323.32396942,True
development,0.01795048287734202,B2-rank3-q8-r16-K4,6490288555.75,110234,1923323.32396942,8021319.921958567,True
development,0.01795048287734202,B2-rank3-q8-r32-K2,7990275381.156252,110047,8021319.921958567,9438881.770200286,True
development,0.01795048287734202,B2-rank6-q8-r2-K4,9698712981.562504,109866,9438881.770200286,28883202.468748093,True
development,0.01795048287734202,B2-rank6-q8-r4-K2,9756479386.5,109864,28883202.468748093,89628067.3125019,True
development,0.01795048287734202,B2-rank6-q8-r8-K4,9846107453.812502,109863,89628067.3125019,537138991.4999981,True
development,0.01795048287734202,B2-rank6-q8-r32-K2,10383246445.3125,109862,537138991.4999981,MISSING,True
development,0.018130630305764762,B2-rank3-q2-r4-K4,1655060638.2187495,133721,0.0,23059.59060666414,True
development,0.018130630305764762,B2-rank3-q2-r8-K2,1737590913.0000005,130142,23059.59060666414,64594.10538923777,True
development,0.018130630305764762,B2-rank3-q4-r4-K4,2781625438.4062505,113979,64594.10538923777,94987.43768274854,True
development,0.018130630305764762,B2-rank3-q4-r8-K4,2927811105.0000005,112440,94987.43768274854,513012.1358535374,True
development,0.018130630305764762,B2-rank3-q4-r16-K2,3319239364.6562495,111677,513012.1358535374,714633.2675248847,True
development,0.018130630305764762,B2-rank3-q8-r8-K2,5652516983.124998,108412,714633.2675248847,1926168.8080842444,True
development,0.018130630305764762,B2-rank3-q8-r16-K4,6361347104.5,108044,1926168.8080842444,7989863.708559793,True
development,0.018130630305764762,B2-rank3-q8-r32-K2,7831482026.875002,107860,7989863.708559793,9490200.035610465,True
development,0.018130630305764762,B2-rank6-q8-r1-K2,9463796433.000002,107688,9490200.035610465,10573675.656250477,True
development,0.018130630305764762,B2-rank6-q8-r2-K4,9506091135.625004,107684,10573675.656250477,28307802.249998093,True
development,0.018130630305764762,B2-rank6-q8-r4-K2,9562706740.125,107682,28307802.249998093,43878284.93750095,True
development,0.018130630305764762,B2-rank6-q8-r8-K4,9650463310.000002,107680,43878284.93750095,3561965347.999998,True
development,0.018130630305764762,B0-rank9-q8-r0-K0,13212428658.0,107679,3561965347.999998,MISSING,True
development,0.018312585657472312,B2-rank3-q2-r4-K4,1619254067.6249995,130828,0.0,23055.11746858965,True
development,0.018312585657472312,B2-rank3-q2-r8-K2,1699993089.0000005,127326,23055.11746858965,65551.31388422819,True
development,0.018312585657472312,B2-rank3-q4-r4-K4,2725543394.7187505,111681,65551.31388422819,94985.13306117374,True
development,0.018312585657472312,B2-rank3-q4-r8-K4,2868780975.3750005,110173,94985.13306117374,513460.05312918214,True
development,0.018312585657472312,B2-rank3-q4-r16-K2,3252335635.0624995,109426,513460.05312918214,722426.7793159926,True
development,0.018312585657472312,B2-rank3-q8-r8-K2,5540261245.156248,106259,722426.7793159926,1918994.8486705853,True
development,0.018312585657472312,B2-rank3-q8-r16-K4,6234937380.375,105897,1918994.8486705853,8005255.763020844,True
development,0.018312585657472312,B2-rank3-q8-r32-K2,7675883417.718752,105717,8005255.763020844,9466546.377403846,True
development,0.018312585657472312,B2-rank6-q8-r1-K2,9275729755.500002,105548,9466546.377403846,10361798.937500477,True
development,0.018312585657472312,B2-rank6-q8-r2-K4,9317176951.250004,105544,10361798.937500477,27743477.562498093,True
development,0.018312585657472312,B2-rank6-q8-r4-K2,9372663906.375,105542,27743477.562498093,86098614.0625019,True
development,0.018312585657472312,B2-rank6-q8-r8-K4,9458762520.437502,105541,86098614.0625019,183507102.6875,True
development,0.018312585657472312,B2-rank6-q8-r16-K4,9642269623.125002,105540,183507102.6875,3307576754.874998,True
development,0.018312585657472312,B0-rank9-q8-r0-K0,12949846378.0,105539,3307576754.874998,MISSING,True
development,0.01849636707641837,B2-rank3-q2-r4-K4,1584251999.9999995,128000,0.0,23068.93795620466,True
development,0.01849636707641837,B2-rank3-q2-r8-K2,1663263112.5000005,124575,23068.93795620466,66507.3851573848,True
development,0.01849636707641837,B2-rank3-q4-r4-K4,2670583968.0937505,109429,66507.3851573848,94951.70976403925,True
development,0.01849636707641837,B2-rank3-q4-r8-K4,2810922595.1250005,107951,94951.70976403925,514154.2961696293,True
development,0.01849636707641837,B2-rank3-q4-r16-K2,3186769385.6249995,107220,514154.2961696293,730027.2793788639,True
development,0.01849636707641837,B2-rank3-q8-r8-K2,5430143215.156248,104147,730027.2793788639,1923492.0006179432,True
development,0.01849636707641837,B2-rank3-q8-r16-K4,6111059383.375,103793,1923492.0006179432,8070972.401785725,True
development,0.01849636707641837,B2-rank3-q8-r32-K2,7523479553.687502,103618,8070972.401785725,9388996.611901198,True
development,0.01849636707641837,B2-rank6-q8-r1-K2,9091441987.875002,103451,9388996.611901198,10154179.554687977,True
development,0.01849636707641837,B2-rank6-q8-r2-K4,9132058706.093754,103447,10154179.554687977,27190492.109373093,True
development,0.01849636707641837,B2-rank6-q8-r4-K2,9186439690.3125,103445,27190492.109373093,84386151.4375019,True
development,0.01849636707641837,B2-rank6-q8-r8-K4,9270825841.750002,103444,84386151.4375019,1710857221.124999,True
development,0.01849636707641837,B0-rank9-q8-r0-K0,12692540284.0,103442,1710857221.124999,MISSING,True
development,0.018681992888645735,B2-rank3-q2-r4-K4,1550054435.3437495,125237,0.0,23058.813292437637,True
development,0.018681992888645735,B2-rank3-q2-r8-K2,1627347577.5000005,121885,23058.813292437637,67480.53342185581,True
development,0.018681992888645735,B2-rank3-q4-r4-K4,2616747158.5312505,107223,67480.53342185581,94968.81532717541,True
development,0.018681992888645735,B2-rank3-q4-r8-K4,2754262003.1250005,105775,94968.81532717541,513596.78024755797,True
development,0.018681992888645735,B2-rank3-q4-r16-K2,3122510894.5624995,105058,513596.78024755797,738438.541865978,True
development,0.018681992888645735,B2-rank3-q8-r8-K2,5322319310.781248,102079,738438.541865978,1923325.0798811293,True
development,0.018681992888645735,B2-rank3-q8-r16-K4,5989713113.5,101732,1923325.0798811293,8001542.716221109,True
development,0.018681992888645735,B2-rank3-q8-r32-K2,7373980003.406252,101559,8001542.716221109,9428621.135544479,True
development,0.018681992888645735,B2-rank6-q8-r1-K2,8910845248.500002,101396,9428621.135544479,9950718.500000477,True
development,0.018681992888645735,B2-rank6-q8-r2-K4,8950648122.500004,101392,9950718.500000477,26648582.187498093,True
development,0.018681992888645735,B2-rank6-q8-r4-K2,9003945286.875,101390,26648582.187498093,82707987.0625019,True
development,0.018681992888645735,B2-rank6-q8-r8-K4,9086653273.937502,101389,82707987.0625019,495700866.6874981,True
development,0.018681992888645735,B2-rank6-q8-r32-K2,9582354140.625,101388,495700866.6874981,2858033533.375,True
development,0.018681992888645735,B0-rank9-q8-r0-K0,12440387674.0,101387,2858033533.375,MISSING,True
development,0.018869481604113645,B2-rank3-q2-r4-K4,1516611865.7812495,122535,0.0,23066.367251830117,True
development,0.018869481604113645,B2-rank3-q2-r8-K2,1592246484.0000005,119256,23066.367251830117,68462.87708274623,True
development,0.018869481604113645,B2-rank3-q4-r4-K4,2564008561.3125005,105062,68462.87708274623,95038.5043635402,True
development,0.018869481604113645,B2-rank3-q4-r8-K4,2698773160.5000005,103644,95038.5043635402,513252.80676564586,True
development,0.018869481604113645,B2-rank3-q4-r16-K2,3059589883.6562495,102941,513252.80676564586,746363.6994809684,True
development,0.018869481604113645,B2-rank3-q8-r8-K2,5216580975.156248,100051,746363.6994809684,1918129.2847324102,True
development,0.018869481604113645,B2-rank3-q8-r16-K4,5870663061.25,99710,1918129.2847324102,8028368.718750011,True
development,0.018869481604113645,B2-rank3-q8-r32-K2,7227457374.718752,99541,8028368.718750011,9474177.868121069,True
development,0.018869481604113645,B2-rank6-q8-r1-K2,8733851655.750002,99382,9474177.868121069,9751316.765625477,True
development,0.018869481604113645,B2-rank6-q8-r2-K4,8772856922.812504,99378,9751316.765625477,26117484.093748093,True
development,0.018869481604113645,B2-rank6-q8-r4-K2,8825091891.0,99376,26117484.093748093,81063304.3125019,True
development,0.018869481604113645,B2-rank6-q8-r8-K4,8906155195.312502,99375,81063304.3125019,485852343.7499981,True
development,0.018869481604113645,B2-rank6-q8-r32-K2,9392007539.0625,99374,485852343.7499981,2801258306.9375,True
development,0.018869481604113645,B0-rank9-q8-r0-K0,12193265846.0,99373,2801258306.9375,MISSING,True
development,0.01905885191854358,B2-rank3-q2-r4-K4,1483936668.2812495,119895,0.0,23070.390342503415,True
development,0.01905885191854358,B2-rank3-q2-r8-K2,1557946480.5000005,116687,23070.390342503415,69451.12001300757,True
development,0.01905885191854358,B2-rank3-q4-r4-K4,2512343771.7187505,102945,69451.12001300757,94988.61791816547,True
development,0.01905885191854358,B2-rank3-q4-r8-K4,2644377950.6250005,101555,94988.61791816547,513908.3702307399,True
development,0.01905885191854358,B2-rank3-q4-r16-K2,2997946909.3437495,100867,513908.3702307399,754272.9311474673,True
development,0.01905885191854358,B2-rank3-q8-r8-K2,5112928208.281248,98063,754272.9311474673,1925398.3497560117,True
development,0.01905885191854358,B2-rank3-q8-r16-K4,5754085858.75,97730,1925398.3497560117,8010998.848644584,True
development,0.01905885191854358,B2-rank3-q8-r32-K2,7083911667.625001,97564,8010998.848644584,9464497.822916673,True
development,0.01905885191854358,B2-rank6-q8-r1-K2,8560373328.000002,97408,9464497.822916673,9555875.34375,True
development,0.01905885191854358,B2-rank6-q8-r2-K4,8598596829.375002,97404,9555875.34375,25596934.124999046,True
development,0.01905885191854358,B2-rank6-q8-r4-K2,8649790697.625,97402,25596934.124999046,79451286.5625019,True
development,0.01905885191854358,B2-rank6-q8-r8-K4,8729241984.187502,97401,79451286.5625019,169346809.5625,True
development,0.01905885191854358,B2-rank6-q8-r16-K4,8898588793.750002,97400,169346809.5625,3052463304.249998,True
development,0.01905885191854358,B0-rank9-q8-r0-K0,11951052098.0,97399,3052463304.249998,MISSING,True
development,0.019250122715283504,B2-rank3-q2-r4-K4,1451991711.9374995,117314,0.0,23058.104796974825,True
development,0.019250122715283504,B2-rank3-q2-r8-K2,1524394161.0000005,114174,23058.104796974825,70467.49577131259,True
development,0.019250122715283504,B2-rank3-q4-r4-K4,2461752789.7500005,100872,70467.49577131259,94989.47246696035,True
development,0.019250122715283504,B2-rank3-q4-r8-K4,2591128451.2500005,99510,94989.47246696035,512417.2733912708,True
development,0.019250122715283504,B2-rank3-q4-r16-K2,2937522528.0624995,98834,512417.2733912708,763020.831976637,True
development,0.019250122715283504,B2-rank3-q8-r8-K2,5011413149.374999,96116,763020.831976637,1921687.230886853,True
development,0.019250122715283504,B2-rank3-q8-r16-K4,5639804873.875,95789,1921687.230886853,7996274.800996939,True
development,0.019250122715283504,B2-rank3-q8-r32-K2,6943197666.437501,95626,7996274.800996939,9455935.656648101,True
development,0.019250122715283504,B2-rank6-q8-r2-K4,8427779564.531253,95469,9455935.656648101,25086668.57812357,True
development,0.019250122715283504,B2-rank6-q8-r4-K2,8477952901.6875,95467,25086668.57812357,77871117.1875019,True
development,0.019250122715283504,B2-rank6-q8-r8-K4,8555824018.875002,95466,77871117.1875019,466737211.5937481,True
development,0.019250122715283504,B2-rank6-q8-r32-K2,9022561230.46875,95465,466737211.5937481,MISSING,True
development,0.019443313067190854,B2-rank3-q2-r4-K4,1420764619.7812495,114791,0.0,23063.674713135075,True
development,0.019443313067190854,B2-rank3-q2-r8-K2,1491616228.5000005,111719,23063.674713135075,71476.52556487305,True
development,0.019443313067190854,B2-rank3-q4-r4-K4,2412162401.2500005,98840,71476.52556487305,94949.89185393258,True
development,0.019443313067190854,B2-rank3-q4-r8-K4,2538920506.8750005,97505,94949.89185393258,513548.67851739645,True
development,0.019443313067190854,B2-rank3-q4-r16-K2,2878376183.3749995,96844,513548.67851739645,771142.661132442,True
development,0.019443313067190854,B2-rank3-q8-r8-K2,4911879380.781249,94207,771142.661132442,1924814.7682617218,True
development,0.019443313067190854,B2-rank3-q8-r16-K4,5527820106.625,93887,1924814.7682617218,7934302.215450317,True
development,0.019443313067190854,B2-rank3-q8-r32-K2,6805242763.312501,93726,7934302.215450317,9455787.85125,True
development,0.019443313067190854,B2-rank6-q8-r1-K2,8223610941.000001,93576,9455787.85125,12264729.093750635,True
development,0.019443313067190854,B2-rank6-q8-r2-K4,8260405128.281253,93573,12264729.093750635,24586687.45312357,True
development,0.019443313067190854,B2-rank6-q8-r4-K2,8309578503.1875,93571,24586687.45312357,76322796.18750095,True
development,0.019443313067190854,B2-rank6-q8-r8-K4,8385901299.375001,93570,76322796.18750095,1547539718.3124995,True
development,0.019443313067190854,B0-rank9-q8-r0-K0,11480980736.0,93568,1547539718.3124995,MISSING,True
development,0.019638442238534434,B2-rank3-q2-r4-K4,1390255391.8124995,112326,0.0,23051.95766129064,True
development,0.019638442238534434,B2-rank3-q2-r8-K2,1459572628.5000005,109319,23051.95766129064,72501.75494726923,True
development,0.019638442238534434,B2-rank3-q4-r4-K4,2363597010.9375005,96850,72501.75494726923,94961.15008600918,True
development,0.019638442238534434,B2-rank3-q4-r8-K4,2487806195.2500005,95542,94961.15008600918,512454.22635785677,True
development,0.019638442238534434,B2-rank3-q4-r16-K2,2820388988.1562495,94893,512454.22635785677,779470.5923084439,True
development,0.019638442238534434,B2-rank3-q8-r8-K2,4814274763.281249,92335,779470.5923084439,1922548.285330417,True
development,0.019638442238534434,B2-rank3-q8-r16-K4,5417954924.875,92021,1922548.285330417,8078949.993951619,True
development,0.019638442238534434,B2-rank3-q8-r32-K2,6670192173.937501,91866,8078949.993951619,9382268.364309223,True
development,0.019638442238534434,B2-rank6-q8-r2-K4,8096296965.312503,91714,9382268.364309223,24096463.34374857,True
development,0.019638442238534434,B2-rank6-q8-r4-K2,8144489892.0,91712,24096463.34374857,523274346.28125,True
development,0.019638442238534434,B2-rank6-q8-r32-K2,8667764238.28125,91711,523274346.28125,2585236181.71875,True
development,0.019638442238534434,B0-rank9-q8-r0-K0,11253000420.0,91710,2585236181.71875,MISSING,True
development,0.01983552968691535,B2-rank3-q2-r4-K4,1360414520.1562495,109915,0.0,23057.610246006443,True
development,0.01983552968691535,B2-rank3-q2-r8-K2,1428250009.5000005,106973,23057.610246006443,73532.49398451089,True
development,0.01983552968691535,B2-rank3-q4-r4-K4,2316007809.3750005,94900,73532.49398451089,94929.47767160686,True
development,0.01983552968691535,B2-rank3-q4-r8-K4,2437707399.7500005,93618,94929.47767160686,513248.7971948804,True
development,0.01983552968691535,B2-rank3-q4-r16-K2,2763620385.9687495,92983,513248.7971948804,788022.2447979643,True
development,0.01983552968691535,B2-rank3-q8-r8-K2,4718703575.312499,90502,788022.2447979643,1921046.7059659122,True
development,0.01983552968691535,B2-rank3-q8-r16-K4,5310385960.75,90194,1921046.7059659122,8021548.355187914,True
development,0.01983552968691535,B2-rank3-q8-r32-K2,6537682859.093751,90041,8021548.355187914,9445003.339104742,True
development,0.01983552968691535,B2-rank6-q8-r2-K4,7935543353.281253,89893,9445003.339104742,23616259.95312357,True
development,0.01983552968691535,B2-rank6-q8-r4-K2,7982775873.1875,89891,23616259.95312357,114799168.54687548,True
development,0.01983552968691535,B2-rank6-q8-r16-K4,8212374210.281251,89889,114799168.54687548,MISSING,True
development,0.020034595065207276,B2-rank3-q2-r4-K4,1331242004.8124995,107558,0.0,23056.50006512711,True
development,0.020034595065207276,B2-rank3-q2-r8-K2,1397621668.5000005,104679,23056.50006512711,74572.17479416168,True
development,0.020034595065207276,B2-rank3-q4-r4-K4,2269370391.8437505,92989,74572.17479416168,94947.23609175955,True
development,0.020034595065207276,B2-rank3-q4-r8-K4,2388624120.3750005,91733,94947.23609175955,513435.8377713007,True
development,0.020034595065207276,B2-rank3-q4-r16-K2,2707981211.4687495,91111,513435.8377713007,796417.13690538,True
development,0.020034595065207276,B2-rank3-q8-r8-K2,4624957259.999999,88704,796417.13690538,1926841.6017441892,True
development,0.020034595065207276,B2-rank3-q8-r16-K4,5204936582.125,88403,1926841.6017441892,7965899.6324503375,True
development,0.020034595065207276,B2-rank3-q8-r32-K2,6407787426.625001,88252,7965899.6324503375,9515141.043402791,True
development,0.020034595065207276,B2-rank6-q8-r2-K4,7777967736.875003,88108,9515141.043402791,23145549.87499857,True
development,0.020034595065207276,B2-rank6-q8-r4-K2,7824258836.625,88106,23145549.87499857,112517743.31250048,True
development,0.020034595065207276,B2-rank6-q8-r16-K4,8049294323.250001,88104,112517743.31250048,MISSING,True
development,0.02023565822351617,B2-rank3-q2-r4-K4,1302713091.8437495,105253,0.0,23073.335815430026,True
development,0.02023565822351617,B2-rank3-q2-r8-K2,1367687605.5000005,102437,23073.335815430026,75626.95976345084,True
development,0.02023565822351617,B2-rank3-q4-r4-K4,2223709163.0625005,91118,75626.95976345084,94920.5475731113,True
development,0.02023565822351617,B2-rank3-q4-r8-K4,2340556357.1250005,89887,94920.5475731113,513866.714798849,True
development,0.02023565822351617,B2-rank3-q4-r16-K2,2653501186.4374995,89278,513866.714798849,804617.6241973457,True
development,0.02023565822351617,B2-rank3-q8-r8-K2,4533087956.562499,86942,804617.6241973457,1933737.5252976222,True
development,0.02023565822351617,B2-rank3-q8-r16-K4,5101606789.0,86648,1933737.5252976222,7966024.9687500065,True
development,0.02023565822351617,B2-rank3-q8-r32-K2,6280578484.375001,86500,7966024.9687500065,9457065.873679591,True
development,0.02023565822351617,B2-rank6-q8-r2-K4,7623481838.437503,86358,9457065.873679591,22684069.40624857,True
development,0.02023565822351617,B2-rank6-q8-r4-K2,7668849977.25,86356,22684069.40624857,220653465.09375095,True
development,0.02023565822351617,B2-rank6-q8-r16-K4,7889503442.343751,86355,220653465.09375095,2706305065.656249,True
development,0.02023565822351617,B0-rank9-q8-r0-K0,10595808508.0,86354,2706305065.656249,MISSING,True
development,0.020438739211159653,B2-rank3-q2-r4-K4,1274840158.2187495,103001,0.0,23070.014252993817,True
development,0.020438739211159653,B2-rank3-q2-r8-K2,1338421117.5000005,100245,23070.014252993817,76683.67770960678,True
development,0.020438739211159653,B2-rank3-q4-r4-K4,2178950908.8750005,89284,76683.67770960678,95043.28817427385,True
development,0.020438739211159653,B2-rank3-q4-r8-K4,2293478071.1250005,88079,95043.28817427385,513639.524602176,True
development,0.020438739211159653,B2-rank3-q4-r16-K2,2600120867.3124995,87482,513639.524602176,813316.3273113414,True
development,0.020438739211159653,B2-rank3-q8-r8-K2,4443095664.999999,85216,813316.3273113414,1927969.4173875465,True
development,0.020438739211159653,B2-rank3-q8-r16-K4,5000278826.625,84927,1927969.4173875465,7969375.049568973,True
development,0.020438739211159653,B2-rank3-q8-r32-K2,6155838208.812501,84782,7969375.049568973,9433748.68336397,True
development,0.020438739211159653,B2-rank6-q8-r1-K2,7438828029.750001,84646,9433748.68336397,11085876.072917303,True
development,0.020438739211159653,B2-rank6-q8-r2-K4,7472085657.968753,84643,11085876.072917303,37831324.01041603,True
development,0.020438739211159653,B2-rank6-q8-r8-K4,7585579630.000001,84640,37831324.01041603,2799794947.999999,True
development,0.020438739211159653,B0-rank9-q8-r0-K0,10385374578.0,84639,2799794947.999999,MISSING,True
development,0.020643858278666258,B2-rank3-q2-r4-K4,1247573696.0624995,100798,0.0,23070.747288654413,True
development,0.020643858278666258,B2-rank3-q2-r8-K2,1309795501.5000005,98101,23070.747288654413,77765.43225289739,True
development,0.020643858278666258,B2-rank3-q4-r4-K4,2135120034.0000005,87488,77765.43225289739,95018.75582133785,True
development,0.020643858278666258,B2-rank3-q4-r8-K4,2247337184.6250005,86307,95018.75582133785,512702.4332871144,True
development,0.020643858278666258,B2-rank3-q4-r16-K2,2547780810.5312495,85721,512702.4332871144,822528.5827691167,True
development,0.020643858278666258,B2-rank3-q8-r8-K2,4354876106.874999,83524,822528.5827691167,1929807.2985865758,True
development,0.020643858278666258,B2-rank3-q8-r16-K4,4901011572.375,83241,1929807.2985865758,7976250.953565148,True
development,0.020643858278666258,B2-rank3-q8-r32-K2,6033639207.781251,83099,7976250.953565148,9416435.839644175,True
development,0.020643858278666258,B2-rank6-q8-r2-K4,7323690917.812503,82962,9416435.839644175,43665872.24999714,True
development,0.020643858278666258,B2-rank6-q8-r4-K2,7367356790.0625,82961,43665872.24999714,67658404.93750095,True
development,0.020643858278666258,B2-rank6-q8-r8-K4,7435015195.000001,82960,67658404.93750095,405582480.78124905,True
development,0.020643858278666258,B2-rank6-q8-r32-K2,7840597675.78125,82959,405582480.78124905,2338514840.21875,True
development,0.020643858278666258,B0-rank9-q8-r0-K0,10179112516.0,82958,2338514840.21875,MISSING,True
development,0.020851035879794724,B2-rank3-q2-r4-K4,1220926082.3437495,98645,0.0,23062.37695312536,True
development,0.020851035879794724,B2-rank3-q2-r8-K2,1281810757.5000005,96005,23062.37695312536,78851.51031429404,True
development,0.020851035879794724,B2-rank3-q4-r4-K4,2092167729.0000002,85728,78851.51031429404,95044.05239844446,True
development,0.020851035879794724,B2-rank3-q4-r8-K4,2202133697.6250005,84571,95044.05239844446,512903.7666049635,True
development,0.020851035879794724,B2-rank3-q4-r16-K2,2496540459.6562495,83997,512903.7666049635,831482.3193483105,True
development,0.020851035879794724,B2-rank3-q8-r8-K2,4268429282.187499,81866,831482.3193483105,1925388.4507643918,True
development,0.020851035879794724,B2-rank3-q8-r16-K4,4803687271.5,81588,1925388.4507643918,7986683.41074641,True
development,0.020851035879794724,B2-rank3-q8-r32-K2,5913836265.593751,81449,7986683.41074641,9408562.71875,True
development,0.020851035879794724,B2-rank6-q8-r1-K2,7146357981.750001,81318,9408562.71875,10646545.406250319,True
development,0.020851035879794724,B2-rank6-q8-r2-K4,7178297617.968752,81315,10646545.406250319,21354214.546874046,True
development,0.020851035879794724,B2-rank6-q8-r4-K2,7221006047.0625,81313,21354214.546874046,207762453.93750095,True
development,0.020851035879794724,B2-rank6-q8-r16-K4,7428768501.000001,81312,207762453.93750095,2548253820.999999,True
development,0.020851035879794724,B0-rank9-q8-r0-K0,9977022322.0,81311,2548253820.999999,MISSING,True
development,0.02106029267357361,B2-rank3-q2-r4-K4,1194872563.1249995,96540,0.0,23043.56648936207,True
development,0.02106029267357361,B2-rank3-q2-r8-K2,1254440182.5000005,93955,23043.56648936207,79957.17127675608,True
development,0.02106029267357361,B2-rank3-q4-r4-K4,2050093993.8750002,84004,79957.17127675608,94908.84449339229,True
development,0.02106029267357361,B2-rank3-q4-r8-K4,2157815532.3750005,82869,94908.84449339229,513336.5070618311,True
development,0.02106029267357361,B2-rank3-q4-r16-K2,2446310649.3437495,82307,513336.5070618311,840512.9478259552,True
development,0.02106029267357361,B2-rank3-q8-r8-K2,4183650912.499999,80240,840512.9478259552,1928878.7187500035,True
development,0.02106029267357361,B2-rank3-q8-r16-K4,4708305924.0,79968,1928878.7187500035,7941977.010264605,True
development,0.02106029267357361,B2-rank3-q8-r32-K2,5796356774.406251,79831,7941977.010264605,9438065.49194336,True
development,0.02106029267357361,B2-rank6-q8-r1-K2,7004429157.375001,79703,9438065.49194336,15694161.703125477,True
development,0.02106029267357361,B2-rank6-q8-r2-K4,7035817480.781252,79701,15694161.703125477,20928597.703124046,True
development,0.02106029267357361,B2-rank6-q8-r4-K2,7077674676.1875,79699,20928597.703124046,101772677.79687548,True
development,0.02106029267357361,B2-rank6-q8-r16-K4,7281220031.781251,79697,101772677.79687548,MISSING,True
development,0.021271649526361323,B2-rank3-q2-r4-K4,1169388384.4687495,94481,0.0,23056.047264235254,True
development,0.021271649526361323,B2-rank3-q2-r8-K2,1227697128.0000005,91952,23056.047264235254,81060.21541000827,True
development,0.021271649526361323,B2-rank3-q4-r4-K4,2008874423.9062502,82315,81060.21541000827,94928.3657542718,True
development,0.021271649526361323,B2-rank3-q4-r8-K4,2114434766.6250005,81203,94928.3657542718,513042.34981851006,True
development,0.021271649526361323,B2-rank3-q4-r16-K2,2397121101.3749995,80652,513042.34981851006,849611.9878584786,True
development,0.021271649526361323,B2-rank3-q8-r8-K2,4100593137.031249,78647,849611.9878584786,1925900.8069990673,True
development,0.021271649526361323,B2-rank3-q8-r16-K4,4614808652.5,78380,1925900.8069990673,8019077.42410715,True
development,0.021271649526361323,B2-rank3-q8-r32-K2,5681345949.906251,78247,8019077.42410715,9397257.751736112,True
development,0.021271649526361323,B2-rank6-q8-r1-K2,6865400426.625001,78121,9397257.751736112,10224508.104166985,True
development,0.021271649526361323,B2-rank6-q8-r2-K4,6896073950.937502,78118,10224508.104166985,34908056.04166635,True
development,0.021271649526361323,B2-rank6-q8-r8-K4,7000798119.062501,78115,34908056.04166635,MISSING,True
development,0.021485127513926824,B2-rank3-q2-r4-K4,1144461169.4062495,92467,0.0,23072.097855194403,True
development,0.021485127513926824,B2-rank3-q2-r8-K2,1201541539.5000005,89993,23072.097855194403,82175.40714400512,True
development,0.021485127513926824,B2-rank3-q4-r4-K4,1968484614.3750002,80660,82175.40714400512,94888.6875,True
development,0.021485127513926824,B2-rank3-q4-r8-K4,2071913283.7500002,79570,94888.6875,513968.1080125219,True
development,0.021485127513926824,B2-rank3-q4-r16-K2,2348942093.9687495,79031,513968.1080125219,858746.3869376604,True
development,0.021485127513926824,B2-rank3-q8-r8-K2,4019203816.562499,77086,858746.3869376604,1923632.215410309,True
development,0.021485127513926824,B2-rank3-q8-r16-K4,4523195457.0,76824,1923632.215410309,7979525.982585886,True
development,0.021485127513926824,B2-rank3-q8-r32-K2,5568513360.718751,76693,7979525.982585886,9435631.427083334,True
development,0.021485127513926824,B2-rank6-q8-r1-K2,6729096026.250001,76570,9435631.427083334,10019759.947916985,True
development,0.021485127513926824,B2-rank6-q8-r2-K4,6759155306.093752,76567,10019759.947916985,20102152.109374046,True
development,0.021485127513926824,B2-rank6-q8-r4-K2,6799359610.3125,76565,20102152.109374046,1297536807.84375,True
development,0.021485127513926824,B0-rank9-q8-r0-K0,9394433226.0,76563,1297536807.84375,MISSING,True
development,0.02170074792355125,B2-rank3-q2-r4-K4,1120103294.9062495,90499,0.0,23047.222077486884,True
development,0.02170074792355125,B2-rank3-q2-r8-K2,1175946714.0000002,88076,23047.222077486884,83321.66109120837,True
development,0.02170074792355125,B2-rank3-q4-r4-K4,1928924565.2812502,79039,83321.66109120837,94786.26610734331,True
development,0.02170074792355125,B2-rank3-q4-r8-K4,2030251083.7500002,77970,94786.26610734331,514134.6587357941,True
development,0.02170074792355125,B2-rank3-q4-r16-K2,2301714183.5624995,77442,514134.6587357941,868354.5219048248,True
development,0.02170074792355125,B2-rank3-q8-r8-K2,3939430811.874999,75556,868354.5219048248,1922088.125486385,True
development,0.02170074792355125,B2-rank3-q8-r16-K4,4433407460.125,75299,1922088.125486385,7942047.70978683,True
development,0.02170074792355125,B2-rank3-q8-r32-K2,5457931614.687501,75170,7942047.70978683,9479869.513020834,True
development,0.02170074792355125,B2-rank6-q8-r1-K2,6595515956.250001,75050,9479869.513020834,14772795.000000477,True
development,0.02170074792355125,B2-rank6-q8-r2-K4,6625061546.250002,75048,14772795.000000477,19701587.062499046,True
development,0.02170074792355125,B2-rank6-q8-r4-K2,6664464720.375,75046,19701587.062499046,30552598.187500477,True
development,0.02170074792355125,B2-rank6-q8-r8-K4,6725569916.750001,75044,30552598.187500477,MISSING,True
development,0.0219185322561506,B2-rank3-q2-r4-K4,1096277630.0624998,88574,0.0,23054.291200970256,True
development,0.0219185322561506,B2-rank3-q2-r8-K2,1150939354.5000002,86203,23054.291200970256,84439.30865532899,True
development,0.0219185322561506,B2-rank3-q4-r4-K4,1890121062.4687502,77449,84439.30865532899,94958.99058914914,True
development,0.0219185322561506,B2-rank3-q4-r8-K4,1989448166.6250002,76403,94958.99058914914,513492.67090974766,True
development,0.0219185322561506,B2-rank3-q4-r16-K2,2255437370.1562495,75885,513492.67090974766,877449.4395491801,True
development,0.0219185322561506,B2-rank3-q8-r8-K2,3861169844.531249,74055,877449.4395491801,1929147.1711902427,True
development,0.0219185322561506,B2-rank3-q8-r16-K4,4345385784.5,73804,1929147.1711902427,8034300.281250007,True
development,0.0219185322561506,B2-rank3-q8-r32-K2,5349673319.656251,73679,8034300.281250007,9375133.123975419,True
development,0.0219185322561506,B2-rank6-q8-r2-K4,6493439560.781252,73557,9375133.123975419,19308405.703124046,True
development,0.0219185322561506,B2-rank6-q8-r4-K2,6532056372.1875,73555,19308405.703124046,2493166535.8125,True
development,0.0219185322561506,B0-rank9-q8-r0-K0,9025222908.0,73554,2493166535.8125,MISSING,True
development,0.022138502228419735,B2-rank3-q2-r4-K4,1072984174.8749998,86692,0.0,23048.35485782011,True
development,0.022138502228419735,B2-rank3-q2-r8-K2,1126479406.5000002,84371,23048.35485782011,85594.23373363412,True
development,0.022138502228419735,B2-rank3-q4-r4-K4,1852147320.0937502,75893,85594.23373363412,94957.24234756097,True
development,0.022138502228419735,B2-rank3-q4-r8-K4,1949478493.5000002,74868,94957.24234756097,513057.40206692775,True
development,0.022138502228419735,B2-rank3-q4-r16-K2,2210111653.7499995,74360,513057.40206692775,886993.5432218307,True
development,0.022138502228419735,B2-rank3-q8-r8-K2,3784525192.968749,72585,886993.5432218307,1929289.5819359794,True
development,0.022138502228419735,B2-rank3-q8-r16-K4,4259130430.125,72339,1929289.5819359794,8002582.228658544,True
development,0.022138502228419735,B2-rank3-q8-r32-K2,5243448044.250001,72216,8002582.228658544,9420837.226293104,True
development,0.022138502228419735,B2-rank6-q8-r1-K2,6336265162.500001,72100,9420837.226293104,9429673.385416985,True
development,0.022138502228419735,B2-rank6-q8-r2-K4,6364554182.656252,72097,9429673.385416985,37935603.34374809,True
development,0.022138502228419735,B2-rank6-q8-r4-K2,6402489786.0,72096,37935603.34374809,58785774.31250095,True
development,0.022138502228419735,B2-rank6-q8-r8-K4,6461275560.312501,72095,58785774.31250095,2384802427.687499,True
development,0.022138502228419735,B0-rank9-q8-r0-K0,8846077988.0,72094,2384802427.687499,MISSING,True
development,0.022360679774997897,B2-rank3-q2-r4-K4,1050185798.4374998,84850,0.0,23059.321912153446,True
development,0.022360679774997897,B2-rank3-q2-r8-K2,1102553518.5000002,82579,23059.321912153446,86772.35203638855,True
development,0.022360679774997897,B2-rank3-q4-r4-K4,1814954528.7187502,74369,86772.35203638855,94887.0614738806,True
development,0.022360679774997897,B2-rank3-q4-r8-K4,1910316025.5000002,73364,94887.0614738806,513925.5711141837,True
development,0.022360679774997897,B2-rank3-q4-r16-K2,2165737034.3437495,72867,513925.5711141837,895911.5173570804,True
development,0.022360679774997897,B2-rank3-q8-r8-K2,3709392578.749999,71144,895911.5173570804,1930248.7173236555,True
development,0.022360679774997897,B2-rank3-q8-r16-K4,4174582519.625,70903,1930248.7173236555,7973106.418904967,True
development,0.022360679774997897,B2-rank3-q8-r32-K2,5139328396.312501,70782,7973106.418904967,9473279.829741387,True
development,0.022360679774997897,B2-rank6-q8-r2-K4,6238228856.562502,70666,9473279.829741387,37180884.99999809,True
development,0.022360679774997897,B2-rank6-q8-r4-K2,6275409741.5625,70665,37180884.99999809,57617183.93750095,True
development,0.022360679774997897,B2-rank6-q8-r8-K4,6333026925.500001,70664,57617183.93750095,345454656.53124905,True
development,0.022360679774997897,B2-rank6-q8-r32-K2,6678481582.03125,70663,345454656.53124905,MISSING,True
development,0.02258508705065592,B2-rank3-q2-r4-K4,1027894877.7187498,83049,0.0,23055.987980769445,True
development,0.02258508705065592,B2-rank3-q2-r8-K2,1079148339.0000002,80826,23055.987980769445,87942.79869058098,True
development,0.02258508705065592,B2-rank3-q4-r4-K4,1778469474.1875002,72874,87942.79869058098,94985.0097179878,True
development,0.02258508705065592,B2-rank3-q4-r8-K4,1871934723.7500002,71890,94985.0097179878,513941.7306853168,True
development,0.02258508705065592,B2-rank3-q4-r16-K2,2122224346.5937495,71403,513941.7306853168,905773.5818559243,True
development,0.02258508705065592,B2-rank3-q8-r8-K2,3635772001.874999,69732,905773.5818559243,1923675.838607599,True
development,0.02258508705065592,B2-rank3-q8-r16-K4,4091683175.625,69495,1923675.838607599,8013823.730667381,True
development,0.02258508705065592,B2-rank3-q8-r32-K2,5037314375.843751,69377,8013823.730667381,9447902.88596492,True
development,0.02258508705065592,B2-rank6-q8-r2-K4,6114375304.843752,69263,9447902.88596492,36440934.03124809,True
development,0.02258508705065592,B2-rank6-q8-r4-K2,6150816238.875,69262,36440934.03124809,56471459.06250095,True
development,0.02258508705065592,B2-rank6-q8-r8-K4,6207287697.937501,69261,56471459.06250095,2291052822.062499,True
development,0.02258508705065592,B0-rank9-q8-r0-K0,8498340520.0,69260,2291052822.062499,MISSING,True
development,0.022811746432505494,B2-rank3-q2-r4-K4,1006099035.7499998,81288,0.0,23070.429310345047,True
development,0.022811746432505494,B2-rank3-q2-r8-K2,1056277219.5000002,79113,23070.429310345047,89131.15439577383,True
development,0.022811746432505494,B2-rank3-q4-r4-K4,1742765370.6562502,71411,89131.15439577383,94890.3809261658,True
development,0.022811746432505494,B2-rank3-q4-r8-K4,1834334588.2500002,70446,94890.3809261658,514190.19713050214,True
development,0.022811746432505494,B2-rank3-q4-r16-K2,2079603312.2812498,69969,514190.19713050214,916086.5123842588,True
development,0.022811746432505494,B2-rank3-q8-r8-K2,3563663462.343749,68349,916086.5123842588,1917715.9362929226,True
development,0.022811746432505494,B2-rank3-q8-r16-K4,4010491275.5,68116,1917715.9362929226,8060127.889945661,True
development,0.022811746432505494,B2-rank3-q8-r32-K2,4937405982.843751,68001,8060127.889945661,9354231.091193182,True
development,0.022811746432505494,B2-rank6-q8-r1-K2,5966371402.875001,67891,9354231.091193182,13355201.140625477,True
development,0.022811746432505494,B2-rank6-q8-r2-K4,5993081805.156252,67889,13355201.140625477,17813736.390624046,True
development,0.022811746432505494,B2-rank6-q8-r4-K2,6028709277.9375,67887,17813736.390624046,173442661.00000095,True
development,0.022811746432505494,B2-rank6-q8-r16-K4,6202151938.937501,67886,173442661.00000095,2127473331.062499,True
development,0.022811746432505494,B0-rank9-q8-r0-K0,8329625270.0,67885,2127473331.062499,MISSING,True
development,0.023040680522230447,B2-rank3-q2-r4-K4,984785895.5624998,79566,0.0,23052.046214788956,True
development,0.023040680522230447,B2-rank3-q2-r8-K2,1033886754.0000002,77436,23052.046214788956,90344.8518526277,True
development,0.023040680522230447,B2-rank3-q4-r4-K4,1707769003.9687502,69977,90344.8518526277,94969.96299603174,True
development,0.023040680522230447,B2-rank3-q4-r8-K4,1797515619.0000002,69032,94969.96299603174,513522.62954059726,True
development,0.023040680522230447,B2-rank3-q4-r16-K2,2037844209.6249998,68564,513522.62954059726,925614.715569338,True
development,0.023040680522230447,B2-rank3-q8-r8-K2,3492910542.499999,66992,925614.715569338,1920958.4298245655,True
development,0.023040680522230447,B2-rank3-q8-r16-K4,3930889064.5,66764,1920958.4298245655,7968629.135416675,True
development,0.023040680522230447,B2-rank3-q8-r32-K2,4839312785.937501,66650,7968629.135416675,9493309.528383037,True
development,0.023040680522230447,B2-rank6-q8-r2-K4,5874083524.531252,66541,9493309.528383037,35005334.21874809,True
development,0.023040680522230447,B2-rank6-q8-r4-K2,5909088858.75,66540,35005334.21874809,54248605.81250095,True
development,0.023040680522230447,B2-rank6-q8-r8-K4,5963337464.562501,66539,54248605.81250095,325283277.62499905,True
development,0.023040680522230447,B2-rank6-q8-r32-K2,6288620742.1875,66538,325283277.62499905,MISSING,True
development,0.02327191214834057,B2-rank3-q2-r4-K4,963943080.1874998,77882,0.0,23068.098278551093,True
development,0.02327191214834057,B2-rank3-q2-r8-K2,1012016997.0000002,75798,23068.098278551093,91523.31152708593,True
development,0.02327191214834057,B2-rank3-q4-r4-K4,1673455969.4062502,68571,91523.31152708593,94971.63063579914,True
development,0.02327191214834057,B2-rank3-q4-r8-K4,1761399699.3750002,67645,94971.63063579914,514230.605826964,True
development,0.02327191214834057,B2-rank3-q4-r16-K2,1996917316.8437498,67187,514230.605826964,935506.9276844257,True
development,0.02327191214834057,B2-rank3-q8-r8-K2,3423565381.562499,65662,935506.9276844257,1934099.2722409952,True
development,0.02327191214834057,B2-rank3-q8-r16-K4,3852935420.0,65440,1934099.2722409952,7949908.8973214375,True
development,0.02327191214834057,B2-rank3-q8-r32-K2,4743325216.500001,65328,7949908.8973214375,9390217.815972231,True
development,0.02327191214834057,B2-rank6-q8-r2-K4,5757468740.625002,65220,9390217.815972231,34308630.56249809,True
development,0.02327191214834057,B2-rank6-q8-r4-K2,5791777371.1875,65219,34308630.56249809,53169844.18750095,True
development,0.02327191214834057,B2-rank6-q8-r8-K4,5844947215.375001,65218,53169844.18750095,2157309118.624999,True
development,0.02327191214834057,B0-rank9-q8-r0-K0,8002256334.0,65217,2157309118.624999,MISSING,True
development,0.02350546436844801,B2-rank3-q2-r4-K4,943558212.6562498,76235,0.0,23048.98497978955,True
development,0.02350546436844801,B2-rank3-q2-r8-K2,990601191.0000002,74194,23048.98497978955,92783.408134467,True
development,0.02350546436844801,B2-rank3-q4-r4-K4,1639899481.1250002,67196,92783.408134467,94895.88642621145,True
development,0.02350546436844801,B2-rank3-q4-r8-K4,1726064946.0000002,66288,94895.88642621145,514003.13968541095,True
development,0.02350546436844801,B2-rank3-q4-r16-K2,1956852355.7187498,65839,514003.13968541095,945118.6647381752,True
development,0.02350546436844801,B2-rank3-q8-r8-K2,3355627979.531249,64359,945118.6647381752,1921309.8309075385,True
development,0.02350546436844801,B2-rank3-q8-r16-K4,3776394832.5,64140,1921309.8309075385,8006954.226204137,True
development,0.02350546436844801,B2-rank3-q8-r32-K2,4649152843.156251,64031,8006954.226204137,9467472.478869056,True
development,0.02350546436844801,B2-rank6-q8-r2-K4,5643237453.437502,63926,9467472.478869056,33626166.87499809,True
development,0.02350546436844801,B2-rank6-q8-r4-K2,5676863620.3125,63925,33626166.87499809,52113131.43750095,True
development,0.02350546436844801,B2-rank6-q8-r8-K4,5728976751.750001,63924,52113131.43750095,111110429.59375,True
development,0.02350546436844801,B2-rank6-q8-r16-K4,5840087181.343751,63923,111110429.59375,MISSING,True
development,0.0237413604715664,B2-rank3-q1-r4-K2,921815793.9375,144946,0.0,25.464571957250993,True
development,0.0237413604715664,B2-rank3-q2-r4-K4,923606539.0312498,74623,25.464571957250993,23064.346504131434,True
development,0.0237413604715664,B2-rank3-q2-r8-K2,969666039.0000002,72626,23064.346504131434,93995.143335177,True
development,0.0237413604715664,B2-rank3-q4-r4-K4,1606953110.8125002,65846,93995.143335177,94998.97926040494,True
development,0.0237413604715664,B2-rank3-q4-r8-K4,1691407203.3750002,64957,94998.97926040494,512751.1014739218,True
development,0.0237413604715664,B2-rank3-q4-r16-K2,1917530439.1249998,64516,512751.1014739218,956426.6095275448,True
development,0.0237413604715664,B2-rank3-q8-r8-K2,3289046197.187499,63082,956426.6095275448,1918129.0090116323,True
development,0.0237413604715664,B2-rank3-q8-r16-K4,3701443934.125,62867,1918129.0090116323,8070725.919516519,True
development,0.0237413604715664,B2-rank3-q8-r32-K2,4556940881.593751,62761,8070725.919516519,9310135.875306373,True
development,0.0237413604715664,B2-rank6-q8-r1-K2,5506574740.875001,62659,9310135.875306373,12319183.390625477,True
development,0.0237413604715664,B2-rank6-q8-r2-K4,5531213107.656252,62657,12319183.390625477,42016861.32812452,True
development,0.0237413604715664,B2-rank6-q8-r8-K4,5615246830.312501,62655,42016861.32812452,MISSING,True
development,0.023979623980433264,B2-rank3-q1-r4-K2,893572282.96875,140505,0.0,155.88396424123928,True
development,0.023979623980433264,B2-rank3-q2-r4-K4,904088059.3124998,73046,155.88396424123928,23079.211201382026,True
development,0.023979623980433264,B2-rank3-q2-r8-K2,949184838.0000002,71092,23079.211201382026,95226.36612664694,True
development,0.023979623980433264,B2-rank3-q4-r8-K4,1657478549.2500002,63654,95226.36612664694,512944.22439236,True
development,0.023979623980433264,B2-rank3-q4-r16-K2,1879070454.1874998,63222,512944.22439236,966018.2766702581,True
development,0.023979623980433264,B2-rank3-q8-r8-K2,3223767895.312499,61830,966018.2766702581,1925028.3437500047,True
development,0.023979623980433264,B2-rank3-q8-r16-K4,3628023847.5,61620,1925028.3437500047,7985215.816964295,True
development,0.023979623980433264,B2-rank3-q8-r32-K2,4466471508.281251,61515,7985215.816964295,9402690.633522727,True
development,0.023979623980433264,B2-rank6-q8-r1-K2,5397337881.000001,61416,9402690.633522727,12073049.968750477,True
development,0.023979623980433264,B2-rank6-q8-r2-K4,5421483980.937502,61414,12073049.968750477,32301322.374998093,True
development,0.023979623980433264,B2-rank6-q8-r4-K2,5453785303.3125,61413,32301322.374998093,50061769.43750095,True
development,0.023979623980433264,B2-rank6-q8-r8-K4,5503847072.750001,61412,50061769.43750095,106740570.09375,True
development,0.023979623980433264,B2-rank6-q8-r16-K4,5610587642.843751,61411,106740570.09375,MISSING,True
development,0.024220278653855575,B2-rank3-q1-r4-K2,866397204.75,136232,0.0,287.6380137925404,True
development,0.024220278653855575,B2-rank3-q2-r4-K4,885015150.4687498,71505,287.6380137925404,23074.980413617603,True
development,0.024220278653855575,B2-rank3-q2-r8-K2,929157588.0000002,69592,23074.980413617603,96319.74487250554,True
development,0.024220278653855575,B2-rank3-q4-r8-K4,1624200867.0000002,62376,96319.74487250554,513363.23116134637,True
development,0.024220278653855575,B2-rank3-q4-r16-K2,1841353513.7812498,61953,513363.23116134637,976621.8963888884,True
development,0.024220278653855575,B2-rank3-q8-r8-K2,3159793073.906249,60603,976621.8963888884,1923416.2328580143,True
development,0.024220278653855575,B2-rank3-q8-r16-K4,3556016817.875,60397,1923416.2328580143,7978645.759101951,True
development,0.024220278653855575,B2-rank3-q8-r32-K2,4377817331.062501,60294,7978645.759101951,9455112.99905304,True
development,0.024220278653855575,B2-rank6-q8-r2-K4,5313873517.968752,60195,9455112.99905304,31658414.156248093,True
development,0.024220278653855575,B2-rank6-q8-r4-K2,5345531932.125,60194,31658414.156248093,153777670.15625095,True
development,0.024220278653855575,B2-rank6-q8-r16-K4,5499309602.281251,60193,153777670.15625095,1886369181.718749,True
development,0.024220278653855575,B0-rank9-q8-r0-K0,7385678784.0,60192,1886369181.718749,MISSING,True
development,0.02446334848907889,B2-rank3-q1-r4-K2,840233321.8125,132118,0.0,420.427227205772,True
development,0.02446334848907889,B2-rank3-q2-r4-K4,866350681.5937498,69997,420.427227205772,23068.28852442631,True
development,0.02446334848907889,B2-rank3-q2-r8-K2,909557586.0000002,68124,23068.28852442631,97434.6585,True
development,0.02446334848907889,B2-rank3-q4-r8-K4,1591600195.5000002,61124,97434.6585,514031.74924516794,True
development,0.02446334848907889,B2-rank3-q4-r16-K2,1804409339.6874998,60710,514031.74924516794,986763.5527194651,True
development,0.02446334848907889,B2-rank3-q8-r8-K2,3097069593.749999,59400,986763.5527194651,1932398.6511194077,True
development,0.02446334848907889,B2-rank3-q8-r16-K4,3485481722.625,59199,1932398.6511194077,7975214.13180694,True
development,0.02446334848907889,B2-rank3-q8-r32-K2,4290978349.937501,59098,7975214.13180694,9413696.525657894,True
development,0.02446334848907889,B2-rank6-q8-r1-K2,5185279519.875001,59003,9413696.525657894,11595238.265625477,True
development,0.02446334848907889,B2-rank6-q8-r2-K4,5208469996.406252,59001,11595238.265625477,15469943.015624046,True
development,0.02446334848907889,B2-rank6-q8-r4-K2,5239409882.4375,58999,15469943.015624046,336592500.375,True
development,0.02446334848907889,B2-rank6-q8-r32-K2,5576002382.8125,58998,336592500.375,MISSING,True
development,0.024708857724180293,B2-rank3-q1-r4-K2,815023396.6875,128154,0.0,554.5890796887537,True
development,0.024708857724180293,B2-rank3-q2-r4-K4,848094652.6874998,68522,554.5890796887537,23078.849324877512,True
development,0.024708857724180293,B2-rank3-q2-r8-K2,890398183.5000002,66689,23078.849324877512,98553.7257031365,True
development,0.024708857724180293,B2-rank3-q4-r8-K4,1559676534.7500002,59898,98553.7257031365,513624.8161945801,True
development,0.024708857724180293,B2-rank3-q4-r16-K2,1768208210.1249998,59492,513624.8161945801,997159.1225167186,True
development,0.024708857724180293,B2-rank3-q8-r8-K2,3035597454.843749,58221,997159.1225167186,1932504.3256662486,True
development,0.024708857724180293,B2-rank3-q8-r16-K4,3416300807.0,58024,1932504.3256662486,7974833.759785363,True
development,0.024708857724180293,B2-rank3-q8-r32-K2,4205809349.218751,57925,7974833.759785363,9425384.81485215,True
development,0.024708857724180293,B2-rank6-q8-r1-K2,5082370137.000001,57832,9425384.81485215,11363361.968750477,True
development,0.024708857724180293,B2-rank6-q8-r2-K4,5105096860.937502,57830,11363361.968750477,30411098.374998093,True
development,0.024708857724180293,B2-rank6-q8-r4-K2,5135507959.3125,57829,30411098.374998093,47134985.43750095,True
development,0.024708857724180293,B2-rank6-q8-r8-K4,5182642944.750001,57828,47134985.43750095,1912845609.249999,True
development,0.024708857724180293,B0-rank9-q8-r0-K0,7095488554.0,57827,1912845609.249999,MISSING,True
development,0.024956830840485323,B2-rank3-q1-r4-K2,790741990.5,124336,0.0,689.7444204420378,True
development,0.024956830840485323,B2-rank3-q2-r4-K4,830234686.7812498,67079,689.7444204420378,23066.651375348454,True
development,0.024956830840485323,B2-rank3-q2-r8-K2,871639326.0000002,65284,23066.651375348454,99706.16667299226,True
development,0.024956830840485323,B2-rank3-q4-r8-K4,1528403845.8750002,58697,99706.16667299226,513432.86235866713,True
development,0.024956830840485323,B2-rank3-q4-r16-K2,1732750125.0937498,58299,513432.86235866713,1007807.4064020675,True
development,0.024956830840485323,B2-rank3-q8-r8-K2,2975376657.187499,57066,1007807.4064020675,1933452.2859456008,True
development,0.024956830840485323,B2-rank3-q8-r16-K4,3348532948.375,56873,1933452.2859456008,7977834.931701041,True
development,0.024956830840485323,B2-rank3-q8-r32-K2,4122382936.750001,56776,7977834.931701041,9441615.125,True
development,0.024956830840485323,B2-rank6-q8-r1-K2,4981569913.125001,56685,9441615.125,11136238.046875477,True
development,0.024956830840485323,B2-rank6-q8-r2-K4,5003842389.218752,56683,11136238.046875477,14858679.171874046,True
development,0.024956830840485323,B2-rank6-q8-r4-K2,5033559747.5625,56681,14858679.171874046,1921189612.4375,True
development,0.024956830840485323,B0-rank9-q8-r0-K0,6954749360.0,56680,1921189612.4375,MISSING,True
development,0.025207292565009178,B2-rank3-q1-r4-K2,767331865.78125,120655,0.0,826.3574680151629,True
development,0.025207292565009178,B2-rank3-q2-r4-K4,812770783.8749998,65668,826.3574680151629,23050.956271331328,True
development,0.025207292565009178,B2-rank3-q2-r8-K2,853294365.0000002,63910,23050.956271331328,100854.73004694836,True
development,0.025207292565009178,B2-rank3-q4-r8-K4,1497756090.0000002,57520,100854.73004694836,513459.6738782039,True
development,0.025207292565009178,B2-rank3-q4-r16-K2,1698005362.8124998,57130,513459.6738782039,1018687.0390886281,True
development,0.025207292565009178,B2-rank3-q8-r8-K2,2916355061.562499,55934,1018687.0390886281,1924764.8970394786,True
development,0.025207292565009178,B2-rank3-q8-r16-K4,3282060392.0,55744,1924764.8970394786,8069852.262632989,True
development,0.025207292565009178,B2-rank3-q8-r32-K2,4040626504.687501,55650,8069852.262632989,9356406.447916666,True
development,0.025207292565009178,B2-rank6-q8-r1-K2,4882703085.000001,55560,9356406.447916666,10913470.468750477,True
development,0.025207292565009178,B2-rank6-q8-r2-K4,4904530025.937502,55558,10913470.468750477,29212831.374998093,True
development,0.025207292565009178,B2-rank6-q8-r4-K2,4933742857.3125,55557,29212831.374998093,45279613.43750095,True
development,0.025207292565009178,B2-rank6-q8-r8-K4,4979022470.750001,55556,45279613.43750095,MISSING,True
development,0.025460267872922375,B2-rank3-q1-r4-K2,744767583.65625,117107,0.0,963.5983681916238,True
development,0.025460267872922375,B2-rank3-q2-r4-K4,795665813.0624998,64286,963.5983681916238,23072.172056686322,True
development,0.025460267872922375,B2-rank3-q2-r8-K2,835349949.0000002,62566,23072.172056686322,101731.68705621273,True
development,0.025460267872922375,B2-rank3-q2-r16-K4,921313224.5625,61721,101731.68705621273,102058.2821371872,True
development,0.025460267872922375,B2-rank3-q4-r8-K4,1467733267.1250002,56367,102058.2821371872,513718.9951734281,True
development,0.025460267872922375,B2-rank3-q4-r16-K2,1663973923.2812498,55985,513718.9951734281,1028860.1252960804,True
development,0.025460267872922375,B2-rank3-q8-r8-K2,2858480528.749999,54824,1028860.1252960804,1927212.2930107578,True
development,0.025460267872922375,B2-rank3-q8-r16-K4,3216942015.25,54638,1927212.2930107578,8081798.151494576,True
development,0.025460267872922375,B2-rank3-q8-r32-K2,3960467445.187501,54546,8081798.151494576,9379432.830255682,True
development,0.025460267872922375,B2-rank6-q8-r1-K2,4785857534.250001,54458,9379432.830255682,10695257.250000477,True
development,0.025460267872922375,B2-rank6-q8-r2-K4,4807248048.750002,54456,10695257.250000477,14271412.312499046,True
development,0.025460267872922375,B2-rank6-q8-r4-K2,4835790873.375,54454,14271412.312499046,MISSING,True
development,0.025715781990041233,B2-rank3-q1-r4-K2,723004626.09375,113685,0.0,1102.2640825123106,True
development,0.025715781990041233,B2-rank3-q2-r4-K4,778944528.2812498,62935,1102.2640825123106,23069.00131754779,True
development,0.025715781990041233,B2-rank3-q2-r8-K2,817792726.5000002,61251,23069.00131754779,101765.53567110008,True
development,0.025715781990041233,B2-rank3-q2-r16-K4,901952824.5,60424,101765.53567110008,103403.99342105268,True
development,0.025715781990041233,B2-rank3-q4-r8-K4,1438309338.3750002,55237,103403.99342105268,512765.39883333206,True
development,0.025715781990041233,B2-rank3-q4-r16-K2,1630596362.9374998,54862,512765.39883333206,1041074.5200277772,True
development,0.025715781990041233,B2-rank3-q8-r8-K2,2801805197.968749,53737,1041074.5200277772,1919747.2283128467,True
development,0.025715781990041233,B2-rank3-q8-r16-K4,3153118940.75,53554,1919747.2283128467,8007848.457761,True
development,0.025715781990041233,B2-rank3-q8-r32-K2,3881833150.406251,53463,8007848.457761,9407259.851380814,True
development,0.025715781990041233,B2-rank6-q8-r1-K2,4690857497.625001,53377,9407259.851380814,10481202.359375477,True
development,0.025715781990041233,B2-rank6-q8-r2-K4,4711819902.343752,53375,10481202.359375477,28061503.531248093,True
development,0.025715781990041233,B2-rank6-q8-r4-K2,4739881405.875,53374,28061503.531248093,136344258.28125095,True
development,0.025715781990041233,B2-rank6-q8-r16-K4,4876225664.156251,53373,136344258.28125095,1672625479.843749,True
development,0.025715781990041233,B0-rank9-q8-r0-K0,6548851144.0,53372,1672625479.843749,MISSING,True
development,0.025973860395343277,B2-rank3-q1-r4-K2,702004834.78125,110383,0.0,1242.102538702066,True
development,0.025973860395343277,B2-rank3-q2-r4-K4,762582175.5937498,61613,1242.102538702066,23060.746152971788,True
development,0.025973860395343277,B2-rank3-q2-r8-K2,800609346.0000002,59964,23060.746152971788,101855.42173980192,True
development,0.025973860395343277,B2-rank3-q2-r16-K4,883010382.1875,59155,101855.42173980192,104744.9030416833,True
development,0.025973860395343277,B2-rank3-q4-r8-K4,1409458264.8750002,54129,104744.9030416833,514955.90292008064,True
development,0.025973860395343277,B2-rank3-q4-r16-K2,1597932125.3437498,53763,514955.90292008064,1050540.28016354,True
development,0.025973860395343277,B2-rank3-q8-r8-K2,2746172651.562499,52670,1050540.28016354,1923796.8690642512,True
development,0.025973860395343277,B2-rank3-q8-r16-K4,3090532291.125,52491,1923796.8690642512,8025437.49508428,True
development,0.025973860395343277,B2-rank3-q8-r32-K2,3804796228.187501,52402,8025437.49508428,9440412.244791666,True
development,0.025973860395343277,B2-rank6-q8-r1-K2,4597790856.750001,52318,9440412.244791666,10271503.812500477,True
development,0.025973860395343277,B2-rank6-q8-r2-K4,4618333864.375002,52316,10271503.812500477,27502980.312498093,True
development,0.025973860395343277,B2-rank6-q8-r4-K2,4645836844.6875,52315,27502980.312498093,133637222.62500095,True
development,0.025973860395343277,B2-rank6-q8-r16-K4,4779474067.312501,52314,133637222.62500095,MISSING,True
development,0.026234528823507883,B2-rank3-q1-r4-K2,681736411.125,107196,0.0,1383.2738261583702,True
development,0.026234528823507883,B2-rank3-q2-r4-K4,746578754.9999998,60320,1383.2738261583702,23047.091331269647,True
development,0.026234528823507883,B2-rank3-q2-r8-K2,783799807.5000002,58705,23047.091331269647,102005.17082806544,True
development,0.026234528823507883,B2-rank3-q2-r16-K4,864485897.625,57914,102005.17082806544,106129.84735058539,True
development,0.026234528823507883,B2-rank3-q4-r8-K4,1381232124.3750002,53045,106129.84735058539,511440.9944598325,True
development,0.026234528823507883,B2-rank3-q4-r16-K2,1565862323.3749998,52684,511440.9944598325,1064155.9393312847,True
development,0.026234528823507883,B2-rank3-q8-r8-K2,2691739307.187499,51626,1064155.9393312847,1917622.93501421,True
development,0.026234528823507883,B2-rank3-q8-r16-K4,3029240943.75,51450,1917622.93501421,8047307.296336218,True
development,0.026234528823507883,B2-rank3-q8-r32-K2,3729356678.531251,51363,8047307.296336218,9479279.671875,True
development,0.026234528823507883,B2-rank6-q8-r1-K2,4506657611.625001,51281,9479279.671875,10066161.609375477,True
development,0.026234528823507883,B2-rank6-q8-r2-K4,4526789934.843752,51279,10066161.609375477,13433627.484374046,True
development,0.026234528823507883,B2-rank6-q8-r4-K2,4553657189.8125,51277,13433627.484374046,1738010562.1875,True
development,0.026234528823507883,B0-rank9-q8-r0-K0,6291667752.0,51276,1738010562.1875,MISSING,True
development,0.026497813267482524,B2-rank3-q1-r4-K2,662167556.53125,104119,0.0,1525.704176282615,True
development,0.026497813267482524,B2-rank3-q2-r4-K4,730921889.5312498,59055,1525.704176282615,23073.147448576252,True
development,0.026497813267482524,B2-rank3-q2-r8-K2,767377462.5000002,57475,23073.147448576252,101617.92422779893,True
development,0.026497813267482524,B2-rank3-q2-r16-K4,846334589.625,56698,101617.92422779893,107552.63159987282,True
development,0.026497813267482524,B2-rank3-q4-r8-K4,1353552800.2500002,51982,107552.63159987282,512614.85525849723,True
development,0.026497813267482524,B2-rank3-q4-r16-K2,1534505844.1562498,51629,512614.85525849723,1073726.4239421198,True
development,0.026497813267482524,B2-rank3-q8-r8-K2,2638296607.968749,50601,1073726.4239421198,1935025.8086622863,True
development,0.026497813267482524,B2-rank3-q8-r16-K4,2969186021.25,50430,1935025.8086622863,7978875.168604663,True
development,0.026497813267482524,B2-rank3-q8-r32-K2,3655369285.750001,50344,7978875.168604663,9405244.834876543,True
development,0.026497813267482524,B2-rank6-q8-r1-K2,4417194117.375001,50263,9405244.834876543,9864581.703125477,True
development,0.026497813267482524,B2-rank6-q8-r2-K4,4436923280.781252,50261,9864581.703125477,26419160.468748093,True
development,0.026497813267482524,B2-rank6-q8-r4-K2,4463342441.25,50260,26419160.468748093,286722031.40625,True
development,0.026497813267482524,B2-rank6-q8-r32-K2,4750064472.65625,50259,286722031.40625,MISSING,True
development,0.02676373998107465,B2-rank3-q1-r4-K2,643279191.84375,101149,0.0,1668.9746694128994,True
development,0.02676373998107465,B2-rank3-q2-r4-K4,715599202.2187498,57817,1668.9746694128994,23070.266826923384,True
development,0.02676373998107465,B2-rank3-q2-r8-K2,751288905.0000002,56270,23070.266826923384,101726.75575657863,True
development,0.02676373998107465,B2-rank3-q2-r16-K4,828601239.375,55510,101726.75575657863,108931.95910831515,True
development,0.02676373998107465,B2-rank3-q4-r8-K4,1326420292.5000002,50940,108931.95910831515,512495.68804190616,True
development,0.02676373998107465,B2-rank3-q4-r16-K2,1503743800.5624998,50594,512495.68804190616,1086603.5853413648,True
development,0.02676373998107465,B2-rank3-q8-r8-K2,2586000971.562499,49598,1086603.5853413648,1918631.9367603606,True
development,0.02676373998107465,B2-rank3-q8-r16-K4,2910249768.875,49429,1918631.9367603606,8006955.725818464,True
development,0.02676373998107465,B2-rank3-q8-r32-K2,3582834049.843751,49345,8006955.725818464,9452431.486155063,True
development,0.02676373998107465,B2-rank6-q8-r1-K2,4329576137.250001,49266,9452431.486155063,9667160.125000477,True
development,0.02676373998107465,B2-rank6-q8-r2-K4,4348910457.500002,49264,9667160.125000477,25893336.437498093,True
development,0.02676373998107465,B2-rank6-q8-r4-K2,4374803793.9375,49263,25893336.437498093,281032495.125,True
development,0.02676373998107465,B2-rank6-q8-r32-K2,4655836289.0625,49262,281032495.125,MISSING,True
development,0.027032335481569594,B2-rank3-q1-r4-K2,625033158.75,98280,0.0,1793.3030063290676,True
development,0.027032335481569594,B2-rank3-q1-r8-K2,634241769.6874998,93145,1793.3030063290676,1816.385871945045,True
development,0.027032335481569594,B2-rank3-q2-r4-K4,700610693.0624998,56606,1816.385871945045,23060.589727723087,True
development,0.027032335481569594,B2-rank3-q2-r8-K2,735547486.5000002,55091,23060.589727723087,101738.68170362871,True
development,0.027032335481569594,B2-rank3-q2-r16-K4,811241065.6875,54347,101738.68170362871,110341.81017107051,True
development,0.027032335481569594,B2-rank3-q4-r8-K4,1299834601.1250002,49919,110341.81017107051,514204.2456545844,True
development,0.027032335481569594,B2-rank3-q4-r16-K2,1473635636.1562498,49581,514204.2456545844,1096082.8563403923,True
development,0.027032335481569594,B2-rank3-q8-r8-K2,2534643841.0937495,48613,1096082.8563403923,1926346.8054924272,True
development,0.027032335481569594,B2-rank3-q8-r16-K4,2852491064.0,48448,1926346.8054924272,8039754.961128054,True
development,0.027032335481569594,B2-rank3-q8-r32-K2,3511750970.8125005,48366,8039754.961128054,9383037.65625,True
development,0.027032335481569594,B2-rank6-q8-r1-K2,4243627908.0000005,48288,9383037.65625,9473500.843750477,True
development,0.027032335481569594,B2-rank6-q8-r2-K4,4262574909.6875014,48286,9473500.843750477,148804555.46874952,True
development,0.027032335481569594,B2-rank6-q8-r16-K4,4411379465.156251,48285,148804555.46874952,152024362.96874905,True
development,0.027032335481569594,B2-rank6-q8-r32-K2,4563403828.125,48284,152024362.96874905,MISSING,True
development,0.027303626552374862,B2-rank3-q1-r4-K2,607397658.65625,95507,0.0,1793.5002567634792,True
development,0.027303626552374862,B2-rank3-q1-r8-K2,616347224.9374998,90517,1793.5002567634792,1983.0396670916914,True
development,0.027303626552374862,B2-rank3-q2-r4-K4,685943985.0937498,55421,1983.0396670916914,23067.580516689464,True
development,0.027303626552374862,B2-rank3-q2-r8-K2,720153207.0000002,53938,23067.580516689464,101807.40195741726,True
development,0.027303626552374862,B2-rank3-q2-r16-K4,794268995.625,53210,101807.40195741726,111751.74329993014,True
development,0.027303626552374862,B2-rank3-q4-r8-K4,1273795726.1250002,48919,111751.74329993014,514580.60800604086,True
development,0.027303626552374862,B2-rank3-q4-r16-K2,1444121907.3749998,48588,514580.60800604086,1109074.4840751598,True
development,0.027303626552374862,B2-rank3-q8-r8-K2,2484433773.4374995,47650,1109074.4840751598,1923055.6207561758,True
development,0.027303626552374862,B2-rank3-q8-r16-K4,2795968784.0,47488,1923055.6207561758,7977176.10686729,True
development,0.027303626552374862,B2-rank3-q8-r32-K2,3442120048.6562505,47407,7977176.10686729,9435553.128205141,True
development,0.027303626552374862,B2-rank6-q8-r2-K4,4178093192.6562514,47329,9435553.128205141,24872805.34374857,True
development,0.027303626552374862,B2-rank6-q8-r4-K2,4202965998.0,47328,24872805.34374857,38559606.31250048,True
development,0.027303626552374862,B2-rank6-q8-r8-K4,4241525604.3125005,47327,38559606.31250048,MISSING,True
development,0.027577640245690815,B2-rank3-q1-r4-K2,590359972.125,92828,0.0,1795.325827490155,True
development,0.027577640245690815,B2-rank3-q1-r8-K2,599065507.0624998,87979,1795.325827490155,2151.246292671353,True
development,0.027577640245690815,B2-rank3-q2-r4-K4,671599078.3124998,54262,2151.246292671353,23067.2428977276,True
development,0.027577640245690815,B2-rank3-q2-r8-K2,705092715.0000002,52810,23067.2428977276,101607.18907562993,True
development,0.027577640245690815,B2-rank3-q2-r16-K4,777640248.0,52096,101607.18907562993,113249.13847449476,True
development,0.027577640245690815,B2-rank3-q4-r8-K4,1248303667.5000002,47940,113249.13847449476,511868.78815183905,True
development,0.027577640245690815,B2-rank3-q4-r16-K2,1415172892.4374998,47614,511868.78815183905,1120810.0879807689,True
development,0.027577640245690815,B2-rank3-q8-r8-K2,2435110072.4999995,46704,1120810.0879807689,1920360.6721698144,True
development,0.027577640245690815,B2-rank3-q8-r16-K4,2740447419.375,46545,1920360.6721698144,8120785.335336545,True
development,0.027577640245690815,B2-rank3-q8-r32-K2,3373868675.5312505,46467,8120785.335336545,9250628.813733554,True
development,0.027577640245690815,B2-rank6-q8-r1-K2,4076916465.3750005,46391,9250628.813733554,18284008.062500954,True
development,0.027577640245690815,B2-rank6-q8-r2-K4,4095200473.4375014,46390,18284008.062500954,24377570.87499857,True
development,0.027577640245690815,B2-rank6-q8-r4-K2,4119578044.3125,46389,24377570.87499857,1572322331.6875,True
development,0.027577640245690815,B0-rank9-q8-r0-K0,5691900376.0,46388,1572322331.6875,MISSING,True
development,0.02785440388520827,B2-rank3-q1-r4-K2,573888300.5625,90238,0.0,1792.9675503711053,True
development,0.02785440388520827,B2-rank3-q1-r8-K2,582342142.5624998,85523,1792.9675503711053,2321.554396183171,True
development,0.02785440388520827,B2-rank3-q2-r4-K4,657551218.7812498,53127,2321.554396183171,23083.349907635802,True
development,0.02785440388520827,B2-rank3-q2-r8-K2,690352659.0000002,51706,23083.349907635802,101786.45415472746,True
development,0.02785440388520827,B2-rank3-q2-r16-K4,761399604.0,51008,101786.45415472746,114673.96809831187,True
development,0.02785440388520827,B2-rank3-q4-r8-K4,1223306347.5000002,46980,114673.96809831187,512669.86647727125,True
development,0.02785440388520827,B2-rank3-q4-r16-K2,1386848034.9062498,46661,512669.86647727125,1132481.4507715174,True
development,0.02785440388520827,B2-rank3-q8-r8-K2,2386829155.9374995,45778,1132481.4507715174,1931182.733467745,True
development,0.02785440388520827,B2-rank3-q8-r16-K4,2686162479.625,45623,1931182.733467745,7958484.153445519,True
development,0.02785440388520827,B2-rank3-q8-r32-K2,3306924243.5937505,45545,7958484.153445519,9427477.14791668,True
development,0.02785440388520827,B2-rank6-q8-r2-K4,4013985029.6875014,45470,9427477.14791668,23892357.12499857,True
development,0.02785440388520827,B2-rank6-q8-r4-K2,4037877386.8125,45469,23892357.12499857,259381441.3125,True
development,0.02785440388520827,B2-rank6-q8-r32-K2,4297258828.125,45468,259381441.3125,MISSING,True
development,0.028133945068833068,B2-rank3-q1-r4-K2,557957205.09375,87733,0.0,1795.0546653392453,True
development,0.028133945068833068,B2-rank3-q1-r8-K2,566183940.6249998,83150,1795.0546653392453,2493.936136852756,True
development,0.028133945068833068,B2-rank3-q2-r4-K4,643825160.4374998,52018,2493.936136852756,23039.861494975215,True
development,0.028133945068833068,B2-rank3-q2-r8-K2,675919687.5000002,50625,23039.861494975215,101856.02909956042,True
development,0.028133945068833068,B2-rank3-q2-r16-K4,745487355.375,49942,101856.02909956042,116145.6343197541,True
development,0.028133945068833068,B2-rank3-q4-r8-K4,1198803766.1250002,46039,116145.6343197541,513731.1701722741,True
development,0.028133945068833068,B2-rank3-q4-r16-K2,1359087891.2187498,45727,513731.1701722741,1143989.3279973743,True
development,0.028133945068833068,B2-rank3-q8-r8-K2,2339486745.3124995,44870,1143989.3279973743,1917208.0559640555,True
development,0.028133945068833068,B2-rank3-q8-r16-K4,2632819577.875,44717,1917208.0559640555,8113863.77083334,True
development,0.028133945068833068,B2-rank3-q8-r32-K2,3241359360.6875005,44642,8113863.77083334,9364854.365709472,True
development,0.028133945068833068,B2-rank6-q8-r2-K4,3934358583.7500014,44568,9364854.365709472,23416636.68749857,True
development,0.028133945068833068,B2-rank6-q8-r4-K2,3957775220.4375,44567,23416636.68749857,1510562111.5625,True
development,0.028133945068833068,B0-rank9-q8-r0-K0,5468337332.0,44566,1510562111.5625,MISSING,True
development,0.028416291671438082,B2-rank3-q1-r4-K2,542553966.28125,85311,0.0,1794.0497742314924,True
development,0.028416291671438082,B2-rank3-q1-r8-K2,550550046.1249998,80854,1794.0497742314924,2667.558375873074,True
development,0.028416291671438082,B2-rank3-q2-r4-K4,630371395.4062498,50931,2667.558375873074,23063.651205979808,True
development,0.028416291671438082,B2-rank3-q2-r8-K2,661807152.0000002,49568,23063.651205979808,101810.57875560502,True
development,0.028416291671438082,B2-rank3-q2-r16-K4,729918429.1875,48899,101810.57875560502,117630.22056782132,True
development,0.028416291671438082,B2-rank3-q4-r8-K4,1174795923.3750002,45117,117630.22056782132,515070.61639344104,True
development,0.028416291671438082,B2-rank3-q4-r16-K2,1331892461.3749998,44812,515070.61639344104,1155276.898137019,True
development,0.028416291671438082,B2-rank3-q8-r8-K2,2293082840.6249995,43980,1155276.898137019,1930009.2818791978,True
development,0.028416291671438082,B2-rank3-q8-r16-K4,2580654223.625,43831,1930009.2818791978,7951661.166666673,True
development,0.028416291671438082,B2-rank3-q8-r32-K2,3177028811.1250005,43756,7951661.166666673,9434615.618055569,True
development,0.028416291671438082,B2-rank6-q8-r2-K4,3856321135.6250014,43684,9434615.618055569,22950409.56249857,True
development,0.028416291671438082,B2-rank6-q8-r4-K2,3879271545.1875,43683,22950409.56249857,1480597218.8125,True
development,0.028416291671438082,B0-rank9-q8-r0-K0,5359868764.0,43682,1480597218.8125,MISSING,True
development,0.028701471847642816,B2-rank3-q1-r4-K2,527646785.53125,82967,0.0,1795.1211712620723,True
development,0.028701471847642816,B2-rank3-q1-r8-K2,535426840.6874998,78633,1795.1211712620723,2843.3108617243156,True
development,0.028701471847642816,B2-rank3-q2-r4-K4,617214677.6249998,49868,2843.3108617243156,23078.728167166773,True
development,0.028701471847642816,B2-rank3-q2-r8-K2,648001701.0000002,48534,23078.728167166773,101640.54477896306,True
development,0.028701471847642816,B2-rank3-q2-r16-K4,714677898.375,47878,101640.54477896306,119160.73167985815,True
development,0.028701471847642816,B2-rank3-q4-r8-K4,1151282819.2500002,44214,119160.73167985815,513064.9418749984,True
development,0.028701471847642816,B2-rank3-q4-r16-K2,1305202301.8124998,43914,513064.9418749984,1169249.5534274192,True
development,0.028701471847642816,B2-rank3-q8-r8-K2,2247617441.8749995,43108,1169249.5534274192,1917098.404761908,True
development,0.028701471847642816,B2-rank3-q8-r16-K4,2529430907.375,42961,1917098.404761908,8120095.8780382015,True
development,0.028701471847642816,B2-rank3-q8-r32-K2,3114077810.5937505,42889,8120095.8780382015,9245924.959201403,True
development,0.028701471847642816,B2-rank6-q8-r2-K4,3779784407.6562514,42817,9245924.959201403,736850861.1718743,True
development,0.028701471847642816,B0-rank9-q8-r0-K0,5253486130.0,42815,736850861.1718743,MISSING,True
development,0.02898951403462081,B2-rank3-q1-r4-K2,513222943.40625,80699,0.0,1792.111683364923,True
development,0.02898951403462081,B2-rank3-q1-r8-K2,520780278.3749999,76482,1792.111683364923,3021.7094000867824,True
development,0.02898951403462081,B2-rank3-q2-r4-K4,604342630.1249998,48828,3021.7094000867824,23055.85415072722,True
development,0.02898951403462081,B2-rank3-q2-r8-K2,634476631.5000002,47521,23055.85415072722,101878.40639625548,True
development,0.02898951403462081,B2-rank3-q2-r16-K4,699780690.0,46880,101878.40639625548,120617.02871621629,True
development,0.02898951403462081,B2-rank3-q4-r8-K4,1128212376.0000002,43328,120617.02871621629,514895.83649743866,True
development,0.02898951403462081,B2-rank3-q4-r16-K2,1279076856.0937498,43035,514895.83649743866,1181536.5137468027,True
development,0.02898951403462081,B2-rank3-q8-r8-K2,2203038409.8437495,42253,1181536.5137468027,1932082.8769667866,True
development,0.02898951403462081,B2-rank3-q8-r16-K4,2479326261.25,42110,1932082.8769667866,7957809.3654513955,True
development,0.02898951403462081,B2-rank3-q8-r32-K2,3052288535.5625005,42038,7957809.3654513955,9354459.78952206,True
development,0.02898951403462081,B2-rank6-q8-r1-K2,3688391801.2500005,41970,9354459.78952206,16533153.906250954,True
development,0.02898951403462081,B2-rank6-q8-r2-K4,3704924955.1562514,41969,16533153.906250954,22045907.84374857,True
development,0.02898951403462081,B2-rank6-q8-r4-K2,3726970863.0,41968,22045907.84374857,34182496.31250048,True
development,0.02898951403462081,B2-rank6-q8-r8-K4,3761153359.3125005,41967,34182496.31250048,MISSING,True
development,0.029280446954935396,B2-rank3-q1-r4-K2,499257001.03125,78503,0.0,1794.725028956323,True
development,0.029280446954935396,B2-rank3-q1-r8-K2,506617168.3749999,74402,1794.725028956323,3201.177330118076,True
development,0.029280446954935396,B2-rank3-q2-r4-K4,591742875.9374998,47810,3201.177330118076,23048.764892578496,True
development,0.029280446954935396,B2-rank3-q2-r8-K2,621245295.0000002,46530,23048.764892578496,101810.07623407606,True
development,0.029280446954935396,B2-rank3-q2-r16-K4,685182022.875,45902,101810.07623407606,122232.75795784891,True
development,0.029280446954935396,B2-rank3-q4-r8-K4,1105662710.2500002,42462,122232.75795784891,513276.70898437337,True
development,0.029280446954935396,B2-rank3-q4-r16-K2,1253486402.4374998,42174,513276.70898437337,1193490.569293478,True
development,0.029280446954935396,B2-rank3-q8-r8-K2,2159345744.5312495,41415,1193490.569293478,1920276.8171542587,True
development,0.029280446954935396,B2-rank3-q8-r16-K4,2430104775.75,41274,1920276.8171542587,8023268.830357149,True
development,0.029280446954935396,B2-rank3-q8-r32-K2,2991733593.8750005,41204,8023268.830357149,9406706.965073537,True
development,0.029280446954935396,B2-rank6-q8-r2-K4,3631389667.500001,41136,9406706.965073537,55198447.81249952,True
development,0.029280446954935396,B2-rank6-q8-r8-K4,3686588115.3125005,41135,55198447.81249952,71466827.625,True
development,0.029280446954935396,B2-rank6-q8-r16-K4,3758054942.9375005,41134,71466827.625,MISSING,True
development,0.02957429961940374,B2-rank3-q1-r4-K2,485748958.40625,76379,0.0,1792.6600710974394,True
development,0.02957429961940374,B2-rank3-q1-r8-K2,492903464.7499999,72388,1792.6600710974394,3383.424990468458,True
development,0.02957429961940374,B2-rank3-q2-r4-K4,579427792.0312498,46815,3383.424990468458,23030.22286184239,True
development,0.02957429961940374,B2-rank3-q2-r8-K2,608307691.5000001,45561,23030.22286184239,101795.21890243884,True
development,0.02957429961940374,B2-rank3-q2-r16-K4,670911751.125,44946,101795.21890243884,123760.62248800247,True
development,0.02957429961940374,B2-rank3-q4-r8-K4,1083529666.5000002,41612,123760.62248800247,513728.9097960976,True
development,0.02957429961940374,B2-rank3-q4-r16-K2,1228401219.0624998,41330,513728.9097960976,1206709.5473845105,True
development,0.02957429961940374,B2-rank3-q8-r8-K2,2116539445.9374995,40594,1206709.5473845105,1908955.1056654712,True
development,0.02957429961940374,B2-rank3-q8-r16-K4,2381884205.625,40455,1908955.1056654712,8096011.469209566,True
development,0.02957429961940374,B2-rank3-q8-r32-K2,2932412985.5312505,40387,8096011.469209566,9402306.11875,True
development,0.02957429961940374,B2-rank6-q8-r1-K2,3543562883.2500005,40322,9402306.11875,12322810.562499842,True
development,0.02957429961940374,B2-rank6-q8-r4-K2,3580531314.9375,40319,12322810.562499842,MISSING,True
development,0.029871101329989713,B2-rank3-q1-r4-K2,472654297.5,74320,0.0,1793.5726081637602,True
development,0.029871101329989713,B2-rank3-q1-r8-K2,479618739.9374999,70437,1793.5726081637602,3567.1629695694596,True
development,0.029871101329989713,B2-rank3-q2-r4-K4,567360247.4999999,45840,3567.1629695694596,23056.415647921956,True
development,0.029871101329989713,B2-rank3-q2-r8-K2,595650469.5000001,44613,23056.415647921956,101834.68137458451,True
development,0.029871101329989713,B2-rank3-q2-r16-K4,656954947.6875,44011,101834.68137458451,125320.45026694529,True
development,0.029871101329989713,B2-rank3-q4-r8-K4,1061865322.5000002,40780,125320.45026694529,512476.4746164243,True
development,0.029871101329989713,B2-rank3-q4-r16-K2,1203821305.9687498,40503,512476.4746164243,1219532.3093487392,True
development,0.029871101329989713,B2-rank3-q8-r8-K2,2074567374.8437495,39789,1219532.3093487392,1927081.877083337,True
development,0.029871101329989713,B2-rank3-q8-r16-K4,2334723428.25,39654,1927081.877083337,7934274.624080889,True
development,0.029871101329989713,B2-rank3-q8-r32-K2,2874254102.6875005,39586,7934274.624080889,9359429.383789062,True
development,0.029871101329989713,B2-rank6-q8-r1-K2,3473257583.2500005,39522,9359429.383789062,15563669.406250477,True
development,0.029871101329989713,B2-rank6-q8-r2-K4,3488821252.656251,39521,15563669.406250477,20754817.343749046,True
development,0.029871101329989713,B2-rank6-q8-r4-K2,3509576070.0,39520,20754817.343749046,1339484268.0,True
development,0.029871101329989713,B0-rank9-q8-r0-K0,4849060338.0,39519,1339484268.0,MISSING,True
development,0.030170881682725813,B2-rank3-q1-r4-K2,459979378.03125,72327,0.0,1793.280423061625,True
development,0.030170881682725813,B2-rank3-q1-r8-K2,466756184.7499999,68548,1793.280423061625,3752.7019931747104,True
development,0.030170881682725813,B2-rank3-q2-r4-K4,555552619.3124999,44886,3752.7019931747104,23070.489748126758,True
development,0.030170881682725813,B2-rank3-q2-r8-K2,583260277.5000001,43685,23070.489748126758,101731.32362288116,True
development,0.030170881682725813,B2-rank3-q2-r16-K4,643281758.4375,43095,101731.32362288116,126903.81413685727,True
development,0.030170881682725813,B2-rank3-q4-r8-K4,1040617600.5000001,39964,126903.81413685727,513391.37511531234,True
development,0.030170881682725813,B2-rank3-q4-r16-K2,1179746663.1562498,39693,513391.37511531234,1231865.6105248914,True
development,0.030170881682725813,B2-rank3-q8-r8-K2,2033429531.2499995,39000,1231865.6105248914,1916972.953947372,True
development,0.030170881682725813,B2-rank3-q8-r16-K4,2288386934.125,38867,1916972.953947372,8013181.988162886,True
development,0.030170881682725813,B2-rank3-q8-r32-K2,2817256945.3437505,38801,8013181.988162886,9411791.01269532,True
development,0.030170881682725813,B2-rank6-q8-r2-K4,3419611570.156251,38737,9411791.01269532,51974116.84374952,True
development,0.030170881682725813,B2-rank6-q8-r8-K4,3471585687.0000005,38736,51974116.84374952,67293542.21875,True
development,0.030170881682725813,B2-rank6-q8-r16-K4,3538879229.2187505,38735,67293542.21875,MISSING,True
development,0.03047367057066435,B2-rank3-q1-r4-K2,447698761.125,70396,0.0,1793.5319467101363,True
development,0.03047367057066435,B2-rank3-q1-r8-K2,454295371.6249999,66718,1793.5319467101363,3939.961296450848,True
development,0.03047367057066435,B2-rank3-q2-r4-K4,543992530.4999999,43952,3939.961296450848,23070.77678571449,True
development,0.03047367057066435,B2-rank3-q2-r8-K2,571123764.0000001,42776,23070.77678571449,101877.55015164624,True
development,0.03047367057066435,B2-rank3-q2-r16-K4,629907110.4375,42199,101877.55015164624,128461.08404036248,True
development,0.03047367057066435,B2-rank3-q4-r8-K4,1019786500.5000001,39164,128461.08404036248,514570.06922169676,True
development,0.03047367057066435,B2-rank3-q4-r16-K2,1156147568.8437498,38899,514570.06922169676,1245503.491536458,True
development,0.03047367057066435,B2-rank3-q8-r8-K2,1993125915.1562495,38227,1245503.491536458,1907378.342318706,True
development,0.03047367057066435,B2-rank3-q8-r16-K4,2242992478.0,38096,1907378.342318706,8100453.679687507,True
development,0.03047367057066435,B2-rank3-q8-r32-K2,2761421513.5000005,38032,8100453.679687507,9281351.415322581,True
development,0.03047367057066435,B2-rank6-q8-r1-K2,3336865301.2500005,37970,9281351.415322581,14949028.906250477,True
development,0.03047367057066435,B2-rank6-q8-r2-K4,3351814330.156251,37969,14949028.906250477,19936282.843749046,True
development,0.03047367057066435,B2-rank6-q8-r4-K2,3371750613.0,37968,19936282.843749046,MISSING,True
development,0.03077949818685826,B2-rank3-q1-r4-K2,435799727.34375,68525,0.0,1794.1214647346035,True
development,0.03077949818685826,B2-rank3-q1-r8-K2,442222682.1874999,64945,1794.1214647346035,4129.903946122067,True
development,0.03077949818685826,B2-rank3-q2-r4-K4,532692358.0312499,43039,4129.903946122067,23057.224365234582,True
development,0.03077949818685826,B2-rank3-q2-r8-K2,559254280.5000001,41887,23057.224365234582,101672.91353798566,True
development,0.03077949818685826,B2-rank3-q2-r16-K4,616801149.5625,41321,101672.91353798566,130081.9017128528,True
development,0.03077949818685826,B2-rank3-q4-r8-K4,999372022.5000001,38380,130081.9017128528,513931.8413461525,True
development,0.03077949818685826,B2-rank3-q4-r16-K2,1132994301.2499998,38120,513931.8413461525,1258524.458397239,True
development,0.03077949818685826,B2-rank3-q8-r8-K2,1953552248.1249995,37468,1258524.458397239,1929037.8877952793,True
development,0.03077949818685826,B2-rank3-q8-r16-K4,2198540059.875,37341,1929037.8877952793,8065637.133928579,True
development,0.03077949818685826,B2-rank3-q8-r32-K2,2706675199.3125005,37278,8065637.133928579,9333323.478830652,True
development,0.03077949818685826,B2-rank6-q8-r2-K4,3285341255.000001,37216,9333323.478830652,19539145.937499046,True
development,0.03077949818685826,B2-rank6-q8-r4-K2,3304880400.9375,37215,19539145.937499046,MISSING,True
development,0.031088395027371894,B2-rank3-q1-r4-K2,424269557.25,66712,0.0,1792.3498637406428,True
development,0.031088395027371894,B2-rank3-q1-r8-K2,430517688.8749999,63226,1792.3498637406428,4321.092976235651,True
development,0.031088395027371894,B2-rank3-q2-r4-K4,521614970.9999999,42144,4321.092976235651,23090.95341614928,True
development,0.031088395027371894,B2-rank3-q2-r8-K2,547638475.5000001,41017,23090.95341614928,101724.28598826693,True
development,0.031088395027371894,B2-rank3-q2-r16-K4,603993729.9375,40463,101724.28598826693,131721.57032894742,True
development,0.031088395027371894,B2-rank3-q4-r8-K4,979400205.3750001,37613,131721.57032894742,515652.8359990143,True
development,0.031088395027371894,B2-rank3-q4-r16-K2,1110376025.7187498,37359,515652.8359990143,1270914.568868483,True
development,0.031088395027371894,B2-rank3-q8-r8-K2,1914864947.8124995,36726,1270914.568868483,1920846.8365000037,True
development,0.031088395027371894,B2-rank3-q8-r16-K4,2154970802.375,36601,1920846.8365000037,8033019.361391136,True
development,0.031088395027371894,B2-rank3-q8-r32-K2,2653018002.7812505,36539,8033019.361391136,9213596.593229167,True
development,0.031088395027371894,B2-rank6-q8-r1-K2,3205833798.3750005,36479,9213596.593229167,16754233.218749762,True
development,0.031088395027371894,B2-rank6-q8-r4-K2,3239342264.8125,36477,16754233.218749762,MISSING,True
development,0.03140039189432196,B2-rank3-q1-r4-K2,413082811.96875,64953,0.0,1795.0988892572593,True
development,0.03140039189432196,B2-rank3-q1-r8-K2,419173582.4999999,61560,1795.0988892572593,4514.885458762506,True
development,0.03140039189432196,B2-rank3-q2-r4-K4,510785123.3437499,41269,4514.885458762506,23077.784561820867,True
development,0.03140039189432196,B2-rank3-q2-r8-K2,536262997.5000001,40165,23077.784561820867,101830.25818726915,True
development,0.03140039189432196,B2-rank3-q2-r16-K4,591454997.4375,39623,101830.25818726915,133368.5640613686,True
development,0.03140039189432196,B2-rank3-q4-r8-K4,959818971.3750001,36861,133368.5640613686,513300.64787499857,True
development,0.03140039189432196,B2-rank3-q4-r16-K2,1088144133.3437498,36611,513300.64787499857,1284546.1302931593,True
development,0.03140039189432196,B2-rank3-q8-r8-K2,1876855457.3437495,35997,1284546.1302931593,1929265.3342725448,True
development,0.03140039189432196,B2-rank3-q8-r16-K4,2112225828.125,35875,1929265.3342725448,8002483.4088114835,True
development,0.03140039189432196,B2-rank3-q8-r32-K2,2600377316.0625005,35814,8002483.4088114835,9423564.12129238,True
development,0.03140039189432196,B2-rank6-q8-r2-K4,3156367599.218751,35755,9423564.12129238,18768605.406249046,True
development,0.03140039189432196,B2-rank6-q8-r4-K2,3175136204.625,35754,18768605.406249046,203941275.84375,True
development,0.03140039189432196,B2-rank6-q8-r32-K2,3379077480.46875,35753,203941275.84375,MISSING,True
development,0.031715519898949,B2-rank3-q1-r4-K2,402245851.21875,63249,0.0,1795.0646091857993,True
development,0.031715519898949,B2-rank3-q1-r8-K2,408176744.6874999,59945,1795.0646091857993,4711.795114177461,True
development,0.031715519898949,B2-rank3-q2-r4-K4,500202815.0624999,40414,4711.795114177461,23014.80280470936,True
development,0.031715519898949,B2-rank3-q2-r8-K2,525127846.5000001,39331,23014.80280470936,101774.34745762689,True
development,0.031715519898949,B2-rank3-q2-r16-K4,579170025.0,38800,101774.34745762689,135074.10145739914,True
development,0.031715519898949,B2-rank3-q4-r8-K4,940628320.5000001,36124,135074.10145739914,513303.95497448836,True
development,0.031715519898949,B2-rank3-q4-r16-K2,1066387789.4687498,35879,513303.95497448836,1297382.996119966,True
development,0.031715519898949,B2-rank3-q8-r8-K2,1839628055.1562495,35283,1297382.996119966,1938957.6415441216,True
development,0.031715519898949,B2-rank3-q8-r16-K4,2070364014.5,35164,1938957.6415441216,7974362.208333341,True
development,0.031715519898949,B2-rank3-q8-r32-K2,2548825747.0000005,35104,7974362.208333341,9318623.93640351,True
development,0.031715519898949,B2-rank6-q8-r1-K2,3079987311.3750005,35047,9318623.93640351,13791429.562500477,True
development,0.031715519898949,B2-rank6-q8-r2-K4,3093778740.937501,35046,13791429.562500477,18394674.374999046,True
development,0.031715519898949,B2-rank6-q8-r4-K2,3112173415.3125,35045,18394674.374999046,1187795472.6875,True
development,0.031715519898949,B0-rank9-q8-r0-K0,4299968888.0,35044,1187795472.6875,MISSING,True
development,0.03203381046471968,B2-rank3-q1-r4-K2,391733236.125,61596,0.0,1796.804767640622,True
development,0.03203381046471968,B2-rank3-q1-r8-K2,397513557.0624999,58379,1796.804767640622,4907.875791013029,True
development,0.03203381046471968,B2-rank3-q2-r4-K4,489806161.3124999,39574,4907.875791013029,23100.39006379985,True
development,0.03203381046471968,B2-rank3-q2-r8-K2,514246374.0000001,38516,23100.39006379985,101549.64623320515,True
development,0.03203381046471968,B2-rank3-q2-r16-K4,567153739.6875,37995,101549.64623320515,136781.53222618593,True
development,0.03203381046471968,B2-rank3-q4-r8-K4,921828252.7500001,35402,136781.53222618593,513537.58151041565,True
development,0.03203381046471968,B2-rank3-q4-r16-K2,1045077272.3124999,35162,513537.58151041565,1309245.8198942135,True
development,0.03203381046471968,B2-rank3-q8-r8-K2,1803130602.0312495,34583,1309245.8198942135,1949964.5008081938,True
development,0.03203381046471968,B2-rank3-q8-r16-K4,2029326484.125,34467,1949964.5008081938,7948545.824152551,True
development,0.03203381046471968,B2-rank3-q8-r32-K2,2498290687.7500005,34408,7948545.824152551,9296765.96875,True
development,0.03203381046471968,B2-rank6-q8-r1-K2,3018909582.0000005,34352,9296765.96875,13516187.843750477,True
development,0.03203381046471968,B2-rank6-q8-r2-K4,3032425769.843751,34351,13516187.843750477,18028127.031249046,True
development,0.03203381046471968,B2-rank6-q8-r4-K2,3050453896.875,34350,18028127.031249046,MISSING,True
development,0.03235529533046026,B2-rank3-q1-r4-K2,381538606.96875,59993,0.0,1794.826130743421,True
development,0.03235529533046026,B2-rank3-q1-r8-K2,387163592.0624999,56859,1794.826130743421,5109.690225571697,True
development,0.03235529533046026,B2-rank3-q2-r4-K4,479669423.9062499,38755,5109.690225571697,23033.816564306588,True
development,0.03235529533046026,B2-rank3-q2-r8-K2,503578525.5000001,37717,23033.816564306588,101822.42829076598,True
development,0.03235529533046026,B2-rank3-q2-r16-K4,555406141.5,37208,101822.42829076598,138419.48597852033,True
development,0.03235529533046026,B2-rank3-q4-r8-K4,903392729.2500001,34694,138419.48597852033,514000.55678191385,True
development,0.03235529533046026,B2-rank3-q4-r16-K2,1024182860.0937499,34459,514000.55678191385,1327293.7791294637,True
development,0.03235529533046026,B2-rank3-q8-r8-K2,1767467376.4062495,33899,1327293.7791294637,1910232.6139547455,True
development,0.03235529533046026,B2-rank3-q8-r16-K4,1989054359.625,33783,1910232.6139547455,8065224.187500008,True
development,0.03235529533046026,B2-rank3-q8-r32-K2,2448772138.3125005,33726,8065224.187500008,9348866.92187501,True
development,0.03235529533046026,B2-rank6-q8-r2-K4,2972308685.937501,33670,9348866.92187501,45163910.49999952,True
development,0.03235529533046026,B2-rank6-q8-r8-K4,3017472596.4375005,33669,45163910.49999952,MISSING,True
development,0.032680006553521476,B2-rank3-q1-r4-K2,371655604.03125,58439,0.0,1794.3186517359584,True
development,0.032680006553521476,B2-rank3-q1-r8-K2,377133658.8749999,55386,1794.3186517359584,5311.291678616497,True
development,0.032680006553521476,B2-rank3-q2-r4-K4,469730717.9999999,37952,5311.291678616497,23051.46259842543,True
development,0.032680006553521476,B2-rank3-q2-r8-K2,493151004.0000001,36936,23051.46259842543,101696.13689879735,True
development,0.032680006553521476,B2-rank3-q2-r16-K4,543897376.3125,36437,101696.13689879735,140168.47806342368,True
development,0.032680006553521476,B2-rank3-q4-r8-K4,885347788.8750001,34001,140168.47806342368,512366.9434523799,True
development,0.032680006553521476,B2-rank3-q4-r16-K2,1003704552.8124999,33770,512366.9434523799,1342035.4854396863,True
development,0.032680006553521476,B2-rank3-q8-r8-K2,1732429821.4062495,33227,1342035.4854396863,1905058.7453399166,True
development,0.032680006553521476,B2-rank3-q8-r16-K4,1949606518.375,33113,1905058.7453399166,8046267.365513401,True
development,0.032680006553521476,B2-rank3-q8-r32-K2,2400197490.8437505,33057,8046267.365513401,9438635.106721697,True
development,0.032680006553521476,B2-rank6-q8-r1-K2,2900445151.5000005,33004,9438635.106721697,12982337.718750477,True
development,0.032680006553521476,B2-rank6-q8-r2-K4,2913427489.218751,33003,12982337.718750477,17317183.406249046,True
development,0.032680006553521476,B2-rank6-q8-r4-K2,2930744672.625,33002,17317183.406249046,84268969.90625048,True
development,0.032680006553521476,B2-rank6-q8-r16-K4,3015013642.5312505,33001,84268969.90625048,MISSING,True
development,0.03300797651297513,B2-rank3-q1-r4-K2,362058788.4375,56930,0.0,1791.9069327730692,True
development,0.03300797651297513,B2-rank3-q1-r8-K2,367389711.5624999,53955,1791.9069327730692,5516.273095479183,True
development,0.03300797651297513,B2-rank3-q2-r4-K4,460002420.5624999,37166,5516.273095479183,23049.935615578128,True
development,0.03300797651297513,B2-rank3-q2-r8-K2,482937106.5000001,36171,23049.935615578128,101616.23236196295,True
development,0.03300797651297513,B2-rank3-q2-r16-K4,532627444.125,35682,101616.23236196295,141894.92153748416,True
development,0.03300797651297513,B2-rank3-q4-r8-K4,867641353.8750001,33321,141894.92153748416,515692.0816666656,True
development,0.03300797651297513,B2-rank3-q4-r16-K2,983672072.2499999,33096,515692.0816666656,1350370.254784971,True
development,0.03300797651297513,B2-rank3-q8-r8-K2,1698017937.0312495,32567,1350370.254784971,1936045.666761368,True
development,0.03300797651297513,B2-rank3-q8-r16-K4,1910982960.375,32457,1936045.666761368,8030116.232954554,True
development,0.03300797651297513,B2-rank3-q8-r32-K2,2352639353.1875005,32402,8030116.232954554,9249874.22523585,True
development,0.03300797651297513,B2-rank6-q8-r1-K2,2842882687.1250005,32349,9249874.22523585,14847334.781249762,True
development,0.03300797651297513,B2-rank6-q8-r4-K2,2872577356.6875,32347,14847334.781249762,MISSING,True
development,0.0333392379128429,B2-rank3-q1-r4-K2,352735440.75,55464,0.0,1799.0082009668097,True
development,0.0333392379128429,B2-rank3-q1-r8-K2,357945368.4999999,52568,1799.0082009668097,5721.418879854069,True
development,0.0333392379128429,B2-rank3-q2-r4-K4,450472154.6249999,36396,5721.418879854069,23064.35151437396,True
development,0.0333392379128429,B2-rank3-q2-r8-K2,472936833.0000001,35422,23064.35151437396,101829.37029288679,True
development,0.0333392379128429,B2-rank3-q2-r16-K4,521611272.0,34944,101829.37029288679,143668.80681818188,True
development,0.0333392379128429,B2-rank3-q4-r8-K4,850325502.0000001,32656,143668.80681818188,512030.4101914404,True
development,0.0333392379128429,B2-rank3-q4-r16-K2,963996253.0624999,32434,512030.4101914404,1367952.9060058587,True
development,0.0333392379128429,B2-rank3-q8-r8-K2,1664388140.9374995,31922,1367952.9060058587,1914475.137041289,True
development,0.0333392379128429,B2-rank3-q8-r16-K4,1873065930.875,31813,1914475.137041289,8016418.125578713,True
development,0.0333392379128429,B2-rank3-q8-r32-K2,2305952509.6562505,31759,8016418.125578713,9482060.32812501,True
development,0.0333392379128429,B2-rank6-q8-r2-K4,2799019646.718751,31707,9482060.32812501,42525577.15624952,True
development,0.0333392379128429,B2-rank6-q8-r8-K4,2841545223.8750005,31706,42525577.15624952,1048721686.1249995,True
development,0.0333392379128429,B0-rank9-q8-r0-K0,3890266910.0,31705,1048721686.1249995,MISSING,True
development,0.03367382378535745,B2-rank3-q1-r4-K2,343704640.125,54044,0.0,1792.4729550282864,True
development,0.03367382378535745,B2-rank3-q1-r8-K2,348766583.7499999,51220,1792.4729550282864,5932.080789355418,True
development,0.03367382378535745,B2-rank3-q2-r4-K4,441164674.1249999,35644,5932.080789355418,23059.60259433987,True
development,0.03367382378535745,B2-rank3-q2-r8-K2,463163535.0000001,34690,23059.60259433987,101610.8119669507,True
development,0.03367382378535745,B2-rank3-q2-r16-K4,510819005.8125,34221,101610.8119669507,145402.66492899013,True
development,0.03367382378535745,B2-rank3-q4-r8-K4,833322116.6250001,32003,145402.66492899013,513430.51699308644,True
development,0.03367382378535745,B2-rank3-q4-r16-K2,944736538.8124999,31786,513430.51699308644,1381584.460072937,True
development,0.03367382378535745,B2-rank3-q8-r8-K2,1631384015.4687495,31289,1381584.460072937,1930086.501474061,True
development,0.03367382378535745,B2-rank3-q8-r16-K4,1835973184.625,31183,1930086.501474061,8005830.02476416,True
development,0.03367382378535745,B2-rank3-q8-r32-K2,2260282175.9375005,31130,8005830.02476416,9292515.865384625,True
development,0.03367382378535745,B2-rank6-q8-r2-K4,2743493000.937501,31078,9292515.865384625,193647682.65624905,True
development,0.03367382378535745,B2-rank6-q8-r32-K2,2937140683.59375,31077,193647682.65624905,MISSING,True
development,0.03401176749425622,B2-rank3-q1-r4-K2,334928228.25,52664,0.0,1795.2553389676048,True
development,0.03401176749425622,B2-rank3-q1-r8-K2,339866975.6874999,49913,1795.2553389676048,6142.60112413368,True
development,0.03401176749425622,B2-rank3-q2-r4-K4,432042848.1562499,34907,6142.60112413368,23031.347426470842,True
development,0.03401176749425622,B2-rank3-q2-r8-K2,453577158.0000001,33972,23031.347426470842,101939.76992358052,True
development,0.03401176749425622,B2-rank3-q2-r16-K4,500265572.625,33514,101939.76992358052,147090.49930265,True
development,0.03401176749425622,B2-rank3-q4-r8-K4,816657236.6250001,31363,147090.49930265,512564.5507629097,True
development,0.03401176749425622,B2-rank3-q4-r16-K2,925833485.9374999,31150,512564.5507629097,1399634.5403456334,True
development,0.03401176749425622,B2-rank3-q8-r8-K2,1599057699.8437495,30669,1399634.5403456334,1928166.0291466392,True
development,0.03401176749425622,B2-rank3-q8-r16-K4,1799586966.875,30565,1928166.0291466392,7845727.577830197,True
development,0.03401176749425622,B2-rank3-q8-r32-K2,2215410528.5000005,30512,7845727.577830197,9474068.72375001,True
development,0.03401176749425622,B2-rank6-q8-r2-K4,2689113964.687501,30462,9474068.72375001,1048511657.312499,True
development,0.03401176749425622,B0-rank9-q8-r0-K0,3737625622.0,30461,1048511657.312499,MISSING,True
development,0.03435310273810844,B2-rank3-q1-r4-K2,326412564.84375,51325,0.0,1792.2232359246386,True
development,0.03435310273810844,B2-rank3-q1-r8-K2,331219307.5624999,48643,1792.2232359246386,6355.468886170286,True
development,0.03435310273810844,B2-rank3-q2-r4-K4,423106676.7187499,34185,6355.468886170286,23057.626536885506,True
development,0.03435310273810844,B2-rank3-q2-r8-K2,444204405.0000001,33270,23057.626536885506,101818.96060690397,True
development,0.03435310273810844,B2-rank3-q2-r16-K4,489921118.3125,32821,101818.96060690397,148961.50794745688,True
development,0.03435310273810844,B2-rank3-q4-r8-K4,800356900.8750001,30737,148961.50794745688,511912.1393540658,True
development,0.03435310273810844,B2-rank3-q4-r16-K2,907346537.9999999,30528,511912.1393540658,1413298.7512714125,True
development,0.03435310273810844,B2-rank3-q8-r8-K2,1567357054.8437495,30061,1413298.7512714125,1926962.9684436321,True
development,0.03435310273810844,B2-rank3-q8-r16-K4,1763907277.625,29959,1926962.9684436321,7993100.259803931,True
development,0.03435310273810844,B2-rank3-q8-r32-K2,2171555390.8750005,29908,7993100.259803931,9234735.714285715,True
development,0.03435310273810844,B2-rank6-q8-r1-K2,2624057440.8750005,29859,9234735.714285715,25888641.40625,True
development,0.03435310273810844,B2-rank6-q8-r8-K4,2675834723.6875005,29857,25888641.40625,MISSING,True
development,0.034697863553675365,B2-rank3-q1-r4-K2,318132211.03125,50023,0.0,1795.3954625908461,True
development,0.034697863553675365,B2-rank3-q1-r8-K2,322823579.3749999,47410,1795.3954625908461,6571.312713103869,True
development,0.034697863553675365,B2-rank3-q2-r4-K4,414368536.7812499,33479,6571.312713103869,23061.81665039089,True
development,0.034697863553675365,B2-rank3-q2-r8-K2,435031924.5000001,32583,23061.81665039089,101746.92144886336,True
development,0.034697863553675365,B2-rank3-q2-r16-K4,479800569.9375,32143,101746.92144886336,150776.46618193077,True
development,0.034697863553675365,B2-rank3-q4-r8-K4,784369031.6250001,30123,150776.46618193077,514102.6548713224,True
development,0.034697863553675365,B2-rank3-q4-r16-K2,889245973.2187499,29919,514102.6548713224,1425189.6635462546,True
development,0.034697863553675365,B2-rank3-q8-r8-K2,1536282080.4687495,29465,1425189.6635462546,1926520.3640625048,True
development,0.034697863553675365,B2-rank3-q8-r16-K4,1728934116.875,29365,1926520.3640625048,7991296.453125009,True
development,0.034697863553675365,B2-rank3-q8-r32-K2,2128498939.5312505,29315,7991296.453125009,9286427.515943887,True
development,0.034697863553675365,B2-rank6-q8-r2-K4,2583533887.812501,29266,9286427.515943887,MISSING,True
development,0.03504608431930436,B2-rank3-q1-r4-K2,310099886.25,48760,0.0,1795.4831910089833,True
development,0.03504608431930436,B2-rank3-q1-r8-K2,314672981.9374999,46213,1795.4831910089833,6787.627921104573,True
development,0.03504608431930436,B2-rank3-q2-r4-K4,405803674.4062499,32787,6787.627921104573,23081.745260832657,True
development,0.03504608431930436,B2-rank3-q2-r8-K2,426046365.0000001,31910,23081.745260832657,101994.33139534856,True
development,0.03504608431930436,B2-rank3-q2-r16-K4,469903927.5,31480,101994.33139534856,152521.5423047474,True
development,0.03504608431930436,B2-rank3-q4-r8-K4,768693628.8750001,29521,152521.5423047474,513893.5957812488,True
development,0.03504608431930436,B2-rank3-q4-r16-K2,871472348.0312499,29321,513893.5957812488,1441728.2470170446,True
development,0.03504608431930436,B2-rank3-q8-r8-K2,1505832776.7187495,28881,1441728.2470170446,1926884.7745535763,True
development,0.03504608431930436,B2-rank3-q8-r16-K4,1694667484.625,28783,1926884.7745535763,7992781.585459193,True
development,0.03504608431930436,B2-rank3-q8-r32-K2,2086313782.3125005,28734,7992781.585459193,9452919.036684783,True
development,0.03504608431930436,B2-rank6-q8-r1-K2,2521148058.0000005,28688,9452919.036684783,11273066.843750477,True
development,0.03504608431930436,B2-rank6-q8-r2-K4,2532421124.843751,28687,11273066.843750477,15040898.031249046,True
development,0.03504608431930436,B2-rank6-q8-r4-K2,2547462022.875,28686,15040898.031249046,163606629.46875,True
development,0.03504608431930436,B2-rank6-q8-r32-K2,2711068652.34375,28685,163606629.46875,MISSING,True
development,0.03539779975835689,B2-rank3-q1-r4-K2,302296511.34375,47533,0.0,1795.161309403899,True
development,0.03539779975835689,B2-rank3-q1-r8-K2,306753896.8749999,45050,1795.161309403899,7006.99920305255,True
development,0.03539779975835689,B2-rank3-q2-r4-K4,397424466.5624999,32110,7006.99920305255,23077.13613213066,True
development,0.03539779975835689,B2-rank3-q2-r8-K2,417247726.5000001,31251,23077.13613213066,101750.43438981015,True
development,0.03539779975835689,B2-rank3-q2-r16-K4,460186409.8125,30829,101750.43438981015,154544.18644570382,True
development,0.03539779975835689,B2-rank3-q4-r8-K4,753356731.5000001,28932,154544.18644570382,511160.67369923735,True
development,0.03539779975835689,B2-rank3-q4-r16-K2,854055384.2187499,28735,511160.67369923735,1456444.0753073762,True
development,0.03539779975835689,B2-rank3-q8-r8-K2,1475957004.3749995,28308,1456444.0753073762,1928036.449218755,True
development,0.03539779975835689,B2-rank3-q8-r16-K4,1661048503.5,28212,1928036.449218755,7997475.16406251,True
development,0.03539779975835689,B2-rank3-q8-r32-K2,2044927311.3750005,28164,7997475.16406251,9471468.933333334,True
development,0.03539779975835689,B2-rank6-q8-r1-K2,2471143413.3750005,28119,9471468.933333334,11047725.062500477,True
development,0.03539779975835689,B2-rank6-q8-r2-K4,2482191138.437501,28118,11047725.062500477,14740803.874999046,True
development,0.03539779975835689,B2-rank6-q8-r4-K2,2496931942.3125,28117,14740803.874999046,MISSING,True
development,0.03575304494267115,B2-rank3-q1-r4-K2,294715726.59375,46341,0.0,1794.2124767657501,True
development,0.03575304494267115,B2-rank3-q1-r8-K2,299059514.9999999,43920,1794.2124767657501,7231.479048893433,True
development,0.03575304494267115,B2-rank3-q2-r4-K4,389243290.2187499,31449,7231.479048893433,23047.589407660616,True
development,0.03575304494267115,B2-rank3-q2-r8-K2,408649360.5000001,30607,23047.589407660616,101836.23395883749,True
development,0.03575304494267115,B2-rank3-q2-r16-K4,450707725.125,30194,101836.23395883749,156303.55251358703,True
development,0.03575304494267115,B2-rank3-q4-r8-K4,738306261.7500001,28354,156303.55251358703,514159.0719401029,True
development,0.03575304494267115,B2-rank3-q4-r16-K2,837024803.5624999,28162,514159.0719401029,1469113.4917921678,True
development,0.03575304494267115,B2-rank3-q8-r8-K2,1446706902.6562495,27747,1469113.4917921678,1930097.3214760688,True
development,0.03575304494267115,B2-rank3-q8-r16-K4,1628136050.875,27653,1930097.3214760688,8005874.121010648,True
development,0.03575304494267115,B2-rank3-q8-r32-K2,2004412134.5625005,27606,8005874.121010648,9495027.583806818,True
development,0.03575304494267115,B2-rank6-q8-r1-K2,2422193348.2500005,27562,9495027.583806818,10827135.656250477,True
development,0.03575304494267115,B2-rank6-q8-r2-K4,2433020483.906251,27561,10827135.656250477,14447038.593749046,True
development,0.03575304494267115,B2-rank6-q8-r4-K2,2447467522.5,27560,14447038.593749046,934076895.5,True
development,0.03575304494267115,B0-rank9-q8-r0-K0,3381544418.0,27559,934076895.5,MISSING,True
development,0.036111855296059196,B2-rank3-q1-r4-K2,287344812.5625,45182,0.0,1795.8536281779157,True
development,0.036111855296059196,B2-rank3-q1-r8-K2,291583027.1249999,42822,1795.8536281779157,7455.299482199302,True
development,0.036111855296059196,B2-rank3-q2-r4-K4,381210637.4999999,30800,7455.299482199302,23031.000000000287,True
development,0.036111855296059196,B2-rank3-q2-r8-K2,400211212.5000001,29975,23031.000000000287,101972.65516707892,True
development,0.036111855296059196,B2-rank3-q2-r16-K4,441408165.1875,29571,101972.65516707892,158250.19254767252,True
development,0.036111855296059196,B2-rank3-q4-r8-K4,723568258.5000001,27788,158250.19254767252,511762.86888227385,True
development,0.036111855296059196,B2-rank3-q4-r16-K2,820291440.7187499,27599,511762.86888227385,1490750.700358478,True
development,0.036111855296059196,B2-rank3-q8-r8-K2,1418082471.5624995,27198,1490750.700358478,1911707.2883064568,True
development,0.036111855296059196,B2-rank3-q8-r16-K4,1595871249.375,27105,1911707.2883064568,8017921.622961967,True
development,0.036111855296059196,B2-rank3-q8-r32-K2,1964695644.0312505,27059,8017921.622961967,9334154.709027788,True
development,0.036111855296059196,B2-rank6-q8-r2-K4,2384732605.937501,27014,9334154.709027788,929816520.062499,True
development,0.036111855296059196,B0-rank9-q8-r0-K0,3314549126.0,27013,929816520.062499,MISSING,True
development,0.036474266597839325,B2-rank3-q1-r4-K2,280190128.96875,44057,0.0,1793.0039503691924,True
development,0.036474266597839325,B2-rank3-q1-r8-K2,284317624.0624999,41755,1793.0039503691924,7683.666860816291,True
development,0.036474266597839325,B2-rank3-q2-r4-K4,373363639.3124999,30166,7683.666860816291,22986.8308868977,True
development,0.036474266597839325,B2-rank3-q2-r8-K2,391959985.5000001,29357,22986.8308868977,102171.13575949337,True
development,0.036474266597839325,B2-rank3-q2-r16-K4,432317584.125,28962,102171.13575949337,160092.0177848468,True
development,0.036474266597839325,B2-rank3-q4-r8-K4,709116682.8750001,27233,160092.0177848468,515368.35954483564,True
development,0.036474266597839325,B2-rank3-q4-r16-K2,803944461.0312499,27049,515368.35954483564,1502653.773397435,True
development,0.036474266597839325,B2-rank3-q8-r8-K2,1389979432.6562495,26659,1502653.773397435,1893649.8800951138,True
development,0.036474266597839325,B2-rank3-q8-r16-K4,1564195221.625,26567,1893649.8800951138,8217786.77627842,True
development,0.036474266597839325,B2-rank3-q8-r32-K2,1925777839.7812505,26523,8217786.77627842,9333199.77252907,True
development,0.036474266597839325,B2-rank6-q8-r1-K2,2327105430.0000005,26480,9333199.77252907,10398629.843750477,True
development,0.036474266597839325,B2-rank6-q8-r2-K4,2337504059.843751,26479,10398629.843750477,81559945.09374952,True
development,0.036474266597839325,B2-rank6-q8-r16-K4,2419064004.9375005,26478,81559945.09374952,829716849.0624995,True
development,0.036474266597839325,B0-rank9-q8-r0-K0,3248780854.0,26477,829716849.0624995,MISSING,True
development,0.03684031498640387,B2-rank3-q1-r4-K2,273226236.9375,42962,0.0,1796.015903520446,True
development,0.03684031498640387,B2-rank3-q1-r8-K2,277256496.6249999,40718,1796.015903520446,7911.998221317343,True
development,0.03684031498640387,B2-rank3-q2-r4-K4,365665164.7499999,29544,7911.998221317343,23047.426991150744,True
development,0.03684031498640387,B2-rank3-q2-r8-K2,383895679.5000001,28753,23047.426991150744,101831.05235180381,True
development,0.03684031498640387,B2-rank3-q2-r16-K4,423406127.8125,28365,101831.05235180381,162019.93261485687,True
development,0.03684031498640387,B2-rank3-q4-r8-K4,694951534.8750001,26689,162019.93261485687,513333.9364640871,True
development,0.03684031498640387,B2-rank3-q4-r16-K2,787864977.3749999,26508,513333.9364640871,1519928.064980158,True
development,0.03684031498640387,B2-rank3-q8-r8-K2,1362397785.9374995,26130,1519928.064980158,1919415.0161516909,True
development,0.03684031498640387,B2-rank3-q8-r16-K4,1533225722.375,26041,1919415.0161516909,8053645.263494329,True
development,0.03684031498640387,B2-rank3-q8-r32-K2,1887586113.9687505,25997,8053645.263494329,9366225.307291666,True
development,0.03684031498640387,B2-rank6-q8-r1-K2,2280967576.8750005,25955,9366225.307291666,10190713.437500477,True
development,0.03684031498640387,B2-rank6-q8-r2-K4,2291158290.312501,25954,10190713.437500477,161704346.40624905,True
development,0.03684031498640387,B2-rank6-q8-r32-K2,2452862636.71875,25953,161704346.40624905,MISSING,True
development,0.037210036962822775,B2-rank3-q1-r4-K2,266465855.90625,41899,0.0,1793.9605841707998,True
development,0.037210036962822775,B2-rank3-q1-r8-K2,270392835.6249999,39710,1793.9605841707998,8144.341203359941,True
development,0.037210036962822775,B2-rank3-q2-r4-K4,358139967.7499999,28936,8144.341203359941,23034.35322580676,True
development,0.037210036962822775,B2-rank3-q2-r8-K2,375991591.5000001,28161,23034.35322580676,101528.0964566926,True
development,0.037210036962822775,B2-rank3-q2-r16-K4,414673796.25,27780,101528.0964566926,164038.80434113307,True
development,0.037210036962822775,B2-rank3-q4-r8-K4,681072814.5000001,26156,164038.80434113307,514516.0485522585,True
development,0.037210036962822775,B2-rank3-q4-r16-K2,772142155.0937499,25979,514516.0485522585,1534734.3747445494,True
development,0.037210036962822775,B2-rank3-q8-r8-K2,1335389670.6249995,25612,1534734.3747445494,1924773.8649425341,True
development,0.037210036962822775,B2-rank3-q8-r16-K4,1502844996.875,25525,1924773.8649425341,8077862.26889536,True
development,0.037210036962822775,B2-rank3-q8-r32-K2,1850193074.4375005,25482,8077862.26889536,9404959.6875,True
development,0.037210036962822775,B2-rank6-q8-r1-K2,2235796421.6250005,25441,9404959.6875,9987153.375000477,True
development,0.037210036962822775,B2-rank6-q8-r2-K4,2245783575.000001,25440,9987153.375000477,13328409.937499046,True
development,0.037210036962822775,B2-rank6-q8-r4-K2,2259111984.9375,25439,13328409.937499046,MISSING,True
development,0.03758346939448338,B2-rank3-q1-r4-K2,259889906.71875,40865,0.0,1793.8759514051103,True
development,0.03758346939448338,B2-rank3-q1-r8-K2,263719831.8749999,38730,1793.8759514051103,8377.619104908563,True
development,0.03758346939448338,B2-rank3-q2-r4-K4,350763294.3749999,28340,8377.619104908563,23036.135869565533,True
development,0.03758346939448338,B2-rank3-q2-r8-K2,368247721.5000001,27581,23036.135869565533,101889.03780241903,True
development,0.03758346939448338,B2-rank3-q2-r16-K4,406150443.5625,27209,101889.03780241903,166045.81770171545,True
development,0.03758346939448338,B2-rank3-q4-r8-K4,667506560.6250001,25635,166045.81770171545,512871.9067887917,True
development,0.03758346939448338,B2-rank3-q4-r16-K2,756746272.4062499,25461,512871.9067887917,1551148.3548103923,True
development,0.03758346939448338,B2-rank3-q8-r8-K2,1308955086.7187495,25105,1551148.3548103923,1908115.7954215172,True
development,0.03758346939448338,B2-rank3-q8-r16-K4,1473053045.125,25019,1908115.7954215172,8106501.624255964,True
development,0.03758346939448338,B2-rank3-q8-r32-K2,1813526113.3437505,24977,8106501.624255964,9230410.601190487,True
development,0.03758346939448338,B2-rank6-q8-r2-K4,2201203358.593751,24935,9230410.601190487,MISSING,True
development,0.03796064951876668,B2-rank3-q1-r4-K2,253492029.65625,39859,0.0,1791.5685759721268,True
development,0.03796064951876668,B2-rank3-q1-r8-K2,257223866.99999994,37776,1791.5685759721268,8615.99506874438,True
development,0.03796064951876668,B2-rank3-q2-r4-K4,343547521.5937499,27757,8615.99506874438,23006.112777218063,True
development,0.03796064951876668,B2-rank3-q2-r8-K2,360664069.5000001,27013,23006.112777218063,101997.85456730737,True
development,0.03796064951876668,B2-rank3-q2-r16-K4,397791288.5625,26649,101997.85456730737,168010.07081422026,True
development,0.03796064951876668,B2-rank3-q4-r8-K4,654174656.6250001,25123,168010.07081422026,514546.7700367633,True
development,0.03796064951876668,B2-rank3-q4-r16-K2,741647607.5312499,24953,514546.7700367633,1564572.6828034671,True
development,0.03796064951876668,B2-rank3-q8-r8-K2,1282989755.7812495,24607,1564572.6828034671,1915001.325520839,True
development,0.03796064951876668,B2-rank3-q8-r16-K4,1443849867.125,24523,1915001.325520839,8139886.916158542,True
development,0.03796064951876668,B2-rank3-q8-r32-K2,1777585230.6875002,24482,8139886.916158542,9268511.358993908,True
development,0.03796064951876668,B2-rank6-q8-r2-K4,2157594196.4062505,24441,9268511.358993908,841242683.5937495,True
development,0.03796064951876668,B0-rank9-q8-r0-K0,2998836880.0,24440,841242683.5937495,MISSING,True
development,0.03834161494676055,B2-rank3-q1-r4-K2,247272224.71875,38881,0.0,1795.339564869493,True
development,0.03834161494676055,B2-rank3-q1-r8-K2,250918559.37499994,36850,1795.339564869493,8851.457433393682,True
development,0.03834161494676055,B2-rank3-q2-r4-K4,336467895.4687499,27185,8851.457433393682,23139.728693182147,True
development,0.03834161494676055,B2-rank3-q2-r8-K2,353267338.5000001,26459,23139.728693182147,101519.3290851952,True
development,0.03834161494676055,B2-rank3-q2-r16-K4,389611258.3125,26101,101519.3290851952,169926.9480152028,True
development,0.03834161494676055,B2-rank3-q4-r8-K4,641103141.3750001,24621,169926.9480152028,516524.2114081311,True
development,0.03834161494676055,B2-rank3-q4-r16-K2,726846160.4687499,24455,516524.2114081311,1579463.2635788687,True
development,0.03834161494676055,B2-rank3-q8-r8-K2,1257545817.0312498,24119,1579463.2635788687,1947512.6323302498,True
development,0.03834161494676055,B2-rank3-q8-r16-K4,1415294340.25,24038,1947512.6323302498,7785797.104166673,True
development,0.03834161494676055,B2-rank3-q8-r32-K2,1742297818.6250002,23996,7785797.104166673,9553076.721955141,True
development,0.03834161494676055,B2-rank6-q8-r2-K4,2114867810.7812507,23957,9553076.721955141,12546266.468749285,True
development,0.03834161494676055,B2-rank6-q8-r4-K2,2127414077.25,23956,12546266.468749285,MISSING,True
development,0.0387264036670101,B2-rank3-q1-r4-K2,241224132.1875,37930,0.0,1792.4016460645512,True
development,0.0387264036670101,B2-rank3-q1-r8-K2,244776672.24999994,35948,1792.4016460645512,9096.113577539958,True
development,0.0387264036670101,B2-rank3-q2-r4-K4,329561546.9062499,26627,9096.113577539958,23042.390033310294,True
development,0.0387264036670101,B2-rank3-q2-r8-K2,345990771.0000001,25914,23042.390033310294,102061.83900429765,True
development,0.0387264036670101,B2-rank3-q2-r16-K4,381610352.8125,25565,102061.83900429765,172059.79066422602,True
development,0.0387264036670101,B2-rank3-q4-r8-K4,628344092.6250001,24131,172059.79066422602,512181.9426448156,True
development,0.0387264036670101,B2-rank3-q4-r16-K2,712341931.2187499,23967,512181.9426448156,1601026.0875961534,True
development,0.0387264036670101,B2-rank3-q8-r8-K2,1232675409.6874998,23642,1601026.0875961534,1932416.250781253,True
development,0.0387264036670101,B2-rank3-q8-r16-K4,1387268709.75,23562,1932416.250781253,8015324.773437506,True
development,0.0387264036670101,B2-rank3-q8-r32-K2,1707881700.6875002,23522,8015324.773437506,9126355.584375013,True
development,0.0387264036670101,B2-rank6-q8-r2-K4,2072935924.0625007,23482,9126355.584375013,MISSING,True
development,0.039115054049305896,B2-rank3-q1-r4-K2,235341392.34375,37005,0.0,1795.3604015778274,True
development,0.039115054049305896,B2-rank3-q1-r8-K2,238811823.99999994,35072,1795.3604015778274,9339.35954181494,True
development,0.039115054049305896,B2-rank3-q2-r4-K4,322791344.9999999,26080,9339.35954181494,23060.785100286874,True
development,0.039115054049305896,B2-rank3-q2-r8-K2,338887773.0000001,25382,23060.785100286874,102005.47368421018,True
development,0.039115054049305896,B2-rank3-q2-r16-K4,373773645.0,25040,102005.47368421018,173989.72672537752,True
development,0.039115054049305896,B2-rank3-q4-r8-K4,615793354.8750001,23649,173989.72672537752,511253.6840062097,True
development,0.039115054049305896,B2-rank3-q4-r16-K2,698105197.9999999,23488,511253.6840062097,1619418.787599206,True
development,0.039115054049305896,B2-rank3-q8-r8-K2,1208222116.0937498,23173,1619418.787599206,1917620.0272943068,True
development,0.039115054049305896,B2-rank3-q8-r16-K4,1359714098.25,23094,1917620.0272943068,8057942.036057699,True
development,0.039115054049305896,B2-rank3-q8-r32-K2,1673973837.6562502,23055,8057942.036057699,9418762.53289475,True
development,0.039115054049305896,B2-rank6-q8-r2-K4,2031886813.9062507,23017,9418762.53289475,12050504.593749285,True
development,0.039115054049305896,B2-rank6-q8-r4-K2,2043937318.5,23016,12050504.593749285,MISSING,True
development,0.03950760484850994,B2-rank3-q1-r4-K2,229617645.46875,36105,0.0,1799.8677884615067,True
development,0.03950760484850994,B2-rank3-q1-r8-K2,233010396.24999994,34220,1799.8677884615067,9583.551579068688,True
development,0.03950760484850994,B2-rank3-q2-r4-K4,316157289.7499999,25544,9583.551579068688,23095.683382137977,True
development,0.03950760484850994,B2-rank3-q2-r8-K2,331931641.5000001,24861,23095.683382137977,101650.49497767822,True
development,0.03950760484850994,B2-rank3-q2-r16-K4,366086207.8125,24525,101650.49497767822,176125.22111461434,True
development,0.03950760484850994,B2-rank3-q4-r8-K4,603503005.8750001,23177,176125.22111461434,513964.32165604946,True
development,0.03950760484850994,B2-rank3-q4-r16-K2,684195404.3749999,23020,513964.32165604946,1634296.7657271237,True
development,0.03950760484850994,B2-rank3-q8-r8-K2,1184290214.6874998,22714,1634296.7657271237,1928791.2102272757,True
development,0.03950760484850994,B2-rank3-q8-r16-K4,1332807137.875,22637,1928791.2102272757,7897049.107371801,True
development,0.03950760484850994,B2-rank3-q8-r32-K2,1640792053.0625002,22598,7897049.107371801,9482166.2052365,True
development,0.03950760484850994,B2-rank6-q8-r2-K4,1991632202.6562507,22561,9482166.2052365,11810007.343749285,True
development,0.03950760484850994,B2-rank6-q8-r4-K2,2003442210.0,22560,11810007.343749285,MISSING,True
development,0.039904095208420254,B2-rank3-q1-r4-K2,224052891.5625,35230,0.0,1791.9988457359807,True
development,0.039904095208420254,B2-rank3-q1-r8-K2,227351961.43749994,33389,1791.9988457359807,9836.276339765795,True
development,0.039904095208420254,B2-rank3-q2-r4-K4,309671758.1249999,25020,9836.276339765795,23040.696828358567,True
development,0.039904095208420254,B2-rank3-q2-r8-K2,325109025.0000001,24350,23040.696828358567,101683.71827507562,True
development,0.039904095208420254,B2-rank3-q2-r16-K4,358562968.3125,24021,101683.71827507562,178182.12581293046,True
development,0.039904095208420254,B2-rank3-q4-r8-K4,591447006.7500001,22714,178182.12581293046,513482.9756493491,True
development,0.039904095208420254,B2-rank3-q4-r16-K2,670523384.9999999,22560,513482.9756493491,1656433.0447635131,True
development,0.039904095208420254,B2-rank3-q8-r8-K2,1160827566.2499998,22264,1656433.0447635131,1915047.7664473716,True
development,0.039904095208420254,B2-rank3-q8-r16-K4,1306371196.5,22188,1915047.7664473716,7944540.5937500065,True
development,0.039904095208420254,B2-rank3-q8-r32-K2,1608263739.0625002,22150,7944540.5937500065,9553009.756944457,True
development,0.039904095208420254,B2-rank6-q8-r2-K4,1952172090.3125007,22114,9553009.756944457,11574256.749999285,True
development,0.039904095208420254,B2-rank6-q8-r4-K2,1963746347.0625,22113,11574256.749999285,MISSING,True
development,0.040304564665674086,B2-rank3-q1-r4-K2,218634411.1875,34378,0.0,1794.2850431514146,True
development,0.040304564665674086,B2-rank3-q1-r8-K2,221856947.12499994,32582,1794.2850431514146,10088.597650928785,True
development,0.040304564665674086,B2-rank3-q2-r4-K4,303322373.1562499,24507,10088.597650928785,22999.850599315432,True
development,0.040304564665674086,B2-rank3-q2-r8-K2,318433275.0000001,23850,22999.850599315432,101772.20962732882,True
development,0.040304564665674086,B2-rank3-q2-r16-K4,351203926.5,23528,101772.20962732882,180305.81679163387,True
development,0.040304564665674086,B2-rank3-q4-r8-K4,579651396.3750001,22261,180305.81679163387,516846.05895833176,True
development,0.040304564665674086,B2-rank3-q4-r16-K2,657178305.2187499,22111,516846.05895833176,1662988.6724697228,True
development,0.040304564665674086,B2-rank3-q8-r8-K2,1137782031.5624998,21822,1662988.6724697228,1928150.269425679,True
development,0.040304564665674086,B2-rank3-q8-r16-K4,1280465151.5,21748,1928150.269425679,7997939.0312500065,True
development,0.040304564665674086,B2-rank3-q8-r32-K2,1576388895.6562502,21711,7997939.0312500065,9361925.098958347,True
development,0.040304564665674086,B2-rank6-q8-r2-K4,1913418199.2187507,21675,9361925.098958347,MISSING,True
development,0.04070905315369044,B2-rank3-q1-r4-K2,213355844.625,33548,0.0,1797.4207334474545,True
development,0.04070905315369044,B2-rank3-q1-r8-K2,216504925.74999994,31796,1797.4207334474545,10342.894266555433,True
development,0.04070905315369044,B2-rank3-q2-r4-K4,297096757.8749999,24004,10342.894266555433,23028.97919906715,True
development,0.04070905315369044,B2-rank3-q2-r8-K2,311904391.50000006,23361,23028.97919906715,101919.65357142838,True
development,0.04070905315369044,B2-rank3-q2-r16-K4,344009082.375,23046,101919.65357142838,182327.95240032556,True
development,0.04070905315369044,B2-rank3-q4-r8-K4,568090135.8750001,21817,182327.95240032556,513183.3921030389,True
development,0.04070905315369044,B2-rank3-q4-r16-K2,644041277.9062499,21669,513183.3921030389,1688948.4270833328,True
development,0.04070905315369044,B2-rank3-q8-r8-K2,1115257889.0624998,21390,1688948.4270833328,1915494.7097602773,True
development,0.04070905315369044,B2-rank3-q8-r16-K4,1255089002.875,21317,1915494.7097602773,8057736.6657986175,True
development,0.04070905315369044,B2-rank3-q8-r32-K2,1545167522.8437502,21281,8057736.6657986175,9439416.052678585,True
development,0.04070905315369044,B2-rank6-q8-r2-K4,1875547084.6875007,21246,9439416.052678585,28465666.249999523,True
development,0.04070905315369044,B2-rank6-q8-r8-K4,1904012750.9375002,21245,28465666.249999523,MISSING,True
development,0.04111760100665206,B2-rank3-q1-r4-K2,208229911.3125,32742,0.0,1791.9263588544363,True
development,0.04111760100665206,B2-rank3-q1-r8-K2,211295897.31249994,31031,1791.9263588544363,10598.273267121003,True
development,0.04111760100665206,B2-rank3-q2-r4-K4,290994912.2812499,23511,10598.273267121003,23074.897804054337,True
development,0.04111760100665206,B2-rank3-q2-r8-K2,305509023.00000006,22882,23074.897804054337,101746.14502427165,True
development,0.04111760100665206,B2-rank3-q2-r16-K4,336948581.8125,22573,101746.14502427165,184740.06917016816,True
development,0.04111760100665206,B2-rank3-q4-r8-K4,556789264.1250001,21383,184740.06917016816,509672.63206335454,True
development,0.04111760100665206,B2-rank3-q4-r16-K2,631201468.4062499,21237,509672.63206335454,1704610.3022370844,True
development,0.04111760100665206,B2-rank3-q8-r8-K2,1093150860.3124998,20966,1704610.3022370844,1930871.6945422569,True
development,0.04111760100665206,B2-rank3-q8-r16-K4,1230242750.625,20895,1930871.6945422569,8124482.0000000065,True
development,0.04111760100665206,B2-rank3-q8-r32-K2,1514599620.6250002,20860,8124482.0000000065,9250930.593750013,True
development,0.04111760100665206,B2-rank6-q8-r2-K4,1838382191.4062507,20825,9250930.593750013,64125129.34374952,True
development,0.04111760100665206,B2-rank6-q8-r16-K4,1902507320.7500002,20824,64125129.34374952,MISSING,True
development,0.04153024896352739,B2-rank3-q1-r4-K2,203237532.09375,31957,0.0,1791.8142028442758,True
development,0.04153024896352739,B2-rank3-q1-r8-K2,206229861.81249994,30287,1791.8142028442758,10856.896050048223,True
development,0.04153024896352739,B2-rank3-q2-r4-K4,285029213.34374994,23029,10856.896050048223,23081.097656250193,True
development,0.04153024896352739,B2-rank3-q2-r8-K2,299247169.50000006,22413,23081.097656250193,101617.76361386119,True
development,0.04153024896352739,B2-rank3-q2-r16-K4,330037351.875,22110,101617.76361386119,187041.9353859498,True
development,0.04153024896352739,B2-rank3-q4-r8-K4,545696703.3750001,20957,187041.9353859498,510017.1437937046,True
development,0.04153024896352739,B2-rank3-q4-r16-K2,618629154.9374999,20814,510017.1437937046,1721992.1277328893,True
development,0.04153024896352739,B2-rank3-q8-r8-K2,1071513084.5312498,20551,1721992.1277328893,1919349.0406250034,True
development,0.04153024896352739,B2-rank3-q8-r16-K4,1205867517.375,20481,1919349.0406250034,7962070.169642864,True
development,0.04153024896352739,B2-rank3-q8-r32-K2,1484539973.3125002,20446,7962070.169642864,9334810.17830883,True
development,0.04153024896352739,B2-rank6-q8-r2-K4,1801923519.3750005,20412,9334810.17830883,MISSING,True
development,0.041947038172132994,B2-rank3-q1-r4-K2,198372347.25,31192,0.0,1791.9347392637671,True
development,0.041947038172132994,B2-rank3-q1-r8-K2,201293200.87499994,29562,1791.9347392637671,11119.783471627408,True
development,0.041947038172132994,B2-rank3-q2-r4-K4,279187284.09374994,22557,11119.783471627408,23103.726212686764,True
development,0.041947038172132994,B2-rank3-q2-r8-K2,293118831.00000006,21954,23103.726212686764,101537.24431818162,True
development,0.041947038172132994,B2-rank3-q2-r16-K4,323275392.5625,21657,101537.24431818162,189017.89292895453,True
development,0.041947038172132994,B2-rank3-q4-r8-K4,534786414.7500001,20538,189017.89292895453,514447.4889838112,True
development,0.041947038172132994,B2-rank3-q4-r16-K2,606294615.7187499,20399,514447.4889838112,1741167.8697303918,True
development,0.041947038172132994,B2-rank3-q8-r8-K2,1050292422.4999998,20144,1741167.8697303918,1937202.3235294153,True
development,0.041947038172132994,B2-rank3-q8-r16-K4,1182022180.5,20076,1937202.3235294153,7803189.0312500065,True
development,0.041947038172132994,B2-rank3-q8-r32-K2,1455133796.5937502,20041,7803189.0312500065,9428046.95928031,True
development,0.041947038172132994,B2-rank6-q8-r2-K4,1766259346.2500005,20008,9428046.95928031,688639567.7499995,True
development,0.041947038172132994,B0-rank9-q8-r0-K0,2454898914.0,20007,688639567.7499995,MISSING,True
development,0.042368010193236626,B2-rank3-q1-r4-K2,193640716.5,30448,0.0,1792.587798554331,True
development,0.042368010193236626,B2-rank3-q1-r8-K2,196492723.68749994,28857,1792.587798554331,11387.187962209733,True
development,0.042368010193236626,B2-rank3-q2-r4-K4,273481501.49999994,22096,11387.187962209733,23022.22043918939,True
development,0.042368010193236626,B2-rank3-q2-r8-K2,287110656.00000006,21504,23022.22043918939,101903.61336206876,True
development,0.042368010193236626,B2-rank3-q2-r16-K4,316662703.875,21214,101903.61336206876,191020.04799723762,True
development,0.042368010193236626,B2-rank3-q4-r8-K4,524110476.00000006,20128,191020.04799723762,515348.34374999866,True
development,0.042368010193236626,B2-rank3-q4-r16-K2,594197850.7499999,19992,515348.34374999866,1754995.501008064,True
development,0.042368010193236626,B2-rank3-q8-r8-K2,1029436734.9999998,19744,1754995.501008064,1956852.276515155,True
development,0.042368010193236626,B2-rank3-q8-r16-K4,1158588985.25,19678,1956852.276515155,7874102.863970595,True
development,0.042368010193236626,B2-rank3-q8-r32-K2,1426308482.6250002,19644,7874102.863970595,9288310.83984375,True
development,0.042368010193236626,B2-rank6-q8-r1-K2,1723534429.5000002,19612,9288310.83984375,64920187.59374988,True
development,0.042368010193236626,B2-rank6-q8-r32-K2,1853374804.6875,19610,64920187.59374988,MISSING,True
development,0.04279320700470147,B2-rank3-q1-r4-K2,189023560.6875,29722,0.0,1798.486589883982,True
development,0.04279320700470147,B2-rank3-q1-r8-K2,191814811.87499994,28170,1798.486589883982,11653.121308602727,True
development,0.04279320700470147,B2-rank3-q2-r4-K4,267874734.65624994,21643,11653.121308602727,23076.44446243544,True
development,0.04279320700470147,B2-rank3-q2-r8-K2,281235996.00000006,21064,23076.44446243544,101930.85475352092,True
development,0.04279320700470147,B2-rank3-q2-r16-K4,310184358.75,20780,101930.85475352092,193242.66702279207,True
development,0.04279320700470147,B2-rank3-q4-r8-K4,513668887.12500006,19727,193242.66702279207,516539.05780075054,True
development,0.04279320700470147,B2-rank3-q4-r16-K2,582368581.8124999,19594,516539.05780075054,1770463.5628890037,True
development,0.04279320700470147,B2-rank3-q8-r8-K2,1009050300.4687498,19353,1770463.5628890037,1947330.9004807728,True
development,0.04279320700470147,B2-rank3-q8-r16-K4,1135626809.0,19288,1947330.9004807728,7952643.103219704,True
development,0.04279320700470147,B2-rank3-q8-r32-K2,1398064031.4062502,19255,7952643.103219704,9340542.333984382,True
development,0.04279320700470147,B2-rank6-q8-r2-K4,1696961386.0937505,19223,9340542.333984382,10049525.281249523,True
development,0.04279320700470147,B2-rank6-q8-r4-K2,1707010911.375,19222,10049525.281249523,MISSING,True
development,0.04322267100567216,B2-rank3-q1-r4-K2,184539958.96875,29017,0.0,1793.8697023416494,True
development,0.04322267100567216,B2-rank3-q1-r8-K2,187259465.43749994,27501,1793.8697023416494,11923.86479328678,True
development,0.04322267100567216,B2-rank3-q2-r4-K4,262391737.49999994,21200,11923.86479328678,23086.00000000021,True
development,0.04322267100567216,B2-rank3-q2-r8-K2,275481499.50000006,20633,23086.00000000021,101591.14919354818,True
development,0.04322267100567216,B2-rank3-q2-r16-K4,303825430.125,20354,101591.14919354818,195696.2540441177,True
development,0.04322267100567216,B2-rank3-q4-r8-K4,503435609.25000006,19334,195696.2540441177,513830.1991889299,True
development,0.04322267100567216,B2-rank3-q4-r16-K2,570747365.3437499,19203,513830.1991889299,1795423.2375268235,True
development,0.04322267100567216,B2-rank3-q8-r8-K2,989080979.6874998,18970,1795423.2375268235,1907627.6105769267,True
development,0.04322267100567216,B2-rank3-q8-r16-K4,1113076774.375,18905,1907627.6105769267,8039095.647460945,True
development,0.04322267100567216,B2-rank3-q8-r32-K2,1370327835.0937502,18873,8039095.647460945,9451605.289314523,True
development,0.04322267100567216,B2-rank6-q8-r2-K4,1663327599.0625005,18842,9451605.289314523,117367693.90624952,True
development,0.04322267100567216,B2-rank6-q8-r32-K2,1780695292.96875,18841,117367693.90624952,MISSING,True
development,0.04365644502080258,B2-rank3-q1-r4-K2,180170832.1875,28330,0.0,1794.4947212837435,True
development,0.04365644502080258,B2-rank3-q1-r8-K2,182826684.37499994,26850,1794.4947212837435,12194.846924309664,True
development,0.04365644502080258,B2-rank3-q2-r4-K4,257020133.06249994,20766,12194.846924309664,23046.190535072157,True
development,0.04365644502080258,B2-rank3-q2-r8-K2,269833815.00000006,20210,23046.190535072157,102139.54825367626,True
development,0.04365644502080258,B2-rank3-q2-r16-K4,297615772.125,19938,102139.54825367626,197972.568503539,True
development,0.04365644502080258,B2-rank3-q4-r8-K4,493410642.37500006,18949,197972.568503539,511265.74224806065,True
development,0.04365644502080258,B2-rank3-q4-r16-K2,559363923.1249999,18820,511265.74224806065,1814658.0102323003,True
development,0.04365644502080258,B2-rank3-q8-r8-K2,969476633.4374998,18594,1814658.0102323003,1929841.3125000037,True
development,0.04365644502080258,B2-rank3-q8-r16-K4,1091056636.125,18531,1929841.3125000037,7878620.79394532,True
development,0.04365644502080258,B2-rank3-q8-r32-K2,1343172501.5312502,18499,7878620.79394532,9330441.019791666,True
development,0.04365644502080258,B2-rank6-q8-r1-K2,1623085732.1250002,18469,9330441.019791666,MISSING,True
development,0.04409457230452617,B2-rank3-q1-r4-K2,175909820.625,27660,0.0,1794.484212802727,True
development,0.04409457230452617,B2-rank3-q1-r8-K2,178502850.31249994,26215,1794.484212802727,12475.64243146603,True
development,0.04409457230452617,B2-rank3-q2-r4-K4,251772298.31249994,20342,12475.64243146603,23089.519646139925,True
development,0.04409457230452617,B2-rank3-q2-r8-K2,264332997.00000006,19798,23089.519646139925,101464.67770522366,True
development,0.04409457230452617,B2-rank3-q2-r16-K4,291525530.625,19530,101464.67770522366,200252.78102189788,True
development,0.04409457230452617,B2-rank3-q4-r8-K4,483567947.62500006,18571,200252.78102189788,513097.67881944304,True
development,0.04409457230452617,B2-rank3-q4-r16-K2,548218255.1562499,18445,513097.67881944304,1826006.8593750019,True
development,0.04409457230452617,B2-rank3-q4-r32-K4,661430680.4375,18383,1826006.8593750019,1839864.461783438,True
development,0.04409457230452617,B2-rank3-q8-r8-K2,950289400.9374998,18226,1839864.461783438,1921923.2026209715,True
development,0.04409457230452617,B2-rank3-q8-r16-K4,1069448639.5,18164,1921923.2026209715,7972561.007056459,True
development,0.04409457230452617,B2-rank3-q8-r32-K2,1316598030.7187502,18133,7972561.007056459,9383079.34583334,True
development,0.04409457230452617,B2-rank6-q8-r2-K4,1598090411.0937505,18103,9383079.34583334,112760721.71874952,True
development,0.04409457230452617,B2-rank6-q8-r32-K2,1710851132.8125,18102,112760721.71874952,MISSING,True
development,0.04453709654536917,B2-rank3-q1-r4-K2,171756924.28125,27007,0.0,1799.892309397121,True
development,0.04453709654536917,B2-rank3-q1-r8-K2,174294772.43749994,25597,1799.892309397121,12754.136285487568,True
development,0.04453709654536917,B2-rank3-q2-r4-K4,246623479.31249994,19926,12754.136285487568,23080.975961538687,True
development,0.04453709654536917,B2-rank3-q2-r8-K2,258925639.50000006,19393,23080.975961538687,101694.63048664099,True
development,0.04453709654536917,B2-rank3-q2-r16-K4,285569632.6875,19131,101694.63048664099,202541.86149193556,True
development,0.04453709654536917,B2-rank3-q4-r8-K4,473933563.87500006,18201,202541.86149193556,510863.51436491794,True
development,0.04453709654536917,B2-rank3-q4-r16-K2,537280639.6562499,18077,510863.51436491794,1818773.349897543,True
development,0.04453709654536917,B2-rank3-q4-r32-K4,648225814.0,18016,1818773.349897543,1863086.774671051,True
development,0.04453709654536917,B2-rank3-q8-r8-K2,931415003.7499998,17864,1863086.774671051,1947296.3458333374,True
development,0.04453709654536917,B2-rank3-q8-r16-K4,1048252784.5,17804,1947296.3458333374,8075967.677083341,True
development,0.04453709654536917,B2-rank3-q8-r32-K2,1290531814.8125002,17774,8075967.677083341,9195563.922916675,True
development,0.04453709654536917,B2-rank6-q8-r2-K4,1566398732.5000005,17744,9195563.922916675,MISSING,True
development,0.044984061870307096,B2-rank3-q1-r4-K2,167724862.59375,26373,0.0,1793.0181195572861,True
development,0.044984061870307096,B2-rank3-q1-r8-K2,170195641.56249994,24995,1793.0181195572861,13032.323260909257,True
development,0.044984061870307096,B2-rank3-q2-r4-K4,241573676.06249994,19518,13032.323260909257,23087.007543103675,True
development,0.044984061870307096,B2-rank3-q2-r8-K2,253625094.00000006,18996,23087.007543103675,101529.68944552506,True
development,0.044984061870307096,B2-rank3-q2-r16-K4,279718224.1875,18739,101529.68944552506,205064.6260405106,True
development,0.044984061870307096,B2-rank3-q4-r8-K4,464481452.25000006,17838,205064.6260405106,513217.7368285114,True
development,0.044984061870307096,B2-rank3-q4-r16-K2,526580798.40624994,17717,513217.7368285114,1843457.190148306,True
development,0.044984061870307096,B2-rank3-q4-r32-K4,635344772.625,17658,1843457.190148306,1888878.142219386,True
development,0.044984061870307096,B2-rank3-q8-r8-K2,913009859.5312498,17511,1888878.142219386,1907653.526562504,True
development,0.044984061870307096,B2-rank3-q8-r16-K4,1027469071.125,17451,1907653.526562504,8189820.092672422,True
development,0.044984061870307096,B2-rank3-q8-r32-K2,1264973853.8125002,17422,8189820.092672422,9317459.772916658,True
development,0.044984061870307096,B2-rank6-q8-r4-K2,1544497647.0,17392,9317459.772916658,MISSING,True
development,0.04543551284916487,B2-rank3-q1-r4-K2,163781836.96875,25753,0.0,1803.2892252603724,True
development,0.04543551284916487,B2-rank3-q1-r8-K2,166205457.68749994,24409,1803.2892252603724,13318.620686802798,True
development,0.04543551284916487,B2-rank3-q2-r4-K4,236647642.49999994,19120,13318.620686802798,23041.151367187733,True
development,0.04543551284916487,B2-rank3-q2-r8-K2,248444712.00000006,18608,23041.151367187733,101877.9853087647,True
development,0.04543551284916487,B2-rank3-q2-r16-K4,274016086.3125,18357,101877.9853087647,207347.3287328376,True
development,0.04543551284916487,B2-rank3-q4-r8-K4,455237651.62500006,17483,207347.3287328376,515941.35407838883,True
development,0.04543551284916487,B2-rank3-q4-r16-K2,516118731.40624994,17365,515941.35407838883,1806116.6647245772,True
development,0.04543551284916487,B2-rank3-q4-r32-K4,622679614.625,17306,1806116.6647245772,1912526.789800995,True
development,0.04543551284916487,B2-rank3-q8-r16-K4,1007097499.375,17105,1912526.789800995,8315237.440848223,True
development,0.04543551284916487,B2-rank3-q8-r32-K2,1239924147.7187502,17077,8315237.440848223,9227488.4609375,True
development,0.04543551284916487,B2-rank6-q8-r1-K2,1498293824.6250002,17049,9227488.4609375,14743541.09375,True
development,0.04543551284916487,B2-rank6-q8-r8-K4,1527780906.8125002,17047,14743541.09375,MISSING,True
development,0.045891494499061165,B2-rank3-q1-r4-K2,159953286.28125,25151,0.0,1787.4577709125022,True
development,0.045891494499061165,B2-rank3-q1-r8-K2,162303793.24999994,23836,1787.4577709125022,13609.64450141962,True
development,0.045891494499061165,B2-rank3-q2-r4-K4,231808247.71874994,18729,13609.64450141962,23079.629303892452,True
development,0.045891494499061165,B2-rank3-q2-r8-K2,243371142.00000006,18228,23079.629303892452,101818.27591463391,True
development,0.045891494499061165,B2-rank3-q2-r16-K4,268418437.875,17982,101818.27591463391,209867.39698937433,True
development,0.045891494499061165,B2-rank3-q4-r8-K4,446176123.12500006,17135,209867.39698937433,514300.6204202576,True
development,0.045891494499061165,B2-rank3-q4-r16-K2,505834995.09374994,17019,514300.6204202576,1800540.094288794,True
development,0.045891494499061165,B2-rank3-q4-r32-K4,610266320.5625,16961,1800540.094288794,1942941.3714561856,True
development,0.045891494499061165,B2-rank3-q8-r16-K4,987196946.625,16767,1942941.3714561856,7865970.415948284,True
development,0.045891494499061165,B2-rank3-q8-r32-K2,1215310088.6875002,16738,7865970.415948284,9380731.358796297,True
development,0.045891494499061165,B2-rank6-q8-r1-K2,1468589835.3750002,16711,9380731.358796297,15342758.999999762,True
development,0.045891494499061165,B2-rank6-q8-r4-K2,1483932594.375,16710,15342758.999999762,MISSING,True
development,0.04635205228889744,B2-rank3-q1-r4-K2,156213771.65625,24563,0.0,1795.8794573265318,True
development,0.04635205228889744,B2-rank3-q1-r8-K2,158517884.99999994,23280,1795.8794573265318,13898.71491105818,True
development,0.04635205228889744,B2-rank3-q2-r4-K4,227080245.65624994,18347,13898.71491105818,23063.418215377023,True
development,0.04635205228889744,B2-rank3-q2-r8-K2,238404384.00000006,17856,23063.418215377023,101808.38978215744,True
development,0.04635205228889744,B2-rank3-q2-r16-K4,262940205.9375,17615,101808.38978215744,212081.0485857665,True
development,0.04635205228889744,B2-rank3-q4-r8-K4,437270827.87500006,16793,212081.0485857665,517597.1980088485,True
development,0.04635205228889744,B2-rank3-q4-r16-K2,495759311.24999994,16680,517597.1980088485,1795536.4769736852,True
development,0.04635205228889744,B2-rank3-q4-r32-K4,598104890.4375,16623,1795536.4769736852,1954951.800595238,True
development,0.04635205228889744,B2-rank3-q8-r16-K4,967590780.75,16434,1954951.800595238,7986196.564732151,True
development,0.04635205228889744,B2-rank3-q8-r32-K2,1191204284.5625002,16406,7986196.564732151,9549874.34375,True
development,0.04635205228889744,B2-rank6-q8-r1-K2,1439501017.5000002,16380,9549874.34375,28412602.0625,True
development,0.04635205228889744,B2-rank6-q8-r8-K4,1467913619.5625002,16379,28412602.0625,MISSING,True
development,0.04681723214389186,B2-rank3-q1-r4-K2,152569652.8125,23990,0.0,1796.3634277732965,True
development,0.04681723214389186,B2-rank3-q1-r8-K2,154820496.18749994,22737,1796.3634277732965,14196.21392868388,True
development,0.04681723214389186,B2-rank3-q2-r4-K4,222451259.34374994,17973,14196.21392868388,23062.741489085485,True
development,0.04681723214389186,B2-rank3-q2-r8-K2,233544438.00000006,17492,23062.741489085485,101358.7571202529,True
development,0.04681723214389186,B2-rank3-q2-r16-K4,257566463.4375,17255,101358.7571202529,214833.39219535183,True
development,0.04681723214389186,B2-rank3-q4-r8-K4,428573843.62500006,16459,214833.39219535183,511501.02204240963,True
development,0.04681723214389186,B2-rank3-q4-r16-K2,485861958.09374994,16347,511501.02204240963,1824243.0210227284,True
development,0.04681723214389186,B2-rank3-q4-r32-K4,586195324.25,16292,1824243.0210227284,1979564.5334699454,True
development,0.04681723214389186,B2-rank3-q8-r16-K4,948455633.875,16109,1979564.5334699454,7826825.052455366,True
development,0.04681723214389186,B2-rank3-q8-r32-K2,1167606735.3437502,16081,7826825.052455366,9358952.078125,True
development,0.04681723214389186,B2-rank6-q8-r1-K2,1410939489.3750002,16055,9358952.078125,MISSING,True
development,0.047287080450158794,B2-rank3-q1-r4-K2,149027289.46875,23433,0.0,1788.6910459183187,True
development,0.047287080450158794,B2-rank3-q1-r8-K2,151218435.99999994,22208,1788.6910459183187,14485.791623669345,True
development,0.047287080450158794,B2-rank3-q2-r4-K4,217896534.84374994,17605,14485.791623669345,23074.450437898344,True
development,0.047287080450158794,B2-rank3-q2-r8-K2,228764601.00000006,17134,23074.450437898344,101937.38717532442,True
development,0.047287080450158794,B2-rank3-q2-r16-K4,252312137.4375,16903,101937.38717532442,217255.12329987055,True
development,0.047287080450158794,B2-rank3-q4-r8-K4,420033092.62500006,16131,217255.12329987055,510359.6798295444,True
development,0.047287080450158794,B2-rank3-q4-r16-K2,476172657.40624994,16021,510359.6798295444,1820907.111689816,True
development,0.047287080450158794,B2-rank3-q4-r32-K4,574501641.4375,15967,1820907.111689816,2006622.0893361582,True
development,0.047287080450158794,B2-rank3-q8-r16-K4,929673751.25,15790,2006622.0893361582,7957173.695601861,True
development,0.047287080450158794,B2-rank3-q8-r32-K2,1144517441.0312502,15763,7957173.695601861,9411847.514423085,True
development,0.047287080450158794,B2-rank6-q8-r2-K4,1389225476.4062505,15737,9411847.514423085,21061398.09374976,True
development,0.047287080450158794,B2-rank6-q8-r8-K4,1410286874.5000002,15736,21061398.09374976,MISSING,True
development,0.04776164405933436,B2-rank3-q1-r4-K2,145561242.75,22888,0.0,1799.549529288653,True
development,0.04776164405933436,B2-rank3-q1-r8-K2,147711704.43749994,21693,1799.549529288653,14789.44570259784,True
development,0.04776164405933436,B2-rank3-q2-r4-K4,213465580.03124994,17247,14789.44570259784,23028.89062500026,True
development,0.04776164405933436,B2-rank3-q2-r8-K2,224104927.50000006,16785,23028.89062500026,102089.82494469,True
development,0.04776164405933436,B2-rank3-q2-r16-K4,247177227.9375,16559,102089.82494469,219295.1292500001,True
development,0.04776164405933436,B2-rank3-q4-r8-K4,411648574.87500006,15809,219295.1292500001,514419.01226635405,True
development,0.04776164405933436,B2-rank3-q4-r16-K2,466691409.18749994,15702,514419.01226635405,1818271.9504716992,True
development,0.04776164405933436,B2-rank3-q4-r32-K4,563059822.5625,15649,1818271.9504716992,2024333.199491279,True
development,0.04776164405933436,B2-rank3-q8-r16-K4,911245132.875,15477,2024333.199491279,8100717.72716347,True
development,0.04776164405933436,B2-rank3-q8-r32-K2,1121863793.7812502,15451,8100717.72716347,9223809.764423085,True
development,0.04776164405933436,B2-rank6-q8-r2-K4,1361682847.6562505,15425,9223809.764423085,MISSING,True
development,0.048240970293248225,B2-rank3-q1-r4-K2,142196951.53125,22359,0.0,1794.9835455907023,True
development,0.048240970293248225,B2-rank3-q1-r8-K2,144293492.31249994,21191,1794.9835455907023,15087.382383321694,True
development,0.048240970293248225,B2-rank3-q2-r4-K4,209108887.03124994,16895,15087.382383321694,22994.428187086356,True
development,0.048240970293248225,B2-rank3-q2-r8-K2,219525363.00000006,16442,22994.428187086356,102291.93580316716,True
development,0.048240970293248225,B2-rank3-q2-r16-K4,242131880.8125,16221,102291.93580316716,221890.57556740034,True
development,0.048240970293248225,B2-rank3-q4-r8-K4,403446329.25000006,15494,221890.57556740034,513734.8800595227,True
development,0.048240970293248225,B2-rank3-q4-r16-K2,457388491.65624994,15389,513734.8800595227,1816257.6039663474,True
development,0.048240970293248225,B2-rank3-q4-r32-K4,551833887.0625,15337,1816257.6039663474,2056594.9943524096,True
development,0.048240970293248225,B2-rank3-q8-r16-K4,893228656.125,15171,2056594.9943524096,7939120.671875009,True
development,0.048240970293248225,B2-rank3-q8-r32-K2,1099645793.5937502,15145,7939120.671875009,9346074.85937499,True
development,0.048240970293248225,B2-rank6-q8-r4-K2,1342643739.9375,15119,9346074.85937499,MISSING,True
development,0.048725106948642405,B2-rank3-q1-r4-K2,138902617.21875,21841,0.0,1794.5346461436814,True
development,0.048725106948642405,B2-rank3-q1-r8-K2,140950181.24999994,20700,1794.5346461436814,15401.5494170282,True
development,0.048725106948642405,B2-rank3-q2-r4-K4,204851209.78124994,16551,15401.5494170282,23058.131419300495,True
development,0.048725106948642405,B2-rank3-q2-r8-K2,215065962.00000006,16108,23058.131419300495,102027.5953341011,True
development,0.048725106948642405,B2-rank3-q2-r16-K4,237205950.1875,15891,102027.5953341011,224426.10718085116,True
development,0.048725106948642405,B2-rank3-q4-r8-K4,395426355.75000006,15186,224426.10718085116,518597.96691176353,True
development,0.048725106948642405,B2-rank3-q4-r16-K2,448323348.37499994,15084,518597.96691176353,1779547.4447115397,True
development,0.048725106948642405,B2-rank3-q4-r32-K4,540859815.5,15032,1779547.4447115397,2065720.6836419753,True
development,0.048725106948642405,B2-rank3-q8-r16-K4,875506566.25,14870,2065720.6836419753,7780164.091346163,True
development,0.048725106948642405,B2-rank3-q8-r32-K2,1077790832.6250002,14844,7780164.091346163,9358952.078125,True
development,0.048725106948642405,B2-rank6-q8-r1-K2,1302405682.5000002,14820,9358952.078125,MISSING,True
development,0.04921410230193737,B2-rank3-q1-r4-K2,135703678.6875,21338,0.0,1784.687219982052,True
development,0.04921410230193737,B2-rank3-q1-r8-K2,137695389.62499997,20222,1784.687219982052,15714.765890094803,True
development,0.04921410230193737,B2-rank3-q2-r4-K4,200680171.31249994,16214,15714.765890094803,22972.75215517269,True
development,0.04921410230193737,B2-rank3-q2-r8-K2,210673318.50000006,15779,22972.75215517269,101790.31161971804,True
development,0.04921410230193737,B2-rank3-q2-r16-K4,232354654.875,15566,101790.31161971804,227577.65487536666,True
development,0.04921410230193737,B2-rank3-q4-r8-K4,387562615.50000006,14884,227577.65487536666,513014.6209777216,True
development,0.04921410230193737,B2-rank3-q4-r16-K2,439377092.21874994,14783,513014.6209777216,1814490.7018750012,True
development,0.04921410230193737,B2-rank3-q4-r32-K4,530101627.3125,14733,1814490.7018750012,2076177.9323575948,True
development,0.04921410230193737,B2-rank3-q8-r16-K4,858137740.625,14575,2076177.9323575948,8265791.407552093,True
development,0.04921410230193737,B2-rank3-q8-r32-K2,1056516734.4062502,14551,8265791.407552093,9172484.665364584,True
development,0.04921410230193737,B2-rank6-q8-r1-K2,1276656366.3750002,14527,9172484.665364584,MISSING,True
development,0.049708005114046064,B2-rank3-q1-r4-K2,132574697.0625,20846,0.0,1794.6927226813316,True
development,0.049708005114046064,B2-rank3-q1-r8-K2,134529117.43749997,19757,1794.6927226813316,16018.140737932363,True
development,0.049708005114046064,B2-rank3-q2-r4-K4,196583394.65624994,15883,16018.140737932363,23068.452573529692,True
development,0.049708005114046064,B2-rank3-q2-r8-K2,206387487.00000006,15458,23068.452573529692,102164.50060096126,True
development,0.049708005114046064,B2-rank3-q2-r16-K4,227637703.125,15250,102164.50060096126,229935.65766616323,True
development,0.049708005114046064,B2-rank3-q4-r8-K4,379855108.50000006,14588,229935.65766616323,512967.4750631301,True
development,0.049708005114046064,B2-rank3-q4-r16-K2,430638888.53124994,14489,512967.4750631301,1777689.0681250012,True
development,0.049708005114046064,B2-rank3-q4-r32-K4,519523341.9375,14439,1777689.0681250012,2116169.1755756577,True
development,0.049708005114046064,B2-rank3-q8-r16-K4,841181056.625,14287,2116169.1755756577,7774080.437500009,True
development,0.049708005114046064,B2-rank3-q8-r32-K2,1035533067.5625002,14262,7774080.437500009,9536392.17968749,True
development,0.049708005114046064,B2-rank6-q8-r4-K2,1264406479.875,14238,9536392.17968749,MISSING,True
development,0.05,B2-rank3-q1-r4-K2,130774896.65625,20563,0.0,1796.4232134543483,True
development,0.05,B2-rank3-q1-r8-K2,132704255.18749997,19489,1796.4232134543483,16208.513015345092,True
development,0.05,B2-rank3-q2-r4-K4,194231770.59374994,15693,16208.513015345092,23061.164062500284,True
development,0.05,B2-rank3-q2-r8-K2,203917459.50000006,15273,23061.164062500284,101322.0489130432,True
development,0.05,B2-rank3-q2-r16-K4,224891123.625,15066,101322.0489130432,231515.84365384624,True
development,0.05,B2-rank3-q4-r8-K4,375376422.00000006,14416,231515.84365384624,517626.4300902049,True
development,0.05,B2-rank3-q4-r16-K2,425586185.71874994,14319,517626.4300902049,1792988.5950255115,True
development,0.05,B2-rank3-q4-r32-K4,513442626.875,14270,1792988.5950255115,2119372.720833333,True
development,0.05,B2-rank3-q8-r16-K4,831348535.0,14120,2119372.720833333,8356706.014945663,True
development,0.05,B2-rank3-q8-r32-K2,1023552773.3437502,14097,8356706.014945663,8883555.63671875,True
development,0.05,B2-rank6-q8-r1-K2,1236758108.6250002,14073,8883555.63671875,MISSING,True
development,0.05020686463523607,B2-rank3-q1-r4-K2,129528391.78125,20367,0.0,1794.5061383928291,True
development,0.05020686463523607,B2-rank3-q1-r8-K2,131437746.31249997,19303,1794.5061383928291,16336.59830016029,True
development,0.05020686463523607,B2-rank3-q2-r4-K4,192585633.74999994,15560,16336.59830016029,23012.303956834818,True
development,0.05020686463523607,B2-rank3-q2-r8-K2,202181764.50000006,15143,23012.303956834818,102027.55974264677,True
development,0.05020686463523607,B2-rank3-q2-r16-K4,222995386.6875,14939,102027.55974264677,232527.1171144861,True
development,0.05020686463523607,B2-rank3-q4-r8-K4,372277795.87500006,14297,232527.1171144861,513108.2255154627,True
development,0.05020686463523607,B2-rank3-q4-r16-K2,422049293.74999994,14200,513108.2255154627,1815575.557291668,True
development,0.05020686463523607,B2-rank3-q4-r32-K4,509196920.5,14152,1815575.557291668,2130552.9662162163,True
development,0.05020686463523607,B2-rank3-q8-r16-K4,824518759.5,14004,2130552.9662162163,7939120.67187501,True
development,0.05020686463523607,B2-rank3-q8-r32-K2,1015057655.6250002,13980,7939120.67187501,9195921.06521739,True
development,0.05020686463523607,B2-rank6-q8-r1-K2,1226563840.1250002,13957,9195921.06521739,MISSING,True
development,0.05071073061004074,B2-rank3-q1-r4-K2,126558403.125,19900,0.0,1791.2241586538175,True
development,0.05071073061004074,B2-rank3-q1-r8-K2,128421276.24999997,18860,1791.2241586538175,16654.923529513402,True
development,0.05071073061004074,B2-rank3-q2-r4-K4,188662134.65624994,15243,16654.923529513402,23057.27412683853,True
development,0.05071073061004074,B2-rank3-q2-r8-K2,198069502.50000006,14835,23057.27412683853,101940.2859374997,True
development,0.05071073061004074,B2-rank3-q2-r16-K4,218457559.6875,14635,101940.2859374997,234990.62088683798,True
development,0.05071073061004074,B2-rank3-q4-r8-K4,364856716.50000006,14012,234990.62088683798,513487.50690789346,True
development,0.05071073061004074,B2-rank3-q4-r16-K2,413638029.65624994,13917,513487.50690789346,1817284.5152925544,True
development,0.05071073061004074,B2-rank3-q4-r32-K4,499050401.875,13870,1817284.5152925544,2146530.884548611,True
development,0.05071073061004074,B2-rank3-q8-r16-K4,808150849.25,13726,2146530.884548611,8493956.431818193,True
development,0.05071073061004074,B2-rank3-q8-r32-K2,995017890.7500002,13704,8493956.431818193,8859185.28125001,True
development,0.05071073061004074,B2-rank6-q8-r2-K4,1207638337.5000005,13680,8859185.28125001,MISSING,True
development,0.051219653282219585,B2-rank3-q1-r4-K2,123658371.375,19444,0.0,1801.1281403940593,True
development,0.051219653282219585,B2-rank3-q1-r8-K2,125486516.43749997,18429,1801.1281403940593,16973.328920552052,True
development,0.051219653282219585,B2-rank3-q2-r4-K4,184825274.34374994,14933,16973.328920552052,23030.187890625297,True
development,0.051219653282219585,B2-rank3-q2-r8-K2,194037349.50000006,14533,23030.187890625297,101897.68144132623,True
development,0.051219653282219585,B2-rank3-q2-r16-K4,214009295.0625,14337,101897.68144132623,237719.4955504968,True
development,0.051219653282219585,B2-rank3-q4-r8-K4,357591870.37500006,13733,237719.4955504968,514120.70833333203,True
development,0.051219653282219585,B2-rank3-q4-r16-K2,405405096.24999994,13640,514120.70833333203,1819884.1385869577,True
development,0.051219653282219585,B2-rank3-q4-r32-K4,489119766.625,13594,1819884.1385869577,2180397.9424460432,True
development,0.051219653282219585,B2-rank3-q8-r16-K4,792195080.625,13455,2180397.9424460432,7959716.37500001,True
development,0.051219653282219585,B2-rank3-q8-r32-K2,975268557.2500002,13432,7959716.37500001,9062892.843750011,True
development,0.051219653282219585,B2-rank6-q8-r2-K4,1183715092.6562505,13409,9062892.843750011,MISSING,True
development,0.051733683399768325,B2-rank3-q1-r4-K2,120828296.53125,18999,0.0,1807.8223700806964,True
development,0.051733683399768325,B2-rank3-q1-r8-K2,122619848.49999997,18008,1807.8223700806964,17295.894449171345,True
development,0.051733683399768325,B2-rank3-q2-r4-K4,181062675.84374994,14629,17295.894449171345,23016.91238839316,True
development,0.051733683399768325,B2-rank3-q2-r8-K2,190085305.50000006,14237,23016.91238839316,101902.5380859372,True
development,0.051733683399768325,B2-rank3-q2-r16-K4,209650592.8125,14045,101902.5380859372,240739.59775641037,True
development,0.051733683399768325,B2-rank3-q4-r8-K4,350483257.50000006,13460,240739.59775641037,515024.5717719767,True
development,0.051733683399768325,B2-rank3-q4-r16-K2,397350493.53124994,13369,515024.5717719767,1823433.8048611125,True
development,0.051733683399768325,B2-rank3-q4-r32-K4,479405014.75,13324,1823433.8048611125,2184336.814338235,True
development,0.051733683399768325,B2-rank3-q8-r16-K4,776474821.5,13188,2184336.814338235,8158184.059659102,True
development,0.051733683399768325,B2-rank3-q8-r32-K2,955954870.8125002,13166,8158184.059659102,9052782.190340908,True
development,0.051733683399768325,B2-rank6-q8-r1-K2,1155116079.0000002,13144,9052782.190340908,MISSING,True
development,0.05225287221997931,B2-rank3-q1-r4-K2,118074538.3125,18566,0.0,1793.7370489690416,True
development,0.05225287221997931,B2-rank3-q1-r8-K2,119814463.24999997,17596,1793.7370489690416,17629.364749234293,True
development,0.05225287221997931,B2-rank3-q2-r4-K4,177374339.15624994,14331,17629.364749234293,23113.271132506838,True
development,0.05225287221997931,B2-rank3-q2-r8-K2,186226722.00000006,13948,23113.271132506838,101966.26595744649,True
development,0.05225287221997931,B2-rank3-q2-r16-K4,205396380.0,13760,101966.26595744649,243148.69542253533,True
development,0.05225287221997931,B2-rank3-q4-r8-K4,343504839.00000006,13192,243148.69542253533,516175.96313202113,True
development,0.05225287221997931,B2-rank3-q4-r16-K2,389444499.71874994,13103,516175.96313202113,1786437.4534722236,True
development,0.05225287221997931,B2-rank3-q4-r32-K4,469834185.125,13058,1786437.4534722236,2223462.9122137404,True
development,0.05225287221997931,B2-rank3-q8-r16-K4,761107826.625,12927,2223462.9122137404,7995290.771306829,True
development,0.05225287221997931,B2-rank3-q8-r32-K2,937004223.5937502,12905,7995290.771306829,9103491.903409101,True
development,0.05225287221997931,B2-rank6-q8-r2-K4,1137281045.4687505,12883,9103491.903409101,MISSING,True
development,0.052777271514552804,B2-rank3-q1-r4-K2,115390737.0,18144,0.0,1793.3030063290826,True
development,0.052777271514552804,B2-rank3-q1-r8-K2,117090788.24999997,17196,1793.3030063290826,17960.0294676806,True
development,0.052777271514552804,B2-rank3-q2-r4-K4,173772641.24999994,14040,17960.0294676806,23037.91156914925,True
development,0.052777271514552804,B2-rank3-q2-r8-K2,182434896.00000006,13664,23037.91156914925,102075.5788043475,True
development,0.052777271514552804,B2-rank3-q2-r16-K4,201216802.5,13480,102075.5788043475,246301.54772727285,True
development,0.052777271514552804,B2-rank3-q4-r8-K4,336682653.75000006,12930,246301.54772727285,511414.3302556805,True
development,0.052777271514552804,B2-rank3-q4-r16-K2,381687114.81249994,12842,511414.3302556805,1790730.0923295468,True
development,0.052777271514552804,B2-rank3-q4-r32-K4,460479238.875,12798,1790730.0923295468,2266784.5803571427,True
development,0.052777271514552804,B2-rank3-q8-r16-K4,746094096.0,12672,2266784.5803571427,7836142.156250011,True
development,0.052777271514552804,B2-rank3-q8-r32-K2,918489223.4375002,12650,7836142.156250011,8921864.531250011,True
development,0.052777271514552804,B2-rank6-q8-r2-K4,1114770243.1250005,12628,8921864.531250011,MISSING,True
development,0.05330693357475939,B2-rank3-q1-r4-K2,112764173.15625,17731,0.0,1797.2168264038555,True
development,0.05330693357475939,B2-rank3-q1-r8-K2,114428395.93749997,16805,1797.2168264038555,18300.5931864754,True
development,0.05330693357475939,B2-rank3-q2-r4-K4,170245205.15624994,13755,18300.5931864754,22975.538871951543,True
development,0.05330693357475939,B2-rank3-q2-r8-K2,178723179.00000006,13386,22975.538871951543,101594.9243784527,True
development,0.05330693357475939,B2-rank3-q2-r16-K4,197111860.3125,13205,101594.9243784527,249254.71611163238,True
development,0.05330693357475939,B2-rank3-q4-r8-K4,329964624.00000006,12672,249254.71611163238,519334.5481617633,True
development,0.05330693357475939,B2-rank3-q4-r16-K2,374108060.59374994,12587,519334.5481617633,1754457.6100852287,True
development,0.05330693357475939,B2-rank3-q4-r32-K4,451304195.4375,12543,1754457.6100852287,2295177.700307377,True
development,0.05330693357475939,B2-rank3-q8-r16-K4,731315874.875,12421,2295177.700307377,7679489.990056829,True
development,0.05330693357475939,B2-rank3-q8-r32-K2,900264654.6562502,12399,7679489.990056829,9381099.0609375,True
development,0.05330693357475939,B2-rank6-q8-r1-K2,1087886635.8750002,12379,9381099.0609375,81979418.81249976,True
development,0.05330693357475939,B2-rank6-q8-r32-K2,1169866054.6875,12378,81979418.81249976,MISSING,True
development,0.05384191121665428,B2-rank3-q1-r4-K2,110207566.21875,17329,0.0,1797.2699240331162,True
development,0.05384191121665428,B2-rank3-q1-r8-K2,111834095.49999997,16424,1797.2699240331162,18631.928927178695,True
development,0.05384191121665428,B2-rank3-q2-r4-K4,166779653.90624994,13475,18631.928927178695,23024.70109072055,True
development,0.05384191121665428,B2-rank3-q2-r8-K2,175091571.00000006,13114,23024.70109072055,101806.98622881323,True
development,0.05384191121665428,B2-rank3-q2-r16-K4,193111407.5625,12937,101806.98622881323,252014.35191005815,True
development,0.05384191121665428,B2-rank3-q4-r8-K4,323402827.50000006,12420,252014.35191005815,514822.21428571286,True
development,0.05384191121665428,B2-rank3-q4-r16-K2,366647893.49999994,12336,514822.21428571286,1802312.9017857157,True
development,0.05384191121665428,B2-rank3-q4-r32-K4,442345035.375,12294,1802312.9017857157,2286901.065625,True
development,0.05384191121665428,B2-rank3-q8-r16-K4,716773163.25,12174,2286901.065625,8285128.484375006,True
development,0.05384191121665428,B2-rank3-q8-r32-K2,882475732.9375001,12154,8285128.484375006,9193995.240625,True
development,0.05384191121665428,B2-rank6-q8-r1-K2,1066355637.7500001,12134,9193995.240625,11116185.56249988,True
development,0.05384191121665428,B2-rank6-q8-r4-K2,1077471823.3125,12133,11116185.56249988,MISSING,True
development,0.05438225778634401,B2-rank3-q1-r4-K2,107708196.75,16936,0.0,1801.9015837103734,True
development,0.05438225778634401,B2-rank3-q1-r8-K2,109301077.74999997,16052,1801.9015837103734,18971.338729831627,True
development,0.05438225778634401,B2-rank3-q2-r4-K4,163388364.46874994,13201,18971.338729831627,23092.65589589269,True
development,0.05438225778634401,B2-rank3-q2-r8-K2,171540072.00000006,12848,23092.65589589269,101411.02370689622,True
development,0.05438225778634401,B2-rank3-q2-r16-K4,189185590.125,12674,101411.02370689622,255061.14820359292,True
development,0.05438225778634401,B2-rank3-q4-r8-K4,316971225.37500006,12173,255061.14820359292,510423.0112951793,True
development,0.05438225778634401,B2-rank3-q4-r16-K2,359336335.31249994,12090,510423.0112951793,1855736.0703125014,True
development,0.05438225778634401,B2-rank3-q4-r32-K4,433565778.125,12050,1855736.0703125014,2299298.613247863,True
development,0.05438225778634401,B2-rank3-q8-r16-K4,702583715.875,11933,2299298.613247863,8119676.335937506,True
development,0.05438225778634401,B2-rank3-q8-r32-K2,864977242.5937501,11913,8119676.335937506,9009946.1765625,True
development,0.05438225778634401,B2-rank6-q8-r1-K2,1045176166.1250001,11893,9009946.1765625,MISSING,True
development,0.0549280271653059,B2-rank3-q1-r4-K2,105272424.46875,16553,0.0,1801.9886791087617,True
development,0.0549280271653059,B2-rank3-q1-r8-K2,106829342.68749997,15689,1801.9886791087617,19318.575528392586,True
development,0.0549280271653059,B2-rank3-q2-r4-K4,160071336.84374994,12933,19318.575528392586,23075.126174133293,True
development,0.0549280271653059,B2-rank3-q2-r8-K2,168055330.50000006,12587,23075.126174133293,101729.43860294082,True
development,0.0549280271653059,B2-rank3-q2-r16-K4,185349335.0625,12417,101729.43860294082,257861.0752314816,True
development,0.0549280271653059,B2-rank3-q4-r8-K4,310669817.62500006,11931,257861.0752314816,506141.07812499854,True
development,0.0549280271653059,B2-rank3-q4-r16-K2,352173386.03124994,11849,506141.07812499854,1865565.5665064119,True
development,0.0549280271653059,B2-rank3-q4-r32-K4,424930443.125,11810,1865565.5665064119,2334143.471238938,True
development,0.0549280271653059,B2-rank3-q8-r16-K4,688688655.375,11697,2334143.471238938,7957656.804687506,True
development,0.0549280271653059,B2-rank3-q8-r32-K2,847841791.4687501,11677,7957656.804687506,9299062.777960526,True
development,0.0549280271653059,B2-rank6-q8-r1-K2,1024523984.2500001,11658,9299062.777960526,10676629.31249988,True
development,0.0549280271653059,B2-rank6-q8-r4-K2,1035200613.5625,11657,10676629.31249988,MISSING,True
development,0.055479273775760854,B2-rank3-q1-r4-K2,102900249.375,16180,0.0,1797.2082100591363,True
development,0.055479273775760854,B2-rank3-q1-r8-K2,104418890.31249997,15335,1797.2082100591363,19661.277204502803,True
development,0.055479273775760854,B2-rank3-q2-r4-K4,156816194.06249994,12670,19661.277204502803,23071.246128318937,True
development,0.055479273775760854,B2-rank3-q2-r8-K2,164637346.50000006,12331,23071.246128318937,102110.65549698759,True
development,0.055479273775760854,B2-rank3-q2-r16-K4,181587715.3125,12165,102110.65549698759,260349.25860699164,True
development,0.055479273775760854,B2-rank3-q4-r8-K4,304472565.37500006,11693,260349.25860699164,515394.9628164542,True
development,0.055479273775760854,B2-rank3-q4-r16-K2,345188767.43749994,11614,515394.9628164542,1827852.397435899,True
development,0.055479273775760854,B2-rank3-q4-r32-K4,416475010.9375,11575,1827852.397435899,2350491.758522727,True
development,0.055479273775760854,B2-rank3-q8-r16-K4,675029104.375,11465,2350491.758522727,8212646.0625000065,True
development,0.055479273775760854,B2-rank3-q8-r32-K2,831069379.5625001,11446,8212646.0625000065,8879556.037500013,True
development,0.055479273775760854,B2-rank6-q8-r2-K4,1008660500.3125004,11426,8879556.037500013,MISSING,True
development,0.05603605258610028,B2-rank3-q1-r4-K2,100578952.03125,15815,0.0,1796.5610245157025,True
development,0.05603605258610028,B2-rank3-q1-r8-K2,102062911.43749997,14989,1796.5610245157025,20032.923737864065,True
development,0.05603605258610028,B2-rank3-q2-r4-K4,153647690.06249994,12414,20032.923737864065,22978.322635135493,True
development,0.05603605258610028,B2-rank3-q2-r8-K2,161299471.50000006,12081,22978.322635135493,102569.05208333296,True
development,0.05603605258610028,B2-rank3-q2-r16-K4,177915657.9375,11919,102569.05208333296,263135.1275927949,True
development,0.05603605258610028,B2-rank3-q4-r8-K4,298431546.37500006,11461,263135.1275927949,511429.3537660241,True
development,0.05603605258610028,B2-rank3-q4-r16-K2,338323035.96874994,11383,511429.3537660241,1790781.1546474374,True
development,0.05603605258610028,B2-rank3-q4-r32-K4,408163501.0,11344,1790781.1546474374,2414850.6345238094,True
development,0.05603605258610028,B2-rank3-q8-r16-K4,661722817.625,11239,2414850.6345238094,7643229.070312506,True
development,0.05603605258610028,B2-rank3-q8-r32-K2,814587399.0312501,11219,7643229.070312506,9431926.810763888,True
development,0.05603605258610028,B2-rank6-q8-r1-K2,984362081.6250001,11201,9431926.810763888,194888808.18749994,True
development,0.05603605258610028,B0-rank9-q8-r0-K0,1374139698.0,11199,194888808.18749994,MISSING,True
development,0.05659841911636728,B2-rank3-q1-r4-K2,98321251.875,15460,0.0,1790.796256188082,True
development,0.05659841911636728,B2-rank3-q1-r8-K2,99768215.24999997,14652,1790.796256188082,20385.73441265059,True
development,0.05659841911636728,B2-rank3-q2-r4-K4,150528693.93749994,12162,20385.73441265059,23005.092216257945,True
development,0.05659841911636728,B2-rank3-q2-r8-K2,158028354.00000003,11836,23005.092216257945,101625.17343749982,True
development,0.05659841911636728,B2-rank3-q2-r16-K4,174288381.75,11676,101625.17343749982,266171.76182432444,True
development,0.05659841911636728,B2-rank3-q4-r8-K4,292468644.00000006,11232,266171.76182432444,521830.2587499984,True
development,0.05659841911636728,B2-rank3-q4-r16-K2,331605913.40624994,11157,521830.2587499984,1801630.553453949,True
development,0.05659841911636728,B2-rank3-q4-r32-K4,400067874.4375,11119,1801630.553453949,2412866.8792475727,True
development,0.05659841911636728,B2-rank3-q8-r16-K4,648593163.0,11016,2412866.8792475727,7888173.4062500065,True
development,0.05659841911636728,B2-rank3-q8-r32-K2,798468457.7187501,10997,7888173.4062500065,8981244.873355275,True
development,0.05659841911636728,B2-rank6-q8-r2-K4,969112110.3125004,10978,8981244.873355275,MISSING,True
development,0.05716642944379286,B2-rank3-q1-r4-K2,96108069.75,15112,0.0,1799.648685044322,True
development,0.05716642944379286,B2-rank3-q1-r8-K2,97527992.56249997,14323,1799.648685044322,20726.9460875882,True
development,0.05716642944379286,B2-rank3-q2-r4-K4,147459205.68749994,11914,20726.9460875882,23159.711674528582,True
development,0.05716642944379286,B2-rank3-q2-r8-K2,154823994.00000003,11596,23159.711674528582,101443.78304140108,True
development,0.05716642944379286,B2-rank3-q2-r16-K4,170750667.9375,11439,101443.78304140108,269561.17892441875,True
development,0.05716642944379286,B2-rank3-q4-r8-K4,286661974.87500006,11009,269561.17892441875,510879.7508333317,True
development,0.05716642944379286,B2-rank3-q4-r16-K2,324977956.18749994,10934,510879.7508333317,1864950.3871527794,True
development,0.05716642944379286,B2-rank3-q4-r32-K4,392116170.125,10898,1864950.3871527794,2412598.987847222,True
development,0.05716642944379286,B2-rank6-q4-r1-K2,478969733.6875,10862,2412598.987847222,2449815.0244140625,True
development,0.05716642944379286,B2-rank3-q8-r16-K4,635757895.25,10798,2449815.0244140625,7730634.3437500065,True
development,0.05716642944379286,B2-rank3-q8-r32-K2,782639947.7812501,10779,7730634.3437500065,9295328.395833347,True
development,0.05716642944379286,B2-rank6-q8-r2-K4,949955858.9062504,10761,9295328.395833347,MISSING,True
development,0.05774014020838788,B2-rank3-q1-r4-K2,93952125.09375,14773,0.0,1791.8511577072152,True
development,0.05774014020838788,B2-rank3-q1-r8-K2,95335434.18749997,14001,1791.8511577072152,21108.643484213917,True
development,0.05774014020838788,B2-rank3-q2-r4-K4,144476356.21874997,11673,21108.643484213917,23109.087439904037,True
development,0.05774014020838788,B2-rank3-q2-r8-K2,151686391.50000003,11361,23109.087439904037,102066.17647058803,True
development,0.05774014020838788,B2-rank3-q2-r16-K4,167302516.5,11208,102066.17647058803,271906.5663875599,True
development,0.05774014020838788,B2-rank3-q4-r8-K4,280959461.25000006,10790,271906.5663875599,514642.0329623271,True
development,0.05774014020838788,B2-rank3-q4-r16-K2,318528329.65624994,10717,514642.0329623271,1827223.8446180571,True
development,0.05774014020838788,B2-rank3-q4-r32-K4,384308388.0625,10681,1827223.8446180571,2425481.6380208335,True
development,0.05774014020838788,B2-rank6-q4-r2-K4,471625727.03125,10645,2425481.6380208335,2443121.493447581,True
development,0.05774014020838788,B2-rank3-q8-r16-K4,623099259.625,10583,2443121.493447581,8000144.9774305625,True
development,0.05774014020838788,B2-rank3-q8-r32-K2,767101869.2187501,10565,8000144.9774305625,9896559.380208334,True
development,0.05774014020838788,B2-rank6-q8-r8-K4,945239938.0625001,10547,9896559.380208334,MISSING,True
development,0.058319608618590896,B2-rank3-q1-r4-K2,91853417.90625,14443,0.0,1789.0603890728082,True
development,0.058319608618590896,B2-rank3-q1-r8-K2,93204158.49999997,13688,1789.0603890728082,21464.85618339254,True
development,0.058319608618590896,B2-rank3-q2-r4-K4,141543014.62499997,11436,21464.85618339254,23188.629098360852,True
development,0.058319608618590896,B2-rank3-q2-r8-K2,148615546.50000003,11131,23188.629098360852,101215.89238410577,True
development,0.058319608618590896,B2-rank3-q2-r16-K4,163899146.25,10980,101215.89238410577,275214.7083333335,True
development,0.058319608618590896,B2-rank3-q4-r8-K4,275361103.12500006,10575,275214.7083333335,518823.762323942,True
development,0.058319608618590896,B2-rank3-q4-r16-K2,312197590.24999994,10504,518823.762323942,1790192.7222222239,True
development,0.058319608618590896,B2-rank3-q4-r32-K4,376644528.25,10468,1790192.7222222239,2454475.2224264704,True
development,0.058319608618590896,B2-rank6-q4-r1-K2,460096685.8125,10434,2454475.2224264704,2511620.040625,True
development,0.058319608618590896,B2-rank3-q8-r16-K4,610793888.25,10374,2511620.040625,7840718.9791666735,True
development,0.058319608618590896,B2-rank3-q8-r32-K2,751926829.8750001,10356,7840718.9791666735,9778159.488970581,True
development,0.058319608618590896,B2-rank6-q8-r4-K2,918155541.1875,10339,9778159.488970581,MISSING,True
development,0.058904892456972856,B2-rank3-q1-r4-K2,89799228.75,14120,0.0,1790.4043021679813,True
development,0.058904892456972856,B2-rank3-q1-r8-K2,91120547.12499997,13382,1790.4043021679813,21481.859986033603,True
development,0.058904892456972856,B2-rank3-q1-r16-K4,98811053.0,13024,21481.859986033603,21920.22091465089,True
development,0.058904892456972856,B2-rank3-q2-r4-K4,138683934.84374997,11205,21920.22091465089,23047.2421875002,True
development,0.058904892456972856,B2-rank3-q2-r8-K2,145598107.50000003,10905,23047.2421875002,101953.95153061204,True
development,0.058904892456972856,B2-rank3-q2-r16-K4,160585338.375,10758,101953.95153061204,278136.38931297726,True
development,0.058904892456972856,B2-rank3-q4-r8-K4,269892939.37500006,10365,278136.38931297726,515611.40848214115,True
development,0.058904892456972856,B2-rank3-q4-r16-K2,305985737.96874994,10295,515611.40848214115,1804995.2366071446,True
development,0.058904892456972856,B2-rank3-q4-r32-K4,369160571.25,10260,1804995.2366071446,2467688.237132353,True
development,0.058904892456972856,B2-rank6-q4-r2-K4,453061971.3125,10226,2467688.237132353,2555474.6502192984,True
development,0.058904892456972856,B2-rank3-q8-r16-K4,598724026.375,10169,2555474.6502192984,7684344.1961805625,True
development,0.058904892456972856,B2-rank3-q8-r32-K2,737042221.9062501,10151,7684344.1961805625,9582840.086397052,True
development,0.058904892456972856,B2-rank6-q8-r4-K2,899950503.375,10134,9582840.086397052,MISSING,True
development,0.0594960500859989,B2-rank3-q1-r4-K2,87789557.625,13804,0.0,1808.1272569444031,True
development,0.0594960500859989,B2-rank3-q1-r8-K2,89091409.24999997,13084,1808.1272569444031,21401.34535256419,True
development,0.0594960500859989,B2-rank3-q1-r16-K4,96603281.46875,12733,21401.34535256419,22376.68459757833,True
development,0.0594960500859989,B2-rank3-q2-r4-K4,135874362.93749997,10978,22376.68459757833,23037.629464285917,True
development,0.0594960500859989,B2-rank3-q2-r8-K2,142647426.00000003,10684,23037.629464285917,101970.9218749998,True
development,0.0594960500859989,B2-rank3-q2-r16-K4,157331238.75,10540,101970.9218749998,281358.77263779537,True
development,0.0594960500859989,B2-rank3-q4-r8-K4,264528931.12500003,10159,281358.77263779537,512519.4447463755,True
development,0.0594960500859989,B2-rank3-q4-r16-K2,299892772.81249994,10090,512519.4447463755,1821404.814338237,True
development,0.0594960500859989,B2-rank3-q4-r32-K4,361820536.5,10056,1821404.814338237,2428870.6619318184,True
development,0.0594960500859989,B2-rank6-q4-r1-K2,441973268.34375,10023,2428870.6619318184,2586741.5764508927,True
development,0.0594960500859989,B2-rank3-q8-r16-K4,586830796.625,9967,2586741.5764508927,8480616.033203132,True
development,0.0594960500859989,B2-rank3-q8-r32-K2,722520653.1562501,9951,8480616.033203132,8865557.36979166,True
development,0.0594960500859989,B2-rank6-q8-r4-K2,882100685.8125,9933,8865557.36979166,MISSING,True
development,0.06009314045384813,B2-rank3-q1-r4-K2,85830764.25,13496,0.0,1807.3327414772305,True
development,0.06009314045384813,B2-rank3-q1-r8-K2,87103126.49999997,12792,1807.3327414772305,21415.426658163353,True
development,0.06009314045384813,B2-rank3-q1-r16-K4,94448617.84375,12449,21415.426658163353,22845.87007161841,True
development,0.06009314045384813,B2-rank3-q2-r4-K4,133126675.87499997,10756,22845.87007161841,23044.535156250207,True
development,0.06009314045384813,B2-rank3-q2-r8-K2,139763502.00000003,10468,23044.535156250207,102044.48537234022,True
development,0.06009314045384813,B2-rank3-q2-r16-K4,154151774.4375,10327,102044.48537234022,284100.8214527028,True
development,0.06009314045384813,B2-rank3-q4-r8-K4,259269078.37500003,9957,284100.8214527028,509553.1824448516,True
development,0.06009314045384813,B2-rank3-q4-r16-K2,293918694.78124994,9889,509553.1824448516,1839567.5520833351,True
development,0.06009314045384813,B2-rank3-q4-r32-K4,354624424.0,9856,1839567.5520833351,2441899.09375,True
development,0.06009314045384813,B2-rank6-q4-r2-K4,435207094.09375,9823,2441899.09375,2641978.484080189,True
development,0.06009314045384813,B2-rank3-q8-r16-K4,575231953.75,9770,2641978.484080189,8311559.636718757,True
development,0.06009314045384813,B2-rank3-q8-r32-K2,708216907.9375001,9754,8311559.636718757,8902507.704044124,True
development,0.06009314045384813,B2-rank6-q8-r2-K4,859559538.9062502,9737,8902507.704044124,MISSING,True
development,0.06069622310029173,B2-rank3-q1-r4-K2,83929208.34375,13197,0.0,1787.3908967390873,True
development,0.06069622310029173,B2-rank3-q1-r8-K2,85162508.06249997,12507,1787.3908967390873,21533.356006736616,True
development,0.06069622310029173,B2-rank3-q1-r16-K4,92354648.96875,12173,21533.356006736616,23235.132185218994,True
development,0.06069622310029173,B2-rank3-q2-r8-K2,136919632.50000003,10255,23235.132185218994,102155.49864130413,True
development,0.06069622310029173,B2-rank3-q2-r16-K4,151017091.3125,10117,102155.49864130413,287978.4631634079,True
development,0.06069622310029173,B2-rank3-q4-r8-K4,254113381.12500003,9759,287978.4631634079,514846.1292613623,True
development,0.06069622310029173,B2-rank3-q4-r16-K2,288093225.65624994,9693,514846.1292613623,1802394.1846590927,True
development,0.06069622310029173,B2-rank3-q4-r32-K4,347572233.75,9660,1802394.1846590927,2405723.48828125,True
development,0.06069622310029173,B2-rank6-q4-r1-K2,424555385.375,9628,2405723.48828125,2677968.4158653845,True
development,0.06069622310029173,B2-rank3-q8-r16-K4,563809743.0,9576,2677968.4158653845,8145077.703125007,True
development,0.06069622310029173,B2-rank3-q8-r32-K2,694130986.2500001,9560,8145077.703125007,9274435.312500007,True
development,0.06069622310029173,B2-rank6-q8-r2-K4,842521951.2500002,9544,9274435.312500007,MISSING,True
development,0.06130535816262994,B2-rank3-q1-r4-K2,82059451.03125,12903,0.0,1795.404905415386,True
development,0.06130535816262994,B2-rank3-q1-r8-K2,83269553.93749997,12229,1795.404905415386,21495.59747706431,True
development,0.06130535816262994,B2-rank3-q1-r16-K4,90298614.3125,11902,21495.59747706431,23655.478795846833,True
development,0.06130535816262994,B2-rank3-q2-r8-K2,134155872.00000003,10048,23655.478795846833,101479.20220588213,True
development,0.06130535816262994,B2-rank3-q2-r16-K4,147957043.5,9912,101479.20220588213,291368.28782420757,True
development,0.06130535816262994,B2-rank3-q4-r8-K4,249061839.37500003,9565,291368.28782420757,512232.0384615371,True
development,0.06130535816262994,B2-rank3-q4-r16-K2,282356921.87499994,9500,512232.0384615371,1822095.1210937519,True
development,0.06130535816262994,B2-rank3-q4-r32-K4,340663965.75,9468,1822095.1210937519,2418660.30078125,True
development,0.06130535816262994,B2-rank6-q4-r2-K4,418061095.375,9436,2418660.30078125,2747363.75,True
development,0.06130535816262994,B2-rank3-q8-r16-K4,552681919.125,9387,2747363.75,7982886.541015632,True
development,0.06130535816262994,B2-rank3-q8-r32-K2,680408103.7812501,9371,7982886.541015632,8857781.130859375,True
development,0.06130535816262994,B2-rank6-q8-r1-K2,822132601.8750001,9355,8857781.130859375,MISSING,True
development,0.061920606381688906,B2-rank3-q1-r4-K2,80240571.46875,12617,0.0,1796.1952295143706,True
development,0.061920606381688906,B2-rank3-q1-r8-K2,81424264.12499997,11958,1796.1952295143706,21473.198242187595,True
development,0.061920606381688906,B2-rank3-q1-r16-K4,88295687.5625,11638,21473.198242187595,24044.85977564104,True
development,0.061920606381688906,B2-rank3-q2-r8-K2,131432166.00000003,9844,24044.85977564104,101688.25516917271,True
development,0.061920606381688906,B2-rank3-q2-r16-K4,144956703.9375,9711,101688.25516917271,295112.34877232154,True
development,0.061920606381688906,B2-rank3-q4-r8-K4,244114453.12500003,9375,295112.34877232154,509766.43896484235,True
development,0.061920606381688906,B2-rank3-q4-r16-K2,276739505.21874994,9311,509766.43896484235,1843874.6703629051,True
development,0.061920606381688906,B2-rank3-q4-r32-K4,333899620.0,9280,1843874.6703629051,2447627.674395161,True
development,0.061920606381688906,B2-rank6-q4-r2-K4,409776077.90625,9249,2447627.674395161,2749055.197265625,True
development,0.061920606381688906,B2-rank3-q8-r16-K4,541730727.375,9201,2749055.197265625,7823269.841796882,True
development,0.061920606381688906,B2-rank3-q8-r32-K2,666903044.8437501,9185,7823269.841796882,9506870.864583341,True
development,0.061920606381688906,B2-rank6-q8-r2-K4,809506107.8125002,9170,9506870.864583341,MISSING,True
development,0.06254202910787746,B2-rank3-q1-r4-K2,78459850.21875,12337,0.0,1801.2099670030593,True
development,0.06254202910787746,B2-rank3-q1-r8-K2,79619829.43749997,11693,1801.2099670030593,21464.704273163035,True
development,0.06254202910787746,B2-rank3-q1-r16-K4,86338281.875,11380,21464.704273163035,24481.134443483294,True
development,0.06254202910787746,B2-rank3-q2-r8-K2,128788569.00000003,9646,24481.134443483294,101087.25715648833,True
development,0.06254202910787746,B2-rank3-q2-r16-K4,142030999.6875,9515,101087.25715648833,297291.08199541294,True
development,0.06254202910787746,B2-rank3-q4-r8-K4,239245183.50000003,9188,297291.08199541294,516061.16431451467,True
development,0.06254202910787746,B2-rank3-q4-r16-K2,271240975.68749994,9126,516061.16431451467,1806523.87903226,True
development,0.06254202910787746,B2-rank3-q4-r32-K4,327243215.9375,9095,1806523.87903226,2479358.640625,True
development,0.06254202910787746,B2-rank6-q4-r2-K4,401623975.15625,9065,2479358.640625,2751748.7785904254,True
development,0.06254202910787746,B2-rank3-q8-r16-K4,530956167.75,9018,2751748.7785904254,8749446.887500009,True
development,0.06254202910787746,B2-rank6-q8-r2-K4,793439574.3750002,8988,8749446.887500009,MISSING,True
development,0.06316968830730468,B2-rank3-q1-r4-K2,76730006.71875,12065,0.0,1784.8544473058164,True
development,0.06316968830730468,B2-rank3-q1-r8-K2,77856249.87499997,11434,1784.8544473058164,21471.069852941273,True
development,0.06316968830730468,B2-rank3-q1-r16-K4,84426397.25,11128,21471.069852941273,24877.99627532779,True
development,0.06316968830730468,B2-rank3-q2-r8-K2,126171675.00000003,9450,24877.99627532779,101393.76269531227,True
development,0.06316968830730468,B2-rank3-q2-r16-K4,139150076.625,9322,101393.76269531227,301759.5937500001,True
development,0.06316968830730468,B2-rank3-q4-r8-K4,234506108.25000003,9006,301759.5937500001,514020.0824795072,True
development,0.06316968830730468,B2-rank3-q4-r16-K2,265861333.28124997,8945,514020.0824795072,1830179.3802083344,True
development,0.06316968830730468,B2-rank3-q4-r32-K4,320766714.6875,8915,1830179.3802083344,2367513.7447916665,True
development,0.06316968830730468,B2-rank6-q4-r1-K2,391792127.03125,8885,2367513.7447916665,2859641.5104166665,True
development,0.06316968830730468,B2-rank3-q8-r16-K4,520475995.0,8840,2859641.5104166665,8019215.072916674,True
development,0.06316968830730468,B2-rank3-q8-r32-K2,640764221.0937501,8825,8019215.072916674,9540055.484375,True
development,0.06316968830730468,B2-rank6-q8-r1-K2,774324997.8750001,8811,9540055.484375,15242069.0,True
development,0.06316968830730468,B2-rank6-q8-r8-K4,789567066.8750001,8810,15242069.0,MISSING,True
development,0.06380364656795913,B2-rank3-q1-r4-K2,75025602.09375,11797,0.0,1798.5768567369646,True
development,0.06380364656795913,B2-rank3-q1-r8-K2,76133525.43749997,11181,1798.5768567369646,21493.33862876264,True
development,0.06380364656795913,B2-rank3-q1-r16-K4,82560033.6875,10882,21493.33862876264,25299.756508009876,True
development,0.06380364656795913,B2-rank3-q2-r8-K2,123621538.50000003,9259,25299.756508009876,101778.00299999976,True
development,0.06380364656795913,B2-rank3-q2-r16-K4,136343788.875,9134,101778.00299999976,303491.30478896113,True
development,0.06380364656795913,B2-rank3-q4-r8-K4,229819110.75000003,8826,303491.30478896113,521216.0248940668,True
development,0.06380364656795913,B2-rank3-q4-r16-K2,260570856.21874997,8767,521216.0248940668,1793043.9447916676,True
development,0.06380364656795913,B2-rank3-q4-r32-K4,314362174.5625,8737,1793043.9447916676,2488181.1774553573,True
development,0.06380364656795913,B2-rank6-q4-r1-K2,384031247.53125,8709,2488181.1774553573,2866845.610085227,True
development,0.06380364656795913,B2-rank3-q8-r16-K4,510172454.375,8665,2866845.610085227,8425571.564732151,True
development,0.06380364656795913,B2-rank3-q8-r32-K2,628130456.2812501,8651,8425571.564732151,9350224.203125,True
development,0.06380364656795913,B2-rank6-q8-r1-K2,759033595.1250001,8637,9350224.203125,14939298.125,True
development,0.06380364656795913,B2-rank6-q8-r8-K4,773972893.2500001,8636,14939298.125,285558876.7499999,True
development,0.06380364656795913,B0-rank9-q8-r0-K0,1059531770.0,8635,285558876.7499999,MISSING,True
development,0.06444396710594981,B2-rank3-q1-r4-K2,73372075.21875,11537,0.0,1804.634707225864,True
development,0.06444396710594981,B2-rank3-q1-r8-K2,74458465.31249997,10935,1804.634707225864,21435.92448805471,True
development,0.06444396710594981,B2-rank3-q1-r16-K4,80739191.1875,10642,21435.92448805471,25723.322810509573,True
development,0.06444396710594981,B2-rank3-q2-r8-K2,121124808.00000003,9072,25723.322810509573,101280.27896341438,True
development,0.06444396710594981,B2-rank3-q2-r16-K4,133582282.3125,8949,101280.27896341438,307651.09165268467,True
development,0.06444396710594981,B2-rank3-q4-r8-K4,225262307.62500003,8651,307651.09165268467,519602.73545258516,True
development,0.06444396710594981,B2-rank3-q4-r16-K2,255399266.28124997,8593,519602.73545258516,1756743.0135416677,True
development,0.06444396710594981,B2-rank3-q4-r32-K4,308101556.6875,8563,1756743.0135416677,2437750.112723214,True
development,0.06444396710594981,B2-rank6-q4-r1-K2,376358559.84375,8535,2437750.112723214,3018191.7903963416,True
development,0.06444396710594981,B2-rank3-q8-r16-K4,500104423.25,8494,3018191.7903963416,7702498.927083341,True
development,0.06444396710594981,B2-rank3-q8-r32-K2,615641907.1562501,8479,7702498.927083341,9402032.357142866,True
development,0.06444396710594981,B2-rank6-q8-r2-K4,747270360.1562502,8465,9402032.357142866,MISSING,True
development,0.06509071377180974,B2-rank3-q1-r4-K2,71756706.65625,11283,0.0,1800.924395161265,True
development,0.06509071377180974,B2-rank3-q1-r8-K2,72817451.12499999,10694,1800.924395161265,21389.657774390296,True
development,0.06509071377180974,B2-rank3-q1-r16-K4,78956282.90625,10407,21389.657774390296,26143.416124917727,True
development,0.06509071377180974,B2-rank3-q2-r8-K2,118668132.00000003,8888,26143.416124917727,102750.24422268882,True
development,0.06509071377180974,B2-rank3-q2-r16-K4,130895411.0625,8769,102750.24422268882,309959.34504310356,True
development,0.06509071377180974,B2-rank3-q4-r8-K4,220783621.12500003,8479,309959.34504310356,508681.01346982655,True
development,0.06509071377180974,B2-rank3-q4-r16-K2,250287119.90624997,8421,508681.01346982655,1846347.8984375012,True
development,0.06509071377180974,B2-rank3-q4-r32-K4,301984861.0625,8393,1846347.8984375012,2450917.1328125,True
development,0.06509071377180974,B2-rank6-q4-r2-K4,370610540.78125,8365,2450917.1328125,3066730.345352564,True
development,0.06509071377180974,B2-rank3-q8-r16-K4,490213024.25,8326,3066730.345352564,8093098.07142858,True
development,0.06509071377180974,B2-rank3-q8-r32-K2,603516397.2500001,8312,8093098.07142858,8980380.5,True
development,0.06509071377180974,B2-rank6-q8-r1-K2,729241724.2500001,8298,8980380.5,MISSING,True
development,0.06574395105686313,B2-rank3-q1-r4-K2,70179496.40625,11035,0.0,1786.8049718370626,True
development,0.06574395105686313,B2-rank3-q1-r8-K2,71210482.87499999,10458,1786.8049718370626,21458.617187500055,True
development,0.06574395105686313,B2-rank3-q1-r16-K4,77218895.6875,10178,21458.617187500055,26561.881845238117,True
development,0.06574395105686313,B2-rank3-q2-r8-K2,116264862.00000003,8708,26561.881845238117,102337.87980769205,True
development,0.06574395105686313,B2-rank3-q2-r16-K4,128238393.9375,8591,102337.87980769205,314895.34352678584,True
development,0.06574395105686313,B2-rank3-q4-r8-K4,216409090.12500003,8311,314895.34352678584,516860.9659598204,True
development,0.06574395105686313,B2-rank3-q4-r16-K2,245353304.21874997,8255,516860.9659598204,1809242.2667410725,True
development,0.06574395105686313,B2-rank3-q4-r32-K4,296012087.6875,8227,1809242.2667410725,2340365.987723214,True
development,0.06574395105686313,B2-rank6-q4-r1-K2,361542335.34375,8199,2340365.987723214,3130419.0008223685,True
development,0.06574395105686313,B2-rank3-q8-r16-K4,480498257.375,8161,3130419.0008223685,7931274.689732151,True
development,0.06574395105686313,B2-rank3-q8-r32-K2,591536103.0312501,8147,7931274.689732151,9030433.94642858,True
development,0.06574395105686313,B2-rank6-q8-r2-K4,717962178.2812502,8133,9030433.94642858,MISSING,True
development,0.06640374409965612,B2-rank3-q1-r4-K2,68634084.75,10792,0.0,1806.5616119005065,True
development,0.06640374409965612,B2-rank3-q1-r8-K2,69651178.93749999,10229,1806.5616119005065,21444.710196167936,True
development,0.06640374409965612,B2-rank3-q1-r16-K4,75527029.53125,9955,21444.710196167936,26976.787398981047,True
development,0.06640374409965612,B2-rank3-q2-r8-K2,113914998.00000003,8532,26976.787398981047,102991.35197368395,True
development,0.06640374409965612,B2-rank3-q2-r16-K4,125656012.125,8418,102991.35197368395,317855.3809742648,True
development,0.06640374409965612,B2-rank3-q4-r8-K4,212112675.75000003,8146,317855.3809742648,506009.54575892753,True
development,0.06640374409965612,B2-rank3-q4-r16-K2,240449210.31249997,8090,506009.54575892753,1839335.7453703715,True
development,0.06640374409965612,B2-rank3-q4-r32-K4,290111275.4375,8063,1839335.7453703715,2472597.0420673075,True
development,0.06640374409965612,B2-rank6-q4-r1-K2,354398798.53125,8037,2472597.0420673075,3067403.265625,True
development,0.06640374409965612,B2-rank3-q8-r16-K4,470960122.625,7999,3067403.265625,7772393.551339294,True
development,0.06640374409965612,B2-rank3-q8-r32-K2,579773632.3437501,7985,7772393.551339294,10075546.981770834,True
development,0.06640374409965612,B2-rank6-q8-r1-K2,700680196.1250001,7973,10075546.981770834,MISSING,True
development,0.06707015869245213,B2-rank3-q1-r4-K2,67120471.6875,10554,0.0,1800.0560344827315,True
development,0.06707015869245213,B2-rank3-q1-r8-K2,68112302.56249999,10003,1800.0560344827315,21547.596207865223,True
development,0.06707015869245213,B2-rank3-q1-r16-K4,73865510.75,9736,21547.596207865223,27436.79451308142,True
development,0.06707015869245213,B2-rank3-q2-r8-K2,111618540.00000003,8360,27436.79451308142,101636.67643805283,True
development,0.06707015869245213,B2-rank3-q2-r16-K4,123103484.4375,8247,101636.67643805283,322398.83483840316,True
development,0.06707015869245213,B2-rank3-q4-r8-K4,207894378.00000003,7984,322398.83483840316,514802.72800925816,True
development,0.06707015869245213,B2-rank3-q4-r16-K2,235693725.31249997,7930,514802.72800925816,1802246.6712962973,True
development,0.06707015869245213,B2-rank3-q4-r32-K4,284354385.4375,7903,1802246.6712962973,2422656.465144231,True
development,0.06707015869245213,B2-rank6-q4-r1-K2,347343453.53125,7877,2422656.465144231,3175390.1067708335,True
development,0.06707015869245213,B2-rank3-q8-r16-K4,461657497.375,7841,3175390.1067708335,7617435.404017866,True
development,0.06707015869245213,B2-rank3-q8-r32-K2,568301593.0312501,7827,7617435.404017866,9874442.1953125,True
development,0.06707015869245213,B2-rank6-q8-r1-K2,686794899.3750001,7815,9874442.1953125,13508966.75,True
development,0.06707015869245213,B2-rank6-q8-r8-K4,700303866.1250001,7814,13508966.75,MISSING,True
development,0.06774326128779243,B2-rank3-q1-r4-K2,65651376.65625,10323,0.0,1799.098040352477,True
development,0.06774326128779243,B2-rank3-q1-r8-K2,66621090.499999985,9784,1799.098040352477,21453.571326335936,True
development,0.06774326128779243,B2-rank3-q1-r16-K4,72241926.1875,9522,21453.571326335936,27919.971287594006,True
development,0.06774326128779243,B2-rank3-q2-r8-K2,109375488.00000003,8192,27919.971287594006,101352.28885135108,True
development,0.06774326128779243,B2-rank3-q2-r16-K4,120625592.0625,8081,101352.28885135108,324721.11254882824,True
development,0.06774326128779243,B2-rank3-q4-r8-K4,203754196.87500003,7825,324721.11254882824,514028.05660377245,True
development,0.06774326128779243,B2-rank3-q4-r16-K2,230997683.87499997,7772,514028.05660377245,1834913.5865384627,True
development,0.06774326128779243,B2-rank3-q4-r32-K4,278705437.125,7746,1834913.5865384627,2435709.1971153845,True
development,0.06774326128779243,B2-rank6-q4-r2-K4,342033876.25,7720,2435709.1971153845,3249930.2352941176,True
development,0.06774326128779243,B2-rank3-q8-r16-K4,452531504.25,7686,3249930.2352941176,7465419.500000008,True
development,0.06774326128779243,B2-rank3-q8-r32-K2,557047377.2500001,7672,7465419.500000008,9677155.854166666,True
development,0.06774326128779243,B2-rank6-q8-r1-K2,673173247.5000001,7660,9677155.854166666,MISSING,True
development,0.06842311900512271,B2-rank3-q1-r4-K2,64220439.9375,10098,0.0,1786.9023437499718,True
development,0.06842311900512271,B2-rank3-q1-r8-K2,65163924.374999985,9570,1786.9023437499718,21484.134033203183,True
development,0.06842311900512271,B2-rank3-q1-r16-K4,70663862.6875,9314,21484.134033203183,28334.84185753108,True
development,0.06842311900512271,B2-rank3-q2-r8-K2,107159139.00000003,8026,28334.84185753108,101086.37442660524,True
development,0.06842311900512271,B2-rank3-q2-r16-K4,118177553.8125,7917,101086.37442660524,330123.95723684225,True
development,0.06842311900512271,B2-rank3-q4-r8-K4,199718171.25000003,7670,330123.95723684225,513506.89062499884,True
development,0.06842311900512271,B2-rank3-q4-r16-K2,226420529.56249997,7618,513506.89062499884,1797842.3437500012,True
development,0.06842311900512271,B2-rank3-q4-r32-K4,273164430.5,7592,1797842.3437500012,2386403.46875,True
development,0.06842311900512271,B2-rank6-q4-r2-K4,335210920.6875,7566,2386403.46875,3386600.705078125,True
development,0.06842311900512271,B2-rank3-q8-r16-K4,443582143.25,7534,3386600.705078125,7316345.839285723,True
development,0.06842311900512271,B2-rank3-q8-r32-K2,546010985.0000001,7520,7316345.839285723,9483687.958333334,True
development,0.06842311900512271,B2-rank6-q8-r1-K2,659815240.5000001,7508,9483687.958333334,MISSING,True
development,0.06910979963748584,B2-rank3-q1-r4-K2,62808582.375,9876,0.0,1810.139441747544,True
development,0.06910979963748584,B2-rank3-q1-r8-K2,63740804.187499985,9361,1810.139441747544,21415.70667330683,True
development,0.06910979963748584,B2-rank3-q1-r16-K4,69116146.5625,9110,21415.70667330683,28762.388081395373,True
development,0.06910979963748584,B2-rank3-q2-r8-K2,104982844.50000003,7863,28762.388081395373,103060.06071428543,True
development,0.06910979963748584,B2-rank3-q2-r16-K4,115804150.875,7758,103060.06071428543,331660.05186722,True
development,0.06910979963748584,B2-rank3-q4-r8-K4,195734223.37500003,7517,331660.05186722,513109.7144607832,True
development,0.06910979963748584,B2-rank3-q4-r16-K2,221902818.81249997,7466,513109.7144607832,1761252.5456730782,True
development,0.06910979963748584,B2-rank3-q4-r32-K4,267695385.0,7440,1761252.5456730782,2471660.65625,True
development,0.06910979963748584,B2-rank6-q4-r1-K2,327015240.75,7416,2471660.65625,3477231.4072580645,True
development,0.06910979963748584,B2-rank3-q8-r16-K4,434809414.375,7385,3477231.4072580645,7727354.596153855,True
development,0.06910979963748584,B2-rank3-q8-r32-K2,535265024.1250001,7372,7727354.596153855,8797711.401442317,True
development,0.06910979963748584,B2-rank6-q8-r2-K4,649635272.3437502,7359,8797711.401442317,MISSING,True
development,0.06980337165828196,B2-rank3-q1-r4-K2,61434883.125,9660,0.0,1805.6302083333037,True
development,0.06980337165828196,B2-rank3-q1-r8-K2,62344920.749999985,9156,1805.6302083333037,21475.281250000062,True
development,0.06980337165828196,B2-rank3-q1-r16-K4,67606364.65625,8911,21475.281250000062,29242.904513888912,True
development,0.06980337165828196,B2-rank3-q2-r8-K2,102873307.50000003,7705,29242.904513888912,101800.90925480741,True
development,0.06980337165828196,B2-rank3-q2-r16-K4,113460602.0625,7601,101800.90925480741,334905.0857371796,True
development,0.06980337165828196,B2-rank3-q4-r8-K4,191828392.12500003,7367,334905.0857371796,512917.6256249988,True
development,0.06980337165828196,B2-rank3-q4-r16-K2,217474273.40624997,7317,512917.6256249988,1872165.3710937512,True
development,0.06980337165828196,B2-rank3-q4-r32-K4,262406242.3125,7293,1872165.3710937512,2421954.17578125,True
development,0.06980337165828196,B2-rank6-q4-r1-K2,320533142.53125,7269,2421954.17578125,3522672.503125,True
development,0.06980337165828196,B2-rank3-q8-r16-K4,426213317.625,7239,3522672.503125,7027025.247767866,True
development,0.06980337165828196,B2-rank3-q8-r32-K2,524591671.0937501,7225,7027025.247767866,9663270.393229157,True
development,0.06980337165828196,B2-rank6-q8-r4-K2,640550915.8125,7213,9663270.393229157,MISSING,True
development,0.07050390422809652,B2-rank3-q1-r4-K2,60099342.1875,9450,0.0,1788.949519230739,True
development,0.07050390422809652,B2-rank3-q1-r8-K2,60983083.249999985,8956,1788.949519230739,21432.695312500062,True
development,0.07050390422809652,B2-rank3-q1-r16-K4,66126930.125,8716,21432.695312500062,29703.122000856925,True
development,0.07050390422809652,B2-rank3-q2-r8-K2,100790473.50000003,7549,29703.122000856925,102834.53465346505,True
development,0.07050390422809652,B2-rank3-q2-r16-K4,111176761.5,7448,102834.53465346505,338546.0567180618,True
development,0.07050390422809652,B2-rank3-q4-r8-K4,188026716.37500003,7221,338546.0567180618,524325.4277343737,True
development,0.07050390422809652,B2-rank3-q4-r16-K2,213194336.90624997,7173,524325.4277343737,1759788.9537500013,True
development,0.07050390422809652,B2-rank3-q4-r32-K4,257189060.75,7148,1759788.9537500013,2478011.7948369565,True
development,0.07050390422809652,B2-rank6-q4-r1-K2,314183332.03125,7125,2478011.7948369565,3451721.453125,True
development,0.07050390422809652,B2-rank3-q8-r16-K4,417734975.625,7095,3451721.453125,8045531.80468751,True
development,0.07050390422809652,B2-rank3-q8-r32-K2,514281357.2812501,7083,8045531.80468751,8927467.7578125,True
development,0.07050390422809652,B2-rank6-q8-r1-K2,621410970.3750001,7071,8927467.7578125,MISSING,True
development,0.07121146720159666,B2-rank3-q1-r4-K2,58789240.125,9244,0.0,1793.067417184234,True
development,0.07121146720159666,B2-rank3-q1-r8-K2,59655291.687499985,8761,1793.067417184234,21404.843085106448,True
development,0.07121146720159666,B2-rank3-q1-r16-K4,64685429.8125,8526,21404.843085106448,30182.121955270177,True
development,0.07121146720159666,B2-rank3-q2-r8-K2,98761045.50000003,7397,30182.121955270177,101617.29562499971,True
development,0.07121146720159666,B2-rank3-q2-r16-K4,108922775.0625,7297,101617.29562499971,344202.6583904111,True
development,0.07121146720159666,B2-rank3-q4-r8-K4,184303157.25000003,7078,344202.6583904111,513353.4361979154,True
development,0.07121146720159666,B2-rank3-q4-r16-K2,208944122.18749997,7030,513353.4361979154,1797320.7786458347,True
development,0.07121146720159666,B2-rank3-q4-r32-K4,252079820.875,7006,1797320.7786458347,2427908.368206522,True
development,0.07121146720159666,B2-rank6-q4-r1-K2,307921713.34375,6983,2427908.368206522,3500398.358836207,True
development,0.07121146720159666,B2-rank3-q8-r16-K4,409433265.75,6954,3500398.358836207,7884198.79687501,True
development,0.07121146720159666,B2-rank3-q8-r32-K2,504043651.3125001,6942,7884198.79687501,9800798.559659101,True
development,0.07121146720159666,B2-rank6-q8-r2-K4,611852435.4687502,6931,9800798.559659101,MISSING,True
development,0.07192613113449682,B2-rank3-q1-r4-K2,57510936.65625,9043,0.0,1783.9328091965858,True
development,0.07192613113449682,B2-rank3-q1-r8-K2,58354736.874999985,8570,1783.9328091965858,21515.837745633253,True
development,0.07192613113449682,B2-rank3-q1-r16-K4,63281863.71875,8341,21515.837745633253,30640.26375228731,True
development,0.07192613113449682,B2-rank3-q2-r8-K2,96771672.00000003,7248,30640.26375228731,101600.2538265303,True
development,0.07192613113449682,B2-rank3-q2-r16-K4,106728496.875,7150,101600.2538265303,346963.281690141,True
development,0.07192613113449682,B2-rank3-q4-r8-K4,180631675.87500003,6937,346963.281690141,513859.50930850935,True
development,0.07192613113449682,B2-rank3-q4-r16-K2,204783072.81249997,6890,513859.50930850935,1760811.221354168,True
development,0.07192613113449682,B2-rank3-q4-r32-K4,247042542.125,6866,1760811.221354168,2488629.102272727,True
development,0.07192613113449682,B2-rank6-q4-r1-K2,301792382.375,6844,2488629.102272727,3554135.9151785714,True
development,0.07192613113449682,B2-rank3-q8-r16-K4,401308188.0,6816,3554135.9151785714,8898162.375000006,True
development,0.07192613113449682,B2-rank6-q8-r1-K2,597067760.2500001,6794,8898162.375000006,MISSING,True
development,0.07264796729059445,B2-rank3-q1-r4-K2,56258072.0625,8846,0.0,1796.8743235930413,True
development,0.07264796729059445,B2-rank3-q1-r8-K2,57088227.999999985,8384,1796.8743235930413,21519.718750000065,True
development,0.07264796729059445,B2-rank3-q1-r16-K4,61908645.0,8160,21519.718750000065,31109.3648393195,True
development,0.07264796729059445,B2-rank3-q2-r8-K2,94822353.00000003,7102,31109.3648393195,101631.7382812497,True
development,0.07264796729059445,B2-rank3-q2-r16-K4,104578999.875,7006,101631.7382812497,350044.9818840581,True
development,0.07264796729059445,B2-rank3-q4-r8-K4,177038311.12500003,6799,350044.9818840581,514627.7751358683,True
development,0.07264796729059445,B2-rank3-q4-r16-K2,200711188.78124997,6753,514627.7751358683,1885180.7911931833,True
development,0.07264796729059445,B2-rank3-q4-r32-K4,242185166.1875,6731,1885180.7911931833,2391832.3885869565,True
development,0.07264796729059445,B2-rank6-q4-r2-K4,297197311.125,6708,2391832.3885869565,3700819.5625,True
development,0.07264796729059445,B2-rank3-q8-r16-K4,393418619.75,6682,3700819.5625,8268027.809659102,True
development,0.07264796729059445,B2-rank3-q8-r32-K2,484366925.6562501,6671,8268027.809659102,8622832.276041677,True
development,0.07264796729059445,B2-rank6-q8-r2-K4,587840912.9687502,6659,8622832.276041677,MISSING,True
development,0.07337704764887605,B2-rank3-q1-r4-K2,55037006.0625,8654,0.0,1796.349142699082,True
development,0.07337704764887605,B2-rank3-q1-r8-K2,55848955.874999985,8202,1796.349142699082,21537.980736301437,True
development,0.07337704764887605,B2-rank3-q1-r16-K4,60565773.65625,7983,21537.980736301437,31589.17465209964,True
development,0.07337704764887605,B2-rank3-q2-r8-K2,92913088.50000003,6959,31589.17465209964,101714.84640957415,True
development,0.07337704764887605,B2-rank3-q2-r16-K4,102474284.0625,6865,101714.84640957415,353476.5121268658,True
development,0.07337704764887605,B2-rank3-q4-r8-K4,173523063.00000003,6664,353476.5121268658,515675.71319444315,True
development,0.07337704764887605,B2-rank3-q4-r16-K2,196728470.09374997,6619,515675.71319444315,1847059.1235795468,True
development,0.07337704764887605,B2-rank3-q4-r32-K4,237363770.8125,6597,1847059.1235795468,2389400.580965909,True
development,0.07337704764887605,B2-rank6-q4-r1-K2,289930583.59375,6575,2389400.580965909,3679128.6646634615,True
development,0.07337704764887605,B2-rank3-q8-r16-K4,385587928.875,6549,3679128.6646634615,8663651.52130683,True
development,0.07337704764887605,B2-rank6-q8-r2-K4,576188262.3437502,6527,8663651.52130683,MISSING,True
development,0.07411344491069477,B2-rank3-q1-r4-K2,53841378.9375,8466,0.0,1799.8677884615047,True
development,0.07411344491069477,B2-rank3-q1-r8-K2,54636920.499999985,8024,1799.8677884615047,21571.63171728979,True
development,0.07411344491069477,B2-rank3-q1-r16-K4,59253249.6875,7810,21571.63171728979,32033.545677923415,True
development,0.07411344491069477,B2-rank3-q2-r8-K2,91030527.00000003,6818,32033.545677923415,101835.81929347794,True
development,0.07411344491069477,B2-rank3-q2-r16-K4,100399422.375,6726,101835.81929347794,359208.80992268055,True
development,0.07411344491069477,B2-rank3-q4-r8-K4,170085931.50000003,6532,359208.80992268055,517022.3920454532,True
development,0.07411344491069477,B2-rank3-q4-r16-K2,192834916.74999997,6488,517022.3920454532,1809790.926136365,True
development,0.07411344491069477,B2-rank3-q4-r32-K4,232650317.125,6466,1809790.926136365,2341077.397727273,True
development,0.07411344491069477,B2-rank6-q4-r1-K2,284154019.875,6444,2341077.397727273,3909946.984375,True
development,0.07411344491069477,B2-rank3-q8-r16-K4,377992747.5,6420,3909946.984375,7940993.008522738,True
development,0.07411344491069477,B2-rank3-q8-r32-K2,465343670.5937501,6409,7940993.008522738,9701084.778125,True
development,0.07411344491069477,B2-rank6-q8-r1-K2,562354518.3750001,6399,9701084.778125,222692877.62499988,True
development,0.07411344491069477,B0-rank9-q8-r0-K0,785047396.0,6398,222692877.62499988,MISSING,True
development,0.07485723250701984,B2-rank3-q1-r4-K2,52677550.40625,8283,0.0,1788.8486576212126,True
development,0.07485723250701984,B2-rank3-q1-r8-K2,53452121.874999985,7850,1788.8486576212126,21482.687500000073,True
development,0.07485723250701984,B2-rank3-q1-r16-K4,57963486.25,7640,21482.687500000073,32573.39442127219,True
development,0.07485723250701984,B2-rank3-q2-r8-K2,89201371.50000003,6681,32573.39442127219,102032.19374999967,True
development,0.07485723250701984,B2-rank3-q2-r16-K4,98384268.9375,6591,102032.19374999967,363524.72174202144,True
development,0.07485723250701984,B2-rank3-q4-r8-K4,166726916.62500003,6403,363524.72174202144,506224.78053977137,True
development,0.07485723250701984,B2-rank3-q4-r16-K2,189000806.96874997,6359,506224.78053977137,1773091.7088068195,True
development,0.07485723250701984,B2-rank3-q4-r32-K4,228008824.5625,6337,1773091.7088068195,2467664.9196428573,True
development,0.07485723250701984,B2-rank6-q4-r2-K4,279829787.875,6316,2467664.9196428573,3942849.2608695654,True
development,0.07485723250701984,B2-rank3-q8-r16-K4,370515320.875,6293,3942849.2608695654,7782468.505681829,True
development,0.07485723250701984,B2-rank3-q8-r32-K2,456122474.4375001,6282,7782468.505681829,9507107.75625,True
development,0.07485723250701984,B2-rank6-q8-r1-K2,551193552.0000001,6272,9507107.75625,MISSING,True
development,0.07560848460575892,B2-rank3-q1-r4-K2,51539160.75,8104,0.0,1781.6020047169459,True
development,0.07560848460575892,B2-rank3-q1-r8-K2,52294559.999999985,7680,1781.6020047169459,21546.814786585437,True
development,0.07560848460575892,B2-rank3-q1-r16-K4,56711657.03125,7475,21546.814786585437,33032.574777987116,True
development,0.07560848460575892,B2-rank3-q2-r8-K2,87398919.00000003,6546,33032.574777987116,102273.30255681784,True
development,0.07560848460575892,B2-rank3-q2-r16-K4,96398969.625,6458,102273.30255681784,366092.7377049182,True
development,0.07560848460575892,B2-rank3-q4-r8-K4,163393940.62500003,6275,366092.7377049182,520521.95014880813,True
development,0.07560848460575892,B2-rank3-q4-r16-K2,185255862.53124997,6233,520521.95014880813,1737245.9616477287,True
development,0.07560848460575892,B2-rank3-q4-r32-K4,223475273.6875,6211,1737245.9616477287,2476124.0953125,True
development,0.07560848460575892,B2-rank6-q4-r1-K2,272997755.59375,6191,2476124.0953125,3919908.408967391,True
development,0.07560848460575892,B2-rank3-q8-r16-K4,363155649.0,6168,3919908.408967391,8396345.281250011,True
development,0.07560848460575892,B2-rank3-q8-r32-K2,447119101.8125001,6158,8396345.281250011,9317712.86875,True
development,0.07560848460575892,B2-rank6-q8-r1-K2,540296230.5000001,6148,9317712.86875,MISSING,True
development,0.07636727611915388,B2-rank3-q1-r4-K2,50419850.25,7928,0.0,1798.0304951690462,True
development,0.07636727611915388,B2-rank3-q1-r8-K2,51164234.874999985,7514,1798.0304951690462,21484.345615671715,True
development,0.07636727611915388,B2-rank3-q1-r16-K4,55482588.34375,7313,21484.345615671715,33541.63810483874,True
development,0.07636727611915388,B2-rank3-q2-r8-K2,85636521.00000003,6414,33541.63810483874,102580.58720930199,True
development,0.07636727611915388,B2-rank3-q2-r16-K4,94458451.5,6328,102580.58720930199,368992.3019662923,True
development,0.07636727611915388,B2-rank3-q4-r8-K4,160139081.25000003,6150,368992.3019662923,522714.15624999854,True
development,0.07636727611915388,B2-rank3-q4-r16-K2,181570361.65624997,6109,522714.15624999854,1784728.7068452395,True
development,0.07636727611915388,B2-rank3-q4-r32-K4,219049664.5,6088,1784728.7068452395,2426214.73125,True
development,0.07636727611915388,B2-rank6-q4-r1-K2,267573959.125,6068,2426214.73125,4018120.460227273,True
development,0.07636727611915388,B2-rank3-q8-r16-K4,355972609.25,6046,4018120.460227273,8228833.562500006,True
development,0.07636727611915388,B2-rank3-q8-r32-K2,438260944.87500006,6036,8228833.562500006,9131372.7375,True
development,0.07636727611915388,B2-rank6-q8-r1-K2,529574672.25000006,6026,9131372.7375,MISSING,True
development,0.07713368271125066,B2-rank3-q1-r4-K2,49325978.625,7756,0.0,1819.7224628712502,True
development,0.07713368271125066,B2-rank3-q1-r8-K2,50061146.499999985,7352,1819.7224628712502,21435.129600253884,True
development,0.07713368271125066,B2-rank3-q1-r16-K4,54283867.03125,7155,21435.129600253884,34057.82812500004,True
development,0.07713368271125066,B2-rank3-q2-r8-K2,83914177.50000003,6285,34057.82812500004,102958.77455357107,True
development,0.07713368271125066,B2-rank3-q2-r16-K4,92562714.5625,6201,102958.77455357107,372252.1614884395,True
development,0.07713368271125066,B2-rank3-q4-r8-K4,156962338.50000003,6028,372252.1614884395,511755.26448170585,True
development,0.07713368271125066,B2-rank3-q4-r16-K2,177944304.34374997,5987,511755.26448170585,1837585.6046875014,True
development,0.07713368271125066,B2-rank3-q4-r32-K4,214696016.4375,5967,1837585.6046875014,2377116.9015625,True
development,0.07713368271125066,B2-rank6-q4-r1-K2,262238354.46875,5947,2377116.9015625,4336392.3578125,True
development,0.07713368271125066,B2-rank3-q8-r16-K4,348966201.625,5927,4336392.3578125,7325618.363636369,True
development,0.07713368271125066,B2-rank3-q8-r32-K2,429548003.62500006,5916,7325618.363636369,9952083.916666666,True
development,0.07713368271125066,B2-rank6-q8-r1-K2,519116758.87500006,5907,9952083.916666666,10188927.5,True
development,0.07713368271125066,B2-rank6-q8-r8-K4,529305686.37500006,5906,10188927.5,MISSING,True
development,0.0779077808054444,B2-rank3-q1-r4-K2,48263905.59375,7589,0.0,1804.4951862373362,True
development,0.0779077808054444,B2-rank3-q1-r8-K2,48978485.687499985,7193,1804.4951862373362,21395.961463730648,True
development,0.0779077808054444,B2-rank3-q1-r16-K4,53107906.25,7000,21395.961463730648,34573.19566508317,True
development,0.0779077808054444,B2-rank3-q2-r8-K2,82218537.00000003,6158,34573.19566508317,103393.83841463378,True
development,0.0779077808054444,B2-rank3-q2-r16-K4,90696831.75,6076,103393.83841463378,375838.3437500002,True
development,0.0779077808054444,B2-rank3-q4-r8-K4,153837673.50000003,5908,375838.3437500002,514243.47187499853,True
development,0.0779077808054444,B2-rank3-q4-r16-K2,174407412.37499997,5868,514243.47187499853,1800345.8562500016,True
development,0.0779077808054444,B2-rank3-q4-r32-K4,210414329.5,5848,1800345.8562500016,2592489.107638889,True
development,0.0779077808054444,B2-rank6-q4-r1-K2,257079133.4375,5830,2592489.107638889,2780236.75,True
development,0.0779077808054444,B2-rank6-q4-r4-K2,259859370.1875,5829,2780236.75,4107965.059375,True
development,0.0779077808054444,B2-rank3-q8-r16-K4,342018671.375,5809,4107965.059375,7903421.453125006,True
development,0.0779077808054444,B2-rank3-q8-r32-K2,421052885.90625006,5799,7903421.453125006,9753524.760416666,True
development,0.0779077808054444,B2-rank6-q8-r1-K2,508834608.75000006,5790,9753524.760416666,9985340.1875,True
development,0.0779077808054444,B2-rank6-q8-r8-K4,518819948.93750006,5789,9985340.1875,MISSING,True
development,0.07868964759210002,B2-rank3-q1-r4-K2,47227271.4375,7426,0.0,1793.273679123673,True
development,0.07868964759210002,B2-rank3-q1-r8-K2,47923061.624999985,7038,1793.273679123673,21525.627992021356,True
development,0.07868964759210002,B2-rank3-q1-r16-K4,51969879.6875,6850,21525.627992021356,35099.90529141108,True
development,0.07868964759210002,B2-rank3-q2-r8-K2,80576302.50000003,6035,35099.90529141108,101030.49466463378,True
development,0.07868964759210002,B2-rank3-q2-r16-K4,88860803.0625,5953,101030.49466463378,382285.9386574076,True
development,0.07868964759210002,B2-rank3-q4-r8-K4,150791125.12500003,5791,382285.9386574076,517142.5801282036,True
development,0.07868964759210002,B2-rank3-q4-r16-K2,170959685.74999997,5752,517142.5801282036,1858783.108552633,True
development,0.07868964759210002,B2-rank3-q4-r32-K4,206276564.8125,5733,1858783.108552633,2341868.2296875,True
development,0.07868964759210002,B2-rank6-q4-r2-K4,253113929.40625,5713,2341868.2296875,4566262.289930556,True
development,0.07868964759210002,B2-rank3-q8-r16-K4,335306650.625,5695,4566262.289930556,7746894.109375006,True
development,0.07868964759210002,B2-rank3-q8-r32-K2,412775591.71875006,5685,7746894.109375006,8595263.015625,True
development,0.07868964759210002,B2-rank6-q8-r1-K2,498728221.87500006,5675,8595263.015625,MISSING,True
development,0.07947936103624934,B2-rank3-q1-r4-K2,46209716.4375,7266,0.0,1785.1281249999608,True
development,0.07947936103624934,B2-rank3-q1-r8-K2,46888065.124999985,6886,1785.1281249999608,21516.096127717472,True
development,0.07947936103624934,B2-rank3-q1-r16-K4,50847026.8125,6702,21516.096127717472,35615.19985741447,True
development,0.07947936103624934,B2-rank3-q2-r8-K2,78947419.50000001,5913,35615.19985741447,101526.70078124982,True
development,0.07947936103624934,B2-rank3-q2-r16-K4,87069555.5625,5833,101526.70078124982,386796.80851910845,True
development,0.07947936103624934,B2-rank3-q4-r8-K4,147796654.50000003,5676,386796.80851910845,520388.11019736686,True
development,0.07947936103624934,B2-rank3-q4-r16-K2,167571402.68749997,5638,520388.11019736686,1821230.421052633,True
development,0.07947936103624934,B2-rank3-q4-r32-K4,202174780.6875,5619,1821230.421052633,2355910.226973684,True
development,0.07947936103624934,B2-rank6-q4-r1-K2,246937075.0,5600,2355910.226973684,4297766.046052632,True
development,0.07947936103624934,B2-rank3-q8-r16-K4,328594629.875,5581,4297766.046052632,8441808.388888896,True
development,0.07947936103624934,B2-rank3-q8-r32-K2,404570905.37500006,5572,8441808.388888896,9368286.055555556,True
development,0.07947936103624934,B2-rank6-q8-r1-K2,488885479.87500006,5563,9368286.055555556,MISSING,True
development,0.08027699988536555,B2-rank3-q1-r4-K2,45217600.3125,7110,0.0,1781.4652217741534,True
development,0.08027699988536555,B2-rank3-q1-r8-K2,45880305.374999985,6738,1781.4652217741534,21523.421875000084,True
development,0.08027699988536555,B2-rank3-q1-r16-K4,49754521.3125,6558,21523.421875000084,36130.981266361276,True
development,0.08027699988536555,B2-rank3-q2-r8-K2,77358591.00000001,5794,36130.981266361276,102108.95192307673,True
development,0.08027699988536555,B2-rank3-q2-r16-K4,85323089.25,5716,102108.95192307673,389092.62990196096,True
development,0.08027699988536555,B2-rank3-q4-r8-K4,144854261.62500003,5563,389092.62990196096,524008.15033783624,True
development,0.08027699988536555,B2-rank3-q4-r16-K2,164242563.18749997,5526,524008.15033783624,1784336.5526315805,True
development,0.08027699988536555,B2-rank3-q4-r32-K4,198144957.6875,5507,1784336.5526315805,2438748.4288194445,True
development,0.08027699988536555,B2-rank6-q4-r1-K2,242042429.40625,5489,2438748.4288194445,4448649.401041667,True
development,0.08027699988536555,B2-rank3-q8-r16-K4,322118118.625,5471,4448649.401041667,8273991.5486111175,True
development,0.08027699988536555,B2-rank3-q8-r32-K2,396584042.56250006,5462,8273991.5486111175,9181606.506944444,True
development,0.08027699988536555,B2-rank6-q8-r1-K2,479218501.12500006,5453,9181606.506944444,MISSING,True
development,0.08108264367721564,B2-rank3-q1-r4-K2,44244563.34375,6957,0.0,1781.3457245878712,True
development,0.08108264367721564,B2-rank3-q1-r8-K2,44892973.187499985,6593,1781.3457245878712,21544.336115056904,True
development,0.08108264367721564,B2-rank3-q1-r16-K4,48684776.34375,6417,21544.336115056904,36637.41777871623,True
development,0.08108264367721564,B2-rank3-q2-r8-K2,75796465.50000001,5677,36637.41777871623,102763.31003289454,True
development,0.08108264367721564,B2-rank3-q2-r16-K4,83606477.0625,5601,102763.31003289454,394483.1642736489,True
development,0.08108264367721564,B2-rank3-q4-r8-K4,141989985.37500003,5453,394483.1642736489,513058.969594593,True
development,0.08108264367721564,B2-rank3-q4-r16-K2,160973167.24999997,5416,513058.969594593,1847217.1736111129,True
development,0.08108264367721564,B2-rank3-q4-r32-K4,194223076.375,5398,1847217.1736111129,2389605.513888889,True
development,0.08108264367721564,B2-rank6-q4-r1-K2,237235975.625,5380,2389605.513888889,4619022.735294118,True
development,0.08108264367721564,B2-rank3-q8-r16-K4,315759362.125,5363,4619022.735294118,8109225.9236111175,True
development,0.08108264367721564,B2-rank3-q8-r32-K2,388742395.43750006,5354,8109225.9236111175,8998321.131944444,True
development,0.08108264367721564,B2-rank6-q8-r1-K2,469727285.62500006,5345,8998321.131944444,9211012.375,True
development,0.08108264367721564,B2-rank6-q8-r8-K4,478938298.00000006,5344,9211012.375,MISSING,True
development,0.08189637274779153,B2-rank3-q1-r4-K2,43290605.53125,6807,0.0,1809.2175176055919,True
development,0.08189637274779153,B2-rank3-q1-r8-K2,43932877.749999985,6452,1809.2175176055919,21415.68876445095,True
development,0.08189637274779153,B2-rank3-q1-r16-K4,47637791.90625,6279,21415.68876445095,37201.95892981846,True
development,0.08189637274779153,B2-rank3-q2-r8-K2,74274394.50000001,5563,37201.95892981846,101937.6599999998,True
development,0.08189637274779153,B2-rank3-q2-r16-K4,81919719.0,5488,101937.6599999998,400406.0690559443,True
development,0.08189637274779153,B2-rank3-q4-r8-K4,139177786.87500003,5345,400406.0690559443,517087.49392360944,True
development,0.08189637274779153,B2-rank3-q4-r16-K2,157792936.65624997,5309,517087.49392360944,1810012.1961805571,True
development,0.08189637274779153,B2-rank3-q4-r32-K4,190373156.1875,5291,1810012.1961805571,2402589.6927083335,True
development,0.08189637274779153,B2-rank6-q4-r2-K4,233619770.65625,5273,2402589.6927083335,4461159.549632353,True
development,0.08189637274779153,B2-rank3-q8-r16-K4,309459483.0,5256,4461159.549632353,8887717.562500004,True
development,0.08189637274779153,B2-rank6-q8-r8-K4,469438399.12500006,5238,8887717.562500004,MISSING,True
development,0.08271826823932106,B2-rank3-q1-r4-K2,42362086.59375,6661,0.0,1794.0060165229456,True
development,0.08271826823932106,B2-rank3-q1-r8-K2,42986400.687499985,6313,1794.0060165229456,21635.441406250087,True
development,0.08271826823932106,B2-rank3-q1-r16-K4,46621154.84375,6145,21635.441406250087,37691.457717939506,True
development,0.08271826823932106,B2-rank3-q2-r8-K2,72779026.50000001,5451,37691.457717939506,101132.27787162142,True
development,0.08271826823932106,B2-rank3-q2-r16-K4,80262815.0625,5377,101132.27787162142,403804.40422661894,True
development,0.08271826823932106,B2-rank3-q4-r8-K4,136391627.25000003,5238,403804.40422661894,521451.4455357126,True
development,0.08271826823932106,B2-rank3-q4-r16-K2,154642427.84374997,5203,521451.4455357126,1879574.6636029428,True
development,0.08271826823932106,B2-rank3-q4-r32-K4,186595197.125,5186,1879574.6636029428,2354031.0208333335,True
development,0.08271826823932106,B2-rank6-q4-r2-K4,228967755.5,5168,2354031.0208333335,4648030.03125,True
development,0.08271826823932106,B2-rank3-q8-r16-K4,303336236.0,5152,4648030.03125,8769814.031250007,True
development,0.08271826823932106,B2-rank3-q8-r32-K2,373494748.25000006,5144,8769814.031250007,9733159.71875,True
development,0.08271826823932106,B2-rank6-q8-r1-K2,451360026.00000006,5136,9733159.71875,178714743.99999994,True
development,0.08271826823932106,B0-rank9-q8-r0-K0,630074770.0,5135,178714743.99999994,MISSING,True
development,0.08354841210835902,B2-rank3-q1-r4-K2,41452646.8125,6518,0.0,1807.3928308823092,True
development,0.08354841210835902,B2-rank3-q1-r8-K2,42067160.374999985,6178,1807.3928308823092,21530.49147727282,True
development,0.08354841210835902,B2-rank3-q1-r16-K4,45619691.46875,6013,21530.49147727282,38230.163736979186,True
development,0.08354841210835902,B2-rank3-q2-r8-K2,71310361.50000001,5341,38230.163736979186,101949.0390624998,True
development,0.08354841210835902,B2-rank3-q2-r16-K4,78650692.3125,5269,101949.0390624998,410887.5433768659,True
development,0.08354841210835902,B2-rank3-q4-r8-K4,133709623.12500003,5135,410887.5433768659,510613.1785714269,True
development,0.08354841210835902,B2-rank3-q4-r16-K2,151581084.37499997,5100,510613.1785714269,1841653.8125000019,True
development,0.08354841210835902,B2-rank3-q4-r32-K4,182889199.1875,5083,1841653.8125000019,2382391.875,True
development,0.08354841210835902,B2-rank6-q4-r1-K2,223389861.0625,5066,2382391.875,4561413.62499997,True
development,0.08354841210835902,B2-rank6-q4-r8-K2,227951274.68749997,5065,4561413.62499997,4959881.888392859,True
development,0.08354841210835902,B2-rank3-q8-r16-K4,297389621.125,5051,4959881.888392859,7633236.3402777845,True
development,0.08354841210835902,B2-rank3-q8-r32-K2,366088748.18750006,5042,7633236.3402777845,9538419.0078125,True
development,0.08354841210835902,B2-rank6-q8-r1-K2,442396100.25000006,5034,9538419.0078125,MISSING,True
development,0.08438688713395978,B2-rank3-q1-r4-K2,40568645.90625,6379,0.0,1800.9060623122675,True
development,0.08438688713395978,B2-rank3-q1-r8-K2,41168347.624999985,6046,1800.9060623122675,21436.05555555565,True
development,0.08438688713395978,B2-rank3-q1-r16-K4,44640988.625,5884,21436.05555555565,38831.94211538464,True
development,0.08438688713395978,B2-rank3-q2-r8-K2,69881751.00000001,5234,38831.94211538464,101220.74207746457,True
development,0.08438688713395978,B2-rank3-q2-r16-K4,77068423.6875,5163,101220.74207746457,411902.25429389323,True
development,0.08438688713395978,B2-rank3-q4-r8-K4,131027619.00000001,5032,411902.25429389323,515348.34374999866,True
development,0.08438688713395978,B2-rank3-q4-r16-K2,148549462.68749997,4998,515348.34374999866,1919106.2304687519,True
development,0.08438688713395978,B2-rank3-q4-r32-K4,179255162.375,4982,1919106.2304687519,2395217.4797794116,True
development,0.08438688713395978,B2-rank6-q4-r2-K4,219973859.53125,4965,2395217.4797794116,5109144.578125,True
development,0.08438688713395978,B2-rank3-q8-r16-K4,291501883.625,4951,5109144.578125,8424836.003906257,True
development,0.08438688713395978,B2-rank3-q8-r32-K2,358900571.65625006,4943,8424836.003906257,8517931.586805562,True
development,0.08438688713395978,B2-rank6-q8-r2-K4,435561955.9375001,4934,8517931.586805562,MISSING,True
development,0.08523377692593145,B2-rank3-q1-r4-K2,39697364.4375,6242,0.0,1796.898197852715,True
development,0.08523377692593145,B2-rank3-q1-r8-K2,40283153.249999985,5916,1796.898197852715,21716.432523885444,True
development,0.08523377692593145,B2-rank3-q1-r16-K4,43692633.15625,5759,21716.432523885444,39344.77832341272,True
development,0.08523377692593145,B2-rank3-q2-r8-K2,68479843.50000001,5129,39344.77832341272,100516.65267857122,True
development,0.08523377692593145,B2-rank3-q2-r16-K4,75516009.1875,5059,100516.65267857122,420109.21577380964,True
development,0.08523377692593145,B2-rank3-q4-r8-K4,128449770.37500001,4933,420109.21577380964,504624.58731617517,True
development,0.08523377692593145,B2-rank3-q4-r16-K2,145607006.34374997,4899,504624.58731617517,1880380.0214843769,True
development,0.08523377692593145,B2-rank3-q4-r32-K4,175693086.6875,4883,1880380.0214843769,2432605.564453125,True
development,0.08523377692593145,B2-rank6-q4-r1-K2,214614775.71875,4867,2432605.564453125,5079794.654017857,True
development,0.08523377692593145,B2-rank3-q8-r16-K4,285731900.875,4853,5079794.654017857,8256637.761718757,True
development,0.08523377692593145,B2-rank3-q8-r32-K2,351785002.96875006,4845,8256637.761718757,9162302.14453125,True
development,0.08523377692593145,B2-rank6-q8-r1-K2,425083420.12500006,4837,9162302.14453125,MISSING,True
development,0.08608916593317346,B2-rank3-q1-r4-K2,38851521.84375,6109,0.0,1798.3504114419595,True
development,0.08608916593317346,B2-rank3-q1-r8-K2,39425195.624999985,5790,1798.3504114419595,21462.380040322678,True
development,0.08608916593317346,B2-rank3-q1-r16-K4,42751864.53125,5635,21462.380040322678,39900.69339139347,True
development,0.08608916593317346,B2-rank3-q2-r8-K2,67091287.500000015,5025,39900.69339139347,103240.12499999978,True
development,0.08608916593317346,B2-rank3-q2-r16-K4,74008375.875,4958,103240.12499999978,421866.5426829269,True
development,0.08608916593317346,B2-rank3-q4-r8-K4,125897960.62500001,4835,421866.5426829269,509879.7859848471,True
development,0.08608916593317346,B2-rank3-q4-r16-K2,142723993.56249997,4802,509879.7859848471,1842436.1601562519,True
development,0.08608916593317346,B2-rank3-q4-r32-K4,172202972.125,4786,1842436.1601562519,2383406.29296875,True
development,0.08608916593317346,B2-rank6-q4-r1-K2,210337472.8125,4770,2383406.29296875,5364784.620192308,True
development,0.08608916593317346,B2-rank3-q8-r16-K4,280079672.875,4757,5364784.620192308,8091872.136718757,True
development,0.08608916593317346,B2-rank3-q8-r32-K2,344814649.96875006,4749,8091872.136718757,8979016.76953125,True
development,0.08608916593317346,B2-rank6-q8-r1-K2,416646784.12500006,4741,8979016.76953125,MISSING,True
development,0.08695313945209739,B2-rank3-q1-r4-K2,38024758.40625,5979,0.0,1776.6708266772687,True
development,0.08695313945209739,B2-rank3-q1-r8-K2,38580856.374999985,5666,1776.6708266772687,21593.29076986765,True
development,0.08695313945209739,B2-rank3-q1-r16-K4,41841443.28125,5515,21593.29076986765,40533.380031779685,True
development,0.08695313945209739,B2-rank3-q2-r8-K2,65756137.500000015,4925,40533.380031779685,100888.53917910425,True
development,0.08695313945209739,B2-rank3-q2-r16-K4,72515669.625,4858,100888.53917910425,427584.5294117648,True
development,0.08695313945209739,B2-rank3-q4-r8-K4,123398228.62500001,4739,427584.5294117648,515693.6162109361,True
development,0.08695313945209739,B2-rank3-q4-r16-K2,139900424.34374997,4707,515693.6162109361,1805274.6464843769,True
development,0.08695313945209739,B2-rank3-q4-r32-K4,168784818.6875,4691,1805274.6464843769,2335221.439453125,True
development,0.08695313945209739,B2-rank6-q4-r1-K2,206148361.71875,4675,2335221.439453125,5699736.4921875,True
development,0.08695313945209739,B2-rank3-q8-r16-K4,274545199.625,4663,5699736.4921875,7930539.128906257,True
development,0.08695313945209739,B2-rank3-q8-r32-K2,337989512.65625006,4655,7930539.128906257,8799549.83984375,True
development,0.08695313945209739,B2-rank6-q8-r1-K2,408385911.37500006,4647,8799549.83984375,MISSING,True
development,0.08782578363513226,B2-rank3-q1-r4-K2,37210714.40625,5851,0.0,1813.244159836041,True
development,0.08782578363513226,B2-rank3-q1-r8-K2,37763753.87499999,5546,1813.244159836041,21358.67009228193,True
development,0.08782578363513226,B2-rank3-q1-r16-K4,40946195.71875,5397,21358.67009228193,41135.10206873908,True
development,0.08782578363513226,B2-rank3-q2-r8-K2,64434339.000000015,4826,41135.10206873908,102052.39326923054,True
development,0.08782578363513226,B2-rank3-q2-r16-K4,71067744.5625,4761,102052.39326923054,430024.3949353449,True
development,0.08782578363513226,B2-rank3-q4-r8-K4,120950574.37500001,4645,430024.3949353449,522120.13911290176,True
development,0.08782578363513226,B2-rank3-q4-r16-K2,137136298.68749997,4614,522120.13911290176,1768895.4804687519,True
development,0.08782578363513226,B2-rank3-q4-r32-K4,165438626.375,4598,1768895.4804687519,2347903.37890625,True
development,0.08782578363513226,B2-rank6-q4-r2-K4,203005080.4375,4582,2347903.37890625,5505376.942708333,True
development,0.08782578363513226,B2-rank3-q8-r16-K4,269069603.75,4570,5505376.942708333,8748746.54166667,True
development,0.08782578363513226,B2-rank6-q8-r1-K2,400300801.87500006,4555,8748746.54166667,MISSING,True
development,0.08870718549931567,B2-rank3-q1-r4-K2,36422109.28125,5727,0.0,1771.1709374999753,True
development,0.08870718549931567,B2-rank3-q1-r8-K2,36953460.56249999,5427,1771.1709374999753,21518.95258620695,True
development,0.08870718549931567,B2-rank3-q1-r16-K4,40073708.6875,5282,21518.95258620695,41709.827870705274,True
development,0.08870718549931567,B2-rank3-q2-r8-K2,63139243.500000015,4729,41709.827870705274,101492.23535156227,True
development,0.08870718549931567,B2-rank3-q2-r16-K4,69634746.5625,4665,101492.23535156227,432692.1454646019,True
development,0.08870718549931567,B2-rank3-q4-r8-K4,118528959.00000001,4552,432692.1454646019,529097.8604166652,True
development,0.08870718549931567,B2-rank3-q4-r16-K2,134401894.81249997,4522,529097.8604166652,1732907.4882812519,True
development,0.08870718549931567,B2-rank3-q4-r32-K4,162128414.625,4506,1732907.4882812519,2538822.0125,True
development,0.08870718549931567,B2-rank6-q4-r4-K2,200210744.8125,4491,2538822.0125,5778172.2897727275,True
development,0.08870718549931567,B2-rank3-q8-r16-K4,263770640.0,4480,5778172.2897727275,7616454.656250007,True
development,0.08870718549931567,B2-rank3-q8-r32-K2,324702277.25000006,4472,7616454.656250007,9669882.625,True
development,0.08870718549931567,B2-rank6-q8-r1-K2,392391455.62500006,4465,9669882.625,MISSING,True
development,0.0895974329349706,B2-rank3-q1-r4-K2,35639863.875,5604,0.0,1816.9182363013445,True
development,0.0895974329349706,B2-rank3-q1-r8-K2,36170403.99999999,5312,1816.9182363013445,21504.0717429578,True
development,0.0895974329349706,B2-rank3-q1-r16-K4,39223982.1875,5170,21504.0717429578,42251.62091884331,True
development,0.0895974329349706,B2-rank3-q2-r8-K2,61870851.000000015,4634,42251.62091884331,100964.31249999977,True
development,0.0895974329349706,B2-rank3-q2-r16-K4,68231602.6875,4571,100964.31249999977,444258.30034722236,True
development,0.0895974329349706,B2-rank3-q4-r8-K4,116211499.12500001,4463,444258.30034722236,518171.90520833235,True
development,0.0895974329349706,B2-rank3-q4-r16-K2,131756656.28124999,4433,518171.90520833235,1698093.017578126,True
development,0.0895974329349706,B2-rank3-q4-r32-K4,158926144.5625,4417,1698093.017578126,2516295.046875,True
development,0.0895974329349706,B2-rank6-q4-r1-K2,194154275.21875,4403,2516295.046875,5857741.434659091,True
development,0.0895974329349706,B2-rank3-q8-r16-K4,258589431.0,4392,5857741.434659091,7465419.500000007,True
development,0.0895974329349706,B2-rank3-q8-r32-K2,318312787.00000006,4384,7465419.500000007,8282150.5,True
development,0.0895974329349706,B2-rank6-q8-r1-K2,384569991.00000006,4376,8282150.5,MISSING,True
development,0.09049661471446958,B2-rank3-q1-r4-K2,34883057.34375,5485,0.0,1780.8337325783712,True
development,0.09049661471446958,B2-rank3-q1-r8-K2,35394156.62499999,5198,1780.8337325783712,21494.14321043171,True
development,0.09049661471446958,B2-rank3-q1-r16-K4,38381842.53125,5059,21494.14321043171,42840.01439065513,True
development,0.09049661471446958,B2-rank3-q2-r8-K2,60615810.000000015,4540,42840.01439065513,102336.11372950795,True
development,0.09049661471446958,B2-rank3-q2-r16-K4,66858312.9375,4479,102336.11372950795,447959.29821428587,True
development,0.09049661471446958,B2-rank3-q4-r8-K4,113894039.25000001,4374,447959.29821428587,507245.949999999,True
development,0.09049661471446958,B2-rank3-q4-r16-K2,129111417.74999999,4344,507245.949999999,1906029.8482142868,True
development,0.09049661471446958,B2-rank3-q4-r32-K4,155795835.625,4330,1906029.8482142868,2282760.734375,True
development,0.09049661471446958,B2-rank6-q4-r4-K2,192320007.375,4314,2282760.734375,6108821.4625,True
development,0.09049661471446958,B2-rank3-q8-r16-K4,253408222.0,4304,6108821.4625,8828853.517857147,True
development,0.09049661471446958,B2-rank6-q8-r1-K2,377012171.25000006,4290,8828853.517857147,MISSING,True
development,0.09140482050108682,B2-rank3-q1-r4-K2,34138970.25,5368,0.0,1807.770535714259,True
development,0.09140482050108682,B2-rank3-q1-r8-K2,34645145.99999999,5088,1807.770535714259,21506.64889705888,True
development,0.09140482050108682,B2-rank3-q1-r16-K4,37570050.25,4952,21506.64889705888,43401.13966202786,True
development,0.09140482050108682,B2-rank3-q2-r8-K2,59400823.500000015,4449,43401.13966202786,101900.89687499976,True
development,0.09140482050108682,B2-rank3-q2-r16-K4,65514877.3125,4389,101900.89687499976,452095.880514706,True
development,0.09140482050108682,B2-rank3-q4-r8-K4,111628657.12500001,4287,452095.880514706,514713.35991379205,True
development,0.09140482050108682,B2-rank3-q4-r16-K2,126555344.56249999,4258,514713.35991379205,1740678.8083333343,True
development,0.09140482050108682,B2-rank3-q4-r32-K4,152665526.6875,4243,1740678.8083333343,2478565.8459821427,True
development,0.09140482050108682,B2-rank6-q4-r2-K4,187365448.53125,4229,2478565.8459821427,6103819.659375,True
development,0.09140482050108682,B2-rank3-q8-r16-K4,248403645.125,4219,6103819.659375,8202941.82142858,True
development,0.09140482050108682,B2-rank3-q8-r32-K2,305824237.87500006,4212,8202941.82142858,9102570.75,True
development,0.09140482050108682,B2-rank6-q8-r1-K2,369542233.12500006,4205,9102570.75,MISSING,True
development,0.09232214085793909,B2-rank3-q1-r4-K2,33413962.3125,5254,0.0,1809.4578010948633,True
development,0.09232214085793909,B2-rank3-q1-r8-K2,33909753.74999999,4980,1809.4578010948633,21531.412828947425,True
development,0.09232214085793909,B2-rank3-q1-r16-K4,36773431.65625,4847,21531.412828947425,44022.80974075978,True
development,0.09232214085793909,B2-rank3-q2-r8-K2,58212540.000000015,4360,44022.80974075978,101504.3358050845,True
development,0.09232214085793909,B2-rank3-q2-r16-K4,64201295.8125,4301,101504.3358050845,456707.6458333335,True
development,0.09232214085793909,B2-rank3-q4-r8-K4,109415352.75000001,4202,456707.6458333335,503918.63469827484,True
development,0.09232214085793909,B2-rank3-q4-r16-K2,124028993.15624999,4173,503918.63469827484,1829583.3058035725,True
development,0.09232214085793909,B2-rank3-q4-r32-K4,149643159.4375,4159,1829583.3058035725,2428619.7834821427,True
development,0.09232214085793909,B2-rank6-q4-r2-K4,183643836.40625,4145,2428619.7834821427,6652554.065972222,True
development,0.09232214085793909,B2-rank3-q8-r16-K4,243516823.0,4136,6652554.065972222,8040137.691964294,True
development,0.09232214085793909,B2-rank3-q8-r32-K2,299797786.84375006,4129,8040137.691964294,8921467.34375,True
development,0.09232214085793909,B2-rank6-q8-r1-K2,362248058.25000006,4122,8921467.34375,MISSING,True
development,0.09324866725701628,B2-rank3-q1-r4-K2,32708033.53125,5143,0.0,1784.187151486961,True
development,0.09324866725701628,B2-rank3-q1-r8-K2,33187979.874999993,4874,1784.187151486961,21569.28365384621,True
development,0.09324866725701628,B2-rank3-q1-r16-K4,35991986.75,4744,21569.28365384621,44711.19479830152,True
development,0.09324866725701628,B2-rank3-q2-r8-K2,57050959.500000015,4273,44711.19479830152,101148.42995689629,True
development,0.09324866725701628,B2-rank3-q2-r16-K4,62917568.4375,4215,101148.42995689629,456809.4722938146,True
development,0.09324866725701628,B2-rank3-q4-r8-K4,107228087.25000001,4118,456809.4722938146,511928.5022321418,True
development,0.09324866725701628,B2-rank3-q4-r16-K2,121562085.31249999,4090,511928.5022321418,1792477.674107144,True
development,0.09324866725701628,B2-rank3-q4-r32-K4,146656772.75,4076,1792477.674107144,2712415.8541666665,True
development,0.09324866725701628,B2-rank6-q4-r1-K2,179205763.0,4064,2712415.8541666665,5948311.525,True
development,0.09324866725701628,B2-rank3-q8-r16-K4,238688878.25,4054,5948311.525,7879295.058035723,True
development,0.09324866725701628,B2-rank3-q8-r32-K2,293843943.65625006,4047,7879295.058035723,8971112.513392866,True
development,0.09324866725701628,B2-rank6-q8-r2-K4,356641731.2500001,4040,8971112.513392866,MISSING,True
development,0.09418449208830276,B2-rank3-q1-r4-K2,32014824.1875,5034,0.0,1793.9519961976903,True
development,0.09418449208830276,B2-rank3-q1-r8-K2,32486633.562499993,4771,1793.9519961976903,21399.077880859433,True
development,0.09418449208830276,B2-rank3-q1-r16-K4,35225715.53125,4643,21399.077880859433,45215.893804704625,True
development,0.09418449208830276,B2-rank3-q2-r8-K2,55889379.000000015,4186,45215.893804704625,104987.56704545427,True
development,0.09418449208830276,B2-rank3-q2-r16-K4,61663695.1875,4131,104987.56704545427,453447.9612068966,True
development,0.09418449208830276,B2-rank3-q2-r32-K4,74813686.0625,4102,453447.9612068966,466234.6509615387,True
development,0.09418449208830276,B2-rank3-q4-r8-K4,105118938.37500001,4037,466234.6509615387,501274.38058035605,True
development,0.09418449208830276,B2-rank3-q4-r16-K2,119154621.03124999,4009,501274.38058035605,1894131.2860576934,True
development,0.09418449208830276,B2-rank3-q4-r32-K4,143778327.75,3996,1894131.2860576934,2450435.9110576925,True
development,0.09418449208830276,B2-rank6-q4-r1-K2,175633994.59375,3983,2450435.9110576925,5828581.628125,True
development,0.09418449208830276,B2-rank3-q8-r16-K4,233919810.875,3973,5828581.628125,9019250.880208343,True
development,0.09418449208830276,B2-rank3-q8-r32-K2,288035316.15625006,3967,9019250.880208343,9552366.620535715,True
development,0.09418449208830276,B2-rank6-q8-r8-K4,354901882.50000006,3960,9552366.620535715,MISSING,True
development,0.09512970866899023,B2-rank3-q1-r4-K2,31334334.28125,4927,0.0,1807.6705982489982,True
development,0.09512970866899023,B2-rank3-q1-r8-K2,31798905.624999993,4670,1807.6705982489982,21466.39375000006,True
development,0.09512970866899023,B2-rank3-q1-r16-K4,34482204.84375,4545,21466.39375000006,45925.338588800936,True
development,0.09512970866899023,B2-rank3-q2-r8-K2,54781204.500000015,4103,45925.338588800936,102609.89999999973,True
development,0.09512970866899023,B2-rank3-q2-r16-K4,60424749.0,4048,102609.89999999973,460478.31696428574,True
development,0.09512970866899023,B2-rank3-q2-r32-K4,73318141.875,4020,460478.31696428574,471709.30952380976,True
development,0.09512970866899023,B2-rank3-q4-r8-K4,103035828.37500001,3957,471709.30952380976,510028.59027777665,True
development,0.09512970866899023,B2-rank3-q4-r16-K2,116806600.31249999,3930,510028.59027777665,1856097.153846155,True
development,0.09512970866899023,B2-rank3-q4-r32-K4,140935863.3125,3917,1856097.153846155,2284727.5558035714,True
development,0.09512970866899023,B2-rank6-q4-r2-K4,172922049.09375,3903,2284727.5558035714,7050665.81640625,True
development,0.09512970866899023,B2-rank3-q8-r16-K4,229327375.625,3895,7050665.81640625,8463885.25446429,True
development,0.09512970866899023,B2-rank6-q8-r8-K4,347821769.18750006,3881,8463885.25446429,MISSING,True
development,0.09608441125278289,B2-rank3-q1-r4-K2,30672923.53125,4823,0.0,1793.1449652777483,True
development,0.09608441125278289,B2-rank3-q1-r8-K2,31124796.062499993,4571,1793.1449652777483,21312.88567073177,True
development,0.09608441125278289,B2-rank3-q1-r16-K4,33746281.0,4448,21312.88567073177,46698.12763466046,True
development,0.09608441125278289,B2-rank3-q2-r8-K2,53686381.500000015,4021,46698.12763466046,100260.87954545427,True
development,0.09608441125278289,B2-rank3-q2-r16-K4,59200729.875,3966,100260.87954545427,468152.0798611111,True
development,0.09608441125278289,B2-rank3-q2-r32-K4,71840836.03125,3939,468152.0798611111,477670.8396516396,True
development,0.09608441125278289,B2-rank3-q4-r8-K4,100978757.25000001,3878,477670.8396516396,519597.85096153733,True
development,0.09608441125278289,B2-rank3-q4-r16-K2,114488301.37499999,3852,519597.85096153733,1686078.392857144,True
development,0.09608441125278289,B2-rank3-q4-r32-K4,138093398.875,3838,1686078.392857144,2551461.5364583335,True
development,0.09608441125278289,B2-rank6-q4-r1-K2,168710937.3125,3826,2551461.5364583335,7010360.0546875,True
development,0.09608441125278289,B2-rank3-q8-r16-K4,224793817.75,3818,7010360.0546875,7416382.111607151,True
development,0.09608441125278289,B2-rank3-q8-r32-K2,276708492.53125006,3811,7416382.111607151,9613515.098958334,True
development,0.09608441125278289,B2-rank6-q8-r1-K2,334389583.12500006,3805,9613515.098958334,MISSING,True
development,0.09704869503929602,B2-rank3-q1-r4-K2,30024232.21875,4721,0.0,1781.6706730768929,True
development,0.09704869503929602,B2-rank3-q1-r8-K2,30464304.874999993,4474,1781.6706730768929,21406.773437500062,True
development,0.09704869503929602,B2-rank3-q1-r16-K4,33033117.6875,4354,21406.773437500062,47274.860658212594,True
development,0.09704869503929602,B2-rank3-q2-r8-K2,52604910.000000015,3940,47274.860658212594,102199.65919811293,True
development,0.09704869503929602,B2-rank3-q2-r16-K4,58021491.9375,3887,102199.65919811293,458463.5162037037,True
development,0.09704869503929602,B2-rank3-q2-r32-K4,70400006.875,3860,458463.5162037037,493099.9288793106,True
development,0.09704869503929602,B2-rank3-q4-r8-K4,98999802.75000001,3802,493099.9288793106,508832.4326923065,True
development,0.09704869503929602,B2-rank3-q4-r16-K2,112229445.99999999,3776,508832.4326923065,1781954.668269232,True
development,0.09704869503929602,B2-rank3-q4-r32-K4,135394856.6875,3763,1781954.668269232,2365272.4423076925,True
development,0.09704869503929602,B2-rank6-q4-r2-K4,166143398.4375,3750,2365272.4423076925,7508536.12946429,True
development,0.09704869503929602,B2-rank3-q8-r32-K2,271262904.25000006,3736,7508536.12946429,8990909.776785715,True
development,0.09704869503929602,B2-rank6-q8-r8-K4,334199272.68750006,3729,8990909.776785715,MISSING,True
development,0.09802265618354915,B2-rank3-q1-r4-K2,29388260.34375,4621,0.0,1809.04940352694,True
development,0.09802265618354915,B2-rank3-q1-r8-K2,29824241.249999993,4380,1809.04940352694,21525.41586538468,True
development,0.09802265618354915,B2-rank3-q1-r16-K4,32342714.90625,4263,21525.41586538468,47779.66814365675,True
development,0.09802265618354915,B2-rank3-q2-r8-K2,51550141.500000015,3861,47779.66814365675,102058.45312499971,True
development,0.09802265618354915,B2-rank3-q2-r16-K4,56857181.0625,3809,102058.45312499971,466864.359375,True
development,0.09802265618354915,B2-rank3-q2-r32-K4,68995654.40625,3783,466864.359375,491670.0674342108,True
development,0.09802265618354915,B2-rank3-q4-r8-K4,97020848.25000001,3726,491670.0674342108,519178.5662499988,True
development,0.09802265618354915,B2-rank3-q4-r16-K2,110000312.40624999,3701,519178.5662499988,1894331.8880208347,True
development,0.09802265618354915,B2-rank3-q4-r32-K4,132732295.0625,3689,1894331.8880208347,2221486.625,True
development,0.09802265618354915,B2-rank6-q4-r4-K2,163833107.8125,3675,2221486.625,7850524.307692313,True
development,0.09802265618354915,B2-rank3-q8-r32-K2,265889923.81250006,3662,7850524.307692313,9234216.197916666,True
development,0.09802265618354915,B2-rank6-q8-r1-K2,321295221.00000006,3656,9234216.197916666,MISSING,True
development,0.09900639180555423,B2-rank3-q1-r4-K2,28765007.90625,4523,0.0,1804.99536546607,True
development,0.09900639180555423,B2-rank3-q1-r8-K2,29190986.812499993,4287,1804.99536546607,21402.82880434789,True
development,0.09900639180555423,B2-rank3-q1-r16-K4,31652312.125,4172,21402.82880434789,48474.06780205659,True
development,0.09900639180555423,B2-rank3-q2-r8-K2,50508724.500000015,3783,48474.06780205659,101942.60294117618,True
development,0.09900639180555423,B2-rank3-q2-r16-K4,55707797.25,3732,101942.60294117618,476069.72125,True
development,0.09900639180555423,B2-rank3-q2-r32-K4,67609540.28125,3707,476069.72125,499716.93125000026,True
development,0.09900639180555423,B2-rank3-q4-r8-K4,95093971.50000001,3652,499716.93125000026,508277.1637499988,True
development,0.09900639180555423,B2-rank3-q4-r16-K2,107800900.59374999,3627,508277.1637499988,1855736.0703125012,True
development,0.09900639180555423,B2-rank3-q4-r32-K4,130069733.4375,3615,1855736.0703125012,2400651.3984375,True
development,0.09900639180555423,B2-rank6-q4-r1-K2,158877550.21875,3603,2400651.3984375,7549355.754464285,True
development,0.09900639180555423,B2-rank3-q8-r16-K4,211723040.5,3596,7549355.754464285,8156519.760416676,True
development,0.09900639180555423,B2-rank3-q8-r32-K2,260662159.06250006,3590,8156519.760416676,9050930.822916666,True
development,0.09900639180555423,B2-rank6-q8-r1-K2,314967744.00000006,3584,9050930.822916666,MISSING,True
development,0.1,B2-rank3-q1-r4-K2,28160834.625,4428,0.0,1806.603084415552,True
development,0.1,B2-rank3-q1-r8-K2,28578159.937499993,4197,1806.603084415552,21296.54811946909,True
development,0.1,B2-rank3-q1-r16-K4,30984669.875,4084,21296.54811946909,49096.39423076927,True
development,0.1,B2-rank3-q2-r8-K2,49494010.500000015,3707,49096.39423076927,104269.0637755099,True
development,0.1,B2-rank3-q2-r16-K4,54603194.625,3658,104269.0637755099,466268.32875,True
development,0.1,B2-rank3-q2-r32-K4,66259902.84375,3633,466268.32875,508665.46521226445,True
development,0.1,B2-rank3-q4-r8-K4,93219172.50000001,3580,508665.46521226445,519645.0677083321,True
development,0.1,B2-rank3-q4-r16-K2,105690654.12499999,3556,519645.0677083321,1818704.947916668,True
development,0.1,B2-rank3-q4-r32-K4,127515113.5,3544,1818704.947916668,2352635.6145833335,True
development,0.1,B2-rank6-q4-r1-K2,155746740.875,3532,2352635.6145833335,7399429.428571428,True
development,0.1,B2-rank3-q8-r16-K4,207542746.875,3525,7399429.428571428,7994042.54687501,True
development,0.1,B2-rank3-q8-r32-K2,255507002.15625006,3519,7994042.54687501,8870191.078125,True
development,0.1,B2-rank6-q8-r1-K2,308728148.62500006,3513,8870191.078125,MISSING,True
transfer_fixed_five,0.005,B3-rank0-q8-r32-K4,108267309639.5625,3077683,0.0,MISSING,False
transfer_fixed_five,0.0050501789923016885,B3-rank0-q8-r32-K4,106111942091.4375,3016413,0.0,MISSING,False
transfer_fixed_five,0.0051008615708570595,B3-rank0-q8-r32-K4,103999597466.625,2956366,0.0,MISSING,False
transfer_fixed_five,0.005152052789556263,B3-rank0-q8-r32-K4,101929501845.0,2897520,0.0,MISSING,False
transfer_fixed_five,0.005203757753009269,B3-rank0-q8-r32-K4,99900705415.5,2839848,0.0,MISSING,False
transfer_fixed_five,0.0052559816170548905,B3-rank0-q8-r32-K4,97912434258.0,2783328,0.0,MISSING,False
transfer_fixed_five,0.0053087295892748935,B3-rank0-q8-r32-K4,95963879274.1875,2727937,0.0,MISSING,False
transfer_fixed_five,0.005362006929513287,B3-rank0-q8-r32-K4,94054196187.5625,2673651,0.0,MISSING,False
transfer_fixed_five,0.005415818950400817,B3-rank0-q8-r32-K4,92182646256.1875,2620449,0.0,MISSING,False
transfer_fixed_five,0.005470171017884717,B3-rank0-q8-r32-K4,90348455559.9375,2568309,0.0,MISSING,False
transfer_fixed_five,0.005525068551763788,B3-rank0-q8-r32-K4,88550885356.875,2517210,0.0,MISSING,False
transfer_fixed_five,0.0055805170262288395,B3-rank0-q8-r32-K4,86789161726.875,2467130,0.0,MISSING,False
transfer_fixed_five,0.005636521970408555,B3-rank0-q8-r32-K4,85062616284.375,2418050,0.0,MISSING,False
transfer_fixed_five,0.005693088968920841,B3-rank0-q8-r32-K4,83370510287.4375,2369949,0.0,MISSING,False
transfer_fixed_five,0.005750223662429702,B3-rank0-q8-r32-K4,81712175350.5,2322808,0.0,MISSING,False
transfer_fixed_five,0.0058079317482077125,B3-rank0-q8-r32-K4,80086943088.0,2276608,0.0,MISSING,False
transfer_fixed_five,0.0058662189807041215,B3-rank0-q8-r32-K4,78494074758.0,2231328,0.0,MISSING,False
transfer_fixed_five,0.005925091172118675,B3-rank0-q8-r32-K4,76933007509.5,2186952,0.0,MISSING,False
transfer_fixed_five,0.005984554192981184,B3-rank0-q8-r32-K4,75403108135.125,2143462,0.0,MISSING,False
transfer_fixed_five,0.006044613972736912,B3-rank0-q8-r32-K4,73903673071.125,2100838,0.0,MISSING,False
transfer_fixed_five,0.00610527650033784,B3-rank0-q8-r32-K4,72434174644.6875,2059065,0.0,MISSING,False
transfer_fixed_five,0.006166547824839868,B3-rank0-q8-r32-K4,70993944470.25,2018124,0.0,MISSING,False
transfer_fixed_five,0.006228434056005994,B3-rank0-q8-r32-K4,69582454875.0,1978000,0.0,MISSING,False
transfer_fixed_five,0.006290941364915573,B3-rank0-q8-r32-K4,68199072651.5625,1938675,0.0,MISSING,False
transfer_fixed_five,0.0063540759845796685,B3-rank0-q8-r32-K4,66843305305.3125,1900135,0.0,MISSING,False
transfer_fixed_five,0.006417844210562581,B3-rank0-q8-r32-K4,65514519628.875,1862362,0.0,MISSING,False
transfer_fixed_five,0.006482252401609633,B3-rank0-q8-r32-K4,64212258305.8125,1825343,0.0,MISSING,False
transfer_fixed_five,0.006547306980281227,B3-rank0-q8-r32-K4,62935923306.9375,1789061,0.0,MISSING,False
transfer_fixed_five,0.006613014433593292,B3-rank0-q8-r32-K4,61685057315.8125,1753503,0.0,MISSING,False
transfer_fixed_five,0.006679381313664138,B3-rank0-q8-r32-K4,60459062303.25,1718652,0.0,MISSING,False
transfer_fixed_five,0.006746414238367818,B2-rank3-q1-r4-K2,58620695706.65625,9390533,0.0,82.64831144924075,True
transfer_fixed_five,0.006746414238367818,B3-rank0-q8-r32-K4,59257586487.375,1684498,82.64831144924075,MISSING,True
transfer_fixed_five,0.0068141198919940285,B2-rank3-q1-r4-K2,53830239650.71875,8623143,0.0,352.23541666666665,True
transfer_fixed_five,0.0068141198919940285,B2-rank3-q1-r8-K2,54007179828.75,8120808,352.23541666666665,629.5079395013993,True
transfer_fixed_five,0.0068141198919940285,B3-rank0-q8-r32-K4,58079961482.625,1651022,629.5079395013993,MISSING,True
transfer_fixed_five,0.006882505025914659,B2-rank3-q1-r4-K2,49580411771.15625,7942357,0.0,353.7538181563678,True
transfer_fixed_five,0.006882505025914659,B2-rank3-q1-r8-K2,49744049797.34375,7479781,353.7538181563678,1225.2330664788528,True
transfer_fixed_five,0.006882505025914659,B3-rank0-q8-r32-K4,56925835507.125,1618214,1225.2330664788528,MISSING,True
transfer_fixed_five,0.006951576459257,B2-rank3-q1-r4-K2,45793842135.65625,7335781,0.0,355.14775163403664,True
transfer_fixed_five,0.006951576459257,B2-rank3-q1-r8-K2,45945548114.6875,6908618,355.14775163403664,1850.4506522849254,True
transfer_fixed_five,0.006951576459257,B3-rank0-q8-r32-K4,55794680888.0625,1586059,1850.4506522849254,MISSING,True
transfer_fixed_five,0.007021341079583731,B2-rank3-q1-r4-K2,42406407463.21875,6793143,0.0,356.46130039937697,True
transfer_fixed_five,0.007021341079583731,B2-rank3-q1-r8-K2,42547384699.375,6397652,356.46130039937697,2506.3772291728783,True
transfer_fixed_five,0.007021341079583731,B3-rank0-q8-r32-K4,54686040309.0,1554544,2506.3772291728783,MISSING,True
transfer_fixed_five,0.007091805843579723,B2-rank3-q1-r4-K2,39364646716.21875,6305879,0.0,357.7002983860861,True
transfer_fixed_five,0.007091805843579723,B2-rank3-q1-r8-K2,39495943472.34375,5938821,357.7002983860861,3194.3516779632487,True
transfer_fixed_five,0.007091805843579723,B3-rank0-q8-r32-K4,53599526809.875,1523658,3194.3516779632487,MISSING,True
transfer_fixed_five,0.007162977777745734,B2-rank3-q1-r4-K2,36623713550.15625,5866805,0.0,358.84980498266185,True
transfer_fixed_five,0.007162977777745734,B2-rank3-q1-r8-K2,36746240662.96875,5525361,358.84980498266185,3915.7911581560525,True
transfer_fixed_five,0.007162977777745734,B3-rank0-q8-r32-K4,52534612717.875,1493386,3915.7911581560525,MISSING,True
transfer_fixed_five,0.007234863979099068,B2-rank3-q1-r4-K2,34145728285.40625,5469853,0.0,359.9655952610976,True
transfer_fixed_five,0.007234863979099068,B2-rank3-q1-r8-K2,34260302094.6875,5151562,359.9655952610976,4672.281190971608,True
transfer_fixed_five,0.007234863979099068,B3-rank0-q8-r32-K4,51490946251.125,1463718,4672.281190971608,MISSING,True
transfer_fixed_five,0.007307471615881263,B2-rank3-q1-r4-K2,31898573098.6875,5109878,0.0,361.0040270770266,True
transfer_fixed_five,0.007307471615881263,B2-rank3-q1-r8-K2,32005899595.9375,4812578,361.0040270770266,5465.504493884287,True
transfer_fixed_five,0.007307471615881263,B3-rank0-q8-r32-K4,50468034915.0,1434640,5465.504493884287,MISSING,True
transfer_fixed_five,0.007380807928272885,B2-rank3-q1-r4-K2,29854843277.8125,4782490,0.0,361.9641770813115,True
transfer_fixed_five,0.007380807928272885,B2-rank3-q1-r8-K2,29955546779.375,4504276,361.9641770813115,6297.332571234814,True
transfer_fixed_five,0.007380807928272885,B3-rank0-q8-r32-K4,49465526927.625,1406142,6297.332571234814,MISSING,True
transfer_fixed_five,0.0074548802291154945,B2-rank3-q1-r4-K2,27991054420.21875,4483927,0.0,362.89330360395076,True
transfer_fixed_five,0.0074548802291154945,B2-rank3-q1-r8-K2,28085700985.625,4223116,362.89330360395076,7169.7373511638,True
transfer_fixed_five,0.0074548802291154945,B3-rank0-q8-r32-K4,48482929794.375,1378210,7169.7373511638,MISSING,True
transfer_fixed_five,0.007529695904640853,B2-rank3-q1-r4-K2,26286986967.1875,4210950,0.0,363.75490436519766,True
transfer_fixed_five,0.007529695904640853,B2-rank3-q1-r8-K2,26376071634.53125,3966047,363.75490436519766,8084.948859607271,True
transfer_fixed_five,0.007529695904640853,B3-rank0-q8-r32-K4,47519926911.5625,1350835,8084.948859607271,MISSING,True
transfer_fixed_five,0.00760526241520746,B2-rank3-q1-r4-K2,24725161831.21875,3960759,0.0,364.64534873308355,True
transfer_fixed_five,0.00760526241520746,B2-rank3-q1-r8-K2,24809148041.875,3730436,364.64534873308355,9045.305631272773,True
transfer_fixed_five,0.00760526241520746,B3-rank0-q8-r32-K4,46576060962.75,1324004,9045.305631272773,MISSING,True
transfer_fixed_five,0.007681587296044463,B2-rank3-q1-r4-K2,23290434631.5,3730928,0.0,365.3905673070274,True
transfer_fixed_five,0.007681587296044463,B2-rank3-q1-r8-K2,23369700634.21875,3513993,365.3905673070274,10053.451929707258,True
transfer_fixed_five,0.007681587296044463,B3-rank0-q8-r32-K4,45651015344.25,1297708,10053.451929707258,MISSING,True
transfer_fixed_five,0.007758678158003055,B2-rank3-q1-r4-K2,21969571201.78125,3519337,0.0,366.1459679390059,True
transfer_fixed_five,0.007758678158003055,B2-rank3-q1-r8-K2,22044488328.28125,3314727,366.1459679390059,11112.1835162519,True
transfer_fixed_five,0.007758678158003055,B3-rank0-q8-r32-K4,44744367917.8125,1271935,11112.1835162519,MISSING,True
transfer_fixed_five,0.007836542688315398,B2-rank3-q1-r4-K2,20751022859.25,3324136,0.0,366.8812404264623,True
transfer_fixed_five,0.007836542688315398,B2-rank3-q1-r8-K2,20821919357.03125,3130895,366.8812404264623,12224.606226731088,True
transfer_fixed_five,0.007836542688315398,B3-rank0-q8-r32-K4,43855766901.5625,1246675,12224.606226731088,MISSING,True
transfer_fixed_five,0.007915188651361163,B2-rank3-q1-r4-K2,19624657975.6875,3143702,0.0,367.5680391306489,True
transfer_fixed_five,0.007915188651361163,B2-rank3-q1-r8-K2,19691825153.75,2960968,367.5680391306489,13394.114809738076,True
transfer_fixed_five,0.007915188651361163,B3-rank0-q8-r32-K4,42984860513.625,1221918,13394.114809738076,MISSING,True
transfer_fixed_five,0.007994623889441776,B2-rank3-q1-r4-K2,18581555973.9375,2976606,0.0,368.1849968353699,True
transfer_fixed_five,0.007994623889441776,B2-rank3-q1-r8-K2,18645254187.5,2803600,368.1849968353699,14624.428707207466,True
transfer_fixed_five,0.007994623889441776,B3-rank0-q8-r32-K4,42131296972.125,1197654,14624.428707207466,MISSING,True
transfer_fixed_five,0.008074856323562416,B2-rank3-q1-r4-K2,17613838779.5625,2821586,0.0,368.86738169288935,True
transfer_fixed_five,0.008074856323562416,B2-rank3-q1-r8-K2,17674325652.8125,2657606,368.86738169288935,15919.540607809418,True
transfer_fixed_five,0.008074856323562416,B3-rank0-q8-r32-K4,41294689317.0,1173872,15919.540607809418,MISSING,True
transfer_fixed_five,0.00815589395422187,B2-rank3-q1-r4-K2,16714533485.15625,2677525,0.0,369.4860984356723,True
transfer_fixed_five,0.00815589395422187,B2-rank3-q1-r8-K2,16772023305.15625,2521931,369.4860984356723,17284.018659916528,True
transfer_fixed_five,0.00815589395422187,B3-rank0-q8-r32-K4,40474756122.75,1150564,17284.018659916528,MISSING,True
transfer_fixed_five,0.008237744862210327,B2-rank3-q1-r4-K2,15877453742.25,2543432,0.0,370.0420524900196,True
transfer_fixed_five,0.008237744862210327,B2-rank3-q1-r8-K2,15932142257.1875,2395642,370.0420524900196,18722.72067950893,True
transfer_fixed_five,0.008237744862210327,B3-rank0-q8-r32-K4,39671110429.3125,1127719,18722.72067950893,MISSING,True
transfer_fixed_five,0.008320417209415154,B2-rank3-q1-r4-K2,15097087395.75,2418424,0.0,370.50266626991754,True
transfer_fixed_five,0.008320417209415154,B2-rank3-q1-r8-K2,15149149318.90625,2277907,370.50266626991754,20241.145145381586,True
transfer_fixed_five,0.008320417209415154,B3-rank0-q8-r32-K4,38883470811.1875,1105329,20241.145145381586,MISSING,True
transfer_fixed_five,0.00840391923963477,B2-rank3-q1-r4-K2,14368502845.96875,2301711,0.0,371.11474333328346,True
transfer_fixed_five,0.00840391923963477,B2-rank3-q1-r8-K2,14418129793.90625,2167987,371.11474333328346,21845.187310558566,True
transfer_fixed_five,0.00840391923963477,B3-rank0-q8-r32-K4,38111485486.5,1083384,21845.187310558566,MISSING,True
transfer_fixed_five,0.008488259279400698,B2-rank3-q1-r4-K2,13687317835.96875,2192591,0.0,371.52180608547854,True
transfer_fixed_five,0.008488259279400698,B2-rank3-q1-r8-K2,13734641169.0625,2065214,371.52180608547854,23541.64983354313,True
transfer_fixed_five,0.008488259279400698,B3-rank0-q8-r32-K4,37354873029.75,1061876,23541.64983354313,MISSING,True
transfer_fixed_five,0.008573445738807854,B2-rank3-q1-r4-K2,13049562115.875,2090428,0.0,372.0950902562751,True
transfer_fixed_five,0.008573445738807854,B2-rank3-q1-r8-K2,13094746366.875,1968996,372.0950902562751,25337.826406351003,True
transfer_fixed_five,0.008573445738807854,B3-rank0-q8-r32-K4,36613316837.25,1040796,25337.826406351003,MISSING,True
transfer_fixed_five,0.008659487112353172,B2-rank3-q1-r4-K2,12451708655.53125,1994657,0.0,372.50159349053183,True
transfer_fixed_five,0.008659487112353172,B2-rank3-q1-r8-K2,12494867435.15625,1878795,372.50159349053183,27242.019973163126,True
transfer_fixed_five,0.008659487112353172,B3-rank0-q8-r32-K4,35886500305.3125,1020135,27242.019973163126,MISSING,True
transfer_fixed_five,0.00874639197978264,B2-rank3-q1-r4-K2,11890548793.875,1904764,0.0,372.9751071673913,True
transfer_fixed_five,0.00874639197978264,B2-rank3-q1-r8-K2,11931812148.90625,1794131,372.9751071673913,29263.38925160624,True
transfer_fixed_five,0.00874639197978264,B3-rank0-q8-r32-K4,35174142008.4375,999885,29263.38925160624,MISSING,True
transfer_fixed_five,0.008834169006946852,B2-rank3-q1-r4-K2,11363210966.53125,1820289,0.0,373.3405588175481,True
transfer_fixed_five,0.008834169006946852,B2-rank3-q1-r8-K2,11402680903.75,1714568,373.3405588175481,31412.21328873458,True
transfer_fixed_five,0.008834169006946852,B3-rank0-q8-r32-K4,34475925342.9375,980037,31412.21328873458,MISSING,True
transfer_fixed_five,0.008922826946665132,B2-rank3-q1-r4-K2,10867073310.375,1740812,0.0,373.75992931433547,True
transfer_fixed_five,0.008922826946665132,B2-rank3-q1-r8-K2,10904860065.46875,1639713,373.75992931433547,33700.24380414112,True
transfer_fixed_five,0.008922826946665132,B3-rank0-q8-r32-K4,33791639239.6875,960585,33700.24380414112,MISSING,True
transfer_fixed_five,0.009012374639598334,B2-rank3-q1-r4-K2,10399769906.0625,1665954,0.0,374.2365047935294,True
transfer_fixed_five,0.009012374639598334,B2-rank3-q1-r8-K2,10435975416.71875,1569209,374.2365047935294,36140.49581605102,True
transfer_fixed_five,0.009012374639598334,B3-rank0-q8-r32-K4,33120967095.0,941520,36140.49581605102,MISSING,True
transfer_fixed_five,0.009102821015130401,B2-rank3-q1-r4-K2,9959165807.90625,1595373,0.0,374.5574064679087,True
transfer_fixed_five,0.009102821015130401,B2-rank3-q1-r8-K2,9993865555.15625,1502731,374.5574064679087,38747.59496368118,True
transfer_fixed_five,0.009102821015130401,B3-rank0-q8-r32-K4,32463557127.0,922832,38747.59496368118,MISSING,True
transfer_fixed_five,0.009194175092258776,B2-rank3-q1-r4-K2,9543300861.09375,1528755,0.0,374.9172835533801,True
transfer_fixed_five,0.009194175092258776,B2-rank3-q1-r8-K2,9576581893.4375,1439986,374.9172835533801,41538.701081668594,True
transfer_fixed_five,0.009194175092258776,B3-rank0-q8-r32-K4,31819268622.9375,904517,41538.701081668594,MISSING,True
transfer_fixed_five,0.009286445980493743,B2-rank3-q1-r4-K2,9150408429.28125,1465817,0.0,375.2828941957467,True
transfer_fixed_five,0.009286445980493743,B2-rank3-q1-r8-K2,9182348756.40625,1380707,375.2828941957467,44532.868014947686,True
transfer_fixed_five,0.009286445980493743,B3-rank0-q8-r32-K4,31187820157.3125,886567,44532.868014947686,MISSING,True
transfer_fixed_five,0.009379642880766792,B2-rank3-q1-r4-K2,8778859211.8125,1406298,0.0,375.63890921616655,True
transfer_fixed_five,0.009379642880766792,B2-rank3-q1-r8-K2,8809530128.75,1324648,375.63890921616655,47751.75743181559,True
transfer_fixed_five,0.009379642880766792,B3-rank0-q8-r32-K4,30568859948.25,868972,47751.75743181559,MISSING,True
transfer_fixed_five,0.009473775086348108,B2-rank3-q1-r4-K2,8427167486.25,1349960,0.0,375.90804264060426,True
transfer_fixed_five,0.009473775086348108,B2-rank3-q1-r8-K2,8456629655.0,1271584,375.90804264060426,51221.413122594415,True
transfer_fixed_five,0.009473775086348108,B3-rank0-q8-r32-K4,29962247283.0,851728,51221.413122594415,MISSING,True
transfer_fixed_five,0.009568851983773266,B2-rank3-q1-r4-K2,8093984865.84375,1296587,0.0,376.2132293354943,True
transfer_fixed_five,0.009568851983773266,B2-rank3-q1-r8-K2,8122303940.46875,1221313,376.2132293354943,54970.67628735258,True
transfer_fixed_five,0.009568851983773266,B3-rank0-q8-r32-K4,29367700736.0625,834827,54970.67628735258,MISSING,True
transfer_fixed_five,0.009664883053779216,B2-rank3-q1-r4-K2,7778056601.8125,1245978,0.0,376.5891272189349,True
transfer_fixed_five,0.009664883053779216,B2-rank3-q1-r8-K2,7805296046.5625,1173646,376.5891272189349,59033.82823526805,True
transfer_fixed_five,0.009664883053779216,B3-rank0-q8-r32-K4,28784974060.125,818262,59033.82823526805,MISSING,True
transfer_fixed_five,0.009761877872249677,B2-rank3-q1-r4-K2,7478252796.0,1197952,0.0,376.78879220471083,True
transfer_fixed_five,0.009761877872249677,B2-rank3-q1-r8-K2,7504455442.1875,1128410,376.78879220471083,63450.92150867536,True
transfer_fixed_five,0.009761877872249677,B3-rank0-q8-r32-K4,28213821007.875,802026,63450.92150867536,MISSING,True
transfer_fixed_five,0.009859846111170006,B2-rank3-q1-r4-K2,7193518460.625,1152340,0.0,377.1238820431747,True
transfer_fixed_five,0.009859846111170006,B2-rank3-q1-r8-K2,7218744654.21875,1085449,377.1238820431747,68268.37536883596,True
transfer_fixed_five,0.009859846111170006,B3-rank0-q8-r32-K4,27653995332.0,786112,68268.37536883596,MISSING,True
transfer_fixed_five,0.009958797539591653,B2-rank3-q1-r4-K2,6922886003.34375,1108987,0.0,377.3909454032809,True
transfer_fixed_five,0.009958797539591653,B2-rank3-q1-r8-K2,6947179413.28125,1044615,377.3909454032809,73543.01980401769,True
transfer_fixed_five,0.009958797539591653,B3-rank0-q8-r32-K4,27105321141.5625,770515,73543.01980401769,MISSING,True
transfer_fixed_five,0.0100587420246063,B2-rank3-q1-r4-K2,6665462742.1875,1067750,0.0,377.6593257874016,True
transfer_fixed_five,0.0100587420246063,B2-rank3-q1-r8-K2,6688868556.5625,1005774,377.6593257874016,79341.45279783952,True
transfer_fixed_five,0.0100587420246063,B3-rank0-q8-r32-K4,26567552189.25,755228,79341.45279783952,MISSING,True
transfer_fixed_five,0.010159689532329779,B2-rank3-q1-r4-K2,6420437148.09375,1028499,0.0,377.86331265913964,True
transfer_fixed_five,0.010159689532329779,B2-rank3-q1-r8-K2,6442994076.40625,968803,377.86331265913964,85743.49796483075,True
transfer_fixed_five,0.010159689532329779,B3-rank0-q8-r32-K4,26040442227.75,740244,85743.49796483075,MISSING,True
transfer_fixed_five,0.010261650128895843,B2-rank3-q1-r4-K2,6187041389.71875,991111,0.0,377.9770311820947,True
transfer_fixed_five,0.010261650128895843,B2-rank3-q1-r8-K2,6208784518.4375,933586,377.9770311820947,92848.84186127281,True
transfer_fixed_five,0.010261650128895843,B3-rank0-q8-r32-K4,25523850544.3125,725559,92848.84186127281,MISSING,True
transfer_fixed_five,0.010364633981459941,B2-rank3-q1-r4-K2,5964570061.03125,955473,0.0,378.2986416669672,True
transfer_fixed_five,0.010364633981459941,B2-rank3-q1-r8-K2,5985548233.90625,900019,378.2986416669672,100775.98292612945,True
transfer_fixed_five,0.010364633981459941,B3-rank0-q8-r32-K4,25017495713.4375,711165,100775.98292612945,MISSING,True
transfer_fixed_five,0.01046865135921304,B2-rank3-q1-r4-K2,5752373938.78125,921481,0.0,378.5829420192973,True
transfer_fixed_five,0.01046865135921304,B2-rank3-q1-r8-K2,5772620175.9375,868002,378.5829420192973,109676.95178793932,True
transfer_fixed_five,0.01046865135921304,B3-rank0-q8-r32-K4,24521237022.375,697058,109676.95178793932,MISSING,True
transfer_fixed_five,0.010573712634405642,B2-rank3-q1-r4-K2,5549859982.5,889040,0.0,378.75413981490453,True
transfer_fixed_five,0.010573712634405642,B2-rank3-q1-r8-K2,5569401802.34375,837445,378.75413981490453,119737.971295148,True
transfer_fixed_five,0.010573712634405642,B3-rank0-q8-r32-K4,24034793045.625,683230,119737.971295148,MISSING,True
transfer_fixed_five,0.010679828283382063,B2-rank3-q1-r4-K2,5356460121.84375,858059,0.0,379.0411066623155,True
transfer_fixed_five,0.010679828283382063,B2-rank3-q1-r8-K2,5375334473.75,808264,379.0411066623155,131200.53537985164,True
transfer_fixed_five,0.010679828283382063,B3-rank0-q8-r32-K4,23558023070.4375,669677,131200.53537985164,MISSING,True
transfer_fixed_five,0.010787008887625097,B2-rank3-q1-r4-K2,5171649984.1875,828454,0.0,379.32747724908995,True
transfer_fixed_five,0.010787008887625097,B2-rank3-q1-r8-K2,5189886152.65625,780379,379.32747724908995,144377.83197321673,True
transfer_fixed_five,0.010787008887625097,B3-rank0-q8-r32-K4,23090716027.6875,656393,144377.83197321673,MISSING,True
transfer_fixed_five,0.010895265134811176,B2-rank3-q1-r4-K2,4994961379.6875,800150,0.0,379.40699571416263,True
transfer_fixed_five,0.010895265134811176,B2-rank3-q1-r8-K2,5012578005.3125,753718,379.40699571416263,159683.8359975395,True
transfer_fixed_five,0.010895265134811176,B3-rank0-q8-r32-K4,22632731204.625,643374,159683.8359975395,MISSING,True
transfer_fixed_five,0.011004607819876085,B2-rank3-q1-r4-K2,4825926118.5,773072,0.0,379.5147319438252,True
transfer_fixed_five,0.011004607819876085,B2-rank3-q1-r8-K2,4842951149.375,728212,379.5147319438252,177674.68113979138,True
transfer_fixed_five,0.011004607819876085,B3-rank0-q8-r32-K4,22183822353.9375,630613,177674.68113979138,MISSING,True
transfer_fixed_five,0.011115047846091417,B2-rank3-q1-r4-K2,4664125951.03125,747153,0.0,379.67141693576286,True
transfer_fixed_five,0.011115047846091417,B2-rank3-q1-r8-K2,4680586605.3125,703798,379.67141693576286,199120.42966607542,True
transfer_fixed_five,0.011115047846091417,B3-rank0-q8-r32-K4,21743813584.6875,618105,199120.42966607542,MISSING,True
transfer_fixed_five,0.011226596226151802,B2-rank3-q1-r4-K2,4509186325.40625,722333,0.0,379.8008064131316,True
transfer_fixed_five,0.011226596226151802,B2-rank3-q1-r8-K2,4525105296.40625,680419,379.8008064131316,217255.6388819251,True
transfer_fixed_five,0.011226596226151802,B1-rank12-q1-r0-K0,12866201040.0,642026,217255.6388819251,233461.35388795988,True
transfer_fixed_five,0.011226596226151802,B3-rank0-q8-r32-K4,21312599362.3125,605847,233461.35388795988,MISSING,True
transfer_fixed_five,0.011339264083273048,B2-rank3-q1-r4-K2,4360720204.6875,698550,0.0,379.9691802050181,True
transfer_fixed_five,0.011339264083273048,B2-rank3-q1-r8-K2,4376121495.46875,658017,379.9691802050181,217038.25483764094,True
transfer_fixed_five,0.011339264083273048,B1-rank12-q1-r0-K0,12441914160.0,620854,217038.25483764094,312621.9924254339,True
transfer_fixed_five,0.011339264083273048,B3-rank0-q8-r32-K4,20889898261.3125,593831,312621.9924254339,MISSING,True
transfer_fixed_five,0.011453062652301322,B2-rank3-q1-r4-K2,4218396734.71875,675751,0.0,380.1663991366778,True
transfer_fixed_five,0.011453062652301322,B2-rank3-q1-r8-K2,4233302679.0625,636542,380.1663991366778,216828.40645148963,True
transfer_fixed_five,0.011453062652301322,B1-rank12-q1-r0-K0,12035222400.0,600560,216828.40645148963,456115.5106896785,True
transfer_fixed_five,0.011453062652301322,B3-rank0-q8-r32-K4,20475639925.3125,582055,456115.5106896785,MISSING,True
transfer_fixed_five,0.011568003280833442,B2-rank3-q1-r4-K2,4081891303.875,653884,0.0,380.2061116236162,True
transfer_fixed_five,0.011568003280833442,B2-rank3-q1-r8-K2,4096316323.75,615944,380.2061116236162,216622.1165131428,True
transfer_fixed_five,0.011568003280833442,B1-rank12-q1-r0-K0,11645163840.0,581096,216622.1165131428,795878.988078649,True
transfer_fixed_five,0.011568003280833442,B3-rank0-q8-r32-K4,20069542928.8125,570511,795878.988078649,MISSING,True
transfer_fixed_five,0.011684097430348409,B2-rank3-q1-r4-K2,3950904270.65625,632901,0.0,380.68734170751634,True
transfer_fixed_five,0.011684097430348409,B2-rank3-q1-r8-K2,3964883109.84375,596181,380.68734170751634,216410.95172263775,True
transfer_fixed_five,0.011684097430348409,B1-rank12-q1-r0-K0,11270916840.0,562421,216410.95172263775,2605651.388162996,True
transfer_fixed_five,0.011684097430348409,B3-rank0-q8-r32-K4,19671536915.4375,559197,2605651.388162996,MISSING,True
transfer_fixed_five,0.011801356677350336,B2-rank3-q1-r4-K2,3825167206.21875,612759,0.0,380.56676312162466,True
transfer_fixed_five,0.011801356677350336,B2-rank3-q1-r8-K2,3838697115.78125,577207,380.56676312162466,216227.04057408057,True
transfer_fixed_five,0.011801356677350336,B1-rank12-q1-r0-K0,10911699840.0,544496,216227.04057408057,MISSING,True
transfer_fixed_five,0.011919792714522783,B2-rank3-q1-r4-K2,3704399196.65625,593413,0.0,380.67986562926603,True
transfer_fixed_five,0.011919792714522783,B2-rank3-q1-r8-K2,3717505623.75,558984,380.67986562926603,216042.82295839512,True
transfer_fixed_five,0.011919792714522783,B1-rank12-q1-r0-K0,10566711240.0,527281,216042.82295839512,MISSING,True
transfer_fixed_five,0.012039417351894737,B2-rank3-q1-r4-K2,3588363025.78125,574825,0.0,380.7958208395802,True
transfer_fixed_five,0.012039417351894737,B2-rank3-q1-r8-K2,3601062566.40625,541475,380.7958208395802,215865.91330471318,True
transfer_fixed_five,0.012039417351894737,B1-rank12-q1-r0-K0,10235269680.0,510742,215865.91330471318,MISSING,True
transfer_fixed_five,0.012160242518018245,B2-rank3-q1-r4-K2,3476827719.9375,556958,0.0,380.8825366338625,True
transfer_fixed_five,0.012160242518018245,B2-rank3-q1-r8-K2,3489135177.34375,524645,380.8825366338625,215681.9765328764,True
transfer_fixed_five,0.012160242518018245,B1-rank12-q1-r0-K0,9916673760.0,494844,215681.9765328764,MISSING,True
transfer_fixed_five,0.012282280261157904,B2-rank3-q1-r4-K2,3369568548.0,539776,0.0,381.1414048778541,True
transfer_fixed_five,0.012282280261157904,B2-rank3-q1-r8-K2,3381503991.09375,508461,381.1414048778541,215508.36691368543,True
transfer_fixed_five,0.012282280261157904,B1-rank12-q1-r0-K0,9610342320.0,479558,215508.36691368543,MISSING,True
transfer_fixed_five,0.01240554275049227,B2-rank3-q1-r4-K2,3266385748.96875,523247,0.0,381.1583768447753,True
transfer_fixed_five,0.01240554275049227,B2-rank3-q1-r8-K2,3277956192.65625,492891,381.1583768447753,215348.21726089632,True
transfer_fixed_five,0.01240554275049227,B1-rank12-q1-r0-K0,9315674160.0,464854,215348.21726089632,MISSING,True
transfer_fixed_five,0.012530042277327312,B2-rank3-q1-r4-K2,3167085804.375,507340,0.0,381.1967699945639,True
transfer_fixed_five,0.012530042277327312,B2-rank3-q1-r8-K2,3178305568.90625,477907,381.1967699945639,215189.5964082546,True
transfer_fixed_five,0.012530042277327312,B1-rank12-q1-r0-K0,9032108160.0,450704,215189.5964082546,MISSING,True
transfer_fixed_five,0.01265579125632208,B2-rank3-q1-r4-K2,3071481438.28125,492025,0.0,381.32246487878365,True
transfer_fixed_five,0.01265579125632208,B2-rank3-q1-r8-K2,3082365906.71875,463481,381.32246487878365,215036.83371647602,True
transfer_fixed_five,0.01265579125632208,B1-rank12-q1-r0-K0,8759123280.0,437082,215036.83371647602,MISSING,True
transfer_fixed_five,0.012782802226726633,B2-rank3-q1-r4-K2,2979410344.875,477276,0.0,381.160353615154,True
transfer_fixed_five,0.012782802226726633,B2-rank3-q1-r8-K2,2989964293.90625,449587,381.160353615154,214877.43165243903,True
transfer_fixed_five,0.012782802226726633,B1-rank12-q1-r0-K0,8496198480.0,423962,214877.43165243903,MISSING,True
transfer_fixed_five,0.012911087853632416,B2-rank3-q1-r4-K2,2890697733.28125,463065,0.0,381.82886140272507,True
transfer_fixed_five,0.012911087853632416,B2-rank3-q1-r8-K2,2900954420.15625,436203,381.82886140272507,214727.81493061138,True
transfer_fixed_five,0.012911087853632416,B1-rank12-q1-r0-K0,8242953000.0,411325,214727.81493061138,MISSING,True
transfer_fixed_five,0.013040660929235186,B2-rank3-q1-r4-K2,2805206267.8125,449370,0.0,381.7114853460181,True
transfer_fixed_five,0.013040660929235186,B2-rank3-q1-r8-K2,2815156722.8125,423302,381.7114853460181,214584.14029836073,True
transfer_fixed_five,0.013040660929235186,B1-rank12-q1-r0-K0,7998865800.0,399145,214584.14029836073,MISSING,True
transfer_fixed_five,0.01317153437411059,B2-rank3-q1-r4-K2,2722773642.65625,436165,0.0,381.98291940041895,True
transfer_fixed_five,0.01317153437411059,B2-rank3-q1-r8-K2,2732438192.5,410864,381.98291940041895,214446.0137035932,True
transfer_fixed_five,0.01317153437411059,B1-rank12-q1-r0-K0,7763556120.0,387403,214446.0137035932,MISSING,True
transfer_fixed_five,0.013303721238502573,B2-rank3-q1-r4-K2,2643287492.25,423432,0.0,381.8070917131458,True
transfer_fixed_five,0.013303721238502573,B2-rank3-q1-r8-K2,2652665819.84375,398869,381.8070917131458,214312.93080680372,True
transfer_fixed_five,0.013303721238502573,B1-rank12-q1-r0-K0,7536643200.0,376080,214312.93080680372,MISSING,True
transfer_fixed_five,0.013437234703624701,B2-rank3-q1-r4-K2,2566591753.3125,411146,0.0,382.18970003983395,True
transfer_fixed_five,0.013437234703624701,B2-rank3-q1-r8-K2,2575706595.46875,387297,382.18970003983395,214184.26759400408,True
transfer_fixed_five,0.013437234703624701,B1-rank12-q1-r0-K0,7317746280.0,365157,214184.26759400408,MISSING,True
transfer_fixed_five,0.013572088082974531,B2-rank3-q1-r4-K2,2492586545.34375,399291,0.0,382.2920251176547,True
transfer_fixed_five,0.013572088082974531,B2-rank3-q1-r8-K2,2501440810.9375,376130,382.2920251176547,214049.63414811285,True
transfer_fixed_five,0.013572088082974531,B1-rank12-q1-r0-K0,7106504640.0,354616,214049.63414811285,MISSING,True
transfer_fixed_five,0.013708294823661217,B2-rank3-q1-r4-K2,2421153260.25,387848,0.0,381.7435038779501,True
transfer_fixed_five,0.013708294823661217,B2-rank3-q1-r8-K2,2429742107.34375,365349,381.7435038779501,213930.33923169362,True
transfer_fixed_five,0.013708294823661217,B1-rank12-q1-r0-K0,6902597640.0,344441,213930.33923169362,MISSING,True
transfer_fixed_five,0.01384586850774637,B2-rank3-q1-r4-K2,2352160804.875,376796,0.0,382.3468727122987,True
transfer_fixed_five,0.01384586850774637,B2-rank3-q1-r8-K2,2360517378.125,354940,382.3468727122987,213807.37597180533,True
transfer_fixed_five,0.01384586850774637,B1-rank12-q1-r0-K0,6705724680.0,334617,213807.37597180533,MISSING,True
transfer_fixed_five,0.01398482285359845,B2-rank3-q1-r4-K2,2285534268.84375,366123,0.0,382.3184286269247,True
transfer_fixed_five,0.01398482285359845,B2-rank3-q1-r8-K2,2293653565.3125,344886,382.3184286269247,213692.94906552107,True
transfer_fixed_five,0.01398482285359845,B1-rank12-q1-r0-K0,6515585160.0,325129,213692.94906552107,MISSING,True
transfer_fixed_five,0.014125171717260689,B2-rank3-q1-r4-K2,2221155044.0625,355810,0.0,382.588807660626,True
transfer_fixed_five,0.014125171717260689,B2-rank3-q1-r8-K2,2229050911.875,335172,382.588807660626,213565.53683436572,True
transfer_fixed_five,0.014125171717260689,B1-rank12-q1-r0-K0,6331858440.0,315961,213565.53683436572,MISSING,True
transfer_fixed_five,0.01426692909383278,B2-rank3-q1-r4-K2,2158941977.625,345844,0.0,382.2183917177608,True
transfer_fixed_five,0.01426692909383278,B2-rank3-q1-r8-K2,2166609660.78125,325783,382.2183917177608,213476.148780447,True
transfer_fixed_five,0.01426692909383278,B1-rank12-q1-r0-K0,6154344120.0,307103,213476.148780447,MISSING,True
transfer_fixed_five,0.014410109118866412,B2-rank3-q1-r4-K2,2098801431.5625,336210,0.0,382.2800385857861,True
transfer_fixed_five,0.014410109118866412,B2-rank3-q1-r8-K2,2106256656.875,316708,382.2800385857861,213355.98564175243,True
transfer_fixed_five,0.014410109118866412,B1-rank12-q1-r0-K0,5982721560.0,298539,213355.98564175243,MISSING,True
transfer_fixed_five,0.01455472606977483,B2-rank3-q1-r4-K2,2040639767.90625,326893,0.0,382.48906802120143,True
transfer_fixed_five,0.01455472606977483,B2-rank3-q1-r8-K2,2047892143.125,307932,382.48906802120143,213257.4105627228,True
transfer_fixed_five,0.01455472606977483,B1-rank12-q1-r0-K0,5816790360.0,290259,213257.4105627228,MISSING,True
transfer_fixed_five,0.014700794367256513,B2-rank3-q1-r4-K2,1984394561.34375,317883,0.0,382.63659290595507,True
transfer_fixed_five,0.014700794367256513,B2-rank3-q1-r8-K2,1991449614.84375,299445,382.63659290595507,213134.07299542017,True
transfer_fixed_five,0.014700794367256513,B1-rank12-q1-r0-K0,5656290000.0,282250,213134.07299542017,MISSING,True
transfer_fixed_five,0.014848328576733167,B2-rank3-q1-r4-K2,1929978416.4375,309166,0.0,382.7905141646219,True
transfer_fixed_five,0.014848328576733167,B2-rank3-q1-r8-K2,1936842615.9375,291234,382.7905141646219,213043.48739166168,True
transfer_fixed_five,0.014848328576733167,B1-rank12-q1-r0-K0,5501060160.0,274504,213043.48739166168,MISSING,True
transfer_fixed_five,0.014997343409802133,B2-rank3-q1-r4-K2,1877322665.34375,300731,0.0,382.69368263773436,True
transfer_fixed_five,0.014997343409802133,B2-rank3-q1-r8-K2,1883997991.25,283288,382.69368263773436,212951.00299447175,True
transfer_fixed_five,0.014997343409802133,B1-rank12-q1-r0-K0,5350840320.0,267008,212951.00299447175,MISSING,True
transfer_fixed_five,0.015147853725703382,B2-rank3-q1-r4-K2,1826358640.21875,292567,0.0,382.4747127283441,True
transfer_fixed_five,0.015147853725703382,B2-rank3-q1-r8-K2,1832849236.09375,275597,382.4747127283441,212848.27036328494,True
transfer_fixed_five,0.015147853725703382,B1-rank12-q1-r0-K0,5205430080.0,259752,212848.27036328494,MISSING,True
transfer_fixed_five,0.015299874532801216,B2-rank3-q1-r4-K2,1777017673.21875,284663,0.0,382.70383570044214,True
transfer_fixed_five,0.015299874532801216,B2-rank3-q1-r8-K2,1783336496.25,268152,382.70383570044214,212742.0010211359,True
transfer_fixed_five,0.015299874532801216,B1-rank12-q1-r0-K0,5064669120.0,252728,212742.0010211359,MISSING,True
transfer_fixed_five,0.015453420990080862,B2-rank3-q1-r4-K2,1729237339.03125,277009,0.0,382.7271756550694,True
transfer_fixed_five,0.015453420990080862,B2-rank3-q1-r8-K2,1735386616.5625,260942,382.7271756550694,212653.377518315,True
transfer_fixed_five,0.015453420990080862,B1-rank12-q1-r0-K0,4928377080.0,245927,212653.377518315,MISSING,True
transfer_fixed_five,0.015608508408660068,B2-rank3-q1-r4-K2,1682961454.875,269596,0.0,382.7421120579395,True
transfer_fixed_five,0.015608508408660068,B2-rank3-q1-r8-K2,1688946393.28125,253959,382.7421120579395,212560.85961548326,True
transfer_fixed_five,0.015608508408660068,B1-rank12-q1-r0-K0,4796373600.0,239340,212560.85961548326,MISSING,True
transfer_fixed_five,0.015765152253315866,B2-rank3-q1-r4-K2,1638127595.4375,262414,0.0,382.941967805519,True
transfer_fixed_five,0.015765152253315866,B2-rank3-q1-r8-K2,1643955972.1875,247194,382.941967805519,212488.57860141213,True
transfer_fixed_five,0.015765152253315866,B1-rank12-q1-r0-K0,4668518400.0,232960,212488.57860141213,MISSING,True
transfer_fixed_five,0.015923368144026683,B2-rank3-q1-r4-K2,1594685820.46875,255455,0.0,382.6468646655868,True
transfer_fixed_five,0.015923368144026683,B2-rank3-q1-r8-K2,1600355499.0625,240638,382.6468646655868,212412.92698488565,True
transfer_fixed_five,0.015923368144026683,B1-rank12-q1-r0-K0,4544611080.0,226777,212412.92698488565,MISSING,True
transfer_fixed_five,0.016083171857529898,B2-rank3-q1-r4-K2,1552579947.1875,248710,0.0,383.5118119107044,True
transfer_fixed_five,0.016083171857529898,B2-rank3-q1-r8-K2,1558111721.5625,234286,383.5118119107044,212311.65679857048,True
transfer_fixed_five,0.016083171857529898,B1-rank12-q1-r0-K0,4424531400.0,220785,212311.65679857048,MISSING,True
transfer_fixed_five,0.016244579328895038,B2-rank3-q1-r4-K2,1511772520.40625,242173,0.0,382.95344760074045,True
transfer_fixed_five,0.016244579328895038,B2-rank3-q1-r8-K2,1517151484.53125,228127,382.95344760074045,212224.7399793742,True
transfer_fixed_five,0.016244579328895038,B1-rank12-q1-r0-K0,4308119040.0,214976,212224.7399793742,MISSING,True
transfer_fixed_five,0.016407606653112798,B2-rank3-q1-r4-K2,1472201114.8125,235834,0.0,382.61352026829445,True
transfer_fixed_five,0.016407606653112798,B2-rank3-q1-r8-K2,1477434885.15625,222155,382.61352026829445,212165.41099482827,True
transfer_fixed_five,0.016407606653112798,B1-rank12-q1-r0-K0,4195273800.0,209345,212165.41099482827,MISSING,True
transfer_fixed_five,0.016572270086699935,B2-rank3-q1-r4-K2,1433828275.21875,229687,0.0,382.8551174748536,True
transfer_fixed_five,0.016572270086699935,B2-rank3-q1-r8-K2,1438928671.09375,216365,382.8551174748536,212074.88894369442,True
transfer_fixed_five,0.016572270086699935,B1-rank12-q1-r0-K0,4085835360.0,203884,212074.88894369442,MISSING,True
transfer_fixed_five,0.016738586049320336,B2-rank3-q1-r4-K2,1396610303.90625,223725,0.0,382.42153184480236,True
transfer_fixed_five,0.016738586049320336,B2-rank3-q1-r8-K2,1401572988.125,210748,382.42153184480236,211998.23138516568,True
transfer_fixed_five,0.016738586049320336,B1-rank12-q1-r0-K0,3979683480.0,198587,211998.23138516568,MISSING,True
transfer_fixed_five,0.016906571125422338,B2-rank3-q1-r4-K2,1360497260.625,217940,0.0,383.2257713607595,True
transfer_fixed_five,0.016906571125422338,B2-rank3-q1-r8-K2,1365341234.375,205300,383.2257713607595,211932.2165084388,True
transfer_fixed_five,0.016906571125422338,B1-rank12-q1-r0-K0,3876738000.0,193450,211932.2165084388,MISSING,True
transfer_fixed_five,0.01707624206589244,B2-rank3-q1-r4-K2,1325464175.25,212328,0.0,382.95012941534713,True
transfer_fixed_five,0.01707624206589244,B2-rank3-q1-r8-K2,1330180206.09375,200013,382.95012941534713,211868.58277677954,True
transfer_fixed_five,0.01707624206589244,B1-rank12-q1-r0-K0,3776838600.0,188465,211868.58277677954,MISSING,True
transfer_fixed_five,0.017247615789725678,B2-rank3-q1-r4-K2,1291467350.0625,206882,0.0,383.02786430119176,True
transfer_fixed_five,0.017247615789725678,B2-rank3-q1-r8-K2,1296063301.40625,194883,383.02786430119176,211782.31863839287,True
transfer_fixed_five,0.017247615789725678,B1-rank12-q1-r0-K0,3679885080.0,183627,211782.31863839287,MISSING,True
transfer_fixed_five,0.017420709385712704,B2-rank3-q1-r4-K2,1258463087.34375,201595,0.0,382.64168466176346,True
transfer_fixed_five,0.017420709385712704,B2-rank3-q1-r8-K2,1262937316.5625,189902,382.64168466176346,211725.45104707865,True
transfer_fixed_five,0.017420709385712704,B1-rank12-q1-r0-K0,3585777240.0,178931,211725.45104707865,MISSING,True
transfer_fixed_five,0.017595540114143826,B2-rank3-q1-r4-K2,1226420174.4375,196462,0.0,383.4277854572582,True
transfer_fixed_five,0.017595540114143826,B2-rank3-q1-r8-K2,1230788950.625,185068,383.4277854572582,211654.6020920991,True
transfer_fixed_five,0.017595540114143826,B1-rank12-q1-r0-K0,3494434920.0,174373,211654.6020920991,MISSING,True
transfer_fixed_five,0.01777212540853016,B2-rank3-q1-r4-K2,1195313641.21875,191479,0.0,383.43170587573167,True
transfer_fixed_five,0.01777212540853016,B2-rank3-q1-r8-K2,1199571650.3125,180374,383.43170587573167,211582.0686379112,True
transfer_fixed_five,0.01777212540853016,B1-rank12-q1-r0-K0,3405737880.0,169947,211582.0686379112,MISSING,True
transfer_fixed_five,0.01795048287734202,B2-rank3-q1-r4-K2,1165106032.5,186640,0.0,383.01439087759815,True
transfer_fixed_five,0.01795048287734202,B2-rank3-q1-r8-K2,1169252163.28125,175815,383.01439087759815,211524.07994479148,True
transfer_fixed_five,0.01795048287734202,B1-rank12-q1-r0-K0,3319605960.0,165649,211524.07994479148,MISSING,True
transfer_fixed_five,0.018130630305764762,B2-rank3-q1-r4-K2,1135766135.625,181940,0.0,383.283026914329,True
transfer_fixed_five,0.018130630305764762,B2-rank3-q1-r8-K2,1139810538.125,171388,383.283026914329,211454.50034046202,True
transfer_fixed_five,0.018130630305764762,B1-rank12-q1-r0-K0,3235959000.0,161475,211454.50034046202,MISSING,True
transfer_fixed_five,0.018312585657472312,B2-rank3-q1-r4-K2,1107262737.9375,177374,0.0,383.4095551424127,True
transfer_fixed_five,0.018312585657472312,B2-rank3-q1-r8-K2,1111206872.03125,167087,383.4095551424127,211388.2205408865,True
transfer_fixed_five,0.018312585657472312,B1-rank12-q1-r0-K0,3154696800.0,157420,211388.2205408865,MISSING,True
transfer_fixed_five,0.01849636707641837,B2-rank3-q1-r4-K2,1079577111.84375,172939,0.0,382.5591946216728,True
transfer_fixed_five,0.01849636707641837,B2-rank3-q1-r8-K2,1083414563.125,162908,382.5591946216728,211344.50799565078,True
transfer_fixed_five,0.01849636707641837,B1-rank12-q1-r0-K0,3075759240.0,153481,211344.50799565078,MISSING,True
transfer_fixed_five,0.018681992888645735,B2-rank3-q1-r4-K2,1052665559.625,168628,0.0,383.2413471370143,True
transfer_fixed_five,0.018681992888645735,B2-rank3-q1-r8-K2,1056413660.0,158848,383.2413471370143,211295.6819664999,True
transfer_fixed_five,0.018681992888645735,B1-rank12-q1-r0-K0,2999066160.0,149654,211295.6819664999,MISSING,True
transfer_fixed_five,0.018869481604113645,B2-rank3-q1-r4-K2,1026515596.21875,164439,0.0,383.2771410034602,True
transfer_fixed_five,0.018869481604113645,B2-rank3-q1-r8-K2,1030170910.3125,154902,383.2771410034602,211208.2071231464,True
transfer_fixed_five,0.018869481604113645,B1-rank12-q1-r0-K0,2924497320.0,145933,211208.2071231464,MISSING,True
transfer_fixed_five,0.01905885191854358,B2-rank3-q1-r4-K2,1001096008.96875,160367,0.0,383.15269527470167,True
transfer_fixed_five,0.01905885191854358,B2-rank3-q1-r8-K2,1004659712.1875,151066,383.15269527470167,211178.8989268976,True
transfer_fixed_five,0.01905885191854358,B1-rank12-q1-r0-K0,2852052720.0,142318,211178.8989268976,MISSING,True
transfer_fixed_five,0.019250122715283504,B2-rank3-q1-r4-K2,976394312.8125,156410,0.0,382.7658592372134,True
transfer_fixed_five,0.019250122715283504,B2-rank3-q1-r8-K2,979866764.6875,147338,382.7658592372134,211100.80320005858,True
transfer_fixed_five,0.019250122715283504,B1-rank12-q1-r0-K0,2781612120.0,138803,211100.80320005858,MISSING,True
transfer_fixed_five,0.019443313067190854,B2-rank3-q1-r4-K2,952366810.03125,152561,0.0,383.36408651672696,True
transfer_fixed_five,0.019443313067190854,B2-rank3-q1-r8-K2,955758815.46875,143713,383.36408651672696,211045.5895918398,True
transfer_fixed_five,0.019443313067190854,B1-rank12-q1-r0-K0,2713135440.0,135386,211045.5895918398,MISSING,True
transfer_fixed_five,0.019638442238534434,B2-rank3-q1-r4-K2,929001015.5625,148818,0.0,384.11327491309385,True
transfer_fixed_five,0.019638442238534434,B2-rank3-q1-r8-K2,932315913.125,140188,384.11327491309385,210981.73623076922,True
transfer_fixed_five,0.019638442238534434,B1-rank12-q1-r0-K0,2646542520.0,132063,210981.73623076922,MISSING,True
transfer_fixed_five,0.01983552968691535,B2-rank3-q1-r4-K2,906290686.875,145180,0.0,383.30396377672207,True
transfer_fixed_five,0.01983552968691535,B2-rank3-q1-r8-K2,909518106.25,136760,383.30396377672207,210932.7918453582,True
transfer_fixed_five,0.01983552968691535,B1-rank12-q1-r0-K0,2581793280.0,128832,210932.7918453582,MISSING,True
transfer_fixed_five,0.020034595065207276,B2-rank3-q1-r4-K2,884192126.25,141640,0.0,383.89544527635746,True
transfer_fixed_five,0.020034595065207276,B2-rank3-q1-r8-K2,887345443.4375,133426,383.89544527635746,210864.9497948171,True
transfer_fixed_five,0.020034595065207276,B1-rank12-q1-r0-K0,2518807560.0,125689,210864.9497948171,MISSING,True
transfer_fixed_five,0.02023565822351617,B2-rank3-q1-r4-K2,862699091.15625,138197,0.0,383.3102503119152,True
transfer_fixed_five,0.02023565822351617,B2-rank3-q1-r8-K2,865771322.8125,130182,383.3102503119152,210830.98770695363,True
transfer_fixed_five,0.02023565822351617,B1-rank12-q1-r0-K0,2457545280.0,122632,210830.98770695363,MISSING,True
transfer_fixed_five,0.020438739211159653,B2-rank3-q1-r4-K2,841786611.46875,134847,0.0,383.04973388952817,True
transfer_fixed_five,0.020438739211159653,B2-rank3-q1-r8-K2,844782443.4375,127026,383.04973388952817,210798.57173758143,True
transfer_fixed_five,0.020438739211159653,B1-rank12-q1-r0-K0,2397946320.0,119658,210798.57173758143,MISSING,True
transfer_fixed_five,0.020643858278666258,B2-rank3-q1-r4-K2,821442202.125,131588,0.0,383.03226546121596,True
transfer_fixed_five,0.020643858278666258,B2-rank3-q1-r8-K2,824365504.375,123956,383.03226546121596,210764.16292935613,True
transfer_fixed_five,0.020643858278666258,B1-rank12-q1-r0-K0,2339970600.0,116765,210764.16292935613,MISSING,True
transfer_fixed_five,0.020851035879794724,B2-rank3-q1-r4-K2,801640893.0,128416,0.0,383.0572972610097,True
transfer_fixed_five,0.020851035879794724,B2-rank3-q1-r8-K2,804493903.75,120968,383.0572972610097,210687.1818019943,True
transfer_fixed_five,0.020851035879794724,B1-rank12-q1-r0-K0,2283517920.0,113948,210687.1818019943,MISSING,True
transfer_fixed_five,0.02106029267357361,B2-rank3-q1-r4-K2,782370199.03125,125329,0.0,383.9834978673638,True
transfer_fixed_five,0.02106029267357361,B2-rank3-q1-r8-K2,785160991.09375,118061,383.9834978673638,210629.99108510872,True
transfer_fixed_five,0.02106029267357361,B1-rank12-q1-r0-K0,2228608320.0,111208,210629.99108510872,MISSING,True
transfer_fixed_five,0.021271649526361323,B2-rank3-q1-r4-K2,763611392.625,122324,0.0,383.7216573865238,True
transfer_fixed_five,0.021271649526361323,B2-rank3-q1-r8-K2,766333514.0625,115230,383.7216573865238,210618.64642510092,True
transfer_fixed_five,0.021271649526361323,B1-rank12-q1-r0-K0,2175161640.0,108541,210618.64642510092,MISSING,True
transfer_fixed_five,0.021485127513926824,B2-rank3-q1-r4-K2,745358231.25,119400,0.0,383.13955324909745,True
transfer_fixed_five,0.021485127513926824,B2-rank3-q1-r8-K2,748011472.65625,112475,383.13955324909745,210550.64880473894,True
transfer_fixed_five,0.021485127513926824,B1-rank12-q1-r0-K0,2123117760.0,105944,210550.64880473894,MISSING,True
transfer_fixed_five,0.02170074792355125,B2-rank3-q1-r4-K2,727585744.78125,116553,0.0,383.0134153106509,True
transfer_fixed_five,0.02170074792355125,B2-rank3-q1-r8-K2,730174915.46875,109793,383.0134153106509,210524.1161435461,True
transfer_fixed_five,0.02170074792355125,B1-rank12-q1-r0-K0,2072476680.0,103417,210524.1161435461,MISSING,True
transfer_fixed_five,0.0219185322561506,B2-rank3-q1-r4-K2,710275205.625,113780,0.0,384.2582506062443,True
transfer_fixed_five,0.0219185322561506,B2-rank3-q1-r8-K2,712810541.5625,107182,384.2582506062443,210463.8127911179,True
transfer_fixed_five,0.0219185322561506,B1-rank12-q1-r0-K0,2023158240.0,100956,210463.8127911179,MISSING,True
transfer_fixed_five,0.022138502228419735,B2-rank3-q1-r4-K2,693426613.78125,111081,0.0,383.6985020180068,True
transfer_fixed_five,0.022138502228419735,B2-rank3-q1-r8-K2,695898399.53125,104639,383.6985020180068,210436.58504174207,True
transfer_fixed_five,0.022138502228419735,B1-rank12-q1-r0-K0,1975142400.0,98560,210436.58504174207,MISSING,True
transfer_fixed_five,0.022360679774997897,B2-rank3-q1-r4-K2,677014999.125,108452,0.0,383.17795111287757,True
transfer_fixed_five,0.022360679774997897,B2-rank3-q1-r8-K2,679425188.4375,102162,383.17795111287757,210401.59224435646,True
transfer_fixed_five,0.022360679774997897,B1-rank12-q1-r0-K0,1928369040.0,96226,210401.59224435646,MISSING,True
transfer_fixed_five,0.02258508705065592,B2-rank3-q1-r4-K2,661034119.125,105892,0.0,382.63410737544774,True
transfer_fixed_five,0.02258508705065592,B2-rank3-q1-r8-K2,663384257.8125,99750,382.63410737544774,210395.77332427536,True
transfer_fixed_five,0.02258508705065592,B1-rank12-q1-r0-K0,1882838160.0,93954,210395.77332427536,MISSING,True
transfer_fixed_five,0.022811746432505494,B2-rank3-q1-r4-K2,645459003.65625,103397,0.0,384.1399370413609,True
transfer_fixed_five,0.022811746432505494,B2-rank3-q1-r8-K2,647762306.71875,97401,384.1399370413609,210335.15161301006,True
transfer_fixed_five,0.022811746432505494,B1-rank12-q1-r0-K0,1838469600.0,91740,210335.15161301006,MISSING,True
transfer_fixed_five,0.023040680522230447,B2-rank3-q1-r4-K2,630295895.25,100968,0.0,383.109375,True
transfer_fixed_five,0.023040680522230447,B2-rank3-q1-r8-K2,632539383.75,95112,383.109375,210250.25248643762,True
transfer_fixed_five,0.023040680522230447,B1-rank12-q1-r0-K0,1795223280.0,89582,210250.25248643762,MISSING,True
transfer_fixed_five,0.02327191214834057,B2-rank3-q1-r4-K2,615519823.78125,98601,0.0,382.76178636999475,True
transfer_fixed_five,0.02327191214834057,B2-rank3-q1-r8-K2,617708838.4375,92882,382.76178636999475,210264.89658564815,True
transfer_fixed_five,0.02327191214834057,B1-rank12-q1-r0-K0,1753139280.0,87482,210264.89658564815,MISSING,True
transfer_fixed_five,0.02350546436844801,B2-rank3-q1-r4-K2,601124546.71875,96295,0.0,383.07494964189794,True
transfer_fixed_five,0.02350546436844801,B2-rank3-q1-r8-K2,603264020.3125,90710,383.07494964189794,210209.17150473932,True
transfer_fixed_five,0.02350546436844801,B1-rank12-q1-r0-K0,1712117400.0,85435,210209.17150473932,MISSING,True
transfer_fixed_five,0.0237413604715664,B2-rank3-q1-r4-K2,587097579.0,94048,0.0,382.65792277726854,True
transfer_fixed_five,0.0237413604715664,B2-rank3-q1-r8-K2,589184977.96875,88593,382.65792277726854,210159.63943940424,True
transfer_fixed_five,0.0237413604715664,B1-rank12-q1-r0-K0,1672137600.0,83440,210159.63943940424,MISSING,True
transfer_fixed_five,0.023979623980433264,B2-rank3-q1-r4-K2,573426435.5625,91858,0.0,383.94515557537073,True
transfer_fixed_five,0.023979623980433264,B2-rank3-q1-r8-K2,575471711.40625,86531,383.94515557537073,210116.83921210768,True
transfer_fixed_five,0.023979623980433264,B1-rank12-q1-r0-K0,1633199880.0,81497,210116.83921210768,MISSING,True
transfer_fixed_five,0.024220278653855575,B2-rank3-q1-r4-K2,560104873.875,89724,0.0,382.92561010760954,True
transfer_fixed_five,0.024220278653855575,B2-rank3-q1-r8-K2,562097618.75,84520,382.92561010760954,210070.44759048393,True
transfer_fixed_five,0.024220278653855575,B1-rank12-q1-r0-K0,1595224080.0,79602,210070.44759048393,MISSING,True
transfer_fixed_five,0.02446334848907889,B2-rank3-q1-r4-K2,547114166.34375,87643,0.0,384.72729732388825,True
transfer_fixed_five,0.02446334848907889,B2-rank3-q1-r8-K2,549069350.46875,82561,384.72729732388825,210070.96784580557,True
transfer_fixed_five,0.02446334848907889,B1-rank12-q1-r0-K0,1558250280.0,77757,210070.96784580557,MISSING,True
transfer_fixed_five,0.024708857724180293,B2-rank3-q1-r4-K2,534460555.5,85616,0.0,383.9677051863041,True
transfer_fixed_five,0.024708857724180293,B2-rank3-q1-r8-K2,536366955.15625,80651,383.9677051863041,210015.1948964103,True
transfer_fixed_five,0.024708857724180293,B1-rank12-q1-r0-K0,1522178280.0,75957,210015.1948964103,MISSING,True
transfer_fixed_five,0.024956830840485323,B2-rank3-q1-r4-K2,522119071.21875,83639,0.0,383.0263154504226,True
transfer_fixed_five,0.024956830840485323,B2-rank3-q1-r8-K2,523977131.875,78788,383.0263154504226,210043.83601417666,True
transfer_fixed_five,0.024956830840485323,B1-rank12-q1-r0-K0,1487028120.0,74203,210043.83601417666,MISSING,True
transfer_fixed_five,0.025207292565009178,B2-rank3-q1-r4-K2,510089713.5,81712,0.0,383.37573195821903,True
transfer_fixed_five,0.025207292565009178,B2-rank3-q1-r8-K2,511906531.09375,76973,383.37573195821903,209960.53311900244,True
transfer_fixed_five,0.025207292565009178,B1-rank12-q1-r0-K0,1452739680.0,72492,209960.53311900244,MISSING,True
transfer_fixed_five,0.025460267872922375,B2-rank3-q1-r4-K2,498359997.28125,79833,0.0,383.4134179265659,True
transfer_fixed_five,0.025460267872922375,B2-rank3-q1-r8-K2,500135201.40625,75203,383.4134179265659,209958.38250199863,True
transfer_fixed_five,0.025460267872922375,B1-rank12-q1-r0-K0,1419333000.0,70825,209958.38250199863,MISSING,True
transfer_fixed_five,0.025715781990041233,B2-rank3-q1-r4-K2,486923680.03125,78001,0.0,384.58164520229934,True
transfer_fixed_five,0.025715781990041233,B2-rank3-q1-r8-K2,488663142.8125,73478,384.58164520229934,209828.21896904206,True
transfer_fixed_five,0.025715781990041233,B1-rank12-q1-r0-K0,1386727920.0,69198,209828.21896904206,MISSING,True
transfer_fixed_five,0.025973860395343277,B2-rank3-q1-r4-K2,475774519.21875,76215,0.0,383.68431843891403,True
transfer_fixed_five,0.025973860395343277,B2-rank3-q1-r8-K2,477470403.90625,71795,383.68431843891403,209826.42661256576,True
transfer_fixed_five,0.025973860395343277,B1-rank12-q1-r0-K0,1354964520.0,67613,209826.42661256576,MISSING,True
transfer_fixed_five,0.026234528823507883,B2-rank3-q1-r4-K2,464900029.78125,74473,0.0,383.64318273905997,True
transfer_fixed_five,0.026234528823507883,B2-rank3-q1-r8-K2,466556984.6875,70154,383.64318273905997,209793.41700819673,True
transfer_fixed_five,0.026234528823507883,B1-rank12-q1-r0-K0,1323982680.0,66067,209793.41700819673,MISSING,True
transfer_fixed_five,0.026497813267482524,B2-rank3-q1-r4-K2,454287726.65625,72773,0.0,384.3264366113744,True
transfer_fixed_five,0.026497813267482524,B2-rank3-q1-r8-K2,455909584.21875,68553,384.3264366113744,209835.41592317805,True
transfer_fixed_five,0.026497813267482524,B1-rank12-q1-r0-K0,1293782400.0,64560,209835.41592317805,MISSING,True
transfer_fixed_five,0.02676373998107465,B2-rank3-q1-r4-K2,443950094.90625,71117,0.0,382.57153787878786,True
transfer_fixed_five,0.02676373998107465,B2-rank3-q1-r8-K2,445528202.5,66992,382.57153787878786,209781.0293364079,True
transfer_fixed_five,0.02676373998107465,B1-rank12-q1-r0-K0,1264303560.0,63089,209781.0293364079,MISSING,True
transfer_fixed_five,0.027032335481569594,B2-rank3-q1-r4-K2,433855921.875,69500,0.0,382.9364224137931,True
transfer_fixed_five,0.027032335481569594,B2-rank3-q1-r8-K2,435399538.59375,65469,382.9364224137931,209736.9911942988,True
transfer_fixed_five,0.027032335481569594,B1-rank12-q1-r0-K0,1235546160.0,61654,209736.9911942988,MISSING,True
transfer_fixed_five,0.027303626552374862,B2-rank3-q1-r4-K2,424011450.09375,67923,0.0,382.1045526649746,True
transfer_fixed_five,0.027303626552374862,B2-rank3-q1-r8-K2,425516942.03125,63983,382.1045526649746,209700.51433862967,True
transfer_fixed_five,0.027303626552374862,B1-rank12-q1-r0-K0,1207490160.0,60254,209700.51433862967,MISSING,True
transfer_fixed_five,0.027577640245690815,B2-rank3-q1-r4-K2,414410437.03125,66385,0.0,379.88715277777777,True
transfer_fixed_five,0.027577640245690815,B2-rank3-q1-r8-K2,415873762.34375,62533,379.88715277777777,209731.5580834934,True
transfer_fixed_five,0.027577640245690815,B1-rank12-q1-r0-K0,1180135560.0,58889,209731.5580834934,MISSING,True
transfer_fixed_five,0.02785440388520827,B2-rank3-q1-r4-K2,405034155.09375,64883,0.0,381.46770390541974,True
transfer_fixed_five,0.02785440388520827,B2-rank3-q1-r8-K2,406469999.53125,61119,381.46770390541974,209705.86200694833,True
transfer_fixed_five,0.02785440388520827,B1-rank12-q1-r0-K0,1153442280.0,57557,209705.86200694833,MISSING,True
transfer_fixed_five,0.028133945068833068,B2-rank3-q1-r4-K2,395888846.8125,63418,0.0,385.3159590019037,True
transfer_fixed_five,0.028133945068833068,B2-rank3-q1-r8-K2,397305653.59375,59741,385.3159590019037,209553.56670673078,True
transfer_fixed_five,0.028133945068833068,B1-rank12-q1-r0-K0,1127390280.0,56257,209553.56670673078,MISSING,True
transfer_fixed_five,0.028416291671438082,B2-rank3-q1-r4-K2,386974512.1875,61990,0.0,381.8020022246941,True
transfer_fixed_five,0.028416291671438082,B2-rank3-q1-r8-K2,388347472.1875,58394,381.8020022246941,209583.57938693097,True
transfer_fixed_five,0.028416291671438082,B1-rank12-q1-r0-K0,1101979560.0,54989,209583.57938693097,MISSING,True
transfer_fixed_five,0.028701471847642816,B2-rank3-q1-r4-K2,378266181.09375,60595,0.0,381.95594772403985,True
transfer_fixed_five,0.028701471847642816,B2-rank3-q1-r8-K2,379608756.25,57080,381.95594772403985,209609.77276141828,True
transfer_fixed_five,0.028701471847642816,B1-rank12-q1-r0-K0,1077190080.0,53752,209609.77276141828,MISSING,True
transfer_fixed_five,0.02898951403462081,B2-rank3-q1-r4-K2,369770096.0625,59234,0.0,384.1076328238719,True
transfer_fixed_five,0.02898951403462081,B2-rank3-q1-r8-K2,371089505.78125,55799,384.1076328238719,209490.7079013057,True
transfer_fixed_five,0.02898951403462081,B1-rank12-q1-r0-K0,1052981760.0,52544,209490.7079013057,MISSING,True
transfer_fixed_five,0.029280446954935396,B2-rank3-q1-r4-K2,361480014.5625,57906,0.0,381.9899802768681,True
transfer_fixed_five,0.029280446954935396,B2-rank3-q1-r8-K2,362763118.90625,54547,381.9899802768681,209560.36500903804,True
transfer_fixed_five,0.029280446954935396,B1-rank12-q1-r0-K0,1029374640.0,51366,209560.36500903804,MISSING,True
transfer_fixed_five,0.02957429961940374,B2-rank3-q1-r4-K2,353383451.53125,56609,0.0,383.6262659914712,True
transfer_fixed_five,0.02957429961940374,B2-rank3-q1-r8-K2,354642896.5625,53326,383.6262659914712,209545.25512459807,True
transfer_fixed_five,0.02957429961940374,B1-rank12-q1-r0-K0,1006328640.0,50216,209545.25512459807,MISSING,True
transfer_fixed_five,0.029871101329989713,B2-rank3-q1-r4-K2,345486649.5,55344,0.0,382.83125,True
transfer_fixed_five,0.029871101329989713,B2-rank3-q1-r8-K2,346715537.8125,52134,382.83125,209430.68447978303,True
transfer_fixed_five,0.029871101329989713,B1-rank12-q1-r0-K0,983803680.0,49092,209430.68447978303,MISSING,True
transfer_fixed_five,0.030170881682725813,B2-rank3-q1-r4-K2,337777123.40625,54109,0.0,383.65814212874443,True
transfer_fixed_five,0.030170881682725813,B2-rank3-q1-r8-K2,338981042.65625,50971,383.65814212874443,209441.4382460491,True
transfer_fixed_five,0.030170881682725813,B1-rank12-q1-r0-K0,961859880.0,47997,209441.4382460491,MISSING,True
transfer_fixed_five,0.03047367057066435,B2-rank3-q1-r4-K2,330248630.71875,52903,0.0,381.50178193222547,True
transfer_fixed_five,0.03047367057066435,B2-rank3-q1-r8-K2,331419459.6875,49834,381.50178193222547,209493.5054394565,True
transfer_fixed_five,0.03047367057066435,B1-rank12-q1-r0-K0,940417080.0,46927,209493.5054394565,MISSING,True
transfer_fixed_five,0.03077949818685826,B2-rank3-q1-r4-K2,322901171.4375,51726,0.0,383.189625,True
transfer_fixed_five,0.03077949818685826,B2-rank3-q1-r8-K2,324050740.3125,48726,383.189625,209361.65249208861,True
transfer_fixed_five,0.03077949818685826,B1-rank12-q1-r0-K0,919475280.0,45882,209361.65249208861,MISSING,True
transfer_fixed_five,0.031088395027371894,B2-rank3-q1-r4-K2,315728503.03125,50577,0.0,381.65631390593046,True
transfer_fixed_five,0.031088395027371894,B2-rank3-q1-r8-K2,316848282.65625,47643,381.65631390593046,209426.70408048562,True
transfer_fixed_five,0.031088395027371894,B1-rank12-q1-r0-K0,899054520.0,44863,209426.70408048562,MISSING,True
transfer_fixed_five,0.03140039189432196,B2-rank3-q1-r4-K2,308724382.96875,49455,0.0,381.4409964273266,True
transfer_fixed_five,0.03140039189432196,B2-rank3-q1-r8-K2,309818737.1875,46586,381.4409964273266,209369.60015171018,True
transfer_fixed_five,0.03140039189432196,B1-rank12-q1-r0-K0,879094680.0,43867,209369.60015171018,MISSING,True
transfer_fixed_five,0.031715519898949,B2-rank3-q1-r4-K2,301882568.71875,48359,0.0,382.4900958110517,True
transfer_fixed_five,0.031715519898949,B2-rank3-q1-r8-K2,302955453.4375,45554,382.4900958110517,209349.50980161715,True
transfer_fixed_five,0.031715519898949,B1-rank12-q1-r0-K0,859615800.0,42895,209349.50980161715,MISSING,True
transfer_fixed_five,0.03203381046471968,B2-rank3-q1-r4-K2,295209302.8125,47290,0.0,379.9118531341108,True
transfer_fixed_five,0.03203381046471968,B2-rank3-q1-r8-K2,296251780.9375,44546,379.9118531341108,209363.8688701923,True
transfer_fixed_five,0.03203381046471968,B1-rank12-q1-r0-K0,840597840.0,41946,209363.8688701923,MISSING,True
transfer_fixed_five,0.03235529533046026,B2-rank3-q1-r4-K2,288679615.125,46244,0.0,385.95860919433045,True
transfer_fixed_five,0.03235529533046026,B2-rank3-q1-r8-K2,289714370.15625,43563,385.95860919433045,209239.9331146816,True
transfer_fixed_five,0.03235529533046026,B1-rank12-q1-r0-K0,822020760.0,41019,209239.9331146816,MISSING,True
transfer_fixed_five,0.032680006553521476,B2-rank3-q1-r4-K2,282318475.78125,45225,0.0,383.0704941860465,True
transfer_fixed_five,0.032680006553521476,B2-rank3-q1-r8-K2,283323269.6875,42602,383.0704941860465,209228.81443428458,True
transfer_fixed_five,0.032680006553521476,B1-rank12-q1-r0-K0,803884560.0,40114,209228.81443428458,MISSING,True
transfer_fixed_five,0.03300797651297513,B2-rank3-q1-r4-K2,276094672.125,44228,0.0,383.550645711501,True
transfer_fixed_five,0.03300797651297513,B2-rank3-q1-r8-K2,277078479.53125,41663,383.550645711501,209244.0281416975,True
transfer_fixed_five,0.03300797651297513,B1-rank12-q1-r0-K0,786169200.0,39230,209244.0281416975,MISSING,True
transfer_fixed_five,0.0333392379128429,B2-rank3-q1-r4-K2,270020689.21875,43255,0.0,385.1518889553429,True
transfer_fixed_five,0.0333392379128429,B2-rank3-q1-r8-K2,270986650.15625,40747,385.1518889553429,209196.65119485295,True
transfer_fixed_five,0.0333392379128429,B1-rank12-q1-r0-K0,768874680.0,38367,209196.65119485295,MISSING,True
transfer_fixed_five,0.03367382378535745,B2-rank3-q1-r4-K2,264090284.53125,42305,0.0,382.04793194784025,True
transfer_fixed_five,0.03367382378535745,B2-rank3-q1-r8-K2,265027830.15625,39851,382.04793194784025,209262.19589331758,True
transfer_fixed_five,0.03367382378535745,B1-rank12-q1-r0-K0,751980960.0,37524,209262.19589331758,MISSING,True
transfer_fixed_five,0.03401176749425622,B2-rank3-q1-r4-K2,258297215.53125,41377,0.0,379.6145225947522,True
transfer_fixed_five,0.03401176749425622,B2-rank3-q1-r8-K2,259208670.0,38976,379.6145225947522,209252.7811950791,True
transfer_fixed_five,0.03401176749425622,B1-rank12-q1-r0-K0,735468000.0,36700,209252.7811950791,MISSING,True
transfer_fixed_five,0.03435310273810844,B2-rank3-q1-r4-K2,252635239.6875,40470,0.0,383.71558106092886,True
transfer_fixed_five,0.03435310273810844,B2-rank3-q1-r8-K2,253535820.15625,38123,383.71558106092886,209169.29494555455,True
transfer_fixed_five,0.03435310273810844,B1-rank12-q1-r0-K0,719355840.0,35896,209169.29494555455,MISSING,True
transfer_fixed_five,0.034697863553675365,B2-rank3-q1-r4-K2,247104357.0,39584,0.0,382.5443162020906,True
transfer_fixed_five,0.034697863553675365,B2-rank3-q1-r8-K2,247982678.75,37288,382.5443162020906,209192.70948117538,True
transfer_fixed_five,0.034697863553675365,B1-rank12-q1-r0-K0,703604400.0,35110,209192.70948117538,MISSING,True
transfer_fixed_five,0.03504608431930436,B2-rank3-q1-r4-K2,241704567.46875,38719,0.0,385.1357321826281,True
transfer_fixed_five,0.03504608431930436,B2-rank3-q1-r8-K2,242569197.1875,36474,385.1357321826281,209133.98536485218,True
transfer_fixed_five,0.03504608431930436,B1-rank12-q1-r0-K0,688233720.0,34343,209133.98536485218,MISSING,True
transfer_fixed_five,0.03539779975835689,B2-rank3-q1-r4-K2,236429628.5625,37874,0.0,381.95040111515704,True
transfer_fixed_five,0.03539779975835689,B2-rank3-q1-r8-K2,237268773.59375,35677,381.95040111515704,209071.89755695444,True
transfer_fixed_five,0.03539779975835689,B1-rank12-q1-r0-K0,673183680.0,33592,209071.89755695444,MISSING,True
transfer_fixed_five,0.03575304494267115,B2-rank3-q1-r4-K2,231273297.75,37048,0.0,382.229481735691,True
transfer_fixed_five,0.03575304494267115,B2-rank3-q1-r8-K2,232094708.90625,34899,382.229481735691,209131.7759165032,True
transfer_fixed_five,0.03575304494267115,B1-rank12-q1-r0-K0,658514400.0,32860,209131.7759165032,MISSING,True
transfer_fixed_five,0.036111855296059196,B2-rank3-q1-r4-K2,226235575.03125,36241,0.0,382.8628092293054,True
transfer_fixed_five,0.036111855296059196,B2-rank3-q1-r8-K2,227040352.65625,34139,382.8628092293054,208970.62492171844,True
transfer_fixed_five,0.036111855296059196,B1-rank12-q1-r0-K0,644145720.0,32143,208970.62492171844,MISSING,True
transfer_fixed_five,0.036474266597839325,B2-rank3-q1-r4-K2,221310217.875,35452,0.0,383.67534046692606,True
transfer_fixed_five,0.036474266597839325,B2-rank3-q1-r8-K2,222099054.375,33396,383.67534046692606,209036.22214395492,True
transfer_fixed_five,0.036474266597839325,B1-rank12-q1-r0-K0,630137760.0,31444,209036.22214395492,MISSING,True
transfer_fixed_five,0.03684031498640387,B2-rank3-q1-r4-K2,216503468.8125,34682,0.0,381.38431908548705,True
transfer_fixed_five,0.03684031498640387,B2-rank3-q1-r8-K2,217270814.0625,32670,381.38431908548705,209104.0471123625,True
transfer_fixed_five,0.03684031498640387,B1-rank12-q1-r0-K0,616450440.0,30761,209104.0471123625,MISSING,True
transfer_fixed_five,0.037210036962822775,B2-rank3-q1-r4-K2,211802842.78125,33929,0.0,386.0901912811388,True
transfer_fixed_five,0.037210036962822775,B2-rank3-q1-r8-K2,212562282.1875,31962,386.0901912811388,208936.02879213484,True
transfer_fixed_five,0.037210036962822775,B1-rank12-q1-r0-K0,603063720.0,30093,208936.02879213484,MISSING,True
transfer_fixed_five,0.03758346939448338,B2-rank3-q1-r4-K2,207214582.3125,33194,0.0,383.8571590909091,True
transfer_fixed_five,0.03758346939448338,B2-rank3-q1-r8-K2,207953507.34375,31269,383.8571590909091,208995.69620144967,True
transfer_fixed_five,0.03758346939448338,B1-rank12-q1-r0-K0,589997640.0,29441,208995.69620144967,MISSING,True
transfer_fixed_five,0.03796064951876668,B2-rank3-q1-r4-K2,202726202.34375,32475,0.0,381.2564689490446,True
transfer_fixed_five,0.03796064951876668,B2-rank3-q1-r8-K2,203444489.53125,30591,381.2564689490446,209042.29891988254,True
transfer_fixed_five,0.03796064951876668,B1-rank12-q1-r0-K0,577212120.0,28803,209042.29891988254,MISSING,True
transfer_fixed_five,0.03834161494676055,B2-rank3-q1-r4-K2,198337702.875,31772,0.0,382.08157555615844,True
transfer_fixed_five,0.03834161494676055,B2-rank3-q1-r8-K2,199041879.21875,29929,382.08157555615844,208951.58901785716,True
transfer_fixed_five,0.03834161494676055,B1-rank12-q1-r0-K0,564707160.0,28179,208951.58901785716,MISSING,True
transfer_fixed_five,0.0387264036670101,B2-rank3-q1-r4-K2,194055326.4375,31086,0.0,378.9908536585366,True
transfer_fixed_five,0.0387264036670101,B2-rank3-q1-r8-K2,194739025.9375,29282,378.9908536585366,209108.0152323203,True
transfer_fixed_five,0.0387264036670101,B1-rank12-q1-r0-K0,552522840.0,27571,209108.0152323203,MISSING,True
transfer_fixed_five,0.039115054049305896,B2-rank3-q1-r4-K2,189866587.96875,30415,0.0,383.2155257936508,True
transfer_fixed_five,0.039115054049305896,B2-rank3-q1-r8-K2,190542580.15625,28651,383.2155257936508,208988.93125,True
transfer_fixed_five,0.039115054049305896,B1-rank12-q1-r0-K0,540599040.0,26976,208988.93125,MISSING,True
transfer_fixed_five,0.03950760484850994,B2-rank3-q1-r4-K2,185771487.46875,29759,0.0,383.0260718424102,True
transfer_fixed_five,0.03950760484850994,B2-rank3-q1-r8-K2,186432590.46875,28033,383.0260718424102,208970.8172856925,True
transfer_fixed_five,0.03950760484850994,B1-rank12-q1-r0-K0,528935760.0,26394,208970.8172856925,MISSING,True
transfer_fixed_five,0.039904095208420254,B2-rank3-q1-r4-K2,181763782.40625,29117,0.0,382.04527457075193,True
transfer_fixed_five,0.039904095208420254,B2-rank3-q1-r8-K2,182409056.875,27428,382.04527457075193,209060.47606051154,True
transfer_fixed_five,0.039904095208420254,B1-rank12-q1-r0-K0,517533000.0,25825,209060.47606051154,MISSING,True
transfer_fixed_five,0.040304564665674086,B2-rank3-q1-r4-K2,177855957.84375,28491,0.0,384.9715118038741,True
transfer_fixed_five,0.040304564665674086,B2-rank3-q1-r8-K2,178491930.78125,26839,384.9715118038741,208707.05870066836,True
transfer_fixed_five,0.040304564665674086,B1-rank12-q1-r0-K0,506370720.0,25268,208707.05870066836,MISSING,True
transfer_fixed_five,0.04070905315369044,B2-rank3-q1-r4-K2,174035528.71875,27879,0.0,382.8581284786642,True
transfer_fixed_five,0.04070905315369044,B2-rank3-q1-r8-K2,174654610.3125,26262,382.8581284786642,208740.6569209499,True
transfer_fixed_five,0.04070905315369044,B1-rank12-q1-r0-K0,495489000.0,24725,208740.6569209499,MISSING,True
transfer_fixed_five,0.04111760100665206,B2-rank3-q1-r4-K2,170296252.5,27280,0.0,379.559677037271,True
transfer_fixed_five,0.04111760100665206,B2-rank3-q1-r8-K2,170897095.46875,25697,379.559677037271,208882.67766550233,True
transfer_fixed_five,0.04111760100665206,B1-rank12-q1-r0-K0,484847760.0,24194,208882.67766550233,MISSING,True
transfer_fixed_five,0.04153024896352739,B2-rank3-q1-r4-K2,166644371.71875,26695,0.0,379.80340138799227,True
transfer_fixed_five,0.04153024896352739,B2-rank3-q1-r8-K2,167232687.1875,25146,379.80340138799227,209002.9610969388,True
transfer_fixed_five,0.04153024896352739,B1-rank12-q1-r0-K0,474467040.0,23676,209002.9610969388,MISSING,True
transfer_fixed_five,0.041947038172132994,B2-rank3-q1-r4-K2,163067401.3125,26122,0.0,383.28925330033,True
transfer_fixed_five,0.041947038172132994,B2-rank3-q1-r8-K2,163648084.53125,24607,383.28925330033,208921.91484972203,True
transfer_fixed_five,0.041947038172132994,B1-rank12-q1-r0-K0,464286720.0,23168,208921.91484972203,MISSING,True
transfer_fixed_five,0.042368010193236626,B2-rank3-q1-r4-K2,159577826.34375,25563,0.0,381.29545262980446,True
transfer_fixed_five,0.042368010193236626,B2-rank3-q1-r8-K2,160143287.5,24080,381.29545262980446,208951.4151278409,True
transfer_fixed_five,0.042368010193236626,B1-rank12-q1-r0-K0,454346880.0,22672,208951.4151278409,MISSING,True
transfer_fixed_five,0.04279320700470147,B2-rank3-q1-r4-K2,156163161.75,25016,0.0,382.58741815988975,True
transfer_fixed_five,0.04279320700470147,B2-rank3-q1-r8-K2,156718296.09375,23565,382.58741815988975,208932.6443441582,True
transfer_fixed_five,0.04279320700470147,B1-rank12-q1-r0-K0,444627480.0,22187,208932.6443441582,MISSING,True
transfer_fixed_five,0.04322267100567216,B2-rank3-q1-r4-K2,152823407.53125,24481,0.0,382.4312059859155,True
transfer_fixed_five,0.04322267100567216,B2-rank3-q1-r8-K2,153366459.84375,23061,382.4312059859155,209022.29981917655,True
transfer_fixed_five,0.04322267100567216,B1-rank12-q1-r0-K0,435128520.0,21713,209022.29981917655,MISSING,True
transfer_fixed_five,0.04365644502080258,B2-rank3-q1-r4-K2,149564806.21875,23959,0.0,381.02374100719425,True
transfer_fixed_five,0.04365644502080258,B2-rank3-q1-r8-K2,150094429.21875,22569,381.02374100719425,208717.25267316427,True
transfer_fixed_five,0.04365644502080258,B1-rank12-q1-r0-K0,425809920.0,21248,208717.25267316427,MISSING,True
transfer_fixed_five,0.04409457230452617,B2-rank3-q1-r4-K2,146368630.21875,23447,0.0,382.5537224264706,True
transfer_fixed_five,0.04409457230452617,B2-rank3-q1-r8-K2,146888903.28125,22087,382.5537224264706,208856.73120646283,True
transfer_fixed_five,0.04409457230452617,B1-rank12-q1-r0-K0,416731800.0,20795,208856.73120646283,MISSING,True
transfer_fixed_five,0.04453709654536917,B2-rank3-q1-r4-K2,143247364.59375,22947,0.0,387.8333646616541,True
transfer_fixed_five,0.04453709654536917,B2-rank3-q1-r8-K2,143763182.96875,21617,387.8333646616541,208767.507534585,True
transfer_fixed_five,0.04453709654536917,B1-rank12-q1-r0-K0,407854080.0,20352,208767.507534585,MISSING,True
transfer_fixed_five,0.044984061870307096,B2-rank3-q1-r4-K2,140201009.34375,22459,0.0,380.8960331926324,True
transfer_fixed_five,0.044984061870307096,B2-rank3-q1-r8-K2,140697316.875,21156,380.8960331926324,208956.70422392886,True
transfer_fixed_five,0.044984061870307096,B1-rank12-q1-r0-K0,399176760.0,19919,208956.70422392886,MISSING,True
transfer_fixed_five,0.04543551284916487,B2-rank3-q1-r4-K2,137217079.40625,21981,0.0,382.37375,True
transfer_fixed_five,0.04543551284916487,B2-rank3-q1-r8-K2,137704605.9375,20706,382.37375,208708.87298886137,True
transfer_fixed_five,0.04543551284916487,B1-rank12-q1-r0-K0,390659760.0,19494,208708.87298886137,MISSING,True
transfer_fixed_five,0.045891494499061165,B2-rank3-q1-r4-K2,134301817.3125,21514,0.0,381.87690304487177,True
transfer_fixed_five,0.045891494499061165,B2-rank3-q1-r8-K2,134778399.6875,20266,381.87690304487177,208756.15540682967,True
transfer_fixed_five,0.045891494499061165,B1-rank12-q1-r0-K0,382363200.0,19080,208756.15540682967,MISSING,True
transfer_fixed_five,0.04635205228889744,B2-rank3-q1-r4-K2,131448980.53125,21057,0.0,378.9420008183306,True
transfer_fixed_five,0.04635205228889744,B2-rank3-q1-r8-K2,131912047.65625,19835,378.9420008183306,208909.44167564655,True
transfer_fixed_five,0.04635205228889744,B1-rank12-q1-r0-K0,374247000.0,18675,208909.44167564655,MISSING,True
transfer_fixed_five,0.04681723214389186,B2-rank3-q1-r4-K2,128658569.0625,20610,0.0,385.17298640167365,True
transfer_fixed_five,0.04681723214389186,B2-rank3-q1-r8-K2,129118850.78125,19415,385.17298640167365,208594.7838335532,True
transfer_fixed_five,0.04681723214389186,B1-rank12-q1-r0-K0,366291120.0,18278,208594.7838335532,MISSING,True
transfer_fixed_five,0.047287080450158794,B2-rank3-q1-r4-K2,125930582.90625,20173,0.0,383.14081196581196,True
transfer_fixed_five,0.047287080450158794,B2-rank3-q1-r8-K2,126378857.65625,19003,383.14081196581196,208568.50165655886,True
transfer_fixed_five,0.047287080450158794,B1-rank12-q1-r0-K0,358515600.0,17890,208568.50165655886,MISSING,True
transfer_fixed_five,0.04776164405933436,B2-rank3-q1-r4-K2,123258779.53125,19745,0.0,384.2263919213974,True
transfer_fixed_five,0.04776164405933436,B2-rank3-q1-r8-K2,123698718.75,18600,384.2263919213974,208861.91291360295,True
transfer_fixed_five,0.04776164405933436,B1-rank12-q1-r0-K0,350940480.0,17512,208861.91291360295,MISSING,True
transfer_fixed_five,0.048240970293248225,B2-rank3-q1-r4-K2,120649401.46875,19327,0.0,389.002734375,True
transfer_fixed_five,0.048240970293248225,B2-rank3-q1-r8-K2,121085084.53125,18207,389.002734375,208435.34720595126,True
transfer_fixed_five,0.048240970293248225,B1-rank12-q1-r0-K0,343485600.0,17140,208435.34720595126,MISSING,True
transfer_fixed_five,0.048725106948642405,B2-rank3-q1-r4-K2,118096206.1875,18918,0.0,384.5008261166819,True
transfer_fixed_five,0.048725106948642405,B2-rank3-q1-r8-K2,118518003.59375,17821,384.5008261166819,208737.40786792905,True
transfer_fixed_five,0.048725106948642405,B1-rank12-q1-r0-K0,336231120.0,16778,208737.40786792905,MISSING,True
transfer_fixed_five,0.04921410230193737,B2-rank3-q1-r4-K2,115605436.21875,18519,0.0,377.06107558139536,True
transfer_fixed_five,0.04921410230193737,B2-rank3-q1-r8-K2,116010776.875,17444,377.06107558139536,208722.9609451518,True
transfer_fixed_five,0.04921410230193737,B1-rank12-q1-r0-K0,329116920.0,16423,208722.9609451518,MISSING,True
transfer_fixed_five,0.049708005114046064,B2-rank3-q1-r4-K2,113158363.96875,18127,0.0,385.38573382492865,True
transfer_fixed_five,0.049708005114046064,B2-rank3-q1-r8-K2,113563404.375,17076,385.38573382492865,208599.635625,True
transfer_fixed_five,0.049708005114046064,B1-rank12-q1-r0-K0,322163040.0,16076,208599.635625,MISSING,True
transfer_fixed_five,0.05,B2-rank3-q1-r4-K2,111753794.4375,17902,0.0,385.07761319845855,True
transfer_fixed_five,0.05,B2-rank3-q1-r8-K2,112153505.0,16864,385.07761319845855,208735.13171225938,True
transfer_fixed_five,0.05,B1-rank12-q1-r0-K0,318175080.0,15877,208735.13171225938,MISSING,True
transfer_fixed_five,0.05020686463523607,B2-rank3-q1-r4-K2,110773717.03125,17745,0.0,377.5418689320388,True
transfer_fixed_five,0.05020686463523607,B2-rank3-q1-r8-K2,111162585.15625,16715,377.5418689320388,208800.5059752045,True
transfer_fixed_five,0.05020686463523607,B1-rank12-q1-r0-K0,315369480.0,15737,208800.5059752045,MISSING,True
transfer_fixed_five,0.05071073061004074,B2-rank3-q1-r4-K2,108432767.8125,17370,0.0,386.1492986593843,True
transfer_fixed_five,0.05071073061004074,B2-rank3-q1-r8-K2,108821620.15625,16363,386.1492986593843,208658.2253066284,True
transfer_fixed_five,0.05071073061004074,B1-rank12-q1-r0-K0,308716200.0,15405,208658.2253066284,MISSING,True
transfer_fixed_five,0.051219653282219585,B2-rank3-q1-r4-K2,106154243.90625,17005,0.0,385.0050709939148,True
transfer_fixed_five,0.051219653282219585,B2-rank3-q1-r8-K2,106533858.90625,16019,385.0050709939148,208380.55494542065,True
transfer_fixed_five,0.051219653282219585,B1-rank12-q1-r0-K0,302203200.0,15080,208380.55494542065,MISSING,True
transfer_fixed_five,0.051733683399768325,B2-rank3-q1-r4-K2,103919417.71875,16647,0.0,379.485248447205,True
transfer_fixed_five,0.051733683399768325,B2-rank3-q1-r8-K2,104286000.46875,15681,379.485248447205,208427.0723952666,True
transfer_fixed_five,0.051733683399768325,B1-rank12-q1-r0-K0,295830480.0,14762,208427.0723952666,MISSING,True
transfer_fixed_five,0.05225287221997931,B2-rank3-q1-r4-K2,101728289.25,16296,0.0,384.18680555555557,True
transfer_fixed_five,0.05225287221997931,B2-rank3-q1-r8-K2,102091345.78125,15351,384.18680555555557,208594.81003197999,True
transfer_fixed_five,0.05225287221997931,B1-rank12-q1-r0-K0,289618080.0,14452,208594.81003197999,MISSING,True
transfer_fixed_five,0.052777271514552804,B2-rank3-q1-r4-K2,99587101.03125,15953,0.0,385.01983108108107,True
transfer_fixed_five,0.052777271514552804,B2-rank3-q1-r8-K2,99943244.375,15028,385.01983108108107,208357.13464812713,True
transfer_fixed_five,0.052777271514552804,B1-rank12-q1-r0-K0,283505880.0,14147,208357.13464812713,MISSING,True
transfer_fixed_five,0.05330693357475939,B2-rank3-q1-r4-K2,97495853.0625,15618,0.0,381.7253725165563,True
transfer_fixed_five,0.05330693357475939,B2-rank3-q1-r8-K2,97841696.25,14712,381.7253725165563,208482.95098607888,True
transfer_fixed_five,0.05330693357475939,B1-rank12-q1-r0-K0,277554000.0,13850,208482.95098607888,MISSING,True
transfer_fixed_five,0.05384191121665428,B2-rank3-q1-r4-K2,95448302.8125,15290,0.0,389.44589446952597,True
transfer_fixed_five,0.05384191121665428,B2-rank3-q1-r8-K2,95793351.875,14404,389.44589446952597,208470.43616706162,True
transfer_fixed_five,0.05384191121665428,B1-rank12-q1-r0-K0,271742400.0,13560,208470.43616706162,MISSING,True
transfer_fixed_five,0.05438225778634401,B2-rank3-q1-r4-K2,93444450.28125,14969,0.0,384.57322868663596,True
transfer_fixed_five,0.05438225778634401,B2-rank3-q1-r8-K2,93778259.84375,14101,384.57322868663596,208538.4263392857,True
transfer_fixed_five,0.05438225778634401,B1-rank12-q1-r0-K0,266031000.0,13275,208538.4263392857,MISSING,True
transfer_fixed_five,0.0549280271653059,B2-rank3-q1-r4-K2,91484295.46875,14655,0.0,382.85367647058825,True
transfer_fixed_five,0.0549280271653059,B2-rank3-q1-r8-K2,91809721.09375,13805,382.85367647058825,208442.66861093944,True
transfer_fixed_five,0.0549280271653059,B1-rank12-q1-r0-K0,260439840.0,12996,208442.66861093944,MISSING,True
transfer_fixed_five,0.055479273775760854,B2-rank3-q1-r4-K2,89574080.90625,14349,0.0,376.5362770108043,True
transfer_fixed_five,0.055479273775760854,B2-rank3-q1-r8-K2,89887735.625,13516,376.5362770108043,208461.14188762626,True
transfer_fixed_five,0.055479273775760854,B1-rank12-q1-r0-K0,254988960.0,12724,208461.14188762626,MISSING,True
transfer_fixed_five,0.05603605258610028,B2-rank3-q1-r4-K2,87695079.0,14048,0.0,381.07235429447854,True
transfer_fixed_five,0.05603605258610028,B2-rank3-q1-r8-K2,88005652.96875,13233,381.07235429447854,208584.08649193548,True
transfer_fixed_five,0.05603605258610028,B1-rank12-q1-r0-K0,249658320.0,12458,208584.08649193548,MISSING,True
transfer_fixed_five,0.05659841911636728,B2-rank3-q1-r4-K2,85859774.8125,13754,0.0,380.57432644110276,True
transfer_fixed_five,0.05659841911636728,B2-rank3-q1-r8-K2,86163473.125,12956,380.57432644110276,208216.27220394736,True
transfer_fixed_five,0.05659841911636728,B1-rank12-q1-r0-K0,244407840.0,12196,208216.27220394736,MISSING,True
transfer_fixed_five,0.05716642944379286,B2-rank3-q1-r4-K2,84061925.8125,13466,0.0,383.18858034571065,True
transfer_fixed_five,0.05716642944379286,B2-rank3-q1-r8-K2,84361196.09375,12685,383.18858034571065,208555.16003532975,True
transfer_fixed_five,0.05716642944379286,B1-rank12-q1-r0-K0,239317680.0,11942,208555.16003532975,MISSING,True
transfer_fixed_five,0.05774014020838788,B2-rank3-q1-r4-K2,82307774.53125,13185,0.0,380.4540441176471,True
transfer_fixed_five,0.05774014020838788,B2-rank3-q1-r8-K2,82598821.875,12420,380.4540441176471,208391.28863324175,True
transfer_fixed_five,0.05774014020838788,B1-rank12-q1-r0-K0,234307680.0,11692,208391.28863324175,MISSING,True
transfer_fixed_five,0.058319608618590896,B2-rank3-q1-r4-K2,80584835.90625,12909,0.0,380.32589285714283,True
transfer_fixed_five,0.058319608618590896,B2-rank3-q1-r8-K2,80869700.0,12160,380.32589285714283,208635.14044943822,True
transfer_fixed_five,0.058319608618590896,B1-rank12-q1-r0-K0,229417920.0,11448,208635.14044943822,MISSING,True
transfer_fixed_five,0.058904892456972856,B2-rank3-q1-r4-K2,78905595.0,12640,0.0,384.08786664392903,True
transfer_fixed_five,0.058904892456972856,B2-rank3-q1-r8-K2,79187131.40625,11907,384.08786664392903,208368.52234061604,True
transfer_fixed_five,0.058904892456972856,B1-rank12-q1-r0-K0,224628360.0,11209,208368.52234061604,MISSING,True
transfer_fixed_five,0.0594960500859989,B2-rank3-q1-r4-K2,77257566.75,12376,0.0,381.05562325905294,True
transfer_fixed_five,0.0594960500859989,B2-rank3-q1-r8-K2,77531164.6875,11658,381.05562325905294,208503.41919838946,True
transfer_fixed_five,0.0594960500859989,B1-rank12-q1-r0-K0,219939000.0,10975,208503.41919838946,MISSING,True
transfer_fixed_five,0.06009314045384813,B2-rank3-q1-r4-K2,75646993.6875,12118,0.0,381.37566678520625,True
transfer_fixed_five,0.06009314045384813,B2-rank3-q1-r8-K2,75915100.78125,11415,381.37566678520625,208422.62962443946,True
transfer_fixed_five,0.06009314045384813,B1-rank12-q1-r0-K0,215349840.0,10746,208422.62962443946,MISSING,True
transfer_fixed_five,0.06069622310029173,B2-rank3-q1-r4-K2,74073875.8125,11866,0.0,385.2672601744186,True
transfer_fixed_five,0.06069622310029173,B2-rank3-q1-r8-K2,74338939.6875,11178,385.2672601744186,208112.7138910061,True
transfer_fixed_five,0.06069622310029173,B1-rank12-q1-r0-K0,210860880.0,10522,208112.7138910061,MISSING,True
transfer_fixed_five,0.06130535816262994,B2-rank3-q1-r4-K2,72531970.59375,11619,0.0,381.91376112759644,True
transfer_fixed_five,0.06130535816262994,B2-rank3-q1-r8-K2,72789380.46875,10945,381.91376112759644,208228.56624805296,True
transfer_fixed_five,0.06130535816262994,B1-rank12-q1-r0-K0,206472120.0,10303,208228.56624805296,MISSING,True
transfer_fixed_five,0.061920606381688906,B2-rank3-q1-r4-K2,71021278.03125,11377,0.0,370.87003593040845,True
transfer_fixed_five,0.061920606381688906,B2-rank3-q1-r8-K2,71266423.125,10716,370.87003593040845,208434.86763535033,True
transfer_fixed_five,0.061920606381688906,B1-rank12-q1-r0-K0,202163520.0,10088,208434.86763535033,MISSING,True
transfer_fixed_five,0.06254202910787746,B2-rank3-q1-r4-K2,69541798.125,11140,0.0,373.37012171561054,True
transfer_fixed_five,0.06254202910787746,B2-rank3-q1-r8-K2,69783368.59375,10493,373.37012171561054,208781.41922842019,True
transfer_fixed_five,0.06254202910787746,B1-rank12-q1-r0-K0,197975160.0,9879,208781.41922842019,MISSING,True
transfer_fixed_five,0.06316968830730468,B2-rank3-q1-r4-K2,68093530.875,10908,0.0,379.2030509478673,True
transfer_fixed_five,0.06316968830730468,B2-rank3-q1-r8-K2,68333566.40625,10275,379.2030509478673,208493.9428467608,True
transfer_fixed_five,0.06316968830730468,B1-rank12-q1-r0-K0,193846920.0,9673,208493.9428467608,MISSING,True
transfer_fixed_five,0.06380364656795913,B2-rank3-q1-r4-K2,66676476.28125,10681,0.0,388.594961631664,True
transfer_fixed_five,0.06380364656795913,B2-rank3-q1-r8-K2,66917016.5625,10062,388.594961631664,208695.93113327675,True
transfer_fixed_five,0.06380364656795913,B1-rank12-q1-r0-K0,189838920.0,9473,208695.93113327675,MISSING,True
transfer_fixed_five,0.06444396710594981,B2-rank3-q1-r4-K2,65296876.875,10460,0.0,379.2285317133443,True
transfer_fixed_five,0.06444396710594981,B2-rank3-q1-r8-K2,65527068.59375,9853,379.2285317133443,208603.0700281629,True
transfer_fixed_five,0.06444396710594981,B1-rank12-q1-r0-K0,185891040.0,9276,208603.0700281629,MISSING,True
transfer_fixed_five,0.06509071377180974,B2-rank3-q1-r4-K2,63942247.59375,10243,0.0,372.2267331932773,True
transfer_fixed_five,0.06509071377180974,B2-rank3-q1-r8-K2,64163722.5,9648,372.2267331932773,208601.05752212388,True
transfer_fixed_five,0.06509071377180974,B1-rank12-q1-r0-K0,182023320.0,9083,208601.05752212388,MISSING,True
transfer_fixed_five,0.06574395105686313,B2-rank3-q1-r4-K2,62612588.4375,10030,0.0,379.79435137457045,True
transfer_fixed_five,0.06574395105686313,B2-rank3-q1-r8-K2,62833628.75,9448,379.79435137457045,208720.02034358046,True
transfer_fixed_five,0.06574395105686313,B1-rank12-q1-r0-K0,178255800.0,8895,208720.02034358046,MISSING,True
transfer_fixed_five,0.06640374409965612,B2-rank3-q1-r4-K2,61314141.9375,9822,0.0,378.93848684210525,True
transfer_fixed_five,0.06640374409965612,B2-rank3-q1-r8-K2,61530136.875,9252,378.93848684210525,208520.78067343173,True
transfer_fixed_five,0.06640374409965612,B1-rank12-q1-r0-K0,174548400.0,8710,208520.78067343173,MISSING,True
transfer_fixed_five,0.06707015869245213,B2-rank3-q1-r4-K2,60046908.09375,9619,0.0,369.1212544722719,True
transfer_fixed_five,0.06707015869245213,B2-rank3-q1-r8-K2,60253246.875,9060,369.1212544722719,208414.14901129942,True
transfer_fixed_five,0.06707015869245213,B1-rank12-q1-r0-K0,170921160.0,8529,208414.14901129942,MISSING,True
transfer_fixed_five,0.06774326128779243,B2-rank3-q1-r4-K2,58804644.375,9420,0.0,374.70720978062155,True
transfer_fixed_five,0.06774326128779243,B2-rank3-q1-r8-K2,59009609.21875,8873,374.70720978062155,208431.75150240384,True
transfer_fixed_five,0.06774326128779243,B1-rank12-q1-r0-K0,167394120.0,8353,208431.75150240384,MISSING,True
transfer_fixed_five,0.06842311900512271,B2-rank3-q1-r4-K2,57581108.25,9224,0.0,396.0022237827715,True
transfer_fixed_five,0.06842311900512271,B2-rank3-q1-r8-K2,57792573.4375,8690,396.0022237827715,208107.11090686274,True
transfer_fixed_five,0.06842311900512271,B1-rank12-q1-r0-K0,163927200.0,8180,208107.11090686274,MISSING,True
transfer_fixed_five,0.06910979963748584,B2-rank3-q1-r4-K2,56388784.78125,9033,0.0,395.2280712237094,True
transfer_fixed_five,0.06910979963748584,B2-rank3-q1-r8-K2,56595489.0625,8510,395.2280712237094,208306.51490480962,True
transfer_fixed_five,0.06910979963748584,B1-rank12-q1-r0-K0,160540440.0,8011,208306.51490480962,MISSING,True
transfer_fixed_five,0.06980337165828196,B2-rank3-q1-r4-K2,55227673.96875,8847,0.0,370.9768968871595,True
transfer_fixed_five,0.06980337165828196,B2-rank3-q1-r8-K2,55418356.09375,8333,370.9768968871595,208597.22111936475,True
transfer_fixed_five,0.06980337165828196,B1-rank12-q1-r0-K0,157213800.0,7845,208597.22111936475,MISSING,True
transfer_fixed_five,0.07050390422809652,B2-rank3-q1-r4-K2,54085290.75,8664,0.0,390.10993525896413,True
transfer_fixed_five,0.07050390422809652,B2-rank3-q1-r8-K2,54281125.9375,8162,390.10993525896413,208113.1400052192,True
transfer_fixed_five,0.07050390422809652,B1-rank12-q1-r0-K0,153967320.0,7683,208113.1400052192,MISSING,True
transfer_fixed_five,0.07121146720159666,B2-rank3-q1-r4-K2,52967877.65625,8485,0.0,384.7948424796748,True
transfer_fixed_five,0.07121146720159666,B2-rank3-q1-r8-K2,53157196.71875,7993,384.7948424796748,208153.01339285713,True
transfer_fixed_five,0.07121146720159666,B1-rank12-q1-r0-K0,150780960.0,7524,208153.01339285713,MISSING,True
transfer_fixed_five,0.07192613113449682,B2-rank3-q1-r4-K2,51869192.15625,8309,0.0,396.4183341995842,True
transfer_fixed_five,0.07192613113449682,B2-rank3-q1-r8-K2,52059869.375,7828,396.4183341995842,208311.30855119825,True
transfer_fixed_five,0.07192613113449682,B1-rank12-q1-r0-K0,147674760.0,7369,208311.30855119825,MISSING,True
transfer_fixed_five,0.07264796729059445,B2-rank3-q1-r4-K2,50807961.84375,8139,0.0,368.9885702959831,True
transfer_fixed_five,0.07264796729059445,B2-rank3-q1-r8-K2,50982493.4375,7666,368.9885702959831,208566.11706570155,True
transfer_fixed_five,0.07264796729059445,B1-rank12-q1-r0-K0,144628680.0,7217,208566.11706570155,MISSING,True
transfer_fixed_five,0.07337704764887605,B2-rank3-q1-r4-K2,49752974.0625,7970,0.0,386.8946158008658,True
transfer_fixed_five,0.07337704764887605,B2-rank3-q1-r8-K2,49931719.375,7508,386.8946158008658,208434.09232954544,True
transfer_fixed_five,0.07337704764887605,B1-rank12-q1-r0-K0,141642720.0,7068,208434.09232954544,MISSING,True
transfer_fixed_five,0.07411344491069477,B2-rank3-q1-r4-K2,48729198.9375,7806,0.0,379.0237996688742,True
transfer_fixed_five,0.07411344491069477,B2-rank3-q1-r8-K2,48900896.71875,7353,379.0237996688742,208389.75239269141,True
transfer_fixed_five,0.07411344491069477,B1-rank12-q1-r0-K0,138716880.0,6922,208389.75239269141,MISSING,True
transfer_fixed_five,0.07485723250701984,B2-rank3-q1-r4-K2,47730393.9375,7646,0.0,374.509009009009,True
transfer_fixed_five,0.07485723250701984,B2-rank3-q1-r8-K2,47896675.9375,7202,374.509009009009,208470.43616706162,True
transfer_fixed_five,0.07485723250701984,B1-rank12-q1-r0-K0,135871200.0,6780,208470.43616706162,MISSING,True
transfer_fixed_five,0.07560848460575892,B2-rank3-q1-r4-K2,46744074.0,7488,0.0,371.682974137931,True
transfer_fixed_five,0.07560848460575892,B2-rank3-q1-r8-K2,46905756.09375,7053,371.682974137931,208619.47677058112,True
transfer_fixed_five,0.07560848460575892,B1-rank12-q1-r0-K0,133065600.0,6640,208619.47677058112,MISSING,True
transfer_fixed_five,0.07636727611915388,B2-rank3-q1-r4-K2,45776481.65625,7333,0.0,388.13286764705884,True
transfer_fixed_five,0.07636727611915388,B2-rank3-q1-r8-K2,45941438.125,6908,388.13286764705884,208342.42438271604,True
transfer_fixed_five,0.07636727611915388,B1-rank12-q1-r0-K0,130320120.0,6503,208342.42438271604,MISSING,True
transfer_fixed_five,0.07713368271125066,B2-rank3-q1-r4-K2,44833859.4375,7182,0.0,392.3368389423077,True
transfer_fixed_five,0.07713368271125066,B2-rank3-q1-r8-K2,44997071.5625,6766,392.3368389423077,208155.38649244333,True
transfer_fixed_five,0.07713368271125066,B1-rank12-q1-r0-K0,127634760.0,6369,208155.38649244333,MISSING,True
transfer_fixed_five,0.0779077808054444,B2-rank3-q1-r4-K2,43916207.34375,7035,0.0,383.45358455882354,True
transfer_fixed_five,0.0779077808054444,B2-rank3-q1-r8-K2,44072656.40625,6627,383.45358455882354,208063.91669344474,True
transfer_fixed_five,0.0779077808054444,B1-rank12-q1-r0-K0,125009520.0,6238,208063.91669344474,MISSING,True
transfer_fixed_five,0.07868964759210002,B2-rank3-q1-r4-K2,43011040.3125,6890,0.0,376.2546875,True
transfer_fixed_five,0.07868964759210002,B2-rank3-q1-r8-K2,43161542.1875,6490,376.2546875,208639.09950657896,True
transfer_fixed_five,0.07868964759210002,B1-rank12-q1-r0-K0,122444400.0,6110,208639.09950657896,MISSING,True
transfer_fixed_five,0.07947936103624934,B2-rank3-q1-r4-K2,42124600.875,6748,0.0,389.8439098465473,True
transfer_fixed_five,0.07947936103624934,B2-rank3-q1-r8-K2,42277029.84375,6357,389.8439098465473,208156.38111595175,True
transfer_fixed_five,0.07947936103624934,B1-rank12-q1-r0-K0,119919360.0,5984,208156.38111595175,MISSING,True
transfer_fixed_five,0.08027699988536555,B2-rank3-q1-r4-K2,41263131.5625,6610,0.0,371.5804036458333,True
transfer_fixed_five,0.08027699988536555,B2-rank3-q1-r8-K2,41405818.4375,6226,371.5804036458333,208979.83945741758,True
transfer_fixed_five,0.08027699988536555,B1-rank12-q1-r0-K0,117474480.0,5862,208979.83945741758,MISSING,True
transfer_fixed_five,0.08108264367721564,B2-rank3-q1-r4-K2,40414147.3125,6474,0.0,373.4338430851064,True
transfer_fixed_five,0.08108264367721564,B2-rank3-q1-r8-K2,40554558.4375,6098,373.4338430851064,208669.6962535014,True
transfer_fixed_five,0.08108264367721564,B1-rank12-q1-r0-K0,115049640.0,5741,208669.6962535014,MISSING,True
transfer_fixed_five,0.08189637274779153,B2-rank3-q1-r4-K2,39583890.65625,6341,0.0,378.69344429347825,True
transfer_fixed_five,0.08189637274779153,B2-rank3-q1-r8-K2,39723249.84375,5973,378.69344429347825,208461.91473214285,True
transfer_fixed_five,0.08189637274779153,B1-rank12-q1-r0-K0,112684920.0,5623,208461.91473214285,MISSING,True
transfer_fixed_five,0.08271826823932106,B2-rank3-q1-r4-K2,38772361.59375,6211,0.0,387.5862847222222,True
transfer_fixed_five,0.08271826823932106,B2-rank3-q1-r8-K2,38911892.65625,5851,387.5862847222222,207698.8004178779,True
transfer_fixed_five,0.08271826823932106,B1-rank12-q1-r0-K0,110360280.0,5507,207698.8004178779,MISSING,True
transfer_fixed_five,0.08354841210835902,B2-rank3-q1-r4-K2,37979560.125,6084,0.0,380.38606586402267,True
transfer_fixed_five,0.08354841210835902,B2-rank3-q1-r8-K2,38113836.40625,5731,380.38606586402267,208339.17736235118,True
transfer_fixed_five,0.08354841210835902,B1-rank12-q1-r0-K0,108115800.0,5395,208339.17736235118,MISSING,True
transfer_fixed_five,0.08438688713395978,B2-rank3-q1-r4-K2,37199243.71875,5959,0.0,395.6169384057971,True
transfer_fixed_five,0.08438688713395978,B2-rank3-q1-r8-K2,37335731.5625,5614,395.6169384057971,207744.32859848486,True
transfer_fixed_five,0.08438688713395978,B1-rank12-q1-r0-K0,105891360.0,5284,207744.32859848486,MISSING,True
transfer_fixed_five,0.08523377692593145,B2-rank3-q1-r4-K2,36437654.90625,5837,0.0,373.5170538348083,True
transfer_fixed_five,0.08523377692593145,B2-rank3-q1-r8-K2,36564277.1875,5498,373.5170538348083,207872.2068498452,True
transfer_fixed_five,0.08523377692593145,B1-rank12-q1-r0-K0,103707000.0,5175,207872.2068498452,MISSING,True
transfer_fixed_five,0.08608916593317346,B2-rank3-q1-r4-K2,35688551.15625,5717,0.0,395.38831193353474,True
transfer_fixed_five,0.08608916593317346,B2-rank3-q1-r8-K2,35819424.6875,5386,395.38831193353474,208175.23833069621,True
transfer_fixed_five,0.08608916593317346,B1-rank12-q1-r0-K0,101602800.0,5070,208175.23833069621,MISSING,True
transfer_fixed_five,0.08695313945209739,B2-rank3-q1-r4-K2,34964417.53125,5601,0.0,379.8633653846154,True
transfer_fixed_five,0.08695313945209739,B2-rank3-q1-r8-K2,35087873.125,5276,379.8633653846154,207841.18346774194,True
transfer_fixed_five,0.08695313945209739,B1-rank12-q1-r0-K0,99518640.0,4966,207841.18346774194,MISSING,True
transfer_fixed_five,0.08782578363513226,B2-rank3-q1-r4-K2,34240283.90625,5485,0.0,385.81171383647796,True
transfer_fixed_five,0.08782578363513226,B2-rank3-q1-r8-K2,34362972.03125,5167,385.81171383647796,208289.06920379537,True
transfer_fixed_five,0.08782578363513226,B1-rank12-q1-r0-K0,97474560.0,4864,208289.06920379537,MISSING,True
transfer_fixed_five,0.08870718549931567,B2-rank3-q1-r4-K2,33541120.40625,5373,0.0,397.27461816720256,True
transfer_fixed_five,0.08870718549931567,B2-rank3-q1-r8-K2,33664672.8125,5062,397.27461816720256,208168.1050084175,True
transfer_fixed_five,0.08870718549931567,B1-rank12-q1-r0-K0,95490600.0,4765,208168.1050084175,MISSING,True
transfer_fixed_five,0.0895974329349706,B2-rank3-q1-r4-K2,32860684.5,5264,0.0,367.12275326797385,True
transfer_fixed_five,0.0895974329349706,B2-rank3-q1-r8-K2,32973024.0625,4958,367.12275326797385,208088.16473367697,True
transfer_fixed_five,0.0895974329349706,B1-rank12-q1-r0-K0,93526680.0,4667,208088.16473367697,MISSING,True
transfer_fixed_five,0.09049661471446958,B2-rank3-q1-r4-K2,32180248.59375,5155,0.0,406.30243288590606,True
transfer_fixed_five,0.09049661471446958,B2-rank3-q1-r8-K2,32301326.71875,4857,406.30243288590606,207347.94853583915,True
transfer_fixed_five,0.09049661471446958,B1-rank12-q1-r0-K0,91602840.0,4571,207347.94853583915,MISSING,True
transfer_fixed_five,0.09140482050108682,B2-rank3-q1-r4-K2,31524782.8125,5050,0.0,404.61472602739724,True
transfer_fixed_five,0.09140482050108682,B2-rank3-q1-r8-K2,31642930.3125,4758,404.61472602739724,208301.89852150538,True
transfer_fixed_five,0.09140482050108682,B1-rank12-q1-r0-K0,89759160.0,4479,208301.89852150538,MISSING,True
transfer_fixed_five,0.09232214085793909,B2-rank3-q1-r4-K2,30888044.625,4948,0.0,358.12413194444446,True
transfer_fixed_five,0.09232214085793909,B2-rank3-q1-r8-K2,30991184.375,4660,358.12413194444446,208513.90338827838,True
transfer_fixed_five,0.09232214085793909,B1-rank12-q1-r0-K0,87915480.0,4387,208513.90338827838,MISSING,True
transfer_fixed_five,0.09324866725701628,B2-rank3-q1-r4-K2,30251306.4375,4846,0.0,384.63845640569394,True
transfer_fixed_five,0.09324866725701628,B2-rank3-q1-r8-K2,30359389.84375,4565,384.63845640569394,208031.6796875,True
transfer_fixed_five,0.09324866725701628,B1-rank12-q1-r0-K0,86111880.0,4297,208031.6796875,MISSING,True
transfer_fixed_five,0.09418449208830276,B2-rank3-q1-r4-K2,29633295.84375,4747,0.0,365.760643115942,True
transfer_fixed_five,0.09418449208830276,B2-rank3-q1-r8-K2,29734245.78125,4471,365.760643115942,208450.8176288168,True
transfer_fixed_five,0.09418449208830276,B1-rank12-q1-r0-K0,84348360.0,4209,208450.8176288168,MISSING,True
transfer_fixed_five,0.09512970866899023,B2-rank3-q1-r4-K2,29027770.3125,4650,0.0,375.12152777777777,True
transfer_fixed_five,0.09512970866899023,B2-rank3-q1-r8-K2,29129053.125,4380,375.12152777777777,209046.51123046875,True
transfer_fixed_five,0.09512970866899023,B1-rank12-q1-r0-K0,82644960.0,4124,209046.51123046875,MISSING,True
transfer_fixed_five,0.09608441125278289,B2-rank3-q1-r4-K2,28434729.84375,4555,0.0,387.9983428030303,True
transfer_fixed_five,0.09608441125278289,B2-rank3-q1-r8-K2,28537161.40625,4291,387.9983428030303,208862.30515438248,True
transfer_fixed_five,0.09608441125278289,B1-rank12-q1-r0-K0,80961600.0,4040,208862.30515438248,MISSING,True
transfer_fixed_five,0.09704869503929602,B2-rank3-q1-r4-K2,27860416.96875,4463,0.0,378.97164575289577,True
transfer_fixed_five,0.09704869503929602,B2-rank3-q1-r8-K2,27958570.625,4204,378.97164575289577,207853.07439271256,True
transfer_fixed_five,0.09704869503929602,B1-rank12-q1-r0-K0,79298280.0,3957,207853.07439271256,MISSING,True
transfer_fixed_five,0.09802265618354915,B2-rank3-q1-r4-K2,27292346.625,4372,0.0,371.19562007874015,True
transfer_fixed_five,0.09802265618354915,B2-rank3-q1-r8-K2,27386630.3125,4118,371.19562007874015,208748.7538900415,True
transfer_fixed_five,0.09802265618354915,B1-rank12-q1-r0-K0,77695080.0,3877,208748.7538900415,MISSING,True
transfer_fixed_five,0.09900639180555423,B2-rank3-q1-r4-K2,26730518.8125,4282,0.0,393.0327620967742,True
transfer_fixed_five,0.09900639180555423,B2-rank3-q1-r8-K2,26827990.9375,4034,393.0327620967742,207864.5108122363,True
transfer_fixed_five,0.09900639180555423,B1-rank12-q1-r0-K0,76091880.0,3797,207864.5108122363,MISSING,True
transfer_fixed_five,0.1,B2-rank3-q1-r4-K2,26187418.59375,4195,0.0,391.909079218107,True
transfer_fixed_five,0.1,B2-rank3-q1-r8-K2,26282652.5,3952,391.909079218107,208043.73922413794,True
transfer_fixed_five,0.1,B1-rank12-q1-r0-K0,74548800.0,3720,208043.73922413794,MISSING,True
