dataset,epsilon,method,candidate_id,N_total,normalization_squared,bias_real,bias_imag,remaining_headroom_real,remaining_headroom_imag,mean_RZ_cosine,mean_RZ_sine,G_RZ_P0
development,0.005,B0,B0-rank9-q4-r0-K0,1634213,1.0,0.0004236958193258866,6.864859276278779e-05,0.0031118380866068506,0.0034668853131699495,61506.0,61506.0,100513904778.0
development,0.005,B1,B1-rank12-q4-r0-K0,1634255,1.0,0.000423760069432344,6.865908947362165e-05,0.0031117738365003932,0.0034668748164591156,79678.0,79678.0,130214169890.0
development,0.005,B2,B2-rank3-q4-r4-K4,1678764,1.0275768934365088,0.00042292355206086096,6.852418488279e-05,0.0031126103538718763,0.0034670097210499472,24404.718750000004,24404.718750000004,40969763267.62501
development,0.005,B3,B3-rank0-q8-r32-K4,3703374,2.561873229890575,9.071241363531324e-05,1.4812500512273452e-05,0.003444821492297424,0.003520721405420464,31993.531250000007,31993.531250000007,118484011799.43753
development,0.0050501789923016885,B0,B0-rank9-q4-r0-K0,1599223,1.0,0.0004236958193258866,6.864859276278779e-05,0.003147319992336482,0.003502367218899581,61506.0,61506.0,98361809838.0
development,0.0050501789923016885,B1,B1-rank12-q4-r0-K0,1599263,1.0,0.000423760069432344,6.865908947362165e-05,0.0031472557422300247,0.003502356722188747,79678.0,79678.0,127426077314.0
development,0.0050501789923016885,B2,B2-rank3-q4-r4-K4,1642826,1.0275768934365088,0.00042292355206086096,6.852418488279e-05,0.0031480922596015077,0.0035024916267795787,24404.718750000004,24404.718750000004,40092706485.18751
development,0.0050501789923016885,B3,B3-rank0-q8-r32-K4,3629026,2.561873229890575,9.071241363531324e-05,1.4812500512273452e-05,0.0034803033980270555,0.0035562033111500952,31993.531250000007,31993.531250000007,116105356738.06253
development,0.0051008615708570595,B0,B0-rank9-q4-r0-K0,1565012,1.0,0.0004236958193258866,6.864859276278779e-05,0.003183157987321005,0.003538205213884104,61506.0,61506.0,96257628072.0
development,0.0051008615708570595,B1,B1-rank12-q4-r0-K0,1565052,1.0,0.000423760069432344,6.865908947362165e-05,0.0031830937372145478,0.00353819471717327,79678.0,79678.0,124700213256.0
development,0.0051008615708570595,B2,B2-rank3-q4-r4-K4,1607689,1.0275768934365088,0.00042292355206086096,6.852418488279e-05,0.003183930254586031,0.003538329621764102,24404.718750000004,24404.718750000004,39235197882.46876
development,0.0051008615708570595,B3,B3-rank0-q8-r32-K4,3556184,2.561873229890575,9.071241363531324e-05,1.4812500512273452e-05,0.0035161413930115785,0.0035920413061346183,31993.531250000007,31993.531250000007,113774883934.75003
development,0.005152052789556263,B0,B0-rank9-q4-r0-K0,1531564,1.0,0.0004236958193258866,6.864859276278779e-05,0.0032193556452004154,0.003574402871763514,61506.0,61506.0,94200375384.0
development,0.005152052789556263,B1,B1-rank12-q4-r0-K0,1531601,1.0,0.000423760069432344,6.865908947362165e-05,0.003219291395093958,0.0035743923750526803,79678.0,79678.0,122034904478.0
development,0.005152052789556263,B2,B2-rank3-q4-r4-K4,1573334,1.0275768934365088,0.00042292355206086096,6.852418488279e-05,0.003220127912465441,0.003574527279643512,24404.718750000004,24404.718750000004,38396773769.81251
development,0.005152052789556263,B3,B3-rank0-q8-r32-K4,3484814,2.561873229890575,9.071241363531324e-05,1.4812500512273452e-05,0.0035523390508909887,0.0036282389640140285,31993.531250000007,31993.531250000007,111491505609.43753
development,0.005203757753009269,B0,B0-rank9-q4-r0-K0,1498860,1.0,0.0004236958193258866,6.864859276278779e-05,0.0032559165754790387,0.0036109638020421376,61506.0,61506.0,92188883160.0
development,0.005203757753009269,B1,B1-rank12-q4-r0-K0,1498896,1.0,0.000423760069432344,6.865908947362165e-05,0.0032558523253725814,0.0036109533053313037,79678.0,79678.0,119429035488.0
development,0.005203757753009269,B2,B2-rank3-q4-r4-K4,1539743,1.0275768934365088,0.00042292355206086096,6.852418488279e-05,0.0032566888427440644,0.0036110882099221354,24404.718750000004,24404.718750000004,37576994862.28126
development,0.005203757753009269,B3,B3-rank0-q8-r32-K4,3414886,2.561873229890575,9.071241363531324e-05,1.4812500512273452e-05,0.003588899981169612,0.003664799894292652,31993.531250000007,31993.531250000007,109254261956.18753
development,0.0052559816170548905,B0,B0-rank9-q4-r0-K0,1466882,1.0,0.0004236958193258866,6.864859276278779e-05,0.003292844423885462,0.003647891650448561,61506.0,61506.0,90222044292.0
development,0.0052559816170548905,B1,B1-rank12-q4-r0-K0,1466916,1.0,0.000423760069432344,6.865908947362165e-05,0.0032927801737790046,0.003647881153737727,79678.0,79678.0,116880933048.0
development,0.0052559816170548905,B2,B2-rank3-q4-r4-K4,1506898,1.0275768934365088,0.00042292355206086096,6.852418488279e-05,0.0032936166911504876,0.0036480160583285586,24404.718750000004,24404.718750000004,36775421874.93751
development,0.0052559816170548905,B3,B3-rank0-q8-r32-K4,3346373,2.561873229890575,9.071241363531324e-05,1.4812500512273452e-05,0.0036258278295760353,0.003701727742699075,31993.531250000007,31993.531250000007,107062289149.65628
development,0.0053087295892748935,B0,B0-rank9-q2-r0-K0,2830195,1.0,0.0017151102769854543,0.00026890492035402946,0.002038728415076498,0.0034849337717079228,30908.0,30908.0,87475667060.0
development,0.0053087295892748935,B1,B1-rank12-q2-r0-K0,2830332,1.0,0.0017151745045969613,0.0002689153389350274,0.002038664187464991,0.003484923353126925,39994.0,39994.0,113196298008.0
development,0.0053087295892748935,B2,B2-rank3-q4-r4-K4,1474781,1.0275768934365088,0.00042292355206086096,6.852418488279e-05,0.0033309151400010913,0.0036853145071791622,24404.718750000004,24404.718750000004,35991615522.84376
development,0.0053087295892748935,B3,B3-rank0-q8-r32-K4,3279244,2.561873229890575,9.071241363531324e-05,1.4812500512273452e-05,0.003663126278426639,0.003739026191549679,31993.531250000007,31993.531250000007,104914595390.37503
development,0.005362006929513287,B0,B0-rank9-q2-r0-K0,2739023,1.0,0.0017151102769854543,0.00026890492035402946,0.002076401183642649,0.003522606540274074,30908.0,30908.0,84657722884.0
development,0.005362006929513287,B1,B1-rank12-q2-r0-K0,2739153,1.0,0.0017151745045969613,0.0002689153389350274,0.002076336956031142,0.003522596121693076,39994.0,39994.0,109549685082.0
development,0.005362006929513287,B2,B2-rank3-q4-r4-K4,1443376,1.0275768934365088,0.00042292355206086096,6.852418488279e-05,0.0033685879085672424,0.0037229872757453134,24404.718750000004,24404.718750000004,35225185330.50001
development,0.005362006929513287,B3,B3-rank0-q8-r32-K4,3213471,2.561873229890575,9.071241363531324e-05,1.4812500512273452e-05,0.00370079904699279,0.00377669896011583,31993.531250000007,31993.531250000007,102810284859.46878
development,0.005415818950400817,B0,B0-rank9-q2-r0-K0,2651507,1.0,0.0017151102769854543,0.00026890492035402946,0.0021144520285215737,0.0035606573851529985,30908.0,30908.0,81952778356.0
development,0.005415818950400817,B1,B1-rank12-q2-r0-K0,2651630,1.0,0.0017151745045969613,0.0002689153389350274,0.0021143878009100667,0.0035606469665720006,39994.0,39994.0,106049290220.0
development,0.005415818950400817,B2,B2-rank3-q4-r4-K4,1412665,1.0275768934365088,0.00042292355206086096,6.852418488279e-05,0.003406638753446167,0.003761038120624238,24404.718750000004,24404.718750000004,34475692012.96876
development,0.005415818950400817,B3,B3-rank0-q8-r32-K4,3149027,2.561873229890575,9.071241363531324e-05,1.4812500512273452e-05,0.0037388498918717148,0.0038147498049947545,31993.531250000007,31993.531250000007,100748493731.59378
development,0.005470171017884717,B0,B0-rank9-q2-r0-K0,2567459,1.0,0.0017151102769854543,0.00026890492035402946,0.002152884744010948,0.003599090100642373,30908.0,30908.0,79355022772.0
development,0.005470171017884717,B1,B1-rank12-q2-r0-K0,2567576,1.0,0.0017151745045969613,0.0002689153389350274,0.002152820516399441,0.003599079682061375,39994.0,39994.0,102687634544.0
development,0.005470171017884717,B2,B2-rank3-q2-r4-K4,2704385,1.0558330820256105,0.001711749451536515,0.00026838900843739744,0.0021562455694598874,0.003599606012559005,12376.968749999996,12376.968749999996,33472088632.968742
development,0.005470171017884717,B3,B3-rank0-q8-r32-K4,3085884,2.561873229890575,9.071241363531324e-05,1.4812500512273452e-05,0.0037772826073610892,0.003853182520484129,31993.531250000007,31993.531250000007,98728326187.87503
development,0.005525068551763788,B0,B0-rank9-q2-r0-K0,2486710,1.0,0.0017151102769854543,0.00026890492035402946,0.002191703162487257,0.0036379085191186817,30908.0,30908.0,76859232680.0
development,0.005525068551763788,B1,B1-rank12-q2-r0-K0,2486821,1.0,0.0017151745045969613,0.0002689153389350274,0.00219163893487575,0.0036378981005376837,39994.0,39994.0,99457919074.0
development,0.005525068551763788,B2,B2-rank3-q2-r4-K4,2619458,1.0558330820256105,0.001711749451536515,0.00026838900843739744,0.002195063987936196,0.0036384244310353137,12376.968749999996,12376.968749999996,32420949807.937492
development,0.005525068551763788,B3,B3-rank0-q8-r32-K4,3024017,2.561873229890575,9.071241363531324e-05,1.4812500512273452e-05,0.003816101025837398,0.0038920009389604377,31993.531250000007,31993.531250000007,96748982390.03127
development,0.0055805170262288395,B0,B0-rank9-q2-r0-K0,2409096,1.0,0.0017151102769854543,0.00026890492035402946,0.002230911154787944,0.003677116511419369,30908.0,30908.0,74460339168.0
development,0.0055805170262288395,B1,B1-rank12-q2-r0-K0,2409201,1.0,0.0017151745045969613,0.0002689153389350274,0.002230846927176437,0.003677106092838371,39994.0,39994.0,96353584794.0
development,0.0055805170262288395,B2,B2-rank3-q2-r4-K4,2537822,1.0558330820256105,0.001711749451536515,0.00026838900843739744,0.0022342719802368833,0.003677632423336001,12376.968749999996,12376.968749999996,31410543587.06249
development,0.0055805170262288395,B3,B3-rank0-q8-r32-K4,2963398,2.561873229890575,9.071241363531324e-05,1.4812500512273452e-05,0.003855309018138085,0.003931208931261125,31993.531250000007,31993.531250000007,94809566519.18752
development,0.005636521970408555,B0,B0-rank9-q2-r0-K0,2334467,1.0,0.0017151102769854543,0.00026890492035402946,0.002270512630597395,0.00371671798722882,30908.0,30908.0,72153706036.0
development,0.005636521970408555,B1,B1-rank12-q2-r0-K0,2334566,1.0,0.0017151745045969613,0.0002689153389350274,0.002270448402985888,0.003716707568647822,39994.0,39994.0,93368632604.0
development,0.005636521970408555,B2,B2-rank3-q2-r4-K4,2459319,1.0558330820256105,0.001711749451536515,0.00026838900843739744,0.0022738734560463344,0.003717233899145452,12376.968749999996,12376.968749999996,30438914409.28124
development,0.005636521970408555,B3,B3-rank0-q8-r32-K4,2904003,2.561873229890575,9.071241363531324e-05,1.4812500512273452e-05,0.003894910493947536,0.003970810407070576,31993.531250000007,31993.531250000007,92909310730.59377
development,0.005693088968920841,B0,B0-rank9-q2-r0-K0,2262676,1.0,0.0017151102769854543,0.00026890492035402946,0.002310511538836802,0.0037567168954682267,30908.0,30908.0,69934789808.0
development,0.005693088968920841,B1,B1-rank12-q2-r0-K0,2262772,1.0,0.0017151745045969613,0.0002689153389350274,0.002310447311225295,0.0037567064768872288,39994.0,39994.0,90497303368.0
development,0.005693088968920841,B2,B2-rank3-q2-r4-K4,2383797,1.0558330820256105,0.001711749451536515,0.00026838900843739744,0.002313872364285741,0.0037572328073848587,12376.968749999996,12376.968749999996,29504180975.34374
development,0.005693088968920841,B3,B3-rank0-q8-r32-K4,2845807,2.561873229890575,9.071241363531324e-05,1.4812500512273452e-05,0.003934909402186943,0.004010809315309983,31993.531250000007,31993.531250000007,91047415185.96877
development,0.005750223662429702,B0,B0-rank9-q2-r0-K0,2193593,1.0,0.0017151102769854543,0.00026890492035402946,0.0023509118680579326,0.0037971172246893574,30908.0,30908.0,67799572444.0
development,0.005750223662429702,B1,B1-rank12-q2-r0-K0,2193683,1.0,0.0017151745045969613,0.0002689153389350274,0.0023508476404464256,0.0037971068061083595,39994.0,39994.0,87734157902.0
development,0.005750223662429702,B2,B2-rank3-q2-r4-K4,2311117,1.0558330820256105,0.001711749451536515,0.00026838900843739744,0.002354272693506872,0.0037976331366059895,12376.968749999996,12376.968749999996,28604622886.593742
development,0.005750223662429702,B3,B3-rank0-q8-r32-K4,2788783,2.561873229890575,9.071241363531324e-05,1.4812500512273452e-05,0.003975309731408074,0.0040512096445311134,31993.531250000007,31993.531250000007,89223016059.96877
development,0.0058079317482077125,B0,B0-rank9-q2-r0-K0,2127088,1.0,0.0017151102769854543,0.00026890492035402946,0.0023917176468408585,0.0038379230034722833,30908.0,30908.0,65744035904.0
development,0.0058079317482077125,B1,B1-rank12-q2-r0-K0,2127174,1.0,0.0017151745045969613,0.0002689153389350274,0.0023916534192293514,0.0038379125848912853,39994.0,39994.0,85074196956.0
development,0.0058079317482077125,B2,B2-rank3-q2-r4-K4,2241145,1.0558330820256105,0.001711749451536515,0.00026838900843739744,0.0023950784722897977,0.0038384389153889153,12376.968749999996,12376.968749999996,27738581629.218742
development,0.0058079317482077125,B3,B3-rank0-q8-r32-K4,2732911,2.561873229890575,9.071241363531324e-05,1.4812500512273452e-05,0.0040161155101909995,0.004092015423314039,31993.531250000007,31993.531250000007,87435473481.96877
development,0.0058662189807041215,B0,B0-rank9-q2-r0-K0,2063042,1.0,0.0017151102769854543,0.00026890492035402946,0.0024329329441956666,0.0038791383008270914,30908.0,30908.0,63764502136.0
development,0.0058662189807041215,B1,B1-rank12-q2-r0-K0,2063123,1.0,0.0017151745045969613,0.0002689153389350274,0.0024328687165841596,0.0038791278822460935,39994.0,39994.0,82512541262.0
development,0.0058662189807041215,B2,B2-rank3-q2-r4-K4,2173755,1.0558330820256105,0.001711749451536515,0.00026838900843739744,0.002436293769644606,0.0038796542127437234,12376.968749999996,12376.968749999996,26904497705.156242
development,0.0058662189807041215,B3,B3-rank0-q8-r32-K4,2678165,2.561873229890575,9.071241363531324e-05,1.4812500512273452e-05,0.004057330807545808,0.004133230720668847,31993.531250000007,31993.531250000007,85683955620.15627
development,0.005925091172118675,B0,B0-rank9-q2-r0-K0,2001343,1.0,0.0017151102769854543,0.00026890492035402946,0.0024745618699682096,0.003920767226599634,30908.0,30908.0,61857509444.0
development,0.005925091172118675,B1,B1-rank12-q2-r0-K0,2001420,1.0,0.0017151745045969613,0.0002689153389350274,0.0024744976423567025,0.0039207568080186364,39994.0,39994.0,80044791480.0
development,0.005925091172118675,B2,B2-rank3-q2-r4-K4,2108829,1.0558330820256105,0.001711749451536515,0.00026838900843739744,0.002477922695417149,0.003921283138516266,12376.968749999996,12376.968749999996,26100910632.093742
development,0.005925091172118675,B3,B3-rank0-q8-r32-K4,2624522,2.561873229890575,9.071241363531324e-05,1.4812500512273452e-05,0.004098959733318351,0.00417485964644139,31993.531250000007,31993.531250000007,83967726623.31252
development,0.005984554192981184,B0,B0-rank9-q2-r0-K0,1941884,1.0,0.0017151102769854543,0.00026890492035402946,0.0025166085752499276,0.003962813931881352,30908.0,30908.0,60019750672.0
development,0.005984554192981184,B1,B1-rank12-q2-r0-K0,1941957,1.0,0.0017151745045969613,0.0002689153389350274,0.0025165443476384206,0.0039628035133003545,39994.0,39994.0,77666628258.0
development,0.005984554192981184,B2,B2-rank3-q2-r4-K4,2046257,1.0558330820256105,0.001711749451536515,0.00026838900843739744,0.002519969400698867,0.003963329843797984,12376.968749999996,12376.968749999996,25326458943.468742
development,0.005984554192981184,B3,B3-rank0-q8-r32-K4,2571963,2.561873229890575,9.071241363531324e-05,1.4812500512273452e-05,0.004141006438600069,0.004216906351723108,31993.531250000007,31993.531250000007,82286178614.34377
development,0.006044613972736912,B0,B0-rank9-q2-r0-K0,1884563,1.0,0.0017151102769854543,0.00026890492035402946,0.0025590772527917726,0.0040052826094231974,30908.0,30908.0,58248073204.0
development,0.006044613972736912,B1,B1-rank12-q2-r0-K0,1884634,1.0,0.0017151745045969613,0.0002689153389350274,0.0025590130251802656,0.0040052721908421995,39994.0,39994.0,75374052196.0
development,0.006044613972736912,B2,B2-rank3-q2-r4-K4,1985931,1.0558330820256105,0.001711749451536515,0.00026838900843739744,0.002562438078240712,0.0040057985213398295,12376.968749999996,12376.968749999996,24579805926.656242
development,0.006044613972736912,B3,B3-rank0-q8-r32-K4,2520461,2.561873229890575,9.071241363531324e-05,1.4812500512273452e-05,0.004183475116141914,0.0042593750292649534,31993.531250000007,31993.531250000007,80638447767.90627
development,0.00610527650033784,B0,B0-rank9-q2-r0-K0,1829288,1.0,0.0017151102769854543,0.00026890492035402946,0.0026019721374223054,0.00404817749405373,30908.0,30908.0,56539633504.0
development,0.00610527650033784,B1,B1-rank12-q2-r0-K0,1829354,1.0,0.0017151745045969613,0.0002689153389350274,0.0026019079098107984,0.004048167075472732,39994.0,39994.0,73163183876.0
development,0.00610527650033784,B2,B2-rank3-q2-r4-K4,1927754,1.0558330820256105,0.001711749451536515,0.00026838900843739744,0.0026053329628712447,0.004048693405970362,12376.968749999996,12376.968749999996,23859751015.687492
development,0.00610527650033784,B3,B3-rank0-q8-r32-K4,2469997,2.561873229890575,9.071241363531324e-05,1.4812500512273452e-05,0.0042263700007724465,0.004302269913895486,31993.531250000007,31993.531250000007,79023926206.90627
development,0.006166547824839868,B0,B0-rank9-q2-r0-K0,1775966,1.0,0.0017151102769854543,0.00026890492035402946,0.0026452975064699706,0.004091502863101395,30908.0,30908.0,54891557128.0
development,0.006166547824839868,B1,B1-rank12-q2-r0-K0,1776029,1.0,0.0017151745045969613,0.0002689153389350274,0.0026452332788584635,0.0040914924445203974,39994.0,39994.0,71030503826.0
development,0.006166547824839868,B2,B2-rank3-q2-r4-K4,1871630,1.0558330820256105,0.001711749451536515,0.00026838900843739744,0.00264865833191891,0.004092018775018027,12376.968749999996,12376.968749999996,23165106021.562492
development,0.006166547824839868,B3,B3-rank0-q8-r32-K4,2420550,2.561873229890575,9.071241363531324e-05,1.4812500512273452e-05,0.004269695369820112,0.004345595282943151,31993.531250000007,31993.531250000007,77441942067.18752
development,0.006228434056005994,B0,B0-rank9-q2-r0-K0,1724513,1.0,0.0017151102769854543,0.00026890492035402946,0.0026890576801896163,0.004135263036821041,30908.0,30908.0,53301247804.0
development,0.006228434056005994,B1,B1-rank12-q2-r0-K0,1724573,1.0,0.0017151745045969613,0.0002689153389350274,0.0026889934525781093,0.004135252618240043,39994.0,39994.0,68972572562.0
development,0.006228434056005994,B2,B2-rank3-q2-r4-K4,1817470,1.0558330820256105,0.001711749451536515,0.00026838900843739744,0.0026924185056385556,0.004135778948737673,12376.968749999996,12376.968749999996,22494769394.062492
development,0.006228434056005994,B3,B3-rank0-q8-r32-K4,2372099,2.561873229890575,9.071241363531324e-05,1.4812500512273452e-05,0.004313455543539757,0.004389355456662797,31993.531250000007,31993.531250000007,75891823484.59377
development,0.006290941364915573,B0,B0-rank9-q2-r0-K0,1674849,1.0,0.0017151102769854543,0.00026890492035402946,0.002733257022193302,0.004179462378824727,30908.0,30908.0,51766232892.0
development,0.006290941364915573,B1,B1-rank12-q2-r0-K0,1674906,1.0,0.0017151745045969613,0.0002689153389350274,0.002733192794581795,0.004179451960243729,39994.0,39994.0,66986190564.0
development,0.006290941364915573,B2,B2-rank3-q2-r4-K4,1765190,1.0558330820256105,0.001711749451536515,0.00026838900843739744,0.0027366178476422413,0.004179978290741359,12376.968749999996,12376.968749999996,21847701467.812492
development,0.006290941364915573,B3,B3-rank0-q8-r32-K4,2324623,2.561873229890575,9.071241363531324e-05,1.4812500512273452e-05,0.004357654885543443,0.004433554798666483,31993.531250000007,31993.531250000007,74372898594.96877
development,0.0063540759845796685,B0,B0-rank9-q2-r0-K0,1626897,1.0,0.0017151102769854543,0.00026890492035402946,0.0027778999398854172,0.004224105296516842,30908.0,30908.0,50284132476.0
development,0.0063540759845796685,B1,B1-rank12-q2-r0-K0,1626951,1.0,0.0017151745045969613,0.0002689153389350274,0.00277783571227391,0.004224094877935844,39994.0,39994.0,65068278294.0
development,0.0063540759845796685,B2,B2-rank3-q2-r4-K4,1714708,1.0558330820256105,0.001711749451536515,0.00026838900843739744,0.0027812607653343565,0.004224621208433474,12376.968749999996,12376.968749999996,21222887331.374992
development,0.0063540759845796685,B3,B3-rank0-q8-r32-K4,2278104,2.561873229890575,9.071241363531324e-05,1.4812500512273452e-05,0.004402297803235558,0.004478197716358598,31993.531250000007,31993.531250000007,72884591514.75002
development,0.006417844210562581,B0,B0-rank9-q2-r0-K0,1580584,1.0,0.0017151102769854543,0.00026890492035402946,0.0028229908849021716,0.004269196241533596,30908.0,30908.0,48852690272.0
development,0.006417844210562581,B1,B1-rank12-q2-r0-K0,1580637,1.0,0.0017151745045969613,0.0002689153389350274,0.0028229266572906645,0.004269185822952598,39994.0,39994.0,63215996178.0
development,0.006417844210562581,B2,B2-rank3-q2-r4-K4,1665951,1.0558330820256105,0.001711749451536515,0.00026838900843739744,0.0028263517103511108,0.004269712153450228,12376.968749999996,12376.968749999996,20619423466.031242
development,0.006417844210562581,B3,B3-rank0-q8-r32-K4,2232521,2.561873229890575,9.071241363531324e-05,1.4812500512273452e-05,0.004447388748252313,0.004523288661375352,31993.531250000007,31993.531250000007,71426230379.78127
development,0.006482252401609633,B0,B0-rank9-q2-r0-K0,1535843,1.0,0.0017151102769854543,0.00026890492035402946,0.0028685343535555,0.004314739710186925,30908.0,30908.0,47469835444.0
development,0.006482252401609633,B1,B1-rank12-q2-r0-K0,1535894,1.0,0.0017151745045969613,0.0002689153389350274,0.0028684701259439928,0.004314729291605927,39994.0,39994.0,61426544636.0
development,0.006482252401609633,B2,B2-rank3-q2-r4-K4,1618845,1.0558330820256105,0.001711749451536515,0.00026838900843739744,0.002871895179004439,0.004315255622103557,12376.968749999996,12376.968749999996,20036393976.093742
development,0.006482252401609633,B3,B3-rank0-q8-r32-K4,2187856,2.561873229890575,9.071241363531324e-05,1.4812500512273452e-05,0.004492932216905641,0.004568832130028681,31993.531250000007,31993.531250000007,69997239306.50002
development,0.006547306980281227,B0,B0-rank9-q2-r0-K0,1492609,1.0,0.0017151102769854543,0.00026890492035402946,0.0029145348872814184,0.004360740243912843,30908.0,30908.0,46133558972.0
development,0.006547306980281227,B1,B1-rank12-q2-r0-K0,1492656,1.0,0.0017151745045969613,0.0002689153389350274,0.0029144706596699113,0.004360729825331845,39994.0,39994.0,59697284064.0
development,0.006547306980281227,B2,B2-rank3-q2-r4-K4,1573322,1.0558330820256105,0.001711749451536515,0.00026838900843739744,0.0029178957127303576,0.004361256155829475,12376.968749999996,12376.968749999996,19472957227.687492
development,0.006547306980281227,B3,B3-rank0-q8-r32-K4,2144089,2.561873229890575,9.071241363531324e-05,1.4812500512273452e-05,0.004538932750631559,0.004614832663754599,31993.531250000007,31993.531250000007,68596978424.281265
development,0.006613014433593292,B0,B0-rank9-q2-r0-K0,1450818,1.0,0.0017151102769854543,0.00026890492035402946,0.002960997073092878,0.004407202429724303,30908.0,30908.0,44841882744.0
development,0.006613014433593292,B1,B1-rank12-q2-r0-K0,1450863,1.0,0.0017151745045969613,0.0002689153389350274,0.002960932845481371,0.004407192011143305,39994.0,39994.0,58025814822.0
development,0.006613014433593292,B2,B2-rank3-q2-r4-K4,1529318,1.0558330820256105,0.001711749451536515,0.00026838900843739744,0.0029643578985418173,0.004407718341640935,12376.968749999996,12376.968749999996,18928321094.812492
development,0.006613014433593292,B3,B3-rank0-q8-r32-K4,2101203,2.561873229890575,9.071241363531324e-05,1.4812500512273452e-05,0.004585394936443019,0.004661294849566059,31993.531250000007,31993.531250000007,67224903843.093765
development,0.006679381313664138,B0,B0-rank9-q2-r0-K0,1410412,1.0,0.0017151102769854543,0.00026890492035402946,0.0030079255440371676,0.004454130900668592,30908.0,30908.0,43593014096.0
development,0.006679381313664138,B1,B1-rank12-q2-r0-K0,1410456,1.0,0.0017151745045969613,0.0002689153389350274,0.0030078613164256605,0.0044541204820875945,39994.0,39994.0,56409777264.0
development,0.006679381313664138,B2,B2-rank3-q2-r4-K4,1486770,1.0558330820256105,0.001711749451536515,0.00026838900843739744,0.003011286369486107,0.004454646812585224,12376.968749999996,12376.968749999996,18401705828.437492
development,0.006679381313664138,B3,B3-rank0-q8-r32-K4,2059179,2.561873229890575,9.071241363531324e-05,1.4812500512273452e-05,0.004632323407387309,0.004708223320510348,31993.531250000007,31993.531250000007,65880407685.843765
development,0.006746414238367818,B0,B0-rank9-q2-r0-K0,1371336,1.0,0.0017151102769854543,0.00026890492035402946,0.0030553249796579068,0.0045015303362893316,30908.0,30908.0,42385253088.0
development,0.006746414238367818,B1,B1-rank12-q2-r0-K0,1371378,1.0,0.0017151745045969613,0.0002689153389350274,0.0030552607520463997,0.004501519917708334,39994.0,39994.0,54846891732.0
development,0.006746414238367818,B2,B2-rank3-q2-r4-K4,1445620,1.0558330820256105,0.001711749451536515,0.00026838900843739744,0.003058685805106846,0.004502046248205964,12376.968749999996,12376.968749999996,17892393564.374992
development,0.006746414238367818,B3,B3-rank0-q8-r32-K4,2018002,2.561873229890575,9.071241363531324e-05,1.4812500512273452e-05,0.004679722843008048,0.004755622756131088,31993.531250000007,31993.531250000007,64563010049.562515
development,0.0068141198919940285,B0,B0-rank9-q2-r0-K0,1333537,1.0,0.0017151102769854543,0.00026890492035402946,0.003103200106461668,0.004549405463093093,30908.0,30908.0,41216961596.0
development,0.0068141198919940285,B1,B1-rank12-q2-r0-K0,1333576,1.0,0.0017151745045969613,0.0002689153389350274,0.003103135878850161,0.004549395044512095,39994.0,39994.0,53335038544.0
development,0.0068141198919940285,B2,B2-rank3-q2-r4-K4,1405813,1.0558330820256105,0.001711749451536515,0.00026838900843739744,0.0031065609319106072,0.004549921375009725,12376.968749999996,12376.968749999996,17399703569.343742
development,0.0068141198919940285,B3,B3-rank0-q8-r32-K4,1977652,2.561873229890575,9.071241363531324e-05,1.4812500512273452e-05,0.004727597969811809,0.004803497882934849,31993.531250000007,31993.531250000007,63272071063.625015
development,0.006882505025914659,B0,B0-rank9-q2-r0-K0,1296963,1.0,0.0017151102769854543,0.00026890492035402946,0.0031515556983892955,0.00459776105502072,30908.0,30908.0,40086532404.0
development,0.006882505025914659,B1,B1-rank12-q2-r0-K0,1297001,1.0,0.0017151745045969613,0.0002689153389350274,0.0031514914707777885,0.004597750636439722,39994.0,39994.0,51872257994.0
development,0.006882505025914659,B2,B2-rank3-q2-r4-K4,1367294,1.0558330820256105,0.001711749451536515,0.00026838900843739744,0.0031549165238382347,0.004598276966937352,12376.968749999996,12376.968749999996,16922955110.062494
development,0.006882505025914659,B3,B3-rank0-q8-r32-K4,1938112,2.561873229890575,9.071241363531324e-05,1.4812500512273452e-05,0.0047759535617394365,0.004851853474862476,31993.531250000007,31993.531250000007,62007046838.000015
development,0.006951576459257,B0,B0-rank9-q2-r0-K0,1261568,1.0,0.0017151102769854543,0.00026890492035402946,0.0032003965772919394,0.004646601933923364,30908.0,30908.0,38992543744.0
development,0.006951576459257,B1,B1-rank12-q2-r0-K0,1261603,1.0,0.0017151745045969613,0.0002689153389350274,0.0032003323496804324,0.004646591515342366,39994.0,39994.0,50456550382.0
development,0.006951576459257,B2,B2-rank3-q2-r4-K4,1330015,1.0558330820256105,0.001711749451536515,0.00026838900843739744,0.0032037574027408786,0.004647117845839996,12376.968749999996,12376.968749999996,16461554092.031244
development,0.006951576459257,B3,B3-rank0-q8-r32-K4,1899369,2.561873229890575,9.071241363531324e-05,1.4812500512273452e-05,0.00482479444064208,0.00490069435376512,31993.531250000007,31993.531250000007,60767521456.781265
development,0.007021341079583731,B0,B0-rank9-q2-r0-K0,1227303,1.0,0.0017151102769854543,0.00026890492035402946,0.003249727613411876,0.004695932970043301,30908.0,30908.0,37933481124.0
development,0.007021341079583731,B1,B1-rank12-q2-r0-K0,1227338,1.0,0.0017151745045969613,0.0002689153389350274,0.003249663385800369,0.004695922551462303,39994.0,39994.0,49086155972.0
development,0.007021341079583731,B2,B2-rank3-q2-r4-K4,1293926,1.0558330820256105,0.001711749451536515,0.00026838900843739744,0.003253088438860815,0.004696448881959933,12376.968749999996,12376.968749999996,16014881666.812494
development,0.007021341079583731,B3,B3-rank0-q8-r32-K4,1861404,2.561873229890575,9.071241363531324e-05,1.4812500512273452e-05,0.004874125476762017,0.004950025389885057,31993.531250000007,31993.531250000007,59552887042.875015
development,0.007091805843579723,B0,B0-rank9-q2-r0-K0,1194128,1.0,0.0017151102769854543,0.00026890492035402946,0.0032995537258681514,0.004745759082499576,30908.0,30908.0,36908108224.0
development,0.007091805843579723,B1,B1-rank12-q2-r0-K0,1194160,1.0,0.0017151745045969613,0.0002689153389350274,0.0032994894982566443,0.004745748663918578,39994.0,39994.0,47759235040.0
development,0.007091805843579723,B2,B2-rank3-q2-r4-K4,1258981,1.0558330820256105,0.001711749451536515,0.00026838900843739744,0.0033029145513170906,0.004746274994416208,12376.968749999996,12376.968749999996,15582368493.843744
development,0.007091805843579723,B3,B3-rank0-q8-r32-K4,1824202,2.561873229890575,9.071241363531324e-05,1.4812500512273452e-05,0.004923951589218292,0.004999851502341332,31993.531250000007,31993.531250000007,58362663693.312515
development,0.007162977777745734,B0,B0-rank9-q2-r0-K0,1161998,1.0,0.0017151102769854543,0.00026890492035402946,0.0033498798831471006,0.0047960852397785254,30908.0,30908.0,35915034184.0
development,0.007162977777745734,B1,B1-rank12-q2-r0-K0,1162030,1.0,0.0017151745045969613,0.0002689153389350274,0.0033498156555355936,0.0047960748211975275,39994.0,39994.0,46474227820.0
development,0.007162977777745734,B2,B2-rank3-q2-r4-K4,1225138,1.0558330820256105,0.001711749451536515,0.00026838900843739744,0.00335324070859604,0.0047966011516951575,12376.968749999996,12376.968749999996,15163494740.437494
development,0.007162977777745734,B3,B3-rank0-q8-r32-K4,1787746,2.561873229890575,9.071241363531324e-05,1.4812500512273452e-05,0.004974277746497242,0.0050501776596202815,31993.531250000007,31993.531250000007,57196307518.062515
development,0.007234863979099068,B0,B0-rank9-q2-r0-K0,1130876,1.0,0.0017151102769854543,0.00026890492035402946,0.0034007111035977847,0.0048469164602292095,30908.0,30908.0,34953115408.0
development,0.007234863979099068,B1,B1-rank12-q2-r0-K0,1130906,1.0,0.0017151745045969613,0.0002689153389350274,0.0034006468759862777,0.004846906041648212,39994.0,39994.0,45229454564.0
development,0.007234863979099068,B2,B2-rank3-q2-r4-K4,1192353,1.0558330820256105,0.001711749451536515,0.00026838900843739744,0.003404071929046724,0.0048474323721458415,12376.968749999996,12376.968749999996,14757715819.968744
development,0.007234863979099068,B3,B3-rank0-q8-r32-K4,1752025,2.561873229890575,9.071241363531324e-05,1.4812500512273452e-05,0.005025108966947926,0.0051010088800709655,31993.531250000007,31993.531250000007,56053466588.281265
development,0.007307471615881263,B0,B0-rank9-q2-r0-K0,1100723,1.0,0.0017151102769854543,0.00026890492035402946,0.0034520524559324044,0.004898257812563829,30908.0,30908.0,34021146484.0
development,0.007307471615881263,B1,B1-rank12-q2-r0-K0,1100752,1.0,0.0017151745045969613,0.0002689153389350274,0.0034519882283208974,0.004898247393982831,39994.0,39994.0,44023475488.0
development,0.007307471615881263,B2,B2-rank3-q2-r4-K4,1160588,1.0558330820256105,0.001711749451536515,0.00026838900843739744,0.0034554132813813436,0.004898773724480461,12376.968749999996,12376.968749999996,14364561407.624996
development,0.007307471615881263,B3,B3-rank0-q8-r32-K4,1717020,2.561873229890575,9.071241363531324e-05,1.4812500512273452e-05,0.005076450319282545,0.005152350232405585,31993.531250000007,31993.531250000007,54933533026.875015
development,0.007380807928272885,B0,B0-rank9-q2-r0-K0,1071502,1.0,0.0017151102769854543,0.00026890492035402946,0.0035039090597317355,0.00495011441636316,30908.0,30908.0,33117983816.0
development,0.007380807928272885,B1,B1-rank12-q2-r0-K0,1071529,1.0,0.0017151745045969613,0.0002689153389350274,0.0035038448321202285,0.004950103997782162,39994.0,39994.0,42854730826.0
development,0.007380807928272885,B2,B2-rank3-q2-r4-K4,1129805,1.0558330820256105,0.001711749451536515,0.00026838900843739744,0.0035072698851806748,0.004950630328279792,12376.968749999996,12376.968749999996,13983561178.593746
development,0.007380807928272885,B3,B3-rank0-q8-r32-K4,1682718,2.561873229890575,9.071241363531324e-05,1.4812500512273452e-05,0.005128306923081877,0.005204206836204916,31993.531250000007,31993.531250000007,53836090917.937515
development,0.0074548802291154945,B0,B0-rank9-q2-r0-K0,1043180,1.0,0.0017151102769854543,0.00026890492035402946,0.0035562860859556346,0.005002491442587059,30908.0,30908.0,32242607440.0
development,0.0074548802291154945,B1,B1-rank12-q2-r0-K0,1043206,1.0,0.0017151745045969613,0.0002689153389350274,0.0035562218583441276,0.0050024810240060615,39994.0,39994.0,41721980764.0
development,0.0074548802291154945,B2,B2-rank3-q2-r4-K4,1099966,1.0558330820256105,0.001711749451536515,0.00026838900843739744,0.003559646911404574,0.0050030073545036914,12376.968749999996,12376.968749999996,13614244808.062496
development,0.0074548802291154945,B3,B3-rank0-q8-r32-K4,1649105,2.561873229890575,9.071241363531324e-05,1.4812500512273452e-05,0.005180683949305776,0.005256583862428815,31993.531250000007,31993.531250000007,52760692352.031265
development,0.007529695904640853,B0,B0-rank9-q2-r0-K0,1015722,1.0,0.0017151102769854543,0.00026890492035402946,0.003609188757458668,0.005055394114090093,30908.0,30908.0,31393935576.0
development,0.007529695904640853,B1,B1-rank12-q2-r0-K0,1015748,1.0,0.0017151745045969613,0.0002689153389350274,0.003609124529847161,0.005055383695509095,39994.0,39994.0,40623825512.0
development,0.007529695904640853,B2,B2-rank3-q2-r4-K4,1071039,1.0558330820256105,0.001711749451536515,0.00026838900843739744,0.0036125495829076072,0.005055910026006725,12376.968749999996,12376.968749999996,13256216233.031246
development,0.007529695904640853,B3,B3-rank0-q8-r32-K4,1616166,2.561873229890575,9.071241363531324e-05,1.4812500512273452e-05,0.005233586620808809,0.005309486533931849,31993.531250000007,31993.531250000007,51706857426.187515
development,0.00760526241520746,B0,B0-rank9-q2-r0-K0,989099,1.0,0.0017151102769854543,0.00026890492035402946,0.003662622349510921,0.005108827706142346,30908.0,30908.0,30571071892.0
development,0.00760526241520746,B1,B1-rank12-q2-r0-K0,989124,1.0,0.0017151745045969613,0.0002689153389350274,0.003662558121899414,0.005108817287561348,39994.0,39994.0,39559025256.0
development,0.00760526241520746,B2,B2-rank3-q2-r4-K4,1042988,1.0558330820256105,0.001711749451536515,0.00026838900843739744,0.0036659831749598602,0.005109343618058978,12376.968749999996,12376.968749999996,12909029882.624996
development,0.00760526241520746,B3,B3-rank0-q8-r32-K4,1583889,2.561873229890575,9.071241363531324e-05,1.4812500512273452e-05,0.005287020212861062,0.005362920125984102,31993.531250000007,31993.531250000007,50674202218.031265
development,0.007681587296044463,B0,B0-rank9-q2-r0-K0,963279,1.0,0.0017151102769854543,0.00026890492035402946,0.0037165921903240208,0.0051627975469554456,30908.0,30908.0,29773027332.0
development,0.007681587296044463,B1,B1-rank12-q2-r0-K0,963302,1.0,0.0017151745045969613,0.0002689153389350274,0.0037165279627125137,0.005162787128374448,39994.0,39994.0,38526300188.0
development,0.007681587296044463,B2,B2-rank3-q2-r4-K4,1015782,1.0558330820256105,0.001711749451536515,0.00026838900843739744,0.00371995301577296,0.005163313458872078,12376.968749999996,12376.968749999996,12572302070.812496
development,0.007681587296044463,B3,B3-rank0-q8-r32-K4,1552260,2.561873229890575,9.071241363531324e-05,1.4812500512273452e-05,0.005340990053674162,0.005416889966797202,31993.531250000007,31993.531250000007,49662278818.125015
development,0.007758678158003055,B0,B0-rank9-q2-r0-K0,938234,1.0,0.0017151102769854543,0.00026890492035402946,0.003771103661582457,0.005217309018213882,30908.0,30908.0,28998936472.0
development,0.007758678158003055,B1,B1-rank12-q2-r0-K0,938256,1.0,0.0017151745045969613,0.0002689153389350274,0.00377103943397095,0.005217298599632884,39994.0,39994.0,37524610464.0
development,0.007758678158003055,B2,B2-rank3-q2-r4-K4,989393,1.0558330820256105,0.001711749451536515,0.00026838900843739744,0.003774464487031396,0.005217824930130514,12376.968749999996,12376.968749999996,12245686242.468746
development,0.007758678158003055,B3,B3-rank0-q8-r32-K4,1521265,2.561873229890575,9.071241363531324e-05,1.4812500512273452e-05,0.005395501524932598,0.005471401438055638,31993.531250000007,31993.531250000007,48670639317.03126
development,0.007836542688315398,B0,B0-rank9-q2-r0-K0,913936,1.0,0.0017151102769854543,0.00026890492035402946,0.0038261621989802205,0.005272367555611645,30908.0,30908.0,28247933888.0
development,0.007836542688315398,B1,B1-rank12-q2-r0-K0,913958,1.0,0.0017151745045969613,0.0002689153389350274,0.0038260979713687134,0.005272357137030647,39994.0,39994.0,36552836252.0
development,0.007836542688315398,B2,B2-rank3-q2-r4-K4,963790,1.0558330820256105,0.001711749451536515,0.00026838900843739744,0.0038295230244291597,0.005272883467528277,12376.968749999996,12376.968749999996,11928798711.562496
development,0.007836542688315398,B3,B3-rank0-q8-r32-K4,1490892,2.561873229890575,9.071241363531324e-05,1.4812500512273452e-05,0.0054505600623303615,0.005526459975453401,31993.531250000007,31993.531250000007,47698899792.37501
development,0.007915188651361163,B0,B0-rank9-q2-r0-K0,890359,1.0,0.0017151102769854543,0.00026890492035402946,0.0038817732927628277,0.0053279786493942525,30908.0,30908.0,27519215972.0
development,0.007915188651361163,B1,B1-rank12-q2-r0-K0,890380,1.0,0.0017151745045969613,0.0002689153389350274,0.0038817090651513207,0.0053279682308132546,39994.0,39994.0,35609857720.0
development,0.007915188651361163,B2,B2-rank3-q2-r4-K4,938946,1.0558330820256105,0.001711749451536515,0.00026838900843739744,0.003885134118211767,0.0053284945613108845,12376.968749999996,12376.968749999996,11621305299.937496
development,0.007915188651361163,B3,B3-rank0-q8-r32-K4,1461129,2.561873229890575,9.071241363531324e-05,1.4812500512273452e-05,0.005506171156112969,0.0055820710692360085,31993.531250000007,31993.531250000007,46746676321.78126
development,0.007994623889441776,B0,B0-rank9-q2-r0-K0,867477,1.0,0.0017151102769854543,0.00026890492035402946,0.003937942488274797,0.005384147844906222,30908.0,30908.0,26811979116.0
development,0.007994623889441776,B1,B1-rank12-q2-r0-K0,867497,1.0,0.0017151745045969613,0.0002689153389350274,0.00393787826066329,0.005384137426325224,39994.0,39994.0,34694675018.0
development,0.007994623889441776,B2,B2-rank3-q2-r4-K4,914833,1.0558330820256105,0.001711749451536515,0.00026838900843739744,0.003941303313723736,0.005384663756822854,12376.968749999996,12376.968749999996,11322859452.468746
development,0.007994623889441776,B3,B3-rank0-q8-r32-K4,1431962,2.561873229890575,9.071241363531324e-05,1.4812500512273452e-05,0.005562340351624938,0.005638240264747978,31993.531250000007,31993.531250000007,45813520995.81251
development,0.008074856323562416,B0,B0-rank9-q2-r0-K0,845267,1.0,0.0017151102769854543,0.00026890492035402946,0.0039946753865126045,0.005440880743144029,30908.0,30908.0,26125512436.0
development,0.008074856323562416,B1,B1-rank12-q2-r0-K0,845286,1.0,0.0017151745045969613,0.0002689153389350274,0.0039946111589010975,0.005440870324563031,39994.0,39994.0,33806368284.0
development,0.008074856323562416,B2,B2-rank3-q2-r4-K4,891427,1.0558330820256105,0.001711749451536515,0.00026838900843739744,0.003998036211961544,0.005441396655060661,12376.968749999996,12376.968749999996,11033164121.906246
development,0.008074856323562416,B3,B3-rank0-q8-r32-K4,1403382,2.561873229890575,9.071241363531324e-05,1.4812500512273452e-05,0.0056190732498627455,0.005694973162985785,31993.531250000007,31993.531250000007,44899145872.68751
development,0.00815589395422187,B0,B0-rank9-q2-r0-K0,823704,1.0,0.0017151102769854543,0.00026890492035402946,0.004051977644683196,0.0054981830013146205,30908.0,30908.0,25459043232.0
development,0.00815589395422187,B1,B1-rank12-q2-r0-K0,823722,1.0,0.0017151745045969613,0.0002689153389350274,0.004051913417071689,0.005498172582733623,39994.0,39994.0,32943937668.0
development,0.00815589395422187,B2,B2-rank3-q2-r4-K4,868703,1.0558330820256105,0.001711749451536515,0.00026838900843739744,0.004055338470132135,0.0054986989132312526,12376.968749999996,12376.968749999996,10751909884.031246
development,0.00815589395422187,B3,B3-rank0-q8-r32-K4,1375373,2.561873229890575,9.071241363531324e-05,1.4812500512273452e-05,0.005676375508033337,0.0057522754211563765,31993.531250000007,31993.531250000007,44003039055.90626
development,0.008237744862210327,B0,B0-rank9-q2-r0-K0,802767,1.0,0.0017151102769854543,0.00026890492035402946,0.0041098549767681096,0.005556060333399534,30908.0,30908.0,24811922436.0
development,0.008237744862210327,B1,B1-rank12-q2-r0-K0,802784,1.0,0.0017151745045969613,0.0002689153389350274,0.0041097907491566025,0.005556049914818536,39994.0,39994.0,32106543296.0
development,0.008237744862210327,B2,B2-rank3-q2-r4-K4,846637,1.0558330820256105,0.001711749451536515,0.00026838900843739744,0.004113215802217049,0.005556576245316166,12376.968749999996,12376.968749999996,10478799691.593746
development,0.008237744862210327,B3,B3-rank0-q8-r32-K4,1347926,2.561873229890575,9.071241363531324e-05,1.4812500512273452e-05,0.005734252840118251,0.00581015275324129,31993.531250000007,31993.531250000007,43124912603.68751
development,0.008320417209415154,B0,B0-rank9-q2-r0-K0,782434,1.0,0.0017151102769854543,0.00026890492035402946,0.004168313154093251,0.005614518510724676,30908.0,30908.0,24183470072.0
development,0.008320417209415154,B1,B1-rank12-q2-r0-K0,782451,1.0,0.0017151745045969613,0.0002689153389350274,0.004168248926481744,0.005614508092143678,39994.0,39994.0,31293345294.0
development,0.008320417209415154,B2,B2-rank3-q2-r4-K4,825208,1.0558330820256105,0.001711749451536515,0.00026838900843739744,0.00417167397954219,0.005615034422641308,12376.968749999996,12376.968749999996,10213573628.249996
development,0.008320417209415154,B3,B3-rank0-q8-r32-K4,1321030,2.561873229890575,9.071241363531324e-05,1.4812500512273452e-05,0.005792711017443392,0.005868610930566432,31993.531250000007,31993.531250000007,42264414587.18751
development,0.00840391923963477,B0,B0-rank9-q2-r0-K0,762685,1.0,0.0017151102769854543,0.00026890492035402946,0.004227358005904385,0.00567356336253581,30908.0,30908.0,23573067980.0
development,0.00840391923963477,B1,B1-rank12-q2-r0-K0,762701,1.0,0.0017151745045969613,0.0002689153389350274,0.004227293778292878,0.005673552943954812,39994.0,39994.0,30503463794.0
development,0.00840391923963477,B2,B2-rank3-q2-r4-K4,804394,1.0558330820256105,0.001711749451536515,0.00026838900843739744,0.004230718831353324,0.005674079274452442,12376.968749999996,12376.968749999996,9955959400.687496
development,0.00840391923963477,B3,B3-rank0-q8-r32-K4,1294672,2.561873229890575,9.071241363531324e-05,1.4812500512273452e-05,0.005851755869254526,0.005927655782377566,31993.531250000007,31993.531250000007,41421129090.50001
development,0.008488259279400698,B0,B0-rank9-q2-r0-K0,743501,1.0,0.0017151102769854543,0.00026890492035402946,0.004286995419948416,0.005733200776579841,30908.0,30908.0,22980128908.0
development,0.008488259279400698,B1,B1-rank12-q2-r0-K0,743517,1.0,0.0017151745045969613,0.0002689153389350274,0.004286931192336909,0.005733190357998843,39994.0,39994.0,29736218898.0
development,0.008488259279400698,B2,B2-rank3-q2-r4-K4,784174,1.0558330820256105,0.001711749451536515,0.00026838900843739744,0.004290356245397356,0.005733716688496473,12376.968749999996,12376.968749999996,9705697092.562496
development,0.008488259279400698,B3,B3-rank0-q8-r32-K4,1268843,2.561873229890575,9.071241363531324e-05,1.4812500512273452e-05,0.005911393283298557,0.005987293196421597,31993.531250000007,31993.531250000007,40594768171.84376
development,0.008573445738807854,B0,B0-rank9-q2-r0-K0,724862,1.0,0.0017151102769854543,0.00026890492035402946,0.004347231343060489,0.005793436699691914,30908.0,30908.0,22404034696.0
development,0.008573445738807854,B1,B1-rank12-q2-r0-K0,724876,1.0,0.0017151745045969613,0.0002689153389350274,0.004347167115448982,0.005793426281110916,39994.0,39994.0,28990690744.0
development,0.008573445738807854,B2,B2-rank3-q2-r4-K4,764528,1.0558330820256105,0.001711749451536515,0.00026838900843739744,0.004350592168509428,0.005793952611608546,12376.968749999996,12376.968749999996,9462539164.499996
development,0.008573445738807854,B3,B3-rank0-q8-r32-K4,1243531,2.561873229890575,9.071241363531324e-05,1.4812500512273452e-05,0.00597162920641063,0.00604752911953367,31993.531250000007,31993.531250000007,39784947908.84376
development,0.008659487112353172,B0,B0-rank9-q2-r0-K0,706750,1.0,0.0017151102769854543,0.00026890492035402946,0.0044080717817569885,0.005854277138388413,30908.0,30908.0,21844229000.0
development,0.008659487112353172,B1,B1-rank12-q2-r0-K0,706764,1.0,0.0017151745045969613,0.0002689153389350274,0.0044080075541454815,0.005854266719807415,39994.0,39994.0,28266319416.0
development,0.008659487112353172,B2,B2-rank3-q2-r4-K4,745437,1.0558330820256105,0.001711749451536515,0.00026838900843739744,0.004411432607205928,0.005854793050305045,12376.968749999996,12376.968749999996,9226250454.093746
development,0.008659487112353172,B3,B3-rank0-q8-r32-K4,1218727,2.561873229890575,9.071241363531324e-05,1.4812500512273452e-05,0.0060324696451071295,0.006108369558230169,31993.531250000007,31993.531250000007,38991380359.71876
development,0.00874639197978264,B0,B0-rank9-q2-r0-K0,689148,1.0,0.0017151102769854543,0.00026890492035402946,0.004469522802834482,0.005915728159465907,30908.0,30908.0,21300186384.0
development,0.00874639197978264,B1,B1-rank12-q2-r0-K0,689161,1.0,0.0017151745045969613,0.0002689153389350274,0.004469458575222975,0.005915717740884909,39994.0,39994.0,27562305034.0
development,0.00874639197978264,B2,B2-rank3-q2-r4-K4,726883,1.0558330820256105,0.001711749451536515,0.00026838900843739744,0.004472883628283421,0.005916244071382539,12376.968749999996,12376.968749999996,8996608175.906246
development,0.00874639197978264,B3,B3-rank0-q8-r32-K4,1194420,2.561873229890575,9.071241363531324e-05,1.4812500512273452e-05,0.006093920666184623,0.006169820579307663,31993.531250000007,31993.531250000007,38213713595.62501
development,0.008834169006946852,B0,B0-rank9-q2-r0-K0,672038,1.0,0.0017151102769854543,0.00026890492035402946,0.004531590533974693,0.005977795890606118,30908.0,30908.0,20771350504.0
development,0.008834169006946852,B1,B1-rank12-q2-r0-K0,672051,1.0,0.0017151745045969613,0.0002689153389350274,0.004531526306363186,0.00597778547202512,39994.0,39994.0,26878007694.0
development,0.008834169006946852,B2,B2-rank3-q2-r4-K4,708848,1.0558330820256105,0.001711749451536515,0.00026838900843739744,0.004534951359423632,0.00597831180252275,12376.968749999996,12376.968749999996,8773389544.499996
development,0.008834169006946852,B3,B3-rank0-q8-r32-K4,1170599,2.561873229890575,9.071241363531324e-05,1.4812500512273452e-05,0.006155988397324834,0.006231888310447874,31993.531250000007,31993.531250000007,37451595687.71876
development,0.008922826946665132,B0,B0-rank9-q2-r0-K0,655406,1.0,0.0017151102769854543,0.00026890492035402946,0.004594281164355517,0.006040486520986941,30908.0,30908.0,20257288648.0
development,0.008922826946665132,B1,B1-rank12-q2-r0-K0,655419,1.0,0.0017151745045969613,0.0002689153389350274,0.0045942169367440095,0.0060404761024059435,39994.0,39994.0,26212827486.0
development,0.008922826946665132,B2,B2-rank3-q2-r4-K4,691315,1.0558330820256105,0.001711749451536515,0.00026838900843739744,0.004597641989804456,0.006041002432903573,12376.968749999996,12376.968749999996,8556384151.406247
development,0.008922826946665132,B3,B3-rank0-q8-r32-K4,1147255,2.561873229890575,9.071241363531324e-05,1.4812500512273452e-05,0.006218679027705658,0.006294578940828697,31993.531250000007,31993.531250000007,36704738694.21876
development,0.009012374639598334,B0,B0-rank9-q2-r0-K0,639236,1.0,0.0017151102769854543,0.00026890492035402946,0.004657600945268195,0.00610380630189962,30908.0,30908.0,19757506288.0
development,0.009012374639598334,B1,B1-rank12-q2-r0-K0,639248,1.0,0.0017151745045969613,0.0002689153389350274,0.004657536717656688,0.006103795883318622,39994.0,39994.0,25566084512.0
development,0.009012374639598334,B2,B2-rank3-q2-r4-K4,674269,1.0558330820256105,0.001711749451536515,0.00026838900843739744,0.004660961770717134,0.006104322213816252,12376.968749999996,12376.968749999996,8345406342.093747
development,0.009012374639598334,B3,B3-rank0-q8-r32-K4,1124379,2.561873229890575,9.071241363531324e-05,1.4812500512273452e-05,0.006281998808618336,0.006357898721741376,31993.531250000007,31993.531250000007,35972854673.34376
development,0.009102821015130401,B0,B0-rank9-q2-r0-K0,623512,1.0,0.0017151102769854543,0.00026890492035402946,0.004721556190740664,0.0061677615473720885,30908.0,30908.0,19271508896.0
development,0.009102821015130401,B1,B1-rank12-q2-r0-K0,623524,1.0,0.0017151745045969613,0.0002689153389350274,0.004721491963129157,0.006167751128791091,39994.0,39994.0,24937218856.0
development,0.009102821015130401,B2,B2-rank3-q2-r4-K4,657693,1.0558330820256105,0.001711749451536515,0.00026838900843739744,0.004724917016189603,0.0061682774592887206,12376.968749999996,12376.968749999996,8140245708.093747
development,0.009102821015130401,B3,B3-rank0-q8-r32-K4,1101961,2.561873229890575,9.071241363531324e-05,1.4812500512273452e-05,0.006345954054090805,0.0064218539672138445,31993.531250000007,31993.531250000007,35255623689.78126
development,0.009194175092258776,B0,B0-rank9-q2-r0-K0,608221,1.0,0.0017151102769854543,0.00026890492035402946,0.004786153278167177,0.006232358634798602,30908.0,30908.0,18798894668.0
development,0.009194175092258776,B1,B1-rank12-q2-r0-K0,608232,1.0,0.0017151745045969613,0.0002689153389350274,0.00478608905055567,0.006232348216217604,39994.0,39994.0,24325630608.0
development,0.009194175092258776,B2,B2-rank3-q2-r4-K4,641573,1.0558330820256105,0.001711749451536515,0.00026838900843739744,0.0047895141036161165,0.006232874546715234,12376.968749999996,12376.968749999996,7940728971.843747
development,0.009194175092258776,B3,B3-rank0-q8-r32-K4,1079992,2.561873229890575,9.071241363531324e-05,1.4812500512273452e-05,0.006410551141517318,0.006486451054640358,31993.531250000007,31993.531250000007,34552757801.75001
development,0.009286445980493743,B0,B0-rank9-q2-r0-K0,593348,1.0,0.0017151102769854543,0.00026890492035402946,0.004851398648944228,0.006297604005575653,30908.0,30908.0,18339199984.0
development,0.009286445980493743,B1,B1-rank12-q2-r0-K0,593359,1.0,0.0017151745045969613,0.0002689153389350274,0.004851334421332721,0.006297593586994655,39994.0,39994.0,23730799846.0
development,0.009286445980493743,B2,B2-rank3-q2-r4-K4,625895,1.0558330820256105,0.001711749451536515,0.00026838900843739744,0.004854759474393167,0.006298119917492285,12376.968749999996,12376.968749999996,7746682855.781248
development,0.009286445980493743,B3,B3-rank0-q8-r32-K4,1058463,2.561873229890575,9.071241363531324e-05,1.4812500512273452e-05,0.006475796512294369,0.006551696425417409,31993.531250000007,31993.531250000007,33863969067.468758
development,0.009379642880766792,B0,B0-rank9-q2-r0-K0,578882,1.0,0.0017151102769854543,0.00026890492035402946,0.0049172988091128675,0.006363504165744292,30908.0,30908.0,17892084856.0
development,0.009379642880766792,B1,B1-rank12-q2-r0-K0,578892,1.0,0.0017151745045969613,0.0002689153389350274,0.0049172345815013604,0.006363493747163294,39994.0,39994.0,23152206648.0
development,0.009379642880766792,B2,B2-rank3-q2-r4-K4,610643,1.0558330820256105,0.001711749451536515,0.00026838900843739744,0.004920659634561807,0.006364020077660924,12376.968749999996,12376.968749999996,7557909328.406248
development,0.009379642880766792,B3,B3-rank0-q8-r32-K4,1037364,2.561873229890575,9.071241363531324e-05,1.4812500512273452e-05,0.0065416966724630085,0.006617596585586048,31993.531250000007,31993.531250000007,33188937551.625008
development,0.009473775086348108,B0,B0-rank9-q2-r0-K0,564807,1.0,0.0017151102769854543,0.00026890492035402946,0.004983860330007462,0.006430065686638887,30908.0,30908.0,17457054756.0
development,0.009473775086348108,B1,B1-rank12-q2-r0-K0,564817,1.0,0.0017151745045969613,0.0002689153389350274,0.004983796102395955,0.006430055268057889,39994.0,39994.0,22589291098.0
development,0.009473775086348108,B2,B2-rank3-q2-r4-K4,595804,1.0558330820256105,0.001711749451536515,0.00026838900843739744,0.004987221155456401,0.006430581598555519,12376.968749999996,12376.968749999996,7374247489.124998
development,0.009473775086348108,B3,B3-rank0-q8-r32-K4,1016688,2.561873229890575,9.071241363531324e-05,1.4812500512273452e-05,0.006608258193357603,0.006684158106480643,31993.531250000007,31993.531250000007,32527439299.500008
development,0.009568851983773266,B0,B0-rank9-q2-r0-K0,551113,1.0,0.0017151102769854543,0.00026890492035402946,0.005051089848910969,0.006497295205542394,30908.0,30908.0,17033800604.0
development,0.009568851983773266,B1,B1-rank12-q2-r0-K0,551123,1.0,0.0017151745045969613,0.0002689153389350274,0.005051025621299462,0.006497284786961396,39994.0,39994.0,22041613262.0
development,0.009568851983773266,B2,B2-rank3-q2-r4-K4,581367,1.0558330820256105,0.001711749451536515,0.00026838900843739744,0.0050544506743599085,0.006497811117459026,12376.968749999996,12376.968749999996,7195561191.281248
development,0.009568851983773266,B3,B3-rank0-q8-r32-K4,996425,2.561873229890575,9.071241363531324e-05,1.4812500512273452e-05,0.00667548771226111,0.00675138762538415,31993.531250000007,31993.531250000007,31879154375.781258
development,0.009664883053779216,B0,B0-rank9-q2-r0-K0,537788,1.0,0.0017151102769854543,0.00026890492035402946,0.005118994069716777,0.006565199426348201,30908.0,30908.0,16621951504.0
development,0.009664883053779216,B1,B1-rank12-q2-r0-K0,537797,1.0,0.0017151745045969613,0.0002689153389350274,0.0051189298421052696,0.0065651890077672035,39994.0,39994.0,21508653218.0
development,0.009664883053779216,B2,B2-rank3-q2-r4-K4,567317,1.0558330820256105,0.001711749451536515,0.00026838900843739744,0.005122354895165716,0.006565715338264833,12376.968749999996,12376.968749999996,7021664780.343748
development,0.009664883053779216,B3,B3-rank0-q8-r32-K4,976568,2.561873229890575,9.071241363531324e-05,1.4812500512273452e-05,0.006743391933066918,0.006819291846189957,31993.531250000007,31993.531250000007,31243858825.750008
development,0.009761877872249677,B0,B0-rank9-q2-r0-K0,524820,1.0,0.0017151102769854543,0.00026890492035402946,0.005187579763597198,0.006633785120228623,30908.0,30908.0,16221136560.0
development,0.009761877872249677,B1,B1-rank12-q2-r0-K0,524829,1.0,0.0017151745045969613,0.0002689153389350274,0.005187515535985691,0.006633774701647625,39994.0,39994.0,20990011026.0
development,0.009761877872249677,B2,B2-rank3-q2-r4-K4,553645,1.0558330820256105,0.001711749451536515,0.00026838900843739744,0.005190940589046137,0.006634301032145255,12376.968749999996,12376.968749999996,6852446863.593748
development,0.009761877872249677,B3,B3-rank0-q8-r32-K4,957109,2.561873229890575,9.071241363531324e-05,1.4812500512273452e-05,0.006811977626947339,0.006887877540070379,31993.531250000007,31993.531250000007,30621296701.156258
development,0.009859846111170006,B0,B0-rank9-q2-r0-K0,512198,1.0,0.0017151102769854543,0.00026890492035402946,0.005256853769678666,0.006703059126310091,30908.0,30908.0,15831015784.0
development,0.009859846111170006,B1,B1-rank12-q2-r0-K0,512207,1.0,0.0017151745045969613,0.0002689153389350274,0.005256789542067159,0.006703048707729093,39994.0,39994.0,20485206758.0
development,0.009859846111170006,B2,B2-rank3-q2-r4-K4,540336,1.0558330820256105,0.001711749451536515,0.00026838900843739744,0.005260214595127605,0.006703575038226723,12376.968749999996,12376.968749999996,6687721786.499998
development,0.009859846111170006,B3,B3-rank0-q8-r32-K4,938038,2.561873229890575,9.071241363531324e-05,1.4812500512273452e-05,0.006881251633028807,0.006957151546151847,31993.531250000007,31993.531250000007,30011148066.687508
development,0.009958797539591653,B0,B0-rank9-q2-r0-K0,499912,1.0,0.0017151102769854543,0.00026890492035402946,0.005326822995723708,0.006773028352355132,30908.0,30908.0,15451280096.0
development,0.009958797539591653,B1,B1-rank12-q2-r0-K0,499921,1.0,0.0017151745045969613,0.0002689153389350274,0.005326758768112201,0.0067730179337741345,39994.0,39994.0,19993840474.0
development,0.009958797539591653,B2,B2-rank3-q2-r4-K4,527382,1.0558330820256105,0.001711749451536515,0.00026838900843739744,0.005330183821172647,0.0067735442642717645,12376.968749999996,12376.968749999996,6527390533.312498
development,0.009958797539591653,B3,B3-rank0-q8-r32-K4,919349,2.561873229890575,9.071241363531324e-05,1.4812500512273452e-05,0.006951220859073849,0.0070271207721968884,31993.531250000007,31993.531250000007,29413220961.156258
development,0.0100587420246063,B0,B0-rank9-q2-r0-K0,487952,1.0,0.0017151102769854543,0.00026890492035402946,0.005397494418819763,0.006843699775451188,30908.0,30908.0,15081620416.0
development,0.0100587420246063,B1,B1-rank12-q2-r0-K0,487959,1.0,0.0017151745045969613,0.0002689153389350274,0.005397430191208256,0.00684368935687019,39994.0,39994.0,19515432246.0
development,0.0100587420246063,B2,B2-rank3-q2-r4-K4,514771,1.0558330820256105,0.001711749451536515,0.00026838900843739744,0.005400855244268702,0.00684421568736782,12376.968749999996,12376.968749999996,6371304580.406248
development,0.0100587420246063,B3,B3-rank0-q8-r32-K4,901033,2.561873229890575,9.071241363531324e-05,1.4812500512273452e-05,0.007021892282169904,0.007097792195292944,31993.531250000007,31993.531250000007,28827227442.781258
development,0.010159689532329779,B0,B0-rank9-q2-r0-K0,476307,1.0,0.0017151102769854543,0.00026890492035402946,0.005468875086074915,0.00691508044270634,30908.0,30908.0,14721696756.0
development,0.010159689532329779,B1,B1-rank12-q2-r0-K0,476314,1.0,0.0017151745045969613,0.0002689153389350274,0.005468810858463408,0.006915070024125342,39994.0,39994.0,19049702116.0
development,0.010159689532329779,B2,B2-rank3-q2-r4-K4,502492,1.0558330820256105,0.001711749451536515,0.00026838900843739744,0.005472235911523854,0.006915596354622972,12376.968749999996,12376.968749999996,6219327781.124998
development,0.010159689532329779,B3,B3-rank0-q8-r32-K4,883084,2.561873229890575,9.071241363531324e-05,1.4812500512273452e-05,0.007093272949425056,0.007169172862548096,31993.531250000007,31993.531250000007,28252975550.375008
development,0.010261650128895843,B0,B0-rank9-q2-r0-K0,464968,1.0,0.0017151102769854543,0.00026890492035402946,0.005540972115320605,0.00698717747195203,30908.0,30908.0,14371230944.0
development,0.010261650128895843,B1,B1-rank12-q2-r0-K0,464975,1.0,0.0017151745045969613,0.0002689153389350274,0.005540907887709098,0.006987167053371032,39994.0,39994.0,18596210150.0
development,0.010261650128895843,B2,B2-rank3-q2-r4-K4,490536,1.0558330820256105,0.001711749451536515,0.00026838900843739744,0.005544332940769545,0.006987693383868662,12376.968749999996,12376.968749999996,6071348742.749998
development,0.010261650128895843,B3,B3-rank0-q8-r32-K4,865493,2.561873229890575,9.071241363531324e-05,1.4812500512273452e-05,0.007165369978670746,0.007241269891793786,31993.531250000007,31993.531250000007,27690177342.156258
development,0.010364633981459941,B0,B0-rank9-q2-r0-K0,453927,1.0,0.0017151102769854543,0.00026890492035402946,0.005613792695821395,0.0070599980524528195,30908.0,30908.0,14029975716.0
development,0.010364633981459941,B1,B1-rank12-q2-r0-K0,453933,1.0,0.0017151745045969613,0.0002689153389350274,0.005613728468209888,0.0070599876338718216,39994.0,39994.0,18154596402.0
development,0.010364633981459941,B2,B2-rank3-q2-r4-K4,478893,1.0558330820256105,0.001711749451536515,0.00026838900843739744,0.005617153521270334,0.0070605139643694515,12376.968749999996,12376.968749999996,5927243695.593748
development,0.010364633981459941,B3,B3-rank0-q8-r32-K4,848255,2.561873229890575,9.071241363531324e-05,1.4812500512273452e-05,0.007238190559171536,0.0073140904722945755,31993.531250000007,31993.531250000007,27138672850.468758
development,0.01046865135921304,B0,B0-rank9-q2-r0-K0,443173,1.0,0.0017151102769854543,0.00026890492035402946,0.005687344088991853,0.007133549445623278,30908.0,30908.0,13697591084.0
development,0.01046865135921304,B1,B1-rank12-q2-r0-K0,443180,1.0,0.0017151745045969613,0.0002689153389350274,0.005687279861380346,0.00713353902704228,39994.0,39994.0,17724540920.0
development,0.01046865135921304,B2,B2-rank3-q2-r4-K4,467553,1.0558330820256105,0.001711749451536515,0.00026838900843739744,0.005690704914440793,0.00713406535753991,12376.968749999996,12376.968749999996,5786888869.968748
development,0.01046865135921304,B3,B3-rank0-q8-r32-K4,831361,2.561873229890575,9.071241363531324e-05,1.4812500512273452e-05,0.007311741952341994,0.007387641865465034,31993.531250000007,31993.531250000007,26598174133.531258
development,0.010573712634405642,B0,B0-rank9-q2-r0-K0,432699,1.0,0.0017151102769854543,0.00026890492035402946,0.005761633629120648,0.007207838985752073,30908.0,30908.0,13373860692.0
development,0.010573712634405642,B1,B1-rank12-q2-r0-K0,432705,1.0,0.0017151745045969613,0.0002689153389350274,0.005761569401509141,0.007207828567171075,39994.0,39994.0,17305603770.0
development,0.010573712634405642,B2,B2-rank3-q2-r4-K4,456508,1.0558330820256105,0.001711749451536515,0.00026838900843739744,0.0057649944545695875,0.007208354897668705,12376.968749999996,12376.968749999996,5650185250.124998
development,0.010573712634405642,B3,B3-rank0-q8-r32-K4,814804,2.561873229890575,9.071241363531324e-05,1.4812500512273452e-05,0.007386031492470789,0.007461931405593829,31993.531250000007,31993.531250000007,26068457236.625008
development,0.010679828283382063,B0,B0-rank9-q2-r0-K0,422496,1.0,0.0017151102769854543,0.00026890492035402946,0.0058366687241018875,0.007282874080733312,30908.0,30908.0,13058506368.0
development,0.010679828283382063,B1,B1-rank12-q2-r0-K0,422503,1.0,0.0017151745045969613,0.0002689153389350274,0.0058366044964903805,0.007282863662152314,39994.0,39994.0,16897584982.0
development,0.010679828283382063,B2,B2-rank3-q2-r4-K4,445748,1.0558330820256105,0.001711749451536515,0.00026838900843739744,0.005840029549550827,0.007283389992649944,12376.968749999996,12376.968749999996,5517009066.374998
development,0.010679828283382063,B3,B3-rank0-q8-r32-K4,798579,2.561873229890575,9.071241363531324e-05,1.4812500512273452e-05,0.007461066587452029,0.007536966500575068,31993.531250000007,31993.531250000007,25549362192.093758
development,0.010787008887625097,B0,B0-rank9-q2-r0-K0,412557,1.0,0.0017151102769854543,0.00026890492035402946,0.005912456856173808,0.007358662212805233,30908.0,30908.0,12751311756.0
development,0.010787008887625097,B1,B1-rank12-q2-r0-K0,412563,1.0,0.0017151745045969613,0.0002689153389350274,0.005912392628562301,0.007358651794224235,39994.0,39994.0,16500044622.0
development,0.010787008887625097,B2,B2-rank3-q2-r4-K4,435267,1.0558330820256105,0.001711749451536515,0.00026838900843739744,0.005915817681622747,0.007359178124721865,12376.968749999996,12376.968749999996,5387286056.906248
development,0.010787008887625097,B3,B3-rank0-q8-r32-K4,782678,2.561873229890575,9.071241363531324e-05,1.4812500512273452e-05,0.007536854719523949,0.007612754632646989,31993.531250000007,31993.531250000007,25040633051.687508
development,0.010895265134811176,B0,B0-rank9-q2-r0-K0,402874,1.0,0.0017151102769854543,0.00026890492035402946,0.0059890055826648915,0.007435210939296316,30908.0,30908.0,12452029592.0
development,0.010895265134811176,B1,B1-rank12-q2-r0-K0,402879,1.0,0.0017151745045969613,0.0002689153389350274,0.0059889413550533845,0.007435200520715318,39994.0,39994.0,16112742726.0
development,0.010895265134811176,B2,B2-rank3-q2-r4-K4,425055,1.0558330820256105,0.001711749451536515,0.00026838900843739744,0.005992366408113831,0.007435726851212948,12376.968749999996,12376.968749999996,5260892452.031248
development,0.010895265134811176,B3,B3-rank0-q8-r32-K4,767095,2.561873229890575,9.071241363531324e-05,1.4812500512273452e-05,0.0076134034460150326,0.007689303359138072,31993.531250000007,31993.531250000007,24542077854.218754
development,0.011004607819876085,B0,B0-rank9-q2-r0-K0,393439,1.0,0.0017151102769854543,0.00026890492035402946,0.006066322536747434,0.0075125278933788585,30908.0,30908.0,12160412612.0
development,0.011004607819876085,B1,B1-rank12-q2-r0-K0,393444,1.0,0.0017151745045969613,0.0002689153389350274,0.006066258309135927,0.0075125174747978606,39994.0,39994.0,15735399336.0
development,0.011004607819876085,B2,B2-rank3-q2-r4-K4,415105,1.0558330820256105,0.001711749451536515,0.00026838900843739744,0.006069683362196373,0.0075130438052954905,12376.968749999996,12376.968749999996,5137741612.968748
development,0.011004607819876085,B3,B3-rank0-q8-r32-K4,751822,2.561873229890575,9.071241363531324e-05,1.4812500512273452e-05,0.007690720400097575,0.0077666203132206145,31993.531250000007,31993.531250000007,24053440651.437504
development,0.011115047846091417,B0,B0-rank9-q2-r0-K0,384245,1.0,0.0017151102769854543,0.00026890492035402946,0.006144415428198715,0.007590620784830139,30908.0,30908.0,11876244460.0
development,0.011115047846091417,B1,B1-rank12-q2-r0-K0,384250,1.0,0.0017151745045969613,0.0002689153389350274,0.006144351200587208,0.0075906103662491415,39994.0,39994.0,15367694500.0
development,0.011115047846091417,B2,B2-rank3-q2-r4-K4,405409,1.0558330820256105,0.001711749451536515,0.00026838900843739744,0.006147776253647654,0.0075911366967467715,12376.968749999996,12376.968749999996,5017734523.968748
development,0.011115047846091417,B3,B3-rank0-q8-r32-K4,736855,2.561873229890575,9.071241363531324e-05,1.4812500512273452e-05,0.007768813291548856,0.007844713204671895,31993.531250000007,31993.531250000007,23574593469.218754
development,0.011226596226151802,B0,B0-rank9-q2-r0-K0,375285,1.0,0.0017151102769854543,0.00026890492035402946,0.006223292044169788,0.0076694974008012125,30908.0,30908.0,11599308780.0
development,0.011226596226151802,B1,B1-rank12-q2-r0-K0,375291,1.0,0.0017151745045969613,0.0002689153389350274,0.006223227816558281,0.0076694869822202145,39994.0,39994.0,15009388254.0
development,0.011226596226151802,B2,B2-rank3-q2-r4-K4,395960,1.0558330820256105,0.001711749451536515,0.00026838900843739744,0.006226652869618727,0.0076700133127178445,12376.968749999996,12376.968749999996,4900784546.249998
development,0.011226596226151802,B3,B3-rank0-q8-r32-K4,722187,2.561873229890575,9.071241363531324e-05,1.4812500512273452e-05,0.007847689907519929,0.007923589820642968,31993.531250000007,31993.531250000007,23105312352.843754
development,0.011339264083273048,B0,B0-rank9-q2-r0-K0,366553,1.0,0.0017151102769854543,0.00026890492035402946,0.006302960249961978,0.007749165606593403,30908.0,30908.0,11329420124.0
development,0.011339264083273048,B1,B1-rank12-q2-r0-K0,366558,1.0,0.0017151745045969613,0.0002689153389350274,0.006302896022350471,0.007749155188012405,39994.0,39994.0,14660120652.0
development,0.011339264083273048,B2,B2-rank3-q2-r4-K4,386751,1.0558330820256105,0.001711749451536515,0.00026838900843739744,0.006306321075410917,0.007749681518510035,12376.968749999996,12376.968749999996,4786805041.031248
development,0.011339264083273048,B3,B3-rank0-q8-r32-K4,707812,2.561873229890575,9.071241363531324e-05,1.4812500512273452e-05,0.007927358113312119,0.008003258026435159,31993.531250000007,31993.531250000007,22645405341.125004
development,0.011453062652301322,B0,B0-rank9-q2-r0-K0,358042,1.0,0.0017151102769854543,0.00026890492035402946,0.006383427989811195,0.00782963334644262,30908.0,30908.0,11066362136.0
development,0.011453062652301322,B1,B1-rank12-q2-r0-K0,358046,1.0,0.0017151745045969613,0.0002689153389350274,0.006383363762199688,0.007829622927861622,39994.0,39994.0,14319691724.0
development,0.011453062652301322,B2,B2-rank3-q2-r4-K4,377774,1.0558330820256105,0.001711749451536515,0.00026838900843739744,0.006386788815260135,0.007830149258359252,12376.968749999996,12376.968749999996,4675696992.562498
development,0.011453062652301322,B3,B3-rank0-q8-r32-K4,693724,2.561873229890575,9.071241363531324e-05,1.4812500512273452e-05,0.008007825853161336,0.008083725766284376,31993.531250000007,31993.531250000007,22194680472.875004
development,0.011568003280833442,B0,B0-rank9-q2-r0-K0,349746,1.0,0.0017151102769854543,0.00026890492035402946,0.006464703287680102,0.007910908644311527,30908.0,30908.0,10809949368.0
development,0.011568003280833442,B1,B1-rank12-q2-r0-K0,349750,1.0,0.0017151745045969613,0.0002689153389350274,0.006464639060068595,0.00791089822573053,39994.0,39994.0,13987901500.0
development,0.011568003280833442,B2,B2-rank3-q2-r4-K4,369023,1.0558330820256105,0.001711749451536515,0.00026838900843739744,0.006468064113129042,0.00791142455622816,12376.968749999996,12376.968749999996,4567386139.031248
development,0.011568003280833442,B3,B3-rank0-q8-r32-K4,679916,2.561873229890575,9.071241363531324e-05,1.4812500512273452e-05,0.008089101151030243,0.008165001064153283,31993.531250000007,31993.531250000007,21752913793.375004
development,0.011684097430348409,B0,B0-rank9-q2-r0-K0,341658,1.0,0.0017151102769854543,0.00026890492035402946,0.00654679424805822,0.007992999604689644,30908.0,30908.0,10559965464.0
development,0.011684097430348409,B1,B1-rank12-q2-r0-K0,341662,1.0,0.0017151745045969613,0.0002689153389350274,0.006546730020446713,0.007992989186108647,39994.0,39994.0,13664430028.0
development,0.011684097430348409,B2,B2-rank3-q2-r4-K4,360493,1.0558330820256105,0.001711749451536515,0.00026838900843739744,0.006550155073507159,0.007993515516606277,12376.968749999996,12376.968749999996,4461810595.593748
development,0.011684097430348409,B3,B3-rank0-q8-r32-K4,666385,2.561873229890575,9.071241363531324e-05,1.4812500512273452e-05,0.00817119211140836,0.0082470920245314,31993.531250000007,31993.531250000007,21320009322.031254
development,0.011801356677350336,B0,B0-rank9-q2-r0-K0,333772,1.0,0.0017151102769854543,0.00026890492035402946,0.0066297090567701104,0.008075914413401535,30908.0,30908.0,10316224976.0
development,0.011801356677350336,B1,B1-rank12-q2-r0-K0,333777,1.0,0.0017151745045969613,0.0002689153389350274,0.006629644829158603,0.008075903994820537,39994.0,39994.0,13349077338.0
development,0.011801356677350336,B2,B2-rank3-q2-r4-K4,352177,1.0558330820256105,0.001711749451536515,0.00026838900843739744,0.00663306988221905,0.008076430325318167,12376.968749999996,12376.968749999996,4358883723.468748
development,0.011801356677350336,B3,B3-rank0-q8-r32-K4,653124,2.561873229890575,9.071241363531324e-05,1.4812500512273452e-05,0.008254106920120251,0.008330006833243291,31993.531250000007,31993.531250000007,20895743104.125004
development,0.011919792714522783,B0,B0-rank9-q2-r0-K0,326085,1.0,0.0017151102769854543,0.00026890492035402946,0.00671345598179161,0.008159661338423035,30908.0,30908.0,10078635180.0
development,0.011919792714522783,B1,B1-rank12-q2-r0-K0,326089,1.0,0.0017151745045969613,0.0002689153389350274,0.006713391754180103,0.008159650919842037,39994.0,39994.0,13041603466.0
development,0.011919792714522783,B2,B2-rank3-q2-r4-K4,344068,1.0558330820256105,0.001711749451536515,0.00026838900843739744,0.006716816807240549,0.008160177250339667,12376.968749999996,12376.968749999996,4258518883.8749986
development,0.011919792714522783,B3,B3-rank0-q8-r32-K4,640128,2.561873229890575,9.071241363531324e-05,1.4812500512273452e-05,0.008337853845141751,0.00841375375826479,31993.531250000007,31993.531250000007,20479955172.000004
development,0.012039417351894737,B0,B0-rank9-q2-r0-K0,318589,1.0,0.0017151102769854543,0.00026890492035402946,0.006798043374074301,0.008244248730705726,30908.0,30908.0,9846948812.0
development,0.012039417351894737,B1,B1-rank12-q2-r0-K0,318592,1.0,0.0017151745045969613,0.0002689153389350274,0.006797979146462794,0.008244238312124728,39994.0,39994.0,12741768448.0
development,0.012039417351894737,B2,B2-rank3-q2-r4-K4,336161,1.0558330820256105,0.001711749451536515,0.00026838900843739744,0.00680140419952324,0.008244764642622358,12376.968749999996,12376.968749999996,4160654191.9687486
development,0.012039417351894737,B3,B3-rank0-q8-r32-K4,627392,2.561873229890575,9.071241363531324e-05,1.4812500512273452e-05,0.008422441237424442,0.008498341150547482,31993.531250000007,31993.531250000007,20072485558.000004
development,0.012160242518018245,B0,B0-rank9-q2-r0-K0,311278,1.0,0.0017151102769854543,0.00026890492035402946,0.006883479668378224,0.008329685025009649,30908.0,30908.0,9620980424.0
development,0.012160242518018245,B1,B1-rank12-q2-r0-K0,311283,1.0,0.0017151745045969613,0.0002689153389350274,0.006883415440766717,0.00832967460642865,39994.0,39994.0,12449452302.0
development,0.012160242518018245,B2,B2-rank3-q2-r4-K4,328451,1.0558330820256105,0.001711749451536515,0.00026838900843739744,0.006886840493827163,0.00833020093692628,12376.968749999996,12376.968749999996,4065227762.906249
development,0.012160242518018245,B3,B3-rank0-q8-r32-K4,614909,2.561873229890575,9.071241363531324e-05,1.4812500512273452e-05,0.008507877531728365,0.008583777444851405,31993.531250000007,31993.531250000007,19673110307.406254
development,0.012282280261157904,B0,B0-rank9-q2-r0-K0,304149,1.0,0.0017151102769854543,0.00026890492035402946,0.0069697733841129796,0.008415978740744404,30908.0,30908.0,9400637292.0
development,0.012282280261157904,B1,B1-rank12-q2-r0-K0,304154,1.0,0.0017151745045969613,0.0002689153389350274,0.0069697091565014725,0.008415968322163406,39994.0,39994.0,12164335076.0
development,0.012282280261157904,B2,B2-rank3-q2-r4-K4,320932,1.0558330820256105,0.001711749451536515,0.00026838900843739744,0.006973134209561919,0.008416494652661036,12376.968749999996,12376.968749999996,3972165334.874999
development,0.012282280261157904,B3,B3-rank0-q8-r32-K4,602675,2.561873229890575,9.071241363531324e-05,1.4812500512273452e-05,0.00859417124746312,0.00867007116058616,31993.531250000007,31993.531250000007,19281701446.093754
development,0.01240554275049227,B0,B0-rank9-q2-r0-K0,297197,1.0,0.0017151102769854543,0.00026890492035402946,0.0070569331261872426,0.008503138482818667,30908.0,30908.0,9185764876.0
development,0.01240554275049227,B1,B1-rank12-q2-r0-K0,297201,1.0,0.0017151745045969613,0.0002689153389350274,0.0070568688985757355,0.00850312806423767,39994.0,39994.0,11886256794.0
development,0.01240554275049227,B2,B2-rank3-q2-r4-K4,313598,1.0558330820256105,0.001711749451536515,0.00026838900843739744,0.007060293951636182,0.0085036543947353,12376.968749999996,12376.968749999996,3881392646.062499
development,0.01240554275049227,B3,B3-rank0-q8-r32-K4,590686,2.561873229890575,9.071241363531324e-05,1.4812500512273452e-05,0.008681330989537384,0.008757230902660423,31993.531250000007,31993.531250000007,18898130999.937504
development,0.012530042277327312,B0,B0-rank9-q2-r0-K0,290415,1.0,0.0017151102769854543,0.00026890492035402946,0.007144967585866819,0.008591172942498244,30908.0,30908.0,8976146820.0
development,0.012530042277327312,B1,B1-rank12-q2-r0-K0,290420,1.0,0.0017151745045969613,0.0002689153389350274,0.007144903358255312,0.008591162523917246,39994.0,39994.0,11615057480.0
development,0.012530042277327312,B2,B2-rank3-q2-r4-K4,306445,1.0558330820256105,0.001711749451536515,0.00026838900843739744,0.007148328411315758,0.008591688854414876,12376.968749999996,12376.968749999996,3792860188.593749
development,0.012530042277327312,B3,B3-rank0-q8-r32-K4,578935,2.561873229890575,9.071241363531324e-05,1.4812500512273452e-05,0.00876936544921696,0.00884526536234,31993.531250000007,31993.531250000007,18522175014.218754
development,0.01265579125632208,B0,B0-rank9-q2-r0-K0,283801,1.0,0.0017151102769854543,0.00026890492035402946,0.007233885541641304,0.008680090898272728,30908.0,30908.0,8771721308.0
development,0.01265579125632208,B1,B1-rank12-q2-r0-K0,283804,1.0,0.0017151745045969613,0.0002689153389350274,0.007233821314029797,0.00868008047969173,39994.0,39994.0,11350457176.0
development,0.01265579125632208,B2,B2-rank3-q2-r4-K4,299468,1.0558330820256105,0.001711749451536515,0.00026838900843739744,0.007237246367090243,0.00868060681018936,12376.968749999996,12376.968749999996,3706506077.624999
development,0.01265579125632208,B3,B3-rank0-q8-r32-K4,567421,2.561873229890575,9.071241363531324e-05,1.4812500512273452e-05,0.008858283404991445,0.008934183318114484,31993.531250000007,31993.531250000007,18153801495.406254
development,0.012782802226726633,B0,B0-rank9-q2-r0-K0,277349,1.0,0.0017151102769854543,0.00026890492035402946,0.007323695860099446,0.008769901216730871,30908.0,30908.0,8572302892.0
development,0.012782802226726633,B1,B1-rank12-q2-r0-K0,277351,1.0,0.0017151745045969613,0.0002689153389350274,0.007323631632487939,0.008769890798149873,39994.0,39994.0,11092375894.0
development,0.012782802226726633,B2,B2-rank3-q2-r4-K4,292661,1.0558330820256105,0.001711749451536515,0.00026838900843739744,0.007327056685548386,0.008770417128647503,12376.968749999996,12376.968749999996,3622256051.343749
development,0.012782802226726633,B3,B3-rank0-q8-r32-K4,556134,2.561873229890575,9.071241363531324e-05,1.4812500512273452e-05,0.008948093723449587,0.009023993636572627,31993.531250000007,31993.531250000007,17792690508.187504
development,0.012911087853632416,B0,B0-rank9-q2-r0-K0,271054,1.0,0.0017151102769854543,0.00026890492035402946,0.007414407496813293,0.008860612853444718,30908.0,30908.0,8377737032.0
development,0.012911087853632416,B1,B1-rank12-q2-r0-K0,271057,1.0,0.0017151745045969613,0.0002689153389350274,0.007414343269201786,0.00886060243486372,39994.0,39994.0,10840653658.0
development,0.012911087853632416,B2,B2-rank3-q2-r4-K4,286021,1.0558330820256105,0.001711749451536515,0.00026838900843739744,0.0074177683222622325,0.00886112876536135,12376.968749999996,12376.968749999996,3540072978.843749
development,0.012911087853632416,B3,B3-rank0-q8-r32-K4,545074,2.561873229890575,9.071241363531324e-05,1.4812500512273452e-05,0.009038805360163434,0.009114705273286474,31993.531250000007,31993.531250000007,17438842052.562504
development,0.013040660929235186,B0,B0-rank9-q2-r0-K0,264912,1.0,0.0017151102769854543,0.00026890492035402946,0.00750602949723121,0.008952234853862635,30908.0,30908.0,8187900096.0
development,0.013040660929235186,B1,B1-rank12-q2-r0-K0,264915,1.0,0.0017151745045969613,0.0002689153389350274,0.007505965269619703,0.008952224435281637,39994.0,39994.0,10595010510.0
development,0.013040660929235186,B2,B2-rank3-q2-r4-K4,279543,1.0558330820256105,0.001711749451536515,0.00026838900843739744,0.007509390322680149,0.008952750765779267,12376.968749999996,12376.968749999996,3459894975.281249
development,0.013040660929235186,B3,B3-rank0-q8-r32-K4,534233,2.561873229890575,9.071241363531324e-05,1.4812500512273452e-05,0.009130427360581351,0.009206327273704391,31993.531250000007,31993.531250000007,17092000180.281254
development,0.01317153437411059,B0,B0-rank9-q2-r0-K0,258920,1.0,0.0017151102769854543,0.00026890492035402946,0.007598570997579851,0.009044776354211276,30908.0,30908.0,8002699360.0
development,0.01317153437411059,B1,B1-rank12-q2-r0-K0,258922,1.0,0.0017151745045969613,0.0002689153389350274,0.007598506769968344,0.009044765935630278,39994.0,39994.0,10355326468.0
development,0.01317153437411059,B2,B2-rank3-q2-r4-K4,273222,1.0558330820256105,0.001711749451536515,0.00026838900843739744,0.00760193182302879,0.009045292266127908,12376.968749999996,12376.968749999996,3381660155.812499
development,0.01317153437411059,B3,B3-rank0-q8-r32-K4,523609,2.561873229890575,9.071241363531324e-05,1.4812500512273452e-05,0.009222968860929992,0.009298868774053032,31993.531250000007,31993.531250000007,16752100904.281254
development,0.013303721238502573,B0,B0-rank9-q2-r0-K0,253073,1.0,0.0017151102769854543,0.00026890492035402946,0.0076920412257752094,0.009138246582406634,30908.0,30908.0,7821980284.0
development,0.013303721238502573,B1,B1-rank12-q2-r0-K0,253076,1.0,0.0017151745045969613,0.0002689153389350274,0.007691976998163702,0.009138236163825636,39994.0,39994.0,10121521544.0
development,0.013303721238502573,B2,B2-rank3-q2-r4-K4,267054,1.0558330820256105,0.001711749451536515,0.00026838900843739744,0.007695402051224149,0.009138762494323266,12376.968749999996,12376.968749999996,3305319012.562499
development,0.013303721238502573,B3,B3-rank0-q8-r32-K4,513197,2.561873229890575,9.071241363531324e-05,1.4812500512273452e-05,0.00931643908912535,0.00939233900224839,31993.531250000007,31993.531250000007,16418984256.906254
development,0.013437234703624701,B0,B0-rank9-q2-r0-K0,247367,1.0,0.0017151102769854543,0.00026890492035402946,0.007786449502342779,0.009232654858974204,30908.0,30908.0,7645619236.0
development,0.013437234703624701,B1,B1-rank12-q2-r0-K0,247371,1.0,0.0017151745045969613,0.0002689153389350274,0.007786385274731272,0.009232644440393206,39994.0,39994.0,9893355774.0
development,0.013437234703624701,B2,B2-rank3-q2-r4-K4,261035,1.0558330820256105,0.001711749451536515,0.00026838900843739744,0.0077898103277917186,0.009233170770890836,12376.968749999996,12376.968749999996,3230822037.656249
development,0.013437234703624701,B3,B3-rank0-q8-r32-K4,502992,2.561873229890575,9.071241363531324e-05,1.4812500512273452e-05,0.00941084736569292,0.00948674727881596,31993.531250000007,31993.531250000007,16092490270.500004
development,0.013572088082974531,B0,B0-rank9-q2-r0-K0,241800,1.0,0.0017151102769854543,0.00026890492035402946,0.007881805241346965,0.00932801059797839,30908.0,30908.0,7473554400.0
development,0.013572088082974531,B1,B1-rank12-q2-r0-K0,241802,1.0,0.0017151745045969613,0.0002689153389350274,0.007881741013735458,0.009328000179397392,39994.0,39994.0,9670629188.0
development,0.013572088082974531,B2,B2-rank3-q2-r4-K4,255161,1.0558330820256105,0.001711749451536515,0.00026838900843739744,0.007885166066795905,0.009328526509895022,12376.968749999996,12376.968749999996,3158119723.218749
development,0.013572088082974531,B3,B3-rank0-q8-r32-K4,492991,2.561873229890575,9.071241363531324e-05,1.4812500512273452e-05,0.009506203104697106,0.009582103017820146,31993.531250000007,31993.531250000007,15772522964.468754
development,0.013708294823661217,B0,B0-rank9-q2-r0-K0,236366,1.0,0.0017151102769854543,0.00026890492035402946,0.00797811795132984,0.009424323307961264,30908.0,30908.0,7305600328.0
development,0.013708294823661217,B1,B1-rank12-q2-r0-K0,236368,1.0,0.0017151745045969613,0.0002689153389350274,0.007978053723718332,0.009424312889380266,39994.0,39994.0,9453301792.0
development,0.013708294823661217,B2,B2-rank3-q2-r4-K4,249429,1.0558330820256105,0.001711749451536515,0.00026838900843739744,0.007981478776778779,0.009424839219877896,12376.968749999996,12376.968749999996,3087174938.343749
development,0.013708294823661217,B3,B3-rank0-q8-r32-K4,483190,2.561873229890575,9.071241363531324e-05,1.4812500512273452e-05,0.00960251581467998,0.00967841572780302,31993.531250000007,31993.531250000007,15458954364.687504
development,0.01384586850774637,B0,B0-rank9-q2-r0-K0,231063,1.0,0.0017151102769854543,0.00026890492035402946,0.008075397236259267,0.009521602592890692,30908.0,30908.0,7141695204.0
development,0.01384586850774637,B1,B1-rank12-q2-r0-K0,231065,1.0,0.0017151745045969613,0.0002689153389350274,0.00807533300864776,0.009521592174309694,39994.0,39994.0,9241213610.0
development,0.01384586850774637,B2,B2-rank3-q2-r4-K4,243834,1.0558330820256105,0.001711749451536515,0.00026838900843739744,0.008078758061708206,0.009522118504807324,12376.968749999996,12376.968749999996,3017925798.187499
development,0.01384586850774637,B3,B3-rank0-q8-r32-K4,473583,2.561873229890575,9.071241363531324e-05,1.4812500512273452e-05,0.009699795099609408,0.009775695012732448,31993.531250000007,31993.531250000007,15151592509.968754
development,0.01398482285359845,B0,B0-rank9-q2-r0-K0,225886,1.0,0.0017151102769854543,0.00026890492035402946,0.008173652796486613,0.009619858153118038,30908.0,30908.0,6981684488.0
development,0.01398482285359845,B1,B1-rank12-q2-r0-K0,225889,1.0,0.0017151745045969613,0.0002689153389350274,0.008173588568875106,0.00961984773453704,39994.0,39994.0,9034204666.0
development,0.01398482285359845,B2,B2-rank3-q2-r4-K4,238373,1.0558330820256105,0.001711749451536515,0.00026838900843739744,0.008177013621935552,0.00962037406503467,12376.968749999996,12376.968749999996,2950335171.843749
development,0.01398482285359845,B3,B3-rank0-q8-r32-K4,464169,2.561873229890575,9.071241363531324e-05,1.4812500512273452e-05,0.009798050659836754,0.009873950572959794,31993.531250000007,31993.531250000007,14850405406.781254
development,0.014125171717260689,B0,B0-rank9-q2-r0-K0,220834,1.0,0.0017151102769854543,0.00026890492035402946,0.008272894429714009,0.009719099786345433,30908.0,30908.0,6825537272.0
development,0.014125171717260689,B1,B1-rank12-q2-r0-K0,220836,1.0,0.0017151745045969613,0.0002689153389350274,0.008272830202102502,0.009719089367764435,39994.0,39994.0,8832114984.0
development,0.014125171717260689,B2,B2-rank3-q2-r4-K4,233043,1.0558330820256105,0.001711749451536515,0.00026838900843739744,0.008276255255162948,0.009719615698262065,12376.968749999996,12376.968749999996,2884365928.406249
development,0.014125171717260689,B3,B3-rank0-q8-r32-K4,454942,2.561873229890575,9.071241363531324e-05,1.4812500512273452e-05,0.00989729229306415,0.00997319220618719,31993.531250000007,31993.531250000007,14555201093.937504
development,0.01426692909383278,B0,B0-rank9-q2-r0-K0,215902,1.0,0.0017151102769854543,0.00026890492035402946,0.00837313203197135,0.009819337388602774,30908.0,30908.0,6673099016.0
development,0.01426692909383278,B1,B1-rank12-q2-r0-K0,215904,1.0,0.0017151745045969613,0.0002689153389350274,0.008373067804359842,0.009819326970021776,39994.0,39994.0,8634864576.0
development,0.01426692909383278,B2,B2-rank3-q2-r4-K4,227841,1.0558330820256105,0.001711749451536515,0.00026838900843739744,0.008376492857420289,0.009819853300519406,12376.968749999996,12376.968749999996,2819980936.968749
development,0.01426692909383278,B3,B3-rank0-q8-r32-K4,445898,2.561873229890575,9.071241363531324e-05,1.4812500512273452e-05,0.00999752989532149,0.01007342980844453,31993.531250000007,31993.531250000007,14265851597.312504
development,0.014410109118866412,B0,B0-rank9-q2-r0-K0,211087,1.0,0.0017151102769854543,0.00026890492035402946,0.00847437559860309,0.009920580955234515,30908.0,30908.0,6524276996.0
development,0.014410109118866412,B1,B1-rank12-q2-r0-K0,211089,1.0,0.0017151745045969613,0.0002689153389350274,0.008474311370991583,0.009920570536653517,39994.0,39994.0,8442293466.0
development,0.014410109118866412,B2,B2-rank3-q2-r4-K4,222760,1.0558330820256105,0.001711749451536515,0.00026838900843739744,0.00847773642405203,0.009921096867151147,12376.968749999996,12376.968749999996,2757093558.749999
development,0.014410109118866412,B3,B3-rank0-q8-r32-K4,437036,2.561873229890575,9.071241363531324e-05,1.4812500512273452e-05,0.010098773461953231,0.01017467337507627,31993.531250000007,31993.531250000007,13982324923.375004
development,0.01455472606977483,B0,B0-rank9-q2-r0-K0,206386,1.0,0.0017151102769854543,0.00026890492035402946,0.008576635225264955,0.01002284058189638,30908.0,30908.0,6378978488.0
development,0.01455472606977483,B1,B1-rank12-q2-r0-K0,206388,1.0,0.0017151745045969613,0.0002689153389350274,0.008576570997653448,0.010022830163315382,39994.0,39994.0,8254281672.0
development,0.01455472606977483,B2,B2-rank3-q2-r4-K4,217802,1.0558330820256105,0.001711749451536515,0.00026838900843739744,0.008579996050713894,0.010023356493813012,12376.968749999996,12376.968749999996,2695728547.687499
development,0.01455472606977483,B3,B3-rank0-q8-r32-K4,428349,2.561873229890575,9.071241363531324e-05,1.4812500512273452e-05,0.010201033088615096,0.010276933001738136,31993.531250000007,31993.531250000007,13704397117.406254
development,0.014700794367256513,B0,B0-rank9-q2-r0-K0,201797,1.0,0.0017151102769854543,0.00026890492035402946,0.008679921108930627,0.010126126465562052,30908.0,30908.0,6237141676.0
development,0.014700794367256513,B1,B1-rank12-q2-r0-K0,201799,1.0,0.0017151745045969613,0.0002689153389350274,0.00867985688131912,0.010126116046981054,39994.0,39994.0,8070749206.0
development,0.014700794367256513,B2,B2-rank3-q2-r4-K4,212959,1.0558330820256105,0.001711749451536515,0.00026838900843739744,0.008683281934379566,0.010126642377478684,12376.968749999996,12376.968749999996,2635786888.031249
development,0.014700794367256513,B3,B3-rank0-q8-r32-K4,419835,2.561873229890575,9.071241363531324e-05,1.4812500512273452e-05,0.010304318972280768,0.010380218885403808,31993.531250000007,31993.531250000007,13432004192.343754
development,0.014848328576733167,B0,B0-rank9-q2-r0-K0,197316,1.0,0.0017151102769854543,0.00026890492035402946,0.008784243548908565,0.01023044890553999,30908.0,30908.0,6098642928.0
development,0.014848328576733167,B1,B1-rank12-q2-r0-K0,197318,1.0,0.0017151745045969613,0.0002689153389350274,0.008784179321297058,0.010230438486958992,39994.0,39994.0,7891536092.0
development,0.014848328576733167,B2,B2-rank3-q2-r4-K4,208233,1.0558330820256105,0.001711749451536515,0.00026838900843739744,0.008787604374357504,0.010230964817456622,12376.968749999996,12376.968749999996,2577293333.718749
development,0.014848328576733167,B3,B3-rank0-q8-r32-K4,411492,2.561873229890575,9.071241363531324e-05,1.4812500512273452e-05,0.010408641412258706,0.010484541325381746,31993.531250000007,31993.531250000007,13165082161.125004
development,0.014997343409802133,B0,B0-rank9-q2-r0-K0,192941,1.0,0.0017151102769854543,0.00026890492035402946,0.008889612947869012,0.010335818304500437,30908.0,30908.0,5963420428.0
development,0.014997343409802133,B1,B1-rank12-q2-r0-K0,192943,1.0,0.0017151745045969613,0.0002689153389350274,0.008889548720257505,0.01033580788591944,39994.0,39994.0,7716562342.0
development,0.014997343409802133,B2,B2-rank3-q2-r4-K4,203616,1.0558330820256105,0.001711749451536515,0.00026838900843739744,0.008892973773317952,0.01033633421641707,12376.968749999996,12376.968749999996,2520148868.999999
development,0.014997343409802133,B3,B3-rank0-q8-r32-K4,403315,2.561873229890575,9.071241363531324e-05,1.4812500512273452e-05,0.010514010811219153,0.010589910724342193,31993.531250000007,31993.531250000007,12903471056.093754
development,0.015147853725703382,B0,B0-rank9-q2-r0-K0,188669,1.0,0.0017151102769854543,0.00026890492035402946,0.008996039812881315,0.01044224516951274,30908.0,30908.0,5831381452.0
development,0.015147853725703382,B1,B1-rank12-q2-r0-K0,188671,1.0,0.0017151745045969613,0.0002689153389350274,0.008995975585269808,0.010442234750931742,39994.0,39994.0,7545707974.0
development,0.015147853725703382,B2,B2-rank3-q2-r4-K4,199109,1.0558330820256105,0.001711749451536515,0.00026838900843739744,0.008999400638330254,0.010442761081429372,12376.968749999996,12376.968749999996,2464365870.843749
development,0.015147853725703382,B3,B3-rank0-q8-r32-K4,395301,2.561873229890575,9.071241363531324e-05,1.4812500512273452e-05,0.010620437676231456,0.010696337589354496,31993.531250000007,31993.531250000007,12647074896.656254
development,0.015299874532801216,B0,B0-rank9-q2-r0-K0,184497,1.0,0.0017151102769854543,0.00026890492035402946,0.009103534756461645,0.01054974011309307,30908.0,30908.0,5702433276.0
development,0.015299874532801216,B1,B1-rank12-q2-r0-K0,184498,1.0,0.0017151745045969613,0.0002689153389350274,0.009103470528850138,0.010549729694512072,39994.0,39994.0,7378813012.0
development,0.015299874532801216,B2,B2-rank3-q2-r4-K4,194708,1.0558330820256105,0.001711749451536515,0.00026838900843739744,0.009106895581910584,0.010550256025009702,12376.968749999996,12376.968749999996,2409894831.374999
development,0.015299874532801216,B3,B3-rank0-q8-r32-K4,387446,2.561873229890575,9.071241363531324e-05,1.4812500512273452e-05,0.010727932619811786,0.010803832532934826,31993.531250000007,31993.531250000007,12395765708.687502
development,0.015453420990080862,B0,B0-rank9-q2-r0-K0,180423,1.0,0.0017151102769854543,0.00026890492035402946,0.009212108497631254,0.010658313854262679,30908.0,30908.0,5576514084.0
development,0.015453420990080862,B1,B1-rank12-q2-r0-K0,180424,1.0,0.0017151745045969613,0.0002689153389350274,0.009212044270019747,0.010658303435681681,39994.0,39994.0,7215877456.0
development,0.015453420990080862,B2,B2-rank3-q2-r4-K4,190409,1.0558330820256105,0.001711749451536515,0.00026838900843739744,0.009215469323080193,0.01065882976617931,12376.968749999996,12376.968749999996,2356686242.718749
development,0.015453420990080862,B3,B3-rank0-q8-r32-K4,379747,2.561873229890575,9.071241363531324e-05,1.4812500512273452e-05,0.010836506360981395,0.010912406274104435,31993.531250000007,31993.531250000007,12149447511.593752
development,0.015608508408660068,B0,B0-rank9-q2-r0-K0,176444,1.0,0.0017151102769854543,0.00026890492035402946,0.009321771862985327,0.010767977219616752,30908.0,30908.0,5453531152.0
development,0.015608508408660068,B1,B1-rank12-q2-r0-K0,176445,1.0,0.0017151745045969613,0.0002689153389350274,0.00932170763537382,0.010767966801035754,39994.0,39994.0,7056741330.0
development,0.015608508408660068,B2,B2-rank3-q2-r4-K4,186210,1.0558330820256105,0.001711749451536515,0.00026838900843739744,0.009325132688434266,0.010768493131533384,12376.968749999996,12376.968749999996,2304715350.937499
development,0.015608508408660068,B3,B3-rank0-q8-r32-K4,372202,2.561873229890575,9.071241363531324e-05,1.4812500512273452e-05,0.010946169726335468,0.011022069639458508,31993.531250000007,31993.531250000007,11908056318.312502
development,0.015765152253315866,B0,B0-rank9-q2-r0-K0,172557,1.0,0.0017151102769854543,0.00026890492035402946,0.009432535787772573,0.010878741144403998,30908.0,30908.0,5333391756.0
development,0.015765152253315866,B1,B1-rank12-q2-r0-K0,172560,1.0,0.0017151745045969613,0.0002689153389350274,0.009432471560161066,0.010878730725823,39994.0,39994.0,6901364640.0
development,0.015765152253315866,B2,B2-rank3-q2-r4-K4,182111,1.0558330820256105,0.001711749451536515,0.00026838900843739744,0.009435896613221513,0.01087925705632063,12376.968749999996,12376.968749999996,2253982156.031249
development,0.015765152253315866,B3,B3-rank0-q8-r32-K4,364807,2.561873229890575,9.071241363531324e-05,1.4812500512273452e-05,0.011056933651122714,0.011132833564245754,31993.531250000007,31993.531250000007,11671464154.718752
development,0.015923368144026683,B0,B0-rank9-q2-r0-K0,168762,1.0,0.0017151102769854543,0.00026890492035402946,0.009544411316985663,0.010990616673617087,30908.0,30908.0,5216095896.0
development,0.015923368144026683,B1,B1-rank12-q2-r0-K0,168764,1.0,0.0017151745045969613,0.0002689153389350274,0.009544347089374156,0.01099060625503609,39994.0,39994.0,6749547416.0
development,0.015923368144026683,B2,B2-rank3-q2-r4-K4,178106,1.0558330820256105,0.001711749451536515,0.00026838900843739744,0.009547772142434602,0.01099113258553372,12376.968749999996,12376.968749999996,2204412396.187499
development,0.015923368144026683,B3,B3-rank0-q8-r32-K4,357560,2.561873229890575,9.071241363531324e-05,1.4812500512273452e-05,0.011168809180335804,0.011244709093458843,31993.531250000007,31993.531250000007,11439607033.750002
development,0.016083171857529898,B0,B0-rank9-q2-r0-K0,165054,1.0,0.0017151102769854543,0.00026890492035402946,0.009657409606462577,0.011103614963094002,30908.0,30908.0,5101489032.0
development,0.016083171857529898,B1,B1-rank12-q2-r0-K0,165056,1.0,0.0017151745045969613,0.0002689153389350274,0.00965734537885107,0.011103604544513004,39994.0,39994.0,6601249664.0
development,0.016083171857529898,B2,B2-rank3-q2-r4-K4,174194,1.0558330820256105,0.001711749451536515,0.00026838900843739744,0.009660770431911516,0.011104130875010634,12376.968749999996,12376.968749999996,2155993694.437499
development,0.016083171857529898,B3,B3-rank0-q8-r32-K4,350456,2.561873229890575,9.071241363531324e-05,1.4812500512273452e-05,0.011281807469812718,0.011357707382935758,31993.531250000007,31993.531250000007,11212324987.750002
development,0.016244579328895038,B0,B0-rank9-q2-r0-K0,161433,1.0,0.0017151102769854543,0.00026890492035402946,0.009771541923999042,0.011217747280630467,30908.0,30908.0,4989571164.0
development,0.016244579328895038,B1,B1-rank12-q2-r0-K0,161434,1.0,0.0017151745045969613,0.0002689153389350274,0.009771477696387535,0.011217736862049469,39994.0,39994.0,6456391396.0
development,0.016244579328895038,B2,B2-rank3-q2-r4-K4,170373,1.0558330820256105,0.001711749451536515,0.00026838900843739744,0.009774902749447981,0.011218263192547099,12376.968749999996,12376.968749999996,2108701296.8437495
development,0.016244579328895038,B3,B3-rank0-q8-r32-K4,343495,2.561873229890575,9.071241363531324e-05,1.4812500512273452e-05,0.011395939787349183,0.011471839700472223,31993.531250000007,31993.531250000007,10989618016.718752
development,0.016407606653112798,B0,B0-rank9-q2-r0-K0,157895,1.0,0.0017151102769854543,0.00026890492035402946,0.009886819650472117,0.011333025007103542,30908.0,30908.0,4880218660.0
development,0.016407606653112798,B1,B1-rank12-q2-r0-K0,157897,1.0,0.0017151745045969613,0.0002689153389350274,0.00988675542286061,0.011333014588522544,39994.0,39994.0,6314932618.0
development,0.016407606653112798,B2,B2-rank3-q2-r4-K4,166641,1.0558330820256105,0.001711749451536515,0.00026838900843739744,0.009890180475921056,0.011333540919020174,12376.968749999996,12376.968749999996,2062510449.4687495
development,0.016407606653112798,B3,B3-rank0-q8-r32-K4,336672,2.561873229890575,9.071241363531324e-05,1.4812500512273452e-05,0.011511217513822258,0.011587117426945298,31993.531250000007,31993.531250000007,10771326153.000002
development,0.016572270086699935,B0,B0-rank9-q2-r0-K0,154440,1.0,0.0017151102769854543,0.00026890492035402946,0.010003254280975043,0.011449459637606468,30908.0,30908.0,4773431520.0
development,0.016572270086699935,B1,B1-rank12-q2-r0-K0,154441,1.0,0.0017151745045969613,0.0002689153389350274,0.010003190053363536,0.01144944921902547,39994.0,39994.0,6176713354.0
development,0.016572270086699935,B2,B2-rank3-q2-r4-K4,162994,1.0558330820256105,0.001711749451536515,0.00026838900843739744,0.010006615106423982,0.0114499755495231,12376.968749999996,12376.968749999996,2017371644.4374995
development,0.016572270086699935,B3,B3-rank0-q8-r32-K4,329985,2.561873229890575,9.071241363531324e-05,1.4812500512273452e-05,0.011627652144325184,0.011703552057448224,31993.531250000007,31993.531250000007,10557385409.531252
development,0.016738586049320336,B0,B0-rank9-q2-r0-K0,151063,1.0,0.0017151102769854543,0.00026890492035402946,0.010120857425963496,0.01156706278259492,30908.0,30908.0,4669055204.0
development,0.016738586049320336,B1,B1-rank12-q2-r0-K0,151065,1.0,0.0017151745045969613,0.0002689153389350274,0.010120793198351989,0.011567052364013923,39994.0,39994.0,6041693610.0
development,0.016738586049320336,B2,B2-rank3-q2-r4-K4,159432,1.0558330820256105,0.001711749451536515,0.00026838900843739744,0.010124218251412435,0.011567578694511553,12376.968749999996,12376.968749999996,1973284881.7499995
development,0.016738586049320336,B3,B3-rank0-q8-r32-K4,323430,2.561873229890575,9.071241363531324e-05,1.4812500512273452e-05,0.011745255289313637,0.011821155202436677,31993.531250000007,31993.531250000007,10347667812.187502
development,0.016906571125422338,B0,B0-rank9-q2-r0-K0,147765,1.0,0.0017151102769854543,0.00026890492035402946,0.01023964081241336,0.011685846169044785,30908.0,30908.0,4567120620.0
development,0.016906571125422338,B1,B1-rank12-q2-r0-K0,147766,1.0,0.0017151745045969613,0.0002689153389350274,0.010239576584801853,0.011685835750463787,39994.0,39994.0,5909753404.0
development,0.016906571125422338,B2,B2-rank3-q2-r4-K4,155952,1.0558330820256105,0.001711749451536515,0.00026838900843739744,0.0102430016378623,0.011686362080961417,12376.968749999996,12376.968749999996,1930213030.4999995
development,0.016906571125422338,B3,B3-rank0-q8-r32-K4,317006,2.561873229890575,9.071241363531324e-05,1.4812500512273452e-05,0.011864038675763501,0.01193993858888654,31993.531250000007,31993.531250000007,10142141367.437502
development,0.01707624206589244,B0,B0-rank9-q2-r0-K0,144543,1.0,0.0017151102769854543,0.00026890492035402946,0.010359616284990068,0.011805821641621493,30908.0,30908.0,4467535044.0
development,0.01707624206589244,B1,B1-rank12-q2-r0-K0,144544,1.0,0.0017151745045969613,0.0002689153389350274,0.010359552057378561,0.011805811223040495,39994.0,39994.0,5780892736.0
development,0.01707624206589244,B2,B2-rank3-q2-r4-K4,152551,1.0558330820256105,0.001711749451536515,0.00026838900843739744,0.010362977110439008,0.011806337553538125,12376.968749999996,12376.968749999996,1888118959.7812495
development,0.01707624206589244,B3,B3-rank0-q8-r32-K4,310711,2.561873229890575,9.071241363531324e-05,1.4812500512273452e-05,0.01198401414834021,0.012059914061463249,31993.531250000007,31993.531250000007,9940742088.218752
development,0.017247615789725678,B0,B0-rank9-q2-r0-K0,141394,1.0,0.0017151102769854543,0.00026890492035402946,0.010480795807229742,0.011927001163861167,30908.0,30908.0,4370205752.0
development,0.017247615789725678,B1,B1-rank12-q2-r0-K0,141395,1.0,0.0017151745045969613,0.0002689153389350274,0.010480731579618235,0.01192699074528017,39994.0,39994.0,5654951630.0
development,0.017247615789725678,B2,B2-rank3-q2-r4-K4,149228,1.0558330820256105,0.001711749451536515,0.00026838900843739744,0.010484156632678682,0.0119275170757778,12376.968749999996,12376.968749999996,1846990292.6249995
development,0.017247615789725678,B3,B3-rank0-q8-r32-K4,304540,2.561873229890575,9.071241363531324e-05,1.4812500512273452e-05,0.012105193670579883,0.012181093583702923,31993.531250000007,31993.531250000007,9743310006.875002
development,0.017420709385712704,B0,B0-rank9-q2-r0-K0,138317,1.0,0.0017151102769854543,0.00026890492035402946,0.010603191462732134,0.012049396819363558,30908.0,30908.0,4275101836.0
development,0.017420709385712704,B1,B1-rank12-q2-r0-K0,138318,1.0,0.0017151745045969613,0.0002689153389350274,0.010603127235120626,0.01204938640078256,39994.0,39994.0,5531890092.0
development,0.017420709385712704,B2,B2-rank3-q2-r4-K4,145983,1.0558330820256105,0.001711749451536515,0.00026838900843739744,0.010606552288181073,0.01204991273128019,12376.968749999996,12376.968749999996,1806827029.0312495
development,0.017420709385712704,B3,B3-rank0-q8-r32-K4,298493,2.561873229890575,9.071241363531324e-05,1.4812500512273452e-05,0.012227589326082275,0.012303489239205314,31993.531250000007,31993.531250000007,9549845123.406252
development,0.017595540114143826,B0,B0-rank9-q2-r0-K0,135311,1.0,0.0017151102769854543,0.00026890492035402946,0.010726815456365562,0.012173020812996987,30908.0,30908.0,4182192388.0
development,0.017595540114143826,B1,B1-rank12-q2-r0-K0,135312,1.0,0.0017151745045969613,0.0002689153389350274,0.010726751228754055,0.01217301039441599,39994.0,39994.0,5411668128.0
development,0.017595540114143826,B2,B2-rank3-q2-r4-K4,142810,1.0558330820256105,0.001711749451536515,0.00026838900843739744,0.010730176281814502,0.01217353672491362,12376.968749999996,12376.968749999996,1767554907.1874995
development,0.017595540114143826,B3,B3-rank0-q8-r32-K4,292565,2.561873229890575,9.071241363531324e-05,1.4812500512273452e-05,0.012351213319715703,0.012427113232838743,31993.531250000007,31993.531250000007,9360187470.156252
development,0.01777212540853016,B0,B0-rank9-q2-r0-K0,132373,1.0,0.0017151102769854543,0.00026890492035402946,0.010851680115483963,0.012297885472115388,30908.0,30908.0,4091384684.0
development,0.01777212540853016,B1,B1-rank12-q2-r0-K0,132374,1.0,0.0017151745045969613,0.0002689153389350274,0.010851615887872456,0.01229787505353439,39994.0,39994.0,5294165756.0
development,0.01777212540853016,B2,B2-rank3-q2-r4-K4,139711,1.0558330820256105,0.001711749451536515,0.00026838900843739744,0.010855040940932903,0.01229840138403202,12376.968749999996,12376.968749999996,1729198681.0312495
development,0.01777212540853016,B3,B3-rank0-q8-r32-K4,286755,2.561873229890575,9.071241363531324e-05,1.4812500512273452e-05,0.012476077978834104,0.012551977891957144,31993.531250000007,31993.531250000007,9174305053.593752
development,0.01795048287734202,B0,B0-rank9-q2-r0-K0,129503,1.0,0.0017151102769854543,0.00026890492035402946,0.010977797891156096,0.01242400324778752,30908.0,30908.0,4002678724.0
development,0.01795048287734202,B1,B1-rank12-q2-r0-K0,129504,1.0,0.0017151745045969613,0.0002689153389350274,0.010977733663544589,0.012423992829206523,39994.0,39994.0,5179382976.0
development,0.01795048287734202,B2,B2-rank3-q2-r4-K4,136681,1.0558330820256105,0.001711749451536515,0.00026838900843739744,0.010981158716605035,0.012424519159704153,12376.968749999996,12376.968749999996,1691696465.7187495
development,0.01795048287734202,B3,B3-rank0-q8-r32-K4,281062,2.561873229890575,9.071241363531324e-05,1.4812500512273452e-05,0.012602195754506237,0.012678095667629277,31993.531250000007,31993.531250000007,8992165880.187502
development,0.018130630305764762,B0,B0-rank9-q2-r0-K0,126697,1.0,0.0017151102769854543,0.00026890492035402946,0.011105181359407136,0.012551386716038561,30908.0,30908.0,3915950876.0
development,0.018130630305764762,B1,B1-rank12-q2-r0-K0,126698,1.0,0.0017151745045969613,0.0002689153389350274,0.01110511713179563,0.012551376297457563,39994.0,39994.0,5067159812.0
development,0.018130630305764762,B2,B2-rank3-q2-r4-K4,133721,1.0558330820256105,0.001711749451536515,0.00026838900843739744,0.011108542184856076,0.012551902627955193,12376.968749999996,12376.968749999996,1655060638.2187495
development,0.018130630305764762,B3,B3-rank0-q8-r32-K4,275481,2.561873229890575,9.071241363531324e-05,1.4812500512273452e-05,0.012729579222757277,0.012805479135880317,31993.531250000007,31993.531250000007,8813609982.281252
development,0.018312585657472312,B0,B0-rank9-q2-r0-K0,123956,1.0,0.0017151102769854543,0.00026890492035402946,0.011233843222472728,0.012680048579104153,30908.0,30908.0,3831232048.0
development,0.018312585657472312,B1,B1-rank12-q2-r0-K0,123956,1.0,0.0017151745045969613,0.0002689153389350274,0.011233778994861221,0.012680038160523155,39994.0,39994.0,4957496264.0
development,0.018312585657472312,B2,B2-rank3-q2-r4-K4,130828,1.0558330820256105,0.001711749451536515,0.00026838900843739744,0.011237204047921667,0.012680564491020785,12376.968749999996,12376.968749999996,1619254067.6249995
development,0.018312585657472312,B3,B3-rank0-q8-r32-K4,270011,2.561873229890575,9.071241363531324e-05,1.4812500512273452e-05,0.012858241085822869,0.012934140998945909,31993.531250000007,31993.531250000007,8638605366.343752
development,0.01849636707641837,B0,B0-rank9-q2-r0-K0,121276,1.0,0.0017151102769854543,0.00026890492035402946,0.011363796310065571,0.012810001666696996,30908.0,30908.0,3748398608.0
development,0.01849636707641837,B1,B1-rank12-q2-r0-K0,121277,1.0,0.0017151745045969613,0.0002689153389350274,0.011363732082454064,0.012809991248115998,39994.0,39994.0,4850352338.0
development,0.01849636707641837,B2,B2-rank3-q2-r4-K4,128000,1.0558330820256105,0.001711749451536515,0.00026838900843739744,0.01136715713551451,0.012810517578613628,12376.968749999996,12376.968749999996,1584251999.9999995
development,0.01849636707641837,B3,B3-rank0-q8-r32-K4,264651,2.561873229890575,9.071241363531324e-05,1.4812500512273452e-05,0.012988194173415712,0.013064094086538752,31993.531250000007,31993.531250000007,8467120038.843752
development,0.018681992888645735,B0,B0-rank9-q2-r0-K0,118657,1.0,0.0017151102769854543,0.00026890492035402946,0.011495053580654802,0.012941258937286227,30908.0,30908.0,3667450556.0
development,0.018681992888645735,B1,B1-rank12-q2-r0-K0,118658,1.0,0.0017151745045969613,0.0002689153389350274,0.011494989353043295,0.012941248518705229,39994.0,39994.0,4745608052.0
development,0.018681992888645735,B2,B2-rank3-q2-r4-K4,125237,1.0558330820256105,0.001711749451536515,0.00026838900843739744,0.011498414406103741,0.012941774849202859,12376.968749999996,12376.968749999996,1550054435.3437495
development,0.018681992888645735,B3,B3-rank0-q8-r32-K4,259397,2.561873229890575,9.071241363531324e-05,1.4812500512273452e-05,0.013119451444004943,0.013195351357127983,31993.531250000007,31993.531250000007,8299026025.656252
development,0.018869481604113645,B0,B0-rank9-q2-r0-K0,116098,1.0,0.0017151102769854543,0.00026890492035402946,0.011627628122758115,0.01307383347938954,30908.0,30908.0,3588356984.0
development,0.018869481604113645,B1,B1-rank12-q2-r0-K0,116098,1.0,0.0017151745045969613,0.0002689153389350274,0.011627563895146608,0.013073823060808542,39994.0,39994.0,4643223412.0
development,0.018869481604113645,B2,B2-rank3-q2-r4-K4,122535,1.0558330820256105,0.001711749451536515,0.00026838900843739744,0.011630988948207055,0.013074349391306172,12376.968749999996,12376.968749999996,1516611865.7812495
development,0.018869481604113645,B3,B3-rank0-q8-r32-K4,254248,2.561873229890575,9.071241363531324e-05,1.4812500512273452e-05,0.013252025986108256,0.013327925899231296,31993.531250000007,31993.531250000007,8134291333.250002
development,0.01905885191854358,B0,B0-rank9-q2-r0-K0,113595,1.0,0.0017151102769854543,0.00026890492035402946,0.01176153315624695,0.013207738512878375,30908.0,30908.0,3510994260.0
development,0.01905885191854358,B1,B1-rank12-q2-r0-K0,113596,1.0,0.0017151745045969613,0.0002689153389350274,0.011761468928635443,0.013207728094297377,39994.0,39994.0,4543158424.0
development,0.01905885191854358,B2,B2-rank3-q2-r4-K4,119895,1.0558330820256105,0.001711749451536515,0.00026838900843739744,0.01176489398169589,0.013208254424795007,12376.968749999996,12376.968749999996,1483936668.2812495
development,0.01905885191854358,B3,B3-rank0-q8-r32-K4,249201,2.561873229890575,9.071241363531324e-05,1.4812500512273452e-05,0.013385931019597092,0.013461830932720131,31993.531250000007,31993.531250000007,7972819981.031252
development,0.019250122715283504,B0,B0-rank9-q2-r0-K0,111150,1.0,0.0017151102769854543,0.00026890492035402946,0.011896782033664706,0.013342987390296131,30908.0,30908.0,3435424200.0
development,0.019250122715283504,B1,B1-rank12-q2-r0-K0,111150,1.0,0.0017151745045969613,0.0002689153389350274,0.0118967178060532,0.013342976971715133,39994.0,39994.0,4445333100.0
development,0.019250122715283504,B2,B2-rank3-q2-r4-K4,117314,1.0558330820256105,0.001711749451536515,0.00026838900843739744,0.011900142859113646,0.013343503302212763,12376.968749999996,12376.968749999996,1451991711.9374995
development,0.019250122715283504,B3,B3-rank0-q8-r32-K4,244253,2.561873229890575,9.071241363531324e-05,1.4812500512273452e-05,0.013521179897014847,0.013597079810137887,31993.531250000007,31993.531250000007,7814515988.406252
development,0.019443313067190854,B0,B0-rank9-q2-r0-K0,108759,1.0,0.0017151102769854543,0.00026890492035402946,0.012033388241558208,0.013479593598189633,30908.0,30908.0,3361523172.0
development,0.019443313067190854,B1,B1-rank12-q2-r0-K0,108759,1.0,0.0017151745045969613,0.0002689153389350274,0.012033324013946701,0.013479583179608635,39994.0,39994.0,4349707446.0
development,0.019443313067190854,B2,B2-rank3-q2-r4-K4,114791,1.0558330820256105,0.001711749451536515,0.00026838900843739744,0.012036749067007147,0.013480109510106265,12376.968749999996,12376.968749999996,1420764619.7812495
development,0.019443313067190854,B3,B3-rank0-q8-r32-K4,239405,2.561873229890575,9.071241363531324e-05,1.4812500512273452e-05,0.01365778610490835,0.013733686018031389,31993.531250000007,31993.531250000007,7659411348.906252
development,0.019638442238534434,B0,B0-rank9-q2-r0-K0,106422,1.0,0.0017151102769854543,0.00026890492035402946,0.012171365401822565,0.01361757075845399,30908.0,30908.0,3289291176.0
development,0.019638442238534434,B1,B1-rank12-q2-r0-K0,106423,1.0,0.0017151745045969613,0.0002689153389350274,0.012171301174211058,0.013617560339872992,39994.0,39994.0,4256281462.0
development,0.019638442238534434,B2,B2-rank3-q2-r4-K4,112326,1.0558330820256105,0.001711749451536515,0.00026838900843739744,0.012174726227271504,0.013618086670370622,12376.968749999996,12376.968749999996,1390255391.8124995
development,0.019638442238534434,B3,B3-rank0-q8-r32-K4,234653,2.561873229890575,9.071241363531324e-05,1.4812500512273452e-05,0.013795763265172706,0.013871663178295746,31993.531250000007,31993.531250000007,7507378088.406252
development,0.01983552968691535,B0,B0-rank9-q2-r0-K0,104137,1.0,0.0017151102769854543,0.00026890492035402946,0.012310727273059464,0.01375693262969089,30908.0,30908.0,3218666396.0
development,0.01983552968691535,B1,B1-rank12-q2-r0-K0,104138,1.0,0.0017151745045969613,0.0002689153389350274,0.012310663045447957,0.013756922211109891,39994.0,39994.0,4164895172.0
development,0.01983552968691535,B2,B2-rank3-q2-r4-K4,109915,1.0558330820256105,0.001711749451536515,0.00026838900843739744,0.012314088098508404,0.013757448541607521,12376.968749999996,12376.968749999996,1360414520.1562495
development,0.01983552968691535,B3,B3-rank0-q8-r32-K4,229996,2.561873229890575,9.071241363531324e-05,1.4812500512273452e-05,0.013935125136409605,0.014011025049532645,31993.531250000007,31993.531250000007,7358384213.375002
development,0.020034595065207276,B0,B0-rank9-q2-r0-K0,101904,1.0,0.0017151102769854543,0.00026890492035402946,0.012451487751949151,0.013897693108580576,30908.0,30908.0,3149648832.0
development,0.020034595065207276,B1,B1-rank12-q2-r0-K0,101905,1.0,0.0017151745045969613,0.0002689153389350274,0.012451423524337644,0.013897682689999578,39994.0,39994.0,4075588570.0
development,0.020034595065207276,B2,B2-rank3-q2-r4-K4,107558,1.0558330820256105,0.001711749451536515,0.00026838900843739744,0.01245484857739809,0.013898209020497208,12376.968749999996,12376.968749999996,1331242004.8124995
development,0.020034595065207276,B3,B3-rank0-q8-r32-K4,225431,2.561873229890575,9.071241363531324e-05,1.4812500512273452e-05,0.014075885615299292,0.014151785528422332,31993.531250000007,31993.531250000007,7212333743.218752
development,0.02023565822351617,B0,B0-rank9-q2-r0-K0,99720,1.0,0.0017151102769854543,0.00026890492035402946,0.012593660874636155,0.01403986623126758,30908.0,30908.0,3082145760.0
development,0.02023565822351617,B1,B1-rank12-q2-r0-K0,99722,1.0,0.0017151745045969613,0.0002689153389350274,0.012593596647024648,0.014039855812686582,39994.0,39994.0,3988281668.0
development,0.02023565822351617,B2,B2-rank3-q2-r4-K4,105253,1.0558330820256105,0.001711749451536515,0.00026838900843739744,0.012597021700085094,0.014040382143184212,12376.968749999996,12376.968749999996,1302713091.8437495
development,0.02023565822351617,B3,B3-rank0-q8-r32-K4,220957,2.561873229890575,9.071241363531324e-05,1.4812500512273452e-05,0.014218058737986296,0.014293958651109336,31993.531250000007,31993.531250000007,7069194684.406252
development,0.020438739211159653,B0,B0-rank9-q2-r0-K0,97586,1.0,0.0017151102769854543,0.00026890492035402946,0.012737260818128922,0.014183466174760347,30908.0,30908.0,3016188088.0
development,0.020438739211159653,B1,B1-rank12-q2-r0-K0,97587,1.0,0.0017151745045969613,0.0002689153389350274,0.012737196590517415,0.01418345575617935,39994.0,39994.0,3902894478.0
development,0.020438739211159653,B2,B2-rank3-q2-r4-K4,103001,1.0558330820256105,0.001711749451536515,0.00026838900843739744,0.012740621643577862,0.01418398208667698,12376.968749999996,12376.968749999996,1274840158.2187495
development,0.020438739211159653,B3,B3-rank0-q8-r32-K4,216572,2.561873229890575,9.071241363531324e-05,1.4812500512273452e-05,0.014361658681479064,0.014437558594602103,31993.531250000007,31993.531250000007,6928903049.875002
development,0.020643858278666258,B0,B0-rank9-q2-r0-K0,95499,1.0,0.0017151102769854543,0.00026890492035402946,0.012882301901713505,0.01432850725834493,30908.0,30908.0,2951683092.0
development,0.020643858278666258,B1,B1-rank12-q2-r0-K0,95499,1.0,0.0017151745045969613,0.0002689153389350274,0.012882237674101998,0.014328496839763932,39994.0,39994.0,3819387006.0
development,0.020643858278666258,B2,B2-rank3-q2-r4-K4,100798,1.0558330820256105,0.001711749451536515,0.00026838900843739744,0.012885662727162444,0.014329023170261562,12376.968749999996,12376.968749999996,1247573696.0624995
development,0.020643858278666258,B3,B3-rank0-q8-r32-K4,212274,2.561873229890575,9.071241363531324e-05,1.4812500512273452e-05,0.014506699765063646,0.014582599678186686,31993.531250000007,31993.531250000007,6791394852.562502
development,0.020851035879794724,B0,B0-rank9-q2-r0-K0,93459,1.0,0.0017151102769854543,0.00026890492035402946,0.013028798588381404,0.014475003945012829,30908.0,30908.0,2888630772.0
development,0.020851035879794724,B1,B1-rank12-q2-r0-K0,93459,1.0,0.0017151745045969613,0.0002689153389350274,0.013028734360769897,0.01447499352643183,39994.0,39994.0,3737799246.0
development,0.020851035879794724,B2,B2-rank3-q2-r4-K4,98645,1.0558330820256105,0.001711749451536515,0.00026838900843739744,0.013032159413830343,0.01447551985692946,12376.968749999996,12376.968749999996,1220926082.3437495
development,0.020851035879794724,B3,B3-rank0-q8-r32-K4,208061,2.561873229890575,9.071241363531324e-05,1.4812500512273452e-05,0.014653196451731545,0.014729096364854585,31993.531250000007,31993.531250000007,6656606105.406252
development,0.02106029267357361,B0,B0-rank9-q2-r0-K0,91463,1.0,0.0017151102769854543,0.00026890492035402946,0.013176765486271811,0.014622970842903236,30908.0,30908.0,2826938404.0
development,0.02106029267357361,B1,B1-rank12-q2-r0-K0,91463,1.0,0.0017151745045969613,0.0002689153389350274,0.013176701258660304,0.014622960424322238,39994.0,39994.0,3657971222.0
development,0.02106029267357361,B2,B2-rank3-q2-r4-K4,96540,1.0558330820256105,0.001711749451536515,0.00026838900843739744,0.01318012631172075,0.014623486754819868,12376.968749999996,12376.968749999996,1194872563.1249995
development,0.02106029267357361,B3,B3-rank0-q8-r32-K4,203933,2.561873229890575,9.071241363531324e-05,1.4812500512273452e-05,0.014801163349621952,0.014877063262744992,31993.531250000007,31993.531250000007,6524536808.406252
development,0.021271649526361323,B0,B0-rank9-q2-r0-K0,89512,1.0,0.0017151102769854543,0.00026890492035402946,0.013326217350128247,0.014772422706759672,30908.0,30908.0,2766636896.0
development,0.021271649526361323,B1,B1-rank12-q2-r0-K0,89512,1.0,0.0017151745045969613,0.0002689153389350274,0.01332615312251674,0.014772412288178674,39994.0,39994.0,3579942928.0
development,0.021271649526361323,B2,B2-rank3-q2-r4-K4,94481,1.0558330820256105,0.001711749451536515,0.00026838900843739744,0.013329578175577186,0.014772938618676304,12376.968749999996,12376.968749999996,1169388384.4687495
development,0.021271649526361323,B3,B3-rank0-q8-r32-K4,199886,2.561873229890575,9.071241363531324e-05,1.4812500512273452e-05,0.014950615213478388,0.015026515126601428,31993.531250000007,31993.531250000007,6395058987.437502
development,0.021485127513926824,B0,B0-rank9-q2-r0-K0,87605,1.0,0.0017151102769854543,0.00026890492035402946,0.013477169082769871,0.014923374439401296,30908.0,30908.0,2707695340.0
development,0.021485127513926824,B1,B1-rank12-q2-r0-K0,87605,1.0,0.0017151745045969613,0.0002689153389350274,0.013477104855158364,0.014923364020820298,39994.0,39994.0,3503674370.0
development,0.021485127513926824,B2,B2-rank3-q2-r4-K4,92467,1.0558330820256105,0.001711749451536515,0.00026838900843739744,0.01348052990821881,0.014923890351317928,12376.968749999996,12376.968749999996,1144461169.4062495
development,0.021485127513926824,B3,B3-rank0-q8-r32-K4,195920,2.561873229890575,9.071241363531324e-05,1.4812500512273452e-05,0.015101566946120012,0.015177466859243052,31993.531250000007,31993.531250000007,6268172642.500002
development,0.02170074792355125,B0,B0-rank9-q2-r0-K0,85739,1.0,0.0017151102769854543,0.00026890492035402946,0.013629635736577522,0.015075841093208947,30908.0,30908.0,2650021012.0
development,0.02170074792355125,B1,B1-rank12-q2-r0-K0,85740,1.0,0.0017151745045969613,0.0002689153389350274,0.013629571508966015,0.015075830674627949,39994.0,39994.0,3429085560.0
development,0.02170074792355125,B2,B2-rank3-q2-r4-K4,90499,1.0558330820256105,0.001711749451536515,0.00026838900843739744,0.013632996562026461,0.015076357005125579,12376.968749999996,12376.968749999996,1120103294.9062495
development,0.02170074792355125,B3,B3-rank0-q8-r32-K4,192033,2.561873229890575,9.071241363531324e-05,1.4812500512273452e-05,0.015254033599927663,0.015329933513050703,31993.531250000007,31993.531250000007,6143813786.531251
development,0.0219185322561506,B0,B0-rank9-q2-r0-K0,83915,1.0,0.0017151102769854543,0.00026890492035402946,0.013783632514994712,0.015229837871626137,30908.0,30908.0,2593644820.0
development,0.0219185322561506,B1,B1-rank12-q2-r0-K0,83915,1.0,0.0017151745045969613,0.0002689153389350274,0.013783568287383205,0.01522982745304514,39994.0,39994.0,3356096510.0
development,0.0219185322561506,B2,B2-rank3-q2-r4-K4,88574,1.0558330820256105,0.001711749451536515,0.00026838900843739744,0.013786993340443652,0.01523035378354277,12376.968749999996,12376.968749999996,1096277630.0624998
development,0.0219185322561506,B3,B3-rank0-q8-r32-K4,188223,2.561873229890575,9.071241363531324e-05,1.4812500512273452e-05,0.015408030378344853,0.015483930291467893,31993.531250000007,31993.531250000007,6021918432.468751
development,0.022138502228419735,B0,B0-rank9-q2-r0-K0,82131,1.0,0.0017151102769854543,0.00026890492035402946,0.013939174774043633,0.015385380130675058,30908.0,30908.0,2538504948.0
development,0.022138502228419735,B1,B1-rank12-q2-r0-K0,82132,1.0,0.0017151745045969613,0.0002689153389350274,0.013939110546432126,0.01538536971209406,39994.0,39994.0,3284787208.0
development,0.022138502228419735,B2,B2-rank3-q2-r4-K4,86692,1.0558330820256105,0.001711749451536515,0.00026838900843739744,0.013942535599492573,0.01538589604259169,12376.968749999996,12376.968749999996,1072984174.8749998
development,0.022138502228419735,B3,B3-rank0-q8-r32-K4,184488,2.561873229890575,9.071241363531324e-05,1.4812500512273452e-05,0.015563572637393774,0.015639472550516814,31993.531250000007,31993.531250000007,5902422593.250001
development,0.022360679774997897,B0,B0-rank9-q1-r0-K0,158032,1.0,0.007201565796158216,0.0009729523927182182,0.00860982250468368,0.014838435908123677,15609.0,15609.0,2466721488.0
development,0.022360679774997897,B1,B1-rank12-q1-r0-K0,158034,1.0,0.007201629911613522,0.0009729624794152514,0.008609758389228374,0.014838425821426644,20168.0,20168.0,3187229712.0
development,0.022360679774997897,B2,B2-rank3-q2-r4-K4,84850,1.0558330820256105,0.001711749451536515,0.00026838900843739744,0.01409963884930538,0.015542999292404498,12376.968749999996,12376.968749999996,1050185798.4374998
development,0.022360679774997897,B3,B3-rank0-q8-r32-K4,180829,2.561873229890575,9.071241363531324e-05,1.4812500512273452e-05,0.015720675887206582,0.015796575800329622,31993.531250000007,31993.531250000007,5785358262.406251
development,0.02258508705065592,B0,B0-rank9-q1-r0-K0,152954,1.0,0.007201565796158216,0.0009729523927182182,0.008768502411049067,0.014997115814489065,15609.0,15609.0,2387458986.0
development,0.02258508705065592,B1,B1-rank12-q1-r0-K0,152956,1.0,0.007201629911613522,0.0009729624794152514,0.008768438295593761,0.014997105727792032,20168.0,20168.0,3084816608.0
development,0.02258508705065592,B2,B2-rank3-q2-r4-K4,83049,1.0558330820256105,0.001711749451536515,0.00026838900843739744,0.014258318755670768,0.015701679198769886,12376.968749999996,12376.968749999996,1027894877.7187498
development,0.02258508705065592,B3,B3-rank0-q8-r32-K4,177241,2.561873229890575,9.071241363531324e-05,1.4812500512273452e-05,0.01587935579357197,0.01595525570669501,31993.531250000007,31993.531250000007,5670565472.281251
development,0.022811746432505494,B0,B0-rank9-q1-r0-K0,148079,1.0,0.007201565796158216,0.0009729523927182182,0.008928774796974452,0.01515738820041445,15609.0,15609.0,2311365111.0
development,0.022811746432505494,B1,B1-rank12-q1-r0-K0,148080,1.0,0.007201629911613522,0.0009729624794152514,0.008928710681519146,0.015157378113717417,20168.0,20168.0,2986477440.0
development,0.022811746432505494,B2,B2-rank3-q2-r4-K4,81288,1.0558330820256105,0.001711749451536515,0.00026838900843739744,0.014418591141596153,0.01586195158469527,12376.968749999996,12376.968749999996,1006099035.7499998
development,0.022811746432505494,B3,B3-rank0-q8-r32-K4,173724,2.561873229890575,9.071241363531324e-05,1.4812500512273452e-05,0.016039628179497355,0.016115528092620394,31993.531250000007,31993.531250000007,5558044222.875001
development,0.023040680522230447,B0,B0-rank9-q1-r0-K0,143396,1.0,0.007201565796158216,0.0009729523927182182,0.009090655644263736,0.015319269047703733,15609.0,15609.0,2238268164.0
development,0.023040680522230447,B1,B1-rank12-q1-r0-K0,143398,1.0,0.007201629911613522,0.0009729624794152514,0.00909059152880843,0.0153192589610067,20168.0,20168.0,2892050864.0
development,0.023040680522230447,B2,B2-rank3-q2-r4-K4,79566,1.0558330820256105,0.001711749451536515,0.00026838900843739744,0.014580471988885436,0.016023832431984554,12376.968749999996,12376.968749999996,984785895.5624998
development,0.023040680522230447,B3,B3-rank0-q8-r32-K4,170278,2.561873229890575,9.071241363531324e-05,1.4812500512273452e-05,0.016201509026786638,0.016277408939909678,31993.531250000007,31993.531250000007,5447794514.187501
development,0.02327191214834057,B0,B0-rank9-q1-r0-K0,138898,1.0,0.007201565796158216,0.0009729523927182182,0.009254161095110996,0.015482774498550993,15609.0,15609.0,2168058882.0
development,0.02327191214834057,B1,B1-rank12-q1-r0-K0,138899,1.0,0.007201629911613522,0.0009729624794152514,0.00925409697965569,0.01548276441185396,20168.0,20168.0,2801315032.0
development,0.02327191214834057,B2,B2-rank3-q2-r4-K4,77882,1.0558330820256105,0.001711749451536515,0.00026838900843739744,0.014743977439732697,0.016187337882831814,12376.968749999996,12376.968749999996,963943080.1874998
development,0.02327191214834057,B3,B3-rank0-q8-r32-K4,166900,2.561873229890575,9.071241363531324e-05,1.4812500512273452e-05,0.0163650144776339,0.016440914390756938,31993.531250000007,31993.531250000007,5339720365.625001
development,0.02350546436844801,B0,B0-rank9-q1-r0-K0,134573,1.0,0.007201565796158216,0.0009729523927182182,0.009419307453710137,0.015647920857150135,15609.0,15609.0,2100549957.0
development,0.02350546436844801,B1,B1-rank12-q1-r0-K0,134574,1.0,0.007201629911613522,0.0009729624794152514,0.009419243338254831,0.0156479107704531,20168.0,20168.0,2714088432.0
development,0.02350546436844801,B2,B2-rank3-q2-r4-K4,76235,1.0558330820256105,0.001711749451536515,0.00026838900843739744,0.014909123798331838,0.016352484241430956,12376.968749999996,12376.968749999996,943558212.6562498
development,0.02350546436844801,B3,B3-rank0-q8-r32-K4,163590,2.561873229890575,9.071241363531324e-05,1.4812500512273452e-05,0.01653016083623304,0.01660606074935608,31993.531250000007,31993.531250000007,5233821777.187501
development,0.0237413604715664,B0,B0-rank9-q1-r0-K0,130414,1.0,0.007201565796158216,0.0009729523927182182,0.009586111187880636,0.015814724591320634,15609.0,15609.0,2035632126.0
development,0.0237413604715664,B1,B1-rank12-q1-r0-K0,130416,1.0,0.007201629911613522,0.0009729624794152514,0.00958604707242533,0.0158147145046236,20168.0,20168.0,2630229888.0
development,0.0237413604715664,B2,B2-rank3-q1-r4-K2,144946,1.1140371013171204,0.007186839917625337,0.0009698292933906227,0.009600837066413515,0.01581784769064823,6359.71875,6359.71875,921815793.9375
development,0.0237413604715664,B3,B3-rank0-q8-r32-K4,160345,2.561873229890575,9.071241363531324e-05,1.4812500512273452e-05,0.01669696457040354,0.01677286448352658,31993.531250000007,31993.531250000007,5130002768.281251
development,0.023979623980433264,B0,B0-rank9-q1-r0-K0,126413,1.0,0.007201565796158216,0.0009729523927182182,0.009754588930709695,0.015983202334149692,15609.0,15609.0,1973180517.0
development,0.023979623980433264,B1,B1-rank12-q1-r0-K0,126415,1.0,0.007201629911613522,0.0009729624794152514,0.009754524815254389,0.01598319224745266,20168.0,20168.0,2549537720.0
development,0.023979623980433264,B2,B2-rank3-q1-r4-K2,140505,1.1140371013171204,0.007186839917625337,0.0009698292933906227,0.009769314809242573,0.015986325433477288,6359.71875,6359.71875,893572282.96875
development,0.023979623980433264,B3,B3-rank0-q8-r32-K4,157164,2.561873229890575,9.071241363531324e-05,1.4812500512273452e-05,0.016865442313232597,0.016941342226355637,31993.531250000007,31993.531250000007,5028231345.375001
development,0.024220278653855575,B0,B0-rank9-q1-r0-K0,122563,1.0,0.007201565796158216,0.0009729523927182182,0.009924757482210844,0.01615337088565084,15609.0,15609.0,1913085867.0
development,0.024220278653855575,B1,B1-rank12-q1-r0-K0,122564,1.0,0.007201629911613522,0.0009729624794152514,0.009924693366755537,0.016153360798953808,20168.0,20168.0,2471870752.0
development,0.024220278653855575,B2,B2-rank3-q1-r4-K2,136232,1.1140371013171204,0.007186839917625337,0.0009698292933906227,0.009939483360743722,0.016156493984978437,6359.71875,6359.71875,866397204.75
development,0.024220278653855575,B3,B3-rank0-q8-r32-K4,154047,2.561873229890575,9.071241363531324e-05,1.4812500512273452e-05,0.017035610864733746,0.017111510777856786,31993.531250000007,31993.531250000007,4928507508.468751
development,0.02446334848907889,B0,B0-rank9-q1-r0-K0,118856,1.0,0.007201565796158216,0.0009729523927182182,0.010096633810999147,0.016325247214439145,15609.0,15609.0,1855223304.0
development,0.02446334848907889,B1,B1-rank12-q1-r0-K0,118858,1.0,0.007201629911613522,0.0009729624794152514,0.010096569695543841,0.01632523712774211,20168.0,20168.0,2397128144.0
development,0.02446334848907889,B2,B2-rank3-q1-r4-K2,132118,1.1140371013171204,0.007186839917625337,0.0009698292933906227,0.010111359689532026,0.01632837031376674,6359.71875,6359.71875,840233321.8125
development,0.02446334848907889,B3,B3-rank0-q8-r32-K4,150992,2.561873229890575,9.071241363531324e-05,1.4812500512273452e-05,0.01720748719352205,0.01728338710664509,31993.531250000007,31993.531250000007,4830767270.500001
development,0.024708857724180293,B0,B0-rank9-q1-r0-K0,115286,1.0,0.007201565796158216,0.0009729523927182182,0.010270235055983273,0.01649884845942327,15609.0,15609.0,1799499174.0
development,0.024708857724180293,B1,B1-rank12-q1-r0-K0,115287,1.0,0.007201629911613522,0.0009729624794152514,0.010270170940527967,0.016498838372726237,20168.0,20168.0,2325108216.0
development,0.024708857724180293,B2,B2-rank3-q1-r4-K2,128154,1.1140371013171204,0.007186839917625337,0.0009698292933906227,0.010284960934516151,0.016501971558750866,6359.71875,6359.71875,815023396.6875
development,0.024708857724180293,B3,B3-rank0-q8-r32-K4,147997,2.561873229890575,9.071241363531324e-05,1.4812500512273452e-05,0.017381088438506175,0.017456988351629215,31993.531250000007,31993.531250000007,4734946644.406251
development,0.024956830840485323,B0,B0-rank9-q1-r0-K0,111847,1.0,0.007201565796158216,0.0009729523927182182,0.010445578528074519,0.016674191931514516,15609.0,15609.0,1745819823.0
development,0.024956830840485323,B1,B1-rank12-q1-r0-K0,111848,1.0,0.007201629911613522,0.0009729624794152514,0.010445514412619213,0.016674181844817483,20168.0,20168.0,2255750464.0
development,0.024956830840485323,B2,B2-rank3-q1-r4-K2,124336,1.1140371013171204,0.007186839917625337,0.0009698292933906227,0.010460304406607397,0.01667731503084211,6359.71875,6359.71875,790741990.5
development,0.024956830840485323,B3,B3-rank0-q8-r32-K4,145062,2.561873229890575,9.071241363531324e-05,1.4812500512273452e-05,0.01755643191059742,0.01763233182372046,31993.531250000007,31993.531250000007,4641045630.187501
development,0.025207292565009178,B0,B0-rank9-q1-r0-K0,108532,1.0,0.007201565796158216,0.0009729523927182182,0.010622681711913013,0.01685129511535301,15609.0,15609.0,1694075988.0
development,0.025207292565009178,B1,B1-rank12-q1-r0-K0,108532,1.0,0.007201629911613522,0.0009729624794152514,0.010622617596457707,0.016851285028655977,20168.0,20168.0,2188873376.0
development,0.025207292565009178,B2,B2-rank3-q1-r4-K2,120655,1.1140371013171204,0.007186839917625337,0.0009698292933906227,0.010637407590445892,0.016854418214680606,6359.71875,6359.71875,767331865.78125
development,0.025207292565009178,B3,B3-rank0-q8-r32-K4,142185,2.561873229890575,9.071241363531324e-05,1.4812500512273452e-05,0.017733535094435916,0.017809435007558955,31993.531250000007,31993.531250000007,4549000240.781251
development,0.025460267872922375,B0,B0-rank9-q1-r0-K0,105335,1.0,0.007201565796158216,0.0009729523927182182,0.01080156226761119,0.01703017567105119,15609.0,15609.0,1644174015.0
development,0.025460267872922375,B1,B1-rank12-q1-r0-K0,105336,1.0,0.007201629911613522,0.0009729624794152514,0.010801498152155885,0.017030165584354155,20168.0,20168.0,2124416448.0
development,0.025460267872922375,B2,B2-rank3-q1-r4-K2,117107,1.1140371013171204,0.007186839917625337,0.0009698292933906227,0.01081628814614407,0.017033298770378784,6359.71875,6359.71875,744767583.65625
development,0.025460267872922375,B3,B3-rank0-q8-r32-K4,139365,2.561873229890575,9.071241363531324e-05,1.4812500512273452e-05,0.017912415650134093,0.017988315563257133,31993.531250000007,31993.531250000007,4458778482.656251
development,0.025715781990041233,B0,B0-rank9-q1-r0-K0,102252,1.0,0.007201565796158216,0.0009729523927182182,0.01098223803251483,0.017210851435954827,15609.0,15609.0,1596051468.0
development,0.025715781990041233,B1,B1-rank12-q1-r0-K0,102253,1.0,0.007201629911613522,0.0009729624794152514,0.010982173917059523,0.017210841349257794,20168.0,20168.0,2062238504.0
development,0.025715781990041233,B2,B2-rank3-q1-r4-K2,113685,1.1140371013171204,0.007186839917625337,0.0009698292933906227,0.010996963911047708,0.017213974535282422,6359.71875,6359.71875,723004626.09375
development,0.025715781990041233,B3,B3-rank0-q8-r32-K4,136602,2.561873229890575,9.071241363531324e-05,1.4812500512273452e-05,0.018093091415037732,0.018168991328160772,31993.531250000007,31993.531250000007,4370380355.812501
development,0.025973860395343277,B0,B0-rank9-q1-r0-K0,99279,1.0,0.007201565796158216,0.0009729523927182182,0.011164727022981713,0.01739334042642171,15609.0,15609.0,1549645911.0
development,0.025973860395343277,B1,B1-rank12-q1-r0-K0,99280,1.0,0.007201629911613522,0.0009729624794152514,0.011164662907526407,0.017393330339724677,20168.0,20168.0,2002279040.0
development,0.025973860395343277,B2,B2-rank3-q1-r4-K2,110383,1.1140371013171204,0.007186839917625337,0.0009698292933906227,0.011179452901514592,0.017396463525749306,6359.71875,6359.71875,702004834.78125
development,0.025973860395343277,B3,B3-rank0-q8-r32-K4,133893,2.561873229890575,9.071241363531324e-05,1.4812500512273452e-05,0.018275580405504616,0.018351480318627655,31993.531250000007,31993.531250000007,4283709879.656251
development,0.026234528823507883,B0,B0-rank9-q1-r0-K0,96410,1.0,0.007201565796158216,0.0009729523927182182,0.011349047436178147,0.017577660839618144,15609.0,15609.0,1504863690.0
development,0.026234528823507883,B1,B1-rank12-q1-r0-K0,96411,1.0,0.007201629911613522,0.0009729624794152514,0.01134898332072284,0.01757765075292111,20168.0,20168.0,1944417048.0
development,0.026234528823507883,B2,B2-rank3-q1-r4-K2,107196,1.1140371013171204,0.007186839917625337,0.0009698292933906227,0.011363773314711025,0.01758078393894574,6359.71875,6359.71875,681736411.125
development,0.026234528823507883,B3,B3-rank0-q8-r32-K4,131238,2.561873229890575,9.071241363531324e-05,1.4812500512273452e-05,0.01845990081870105,0.01853580073182409,31993.531250000007,31993.531250000007,4198767054.187501
development,0.026497813267482524,B0,B0-rank9-q1-r0-K0,93639,1.0,0.007201565796158216,0.0009729523927182182,0.011535217651893543,0.01776383105533354,15609.0,15609.0,1461611151.0
development,0.026497813267482524,B1,B1-rank12-q1-r0-K0,93640,1.0,0.007201629911613522,0.0009729624794152514,0.011535153536438237,0.017763820968636507,20168.0,20168.0,1888531520.0
development,0.026497813267482524,B2,B2-rank3-q1-r4-K2,104119,1.1140371013171204,0.007186839917625337,0.0009698292933906227,0.011549943530426422,0.017766954154661136,6359.71875,6359.71875,662167556.53125
development,0.026497813267482524,B3,B3-rank0-q8-r32-K4,128635,2.561873229890575,9.071241363531324e-05,1.4812500512273452e-05,0.018646071034416446,0.018721970947539485,31993.531250000007,31993.531250000007,4115487892.343751
development,0.02676373998107465,B0,B0-rank9-q1-r0-K0,90964,1.0,0.007201565796158216,0.0009729523927182182,0.011723256234373189,0.017951869637813186,15609.0,15609.0,1419857076.0
development,0.02676373998107465,B1,B1-rank12-q1-r0-K0,90965,1.0,0.007201629911613522,0.0009729624794152514,0.011723192118917883,0.017951859551116153,20168.0,20168.0,1834582120.0
development,0.02676373998107465,B2,B2-rank3-q1-r4-K2,101149,1.1140371013171204,0.007186839917625337,0.0009698292933906227,0.011737982112906067,0.017954992737140782,6359.71875,6359.71875,643279191.84375
development,0.02676373998107465,B3,B3-rank0-q8-r32-K4,126085,2.561873229890575,9.071241363531324e-05,1.4812500512273452e-05,0.01883410961689609,0.01891000953001913,31993.531250000007,31993.531250000007,4033904387.656251
development,0.027032335481569594,B0,B0-rank9-q1-r0-K0,88381,1.0,0.007201565796158216,0.0009729523927182182,0.011913181934169358,0.018141795337609356,15609.0,15609.0,1379539029.0
development,0.027032335481569594,B1,B1-rank12-q1-r0-K0,88382,1.0,0.007201629911613522,0.0009729624794152514,0.011913117818714052,0.018141785250912323,20168.0,20168.0,1782488176.0
development,0.027032335481569594,B2,B2-rank3-q1-r4-K2,98280,1.1140371013171204,0.007186839917625337,0.0009698292933906227,0.011927907812702237,0.01814491843693695,6359.71875,6359.71875,625033158.75
development,0.027032335481569594,B3,B3-rank0-q8-r32-K4,123584,2.561873229890575,9.071241363531324e-05,1.4812500512273452e-05,0.01902403531669226,0.0190999352298153,31993.531250000007,31993.531250000007,3953888566.000001
development,0.027303626552374862,B0,B0-rank9-q1-r0-K0,85886,1.0,0.007201565796158216,0.0009729523927182182,0.012105013690011122,0.01833362709345112,15609.0,15609.0,1340594574.0
development,0.027303626552374862,B1,B1-rank12-q1-r0-K0,85886,1.0,0.007201629911613522,0.0009729624794152514,0.012104949574555816,0.018333617006754087,20168.0,20168.0,1732148848.0
development,0.027303626552374862,B2,B2-rank3-q1-r4-K2,95507,1.1140371013171204,0.007186839917625337,0.0009698292933906227,0.012119739568544001,0.018336750192778715,6359.71875,6359.71875,607397658.65625
development,0.027303626552374862,B3,B3-rank0-q8-r32-K4,121134,2.561873229890575,9.071241363531324e-05,1.4812500512273452e-05,0.019215867072534025,0.019291766985657065,31993.531250000007,31993.531250000007,3875504414.437501
development,0.027577640245690815,B0,B0-rank9-q1-r0-K0,83473,1.0,0.007201565796158216,0.0009729523927182182,0.012298770630692804,0.0185273840341328,15609.0,15609.0,1302930057.0
development,0.027577640245690815,B1,B1-rank12-q1-r0-K0,83474,1.0,0.007201629911613522,0.0009729624794152514,0.012298706515237498,0.01852737394743577,20168.0,20168.0,1683503632.0
development,0.027577640245690815,B2,B2-rank3-q1-r4-K2,92828,1.1140371013171204,0.007186839917625337,0.0009698292933906227,0.012313496509225683,0.018530507133460397,6359.71875,6359.71875,590359972.125
development,0.027577640245690815,B3,B3-rank0-q8-r32-K4,118733,2.561873229890575,9.071241363531324e-05,1.4812500512273452e-05,0.019409624013215707,0.019485523926338746,31993.531250000007,31993.531250000007,3798687945.906251
development,0.02785440388520827,B0,B0-rank9-q1-r0-K0,81141,1.0,0.007201565796158216,0.0009729523927182182,0.012494472076981466,0.018723085480421463,15609.0,15609.0,1266529869.0
development,0.02785440388520827,B1,B1-rank12-q1-r0-K0,81142,1.0,0.007201629911613522,0.0009729624794152514,0.01249440796152616,0.01872307539372443,20168.0,20168.0,1636471856.0
development,0.02785440388520827,B2,B2-rank3-q1-r4-K2,90238,1.1140371013171204,0.007186839917625337,0.0009698292933906227,0.012509197955514344,0.01872620857974906,6359.71875,6359.71875,573888300.5625
development,0.02785440388520827,B3,B3-rank0-q8-r32-K4,116379,2.561873229890575,9.071241363531324e-05,1.4812500512273452e-05,0.01960532545950437,0.019681225372627408,31993.531250000007,31993.531250000007,3723375173.343751
development,0.028133945068833068,B0,B0-rank9-q1-r0-K0,78886,1.0,0.007201565796158216,0.0009729523927182182,0.012692137543543473,0.01892075094698347,15609.0,15609.0,1231331574.0
development,0.028133945068833068,B1,B1-rank12-q1-r0-K0,78887,1.0,0.007201629911613522,0.0009729624794152514,0.012692073428088167,0.018920740860286438,20168.0,20168.0,1590993016.0
development,0.028133945068833068,B2,B2-rank3-q1-r4-K2,87733,1.1140371013171204,0.007186839917625337,0.0009698292933906227,0.012706863422076352,0.018923874046311066,6359.71875,6359.71875,557957205.09375
development,0.028133945068833068,B3,B3-rank0-q8-r32-K4,114072,2.561873229890575,9.071241363531324e-05,1.4812500512273452e-05,0.019802990926066376,0.019878890839189416,31993.531250000007,31993.531250000007,3649566096.750001
development,0.028416291671438082,B0,B0-rank9-q1-r0-K0,76706,1.0,0.007201565796158216,0.0009729523927182182,0.012891786740890462,0.01912040014433046,15609.0,15609.0,1197303954.0
development,0.028416291671438082,B1,B1-rank12-q1-r0-K0,76707,1.0,0.007201629911613522,0.0009729624794152514,0.012891722625435156,0.019120390057633427,20168.0,20168.0,1547026776.0
development,0.028416291671438082,B2,B2-rank3-q1-r4-K2,85311,1.1140371013171204,0.007186839917625337,0.0009698292933906227,0.012906512619423341,0.019123523243658055,6359.71875,6359.71875,542553966.28125
development,0.028416291671438082,B3,B3-rank0-q8-r32-K4,111810,2.561873229890575,9.071241363531324e-05,1.4812500512273452e-05,0.020002640123413365,0.020078540036536405,31993.531250000007,31993.531250000007,3577196729.062501
development,0.028701471847642816,B0,B0-rank9-q1-r0-K0,74596,1.0,0.007201565796158216,0.0009729523927182182,0.013093439577344806,0.019322052980784803,15609.0,15609.0,1164368964.0
development,0.028701471847642816,B1,B1-rank12-q1-r0-K0,74597,1.0,0.007201629911613522,0.0009729624794152514,0.0130933754618895,0.01932204289408777,20168.0,20168.0,1504472296.0
development,0.028701471847642816,B2,B2-rank3-q1-r4-K2,82967,1.1140371013171204,0.007186839917625337,0.0009698292933906227,0.013108165455877684,0.0193251760801124,6359.71875,6359.71875,527646785.53125
development,0.028701471847642816,B3,B3-rank0-q8-r32-K4,109593,2.561873229890575,9.071241363531324e-05,1.4812500512273452e-05,0.02020429295986771,0.020280192872990748,31993.531250000007,31993.531250000007,3506267070.281251
development,0.02898951403462081,B0,B0-rank9-q1-r0-K0,72555,1.0,0.007201565796158216,0.0009729523927182182,0.01329711616102475,0.019525729564464748,15609.0,15609.0,1132510995.0
development,0.02898951403462081,B1,B1-rank12-q1-r0-K0,72556,1.0,0.007201629911613522,0.0009729624794152514,0.013297052045569444,0.019525719477767715,20168.0,20168.0,1463309408.0
development,0.02898951403462081,B2,B2-rank3-q1-r4-K2,80699,1.1140371013171204,0.007186839917625337,0.0009698292933906227,0.013311842039557629,0.019528852663792343,6359.71875,6359.71875,513222943.40625
development,0.02898951403462081,B3,B3-rank0-q8-r32-K4,107421,2.561873229890575,9.071241363531324e-05,1.4812500512273452e-05,0.020407969543547653,0.020483869456670693,31993.531250000007,31993.531250000007,3436777120.406251
development,0.029280446954935396,B0,B0-rank9-q1-r0-K0,70579,1.0,0.007201565796158216,0.0009729523927182182,0.013502836801849598,0.019731450205289595,15609.0,15609.0,1101667611.0
development,0.029280446954935396,B1,B1-rank12-q1-r0-K0,70580,1.0,0.007201629911613522,0.0009729624794152514,0.013502772686394292,0.019731440118592562,20168.0,20168.0,1423457440.0
development,0.029280446954935396,B2,B2-rank3-q1-r4-K2,78503,1.1140371013171204,0.007186839917625337,0.0009698292933906227,0.013517562680382476,0.01973457330461719,6359.71875,6359.71875,499257001.03125
development,0.029280446954935396,B3,B3-rank0-q8-r32-K4,105291,2.561873229890575,9.071241363531324e-05,1.4812500512273452e-05,0.0206136901843725,0.02068959009749554,31993.531250000007,31993.531250000007,3368630898.843751
development,0.02957429961940374,B0,B0-rank9-q1-r0-K0,68666,1.0,0.007201565796158216,0.0009729523927182182,0.013710622013564898,0.019939235417004895,15609.0,15609.0,1071807594.0
development,0.02957429961940374,B1,B1-rank12-q1-r0-K0,68667,1.0,0.007201629911613522,0.0009729624794152514,0.013710557898109592,0.019939225330307862,20168.0,20168.0,1384876056.0
development,0.02957429961940374,B2,B2-rank3-q1-r4-K2,76379,1.1140371013171204,0.007186839917625337,0.0009698292933906227,0.013725347892097776,0.01994235851633249,6359.71875,6359.71875,485748958.40625
development,0.02957429961940374,B3,B3-rank0-q8-r32-K4,103204,2.561873229890575,9.071241363531324e-05,1.4812500512273452e-05,0.0208214753960878,0.02089737530921084,31993.531250000007,31993.531250000007,3301860399.125001
development,0.029871101329989713,B0,B0-rank9-q1-r0-K0,66815,1.0,0.007201565796158216,0.0009729523927182182,0.013920492515788009,0.020149105919228007,15609.0,15609.0,1042915335.0
development,0.029871101329989713,B1,B1-rank12-q1-r0-K0,66816,1.0,0.007201629911613522,0.0009729624794152514,0.013920428400332703,0.020149095832530974,20168.0,20168.0,1347545088.0
development,0.029871101329989713,B2,B2-rank3-q1-r4-K2,74320,1.1140371013171204,0.007186839917625337,0.0009698292933906227,0.013935218394320888,0.020152229018555602,6359.71875,6359.71875,472654297.5
development,0.029871101329989713,B3,B3-rank0-q8-r32-K4,101158,2.561873229890575,9.071241363531324e-05,1.4812500512273452e-05,0.02103134589831091,0.02110724581143395,31993.531250000007,31993.531250000007,3236401634.187501
development,0.030170881682725813,B0,B0-rank9-q1-r0-K0,65021,1.0,0.007201565796158216,0.0009729523927182182,0.0141324692360742,0.020361082639514198,15609.0,15609.0,1014912789.0
development,0.030170881682725813,B1,B1-rank12-q1-r0-K0,65021,1.0,0.007201629911613522,0.0009729624794152514,0.014132405120618894,0.020361072552817164,20168.0,20168.0,1311343528.0
development,0.030170881682725813,B2,B2-rank3-q1-r4-K2,72327,1.1140371013171204,0.007186839917625337,0.0009698292933906227,0.014147195114607079,0.020364205738841793,6359.71875,6359.71875,459979378.03125
development,0.030170881682725813,B3,B3-rank0-q8-r32-K4,99153,2.561873229890575,9.071241363531324e-05,1.4812500512273452e-05,0.021243322618597103,0.021319222531720142,31993.531250000007,31993.531250000007,3172254604.031251
development,0.03047367057066435,B0,B0-rank9-q1-r0-K0,63284,1.0,0.007201565796158216,0.0009729523927182182,0.014346573312003473,0.02057518671544347,15609.0,15609.0,987799956.0
development,0.03047367057066435,B1,B1-rank12-q1-r0-K0,63284,1.0,0.007201629911613522,0.0009729624794152514,0.014346509196548167,0.020575176628746437,20168.0,20168.0,1276311712.0
development,0.03047367057066435,B2,B2-rank3-q1-r4-K2,70396,1.1140371013171204,0.007186839917625337,0.0009698292933906227,0.014361299190536352,0.020578309814771066,6359.71875,6359.71875,447698761.125
development,0.03047367057066435,B3,B3-rank0-q8-r32-K4,97187,2.561873229890575,9.071241363531324e-05,1.4812500512273452e-05,0.021457426694526376,0.021533326607649415,31993.531250000007,31993.531250000007,3109355321.5937505
development,0.03077949818685826,B0,B0-rank9-q1-r0-K0,61600,1.0,0.007201565796158216,0.0009729523927182182,0.014562826093288302,0.0207914394967283,15609.0,15609.0,961514400.0
development,0.03077949818685826,B1,B1-rank12-q1-r0-K0,61600,1.0,0.007201629911613522,0.0009729624794152514,0.014562761977832996,0.020791429410031266,20168.0,20168.0,1242348800.0
development,0.03077949818685826,B2,B2-rank3-q1-r4-K2,68525,1.1140371013171204,0.007186839917625337,0.0009698292933906227,0.01457755197182118,0.020794562596055895,6359.71875,6359.71875,435799727.34375
development,0.03077949818685826,B3,B3-rank0-q8-r32-K4,95261,2.561873229890575,9.071241363531324e-05,1.4812500512273452e-05,0.021673679475811204,0.021749579388934244,31993.531250000007,31993.531250000007,3047735780.4062505
development,0.031088395027371894,B0,B0-rank9-q1-r0-K0,59968,1.0,0.007201565796158216,0.0009729523927182182,0.014781249143902594,0.021009862547342592,15609.0,15609.0,936040512.0
development,0.031088395027371894,B1,B1-rank12-q1-r0-K0,59969,1.0,0.007201629911613522,0.0009729624794152514,0.014781185028447288,0.02100985246064556,20168.0,20168.0,1209454792.0
development,0.031088395027371894,B2,B2-rank3-q1-r4-K2,66712,1.1140371013171204,0.007186839917625337,0.0009698292933906227,0.014795975022435473,0.021012985646670188,6359.71875,6359.71875,424269557.25
development,0.031088395027371894,B3,B3-rank0-q8-r32-K4,93373,2.561873229890575,9.071241363531324e-05,1.4812500512273452e-05,0.021892102526425497,0.021968002439548537,31993.531250000007,31993.531250000007,2987331993.4062505
development,0.03140039189432196,B0,B0-rank9-q1-r0-K0,58386,1.0,0.007201565796158216,0.0009729523927182182,0.015001864244231944,0.02123047764767194,15609.0,15609.0,911347074.0
development,0.03140039189432196,B1,B1-rank12-q1-r0-K0,58388,1.0,0.007201629911613522,0.0009729624794152514,0.015001800128776638,0.02123046756097491,20168.0,20168.0,1177569184.0
development,0.03140039189432196,B2,B2-rank3-q1-r4-K2,64953,1.1140371013171204,0.007186839917625337,0.0009698292933906227,0.015016590122764822,0.021233600746999537,6359.71875,6359.71875,413082811.96875
development,0.03140039189432196,B3,B3-rank0-q8-r32-K4,91522,2.561873229890575,9.071241363531324e-05,1.4812500512273452e-05,0.022112717626754846,0.022188617539877886,31993.531250000007,31993.531250000007,2928111967.0625005
development,0.031715519898949,B0,B0-rank9-q1-r0-K0,56854,1.0,0.007201565796158216,0.0009729523927182182,0.01522469339324551,0.021453306796685508,15609.0,15609.0,887434086.0
development,0.031715519898949,B1,B1-rank12-q1-r0-K0,56854,1.0,0.007201629911613522,0.0009729624794152514,0.015224629277790204,0.021453296709988474,20168.0,20168.0,1146631472.0
development,0.031715519898949,B2,B2-rank3-q1-r4-K2,63249,1.1140371013171204,0.007186839917625337,0.0009698292933906227,0.015239419271778389,0.021456429896013103,6359.71875,6359.71875,402245851.21875
development,0.031715519898949,B3,B3-rank0-q8-r32-K4,89708,2.561873229890575,9.071241363531324e-05,1.4812500512273452e-05,0.022335546775768413,0.022411446688891452,31993.531250000007,31993.531250000007,2870075701.3750005
development,0.03203381046471968,B0,B0-rank9-q1-r0-K0,55366,1.0,0.007201565796158216,0.0009729523927182182,0.015449758810689659,0.021678372214129656,15609.0,15609.0,864207894.0
development,0.03203381046471968,B1,B1-rank12-q1-r0-K0,55366,1.0,0.007201629911613522,0.0009729624794152514,0.015449694695234353,0.021678362127432623,20168.0,20168.0,1116621488.0
development,0.03203381046471968,B2,B2-rank3-q1-r4-K2,61596,1.1140371013171204,0.007186839917625337,0.0009698292933906227,0.015464484689222537,0.021681495313457252,6359.71875,6359.71875,391733236.125
development,0.03203381046471968,B3,B3-rank0-q8-r32-K4,87931,2.561873229890575,9.071241363531324e-05,1.4812500512273452e-05,0.02256061219321256,0.0226365121063356,31993.531250000007,31993.531250000007,2813223196.3437505
development,0.03235529533046026,B0,B0-rank9-q1-r0-K0,53924,1.0,0.007201565796158216,0.0009729523927182182,0.01567708293930367,0.02190569634274367,15609.0,15609.0,841699716.0
development,0.03235529533046026,B1,B1-rank12-q1-r0-K0,53924,1.0,0.007201629911613522,0.0009729624794152514,0.015677018823848365,0.021905686256046636,20168.0,20168.0,1087539232.0
development,0.03235529533046026,B2,B2-rank3-q1-r4-K2,59993,1.1140371013171204,0.007186839917625337,0.0009698292933906227,0.01569180881783655,0.021908819442071265,6359.71875,6359.71875,381538606.96875
development,0.03235529533046026,B3,B3-rank0-q8-r32-K4,86188,2.561873229890575,9.071241363531324e-05,1.4812500512273452e-05,0.022787936321826574,0.022863836234949614,31993.531250000007,31993.531250000007,2757458471.3750005
development,0.032680006553521476,B0,B0-rank9-q1-r0-K0,52525,1.0,0.007201565796158216,0.0009729523927182182,0.015906688447057633,0.02213530185049763,15609.0,15609.0,819862725.0
development,0.032680006553521476,B1,B1-rank12-q1-r0-K0,52525,1.0,0.007201629911613522,0.0009729624794152514,0.015906624331602327,0.022135291763800597,20168.0,20168.0,1059324200.0
development,0.032680006553521476,B2,B2-rank3-q1-r4-K2,58439,1.1140371013171204,0.007186839917625337,0.0009698292933906227,0.01592141432559051,0.022138424949825226,6359.71875,6359.71875,371655604.03125
development,0.032680006553521476,B3,B3-rank0-q8-r32-K4,84480,2.561873229890575,9.071241363531324e-05,1.4812500512273452e-05,0.023017541829580535,0.023093441742703575,31993.531250000007,31993.531250000007,2702813520.0000005
development,0.03300797651297513,B0,B0-rank9-q1-r0-K0,51168,1.0,0.007201565796158216,0.0009729523927182182,0.016138598229412788,0.022367211632852785,15609.0,15609.0,798681312.0
development,0.03300797651297513,B1,B1-rank12-q1-r0-K0,51168,1.0,0.007201629911613522,0.0009729624794152514,0.016138534113957482,0.022367201546155752,20168.0,20168.0,1031956224.0
development,0.03300797651297513,B2,B2-rank3-q1-r4-K2,56930,1.1140371013171204,0.007186839917625337,0.0009698292933906227,0.016153324107945666,0.02237033473218038,6359.71875,6359.71875,362058788.4375
development,0.03300797651297513,B3,B3-rank0-q8-r32-K4,82806,2.561873229890575,9.071241363531324e-05,1.4812500512273452e-05,0.02324945161193569,0.02332535152505873,31993.531250000007,31993.531250000007,2649256348.6875005
development,0.0333392379128429,B0,B0-rank9-q1-r0-K0,49851,1.0,0.007201565796158216,0.0009729523927182182,0.016372835411604635,0.022601448815044632,15609.0,15609.0,778124259.0
development,0.0333392379128429,B1,B1-rank12-q1-r0-K0,49851,1.0,0.007201629911613522,0.0009729624794152514,0.01637277129614933,0.0226014387283476,20168.0,20168.0,1005394968.0
development,0.0333392379128429,B2,B2-rank3-q1-r4-K2,55464,1.1140371013171204,0.007186839917625337,0.0009698292933906227,0.016387561290137513,0.022604571914372228,6359.71875,6359.71875,352735440.75
development,0.0333392379128429,B3,B3-rank0-q8-r32-K4,81164,2.561873229890575,9.071241363531324e-05,1.4812500512273452e-05,0.023483688794127537,0.023559588707250577,31993.531250000007,31993.531250000007,2596722970.3750005
development,0.03367382378535745,B0,B0-rank9-q1-r0-K0,48573,1.0,0.007201565796158216,0.0009729523927182182,0.016609423350948893,0.02283803675438889,15609.0,15609.0,758175957.0
development,0.03367382378535745,B1,B1-rank12-q1-r0-K0,48573,1.0,0.007201629911613522,0.0009729624794152514,0.016609359235493587,0.022838026667691858,20168.0,20168.0,979620264.0
development,0.03367382378535745,B2,B2-rank3-q1-r4-K2,54044,1.1140371013171204,0.007186839917625337,0.0009698292933906227,0.01662414922948177,0.022841159853716486,6359.71875,6359.71875,343704640.125
development,0.03367382378535745,B3,B3-rank0-q8-r32-K4,79556,2.561873229890575,9.071241363531324e-05,1.4812500512273452e-05,0.023720276733471796,0.023796176646594835,31993.531250000007,31993.531250000007,2545277372.1250005
development,0.03401176749425622,B0,B0-rank9-q1-r0-K0,47331,1.0,0.007201565796158216,0.0009729523927182182,0.016848385639170543,0.02307699904261054,15609.0,15609.0,738789579.0
development,0.03401176749425622,B1,B1-rank12-q1-r0-K0,47331,1.0,0.007201629911613522,0.0009729624794152514,0.016848321523715237,0.023076988955913508,20168.0,20168.0,954571608.0
development,0.03401176749425622,B2,B2-rank3-q1-r4-K2,52664,1.1140371013171204,0.007186839917625337,0.0009698292933906227,0.016863111517703422,0.023080122141938136,6359.71875,6359.71875,334928228.25
development,0.03401176749425622,B3,B3-rank0-q8-r32-K4,77979,2.561873229890575,9.071241363531324e-05,1.4812500512273452e-05,0.023959239021693446,0.024035138934816486,31993.531250000007,31993.531250000007,2494823573.3437505
development,0.03435310273810844,B0,B0-rank9-q1-r0-K0,46126,1.0,0.007201565796158216,0.0009729523927182182,0.017089746104756415,0.023318359508196412,15609.0,15609.0,719980734.0
development,0.03435310273810844,B1,B1-rank12-q1-r0-K0,46126,1.0,0.007201629911613522,0.0009729624794152514,0.01708968198930111,0.02331834942149938,20168.0,20168.0,930269168.0
development,0.03435310273810844,B2,B2-rank3-q1-r4-K2,51325,1.1140371013171204,0.007186839917625337,0.0009698292933906227,0.017104471983289293,0.023321482607524008,6359.71875,6359.71875,326412564.84375
development,0.03435310273810844,B3,B3-rank0-q8-r32-K4,76434,2.561873229890575,9.071241363531324e-05,1.4812500512273452e-05,0.024200599487279317,0.024276499400402357,31993.531250000007,31993.531250000007,2445393567.5625005
development,0.034697863553675365,B0,B0-rank9-q1-r0-K0,44957,1.0,0.007201565796158216,0.0009729523927182182,0.017333528815331192,0.02356214221877119,15609.0,15609.0,701733813.0
development,0.034697863553675365,B1,B1-rank12-q1-r0-K0,44957,1.0,0.007201629911613522,0.0009729624794152514,0.017333464699875886,0.023562132132074157,20168.0,20168.0,906692776.0
development,0.034697863553675365,B2,B2-rank3-q1-r4-K2,50023,1.1140371013171204,0.007186839917625337,0.0009698292933906227,0.01734825469386407,0.023565265318098785,6359.71875,6359.71875,318132211.03125
development,0.034697863553675365,B3,B3-rank0-q8-r32-K4,74920,2.561873229890575,9.071241363531324e-05,1.4812500512273452e-05,0.024444382197854095,0.024520282110977135,31993.531250000007,31993.531250000007,2396955361.2500005
development,0.03504608431930436,B0,B0-rank9-q1-r0-K0,43821,1.0,0.007201565796158216,0.0009729523927182182,0.017579758080057423,0.02380837148349742,15609.0,15609.0,684001989.0
development,0.03504608431930436,B1,B1-rank12-q1-r0-K0,43821,1.0,0.007201629911613522,0.0009729624794152514,0.017579693964602117,0.023808361396800388,20168.0,20168.0,883781928.0
development,0.03504608431930436,B2,B2-rank3-q1-r4-K2,48760,1.1140371013171204,0.007186839917625337,0.0009698292933906227,0.017594483958590302,0.023811494582825016,6359.71875,6359.71875,310099886.25
development,0.03504608431930436,B3,B3-rank0-q8-r32-K4,73435,2.561873229890575,9.071241363531324e-05,1.4812500512273452e-05,0.024690611462580326,0.024766511375703366,31993.531250000007,31993.531250000007,2349444967.3437505
development,0.03539779975835689,B0,B0-rank9-q1-r0-K0,42717,1.0,0.007201565796158216,0.0009729523927182182,0.017828458452059475,0.024057071855499473,15609.0,15609.0,666769653.0
development,0.03539779975835689,B1,B1-rank12-q1-r0-K0,42717,1.0,0.007201629911613522,0.0009729624794152514,0.01782839433660417,0.02405706176880244,20168.0,20168.0,861516456.0
development,0.03539779975835689,B2,B2-rank3-q1-r4-K2,47533,1.1140371013171204,0.007186839917625337,0.0009698292933906227,0.017843184330592354,0.024060194954827068,6359.71875,6359.71875,302296511.34375
development,0.03539779975835689,B3,B3-rank0-q8-r32-K4,71980,2.561873229890575,9.071241363531324e-05,1.4812500512273452e-05,0.024939311834582378,0.025015211747705417,31993.531250000007,31993.531250000007,2302894379.3750005
development,0.03575304494267115,B0,B0-rank9-q1-r0-K0,41644,1.0,0.007201565796158216,0.0009729523927182182,0.01807965473087195,0.024308268134311948,15609.0,15609.0,650021196.0
development,0.03575304494267115,B1,B1-rank12-q1-r0-K0,41644,1.0,0.007201629911613522,0.0009729624794152514,0.018079590615416644,0.024308258047614915,20168.0,20168.0,839876192.0
development,0.03575304494267115,B2,B2-rank3-q1-r4-K2,46341,1.1140371013171204,0.007186839917625337,0.0009698292933906227,0.01809438060940483,0.024311391233639543,6359.71875,6359.71875,294715726.59375
development,0.03575304494267115,B3,B3-rank0-q8-r32-K4,70554,2.561873229890575,9.071241363531324e-05,1.4812500512273452e-05,0.025190508113394853,0.025266408026517893,31993.531250000007,31993.531250000007,2257271603.8125005
development,0.036111855296059196,B0,B0-rank9-q1-r0-K0,40603,1.0,0.007201565796158216,0.0009729523927182182,0.01833337196491258,0.02456198536835258,15609.0,15609.0,633772227.0
development,0.036111855296059196,B1,B1-rank12-q1-r0-K0,40603,1.0,0.007201629911613522,0.0009729624794152514,0.018333307849457275,0.024561975281655546,20168.0,20168.0,818881304.0
development,0.036111855296059196,B2,B2-rank3-q1-r4-K2,45182,1.1140371013171204,0.007186839917625337,0.0009698292933906227,0.01834809784344546,0.024565108467680175,6359.71875,6359.71875,287344812.5625
development,0.036111855296059196,B3,B3-rank0-q8-r32-K4,69156,2.561873229890575,9.071241363531324e-05,1.4812500512273452e-05,0.025444225347435484,0.025520125260558524,31993.531250000007,31993.531250000007,2212544647.1250005
development,0.036474266597839325,B0,B0-rank9-q1-r0-K0,39590,1.0,0.007201565796158216,0.0009729523927182182,0.018589635453979955,0.024818248857419952,15609.0,15609.0,617960310.0
development,0.036474266597839325,B1,B1-rank12-q1-r0-K0,39590,1.0,0.007201629911613522,0.0009729624794152514,0.01858957133852465,0.02481823877072292,20168.0,20168.0,798451120.0
development,0.036474266597839325,B2,B2-rank3-q1-r4-K2,44057,1.1140371013171204,0.007186839917625337,0.0009698292933906227,0.018604361332512833,0.024821371956747548,6359.71875,6359.71875,280190128.96875
development,0.036474266597839325,B3,B3-rank0-q8-r32-K4,67786,2.561873229890575,9.071241363531324e-05,1.4812500512273452e-05,0.025700488836502857,0.025776388749625897,31993.531250000007,31993.531250000007,2168713509.3125005
development,0.03684031498640387,B0,B0-rank9-q1-r0-K0,38607,1.0,0.007201565796158216,0.0009729523927182182,0.01884847075177635,0.025077084155216346,15609.0,15609.0,602616663.0
development,0.03684031498640387,B1,B1-rank12-q1-r0-K0,38607,1.0,0.007201629911613522,0.0009729624794152514,0.018848406636321043,0.025077074068519313,20168.0,20168.0,778625976.0
development,0.03684031498640387,B2,B2-rank3-q1-r4-K2,42962,1.1140371013171204,0.007186839917625337,0.0009698292933906227,0.018863196630309227,0.02508020725454394,6359.71875,6359.71875,273226236.9375
development,0.03684031498640387,B3,B3-rank0-q8-r32-K4,66442,2.561873229890575,9.071241363531324e-05,1.4812500512273452e-05,0.02595932413429925,0.02603522404742229,31993.531250000007,31993.531250000007,2125714203.3125005
development,0.037210036962822775,B0,PM1-B0-rank5-q1-r0-K0,66175,1.0,0.013173763348743123,0.0024542199243681173,0.013137706115870944,0.02385724954024595,8866.0,8866.0,586707550.0
development,0.037210036962822775,B1,B1-rank12-q1-r0-K0,37650,1.0,0.007201629911613522,0.0009729624794152514,0.019109839553000545,0.025338506985198815,20168.0,20168.0,759325200.0
development,0.037210036962822775,B2,B2-rank3-q1-r4-K2,41899,1.1140371013171204,0.007186839917625337,0.0009698292933906227,0.01912462954698873,0.025341640171223444,6359.71875,6359.71875,266465855.90625
development,0.037210036962822775,B3,B3-rank0-q8-r32-K4,65126,2.561873229890575,9.071241363531324e-05,1.4812500512273452e-05,0.026220757050978753,0.026296656964101793,31993.531250000007,31993.531250000007,2083610716.1875005
development,0.03758346939448338,B0,PM1-B0-rank5-q1-r0-K0,63859,1.0,0.013173763348743123,0.0024542199243681173,0.01340176272061314,0.024121306144988145,8866.0,8866.0,566173894.0
development,0.03758346939448338,B1,B1-rank12-q1-r0-K0,36721,1.0,0.007201629911613522,0.0009729624794152514,0.01937389615774274,0.02560256358994101,20168.0,20168.0,740589128.0
development,0.03758346939448338,B2,B2-rank3-q1-r4-K2,40865,1.1140371013171204,0.007186839917625337,0.0009698292933906227,0.019388686151730925,0.02560569677596564,6359.71875,6359.71875,259889906.71875
development,0.03758346939448338,B3,B3-rank0-q8-r32-K4,63836,2.561873229890575,9.071241363531324e-05,1.4812500512273452e-05,0.02648481365572095,0.02656071356884399,31993.531250000007,31993.531250000007,2042339060.8750005
development,0.03796064951876668,B0,PM1-B0-rank5-q1-r0-K0,61646,1.0,0.013173763348743123,0.0024542199243681173,0.01366846934422265,0.024388012768597655,8866.0,8866.0,546553436.0
development,0.03796064951876668,B1,B1-rank12-q1-r0-K0,35816,1.0,0.007201629911613522,0.0009729624794152514,0.01964060278135225,0.02586927021355052,20168.0,20168.0,722337088.0
development,0.03796064951876668,B2,B2-rank3-q1-r4-K2,39859,1.1140371013171204,0.007186839917625337,0.0009698292933906227,0.019655392775340435,0.02587240339957515,6359.71875,6359.71875,253492029.65625
development,0.03796064951876668,B3,B3-rank0-q8-r32-K4,62571,2.561873229890575,9.071241363531324e-05,1.4812500512273452e-05,0.02675152027933046,0.0268274201924535,31993.531250000007,31993.531250000007,2001867243.8437505
development,0.03834161494676055,B0,PM1-B0-rank5-q1-r0-K0,59530,1.0,0.013173763348743123,0.0024542199243681173,0.013937852581754746,0.02465739600612975,8866.0,8866.0,527792980.0
development,0.03834161494676055,B1,B1-rank12-q1-r0-K0,34937,1.0,0.007201629911613522,0.0009729624794152514,0.019909986018884347,0.026138653451082617,20168.0,20168.0,704609416.0
development,0.03834161494676055,B2,B2-rank3-q1-r4-K2,38881,1.1140371013171204,0.007186839917625337,0.0009698292933906227,0.01992477601287253,0.026141786637107246,6359.71875,6359.71875,247272224.71875
development,0.03834161494676055,B3,B3-rank0-q8-r32-K4,61332,2.561873229890575,9.071241363531324e-05,1.4812500512273452e-05,0.027020903516862555,0.027096803429985595,31993.531250000007,31993.531250000007,1962227258.6250005
development,0.0387264036670101,B0,PM1-B0-rank5-q1-r0-K0,57506,1.0,0.013173763348743123,0.0024542199243681173,0.014209939295167298,0.024929482719542304,8866.0,8866.0,509848196.0
development,0.0387264036670101,B1,B1-rank12-q1-r0-K0,34082,1.0,0.007201629911613522,0.0009729624794152514,0.0201820727322969,0.02641074016449517,20168.0,20168.0,687365776.0
development,0.0387264036670101,B2,B2-rank3-q1-r4-K2,37930,1.1140371013171204,0.007186839917625337,0.0009698292933906227,0.020196862726285084,0.026413873350519798,6359.71875,6359.71875,241224132.1875
development,0.0387264036670101,B3,B3-rank0-q8-r32-K4,60117,2.561873229890575,9.071241363531324e-05,1.4812500512273452e-05,0.027292990230275108,0.027368890143398147,31993.531250000007,31993.531250000007,1923355118.1562505
development,0.039115054049305896,B0,PM1-B0-rank5-q1-r0-K0,55569,1.0,0.013173763348743123,0.0024542199243681173,0.014484756615999399,0.025204300040374404,8866.0,8866.0,492674754.0
development,0.039115054049305896,B1,B1-rank12-q1-r0-K0,33251,1.0,0.007201629911613522,0.0009729624794152514,0.020456890053129,0.02668555748532727,20168.0,20168.0,670606168.0
development,0.039115054049305896,B2,B2-rank3-q1-r4-K2,37005,1.1140371013171204,0.007186839917625337,0.0009698292933906227,0.020471680047117184,0.0266886906713519,6359.71875,6359.71875,235341392.34375
development,0.039115054049305896,B3,B3-rank0-q8-r32-K4,58926,2.561873229890575,9.071241363531324e-05,1.4812500512273452e-05,0.027567807551107208,0.027643707464230248,31993.531250000007,31993.531250000007,1885250822.4375005
development,0.03950760484850994,B0,PM1-B0-rank5-q1-r0-K0,53714,1.0,0.013173763348743123,0.0024542199243681173,0.014762331948076777,0.025481875372451782,8866.0,8866.0,476228324.0
development,0.03950760484850994,B1,B1-rank12-q1-r0-K0,32441,1.0,0.007201629911613522,0.0009729624794152514,0.020734465385206378,0.026963132817404648,20168.0,20168.0,654270088.0
development,0.03950760484850994,B2,B2-rank3-q1-r4-K2,36105,1.1140371013171204,0.007186839917625337,0.0009698292933906227,0.020749255379194562,0.026966266003429277,6359.71875,6359.71875,229617645.46875
development,0.03950760484850994,B3,B3-rank0-q8-r32-K4,57758,2.561873229890575,9.071241363531324e-05,1.4812500512273452e-05,0.027845382883184586,0.027921282796307626,31993.531250000007,31993.531250000007,1847882377.9375005
development,0.039904095208420254,B0,PM1-B0-rank5-q1-r0-K0,51936,1.0,0.013173763348743123,0.0024542199243681173,0.015042692970244454,0.02576223639461946,8866.0,8866.0,460464576.0
development,0.039904095208420254,B1,B1-rank12-q1-r0-K0,31655,1.0,0.007201629911613522,0.0009729624794152514,0.021014826407374055,0.027243493839572325,20168.0,20168.0,638418040.0
development,0.039904095208420254,B2,B2-rank3-q1-r4-K2,35230,1.1140371013171204,0.007186839917625337,0.0009698292933906227,0.02102961640136224,0.027246627025596954,6359.71875,6359.71875,224052891.5625
development,0.039904095208420254,B3,B3-rank0-q8-r32-K4,56614,2.561873229890575,9.071241363531324e-05,1.4812500512273452e-05,0.028125743905352264,0.028201643818475303,31993.531250000007,31993.531250000007,1811281778.1875005
development,0.040304564665674086,B0,PM1-B0-rank5-q1-r0-K0,50233,1.0,0.013173763348743123,0.0024542199243681173,0.015325867639126738,0.026045411063501743,8866.0,8866.0,445365778.0
development,0.040304564665674086,B1,B1-rank12-q1-r0-K0,30888,1.0,0.007201629911613522,0.0009729624794152514,0.02129800107625634,0.02752666850845461,20168.0,20168.0,622949184.0
development,0.040304564665674086,B2,B2-rank3-q1-r4-K2,34378,1.1140371013171204,0.007186839917625337,0.0009698292933906227,0.021312791070244523,0.027529801694479238,6359.71875,6359.71875,218634411.1875
development,0.040304564665674086,B3,B3-rank0-q8-r32-K4,55492,2.561873229890575,9.071241363531324e-05,1.4812500512273452e-05,0.028408918574234547,0.028484818487357587,31993.531250000007,31993.531250000007,1775385036.1250005
development,0.04070905315369044,B0,PM1-B0-rank5-q1-r0-K0,48599,1.0,0.013173763348743123,0.0024542199243681173,0.01561188419191499,0.026331427616289996,8866.0,8866.0,430878734.0
development,0.04070905315369044,B1,B1-rank12-q1-r0-K0,30143,1.0,0.007201629911613522,0.0009729624794152514,0.02158401762904459,0.02781268506124286,20168.0,20168.0,607924024.0
development,0.04070905315369044,B2,B2-rank3-q1-r4-K2,33548,1.1140371013171204,0.007186839917625337,0.0009698292933906227,0.021598807623032776,0.02781581824726749,6359.71875,6359.71875,213355844.625
development,0.04070905315369044,B3,B3-rank0-q8-r32-K4,54393,2.561873229890575,9.071241363531324e-05,1.4812500512273452e-05,0.0286949351270228,0.02877083504014584,31993.531250000007,31993.531250000007,1740224145.2812505
development,0.04111760100665206,B0,PM1-B0-rank5-q1-r0-K0,47032,1.0,0.013173763348743123,0.0024542199243681173,0.015900771149183358,0.026620314573558363,8866.0,8866.0,416985712.0
development,0.04111760100665206,B1,B1-rank12-q1-r0-K0,29417,1.0,0.007201629911613522,0.0009729624794152514,0.02187290458631296,0.02810157201851123,20168.0,20168.0,593282056.0
development,0.04111760100665206,B2,B2-rank3-q1-r4-K2,32742,1.1140371013171204,0.007186839917625337,0.0009698292933906227,0.021887694580301143,0.028104705204535858,6359.71875,6359.71875,208229911.3125
development,0.04111760100665206,B3,B3-rank0-q8-r32-K4,53316,2.561873229890575,9.071241363531324e-05,1.4812500512273452e-05,0.028983822084291167,0.029059721997414207,31993.531250000007,31993.531250000007,1705767112.1250005
development,0.04153024896352739,B0,PM1-B0-rank5-q1-r0-K0,45527,1.0,0.013173763348743123,0.0024542199243681173,0.01619255731773268,0.026912100742107686,8866.0,8866.0,403642382.0
development,0.04153024896352739,B1,B1-rank12-q1-r0-K0,28712,1.0,0.007201629911613522,0.0009729624794152514,0.02216469075486228,0.02839335818706055,20168.0,20168.0,579063616.0
development,0.04153024896352739,B2,B2-rank3-q1-r4-K2,31957,1.1140371013171204,0.007186839917625337,0.0009698292933906227,0.022179480748850466,0.02839649137308518,6359.71875,6359.71875,203237532.09375
development,0.04153024896352739,B3,B3-rank0-q8-r32-K4,52259,2.561873229890575,9.071241363531324e-05,1.4812500512273452e-05,0.02927560825284049,0.02935150816596353,31993.531250000007,31993.531250000007,1671949949.5937505
development,0.041947038172132994,B0,PM1-B0-rank5-q1-r0-K0,44081,1.0,0.013173763348743123,0.0024542199243681173,0.016487271793463078,0.027206815217838083,8866.0,8866.0,390822146.0
development,0.041947038172132994,B1,B1-rank12-q1-r0-K0,28024,1.0,0.007201629911613522,0.0009729624794152514,0.02245940523059268,0.02868807266279095,20168.0,20168.0,565188032.0
development,0.041947038172132994,B2,B2-rank3-q1-r4-K2,31192,1.1140371013171204,0.007186839917625337,0.0009698292933906227,0.022474195224580863,0.028691205848815578,6359.71875,6359.71875,198372347.25
development,0.041947038172132994,B3,B3-rank0-q8-r32-K4,51225,2.561873229890575,9.071241363531324e-05,1.4812500512273452e-05,0.029570322728570887,0.029646222641693927,31993.531250000007,31993.531250000007,1638868638.2812505
development,0.042368010193236626,B0,PM1-B0-rank5-q1-r0-K0,42694,1.0,0.013173763348743123,0.0024542199243681173,0.01678494396427526,0.027504487388650266,8866.0,8866.0,378525004.0
development,0.042368010193236626,B1,B1-rank12-q1-r0-K0,27355,1.0,0.007201629911613522,0.0009729624794152514,0.02275707740140486,0.028985744833603132,20168.0,20168.0,551695640.0
development,0.042368010193236626,B2,B2-rank3-q1-r4-K2,30448,1.1140371013171204,0.007186839917625337,0.0009698292933906227,0.022771867395393046,0.02898887801962776,6359.71875,6359.71875,193640716.5
development,0.042368010193236626,B3,B3-rank0-q8-r32-K4,50210,2.561873229890575,9.071241363531324e-05,1.4812500512273452e-05,0.02986799489938307,0.02994389481250611,31993.531250000007,31993.531250000007,1606395204.0625005
development,0.04279320700470147,B0,PM1-B0-rank5-q1-r0-K0,41359,1.0,0.013173763348743123,0.0024542199243681173,0.01708560351300095,0.027805146937375954,8866.0,8866.0,366688894.0
development,0.04279320700470147,B1,B1-rank12-q1-r0-K0,26704,1.0,0.007201629911613522,0.0009729624794152514,0.02305773695013055,0.02928640438232882,20168.0,20168.0,538566272.0
development,0.04279320700470147,B2,B2-rank3-q1-r4-K2,29722,1.1140371013171204,0.007186839917625337,0.0009698292933906227,0.023072526944118734,0.02928953756835345,6359.71875,6359.71875,189023560.6875
development,0.04279320700470147,B3,B3-rank0-q8-r32-K4,49215,2.561873229890575,9.071241363531324e-05,1.4812500512273452e-05,0.030168654448108758,0.030244554361231798,31993.531250000007,31993.531250000007,1574561640.4687505
development,0.04322267100567216,B0,PM1-B0-rank5-q1-r0-K0,40076,1.0,0.013173763348743123,0.0024542199243681173,0.01738928042036283,0.028108823844737837,8866.0,8866.0,355313816.0
development,0.04322267100567216,B1,B1-rank12-q1-r0-K0,26069,1.0,0.007201629911613522,0.0009729624794152514,0.023361413857492432,0.029590081289690703,20168.0,20168.0,525759592.0
development,0.04322267100567216,B2,B2-rank3-q1-r4-K2,29017,1.1140371013171204,0.007186839917625337,0.0009698292933906227,0.023376203851480617,0.02959321447571533,6359.71875,6359.71875,184539958.96875
development,0.04322267100567216,B3,B3-rank0-q8-r32-K4,48240,2.561873229890575,9.071241363531324e-05,1.4812500512273452e-05,0.03047233135547064,0.03054823126859368,31993.531250000007,31993.531250000007,1543367947.5000002
development,0.04365644502080258,B0,PM1-B0-rank5-q1-r0-K0,38842,1.0,0.013173763348743123,0.0024542199243681173,0.017696004967964064,0.02841554839233907,8866.0,8866.0,344373172.0
development,0.04365644502080258,B1,B1-rank12-q1-r0-K0,25452,1.0,0.007201629911613522,0.0009729624794152514,0.023668138405093665,0.029896805837291936,20168.0,20168.0,513315936.0
development,0.04365644502080258,B2,B2-rank3-q1-r4-K2,28330,1.1140371013171204,0.007186839917625337,0.0009698292933906227,0.02368292839908185,0.029899939023316564,6359.71875,6359.71875,180170832.1875
development,0.04365644502080258,B3,B3-rank0-q8-r32-K4,47285,2.561873229890575,9.071241363531324e-05,1.4812500512273452e-05,0.030779055903071874,0.030854955816194914,31993.531250000007,31993.531250000007,1512814125.1562502
development,0.04409457230452617,B0,PM1-B0-rank5-q1-r0-K0,37655,1.0,0.013173763348743123,0.0024542199243681173,0.018005807741307858,0.028725351165682863,8866.0,8866.0,333849230.0
development,0.04409457230452617,B1,B1-rank12-q1-r0-K0,24850,1.0,0.007201629911613522,0.0009729624794152514,0.02397794117843746,0.03020660861063573,20168.0,20168.0,501174800.0
development,0.04409457230452617,B2,B2-rank3-q1-r4-K2,27660,1.1140371013171204,0.007186839917625337,0.0009698292933906227,0.023992731172425643,0.030209741796660357,6359.71875,6359.71875,175909820.625
development,0.04409457230452617,B3,B3-rank0-q8-r32-K4,46349,2.561873229890575,9.071241363531324e-05,1.4812500512273452e-05,0.031088858676415667,0.031164758589538707,31993.531250000007,31993.531250000007,1482868179.9062502
development,0.04453709654536917,B0,PM1-B0-rank5-q1-r0-K0,36511,1.0,0.013173763348743123,0.0024542199243681173,0.018318719632847376,0.02903826305722238,8866.0,8866.0,323706526.0
development,0.04453709654536917,B1,B1-rank12-q1-r0-K0,24264,1.0,0.007201629911613522,0.0009729624794152514,0.024290853069976977,0.030519520502175247,20168.0,20168.0,489356352.0
development,0.04453709654536917,B2,B2-rank3-q1-r4-K2,27007,1.1140371013171204,0.007186839917625337,0.0009698292933906227,0.02430564306396516,0.030522653688199876,6359.71875,6359.71875,171756924.28125
development,0.04453709654536917,B3,B3-rank0-q8-r32-K4,45430,2.561873229890575,9.071241363531324e-05,1.4812500512273452e-05,0.031401770567955185,0.031477670481078225,31993.531250000007,31993.531250000007,1453466124.6875002
development,0.044984061870307096,B0,PM1-B0-rank5-q1-r0-K0,35410,1.0,0.013173763348743123,0.0024542199243681173,0.018634771845066234,0.02935431526944124,8866.0,8866.0,313945060.0
development,0.044984061870307096,B1,B1-rank12-q1-r0-K0,23693,1.0,0.007201629911613522,0.0009729624794152514,0.024606905282195835,0.030835572714394105,20168.0,20168.0,477840424.0
development,0.044984061870307096,B2,B2-rank3-q1-r4-K2,26373,1.1140371013171204,0.007186839917625337,0.0009698292933906227,0.02462169527618402,0.030838705900418734,6359.71875,6359.71875,167724862.59375
development,0.044984061870307096,B3,B3-rank0-q8-r32-K4,44531,2.561873229890575,9.071241363531324e-05,1.4812500512273452e-05,0.03171782278017404,0.03179372269329708,31993.531250000007,31993.531250000007,1424703940.0937502
development,0.04543551284916487,B0,PM1-B0-rank5-q1-r0-K0,34350,1.0,0.013173763348743123,0.0024542199243681173,0.018953995893589863,0.02967353931796487,8866.0,8866.0,304547100.0
development,0.04543551284916487,B1,B1-rank12-q1-r0-K0,23136,1.0,0.007201629911613522,0.0009729624794152514,0.024926129330719464,0.031154796762917734,20168.0,20168.0,466606848.0
development,0.04543551284916487,B2,B2-rank3-q1-r4-K2,25753,1.1140371013171204,0.007186839917625337,0.0009698292933906227,0.02494091932470765,0.031157929948942363,6359.71875,6359.71875,163781836.96875
development,0.04543551284916487,B3,B3-rank0-q8-r32-K4,43649,2.561873229890575,9.071241363531324e-05,1.4812500512273452e-05,0.03203704682869767,0.03211294674182071,31993.531250000007,31993.531250000007,1396485645.5312502
development,0.045891494499061165,B0,PM1-B0-rank5-q1-r0-K0,33327,1.0,0.013173763348743123,0.0024542199243681173,0.01927642361032817,0.029995967034703176,8866.0,8866.0,295477182.0
development,0.045891494499061165,B1,B1-rank12-q1-r0-K0,22594,1.0,0.007201629911613522,0.0009729624794152514,0.02524855704745777,0.03147722447965604,20168.0,20168.0,455675792.0
development,0.045891494499061165,B2,B2-rank3-q1-r4-K2,25151,1.1140371013171204,0.007186839917625337,0.0009698292933906227,0.025263347041445956,0.03148035766568067,6359.71875,6359.71875,159953286.28125
development,0.045891494499061165,B3,B3-rank0-q8-r32-K4,42784,2.561873229890575,9.071241363531324e-05,1.4812500512273452e-05,0.03235947454543598,0.03243537445855902,31993.531250000007,31993.531250000007,1368811241.0000002
development,0.04635205228889744,B0,PM1-B0-rank5-q1-r0-K0,32342,1.0,0.013173763348743123,0.0024542199243681173,0.019602087146649683,0.030321630571024688,8866.0,8866.0,286744172.0
development,0.04635205228889744,B1,B1-rank12-q1-r0-K0,22066,1.0,0.007201629911613522,0.0009729624794152514,0.025574220583779284,0.031802888015977554,20168.0,20168.0,445027088.0
development,0.04635205228889744,B2,B2-rank3-q1-r4-K2,24563,1.1140371013171204,0.007186839917625337,0.0009698292933906227,0.025589010577767468,0.03180602120200218,6359.71875,6359.71875,156213771.65625
development,0.04635205228889744,B3,B3-rank0-q8-r32-K4,41937,2.561873229890575,9.071241363531324e-05,1.4812500512273452e-05,0.03268513808175749,0.03276103799488053,31993.531250000007,31993.531250000007,1341712720.0312502
development,0.04681723214389186,B0,PM1-B0-rank5-q1-r0-K0,31392,1.0,0.013173763348743123,0.0024542199243681173,0.01993101897658761,0.030650562400962617,8866.0,8866.0,278321472.0
development,0.04681723214389186,B1,B1-rank12-q1-r0-K0,21551,1.0,0.007201629911613522,0.0009729624794152514,0.025903152413717212,0.03213181984591548,20168.0,20168.0,434640568.0
development,0.04681723214389186,B2,B2-rank3-q1-r4-K2,23990,1.1140371013171204,0.007186839917625337,0.0009698292933906227,0.025917942407705397,0.03213495303194011,6359.71875,6359.71875,152569652.8125
development,0.04681723214389186,B3,B3-rank0-q8-r32-K4,41106,2.561873229890575,9.071241363531324e-05,1.4812500512273452e-05,0.03301406991169542,0.03308996982481846,31993.531250000007,31993.531250000007,1315126095.5625002
development,0.047287080450158794,B0,PM1-B0-rank5-q1-r0-K0,30475,1.0,0.013173763348743123,0.0024542199243681173,0.02026325190007798,0.030982795324452986,8866.0,8866.0,270191350.0
development,0.047287080450158794,B1,B1-rank12-q1-r0-K0,21049,1.0,0.007201629911613522,0.0009729624794152514,0.02623538533720758,0.03246405276940585,20168.0,20168.0,424516232.0
development,0.047287080450158794,B2,B2-rank3-q1-r4-K2,23433,1.1140371013171204,0.007186839917625337,0.0009698292933906227,0.026250175331195766,0.03246718595543048,6359.71875,6359.71875,149027289.46875
development,0.047287080450158794,B3,B3-rank0-q8-r32-K4,40292,2.561873229890575,9.071241363531324e-05,1.4812500512273452e-05,0.03334630283518579,0.03342220274830883,31993.531250000007,31993.531250000007,1289083361.1250002
development,0.04776164405933436,B0,PM1-B0-rank5-q1-r0-K0,29591,1.0,0.013173763348743123,0.0024542199243681173,0.020598819046230385,0.03131836247060539,8866.0,8866.0,262353806.0
development,0.04776164405933436,B1,B1-rank12-q1-r0-K0,20561,1.0,0.007201629911613522,0.0009729624794152514,0.026570952483359986,0.032799619915558256,20168.0,20168.0,414674248.0
development,0.04776164405933436,B2,B2-rank3-q1-r4-K2,22888,1.1140371013171204,0.007186839917625337,0.0009698292933906227,0.02658574247734817,0.032802753101582885,6359.71875,6359.71875,145561242.75
development,0.04776164405933436,B3,B3-rank0-q8-r32-K4,39495,2.561873229890575,9.071241363531324e-05,1.4812500512273452e-05,0.033681869981338194,0.033757769894461234,31993.531250000007,31993.531250000007,1263584516.7187502
development,0.048240970293248225,B0,PM1-B0-rank5-q1-r0-K0,28737,1.0,0.013173763348743123,0.0024542199243681173,0.020937753876631486,0.03165729730100649,8866.0,8866.0,254782242.0
development,0.048240970293248225,B1,B1-rank12-q1-r0-K0,20084,1.0,0.007201629911613522,0.0009729624794152514,0.026909887313761087,0.03313855474595936,20168.0,20168.0,405054112.0
development,0.048240970293248225,B2,B2-rank3-q1-r4-K2,22359,1.1140371013171204,0.007186839917625337,0.0009698292933906227,0.02692467730774927,0.033141687931983986,6359.71875,6359.71875,142196951.53125
development,0.048240970293248225,B3,B3-rank0-q8-r32-K4,38712,2.561873229890575,9.071241363531324e-05,1.4812500512273452e-05,0.034020804811739296,0.034096704724862335,31993.531250000007,31993.531250000007,1238533581.7500002
development,0.048725106948642405,B0,PM1-B0-rank5-q1-r0-K0,27913,1.0,0.013173763348743123,0.0024542199243681173,0.021280090188681683,0.03199963361305669,8866.0,8866.0,247476658.0
development,0.048725106948642405,B1,B1-rank12-q1-r0-K0,19620,1.0,0.007201629911613522,0.0009729624794152514,0.027252223625811284,0.033480891058009554,20168.0,20168.0,395696160.0
development,0.048725106948642405,B2,B2-rank3-q1-r4-K2,21841,1.1140371013171204,0.007186839917625337,0.0009698292933906227,0.02726701361979947,0.03348402424403418,6359.71875,6359.71875,138902617.21875
development,0.048725106948642405,B3,B3-rank0-q8-r32-K4,37946,2.561873229890575,9.071241363531324e-05,1.4812500512273452e-05,0.03436314112378949,0.03443904103691253,31993.531250000007,31993.531250000007,1214026536.8125002
development,0.04921410230193737,B0,PM1-B0-rank5-q1-r0-K0,27117,1.0,0.013173763348743123,0.0024542199243681173,0.021625862118965264,0.03234540554334027,8866.0,8866.0,240419322.0
development,0.04921410230193737,B1,B1-rank12-q1-r0-K0,19167,1.0,0.007201629911613522,0.0009729624794152514,0.027597995556094865,0.033826662988293135,20168.0,20168.0,386560056.0
development,0.04921410230193737,B2,B2-rank3-q1-r4-K2,21338,1.1140371013171204,0.007186839917625337,0.0009698292933906227,0.02761278555008305,0.033829796174317764,6359.71875,6359.71875,135703678.6875
development,0.04921410230193737,B3,B3-rank0-q8-r32-K4,37194,2.561873229890575,9.071241363531324e-05,1.4812500512273452e-05,0.03470891305407307,0.03478481296719611,31993.531250000007,31993.531250000007,1189967401.3125002
development,0.049708005114046064,B0,PM1-B0-rank5-q1-r0-K0,26348,1.0,0.013173763348743123,0.0024542199243681173,0.021975104146654427,0.03269464757102943,8866.0,8866.0,233601368.0
development,0.049708005114046064,B1,B1-rank12-q1-r0-K0,18725,1.0,0.007201629911613522,0.0009729624794152514,0.027947237583784028,0.0341759050159823,20168.0,20168.0,377645800.0
development,0.049708005114046064,B2,B2-rank3-q1-r4-K2,20846,1.1140371013171204,0.007186839917625337,0.0009698292933906227,0.027962027577772212,0.03417903820200693,6359.71875,6359.71875,132574697.0625
development,0.049708005114046064,B3,B3-rank0-q8-r32-K4,36457,2.561873229890575,9.071241363531324e-05,1.4812500512273452e-05,0.035058155081762236,0.035134054994885276,31993.531250000007,31993.531250000007,1166388168.7812502
development,0.05,B0,PM1-B0-rank5-q1-r0-K0,25910,1.0,0.013173763348743123,0.0024542199243681173,0.022181575710584253,0.03290111913495926,8866.0,8866.0,229718060.0
development,0.05,B1,B1-rank12-q1-r0-K0,18471,1.0,0.007201629911613522,0.0009729624794152514,0.028153709147713854,0.034382376579912124,20168.0,20168.0,372523128.0
development,0.05,B2,B2-rank3-q1-r4-K2,20563,1.1140371013171204,0.007186839917625337,0.0009698292933906227,0.02816849914170204,0.03438550976593675,6359.71875,6359.71875,130774896.65625
development,0.05,B3,B3-rank0-q8-r32-K4,36032,2.561873229890575,9.071241363531324e-05,1.4812500512273452e-05,0.03526462664569206,0.0353405265588151,31993.531250000007,31993.531250000007,1152790918.0000002
development,0.05020686463523607,B0,PM1-B0-rank5-q1-r0-K0,25605,1.0,0.013173763348743123,0.0024542199243681173,0.022327851096947356,0.03304739452132236,8866.0,8866.0,227013930.0
development,0.05020686463523607,B1,B1-rank12-q1-r0-K0,18294,1.0,0.007201629911613522,0.0009729624794152514,0.028299984534076957,0.03452865196627523,20168.0,20168.0,368953392.0
development,0.05020686463523607,B2,B2-rank3-q1-r4-K2,20367,1.1140371013171204,0.007186839917625337,0.0009698292933906227,0.02831477452806514,0.034531785152299856,6359.71875,6359.71875,129528391.78125
development,0.05020686463523607,B3,B3-rank0-q8-r32-K4,35736,2.561873229890575,9.071241363531324e-05,1.4812500512273452e-05,0.035410902032055165,0.035486801945178205,31993.531250000007,31993.531250000007,1143320832.7500002
development,0.05071073061004074,B0,PM1-B0-rank5-q1-r0-K0,24887,1.0,0.013173763348743123,0.0024542199243681173,0.022684138144540913,0.03340368156891592,8866.0,8866.0,220648142.0
development,0.05071073061004074,B1,B1-rank12-q1-r0-K0,17875,1.0,0.007201629911613522,0.0009729624794152514,0.028656271581670514,0.034884939013868785,20168.0,20168.0,360503000.0
development,0.05071073061004074,B2,B2-rank3-q1-r4-K2,19900,1.1140371013171204,0.007186839917625337,0.0009698292933906227,0.0286710615756587,0.03488807219989341,6359.71875,6359.71875,126558403.125
development,0.05071073061004074,B3,B3-rank0-q8-r32-K4,35028,2.561873229890575,9.071241363531324e-05,1.4812500512273452e-05,0.03576718907964872,0.03584308899277176,31993.531250000007,31993.531250000007,1120669412.6250002
development,0.051219653282219585,B0,PM1-B0-rank5-q1-r0-K0,24193,1.0,0.013173763348743123,0.0024542199243681173,0.02304400081713815,0.033763544241513156,8866.0,8866.0,214495138.0
development,0.051219653282219585,B1,B1-rank12-q1-r0-K0,17466,1.0,0.007201629911613522,0.0009729624794152514,0.02901613425426775,0.03524480168646602,20168.0,20168.0,352254288.0
development,0.051219653282219585,B2,B2-rank3-q1-r4-K2,19444,1.1140371013171204,0.007186839917625337,0.0009698292933906227,0.029030924248255936,0.03524793487249065,6359.71875,6359.71875,123658371.375
development,0.051219653282219585,B3,B3-rank0-q8-r32-K4,34334,2.561873229890575,9.071241363531324e-05,1.4812500512273452e-05,0.03612705175224596,0.036202951665369,31993.531250000007,31993.531250000007,1098465901.9375002
development,0.051733683399768325,B0,PM1-B0-rank5-q1-r0-K0,23522,1.0,0.013173763348743123,0.0024542199243681173,0.023407474998990985,0.03412701842336599,8866.0,8866.0,208546052.0
development,0.051733683399768325,B1,B1-rank12-q1-r0-K0,17066,1.0,0.007201629911613522,0.0009729624794152514,0.029379608436120586,0.035608275868318856,20168.0,20168.0,344187088.0
development,0.051733683399768325,B2,B2-rank3-q1-r4-K2,18999,1.1140371013171204,0.007186839917625337,0.0009698292933906227,0.02939439843010877,0.035611409054343485,6359.71875,6359.71875,120828296.53125
development,0.051733683399768325,B3,B3-rank0-q8-r32-K4,33654,2.561873229890575,9.071241363531324e-05,1.4812500512273452e-05,0.036490525934098794,0.036566425847221834,31993.531250000007,31993.531250000007,1076710300.6875002
development,0.05225287221997931,B0,PM1-B0-rank5-q1-r0-K0,22872,1.0,0.013173763348743123,0.0024542199243681173,0.023774596934478413,0.03449414035885342,8866.0,8866.0,202783152.0
development,0.05225287221997931,B1,B1-rank12-q1-r0-K0,16677,1.0,0.007201629911613522,0.0009729624794152514,0.029746730371608014,0.035975397803806285,20168.0,20168.0,336341736.0
development,0.05225287221997931,B2,B2-rank3-q1-r4-K2,18566,1.1140371013171204,0.007186839917625337,0.0009698292933906227,0.0297615203655962,0.03597853098983091,6359.71875,6359.71875,118074538.3125
development,0.05225287221997931,B3,B3-rank0-q8-r32-K4,32988,2.561873229890575,9.071241363531324e-05,1.4812500512273452e-05,0.03685764786958622,0.03693354778270926,31993.531250000007,31993.531250000007,1055402608.8750002
development,0.052777271514552804,B0,PM1-B0-rank5-q1-r0-K0,22243,1.0,0.013173763348743123,0.0024542199243681173,0.02414540323172077,0.034864946656095776,8866.0,8866.0,197206438.0
development,0.052777271514552804,B1,B1-rank12-q1-r0-K0,16297,1.0,0.007201629911613522,0.0009729624794152514,0.03011753666885037,0.03634620410104864,20168.0,20168.0,328677896.0
development,0.052777271514552804,B2,B2-rank3-q1-r4-K2,18144,1.1140371013171204,0.007186839917625337,0.0009698292933906227,0.030132326662838556,0.03634933728707327,6359.71875,6359.71875,115390737.0
development,0.052777271514552804,B3,B3-rank0-q8-r32-K4,32335,2.561873229890575,9.071241363531324e-05,1.4812500512273452e-05,0.03722845416682858,0.03730435407995162,31993.531250000007,31993.531250000007,1034510832.9687502
development,0.05330693357475939,B0,PM1-B0-rank5-q1-r0-K0,21635,1.0,0.013173763348743123,0.0024542199243681173,0.024519930866230083,0.03523947429060509,8866.0,8866.0,191815910.0
development,0.05330693357475939,B1,B1-rank12-q1-r0-K0,15927,1.0,0.007201629911613522,0.0009729624794152514,0.030492064303359684,0.036720731735557954,20168.0,20168.0,321215736.0
development,0.05330693357475939,B2,B2-rank3-q1-r4-K2,17731,1.1140371013171204,0.007186839917625337,0.0009698292933906227,0.03050685429734787,0.03672386492158258,6359.71875,6359.71875,112764173.15625
development,0.05330693357475939,B3,B3-rank0-q8-r32-K4,31694,2.561873229890575,9.071241363531324e-05,1.4812500512273452e-05,0.03760298180133789,0.03767888171446093,31993.531250000007,31993.531250000007,1014002979.4375002
development,0.05384191121665428,B0,PM1-B0-rank5-q1-r0-K0,21047,1.0,0.013173763348743123,0.0024542199243681173,0.02489821718459715,0.035617760608972156,8866.0,8866.0,186602702.0
development,0.05384191121665428,B1,B1-rank12-q1-r0-K0,15565,1.0,0.007201629911613522,0.0009729624794152514,0.03087035062172675,0.03709901805392502,20168.0,20168.0,313914920.0
development,0.05384191121665428,B2,B2-rank3-q1-r4-K2,17329,1.1140371013171204,0.007186839917625337,0.0009698292933906227,0.030885140615714936,0.03710215123994965,6359.71875,6359.71875,110207566.21875
development,0.05384191121665428,B3,B3-rank0-q8-r32-K4,31068,2.561873229890575,9.071241363531324e-05,1.4812500512273452e-05,0.03798126811970496,0.038057168032828,31993.531250000007,31993.531250000007,993975028.8750002
development,0.05438225778634401,B0,PM1-B0-rank5-q1-r0-K0,20477,1.0,0.013173763348743123,0.0024542199243681173,0.025280299908215648,0.03599984333259065,8866.0,8866.0,181549082.0
development,0.05438225778634401,B1,B1-rank12-q1-r0-K0,15212,1.0,0.007201629911613522,0.0009729624794152514,0.03125243334534525,0.03748110077754352,20168.0,20168.0,306795616.0
development,0.05438225778634401,B2,B2-rank3-q1-r4-K2,16936,1.1140371013171204,0.007186839917625337,0.0009698292933906227,0.03126722333933343,0.03748423396356815,6359.71875,6359.71875,107708196.75
development,0.05438225778634401,B3,B3-rank0-q8-r32-K4,30452,2.561873229890575,9.071241363531324e-05,1.4812500512273452e-05,0.03836335084332346,0.0384392507564465,31993.531250000007,31993.531250000007,974267013.6250002
development,0.0549280271653059,B0,PM1-B0-rank5-q1-r0-K0,19924,1.0,0.013173763348743123,0.0024542199243681173,0.02566621713704357,0.036385760561418574,8866.0,8866.0,176646184.0
development,0.0549280271653059,B1,B1-rank12-q1-r0-K0,14868,1.0,0.007201629911613522,0.0009729624794152514,0.03163835057417317,0.03786701800637144,20168.0,20168.0,299857824.0
development,0.0549280271653059,B2,B2-rank3-q1-r4-K2,16553,1.1140371013171204,0.007186839917625337,0.0009698292933906227,0.031653140568161355,0.03787015119239607,6359.71875,6359.71875,105272424.46875
development,0.0549280271653059,B3,B3-rank0-q8-r32-K4,29849,2.561873229890575,9.071241363531324e-05,1.4812500512273452e-05,0.03874926807215138,0.03882516798527442,31993.531250000007,31993.531250000007,954974914.2812502
development,0.055479273775760854,B0,PM1-B0-rank5-q1-r0-K0,19390,1.0,0.013173763348743123,0.0024542199243681173,0.02605600735340237,0.036775550777777374,8866.0,8866.0,171911740.0
development,0.055479273775760854,B1,B1-rank12-q1-r0-K0,14533,1.0,0.007201629911613522,0.0009729624794152514,0.03202814079053197,0.03825680822273024,20168.0,20168.0,293101544.0
development,0.055479273775760854,B2,B2-rank3-q1-r4-K2,16180,1.1140371013171204,0.007186839917625337,0.0009698292933906227,0.032042930784520154,0.03825994140875487,6359.71875,6359.71875,102900249.375
development,0.055479273775760854,B3,B3-rank0-q8-r32-K4,29258,2.561873229890575,9.071241363531324e-05,1.4812500512273452e-05,0.03913905828851018,0.03921495820163322,31993.531250000007,31993.531250000007,936066737.3125002
development,0.05603605258610028,B0,PM1-B0-rank5-q1-r0-K0,18872,1.0,0.013173763348743123,0.0024542199243681173,0.026449709425814358,0.03716925285018936,8866.0,8866.0,167319152.0
development,0.05603605258610028,B1,B1-rank12-q1-r0-K0,14205,1.0,0.007201629911613522,0.0009729624794152514,0.03242184286294396,0.03865051029514223,20168.0,20168.0,286486440.0
development,0.05603605258610028,B2,B2-rank3-q1-r4-K2,15815,1.1140371013171204,0.007186839917625337,0.0009698292933906227,0.03243663285693214,0.03865364348116686,6359.71875,6359.71875,100578952.03125
development,0.05603605258610028,B3,B3-rank0-q8-r32-K4,28679,2.561873229890575,9.071241363531324e-05,1.4812500512273452e-05,0.03953276036092217,0.03960866027404521,31993.531250000007,31993.531250000007,917542482.7187502
development,0.05659841911636728,B0,PM1-B0-rank5-q1-r0-K0,18371,1.0,0.013173763348743123,0.0024542199243681173,0.026847362612878505,0.03756690603725351,8866.0,8866.0,162877286.0
development,0.05659841911636728,B1,B1-rank12-q1-r0-K0,13885,1.0,0.007201629911613522,0.0009729624794152514,0.032819496050008105,0.039048163482206376,20168.0,20168.0,280032680.0
development,0.05659841911636728,B2,B2-rank3-q1-r4-K2,15460,1.1140371013171204,0.007186839917625337,0.0009698292933906227,0.03283428604399629,0.039051296668231004,6359.71875,6359.71875,98321251.875
development,0.05659841911636728,B3,B3-rank0-q8-r32-K4,28111,2.561873229890575,9.071241363531324e-05,1.4812500512273452e-05,0.039930413547986314,0.040006313461109354,31993.531250000007,31993.531250000007,899370156.9687502
development,0.05716642944379286,B0,PM1-B0-rank5-q1-r0-K0,17884,1.0,0.013173763348743123,0.0024542199243681173,0.027249006567185124,0.03796854999156013,8866.0,8866.0,158559544.0
development,0.05716642944379286,B1,B1-rank12-q1-r0-K0,13574,1.0,0.007201629911613522,0.0009729624794152514,0.033221140004314725,0.039449807436512996,20168.0,20168.0,273760432.0
development,0.05716642944379286,B2,B2-rank3-q1-r4-K2,15112,1.1140371013171204,0.007186839917625337,0.0009698292933906227,0.03323592999830291,0.039452940622537624,6359.71875,6359.71875,96108069.75
development,0.05716642944379286,B3,B3-rank0-q8-r32-K4,27554,2.561873229890575,9.071241363531324e-05,1.4812500512273452e-05,0.040332057502292934,0.040407957415415974,31993.531250000007,31993.531250000007,881549760.0625002
development,0.05774014020838788,B0,PM1-B0-rank5-q1-r0-K0,17412,1.0,0.013173763348743123,0.0024542199243681173,0.027654681339269974,0.03837422476364498,8866.0,8866.0,154374792.0
development,0.05774014020838788,B1,B1-rank12-q1-r0-K0,13269,1.0,0.007201629911613522,0.0009729624794152514,0.033626814776399575,0.039855482208597845,20168.0,20168.0,267609192.0
development,0.05774014020838788,B2,B2-rank3-q1-r4-K2,14773,1.1140371013171204,0.007186839917625337,0.0009698292933906227,0.03364160477038776,0.039858615394622474,6359.71875,6359.71875,93952125.09375
development,0.05774014020838788,B3,B3-rank0-q8-r32-K4,27009,2.561873229890575,9.071241363531324e-05,1.4812500512273452e-05,0.04073773227437778,0.04081363218750082,31993.531250000007,31993.531250000007,864113285.5312502
development,0.058319608618590896,B0,PM1-B0-rank5-q1-r0-K0,16955,1.0,0.013173763348743123,0.0024542199243681173,0.028064427381607915,0.03878397080598292,8866.0,8866.0,150323030.0
development,0.058319608618590896,B1,B1-rank12-q1-r0-K0,12972,1.0,0.007201629911613522,0.0009729624794152514,0.034036560818737516,0.040265228250935786,20168.0,20168.0,261619296.0
development,0.058319608618590896,B2,B2-rank3-q1-r4-K2,14443,1.1140371013171204,0.007186839917625337,0.0009698292933906227,0.0340513508127257,0.040268361436960415,6359.71875,6359.71875,91853417.90625
development,0.058319608618590896,B3,B3-rank0-q8-r32-K4,26474,2.561873229890575,9.071241363531324e-05,1.4812500512273452e-05,0.041147478316715724,0.041223378229838764,31993.531250000007,31993.531250000007,846996746.3125002
development,0.058904892456972856,B0,PM1-B0-rank5-q1-r0-K0,16512,1.0,0.013173763348743123,0.0024542199243681173,0.02847828555264669,0.0391978289770217,8866.0,8866.0,146395392.0
development,0.058904892456972856,B1,B1-rank12-q1-r0-K0,12682,1.0,0.007201629911613522,0.0009729624794152514,0.03445041898977629,0.04067908642197456,20168.0,20168.0,255770576.0
development,0.058904892456972856,B2,B2-rank3-q1-r4-K2,14120,1.1140371013171204,0.007186839917625337,0.0009698292933906227,0.03446520898376448,0.04068221960799919,6359.71875,6359.71875,89799228.75
development,0.058904892456972856,B3,B3-rank0-q8-r32-K4,25950,2.561873229890575,9.071241363531324e-05,1.4812500512273452e-05,0.0415613364877545,0.04163723640087754,31993.531250000007,31993.531250000007,830232135.9375002
development,0.0594960500859989,B0,PM1-B0-rank5-q1-r0-K0,16081,1.0,0.013173763348743123,0.0024542199243681173,0.028896297120881168,0.03961584054525617,8866.0,8866.0,142574146.0
development,0.0594960500859989,B1,B1-rank12-q1-r0-K0,12398,1.0,0.007201629911613522,0.0009729624794152514,0.03486843055801077,0.04109709799020904,20168.0,20168.0,250042864.0
development,0.0594960500859989,B2,B2-rank3-q1-r4-K2,13804,1.1140371013171204,0.007186839917625337,0.0009698292933906227,0.03488322055199895,0.04110023117623367,6359.71875,6359.71875,87789557.625
development,0.0594960500859989,B3,B3-rank0-q8-r32-K4,25436,2.561873229890575,9.071241363531324e-05,1.4812500512273452e-05,0.04197934805598898,0.04205524796911202,31993.531250000007,31993.531250000007,813787460.8750002
development,0.06009314045384813,B0,PM1-B0-rank5-q1-r0-K0,15664,1.0,0.013173763348743123,0.0024542199243681173,0.02931850376896853,0.040038047193343536,8866.0,8866.0,138877024.0
development,0.06009314045384813,B1,B1-rank12-q1-r0-K0,12121,1.0,0.007201629911613522,0.0009729624794152514,0.03529063720609813,0.0415193046382964,20168.0,20168.0,244456328.0
development,0.06009314045384813,B2,B2-rank3-q1-r4-K2,13496,1.1140371013171204,0.007186839917625337,0.0009698292933906227,0.035305427200086316,0.04152243782432103,6359.71875,6359.71875,85830764.25
development,0.06009314045384813,B3,B3-rank0-q8-r32-K4,24933,2.561873229890575,9.071241363531324e-05,1.4812500512273452e-05,0.04240155470407634,0.04247745461719938,31993.531250000007,31993.531250000007,797694714.6562502
development,0.06069622310029173,B0,PM1-B0-rank5-q1-r0-K0,15259,1.0,0.013173763348743123,0.0024542199243681173,0.02974494759788473,0.040464491022259734,8866.0,8866.0,135286294.0
development,0.06069622310029173,B1,B1-rank12-q1-r0-K0,11852,1.0,0.007201629911613522,0.0009729624794152514,0.03571708103501433,0.0419457484672126,20168.0,20168.0,239031136.0
development,0.06069622310029173,B2,B2-rank3-q1-r4-K2,13197,1.1140371013171204,0.007186839917625337,0.0009698292933906227,0.035731871029002514,0.04194888165323723,6359.71875,6359.71875,83929208.34375
development,0.06069622310029173,B3,B3-rank0-q8-r32-K4,24439,2.561873229890575,9.071241363531324e-05,1.4812500512273452e-05,0.04282799853299254,0.04290389844611558,31993.531250000007,31993.531250000007,781889910.2187501
development,0.06130535816262994,B0,PM1-B0-rank5-q1-r0-K0,14866,1.0,0.013173763348743123,0.0024542199243681173,0.030175671131122572,0.04089521455549758,8866.0,8866.0,131801956.0
development,0.06130535816262994,B1,B1-rank12-q1-r0-K0,11589,1.0,0.007201629911613522,0.0009729624794152514,0.03614780456825217,0.042376472000450444,20168.0,20168.0,233726952.0
development,0.06130535816262994,B2,B2-rank3-q1-r4-K2,12903,1.1140371013171204,0.007186839917625337,0.0009698292933906227,0.03616259456224036,0.04237960518647507,6359.71875,6359.71875,82059451.03125
development,0.06130535816262994,B3,B3-rank0-q8-r32-K4,23956,2.561873229890575,9.071241363531324e-05,1.4812500512273452e-05,0.04325872206623038,0.04333462197935342,31993.531250000007,31993.531250000007,766437034.6250001
development,0.061920606381688906,B0,PM1-B0-rank5-q1-r0-K0,14485,1.0,0.013173763348743123,0.0024542199243681173,0.030610717318932112,0.04133026074330712,8866.0,8866.0,128424010.0
development,0.061920606381688906,B1,B1-rank12-q1-r0-K0,11331,1.0,0.007201629911613522,0.0009729624794152514,0.03658285075606171,0.042811518188259984,20168.0,20168.0,228523608.0
development,0.061920606381688906,B2,B2-rank3-q1-r4-K2,12617,1.1140371013171204,0.007186839917625337,0.0009698292933906227,0.0365976407500499,0.04281465137428461,6359.71875,6359.71875,80240571.46875
development,0.061920606381688906,B3,B3-rank0-q8-r32-K4,23481,2.561873229890575,9.071241363531324e-05,1.4812500512273452e-05,0.04369376825403992,0.04376966816716296,31993.531250000007,31993.531250000007,751240107.2812501
development,0.06254202910787746,B0,PM1-B0-rank5-q1-r0-K0,14115,1.0,0.013173763348743123,0.0024542199243681173,0.031050129542603465,0.04176967296697847,8866.0,8866.0,125143590.0
development,0.06254202910787746,B1,B1-rank12-q1-r0-K0,11081,1.0,0.007201629911613522,0.0009729624794152514,0.037022262979733066,0.043250930411931336,20168.0,20168.0,223481608.0
development,0.06254202910787746,B2,B2-rank3-q1-r4-K2,12337,1.1140371013171204,0.007186839917625337,0.0009698292933906227,0.03703705297372125,0.043254063597955965,6359.71875,6359.71875,78459850.21875
development,0.06254202910787746,B3,B3-rank0-q8-r32-K4,23016,2.561873229890575,9.071241363531324e-05,1.4812500512273452e-05,0.044133180477711274,0.044209080390834314,31993.531250000007,31993.531250000007,736363115.2500001
development,0.06316968830730468,B0,PM1-B0-rank5-q1-r0-K0,13755,1.0,0.013173763348743123,0.0024542199243681173,0.03149395161879258,0.042213495043167584,8866.0,8866.0,121951830.0
development,0.06316968830730468,B1,B1-rank12-q1-r0-K0,10835,1.0,0.007201629911613522,0.0009729624794152514,0.03746608505592218,0.04369475248812045,20168.0,20168.0,218520280.0
development,0.06316968830730468,B2,B2-rank3-q1-r4-K2,12065,1.1140371013171204,0.007186839917625337,0.0009698292933906227,0.037480875049910364,0.04369788567414508,6359.71875,6359.71875,76730006.71875
development,0.06316968830730468,B3,B3-rank0-q8-r32-K4,22561,2.561873229890575,9.071241363531324e-05,1.4812500512273452e-05,0.04457700255390039,0.04465290246702343,31993.531250000007,31993.531250000007,721806058.5312501
development,0.06380364656795913,B0,PM1-B0-rank5-q1-r0-K0,13406,1.0,0.013173763348743123,0.0024542199243681173,0.03194222780389056,0.04266177122826557,8866.0,8866.0,118857596.0
development,0.06380364656795913,B1,B1-rank12-q1-r0-K0,10595,1.0,0.007201629911613522,0.0009729624794152514,0.03791436124102016,0.04414302867321843,20168.0,20168.0,213679960.0
development,0.06380364656795913,B2,B2-rank3-q1-r4-K2,11797,1.1140371013171204,0.007186839917625337,0.0009698292933906227,0.03792915123500835,0.04414616185924306,6359.71875,6359.71875,75025602.09375
development,0.06380364656795913,B3,B3-rank0-q8-r32-K4,22114,2.561873229890575,9.071241363531324e-05,1.4812500512273452e-05,0.04502527873899837,0.04510117865212141,31993.531250000007,31993.531250000007,707504950.0625001
development,0.06444396710594981,B0,PM1-B0-rank5-q1-r0-K0,13067,1.0,0.013173763348743123,0.0024542199243681173,0.032395002798436795,0.0431145462228118,8866.0,8866.0,115852022.0
development,0.06444396710594981,B1,B1-rank12-q1-r0-K0,10361,1.0,0.007201629911613522,0.0009729624794152514,0.038367136235566396,0.044595803667764666,20168.0,20168.0,208960648.0
development,0.06444396710594981,B2,B2-rank3-q1-r4-K2,11537,1.1140371013171204,0.007186839917625337,0.0009698292933906227,0.03838192622955458,0.044598936853789295,6359.71875,6359.71875,73372075.21875
development,0.06444396710594981,B3,B3-rank0-q8-r32-K4,21676,2.561873229890575,9.071241363531324e-05,1.4812500512273452e-05,0.045478053733544604,0.045553953646667644,31993.531250000007,31993.531250000007,693491783.3750001
development,0.06509071377180974,B0,PM1-B0-rank5-q1-r0-K0,12738,1.0,0.013173763348743123,0.0024542199243681173,0.03285232175157614,0.043571865175951144,8866.0,8866.0,112935108.0
development,0.06509071377180974,B1,B1-rank12-q1-r0-K0,10133,1.0,0.007201629911613522,0.0009729624794152514,0.03882445518870574,0.04505312262090401,20168.0,20168.0,204362344.0
development,0.06509071377180974,B2,B2-rank3-q1-r4-K2,11283,1.1140371013171204,0.007186839917625337,0.0009698292933906227,0.038839245182693924,0.04505625580692864,6359.71875,6359.71875,71756706.65625
development,0.06509071377180974,B3,B3-rank0-q8-r32-K4,21247,2.561873229890575,9.071241363531324e-05,1.4812500512273452e-05,0.04593537268668395,0.04601127259980699,31993.531250000007,31993.531250000007,679766558.4687501
development,0.06574395105686313,B0,PM1-B0-rank5-q1-r0-K0,12417,1.0,0.013173763348743123,0.0024542199243681173,0.03331423026556128,0.04403377368993629,8866.0,8866.0,110089122.0
development,0.06574395105686313,B1,B1-rank12-q1-r0-K0,9910,1.0,0.007201629911613522,0.0009729624794152514,0.03928636370269088,0.04551503113488915,20168.0,20168.0,199864880.0
development,0.06574395105686313,B2,B2-rank3-q1-r4-K2,11035,1.1140371013171204,0.007186839917625337,0.0009698292933906227,0.03930115369667907,0.04551816432091378,6359.71875,6359.71875,70179496.40625
development,0.06574395105686313,B3,B3-rank0-q8-r32-K4,20826,2.561873229890575,9.071241363531324e-05,1.4812500512273452e-05,0.04639728120066909,0.04647318111379213,31993.531250000007,31993.531250000007,666297281.8125001
development,0.06640374409965612,B0,PM1-B0-rank5-q1-r0-K0,12107,1.0,0.013173763348743123,0.0024542199243681173,0.03378077440029991,0.044500317824674916,8866.0,8866.0,107340662.0
development,0.06640374409965612,B1,B1-rank12-q1-r0-K0,9692,1.0,0.007201629911613522,0.0009729624794152514,0.03975290783742951,0.04598157526962778,20168.0,20168.0,195468256.0
development,0.06640374409965612,B2,B2-rank3-q1-r4-K2,10792,1.1140371013171204,0.007186839917625337,0.0009698292933906227,0.039767697831417696,0.04598470845565241,6359.71875,6359.71875,68634084.75
development,0.06640374409965612,B3,B3-rank0-q8-r32-K4,20415,2.561873229890575,9.071241363531324e-05,1.4812500512273452e-05,0.04686382533540772,0.04693972524853076,31993.531250000007,31993.531250000007,653147940.4687501
development,0.06707015869245213,B0,PM1-B0-rank5-q1-r0-K0,11805,1.0,0.013173763348743123,0.0024542199243681173,0.03425200067794764,0.044971544102322646,8866.0,8866.0,104663130.0
development,0.06707015869245213,B1,B1-rank12-q1-r0-K0,9479,1.0,0.007201629911613522,0.0009729624794152514,0.04022413411507724,0.04645280154727551,20168.0,20168.0,191172472.0
development,0.06707015869245213,B2,B2-rank3-q1-r4-K2,10554,1.1140371013171204,0.007186839917625337,0.0009698292933906227,0.040238924109065426,0.04645593473330014,6359.71875,6359.71875,67120471.6875
development,0.06707015869245213,B3,B3-rank0-q8-r32-K4,20010,2.561873229890575,9.071241363531324e-05,1.4812500512273452e-05,0.04733505161305545,0.04741095152617849,31993.531250000007,31993.531250000007,640190560.3125001
development,0.06774326128779243,B0,PM1-B0-rank5-q1-r0-K0,11511,1.0,0.013173763348743123,0.0024542199243681173,0.03472795608754703,0.045447499511922035,8866.0,8866.0,102056526.0
development,0.06774326128779243,B1,B1-rank12-q1-r0-K0,9271,1.0,0.007201629911613522,0.0009729624794152514,0.04070008952467663,0.0469287569568749,20168.0,20168.0,186977528.0
development,0.06774326128779243,B2,B2-rank3-q1-r4-K2,10323,1.1140371013171204,0.007186839917625337,0.0009698292933906227,0.040714879518664815,0.04693189014289953,6359.71875,6359.71875,65651376.65625
development,0.06774326128779243,B3,B3-rank0-q8-r32-K4,19615,2.561873229890575,9.071241363531324e-05,1.4812500512273452e-05,0.04781100702265484,0.04788690693577788,31993.531250000007,31993.531250000007,627553115.4687501
development,0.06842311900512271,B0,PM1-B0-rank5-q1-r0-K0,11225,1.0,0.013173763348743123,0.0024542199243681173,0.03520868808971328,0.045928231514088286,8866.0,8866.0,99520850.0
development,0.06842311900512271,B1,B1-rank12-q1-r0-K0,9068,1.0,0.007201629911613522,0.0009729624794152514,0.04118082152684288,0.04740948895904115,20168.0,20168.0,182883424.0
development,0.06842311900512271,B2,B2-rank3-q1-r4-K2,10098,1.1140371013171204,0.007186839917625337,0.0009698292933906227,0.041195611520831066,0.04741262214506578,6359.71875,6359.71875,64220439.9375
development,0.06842311900512271,B3,B3-rank0-q8-r32-K4,19226,2.561873229890575,9.071241363531324e-05,1.4812500512273452e-05,0.04829173902482109,0.04836763893794413,31993.531250000007,31993.531250000007,615107631.8125001
development,0.06910979963748584,B0,PM1-B0-rank5-q1-r0-K0,10948,1.0,0.013173763348743123,0.0024542199243681173,0.035694244621366715,0.04641378804574172,8866.0,8866.0,97064968.0
development,0.06910979963748584,B1,B1-rank12-q1-r0-K0,8870,1.0,0.007201629911613522,0.0009729624794152514,0.041666378058496316,0.047895045490694586,20168.0,20168.0,178890160.0
development,0.06910979963748584,B2,B2-rank3-q1-r4-K2,9876,1.1140371013171204,0.007186839917625337,0.0009698292933906227,0.0416811680524845,0.047898178676719215,6359.71875,6359.71875,62808582.375
development,0.06910979963748584,B3,B3-rank0-q8-r32-K4,18845,2.561873229890575,9.071241363531324e-05,1.4812500512273452e-05,0.048777295556474524,0.048853195469597564,31993.531250000007,31993.531250000007,602918096.4062501
development,0.06980337165828196,B0,PM1-B0-rank5-q1-r0-K0,10678,1.0,0.013173763348743123,0.0024542199243681173,0.03618467410051291,0.046904217524887916,8866.0,8866.0,94671148.0
development,0.06980337165828196,B1,B1-rank12-q1-r0-K0,8676,1.0,0.007201629911613522,0.0009729624794152514,0.04215680753764251,0.04838547496984078,20168.0,20168.0,174977568.0
development,0.06980337165828196,B2,B2-rank3-q1-r4-K2,9660,1.1140371013171204,0.007186839917625337,0.0009698292933906227,0.042171597531630696,0.04838860815586541,6359.71875,6359.71875,61434883.125
development,0.06980337165828196,B3,B3-rank0-q8-r32-K4,18472,2.561873229890575,9.071241363531324e-05,1.4812500512273452e-05,0.04926772503562072,0.04934362494874376,31993.531250000007,31993.531250000007,590984509.2500001
development,0.07050390422809652,B0,PM1-B0-rank5-q1-r0-K0,10415,1.0,0.013173763348743123,0.0024542199243681173,0.03668002543107082,0.04739956885544583,8866.0,8866.0,92339390.0
development,0.07050390422809652,B1,B1-rank12-q1-r0-K0,8486,1.0,0.007201629911613522,0.0009729624794152514,0.042652158868200424,0.048880826300398694,20168.0,20168.0,171145648.0
development,0.07050390422809652,B2,B2-rank3-q1-r4-K2,9450,1.1140371013171204,0.007186839917625337,0.0009698292933906227,0.04266694886218861,0.04888395948642332,6359.71875,6359.71875,60099342.1875
development,0.07050390422809652,B3,B3-rank0-q8-r32-K4,18107,2.561873229890575,9.071241363531324e-05,1.4812500512273452e-05,0.04976307636617863,0.04983897627930167,31993.531250000007,31993.531250000007,579306870.3437501
development,0.07121146720159666,B0,PM1-B0-rank5-q1-r0-K0,10160,1.0,0.013173763348743123,0.0024542199243681173,0.03718034800774929,0.047899891432124295,8866.0,8866.0,90078560.0
development,0.07121146720159666,B1,B1-rank12-q1-r0-K0,8302,1.0,0.007201629911613522,0.0009729624794152514,0.04315248144487889,0.04938114887707716,20168.0,20168.0,167434736.0
development,0.07121146720159666,B2,B2-rank3-q1-r4-K2,9244,1.1140371013171204,0.007186839917625337,0.0009698292933906227,0.043167271438867075,0.04938428206310179,6359.71875,6359.71875,58789240.125
development,0.07121146720159666,B3,B3-rank0-q8-r32-K4,17749,2.561873229890575,9.071241363531324e-05,1.4812500512273452e-05,0.0502633989428571,0.05033929885598014,31993.531250000007,31993.531250000007,567853186.1562501
development,0.07192613113449682,B0,PM1-B0-rank5-q1-r0-K0,9912,1.0,0.013173763348743123,0.0024542199243681173,0.03768569172097244,0.04840523514534745,8866.0,8866.0,87879792.0
development,0.07192613113449682,B1,B1-rank12-q1-r0-K0,8121,1.0,0.007201629911613522,0.0009729624794152514,0.04365782515810204,0.04988649259030031,20168.0,20168.0,163784328.0
development,0.07192613113449682,B2,B2-rank3-q1-r4-K2,9043,1.1140371013171204,0.007186839917625337,0.0009698292933906227,0.04367261515209023,0.04988962577632494,6359.71875,6359.71875,57510936.65625
development,0.07192613113449682,B3,B3-rank0-q8-r32-K4,17398,2.561873229890575,9.071241363531324e-05,1.4812500512273452e-05,0.05076874265608025,0.05084464256920329,31993.531250000007,31993.531250000007,556623456.6875001
development,0.07264796729059445,B0,PM1-B0-rank5-q1-r0-K0,9671,1.0,0.013173763348743123,0.0024542199243681173,0.0381961069618547,0.048915650386229706,8866.0,8866.0,85743086.0
development,0.07264796729059445,B1,B1-rank12-q1-r0-K0,7944,1.0,0.007201629911613522,0.0009729624794152514,0.0441682403989843,0.05039690783118257,20168.0,20168.0,160214592.0
development,0.07264796729059445,B2,B2-rank3-q1-r4-K2,8846,1.1140371013171204,0.007186839917625337,0.0009698292933906227,0.044183030392972486,0.0504000410172072,6359.71875,6359.71875,56258072.0625
development,0.07264796729059445,B3,B3-rank0-q8-r32-K4,17053,2.561873229890575,9.071241363531324e-05,1.4812500512273452e-05,0.05127915789696251,0.05135505781008555,31993.531250000007,31993.531250000007,545585688.4062501
development,0.07337704764887605,B0,PM1-B0-rank5-q1-r0-K0,9436,1.0,0.013173763348743123,0.0024542199243681173,0.038711644627225546,0.04943118805160055,8866.0,8866.0,83659576.0
development,0.07337704764887605,B1,B1-rank12-q1-r0-K0,7772,1.0,0.007201629911613522,0.0009729624794152514,0.04468377806435515,0.05091244549655342,20168.0,20168.0,156745696.0
development,0.07337704764887605,B2,B2-rank3-q1-r4-K2,8654,1.1140371013171204,0.007186839917625337,0.0009698292933906227,0.04469856805834333,0.050915578682578046,6359.71875,6359.71875,55037006.0625
development,0.07337704764887605,B3,B3-rank0-q8-r32-K4,16715,2.561873229890575,9.071241363531324e-05,1.4812500512273452e-05,0.051794695562333355,0.051870595475456395,31993.531250000007,31993.531250000007,534771874.8437501
development,0.07411344491069477,B0,PM1-B0-rank5-q1-r0-K0,9207,1.0,0.013173763348743123,0.0024542199243681173,0.03923235612470476,0.04995189954907977,8866.0,8866.0,81629262.0
development,0.07411344491069477,B1,B1-rank12-q1-r0-K0,7602,1.0,0.007201629911613522,0.0009729624794152514,0.045204489561834364,0.051433156994032635,20168.0,20168.0,153317136.0
development,0.07411344491069477,B2,B2-rank3-q1-r4-K2,8466,1.1140371013171204,0.007186839917625337,0.0009698292933906227,0.04521927955582255,0.05143629018005726,6359.71875,6359.71875,53841378.9375
development,0.07411344491069477,B3,B3-rank0-q8-r32-K4,16384,2.561873229890575,9.071241363531324e-05,1.4812500512273452e-05,0.05231540705981257,0.05239130697293561,31993.531250000007,31993.531250000007,524182016.0000001
development,0.07485723250701984,B0,PM1-B0-rank5-q1-r0-K0,8985,1.0,0.013173763348743123,0.0024542199243681173,0.039758293377828664,0.05047783680220367,8866.0,8866.0,79661010.0
development,0.07485723250701984,B1,B1-rank12-q1-r0-K0,7438,1.0,0.007201629911613522,0.0009729624794152514,0.045730426814958265,0.051959094247156536,20168.0,20168.0,150009584.0
development,0.07485723250701984,B2,B2-rank3-q1-r4-K2,8283,1.1140371013171204,0.007186839917625337,0.0009698292933906227,0.04574521680894645,0.051962227433181164,6359.71875,6359.71875,52677550.40625
development,0.07485723250701984,B3,B3-rank0-q8-r32-K4,16061,2.561873229890575,9.071241363531324e-05,1.4812500512273452e-05,0.052841344312936474,0.052917244226059514,31993.531250000007,31993.531250000007,513848105.4062501
development,0.07560848460575892,B0,PM1-B0-rank5-q1-r0-K0,8769,1.0,0.013173763348743123,0.0024542199243681173,0.04028950883122769,0.0510090522556027,8866.0,8866.0,77745954.0
development,0.07560848460575892,B1,B1-rank12-q1-r0-K0,7277,1.0,0.007201629911613522,0.0009729624794152514,0.04626164226835729,0.052490309700555564,20168.0,20168.0,146762536.0
development,0.07560848460575892,B2,B2-rank3-q1-r4-K2,8104,1.1140371013171204,0.007186839917625337,0.0009698292933906227,0.04627643226234548,0.05249344288658019,6359.71875,6359.71875,51539160.75
development,0.07560848460575892,B3,B3-rank0-q8-r32-K4,15742,2.561873229890575,9.071241363531324e-05,1.4812500512273452e-05,0.0533725597663355,0.05344845967945854,31993.531250000007,31993.531250000007,503642168.9375001
development,0.07636727611915388,B0,PM1-B0-rank5-q1-r0-K0,8558,1.0,0.013173763348743123,0.0024542199243681173,0.040826055455856075,0.05154559888023108,8866.0,8866.0,75875228.0
development,0.07636727611915388,B1,B1-rank12-q1-r0-K0,7119,1.0,0.007201629911613522,0.0009729624794152514,0.046798188892985676,0.053026856325183946,20168.0,20168.0,143575992.0
development,0.07636727611915388,B2,B2-rank3-q1-r4-K2,7928,1.1140371013171204,0.007186839917625337,0.0009698292933906227,0.04681297888697386,0.053029989511208575,6359.71875,6359.71875,50419850.25
development,0.07636727611915388,B3,B3-rank0-q8-r32-K4,15431,2.561873229890575,9.071241363531324e-05,1.4812500512273452e-05,0.053909106390963885,0.053985006304086924,31993.531250000007,31993.531250000007,493692180.7187501
development,0.07713368271125066,B0,PM1-B0-rank5-q1-r0-K0,8353,1.0,0.013173763348743123,0.0024542199243681173,0.04136798675427378,0.05208753017864878,8866.0,8866.0,74057698.0
development,0.07713368271125066,B1,B1-rank12-q1-r0-K0,6966,1.0,0.007201629911613522,0.0009729624794152514,0.04734012019140338,0.05356878762360165,20168.0,20168.0,140490288.0
development,0.07713368271125066,B2,B2-rank3-q1-r4-K2,7756,1.1140371013171204,0.007186839917625337,0.0009698292933906227,0.04735491018539156,0.05357192080962628,6359.71875,6359.71875,49325978.625
development,0.07713368271125066,B3,B3-rank0-q8-r32-K4,15125,2.561873229890575,9.071241363531324e-05,1.4812500512273452e-05,0.05445103768938159,0.05452693760250463,31993.531250000007,31993.531250000007,483902160.1562501
development,0.0779077808054444,B0,PM1-B0-rank5-q1-r0-K0,8153,1.0,0.013173763348743123,0.0024542199243681173,0.04191535676598176,0.05263490019035676,8866.0,8866.0,72284498.0
development,0.0779077808054444,B1,B1-rank12-q1-r0-K0,6815,1.0,0.007201629911613522,0.0009729624794152514,0.04788749020311136,0.05411615763530963,20168.0,20168.0,137444920.0
development,0.0779077808054444,B2,B2-rank3-q1-r4-K2,7589,1.1140371013171204,0.007186839917625337,0.0009698292933906227,0.047902280197099543,0.05411929082133426,6359.71875,6359.71875,48263905.59375
development,0.0779077808054444,B3,B3-rank0-q8-r32-K4,14826,2.561873229890575,9.071241363531324e-05,1.4812500512273452e-05,0.05499840770108957,0.05507430761421261,31993.531250000007,31993.531250000007,474336094.3125001
development,0.07868964759210002,B0,PM1-B0-rank5-q1-r0-K0,7959,1.0,0.013173763348743123,0.0024542199243681173,0.04246822007281048,0.053187763497185486,8866.0,8866.0,70564494.0
development,0.07868964759210002,B1,B1-rank12-q1-r0-K0,6668,1.0,0.007201629911613522,0.0009729624794152514,0.04844035350994008,0.05466902094213835,20168.0,20168.0,134480224.0
development,0.07868964759210002,B2,B2-rank3-q1-r4-K2,7426,1.1140371013171204,0.007186839917625337,0.0009698292933906227,0.048455143503928266,0.05467215412816298,6359.71875,6359.71875,47227271.4375
development,0.07868964759210002,B3,B3-rank0-q8-r32-K4,14532,2.561873229890575,9.071241363531324e-05,1.4812500512273452e-05,0.05555127100791829,0.05562717092104133,31993.531250000007,31993.531250000007,464929996.1250001
development,0.07947936103624934,B0,PM1-B0-rank5-q1-r0-K0,7769,1.0,0.013173763348743123,0.0024542199243681173,0.04302663180436264,0.05374617522873765,8866.0,8866.0,68879954.0
development,0.07947936103624934,B1,B1-rank12-q1-r0-K0,6525,1.0,0.007201629911613522,0.0009729624794152514,0.04899876524149224,0.05522743267369051,20168.0,20168.0,131596200.0
development,0.07947936103624934,B2,B2-rank3-q1-r4-K2,7266,1.1140371013171204,0.007186839917625337,0.0009698292933906227,0.04901355523548043,0.05523056585971514,6359.71875,6359.71875,46209716.4375
development,0.07947936103624934,B3,B3-rank0-q8-r32-K4,14245,2.561873229890575,9.071241363531324e-05,1.4812500512273452e-05,0.05610968273947045,0.05618558265259349,31993.531250000007,31993.531250000007,455747852.6562501
development,0.08027699988536555,B0,PM1-B0-rank5-q1-r0-K0,7585,1.0,0.013173763348743123,0.0024542199243681173,0.04359064764351055,0.05431019106788555,8866.0,8866.0,67248610.0
development,0.08027699988536555,B1,B1-rank12-q1-r0-K0,6384,1.0,0.007201629911613522,0.0009729624794152514,0.04956278108064015,0.05579144851283842,20168.0,20168.0,128752512.0
development,0.08027699988536555,B2,B2-rank3-q1-r4-K2,7110,1.1140371013171204,0.007186839917625337,0.0009698292933906227,0.04957757107462833,0.05579458169886305,6359.71875,6359.71875,45217600.3125
development,0.08027699988536555,B3,B3-rank0-q8-r32-K4,13963,2.561873229890575,9.071241363531324e-05,1.4812500512273452e-05,0.056673698578618356,0.056749598491741396,31993.531250000007,31993.531250000007,446725676.8437501
development,0.08108264367721564,B0,PM1-B0-rank5-q1-r0-K0,7405,1.0,0.013173763348743123,0.0024542199243681173,0.044160323831948595,0.0548798672563236,8866.0,8866.0,65652730.0
development,0.08108264367721564,B1,B1-rank12-q1-r0-K0,6247,1.0,0.007201629911613522,0.0009729624794152514,0.050132457269078196,0.056361124701276466,20168.0,20168.0,125989496.0
development,0.08108264367721564,B2,B2-rank3-q1-r4-K2,6957,1.1140371013171204,0.007186839917625337,0.0009698292933906227,0.05014724726306638,0.056364257887301095,6359.71875,6359.71875,44244563.34375
development,0.08108264367721564,B3,B3-rank0-q8-r32-K4,13686,2.561873229890575,9.071241363531324e-05,1.4812500512273452e-05,0.057243374767056404,0.057319274680179444,31993.531250000007,31993.531250000007,437863468.6875001
development,0.08189637274779153,B0,PM1-B0-rank5-q1-r0-K0,7230,1.0,0.013173763348743123,0.0024542199243681173,0.04473571717580144,0.05545526060017644,8866.0,8866.0,64101180.0
development,0.08189637274779153,B1,B1-rank12-q1-r0-K0,6113,1.0,0.007201629911613522,0.0009729624794152514,0.05070785061293104,0.05693651804512931,20168.0,20168.0,123286984.0
development,0.08189637274779153,B2,B2-rank3-q1-r4-K2,6807,1.1140371013171204,0.007186839917625337,0.0009698292933906227,0.05072264060691922,0.05693965123115394,6359.71875,6359.71875,43290605.53125
development,0.08189637274779153,B3,B3-rank0-q8-r32-K4,13416,2.561873229890575,9.071241363531324e-05,1.4812500512273452e-05,0.05781876811090925,0.057894668024032286,31993.531250000007,31993.531250000007,429225215.2500001
development,0.08271826823932106,B0,PM1-B0-rank5-q1-r0-K0,7060,1.0,0.013173763348743123,0.0024542199243681173,0.04531688505128861,0.05603642847566362,8866.0,8866.0,62593960.0
development,0.08271826823932106,B1,B1-rank12-q1-r0-K0,5982,1.0,0.007201629911613522,0.0009729624794152514,0.051289018488418214,0.057517685920616485,20168.0,20168.0,120644976.0
development,0.08271826823932106,B2,B2-rank3-q1-r4-K2,6661,1.1140371013171204,0.007186839917625337,0.0009698292933906227,0.0513038084824064,0.05752081910664111,6359.71875,6359.71875,42362086.59375
development,0.08271826823932106,B3,B3-rank0-q8-r32-K4,13151,2.561873229890575,9.071241363531324e-05,1.4812500512273452e-05,0.05839993598639642,0.05847583589951946,31993.531250000007,31993.531250000007,420746929.4687501
development,0.08354841210835902,B0,PM1-B0-rank5-q1-r0-K0,6894,1.0,0.013173763348743123,0.0024542199243681173,0.045903885410445794,0.0566234288348208,8866.0,8866.0,61122204.0
development,0.08354841210835902,B1,B1-rank12-q1-r0-K0,5853,1.0,0.007201629911613522,0.0009729624794152514,0.051876018847575395,0.058104686279773665,20168.0,20168.0,118043304.0
development,0.08354841210835902,B2,B2-rank3-q1-r4-K2,6518,1.1140371013171204,0.007186839917625337,0.0009698292933906227,0.05189080884156358,0.058107819465798294,6359.71875,6359.71875,41452646.8125
development,0.08354841210835902,B3,B3-rank0-q8-r32-K4,12890,2.561873229890575,9.071241363531324e-05,1.4812500512273452e-05,0.0589869363455536,0.05906283625867664,31993.531250000007,31993.531250000007,412396617.8125001
development,0.08438688713395978,B0,PM1-B0-rank5-q1-r0-K0,6732,1.0,0.013173763348743123,0.0024542199243681173,0.04649677678690366,0.05721632021127866,8866.0,8866.0,59685912.0
development,0.08438688713395978,B1,B1-rank12-q1-r0-K0,5728,1.0,0.007201629911613522,0.0009729624794152514,0.05246891022403326,0.05869757765623153,20168.0,20168.0,115522304.0
development,0.08438688713395978,B2,B2-rank3-q1-r4-K2,6379,1.1140371013171204,0.007186839917625337,0.0009698292933906227,0.05248370021802144,0.05870071084225616,6359.71875,6359.71875,40568645.90625
development,0.08438688713395978,B3,B3-rank0-q8-r32-K4,12635,2.561873229890575,9.071241363531324e-05,1.4812500512273452e-05,0.059579827722011466,0.059655727635134506,31993.531250000007,31993.531250000007,404238267.3437501
development,0.08523377692593145,B0,PM1-B0-rank5-q1-r0-K0,6574,1.0,0.013173763348743123,0.0024542199243681173,0.04709561830172449,0.0578151617260995,8866.0,8866.0,58285084.0
development,0.08523377692593145,B1,B1-rank12-q1-r0-K0,5606,1.0,0.007201629911613522,0.0009729624794152514,0.05306775173885409,0.05929641917105236,20168.0,20168.0,113061808.0
development,0.08523377692593145,B2,B2-rank3-q1-r4-K2,6242,1.1140371013171204,0.007186839917625337,0.0009698292933906227,0.05308254173284228,0.05929955235707699,6359.71875,6359.71875,39697364.4375
development,0.08523377692593145,B3,B3-rank0-q8-r32-K4,12385,2.561873229890575,9.071241363531324e-05,1.4812500512273452e-05,0.0601786692368323,0.06025456914995534,31993.531250000007,31993.531250000007,396239884.5312501
development,0.08608916593317346,B0,PM1-B0-rank5-q1-r0-K0,6420,1.0,0.013173763348743123,0.0024542199243681173,0.047700469669297745,0.05842001309367275,8866.0,8866.0,56919720.0
development,0.08608916593317346,B1,B1-rank12-q1-r0-K0,5486,1.0,0.007201629911613522,0.0009729624794152514,0.053672603106427345,0.059901270538625616,20168.0,20168.0,110641648.0
development,0.08608916593317346,B2,B2-rank3-q1-r4-K2,6109,1.1140371013171204,0.007186839917625337,0.0009698292933906227,0.05368739310041553,0.059904403724650244,6359.71875,6359.71875,38851521.84375
development,0.08608916593317346,B3,B3-rank0-q8-r32-K4,12140,2.561873229890575,9.071241363531324e-05,1.4812500512273452e-05,0.060783520604405554,0.060859420517528594,31993.531250000007,31993.531250000007,388401469.37500006
development,0.08695313945209739,B0,PM1-B0-rank5-q1-r0-K0,6271,1.0,0.013173763348743123,0.0024542199243681173,0.04831139120329445,0.05903093462766946,8866.0,8866.0,55598686.0
development,0.08695313945209739,B1,B1-rank12-q1-r0-K0,5369,1.0,0.007201629911613522,0.0009729624794152514,0.054283524640424054,0.060512192072622324,20168.0,20168.0,108281992.0
development,0.08695313945209739,B2,B2-rank3-q1-r4-K2,5979,1.1140371013171204,0.007186839917625337,0.0009698292933906227,0.05429831463441224,0.06051532525864695,6359.71875,6359.71875,38024758.40625
development,0.08695313945209739,B3,B3-rank0-q8-r32-K4,11899,2.561873229890575,9.071241363531324e-05,1.4812500512273452e-05,0.06139444213840226,0.0614703420515253,31993.531250000007,31993.531250000007,380691028.34375006
development,0.08782578363513226,B0,PM1-B0-rank5-q1-r0-K0,6125,1.0,0.013173763348743123,0.0024542199243681173,0.048928443822681404,0.05964798724705641,8866.0,8866.0,54304250.0
development,0.08782578363513226,B1,B1-rank12-q1-r0-K0,5254,1.0,0.007201629911613522,0.0009729624794152514,0.054900577259811005,0.061129244692009276,20168.0,20168.0,105962672.0
development,0.08782578363513226,B2,B2-rank3-q1-r4-K2,5851,1.1140371013171204,0.007186839917625337,0.0009698292933906227,0.05491536725379919,0.061132377878033904,6359.71875,6359.71875,37210714.40625
development,0.08782578363513226,B3,B3-rank0-q8-r32-K4,11664,2.561873229890575,9.071241363531324e-05,1.4812500512273452e-05,0.062011494757789214,0.06208739467091225,31993.531250000007,31993.531250000007,373172548.50000006
development,0.08870718549931567,B0,PM1-B0-rank5-q1-r0-K0,5983,1.0,0.013173763348743123,0.0024542199243681173,0.04955168905779596,0.060271232482170964,8866.0,8866.0,53045278.0
development,0.08870718549931567,B1,B1-rank12-q1-r0-K0,5142,1.0,0.007201629911613522,0.0009729624794152514,0.05552382249492556,0.06175248992712383,20168.0,20168.0,103703856.0
development,0.08870718549931567,B2,B2-rank3-q1-r4-K2,5727,1.1140371013171204,0.007186839917625337,0.0009698292933906227,0.055538612488913744,0.06175562311314846,6359.71875,6359.71875,36422109.28125
development,0.08870718549931567,B3,B3-rank0-q8-r32-K4,11434,2.561873229890575,9.071241363531324e-05,1.4812500512273452e-05,0.06263473999290377,0.06271063990602681,31993.531250000007,31993.531250000007,365814036.31250006
development,0.0895974329349706,B0,PM1-B0-rank5-q1-r0-K0,5844,1.0,0.013173763348743123,0.0024542199243681173,0.0501811890564815,0.060900732480856506,8866.0,8866.0,51812904.0
development,0.0895974329349706,B1,B1-rank12-q1-r0-K0,5033,1.0,0.007201629911613522,0.0009729624794152514,0.0561533224936111,0.06238198992580937,20168.0,20168.0,101505544.0
development,0.0895974329349706,B2,B2-rank3-q1-r4-K2,5604,1.1140371013171204,0.007186839917625337,0.0009698292933906227,0.05616811248759929,0.062385123111834,6359.71875,6359.71875,35639863.875
development,0.0895974329349706,B3,B3-rank0-q8-r32-K4,11207,2.561873229890575,9.071241363531324e-05,1.4812500512273452e-05,0.06326423999158931,0.06334013990471235,31993.531250000007,31993.531250000007,358551504.71875006
development,0.09049661471446958,B0,PM1-B0-rank5-q1-r0-K0,5709,1.0,0.013173763348743123,0.0024542199243681173,0.05081700659028461,0.061536550014659616,8866.0,8866.0,50615994.0
development,0.09049661471446958,B1,B1-rank12-q1-r0-K0,4925,1.0,0.007201629911613522,0.0009729624794152514,0.05678914002741421,0.06301780745961248,20168.0,20168.0,99327400.0
development,0.09049661471446958,B2,B2-rank3-q1-r4-K2,5485,1.1140371013171204,0.007186839917625337,0.0009698292933906227,0.056803930021402396,0.06302094064563711,6359.71875,6359.71875,34883057.34375
development,0.09049661471446958,B3,B3-rank0-q8-r32-K4,10985,2.561873229890575,9.071241363531324e-05,1.4812500512273452e-05,0.06390005752539242,0.06397595743851546,31993.531250000007,31993.531250000007,351448940.78125006
development,0.09140482050108682,B0,PM1-B0-rank5-q1-r0-K0,5577,1.0,0.013173763348743123,0.0024542199243681173,0.051459205060714525,0.06217874848508953,8866.0,8866.0,49445682.0
development,0.09140482050108682,B1,B1-rank12-q1-r0-K0,4821,1.0,0.007201629911613522,0.0009729624794152514,0.057431338497844125,0.0636600059300424,20168.0,20168.0,97229928.0
development,0.09140482050108682,B2,B2-rank3-q1-r4-K2,5368,1.1140371013171204,0.007186839917625337,0.0009698292933906227,0.05744612849183231,0.06366313911606702,6359.71875,6359.71875,34138970.25
development,0.09140482050108682,B3,B3-rank0-q8-r32-K4,10768,2.561873229890575,9.071241363531324e-05,1.4812500512273452e-05,0.06454225599582233,0.06461815590894537,31993.531250000007,31993.531250000007,344506344.50000006
development,0.09232214085793909,B0,PM1-B0-rank5-q1-r0-K0,5449,1.0,0.013173763348743123,0.0024542199243681173,0.05210784850556523,0.06282739192994023,8866.0,8866.0,48310834.0
development,0.09232214085793909,B1,B1-rank12-q1-r0-K0,4719,1.0,0.007201629911613522,0.0009729624794152514,0.05807998194269483,0.0643086493748931,20168.0,20168.0,95172792.0
development,0.09232214085793909,B2,B2-rank3-q1-r4-K2,5254,1.1140371013171204,0.007186839917625337,0.0009698292933906227,0.05809477193668301,0.06431178256091773,6359.71875,6359.71875,33413962.3125
development,0.09232214085793909,B3,B3-rank0-q8-r32-K4,10555,2.561873229890575,9.071241363531324e-05,1.4812500512273452e-05,0.06519089944067304,0.06526679935379608,31993.531250000007,31993.531250000007,337691722.34375006
development,0.09324866725701628,B0,PM1-B0-rank5-q1-r0-K0,5324,1.0,0.013173763348743123,0.0024542199243681173,0.05276300160530106,0.06348254502967607,8866.0,8866.0,47202584.0
development,0.09324866725701628,B1,B1-rank12-q1-r0-K0,4618,1.0,0.007201629911613522,0.0009729624794152514,0.058735135042430664,0.06496380247462893,20168.0,20168.0,93135824.0
development,0.09324866725701628,B2,B2-rank3-q1-r4-K2,5143,1.1140371013171204,0.007186839917625337,0.0009698292933906227,0.05874992503641885,0.06496693566065356,6359.71875,6359.71875,32708033.53125
development,0.09324866725701628,B3,B3-rank0-q8-r32-K4,10346,2.561873229890575,9.071241363531324e-05,1.4812500512273452e-05,0.06584605254040887,0.06592195245353191,31993.531250000007,31993.531250000007,331005074.31250006
development,0.09418449208830276,B0,PM1-B0-rank5-q1-r0-K0,5202,1.0,0.013173763348743123,0.0024542199243681173,0.053424729689506484,0.06414427311388149,8866.0,8866.0,46120932.0
development,0.09418449208830276,B1,B1-rank12-q1-r0-K0,4520,1.0,0.007201629911613522,0.0009729624794152514,0.059396863126636085,0.06562553055883436,20168.0,20168.0,91159360.0
development,0.09418449208830276,B2,B2-rank3-q1-r4-K2,5034,1.1140371013171204,0.007186839917625337,0.0009698292933906227,0.05941165312062427,0.06562866374485898,6359.71875,6359.71875,32014824.1875
development,0.09418449208830276,B3,B3-rank0-q8-r32-K4,10141,2.561873229890575,9.071241363531324e-05,1.4812500512273452e-05,0.0665077806246143,0.06658368053773733,31993.531250000007,31993.531250000007,324446400.40625006
development,0.09512970866899023,B0,PM1-B0-rank5-q1-r0-K0,5083,1.0,0.013173763348743123,0.0024542199243681173,0.054093098743400556,0.06481264216777556,8866.0,8866.0,45065878.0
development,0.09512970866899023,B1,B1-rank12-q1-r0-K0,4425,1.0,0.007201629911613522,0.0009729624794152514,0.060065232180530156,0.06629389961272843,20168.0,20168.0,89243400.0
development,0.09512970866899023,B2,B2-rank3-q1-r4-K2,4927,1.1140371013171204,0.007186839917625337,0.0009698292933906227,0.06008002217451834,0.06629703279875306,6359.71875,6359.71875,31334334.28125
development,0.09512970866899023,B3,B3-rank0-q8-r32-K4,9941,2.561873229890575,9.071241363531324e-05,1.4812500512273452e-05,0.06717614967850837,0.0672520495916314,31993.531250000007,31993.531250000007,318047694.15625006
development,0.09608441125278289,B0,PM1-B0-rank5-q1-r0-K0,4966,1.0,0.013173763348743123,0.0024542199243681173,0.05476817541441667,0.06548771883879168,8866.0,8866.0,44028556.0
development,0.09608441125278289,B1,B1-rank12-q1-r0-K0,4331,1.0,0.007201629911613522,0.0009729624794152514,0.06074030885154627,0.06696897628374454,20168.0,20168.0,87347608.0
development,0.09608441125278289,B2,B2-rank3-q1-r4-K2,4823,1.1140371013171204,0.007186839917625337,0.0009698292933906227,0.060755098845534455,0.06697210946976917,6359.71875,6359.71875,30672923.53125
development,0.09608441125278289,B3,B3-rank0-q8-r32-K4,9744,2.561873229890575,9.071241363531324e-05,1.4812500512273452e-05,0.06785122634952448,0.06792712626264752,31993.531250000007,31993.531250000007,311744968.50000006
development,0.09704869503929602,B0,PM1-B0-rank5-q1-r0-K0,4853,1.0,0.013173763348743123,0.0024542199243681173,0.05545002701884834,0.06616957044322334,8866.0,8866.0,43026698.0
development,0.09704869503929602,B1,B1-rank12-q1-r0-K0,4239,1.0,0.007201629911613522,0.0009729624794152514,0.06142216045597794,0.06765082788817621,20168.0,20168.0,85492152.0
development,0.09704869503929602,B2,B2-rank3-q1-r4-K2,4721,1.1140371013171204,0.007186839917625337,0.0009698292933906227,0.061436950449966124,0.06765396107420084,6359.71875,6359.71875,30024232.21875
development,0.09704869503929602,B3,B3-rank0-q8-r32-K4,9551,2.561873229890575,9.071241363531324e-05,1.4812500512273452e-05,0.06853307795395615,0.06860897786707919,31993.531250000007,31993.531250000007,305570216.96875006
development,0.09802265618354915,B0,PM1-B0-rank5-q1-r0-K0,4742,1.0,0.013173763348743123,0.0024542199243681173,0.056138721548561935,0.06685826497293694,8866.0,8866.0,42042572.0
development,0.09802265618354915,B1,B1-rank12-q1-r0-K0,4149,1.0,0.007201629911613522,0.0009729624794152514,0.062110854985691535,0.0683395224178898,20168.0,20168.0,83677032.0
development,0.09802265618354915,B2,B2-rank3-q1-r4-K2,4621,1.1140371013171204,0.007186839917625337,0.0009698292933906227,0.06212564497967972,0.06834265560391443,6359.71875,6359.71875,29388260.34375
development,0.09802265618354915,B3,B3-rank0-q8-r32-K4,9362,2.561873229890575,9.071241363531324e-05,1.4812500512273452e-05,0.06922177248366974,0.06929767239679278,31993.531250000007,31993.531250000007,299523439.56250006
development,0.09900639180555423,B0,PM1-B0-rank5-q1-r0-K0,4635,1.0,0.013173763348743123,0.0024542199243681173,0.056834327677776506,0.06755387110215151,8866.0,8866.0,41093910.0
development,0.09900639180555423,B1,B1-rank12-q1-r0-K0,4061,1.0,0.007201629911613522,0.0009729624794152514,0.0628064611149061,0.06903512854710438,20168.0,20168.0,81902248.0
development,0.09900639180555423,B2,B2-rank3-q1-r4-K2,4523,1.1140371013171204,0.007186839917625337,0.0009698292933906227,0.06282125110889429,0.069038261733129,6359.71875,6359.71875,28765007.90625
development,0.09900639180555423,B3,B3-rank0-q8-r32-K4,9177,2.561873229890575,9.071241363531324e-05,1.4812500512273452e-05,0.06991737861288431,0.06999327852600735,31993.531250000007,31993.531250000007,293604636.28125006
development,0.1,B0,PM1-B0-rank5-q1-r0-K0,4530,1.0,0.013173763348743123,0.0024542199243681173,0.05753691476991163,0.06825645819428663,8866.0,8866.0,40162980.0
development,0.1,B1,B1-rank12-q1-r0-K0,3976,1.0,0.007201629911613522,0.0009729624794152514,0.06350904820704123,0.0697377156392395,20168.0,20168.0,80187968.0
development,0.1,B2,B2-rank3-q1-r4-K2,4428,1.1140371013171204,0.007186839917625337,0.0009698292933906227,0.06352383820102941,0.06974084882526413,6359.71875,6359.71875,28160834.625
development,0.1,B3,B3-rank0-q8-r32-K4,8996,2.561873229890575,9.071241363531324e-05,1.4812500512273452e-05,0.07061996570501944,0.07069586561814248,31993.531250000007,31993.531250000007,287813807.12500006
transfer_fixed_five,0.005,B3,B3-rank0-q8-r32-K4,3077683,2.1650464347641196,4.417696927649928e-05,3.5948699160792685e-06,0.003491356936656238,0.003531939036016658,35178.1875,35178.1875,108267309639.5625
transfer_fixed_five,0.0050501789923016885,B3,B3-rank0-q8-r32-K4,3016413,2.1650464347641196,4.417696927649928e-05,3.5948699160792685e-06,0.0035268388423858694,0.0035674209417462894,35178.1875,35178.1875,106111942091.4375
transfer_fixed_five,0.0051008615708570595,B3,B3-rank0-q8-r32-K4,2956366,2.1650464347641196,4.417696927649928e-05,3.5948699160792685e-06,0.0035626768373703925,0.0036032589367308125,35178.1875,35178.1875,103999597466.625
transfer_fixed_five,0.005152052789556263,B3,B3-rank0-q8-r32-K4,2897520,2.1650464347641196,4.417696927649928e-05,3.5948699160792685e-06,0.0035988744952498027,0.0036394565946102227,35178.1875,35178.1875,101929501845.0
transfer_fixed_five,0.005203757753009269,B3,B3-rank0-q8-r32-K4,2839848,2.1650464347641196,4.417696927649928e-05,3.5948699160792685e-06,0.003635435425528426,0.003676017524888846,35178.1875,35178.1875,99900705415.5
transfer_fixed_five,0.0052559816170548905,B3,B3-rank0-q8-r32-K4,2783328,2.1650464347641196,4.417696927649928e-05,3.5948699160792685e-06,0.0036723632739348493,0.0037129453732952693,35178.1875,35178.1875,97912434258.0
transfer_fixed_five,0.0053087295892748935,B1,B1-rank12-q1-r0-K0,9502068033,1.0,0.0037234676383787746,0.0002615994585534187,3.0371053683177652e-05,0.0034922392335085335,20040.0,20040.0,190421443381320.0
transfer_fixed_five,0.0053087295892748935,B2,B2-rank3-q1-r8-K2,6738848918,1.0624627373612006,0.0037166645380005137,0.0002610609785499429,3.717415406143858e-05,0.0034927777135120093,6650.46875,6650.46875,44816504140130.31
transfer_fixed_five,0.0053087295892748935,B3,B3-rank0-q8-r32-K4,2727937,2.1650464347641196,4.417696927649928e-05,3.5948699160792685e-06,0.003709661722785453,0.003750243822145873,35178.1875,35178.1875,95963879274.1875
transfer_fixed_five,0.005362006929513287,B1,B1-rank12-q1-r0-K0,1893603075,1.0,0.0037234676383787746,0.0002615994585534187,6.804382224932879e-05,0.0035299120020746847,20040.0,20040.0,37947805623000.0
transfer_fixed_five,0.005362006929513287,B2,B2-rank3-q1-r8-K2,1662899380,1.0624627373612006,0.0037166645380005137,0.0002610609785499429,7.484692262758972e-05,0.0035304504820781605,6650.46875,6650.46875,11059060361084.375
transfer_fixed_five,0.005362006929513287,B3,B3-rank0-q8-r32-K4,2673651,2.1650464347641196,4.417696927649928e-05,3.5948699160792685e-06,0.003747334491351604,0.003787916590712024,35178.1875,35178.1875,94054196187.5625
transfer_fixed_five,0.005415818950400817,B1,B1-rank12-q1-r0-K0,779294714,1.0,0.0037234676383787746,0.0002615994585534187,0.0001060946671282534,0.0035679628469536093,20040.0,20040.0,15617066068560.0
transfer_fixed_five,0.005415818950400817,B2,B2-rank3-q1-r4-K2,778457063,1.1279095157845584,0.0037168195009252836,0.00026014045149713727,0.00011274280458174442,0.0035694218540098907,6242.53125,6242.53125,4859542542560.719
transfer_fixed_five,0.005415818950400817,B3,B3-rank0-q8-r32-K4,2620449,2.1650464347641196,4.417696927649928e-05,3.5948699160792685e-06,0.0037853853362305287,0.0038259674355909487,35178.1875,35178.1875,92182646256.1875
transfer_fixed_five,0.005470171017884717,B1,B1-rank12-q1-r0-K0,420244139,1.0,0.0037234676383787746,0.0002615994585534187,0.00014452738261762788,0.0036063955624429838,20040.0,20040.0,8421692545560.0
transfer_fixed_five,0.005470171017884717,B2,B2-rank3-q1-r4-K2,433289511,1.1279095157845584,0.0037168195009252836,0.00026014045149713727,0.0001511755200711189,0.003607854569499265,6242.53125,6242.53125,2704823312714.7188
transfer_fixed_five,0.005470171017884717,B3,B3-rank0-q8-r32-K4,2568309,2.1650464347641196,4.417696927649928e-05,3.5948699160792685e-06,0.003823818051719903,0.003864400151080323,35178.1875,35178.1875,90348455559.9375
transfer_fixed_five,0.005525068551763788,B1,B1-rank12-q1-r0-K0,261372799,1.0,0.0037234676383787746,0.0002615994585534187,0.00018334580109393653,0.0036452139809192924,20040.0,20040.0,5237910891960.0
transfer_fixed_five,0.005525068551763788,B2,B2-rank3-q1-r4-K2,274585161,1.1279095157845584,0.0037168195009252836,0.00026014045149713727,0.00018999393854742756,0.003646672987975574,6242.53125,6242.53125,1714106448328.7812
transfer_fixed_five,0.005525068551763788,B3,B3-rank0-q8-r32-K4,2517210,2.1650464347641196,4.417696927649928e-05,3.5948699160792685e-06,0.003862636470196212,0.003903218569556632,35178.1875,35178.1875,88550885356.875
transfer_fixed_five,0.0055805170262288395,B1,B1-rank12-q1-r0-K0,177589266,1.0,0.0037234676383787746,0.0002615994585534187,0.00022255379339462377,0.0036844219732199797,20040.0,20040.0,3558888890640.0
transfer_fixed_five,0.0055805170262288395,B2,B2-rank3-q1-r4-K2,188894289,1.1279095157845584,0.0037168195009252836,0.00026014045149713727,0.0002292019308481148,0.003685880980276261,6242.53125,6242.53125,1179178502029.0312
transfer_fixed_five,0.0055805170262288395,B3,B3-rank0-q8-r32-K4,2467130,2.1650464347641196,4.417696927649928e-05,3.5948699160792685e-06,0.003901844462496899,0.003942426561857319,35178.1875,35178.1875,86789161726.875
transfer_fixed_five,0.005636521970408555,B1,B1-rank12-q1-r0-K0,128154743,1.0,0.0037234676383787746,0.0002615994585534187,0.00026215526920407486,0.0037240234490294307,20040.0,20040.0,2568221049720.0
transfer_fixed_five,0.005636521970408555,B2,B2-rank3-q1-r4-K2,137519667,1.1279095157845584,0.0037168195009252836,0.00026014045149713727,0.0002688034066575659,0.003725482456085712,6242.53125,6242.53125,858470818737.0938
transfer_fixed_five,0.005636521970408555,B3,B3-rank0-q8-r32-K4,2418050,2.1650464347641196,4.417696927649928e-05,3.5948699160792685e-06,0.00394144593830635,0.00398202803766677,35178.1875,35178.1875,85062616284.375
transfer_fixed_five,0.005693088968920841,B1,B1-rank12-q1-r0-K0,96613408,1.0,0.0037234676383787746,0.0002615994585534187,0.0003021541774434816,0.0037640223572688375,20040.0,20040.0,1936132696320.0
transfer_fixed_five,0.005693088968920841,B2,B2-rank3-q1-r4-K2,104358834,1.1279095157845584,0.0037168195009252836,0.00026014045149713727,0.0003088023148969726,0.003765481364325119,6242.53125,6242.53125,651463282458.5625
transfer_fixed_five,0.005693088968920841,B3,B3-rank0-q8-r32-K4,2369949,2.1650464347641196,4.417696927649928e-05,3.5948699160792685e-06,0.003981444846545757,0.004022026945906177,35178.1875,35178.1875,83370510287.4375
transfer_fixed_five,0.005750223662429702,B1,B1-rank12-q1-r0-K0,75292627,1.0,0.0037234676383787746,0.0002615994585534187,0.0003425545066646123,0.003804422686489968,20040.0,20040.0,1508864245080.0
transfer_fixed_five,0.005750223662429702,B2,B2-rank3-q1-r4-K2,81745737,1.1279095157845584,0.0037168195009252836,0.00026014045149713727,0.0003492026441181033,0.0038058816935462496,6242.53125,6242.53125,510300317776.78125
transfer_fixed_five,0.005750223662429702,B3,B3-rank0-q8-r32-K4,2322808,2.1650464347641196,4.417696927649928e-05,3.5948699160792685e-06,0.004021845175766888,0.004062427275127308,35178.1875,35178.1875,81712175350.5
transfer_fixed_five,0.0058079317482077125,B1,B1-rank12-q1-r0-K0,60226301,1.0,0.0037234676383787746,0.0002615994585534187,0.0003833602854475381,0.003845228465272894,20040.0,20040.0,1206935072040.0
transfer_fixed_five,0.0058079317482077125,B2,B2-rank3-q1-r4-K2,65655765,1.1279095157845584,0.0037168195009252836,0.00026014045149713727,0.00039000842290102915,0.0038466874723291754,6242.53125,6242.53125,409858164755.15625
transfer_fixed_five,0.0058079317482077125,B3,B3-rank0-q8-r32-K4,2276608,2.1650464347641196,4.417696927649928e-05,3.5948699160792685e-06,0.0040626509545498134,0.0041032330539102334,35178.1875,35178.1875,80086943088.0
transfer_fixed_five,0.0058662189807041215,B1,B1-rank12-q1-r0-K0,49197995,1.0,0.0037234676383787746,0.0002615994585534187,0.00042457558280234627,0.003886443762627702,20040.0,20040.0,985927819800.0
transfer_fixed_five,0.0058662189807041215,B2,B2-rank3-q1-r4-K2,53812612,1.1279095157845584,0.0037168195009252836,0.00026014045149713727,0.0004312237202558373,0.0038879027696839836,6242.53125,6242.53125,335926912054.125
transfer_fixed_five,0.0058662189807041215,B3,B3-rank0-q8-r32-K4,2231328,2.1650464347641196,4.417696927649928e-05,3.5948699160792685e-06,0.004103866251904622,0.004144448351265042,35178.1875,35178.1875,78494074758.0
transfer_fixed_five,0.005925091172118675,B1,B1-rank12-q1-r0-K0,40890926,1.0,0.0037234676383787746,0.0002615994585534187,0.00046620450857488924,0.003928072688400245,20040.0,20040.0,819454157040.0
transfer_fixed_five,0.005925091172118675,B2,B2-rank3-q1-r4-K2,44850898,1.1279095157845584,0.0037168195009252836,0.00026014045149713727,0.00047285264602838026,0.0039295316954565266,6242.53125,6242.53125,279983132355.5625
transfer_fixed_five,0.005925091172118675,B3,B3-rank0-q8-r32-K4,2186952,2.1650464347641196,4.417696927649928e-05,3.5948699160792685e-06,0.0041454951776771646,0.004186077277037585,35178.1875,35178.1875,76933007509.5
transfer_fixed_five,0.005984554192981184,B1,B1-rank12-q1-r0-K0,34483241,1.0,0.0037234676383787746,0.0002615994585534187,0.0005082512138566073,0.003970119393681963,20040.0,20040.0,691044149640.0
transfer_fixed_five,0.005984554192981184,B2,B2-rank3-q1-r4-K2,37911729,1.1279095157845584,0.0037168195009252836,0.00026014045149713727,0.0005148993513100983,0.003971578400738245,6242.53125,6242.53125,236665153024.03125
transfer_fixed_five,0.005984554192981184,B3,B3-rank0-q8-r32-K4,2143462,2.1650464347641196,4.417696927649928e-05,3.5948699160792685e-06,0.004187541882958883,0.004228123982319303,35178.1875,35178.1875,75403108135.125
transfer_fixed_five,0.006044613972736912,B1,B1-rank12-q1-r0-K0,29440705,1.0,0.0037234676383787746,0.0002615994585534187,0.0005507198913984523,0.004012588071223808,20040.0,20040.0,589991728200.0
transfer_fixed_five,0.006044613972736912,B2,B2-rank3-q1-r4-K2,32433133,1.1279095157845584,0.0037168195009252836,0.00026014045149713727,0.0005573680288519433,0.00401404707828009,6242.53125,6242.53125,202464846287.90625
transfer_fixed_five,0.006044613972736912,B3,B3-rank0-q8-r32-K4,2100838,2.1650464347641196,4.417696927649928e-05,3.5948699160792685e-06,0.004230010560500728,0.004270592659861148,35178.1875,35178.1875,73903673071.125
transfer_fixed_five,0.00610527650033784,B1,B1-rank12-q1-r0-K0,25404004,1.0,0.0037234676383787746,0.0002615994585534187,0.0005936147760289851,0.004055482955854341,20040.0,20040.0,509096240160.0
transfer_fixed_five,0.00610527650033784,B2,B2-rank3-q1-r4-K2,28035045,1.1279095157845584,0.0037168195009252836,0.00026014045149713727,0.0006002629134824761,0.0040569419629106224,6242.53125,6242.53125,175009644507.65625
transfer_fixed_five,0.00610527650033784,B3,B3-rank0-q8-r32-K4,2059065,2.1650464347641196,4.417696927649928e-05,3.5948699160792685e-06,0.00427290544513126,0.0043134875444916804,35178.1875,35178.1875,72434174644.6875
transfer_fixed_five,0.006166547824839868,B1,B1-rank12-q1-r0-K0,22124350,1.0,0.0037234676383787746,0.0002615994585534187,0.0006369401450766502,0.004098808324902006,20040.0,20040.0,443371974000.0
transfer_fixed_five,0.006166547824839868,B2,B2-rank3-q1-r4-K2,24453057,1.1279095157845584,0.0037168195009252836,0.00026014045149713727,0.0006435882825301413,0.004100267331958288,6242.53125,6242.53125,152648972480.53125
transfer_fixed_five,0.006166547824839868,B3,B3-rank0-q8-r32-K4,2018124,2.1650464347641196,4.417696927649928e-05,3.5948699160792685e-06,0.0043162308141789256,0.004356812913539346,35178.1875,35178.1875,70993944470.25
transfer_fixed_five,0.006228434056005994,B1,B1-rank12-q1-r0-K0,19425124,1.0,0.0037234676383787746,0.0002615994585534187,0.000680700318796296,0.004142568498621652,20040.0,20040.0,389279484960.0
transfer_fixed_five,0.006228434056005994,B2,B2-rank3-q1-r4-K2,21498686,1.1279095157845584,0.0037168195009252836,0.00026014045149713727,0.000687348456249787,0.004144027505677933,6242.53125,6242.53125,134206219188.9375
transfer_fixed_five,0.006228434056005994,B3,B3-rank0-q8-r32-K4,1978000,2.1650464347641196,4.417696927649928e-05,3.5948699160792685e-06,0.004359990987898571,0.004400573087258991,35178.1875,35178.1875,69582454875.0
transfer_fixed_five,0.006290941364915573,B1,B1-rank12-q1-r0-K0,17178176,1.0,0.0037234676383787746,0.0002615994585534187,0.0007248996607999818,0.004186767840625338,20040.0,20040.0,344250647040.0
transfer_fixed_five,0.006290941364915573,B2,B2-rank3-q1-r4-K2,19034680,1.1279095157845584,0.0037168195009252836,0.00026014045149713727,0.0007315477982534728,0.004188226847681619,6242.53125,6242.53125,118824584733.75
transfer_fixed_five,0.006290941364915573,B3,B3-rank0-q8-r32-K4,1938675,2.1650464347641196,4.417696927649928e-05,3.5948699160792685e-06,0.004404190329902257,0.004444772429262677,35178.1875,35178.1875,68199072651.5625
transfer_fixed_five,0.0063540759845796685,B1,B1-rank12-q1-r0-K0,15288730,1.0,0.0037234676383787746,0.0002615994585534187,0.0007695425784920969,0.004231410758317453,20040.0,20040.0,306386149200.0
transfer_fixed_five,0.0063540759845796685,B2,B2-rank3-q1-r4-K2,16959208,1.1279095157845584,0.0037168195009252836,0.00026014045149713727,0.0007761907159455879,0.004232869765373734,6242.53125,6242.53125,105868385915.25
transfer_fixed_five,0.0063540759845796685,B3,B3-rank0-q8-r32-K4,1900135,2.1650464347641196,4.417696927649928e-05,3.5948699160792685e-06,0.004448833247594372,0.004489415346954792,35178.1875,35178.1875,66843305305.3125
transfer_fixed_five,0.006417844210562581,B1,B1-rank12-q1-r0-K0,13685492,1.0,0.0037234676383787746,0.0002615994585534187,0.0008146335235088512,0.004276501703334207,20040.0,20040.0,274257259680.0
transfer_fixed_five,0.006417844210562581,B2,B2-rank3-q1-r4-K2,15195451,1.1279095157845584,0.0037168195009252836,0.00026014045149713727,0.0008212816609623422,0.0042779607103904885,6242.53125,6242.53125,94858077725.34375
transfer_fixed_five,0.006417844210562581,B3,B3-rank0-q8-r32-K4,1862362,2.1650464347641196,4.417696927649928e-05,3.5948699160792685e-06,0.0044939241926111265,0.0045345062919715465,35178.1875,35178.1875,65514519628.875
transfer_fixed_five,0.006482252401609633,B1,B1-rank12-q1-r0-K0,12314011,1.0,0.0037234676383787746,0.0002615994585534187,0.0008601769921621795,0.004322045171987535,20040.0,20040.0,246772780440.0
transfer_fixed_five,0.006482252401609633,B2,B2-rank3-q1-r4-K2,13684591,1.1279095157845584,0.0037168195009252836,0.00026014045149713727,0.0008668251296156705,0.004323504179043817,6242.53125,6242.53125,85426486960.96875
transfer_fixed_five,0.006482252401609633,B3,B3-rank0-q8-r32-K4,1825343,2.1650464347641196,4.417696927649928e-05,3.5948699160792685e-06,0.004539467661264455,0.004580049760624875,35178.1875,35178.1875,64212258305.8125
transfer_fixed_five,0.006547306980281227,B1,B1-rank12-q1-r0-K0,11132139,1.0,0.0037234676383787746,0.0002615994585534187,0.000906177525888098,0.004368045705713454,20040.0,20040.0,223088065560.0
transfer_fixed_five,0.006547306980281227,B2,B2-rank3-q1-r4-K2,12380992,1.1279095157845584,0.0037168195009252836,0.00026014045149713727,0.000912825663341589,0.004369504712769735,6242.53125,6242.53125,77288729466.0
transfer_fixed_five,0.006547306980281227,B3,B3-rank0-q8-r32-K4,1789061,2.1650464347641196,4.417696927649928e-05,3.5948699160792685e-06,0.004585468194990373,0.004626050294350793,35178.1875,35178.1875,62935923306.9375
transfer_fixed_five,0.006613014433593292,B1,B1-rank12-q1-r0-K0,10106840,1.0,0.0037234676383787746,0.0002615994585534187,0.0009526397116995577,0.004414507891524914,20040.0,20040.0,202541073600.0
transfer_fixed_five,0.006613014433593292,B2,B2-rank3-q1-r4-K2,11248814,1.1279095157845584,0.0037168195009252836,0.00026014045149713727,0.0009592878491530487,0.004415966898581195,6242.53125,6242.53125,70221072920.4375
transfer_fixed_five,0.006613014433593292,B3,B3-rank0-q8-r32-K4,1753503,2.1650464347641196,4.417696927649928e-05,3.5948699160792685e-06,0.004631930380801833,0.004672512480162253,35178.1875,35178.1875,61685057315.8125
transfer_fixed_five,0.006679381313664138,B1,B1-rank12-q1-r0-K0,9211936,1.0,0.0037234676383787746,0.0002615994585534187,0.0009995681826438473,0.004461436362469203,20040.0,20040.0,184607197440.0
transfer_fixed_five,0.006679381313664138,B2,B2-rank3-q1-r4-K2,10259601,1.1279095157845584,0.0037168195009252836,0.00026014045149713727,0.0010062163200973383,0.004462895369525485,6242.53125,6242.53125,64045879855.03125
transfer_fixed_five,0.006679381313664138,B3,B3-rank0-q8-r32-K4,1718652,2.1650464347641196,4.417696927649928e-05,3.5948699160792685e-06,0.0046788588517461226,0.004719440951106543,35178.1875,35178.1875,60459062303.25
transfer_fixed_five,0.006746414238367818,B1,B1-rank12-q1-r0-K0,8426468,1.0,0.0037234676383787746,0.0002615994585534187,0.0010469676182645864,0.004508835798089942,20040.0,20040.0,168866418720.0
transfer_fixed_five,0.006746414238367818,B2,B2-rank3-q1-r4-K2,9390533,1.1279095157845584,0.0037168195009252836,0.00026014045149713727,0.0010536157557180775,0.004510294805146224,6242.53125,6242.53125,58620695706.65625
transfer_fixed_five,0.006746414238367818,B3,B3-rank0-q8-r32-K4,1684498,2.1650464347641196,4.417696927649928e-05,3.5948699160792685e-06,0.004726258287366862,0.004766840386727282,35178.1875,35178.1875,59257586487.375
transfer_fixed_five,0.0068141198919940285,B1,B1-rank12-q1-r0-K0,7733505,1.0,0.0037234676383787746,0.0002615994585534187,0.0010948427450683477,0.0045567109248937036,20040.0,20040.0,154979440200.0
transfer_fixed_five,0.0068141198919940285,B2,B2-rank3-q1-r4-K2,8623143,1.1279095157845584,0.0037168195009252836,0.00026014045149713727,0.0011014908825218387,0.004558169931949985,6242.53125,6242.53125,53830239650.71875
transfer_fixed_five,0.0068141198919940285,B3,B3-rank0-q8-r32-K4,1651022,2.1650464347641196,4.417696927649928e-05,3.5948699160792685e-06,0.004774133414170623,0.004814715513531043,35178.1875,35178.1875,58079961482.625
transfer_fixed_five,0.006882505025914659,B1,B1-rank12-q1-r0-K0,7119244,1.0,0.0037234676383787746,0.0002615994585534187,0.0011431983369959752,0.004605066516821331,20040.0,20040.0,142669649760.0
transfer_fixed_five,0.006882505025914659,B2,B2-rank3-q1-r4-K2,7942357,1.1279095157845584,0.0037168195009252836,0.00026014045149713727,0.0011498464744494662,0.0046065255238776125,6242.53125,6242.53125,49580411771.15625
transfer_fixed_five,0.006882505025914659,B3,B3-rank0-q8-r32-K4,1618214,2.1650464347641196,4.417696927649928e-05,3.5948699160792685e-06,0.0048224890060982505,0.0048630711054586705,35178.1875,35178.1875,56925835507.125
transfer_fixed_five,0.006951576459257,B1,B1-rank12-q1-r0-K0,6572351,1.0,0.0037234676383787746,0.0002615994585534187,0.001192039215898619,0.004653907395723975,20040.0,20040.0,131709914040.0
transfer_fixed_five,0.006951576459257,B2,B2-rank3-q1-r4-K2,7335781,1.1279095157845584,0.0037168195009252836,0.00026014045149713727,0.00119868735335211,0.004655366402780256,6242.53125,6242.53125,45793842135.65625
transfer_fixed_five,0.006951576459257,B3,B3-rank0-q8-r32-K4,1586059,2.1650464347641196,4.417696927649928e-05,3.5948699160792685e-06,0.004871329885000894,0.004911911984361314,35178.1875,35178.1875,55794680888.0625
transfer_fixed_five,0.007021341079583731,B1,B1-rank12-q1-r0-K0,6083448,1.0,0.0037234676383787746,0.0002615994585534187,0.0012413702520185557,0.0047032384318439115,20040.0,20040.0,121912297920.0
transfer_fixed_five,0.007021341079583731,B2,B2-rank3-q1-r4-K2,6793143,1.1279095157845584,0.0037168195009252836,0.00026014045149713727,0.0012480183894720467,0.004704697438900193,6242.53125,6242.53125,42406407463.21875
transfer_fixed_five,0.007021341079583731,B3,B3-rank0-q8-r32-K4,1554544,2.1650464347641196,4.417696927649928e-05,3.5948699160792685e-06,0.004920660921120831,0.004961243020481251,35178.1875,35178.1875,54686040309.0
transfer_fixed_five,0.007091805843579723,B1,B1-rank12-q1-r0-K0,5644722,1.0,0.0037234676383787746,0.0002615994585534187,0.001291196364474831,0.004753064544300187,20040.0,20040.0,113120228880.0
transfer_fixed_five,0.007091805843579723,B2,B2-rank3-q1-r4-K2,6305879,1.1279095157845584,0.0037168195009252836,0.00026014045149713727,0.001297844501928322,0.004754523551356468,6242.53125,6242.53125,39364646716.21875
transfer_fixed_five,0.007091805843579723,B3,B3-rank0-q8-r32-K4,1523658,2.1650464347641196,4.417696927649928e-05,3.5948699160792685e-06,0.004970487033577106,0.005011069132937526,35178.1875,35178.1875,53599526809.875
transfer_fixed_five,0.007162977777745734,B1,B1-rank12-q1-r0-K0,5249625,1.0,0.0037234676383787746,0.0002615994585534187,0.0013415225217537803,0.004803390701579136,20040.0,20040.0,105202485000.0
transfer_fixed_five,0.007162977777745734,B2,B2-rank3-q1-r4-K2,5866805,1.1279095157845584,0.0037168195009252836,0.00026014045149713727,0.0013481706592072713,0.004804849708635418,6242.53125,6242.53125,36623713550.15625
transfer_fixed_five,0.007162977777745734,B3,B3-rank0-q8-r32-K4,1493386,2.1650464347641196,4.417696927649928e-05,3.5948699160792685e-06,0.005020813190856056,0.005061395290216476,35178.1875,35178.1875,52534612717.875
transfer_fixed_five,0.007234863979099068,B1,B1-rank12-q1-r0-K0,4892636,1.0,0.0037234676383787746,0.0002615994585534187,0.0013923537422044644,0.00485422192202982,20040.0,20040.0,98048425440.0
transfer_fixed_five,0.007234863979099068,B2,B2-rank3-q1-r4-K2,5469853,1.1279095157845584,0.0037168195009252836,0.00026014045149713727,0.0013990018796579554,0.004855680929086102,6242.53125,6242.53125,34145728285.40625
transfer_fixed_five,0.007234863979099068,B3,B3-rank0-q8-r32-K4,1463718,2.1650464347641196,4.417696927649928e-05,3.5948699160792685e-06,0.00507164441130674,0.00511222651066716,35178.1875,35178.1875,51490946251.125
transfer_fixed_five,0.007307471615881263,B1,B1-rank12-q1-r0-K0,4569075,1.0,0.0037234676383787746,0.0002615994585534187,0.001443695094539084,0.00490556327436444,20040.0,20040.0,91564263000.0
transfer_fixed_five,0.007307471615881263,B2,B2-rank3-q1-r4-K2,5109878,1.1279095157845584,0.0037168195009252836,0.00026014045149713727,0.001450343231992575,0.004907022281420721,6242.53125,6242.53125,31898573098.6875
transfer_fixed_five,0.007307471615881263,B3,B3-rank0-q8-r32-K4,1434640,2.1650464347641196,4.417696927649928e-05,3.5948699160792685e-06,0.005122985763641359,0.005163567863001779,35178.1875,35178.1875,50468034915.0
transfer_fixed_five,0.007380807928272885,B1,B1-rank12-q1-r0-K0,4274952,1.0,0.0037234676383787746,0.0002615994585534187,0.0014955516983384152,0.004957419878163771,20040.0,20040.0,85670038080.0
transfer_fixed_five,0.007380807928272885,B2,B2-rank3-q1-r4-K2,4782490,1.1279095157845584,0.0037168195009252836,0.00026014045149713727,0.0015021998357919062,0.0049588788852200525,6242.53125,6242.53125,29854843277.8125
transfer_fixed_five,0.007380807928272885,B3,B3-rank0-q8-r32-K4,1406142,2.1650464347641196,4.417696927649928e-05,3.5948699160792685e-06,0.0051748423674406905,0.0052154244668011105,35178.1875,35178.1875,49465526927.625
transfer_fixed_five,0.0074548802291154945,B1,B1-rank12-q1-r0-K0,4006851,1.0,0.0037234676383787746,0.0002615994585534187,0.0015479287245623143,0.00500979690438767,20040.0,20040.0,80297294040.0
transfer_fixed_five,0.0074548802291154945,B2,B2-rank3-q1-r4-K2,4483927,1.1279095157845584,0.0037168195009252836,0.00026014045149713727,0.0015545768620158053,0.005011255911443952,6242.53125,6242.53125,27991054420.21875
transfer_fixed_five,0.0074548802291154945,B3,B3-rank0-q8-r32-K4,1378210,2.1650464347641196,4.417696927649928e-05,3.5948699160792685e-06,0.00522721939366459,0.00526780149302501,35178.1875,35178.1875,48482929794.375
transfer_fixed_five,0.007529695904640853,B1,B1-rank12-q1-r0-K0,3761837,1.0,0.0037234676383787746,0.0002615994585534187,0.0016008313960653477,0.0050626995758907035,20040.0,20040.0,75387213480.0
transfer_fixed_five,0.007529695904640853,B2,B2-rank3-q1-r4-K2,4210950,1.1279095157845584,0.0037168195009252836,0.00026014045149713727,0.0016074795335188387,0.005064158582946985,6242.53125,6242.53125,26286986967.1875
transfer_fixed_five,0.007529695904640853,B3,B3-rank0-q8-r32-K4,1350835,2.1650464347641196,4.417696927649928e-05,3.5948699160792685e-06,0.005280122065167623,0.005320704164528043,35178.1875,35178.1875,47519926911.5625
transfer_fixed_five,0.00760526241520746,B1,B1-rank12-q1-r0-K0,3537371,1.0,0.0037234676383787746,0.0002615994585534187,0.0016542649881176007,0.0051161331679429566,20040.0,20040.0,70888914840.0
transfer_fixed_five,0.00760526241520746,B2,B2-rank3-q1-r4-K2,3960759,1.1279095157845584,0.0037168195009252836,0.00026014045149713727,0.0016609131255710917,0.005117592174999238,6242.53125,6242.53125,24725161831.21875
transfer_fixed_five,0.00760526241520746,B3,B3-rank0-q8-r32-K4,1324004,2.1650464347641196,4.417696927649928e-05,3.5948699160792685e-06,0.005333555657219876,0.005374137756580296,35178.1875,35178.1875,46576060962.75
transfer_fixed_five,0.007681587296044463,B1,B1-rank12-q1-r0-K0,3331252,1.0,0.0037234676383787746,0.0002615994585534187,0.0017082348289307004,0.005170103008756056,20040.0,20040.0,66758290080.0
transfer_fixed_five,0.007681587296044463,B2,B2-rank3-q1-r4-K2,3730928,1.1279095157845584,0.0037168195009252836,0.00026014045149713727,0.0017148829663841915,0.005171562015812338,6242.53125,6242.53125,23290434631.5
transfer_fixed_five,0.007681587296044463,B3,B3-rank0-q8-r32-K4,1297708,2.1650464347641196,4.417696927649928e-05,3.5948699160792685e-06,0.005387525498032976,0.005428107597393396,35178.1875,35178.1875,45651015344.25
transfer_fixed_five,0.007758678158003055,B1,B1-rank12-q1-r0-K0,3141564,1.0,0.0037234676383787746,0.0002615994585534187,0.0017627463001891365,0.005224614480014492,20040.0,20040.0,62956942560.0
transfer_fixed_five,0.007758678158003055,B2,B2-rank3-q1-r4-K2,3519337,1.1279095157845584,0.0037168195009252836,0.00026014045149713727,0.0017693944376426275,0.005226073487070774,6242.53125,6242.53125,21969571201.78125
transfer_fixed_five,0.007758678158003055,B3,B3-rank0-q8-r32-K4,1271935,2.1650464347641196,4.417696927649928e-05,3.5948699160792685e-06,0.005442036969291412,0.005482619068651832,35178.1875,35178.1875,44744367917.8125
transfer_fixed_five,0.007836542688315398,B1,B1-rank12-q1-r0-K0,2966633,1.0,0.0037234676383787746,0.0002615994585534187,0.0018178048375869001,0.005279673017412256,20040.0,20040.0,59451325320.0
transfer_fixed_five,0.007836542688315398,B2,B2-rank3-q1-r4-K2,3324136,1.1279095157845584,0.0037168195009252836,0.00026014045149713727,0.0018244529750403912,0.0052811320244685375,6242.53125,6242.53125,20751022859.25
transfer_fixed_five,0.007836542688315398,B3,B3-rank0-q8-r32-K4,1246675,2.1650464347641196,4.417696927649928e-05,3.5948699160792685e-06,0.0054970955066891754,0.0055376776060495955,35178.1875,35178.1875,43855766901.5625
transfer_fixed_five,0.007915188651361163,B1,B1-rank12-q1-r0-K0,2804990,1.0,0.0037234676383787746,0.0002615994585534187,0.0018734159313695074,0.005335284111194863,20040.0,20040.0,56211999600.0
transfer_fixed_five,0.007915188651361163,B2,B2-rank3-q1-r4-K2,3143702,1.1279095157845584,0.0037168195009252836,0.00026014045149713727,0.0018800640688229984,0.005336743118251145,6242.53125,6242.53125,19624657975.6875
transfer_fixed_five,0.007915188651361163,B3,B3-rank0-q8-r32-K4,1221918,2.1650464347641196,4.417696927649928e-05,3.5948699160792685e-06,0.005552706600471783,0.005593288699832203,35178.1875,35178.1875,42984860513.625
transfer_fixed_five,0.007994623889441776,B1,B1-rank12-q1-r0-K0,2655346,1.0,0.0037234676383787746,0.0002615994585534187,0.0019295851268814768,0.005391453306706833,20040.0,20040.0,53213133840.0
transfer_fixed_five,0.007994623889441776,B2,B2-rank3-q1-r4-K2,2976606,1.1279095157845584,0.0037168195009252836,0.00026014045149713727,0.0019362332643349679,0.005392912313763114,6242.53125,6242.53125,18581555973.9375
transfer_fixed_five,0.007994623889441776,B3,B3-rank0-q8-r32-K4,1197654,2.1650464347641196,4.417696927649928e-05,3.5948699160792685e-06,0.005608875795983752,0.005649457895344172,35178.1875,35178.1875,42131296972.125
transfer_fixed_five,0.008074856323562416,B1,B1-rank12-q1-r0-K0,2516560,1.0,0.0037234676383787746,0.0002615994585534187,0.001986318025119284,0.00544818620494464,20040.0,20040.0,50431862400.0
transfer_fixed_five,0.008074856323562416,B2,B2-rank3-q1-r4-K2,2821586,1.1279095157845584,0.0037168195009252836,0.00026014045149713727,0.001992966162572775,0.0054496452120009215,6242.53125,6242.53125,17613838779.5625
transfer_fixed_five,0.008074856323562416,B3,B3-rank0-q8-r32-K4,1173872,2.1650464347641196,4.417696927649928e-05,3.5948699160792685e-06,0.0056656086942215595,0.0057061907935819795,35178.1875,35178.1875,41294689317.0
transfer_fixed_five,0.00815589395422187,B1,B1-rank12-q1-r0-K0,2387623,1.0,0.0037234676383787746,0.0002615994585534187,0.0020436202832898754,0.005505488463115231,20040.0,20040.0,47847964920.0
transfer_fixed_five,0.00815589395422187,B2,B2-rank3-q1-r4-K2,2677525,1.1279095157845584,0.0037168195009252836,0.00026014045149713727,0.0020502684207433664,0.005506947470171513,6242.53125,6242.53125,16714533485.15625
transfer_fixed_five,0.00815589395422187,B3,B3-rank0-q8-r32-K4,1150564,2.1650464347641196,4.417696927649928e-05,3.5948699160792685e-06,0.005722910952392151,0.005763493051752571,35178.1875,35178.1875,40474756122.75
transfer_fixed_five,0.008237744862210327,B1,B1-rank12-q1-r0-K0,2267642,1.0,0.0037234676383787746,0.0002615994585534187,0.0021014976153747892,0.005563365795200145,20040.0,20040.0,45443545680.0
transfer_fixed_five,0.008237744862210327,B2,B2-rank3-q1-r4-K2,2543432,1.1279095157845584,0.0037168195009252836,0.00026014045149713727,0.0021081457528282803,0.0055648248022564266,6242.53125,6242.53125,15877453742.25
transfer_fixed_five,0.008237744862210327,B3,B3-rank0-q8-r32-K4,1127719,2.1650464347641196,4.417696927649928e-05,3.5948699160792685e-06,0.0057807882844770645,0.0058213703838374846,35178.1875,35178.1875,39671110429.3125
transfer_fixed_five,0.008320417209415154,B1,B1-rank12-q1-r0-K0,2155819,1.0,0.0037234676383787746,0.0002615994585534187,0.0021599557926999307,0.005621823972525287,20040.0,20040.0,43202612760.0
transfer_fixed_five,0.008320417209415154,B2,B2-rank3-q1-r4-K2,2418424,1.1279095157845584,0.0037168195009252836,0.00026014045149713727,0.0021666039301534218,0.005623282979581568,6242.53125,6242.53125,15097087395.75
transfer_fixed_five,0.008320417209415154,B3,B3-rank0-q8-r32-K4,1105329,2.1650464347641196,4.417696927649928e-05,3.5948699160792685e-06,0.005839246461802206,0.005879828561162626,35178.1875,35178.1875,38883470811.1875
transfer_fixed_five,0.00840391923963477,B1,B1-rank12-q1-r0-K0,2051445,1.0,0.0037234676383787746,0.0002615994585534187,0.002219000644511065,0.005680868824336421,20040.0,20040.0,41110957800.0
transfer_fixed_five,0.00840391923963477,B2,B2-rank3-q1-r4-K2,2301711,1.1279095157845584,0.0037168195009252836,0.00026014045149713727,0.002225648781964556,0.005682327831392702,6242.53125,6242.53125,14368502845.96875
transfer_fixed_five,0.00840391923963477,B3,B3-rank0-q8-r32-K4,1083384,2.1650464347641196,4.417696927649928e-05,3.5948699160792685e-06,0.00589829131361334,0.00593887341297376,35178.1875,35178.1875,38111485486.5
transfer_fixed_five,0.008488259279400698,B1,B1-rank12-q1-r0-K0,1953883,1.0,0.0037234676383787746,0.0002615994585534187,0.002278638058555096,0.005740506238380452,20040.0,20040.0,39155815320.0
transfer_fixed_five,0.008488259279400698,B2,B2-rank3-q1-r4-K2,2192591,1.1279095157845584,0.0037168195009252836,0.00026014045149713727,0.002285286196008587,0.005741965245436733,6242.53125,6242.53125,13687317835.96875
transfer_fixed_five,0.008488259279400698,B3,B3-rank0-q8-r32-K4,1061876,2.1650464347641196,4.417696927649928e-05,3.5948699160792685e-06,0.005957928727657371,0.005998510827017791,35178.1875,35178.1875,37354873029.75
transfer_fixed_five,0.008573445738807854,B1,B1-rank12-q1-r0-K0,1862566,1.0,0.0037234676383787746,0.0002615994585534187,0.0023388739816671686,0.0058007421614925244,20040.0,20040.0,37325822640.0
transfer_fixed_five,0.008573445738807854,B2,B2-rank3-q1-r4-K2,2090428,1.1279095157845584,0.0037168195009252836,0.00026014045149713727,0.0023455221191206596,0.005802201168548806,6242.53125,6242.53125,13049562115.875
transfer_fixed_five,0.008573445738807854,B3,B3-rank0-q8-r32-K4,1040796,2.1650464347641196,4.417696927649928e-05,3.5948699160792685e-06,0.006018164650769444,0.006058746750129864,35178.1875,35178.1875,36613316837.25
transfer_fixed_five,0.008659487112353172,B1,B1-rank12-q1-r0-K0,1776980,1.0,0.0037234676383787746,0.0002615994585534187,0.002399714420363668,0.005861582600189024,20040.0,20040.0,35610679200.0
transfer_fixed_five,0.008659487112353172,B2,B2-rank3-q1-r4-K2,1994657,1.1279095157845584,0.0037168195009252836,0.00026014045149713727,0.002406362557817159,0.0058630416072453055,6242.53125,6242.53125,12451708655.53125
transfer_fixed_five,0.008659487112353172,B3,B3-rank0-q8-r32-K4,1020135,2.1650464347641196,4.417696927649928e-05,3.5948699160792685e-06,0.0060790050894659435,0.0061195871888263635,35178.1875,35178.1875,35886500305.3125
transfer_fixed_five,0.00874639197978264,B1,B1-rank12-q1-r0-K0,1696664,1.0,0.0037234676383787746,0.0002615994585534187,0.002461165441441162,0.005923033621266518,20040.0,20040.0,34001146560.0
transfer_fixed_five,0.00874639197978264,B2,B2-rank3-q1-r4-K2,1904764,1.1279095157845584,0.0037168195009252836,0.00026014045149713727,0.002467813578894653,0.005924492628322799,6242.53125,6242.53125,11890548793.875
transfer_fixed_five,0.00874639197978264,B3,B3-rank0-q8-r32-K4,999885,2.1650464347641196,4.417696927649928e-05,3.5948699160792685e-06,0.006140456110543437,0.006181038209903857,35178.1875,35178.1875,35174142008.4375
transfer_fixed_five,0.008834169006946852,B1,B1-rank12-q1-r0-K0,1621205,1.0,0.0037234676383787746,0.0002615994585534187,0.0025232331725813725,0.005985101352406728,20040.0,20040.0,32488948200.0
transfer_fixed_five,0.008834169006946852,B2,B2-rank3-q1-r4-K2,1820289,1.1279095157845584,0.0037168195009252836,0.00026014045149713727,0.0025298813100348636,0.00598656035946301,6242.53125,6242.53125,11363210966.53125
transfer_fixed_five,0.008834169006946852,B3,B3-rank0-q8-r32-K4,980037,2.1650464347641196,4.417696927649928e-05,3.5948699160792685e-06,0.006202523841683648,0.006243105941044068,35178.1875,35178.1875,34475925342.9375
transfer_fixed_five,0.008922826946665132,B1,B1-rank12-q1-r0-K0,1550225,1.0,0.0037234676383787746,0.0002615994585534187,0.0025859238029621963,0.006047791982787552,20040.0,20040.0,31066509000.0
transfer_fixed_five,0.008922826946665132,B2,B2-rank3-q1-r4-K2,1740812,1.1279095157845584,0.0037168195009252836,0.00026014045149713727,0.0025925719404156873,0.006049250989843834,6242.53125,6242.53125,10867073310.375
transfer_fixed_five,0.008922826946665132,B3,B3-rank0-q8-r32-K4,960585,2.1650464347641196,4.417696927649928e-05,3.5948699160792685e-06,0.006265214472064472,0.006305796571424892,35178.1875,35178.1875,33791639239.6875
transfer_fixed_five,0.009012374639598334,B1,B1-rank12-q1-r0-K0,1483383,1.0,0.0037234676383787746,0.0002615994585534187,0.0026492435838748746,0.0061111117637002305,20040.0,20040.0,29726995320.0
transfer_fixed_five,0.009012374639598334,B2,B2-rank3-q1-r4-K2,1665954,1.1279095157845584,0.0037168195009252836,0.00026014045149713727,0.0026558917213283656,0.006112570770756512,6242.53125,6242.53125,10399769906.0625
transfer_fixed_five,0.009012374639598334,B3,B3-rank0-q8-r32-K4,941520,2.1650464347641196,4.417696927649928e-05,3.5948699160792685e-06,0.00632853425297715,0.00636911635233757,35178.1875,35178.1875,33120967095.0
transfer_fixed_five,0.009102821015130401,B1,B1-rank12-q1-r0-K0,1420372,1.0,0.0037234676383787746,0.0002615994585534187,0.0027131988293473434,0.006175067009172699,20040.0,20040.0,28464254880.0
transfer_fixed_five,0.009102821015130401,B2,B2-rank3-q1-r4-K2,1595373,1.1279095157845584,0.0037168195009252836,0.00026014045149713727,0.0027198469668008344,0.006176526016228981,6242.53125,6242.53125,9959165807.90625
transfer_fixed_five,0.009102821015130401,B3,B3-rank0-q8-r32-K4,922832,2.1650464347641196,4.417696927649928e-05,3.5948699160792685e-06,0.006392489498449619,0.006433071597810039,35178.1875,35178.1875,32463557127.0
transfer_fixed_five,0.009194175092258776,B1,B1-rank12-q1-r0-K0,1360911,1.0,0.0037234676383787746,0.0002615994585534187,0.002777795916773857,0.006239664096599213,20040.0,20040.0,27272656440.0
transfer_fixed_five,0.009194175092258776,B2,B2-rank3-q1-r4-K2,1528755,1.1279095157845584,0.0037168195009252836,0.00026014045149713727,0.002784444054227348,0.006241123103655494,6242.53125,6242.53125,9543300861.09375
transfer_fixed_five,0.009194175092258776,B3,B3-rank0-q8-r32-K4,904517,2.1650464347641196,4.417696927649928e-05,3.5948699160792685e-06,0.006457086585876132,0.006497668685236552,35178.1875,35178.1875,31819268622.9375
transfer_fixed_five,0.009286445980493743,B1,B1-rank12-q1-r0-K0,1304743,1.0,0.0037234676383787746,0.0002615994585534187,0.0028430412875509077,0.006304909467376264,20040.0,20040.0,26147049720.0
transfer_fixed_five,0.009286445980493743,B2,B2-rank3-q1-r4-K2,1465817,1.1279095157845584,0.0037168195009252836,0.00026014045149713727,0.0028496894250043987,0.006306368474432545,6242.53125,6242.53125,9150408429.28125
transfer_fixed_five,0.009286445980493743,B3,B3-rank0-q8-r32-K4,886567,2.1650464347641196,4.417696927649928e-05,3.5948699160792685e-06,0.006522331956653183,0.006562914056013603,35178.1875,35178.1875,31187820157.3125
transfer_fixed_five,0.009379642880766792,B1,B1-rank12-q1-r0-K0,1251635,1.0,0.0037234676383787746,0.0002615994585534187,0.002908941447719547,0.006370809627544903,20040.0,20040.0,25082765400.0
transfer_fixed_five,0.009379642880766792,B2,B2-rank3-q1-r4-K2,1406298,1.1279095157845584,0.0037168195009252836,0.00026014045149713727,0.002915589585173038,0.0063722686346011845,6242.53125,6242.53125,8778859211.8125
transfer_fixed_five,0.009379642880766792,B3,B3-rank0-q8-r32-K4,868972,2.1650464347641196,4.417696927649928e-05,3.5948699160792685e-06,0.0065882321168218225,0.0066288142161822425,35178.1875,35178.1875,30568859948.25
transfer_fixed_five,0.009473775086348108,B1,B1-rank12-q1-r0-K0,1201374,1.0,0.0037234676383787746,0.0002615994585534187,0.0029755029686141417,0.0064373711484394976,20040.0,20040.0,24075534960.0
transfer_fixed_five,0.009473775086348108,B2,B2-rank3-q1-r4-K2,1349960,1.1279095157845584,0.0037168195009252836,0.00026014045149713727,0.0029821511060676327,0.006438830155495779,6242.53125,6242.53125,8427167486.25
transfer_fixed_five,0.009473775086348108,B3,B3-rank0-q8-r32-K4,851728,2.1650464347641196,4.417696927649928e-05,3.5948699160792685e-06,0.006654793637716417,0.006695375737076837,35178.1875,35178.1875,29962247283.0
transfer_fixed_five,0.009568851983773266,B1,B1-rank12-q1-r0-K0,1153764,1.0,0.0037234676383787746,0.0002615994585534187,0.003042732487517649,0.006504600667343005,20040.0,20040.0,23121430560.0
transfer_fixed_five,0.009568851983773266,B2,B2-rank3-q1-r4-K2,1296587,1.1279095157845584,0.0037168195009252836,0.00026014045149713727,0.00304938062497114,0.006506059674399286,6242.53125,6242.53125,8093984865.84375
transfer_fixed_five,0.009568851983773266,B3,B3-rank0-q8-r32-K4,834827,2.1650464347641196,4.417696927649928e-05,3.5948699160792685e-06,0.006722023156619924,0.006762605255980344,35178.1875,35178.1875,29367700736.0625
transfer_fixed_five,0.009664883053779216,B1,B1-rank12-q1-r0-K0,1108628,1.0,0.0037234676383787746,0.0002615994585534187,0.0031106367083234563,0.006572504888148812,20040.0,20040.0,22216905120.0
transfer_fixed_five,0.009664883053779216,B2,B2-rank3-q1-r4-K2,1245978,1.1279095157845584,0.0037168195009252836,0.00026014045149713727,0.0031172848457769473,0.006573963895205094,6242.53125,6242.53125,7778056601.8125
transfer_fixed_five,0.009664883053779216,B3,B3-rank0-q8-r32-K4,818262,2.1650464347641196,4.417696927649928e-05,3.5948699160792685e-06,0.006789927377425732,0.006830509476786152,35178.1875,35178.1875,28784974060.125
transfer_fixed_five,0.009761877872249677,B1,B1-rank12-q1-r0-K0,1065802,1.0,0.0037234676383787746,0.0002615994585534187,0.0031792224022038776,0.0066410905820292335,20040.0,20040.0,21358672080.0
transfer_fixed_five,0.009761877872249677,B2,B2-rank3-q1-r4-K2,1197952,1.1279095157845584,0.0037168195009252836,0.00026014045149713727,0.0031858705396573686,0.006642549589085515,6242.53125,6242.53125,7478252796.0
transfer_fixed_five,0.009761877872249677,B3,B3-rank0-q8-r32-K4,802026,2.1650464347641196,4.417696927649928e-05,3.5948699160792685e-06,0.006858513071306153,0.006899095170666573,35178.1875,35178.1875,28213821007.875
transfer_fixed_five,0.009859846111170006,B1,B1-rank12-q1-r0-K0,1025134,1.0,0.0037234676383787746,0.0002615994585534187,0.0032484964082853457,0.0067103645881107015,20040.0,20040.0,20543685360.0
transfer_fixed_five,0.009859846111170006,B2,B2-rank3-q1-r4-K2,1152340,1.1279095157845584,0.0037168195009252836,0.00026014045149713727,0.0032551445457388367,0.006711823595166983,6242.53125,6242.53125,7193518460.625
transfer_fixed_five,0.009859846111170006,B3,B3-rank0-q8-r32-K4,786112,2.1650464347641196,4.417696927649928e-05,3.5948699160792685e-06,0.006927787077387621,0.006968369176748041,35178.1875,35178.1875,27653995332.0
transfer_fixed_five,0.009958797539591653,B1,B1-rank12-q1-r0-K0,986485,1.0,0.0037234676383787746,0.0002615994585534187,0.0033184656343303873,0.006780333814155743,20040.0,20040.0,19769159400.0
transfer_fixed_five,0.009958797539591653,B2,B2-rank3-q1-r4-K2,1108987,1.1279095157845584,0.0037168195009252836,0.00026014045149713727,0.0033251137717838783,0.006781792821212025,6242.53125,6242.53125,6922886003.34375
transfer_fixed_five,0.009958797539591653,B3,B3-rank0-q8-r32-K4,770515,2.1650464347641196,4.417696927649928e-05,3.5948699160792685e-06,0.006997756303432663,0.007038338402793083,35178.1875,35178.1875,27105321141.5625
transfer_fixed_five,0.0100587420246063,B0,B0-rank6-q1-r0-K0,2577115353,1.0,0.007054286627580134,0.0006265786540605722,5.831806822508348e-05,0.006486026041744645,10471.0,10471.0,26984974861263.0
transfer_fixed_five,0.0100587420246063,B1,B1-rank12-q1-r0-K0,949727,1.0,0.0037234676383787746,0.0002615994585534187,0.0033891370574264425,0.006851005237251798,20040.0,20040.0,19032529080.0
transfer_fixed_five,0.0100587420246063,B2,B2-rank3-q1-r4-K2,1067750,1.1279095157845584,0.0037168195009252836,0.00026014045149713727,0.0033957851948799335,0.00685246424430808,6242.53125,6242.53125,6665462742.1875
transfer_fixed_five,0.0100587420246063,B3,B3-rank0-q8-r32-K4,755228,2.1650464347641196,4.417696927649928e-05,3.5948699160792685e-06,0.007068427726528718,0.007109009825889138,35178.1875,35178.1875,26567552189.25
transfer_fixed_five,0.010159689532329779,B0,B0-rank6-q1-r0-K0,521198782,1.0,0.007054286627580134,0.0006265786540605722,0.00012969873548023588,0.006557406708999797,10471.0,10471.0,5457472446322.0
transfer_fixed_five,0.010159689532329779,B1,B1-rank12-q1-r0-K0,914744,1.0,0.0037234676383787746,0.0002615994585534187,0.003460517724681595,0.006922385904506951,20040.0,20040.0,18331469760.0
transfer_fixed_five,0.010159689532329779,B2,B2-rank3-q1-r4-K2,1028499,1.1279095157845584,0.0037168195009252836,0.00026014045149713727,0.003467165862135086,0.006923844911563232,6242.53125,6242.53125,6420437148.09375
transfer_fixed_five,0.010159689532329779,B3,B3-rank0-q8-r32-K4,740244,2.1650464347641196,4.417696927649928e-05,3.5948699160792685e-06,0.00713980839378387,0.00718039049314429,35178.1875,35178.1875,26040442227.75
transfer_fixed_five,0.010261650128895843,B0,B0-rank6-q1-r0-K0,215418561,1.0,0.007054286627580134,0.0006265786540605722,0.00020179576472592609,0.0066295037382454874,10471.0,10471.0,2255647752231.0
transfer_fixed_five,0.010261650128895843,B1,B1-rank12-q1-r0-K0,881425,1.0,0.0037234676383787746,0.0002615994585534187,0.003532614753927285,0.006994482933752641,20040.0,20040.0,17663757000.0
transfer_fixed_five,0.010261650128895843,B2,B2-rank3-q1-r4-K2,991111,1.1279095157845584,0.0037168195009252836,0.00026014045149713727,0.003539262891380776,0.006995941940808922,6242.53125,6242.53125,6187041389.71875
transfer_fixed_five,0.010261650128895843,B3,B3-rank0-q8-r32-K4,725559,2.1650464347641196,4.417696927649928e-05,3.5948699160792685e-06,0.00721190542302956,0.00725248752238998,35178.1875,35178.1875,25523850544.3125
transfer_fixed_five,0.010364633981459941,B0,B0-rank6-q1-r0-K0,116407439,1.0,0.007054286627580134,0.0006265786540605722,0.00027461634522671537,0.006702324318746277,10471.0,10471.0,1218902293769.0
transfer_fixed_five,0.010364633981459941,B1,B1-rank12-q1-r0-K0,849670,1.0,0.0037234676383787746,0.0002615994585534187,0.0036054353344280744,0.00706730351425343,20040.0,20040.0,17027386800.0
transfer_fixed_five,0.010364633981459941,B2,B2-rank3-q1-r4-K2,955473,1.1279095157845584,0.0037168195009252836,0.00026014045149713727,0.0036120834718815654,0.007068762521309712,6242.53125,6242.53125,5964570061.03125
transfer_fixed_five,0.010364633981459941,B3,B3-rank0-q8-r32-K4,711165,2.1650464347641196,4.417696927649928e-05,3.5948699160792685e-06,0.00728472600353035,0.00732530810289077,35178.1875,35178.1875,25017495713.4375
transfer_fixed_five,0.01046865135921304,B0,B0-rank6-q1-r0-K0,72489166,1.0,0.007054286627580134,0.0006265786540605722,0.00034816773839717405,0.006775875711916735,10471.0,10471.0,759034057186.0
transfer_fixed_five,0.01046865135921304,B1,B1-rank12-q1-r0-K0,819386,1.0,0.0037234676383787746,0.0002615994585534187,0.003678986727598533,0.007140854907423889,20040.0,20040.0,16420495440.0
transfer_fixed_five,0.01046865135921304,B2,B2-rank3-q1-r4-K2,921481,1.1279095157845584,0.0037168195009252836,0.00026014045149713727,0.003685634865052024,0.00714231391448017,6242.53125,6242.53125,5752373938.78125
transfer_fixed_five,0.01046865135921304,B3,B3-rank0-q8-r32-K4,697058,2.1650464347641196,4.417696927649928e-05,3.5948699160792685e-06,0.007358277396700808,0.007398859496061228,35178.1875,35178.1875,24521237022.375
transfer_fixed_five,0.010573712634405642,B0,B0-rank6-q1-r0-K0,49293318,1.0,0.007054286627580134,0.0006265786540605722,0.000422457278525969,0.00685016525204553,10471.0,10471.0,516150332778.0
transfer_fixed_five,0.010573712634405642,B1,B1-rank12-q1-r0-K0,790486,1.0,0.0037234676383787746,0.0002615994585534187,0.003753276267727328,0.007215144447552684,20040.0,20040.0,15841339440.0
transfer_fixed_five,0.010573712634405642,B2,B2-rank3-q1-r4-K2,889040,1.1279095157845584,0.0037168195009252836,0.00026014045149713727,0.003759924405180819,0.007216603454608965,6242.53125,6242.53125,5549859982.5
transfer_fixed_five,0.010573712634405642,B3,B3-rank0-q8-r32-K4,683230,2.1650464347641196,4.417696927649928e-05,3.5948699160792685e-06,0.007432566936829603,0.007473149036190023,35178.1875,35178.1875,24034793045.625
transfer_fixed_five,0.010679828283382063,B0,B0-rank6-q1-r0-K0,35593251,1.0,0.007054286627580134,0.0006265786540605722,0.0004974923735072082,0.00692520034702677,10471.0,10471.0,372696931221.0
transfer_fixed_five,0.010679828283382063,B1,B1-rank12-q1-r0-K0,762890,1.0,0.0037234676383787746,0.0002615994585534187,0.003828311362708567,0.007290179542533923,20040.0,20040.0,15288315600.0
transfer_fixed_five,0.010679828283382063,B2,B2-rank3-q1-r4-K2,858059,1.1279095157845584,0.0037168195009252836,0.00026014045149713727,0.0038349595001620582,0.0072916385495902045,6242.53125,6242.53125,5356460121.84375
transfer_fixed_five,0.010679828283382063,B3,B3-rank0-q8-r32-K4,669677,2.1650464347641196,4.417696927649928e-05,3.5948699160792685e-06,0.0075076020318108425,0.0075481841311712625,35178.1875,35178.1875,23558023070.4375
transfer_fixed_five,0.010787008887625097,B0,B0-rank6-q1-r0-K0,26845594,1.0,0.007054286627580134,0.0006265786540605722,0.0005732805055791287,0.00700098847909869,10471.0,10471.0,281100214774.0
transfer_fixed_five,0.010787008887625097,B1,B1-rank12-q1-r0-K0,736522,1.0,0.0037234676383787746,0.0002615994585534187,0.0039040994947804877,0.007365967674605844,20040.0,20040.0,14759900880.0
transfer_fixed_five,0.010787008887625097,B2,B2-rank3-q1-r4-K2,828454,1.1279095157845584,0.0037168195009252836,0.00026014045149713727,0.003910747632233979,0.007367426681662125,6242.53125,6242.53125,5171649984.1875
transfer_fixed_five,0.010787008887625097,B3,B3-rank0-q8-r32-K4,656393,2.1650464347641196,4.417696927649928e-05,3.5948699160792685e-06,0.007583390163882763,0.007623972263243183,35178.1875,35178.1875,23090716027.6875
transfer_fixed_five,0.010895265134811176,B0,B0-rank6-q1-r0-K0,20929187,1.0,0.007054286627580134,0.0006265786540605722,0.0006498292320702122,0.007077537205589774,10471.0,10471.0,219149517077.0
transfer_fixed_five,0.010895265134811176,B1,B1-rank12-q1-r0-K0,711315,1.0,0.0037234676383787746,0.0002615994585534187,0.003980648221271571,0.007442516401096927,20040.0,20040.0,14254752600.0
transfer_fixed_five,0.010895265134811176,B2,B2-rank3-q1-r4-K2,800150,1.1279095157845584,0.0037168195009252836,0.00026014045149713727,0.003987296358725062,0.0074439754081532085,6242.53125,6242.53125,4994961379.6875
transfer_fixed_five,0.010895265134811176,B3,B3-rank0-q8-r32-K4,643374,2.1650464347641196,4.417696927649928e-05,3.5948699160792685e-06,0.0076599388903738465,0.0077005209897342665,35178.1875,35178.1875,22632731204.625
transfer_fixed_five,0.011004607819876085,B0,B0-rank6-q1-r0-K0,16746506,1.0,0.007054286627580134,0.0006265786540605722,0.0007271461861527544,0.007154854159672316,10471.0,10471.0,175352664326.0
transfer_fixed_five,0.011004607819876085,B1,B1-rank12-q1-r0-K0,687202,1.0,0.0037234676383787746,0.0002615994585534187,0.004057965175354113,0.007519833355179469,20040.0,20040.0,13771528080.0
transfer_fixed_five,0.011004607819876085,B2,B2-rank3-q1-r4-K2,773072,1.1279095157845584,0.0037168195009252836,0.00026014045149713727,0.004064613312807604,0.007521292362235751,6242.53125,6242.53125,4825926118.5
transfer_fixed_five,0.011004607819876085,B3,B3-rank0-q8-r32-K4,630613,2.1650464347641196,4.417696927649928e-05,3.5948699160792685e-06,0.007737255844456389,0.007777837943816809,35178.1875,35178.1875,22183822353.9375
transfer_fixed_five,0.011115047846091417,B0,B0-rank6-q1-r0-K0,13683746,1.0,0.007054286627580134,0.0006265786540605722,0.0008052390776040353,0.007232947051123597,10471.0,10471.0,143282504366.0
transfer_fixed_five,0.011115047846091417,B1,B1-rank12-q1-r0-K0,664125,1.0,0.0037234676383787746,0.0002615994585534187,0.004136058066805394,0.00759792624663075,20040.0,20040.0,13309065000.0
transfer_fixed_five,0.011115047846091417,B2,B2-rank3-q1-r4-K2,747153,1.1279095157845584,0.0037168195009252836,0.00026014045149713727,0.004142706204258885,0.007599385253687032,6242.53125,6242.53125,4664125951.03125
transfer_fixed_five,0.011115047846091417,B3,B3-rank0-q8-r32-K4,618105,2.1650464347641196,4.417696927649928e-05,3.5948699160792685e-06,0.00781534873590767,0.00785593083526809,35178.1875,35178.1875,21743813584.6875
transfer_fixed_five,0.011226596226151802,B0,B0-rank6-q1-r0-K0,11376026,1.0,0.007054286627580134,0.0006265786540605722,0.0008841156935751084,0.00731182366709467,10471.0,10471.0,119118368246.0
transfer_fixed_five,0.011226596226151802,B1,B1-rank12-q1-r0-K0,642026,1.0,0.0037234676383787746,0.0002615994585534187,0.004214934682776467,0.007676802862601823,20040.0,20040.0,12866201040.0
transfer_fixed_five,0.011226596226151802,B2,B2-rank3-q1-r4-K2,722333,1.1279095157845584,0.0037168195009252836,0.00026014045149713727,0.004221582820229958,0.007678261869658105,6242.53125,6242.53125,4509186325.40625
transfer_fixed_five,0.011226596226151802,B3,B3-rank0-q8-r32-K4,605847,2.1650464347641196,4.417696927649928e-05,3.5948699160792685e-06,0.007894225351878743,0.007934807451239163,35178.1875,35178.1875,21312599362.3125
transfer_fixed_five,0.011339264083273048,B0,B0-rank6-q1-r0-K0,9595496,1.0,0.007054286627580134,0.0006265786540605722,0.0009637838993672987,0.00739149187288686,10471.0,10471.0,100474438616.0
transfer_fixed_five,0.011339264083273048,B1,B1-rank12-q1-r0-K0,620854,1.0,0.0037234676383787746,0.0002615994585534187,0.004294602888568658,0.007756471068394014,20040.0,20040.0,12441914160.0
transfer_fixed_five,0.011339264083273048,B2,B2-rank3-q1-r4-K2,698550,1.1279095157845584,0.0037168195009252836,0.00026014045149713727,0.004301251026022149,0.007757930075450295,6242.53125,6242.53125,4360720204.6875
transfer_fixed_five,0.011339264083273048,B3,B3-rank0-q8-r32-K4,593831,2.1650464347641196,4.417696927649928e-05,3.5948699160792685e-06,0.007973893557670933,0.008014475657031353,35178.1875,35178.1875,20889898261.3125
transfer_fixed_five,0.011453062652301322,B0,B0-rank6-q1-r0-K0,8193991,1.0,0.007054286627580134,0.0006265786540605722,0.001044251639216516,0.007471959612736077,10471.0,10471.0,85799279761.0
transfer_fixed_five,0.011453062652301322,B1,B1-rank12-q1-r0-K0,600560,1.0,0.0037234676383787746,0.0002615994585534187,0.004375070628417875,0.007836938808243231,20040.0,20040.0,12035222400.0
transfer_fixed_five,0.011453062652301322,B2,B2-rank3-q1-r4-K2,675751,1.1279095157845584,0.0037168195009252836,0.00026014045149713727,0.004381718765871366,0.007838397815299512,6242.53125,6242.53125,4218396734.71875
transfer_fixed_five,0.011453062652301322,B3,B3-rank0-q8-r32-K4,582055,2.1650464347641196,4.417696927649928e-05,3.5948699160792685e-06,0.00805436129752015,0.00809494339688057,35178.1875,35178.1875,20475639925.3125
transfer_fixed_five,0.011568003280833442,B0,B0-rank6-q1-r0-K0,7071819,1.0,0.007054286627580134,0.0006265786540605722,0.001125526937085423,0.0075532349106049845,10471.0,10471.0,74049016749.0
transfer_fixed_five,0.011568003280833442,B1,B1-rank12-q1-r0-K0,581096,1.0,0.0037234676383787746,0.0002615994585534187,0.004456345926286782,0.007918214106112138,20040.0,20040.0,11645163840.0
transfer_fixed_five,0.011568003280833442,B2,B2-rank3-q1-r4-K2,653884,1.1279095157845584,0.0037168195009252836,0.00026014045149713727,0.004462994063740273,0.00791967311316842,6242.53125,6242.53125,4081891303.875
transfer_fixed_five,0.011568003280833442,B3,B3-rank0-q8-r32-K4,570511,2.1650464347641196,4.417696927649928e-05,3.5948699160792685e-06,0.008135636595389057,0.008176218694749477,35178.1875,35178.1875,20069542928.8125
transfer_fixed_five,0.011684097430348409,B0,B0-rank6-q1-r0-K0,6159937,1.0,0.007054286627580134,0.0006265786540605722,0.0012076178974635404,0.007635325870983102,10471.0,10471.0,64500700327.0
transfer_fixed_five,0.011684097430348409,B1,B1-rank12-q1-r0-K0,562421,1.0,0.0037234676383787746,0.0002615994585534187,0.004538436886664899,0.008000305066490255,20040.0,20040.0,11270916840.0
transfer_fixed_five,0.011684097430348409,B2,B2-rank3-q1-r4-K2,632901,1.1279095157845584,0.0037168195009252836,0.00026014045149713727,0.00454508502411839,0.008001764073546537,6242.53125,6242.53125,3950904270.65625
transfer_fixed_five,0.011684097430348409,B3,B3-rank0-q8-r32-K4,559197,2.1650464347641196,4.417696927649928e-05,3.5948699160792685e-06,0.008217727555767175,0.008258309655127595,35178.1875,35178.1875,19671536915.4375
transfer_fixed_five,0.011801356677350336,B0,B0-rank6-q1-r0-K0,5409315,1.0,0.007054286627580134,0.0006265786540605722,0.0012905327061754311,0.0077182406796949925,10471.0,10471.0,56640937365.0
transfer_fixed_five,0.011801356677350336,B1,B1-rank12-q1-r0-K0,544496,1.0,0.0037234676383787746,0.0002615994585534187,0.00462135169537679,0.008083219875202146,20040.0,20040.0,10911699840.0
transfer_fixed_five,0.011801356677350336,B2,B2-rank3-q1-r4-K2,612759,1.1279095157845584,0.0037168195009252836,0.00026014045149713727,0.004627999832830281,0.008084678882258427,6242.53125,6242.53125,3825167206.21875
transfer_fixed_five,0.011801356677350336,B3,B3-rank0-q8-r32-K4,548109,2.1650464347641196,4.417696927649928e-05,3.5948699160792685e-06,0.008300642364479065,0.008341224463839485,35178.1875,35178.1875,19281481172.4375
transfer_fixed_five,0.011919792714522783,B0,B0-rank6-q1-r0-K0,4784372,1.0,0.007054286627580134,0.0006265786540605722,0.0013742796311969306,0.007801987604716492,10471.0,10471.0,50097159212.0
transfer_fixed_five,0.011919792714522783,B1,B1-rank12-q1-r0-K0,527281,1.0,0.0037234676383787746,0.0002615994585534187,0.00470509862039829,0.008166966800223645,20040.0,20040.0,10566711240.0
transfer_fixed_five,0.011919792714522783,B2,B2-rank3-q1-r4-K2,593413,1.1279095157845584,0.0037168195009252836,0.00026014045149713727,0.004711746757851781,0.008168425807279927,6242.53125,6242.53125,3704399196.65625
transfer_fixed_five,0.011919792714522783,B3,B3-rank0-q8-r32-K4,537240,2.1650464347641196,4.417696927649928e-05,3.5948699160792685e-06,0.008384389289500565,0.008424971388860985,35178.1875,35178.1875,18899129452.5
transfer_fixed_five,0.012039417351894737,B0,B0-rank6-q1-r0-K0,4258786,1.0,0.007054286627580134,0.0006265786540605722,0.0014588670234796219,0.007886574996999183,10471.0,10471.0,44593748206.0
transfer_fixed_five,0.012039417351894737,B1,B1-rank12-q1-r0-K0,510742,1.0,0.0037234676383787746,0.0002615994585534187,0.004789686012680981,0.008251554192506337,20040.0,20040.0,10235269680.0
transfer_fixed_five,0.012039417351894737,B2,B2-rank3-q1-r4-K2,574825,1.1279095157845584,0.0037168195009252836,0.00026014045149713727,0.004796334150134472,0.008253013199562618,6242.53125,6242.53125,3588363025.78125
transfer_fixed_five,0.012039417351894737,B3,B3-rank0-q8-r32-K4,526587,2.1650464347641196,4.417696927649928e-05,3.5948699160792685e-06,0.008468976681783256,0.008509558781143676,35178.1875,35178.1875,18524376221.0625
transfer_fixed_five,0.012160242518018245,B0,B0-rank6-q1-r0-K0,3812754,1.0,0.007054286627580134,0.0006265786540605722,0.0015443033177835446,0.007972011291303106,10471.0,10471.0,39923347134.0
transfer_fixed_five,0.012160242518018245,B1,B1-rank12-q1-r0-K0,494844,1.0,0.0037234676383787746,0.0002615994585534187,0.004875122306984904,0.00833699048681026,20040.0,20040.0,9916673760.0
transfer_fixed_five,0.012160242518018245,B2,B2-rank3-q1-r4-K2,556958,1.1279095157845584,0.0037168195009252836,0.00026014045149713727,0.004881770444438395,0.008338449493866541,6242.53125,6242.53125,3476827719.9375
transfer_fixed_five,0.012160242518018245,B3,B3-rank0-q8-r32-K4,516145,2.1650464347641196,4.417696927649928e-05,3.5948699160792685e-06,0.008554412976087179,0.008594995075447599,35178.1875,35178.1875,18157045587.1875
transfer_fixed_five,0.012282280261157904,B0,B0-rank6-q1-r0-K0,3431151,1.0,0.007054286627580134,0.0006265786540605722,0.0016305970335183002,0.008058305007037862,10471.0,10471.0,35927582121.0
transfer_fixed_five,0.012282280261157904,B1,B1-rank12-q1-r0-K0,479558,1.0,0.0037234676383787746,0.0002615994585534187,0.004961416022719659,0.008423284202545015,20040.0,20040.0,9610342320.0
transfer_fixed_five,0.012282280261157904,B2,B2-rank3-q1-r4-K2,539776,1.1279095157845584,0.0037168195009252836,0.00026014045149713727,0.00496806416017315,0.008424743209601297,6242.53125,6242.53125,3369568548.0
transfer_fixed_five,0.012282280261157904,B3,B3-rank0-q8-r32-K4,505911,2.1650464347641196,4.417696927649928e-05,3.5948699160792685e-06,0.008640706691821935,0.008681288791182355,35178.1875,35178.1875,17797032016.3125
transfer_fixed_five,0.01240554275049227,B0,B0-rank6-q1-r0-K0,3102265,1.0,0.007054286627580134,0.0006265786540605722,0.0017177567755925632,0.008145464749112125,10471.0,10471.0,32483816815.0
transfer_fixed_five,0.01240554275049227,B1,B1-rank12-q1-r0-K0,464854,1.0,0.0037234676383787746,0.0002615994585534187,0.005048575764793922,0.008510443944619278,20040.0,20040.0,9315674160.0
transfer_fixed_five,0.01240554275049227,B2,B2-rank3-q1-r4-K2,523247,1.1279095157845584,0.0037168195009252836,0.00026014045149713727,0.005055223902247413,0.00851190295167556,6242.53125,6242.53125,3266385748.96875
transfer_fixed_five,0.01240554275049227,B3,B3-rank0-q8-r32-K4,495880,2.1650464347641196,4.417696927649928e-05,3.5948699160792685e-06,0.008727866433896198,0.008768448533256618,35178.1875,35178.1875,17444159617.5
transfer_fixed_five,0.012530042277327312,B0,B0-rank6-q1-r0-K0,2816915,1.0,0.007054286627580134,0.0006265786540605722,0.0018057912352721396,0.008233499208791701,10471.0,10471.0,29495916965.0
transfer_fixed_five,0.012530042277327312,B1,B1-rank12-q1-r0-K0,450704,1.0,0.0037234676383787746,0.0002615994585534187,0.005136610224473499,0.008598478404298854,20040.0,20040.0,9032108160.0
transfer_fixed_five,0.012530042277327312,B2,B2-rank3-q1-r4-K2,507340,1.1279095157845584,0.0037168195009252836,0.00026014045149713727,0.00514325836192699,0.008599937411355136,6242.53125,6242.53125,3167085804.375
transfer_fixed_five,0.012530042277327312,B3,B3-rank0-q8-r32-K4,486048,2.1650464347641196,4.417696927649928e-05,3.5948699160792685e-06,0.008815900893575774,0.008856482992936194,35178.1875,35178.1875,17098287678.0
transfer_fixed_five,0.01265579125632208,B0,B0-rank6-q1-r0-K0,2567827,1.0,0.007054286627580134,0.0006265786540605722,0.0018947091910466243,0.008322417164566186,10471.0,10471.0,26887716517.0
transfer_fixed_five,0.01265579125632208,B1,B1-rank12-q1-r0-K0,437082,1.0,0.0037234676383787746,0.0002615994585534187,0.005225528180247983,0.00868739636007334,20040.0,20040.0,8759123280.0
transfer_fixed_five,0.01265579125632208,B2,B2-rank3-q1-r4-K2,492025,1.1279095157845584,0.0037168195009252836,0.00026014045149713727,0.005232176317701474,0.00868885536712962,6242.53125,6242.53125,3071481438.28125
transfer_fixed_five,0.01265579125632208,B3,B3-rank0-q8-r32-K4,476412,2.1650464347641196,4.417696927649928e-05,3.5948699160792685e-06,0.008904818849350259,0.008945400948710679,35178.1875,35178.1875,16759310663.25
transfer_fixed_five,0.012782802226726633,B0,B0-rank6-q1-r0-K0,2349177,1.0,0.007054286627580134,0.0006265786540605722,0.001984519509504767,0.008412227483024328,10471.0,10471.0,24598232367.0
transfer_fixed_five,0.012782802226726633,B1,B1-rank12-q1-r0-K0,423962,1.0,0.0037234676383787746,0.0002615994585534187,0.005315338498706126,0.008777206678531482,20040.0,20040.0,8496198480.0
transfer_fixed_five,0.012782802226726633,B2,B2-rank3-q1-r4-K2,477276,1.1279095157845584,0.0037168195009252836,0.00026014045149713727,0.005321986636159617,0.008778665685587763,6242.53125,6242.53125,2979410344.875
transfer_fixed_five,0.012782802226726633,B3,B3-rank0-q8-r32-K4,466966,2.1650464347641196,4.417696927649928e-05,3.5948699160792685e-06,0.008994629167808401,0.009035211267168821,35178.1875,35178.1875,16427017504.125
transfer_fixed_five,0.012911087853632416,B0,B0-rank6-q1-r0-K0,2156254,1.0,0.007054286627580134,0.0006265786540605722,0.002075231146218614,0.008502939119738175,10471.0,10471.0,22578135634.0
transfer_fixed_five,0.012911087853632416,B1,B1-rank12-q1-r0-K0,411325,1.0,0.0037234676383787746,0.0002615994585534187,0.005406050135419973,0.008867918315245329,20040.0,20040.0,8242953000.0
transfer_fixed_five,0.012911087853632416,B2,B2-rank3-q1-r4-K2,463065,1.1279095157845584,0.0037168195009252836,0.00026014045149713727,0.005412698272873464,0.00886937732230161,6242.53125,6242.53125,2890697733.28125
transfer_fixed_five,0.012911087853632416,B3,B3-rank0-q8-r32-K4,457709,2.1650464347641196,4.417696927649928e-05,3.5948699160792685e-06,0.009085340804522248,0.009125922903882668,35178.1875,35178.1875,16101373022.4375
transfer_fixed_five,0.013040660929235186,B0,B0-rank6-q1-r0-K0,1985226,1.0,0.007054286627580134,0.0006265786540605722,0.002166853146636531,0.008594561120156092,10471.0,10471.0,20787301446.0
transfer_fixed_five,0.013040660929235186,B1,B1-rank12-q1-r0-K0,399145,1.0,0.0037234676383787746,0.0002615994585534187,0.00549767213583789,0.008959540315663246,20040.0,20040.0,7998865800.0
transfer_fixed_five,0.013040660929235186,B2,B2-rank3-q1-r4-K2,449370,1.1279095157845584,0.0037168195009252836,0.00026014045149713727,0.005504320273291381,0.008960999322719527,6242.53125,6242.53125,2805206267.8125
transfer_fixed_five,0.013040660929235186,B3,B3-rank0-q8-r32-K4,448635,2.1650464347641196,4.417696927649928e-05,3.5948699160792685e-06,0.009176962804940165,0.009217544904300585,35178.1875,35178.1875,15782166149.0625
transfer_fixed_five,0.01317153437411059,B0,B0-rank6-q1-r0-K0,1832938,1.0,0.007054286627580134,0.0006265786540605722,0.0022593946469851717,0.008687102620504733,10471.0,10471.0,19192693798.0
transfer_fixed_five,0.01317153437411059,B1,B1-rank12-q1-r0-K0,387403,1.0,0.0037234676383787746,0.0002615994585534187,0.005590213636186531,0.009052081816011887,20040.0,20040.0,7763556120.0
transfer_fixed_five,0.01317153437411059,B2,B2-rank3-q1-r4-K2,436165,1.1279095157845584,0.0037168195009252836,0.00026014045149713727,0.005596861773640022,0.009053540823068168,6242.53125,6242.53125,2722773642.65625
transfer_fixed_five,0.01317153437411059,B3,B3-rank0-q8-r32-K4,439741,2.1650464347641196,4.417696927649928e-05,3.5948699160792685e-06,0.009269504305288806,0.009310086404649226,35178.1875,35178.1875,15469291349.4375
transfer_fixed_five,0.013303721238502573,B0,B0-rank6-q1-r0-K0,1696784,1.0,0.007054286627580134,0.0006265786540605722,0.00235286487518053,0.008780572848700091,10471.0,10471.0,17767025264.0
transfer_fixed_five,0.013303721238502573,B1,B1-rank12-q1-r0-K0,376080,1.0,0.0037234676383787746,0.0002615994585534187,0.005683683864381889,0.009145552044207245,20040.0,20040.0,7536643200.0
transfer_fixed_five,0.013303721238502573,B2,B2-rank3-q1-r4-K2,423432,1.1279095157845584,0.0037168195009252836,0.00026014045149713727,0.00569033200183538,0.009147011051263526,6242.53125,6242.53125,2643287492.25
transfer_fixed_five,0.013303721238502573,B3,B3-rank0-q8-r32-K4,431024,2.1650464347641196,4.417696927649928e-05,3.5948699160792685e-06,0.009362974533484164,0.009403556632844584,35178.1875,35178.1875,15162643089.0
transfer_fixed_five,0.013437234703624701,B0,B0-rank6-q1-r0-K0,1574591,1.0,0.007054286627580134,0.0006265786540605722,0.0024472731517481,0.008874981125267661,10471.0,10471.0,16487542361.0
transfer_fixed_five,0.013437234703624701,B1,B1-rank12-q1-r0-K0,365157,1.0,0.0037234676383787746,0.0002615994585534187,0.005778092140949459,0.009239960320774815,20040.0,20040.0,7317746280.0
transfer_fixed_five,0.013437234703624701,B2,B2-rank3-q1-r4-K2,411146,1.1279095157845584,0.0037168195009252836,0.00026014045149713727,0.00578474027840295,0.009241419327831096,6242.53125,6242.53125,2566591753.3125
transfer_fixed_five,0.013437234703624701,B3,B3-rank0-q8-r32-K4,422479,2.1650464347641196,4.417696927649928e-05,3.5948699160792685e-06,0.009457382810051734,0.009497964909412154,35178.1875,35178.1875,14862045476.8125
transfer_fixed_five,0.013572088082974531,B0,B0-rank6-q1-r0-K0,1464539,1.0,0.007054286627580134,0.0006265786540605722,0.002542628890752286,0.008970336864271847,10471.0,10471.0,15335187869.0
transfer_fixed_five,0.013572088082974531,B1,B1-rank12-q1-r0-K0,354616,1.0,0.0037234676383787746,0.0002615994585534187,0.005873447879953645,0.009335316059779001,20040.0,20040.0,7106504640.0
transfer_fixed_five,0.013572088082974531,B2,B2-rank3-q1-r4-K2,399291,1.1279095157845584,0.0037168195009252836,0.00026014045149713727,0.005880096017407136,0.009336775066835282,6242.53125,6242.53125,2492586545.34375
transfer_fixed_five,0.013572088082974531,B3,B3-rank0-q8-r32-K4,414105,2.1650464347641196,4.417696927649928e-05,3.5948699160792685e-06,0.00955273854905592,0.00959332064841634,35178.1875,35178.1875,14567463334.6875
transfer_fixed_five,0.013708294823661217,B0,B0-rank6-q1-r0-K0,1365092,1.0,0.007054286627580134,0.0006265786540605722,0.00263894160073516,0.009066649574254721,10471.0,10471.0,14293878332.0
transfer_fixed_five,0.013708294823661217,B1,B1-rank12-q1-r0-K0,344441,1.0,0.0037234676383787746,0.0002615994585534187,0.005969760589936519,0.009431628769761875,20040.0,20040.0,6902597640.0
transfer_fixed_five,0.013708294823661217,B2,B2-rank3-q1-r4-K2,387848,1.1279095157845584,0.0037168195009252836,0.00026014045149713727,0.00597640872739001,0.009433087776818156,6242.53125,6242.53125,2421153260.25
transfer_fixed_five,0.013708294823661217,B3,B3-rank0-q8-r32-K4,405896,2.1650464347641196,4.417696927649928e-05,3.5948699160792685e-06,0.009649051259038794,0.009689633358399214,35178.1875,35178.1875,14278685593.5
transfer_fixed_five,0.01384586850774637,B0,B0-rank6-q1-r0-K0,1274947,1.0,0.007054286627580134,0.0006265786540605722,0.002736220885664588,0.00916392885918415,10471.0,10471.0,13349970037.0
transfer_fixed_five,0.01384586850774637,B1,B1-rank12-q1-r0-K0,334617,1.0,0.0037234676383787746,0.0002615994585534187,0.006067039874865947,0.009528908054691303,20040.0,20040.0,6705724680.0
transfer_fixed_five,0.01384586850774637,B2,B2-rank3-q1-r4-K2,376796,1.1279095157845584,0.0037168195009252836,0.00026014045149713727,0.006073688012319438,0.009530367061747584,6242.53125,6242.53125,2352160804.875
transfer_fixed_five,0.01384586850774637,B3,B3-rank0-q8-r32-K4,397851,2.1650464347641196,4.417696927649928e-05,3.5948699160792685e-06,0.009746330543968222,0.009786912643328642,35178.1875,35178.1875,13995677075.0625
transfer_fixed_five,0.01398482285359845,B0,B0-rank6-q1-r0-K0,1192996,1.0,0.007054286627580134,0.0006265786540605722,0.0028344764458919335,0.009262184419411495,10471.0,10471.0,12491861116.0
transfer_fixed_five,0.01398482285359845,B1,B1-rank12-q1-r0-K0,325129,1.0,0.0037234676383787746,0.0002615994585534187,0.0061652954350932924,0.009627163614918648,20040.0,20040.0,6515585160.0
transfer_fixed_five,0.01398482285359845,B2,B2-rank3-q1-r4-K2,366123,1.1279095157845584,0.0037168195009252836,0.00026014045149713727,0.0061719435725467835,0.00962862262197493,6242.53125,6242.53125,2285534268.84375
transfer_fixed_five,0.01398482285359845,B3,B3-rank0-q8-r32-K4,389965,2.1650464347641196,4.417696927649928e-05,3.5948699160792685e-06,0.009844586104195568,0.009885168203555988,35178.1875,35178.1875,13718261888.4375
transfer_fixed_five,0.014125171717260689,B0,B0-rank6-q1-r0-K0,1118288,1.0,0.007054286627580134,0.0006265786540605722,0.0029337180791193292,0.00936142605263889,10471.0,10471.0,11709593648.0
transfer_fixed_five,0.014125171717260689,B1,B1-rank12-q1-r0-K0,315961,1.0,0.0037234676383787746,0.0002615994585534187,0.006264537068320688,0.009726405248146044,20040.0,20040.0,6331858440.0
transfer_fixed_five,0.014125171717260689,B2,B2-rank3-q1-r4-K2,355810,1.1279095157845584,0.0037168195009252836,0.00026014045149713727,0.006271185205774179,0.009727864255202326,6242.53125,6242.53125,2221155044.0625
transfer_fixed_five,0.014125171717260689,B3,B3-rank0-q8-r32-K4,382235,2.1650464347641196,4.417696927649928e-05,3.5948699160792685e-06,0.009943827737422964,0.009984409836783384,35178.1875,35178.1875,13446334499.0625
transfer_fixed_five,0.01426692909383278,B0,B0-rank6-q1-r0-K0,1050007,1.0,0.007054286627580134,0.0006265786540605722,0.00303395568137667,0.009461663654896231,10471.0,10471.0,10994623297.0
transfer_fixed_five,0.01426692909383278,B1,B1-rank12-q1-r0-K0,307103,1.0,0.0037234676383787746,0.0002615994585534187,0.006364774670578029,0.009826642850403385,20040.0,20040.0,6154344120.0
transfer_fixed_five,0.01426692909383278,B2,B2-rank3-q1-r4-K2,345844,1.1279095157845584,0.0037168195009252836,0.00026014045149713727,0.00637142280803152,0.009828101857459666,6242.53125,6242.53125,2158941977.625
transfer_fixed_five,0.01426692909383278,B3,B3-rank0-q8-r32-K4,374659,2.1650464347641196,4.417696927649928e-05,3.5948699160792685e-06,0.010044065339680304,0.010084647439040724,35178.1875,35178.1875,13179824550.5625
transfer_fixed_five,0.014410109118866412,B0,B0-rank6-q1-r0-K0,987446,1.0,0.007054286627580134,0.0006265786540605722,0.0031351992480084107,0.009562907221527972,10471.0,10471.0,10339547066.0
transfer_fixed_five,0.014410109118866412,B1,B1-rank12-q1-r0-K0,298539,1.0,0.0037234676383787746,0.0002615994585534187,0.00646601823720977,0.009927886417035126,20040.0,20040.0,5982721560.0
transfer_fixed_five,0.014410109118866412,B2,B2-rank3-q1-r4-K2,336210,1.1279095157845584,0.0037168195009252836,0.00026014045149713727,0.006472666374663261,0.009929345424091407,6242.53125,6242.53125,2098801431.5625
transfer_fixed_five,0.014410109118866412,B3,B3-rank0-q8-r32-K4,367234,2.1650464347641196,4.417696927649928e-05,3.5948699160792685e-06,0.010145308906312045,0.010185891005672465,35178.1875,35178.1875,12918626508.375
transfer_fixed_five,0.01455472606977483,B0,B0-rank6-q1-r0-K0,929993,1.0,0.007054286627580134,0.0006265786540605722,0.003237458874670276,0.009665166848189837,10471.0,10471.0,9737956703.0
transfer_fixed_five,0.01455472606977483,B1,B1-rank12-q1-r0-K0,290259,1.0,0.0037234676383787746,0.0002615994585534187,0.006568277863871635,0.01003014604369699,20040.0,20040.0,5816790360.0
transfer_fixed_five,0.01455472606977483,B2,B2-rank3-q1-r4-K2,326893,1.1279095157845584,0.0037168195009252836,0.00026014045149713727,0.006574926001325126,0.010031605050753272,6242.53125,6242.53125,2040639767.90625
transfer_fixed_five,0.01455472606977483,B3,B3-rank0-q8-r32-K4,359955,2.1650464347641196,4.417696927649928e-05,3.5948699160792685e-06,0.01024756853297391,0.01028815063233433,35178.1875,35178.1875,12662564481.5625
transfer_fixed_five,0.014700794367256513,B0,B0-rank6-q1-r0-K0,877114,1.0,0.007054286627580134,0.0006265786540605722,0.0033407447583359475,0.009768452731855509,10471.0,10471.0,9184260694.0
transfer_fixed_five,0.014700794367256513,B1,B1-rank12-q1-r0-K0,282250,1.0,0.0037234676383787746,0.0002615994585534187,0.0066715637475373065,0.010133431927362662,20040.0,20040.0,5656290000.0
transfer_fixed_five,0.014700794367256513,B2,B2-rank3-q1-r4-K2,317883,1.1279095157845584,0.0037168195009252836,0.00026014045149713727,0.0066782118849907975,0.010134890934418944,6242.53125,6242.53125,1984394561.34375
transfer_fixed_five,0.014700794367256513,B3,B3-rank0-q8-r32-K4,352821,2.1650464347641196,4.417696927649928e-05,3.5948699160792685e-06,0.010350854416639582,0.010391436516000002,35178.1875,35178.1875,12411603291.9375
transfer_fixed_five,0.014848328576733167,B0,B0-rank6-q1-r0-K0,828345,1.0,0.007054286627580134,0.0006265786540605722,0.0034450671983138857,0.009872775171833447,10471.0,10471.0,8673600495.0
transfer_fixed_five,0.014848328576733167,B1,B1-rank12-q1-r0-K0,274504,1.0,0.0037234676383787746,0.0002615994585534187,0.006775886187515245,0.0102377543673406,20040.0,20040.0,5501060160.0
transfer_fixed_five,0.014848328576733167,B2,B2-rank3-q1-r4-K2,309166,1.1279095157845584,0.0037168195009252836,0.00026014045149713727,0.006782534324968736,0.010239213374396882,6242.53125,6242.53125,1929978416.4375
transfer_fixed_five,0.014848328576733167,B3,B3-rank0-q8-r32-K4,345829,2.1650464347641196,4.417696927649928e-05,3.5948699160792685e-06,0.01045517685661752,0.01049575895597794,35178.1875,35178.1875,12165637404.9375
transfer_fixed_five,0.014997343409802133,B0,B0-rank6-q1-r0-K0,783276,1.0,0.007054286627580134,0.0006265786540605722,0.003550436597274333,0.009978144570793894,10471.0,10471.0,8201682996.0
transfer_fixed_five,0.014997343409802133,B1,B1-rank12-q1-r0-K0,267008,1.0,0.0037234676383787746,0.0002615994585534187,0.006881255586475692,0.010343123766301048,20040.0,20040.0,5350840320.0
transfer_fixed_five,0.014997343409802133,B2,B2-rank3-q1-r4-K2,300731,1.1279095157845584,0.0037168195009252836,0.00026014045149713727,0.006887903723929183,0.01034458277335733,6242.53125,6242.53125,1877322665.34375
transfer_fixed_five,0.014997343409802133,B3,B3-rank0-q8-r32-K4,338976,2.1650464347641196,4.417696927649928e-05,3.5948699160792685e-06,0.010560546255577967,0.010601128354938387,35178.1875,35178.1875,11924561286.0
transfer_fixed_five,0.015147853725703382,B0,B0-rank6-q1-r0-K0,741549,1.0,0.007054286627580134,0.0006265786540605722,0.003656863462286636,0.010084571435806197,10471.0,10471.0,7764759579.0
transfer_fixed_five,0.015147853725703382,B1,B1-rank12-q1-r0-K0,259752,1.0,0.0037234676383787746,0.0002615994585534187,0.006987682451487995,0.01044955063131335,20040.0,20040.0,5205430080.0
transfer_fixed_five,0.015147853725703382,B2,B2-rank3-q1-r4-K2,292567,1.1279095157845584,0.0037168195009252836,0.00026014045149713727,0.006994330588941486,0.010451009638369632,6242.53125,6242.53125,1826358640.21875
transfer_fixed_five,0.015147853725703382,B3,B3-rank0-q8-r32-K4,332258,2.1650464347641196,4.417696927649928e-05,3.5948699160792685e-06,0.01066697312059027,0.01070755521995069,35178.1875,35178.1875,11688234222.375
transfer_fixed_five,0.015299874532801216,B0,B0-rank6-q1-r0-K0,702846,1.0,0.007054286627580134,0.0006265786540605722,0.0037643584058669657,0.010192066379386527,10471.0,10471.0,7359500466.0
transfer_fixed_five,0.015299874532801216,B1,B1-rank12-q1-r0-K0,252728,1.0,0.0037234676383787746,0.0002615994585534187,0.007095177395068325,0.01055704557489368,20040.0,20040.0,5064669120.0
transfer_fixed_five,0.015299874532801216,B2,B2-rank3-q1-r4-K2,284663,1.1279095157845584,0.0037168195009252836,0.00026014045149713727,0.007101825532521816,0.010558504581949962,6242.53125,6242.53125,1777017673.21875
transfer_fixed_five,0.015299874532801216,B3,B3-rank0-q8-r32-K4,325674,2.1650464347641196,4.417696927649928e-05,3.5948699160792685e-06,0.0107744680641706,0.01081505016353102,35178.1875,35178.1875,11456621035.875
transfer_fixed_five,0.015453420990080862,B0,B0-rank6-q1-r0-K0,666886,1.0,0.007054286627580134,0.0006265786540605722,0.0038729321470365747,0.010300640120556136,10471.0,10471.0,6982963306.0
transfer_fixed_five,0.015453420990080862,B1,B1-rank12-q1-r0-K0,245927,1.0,0.0037234676383787746,0.0002615994585534187,0.007203751136237934,0.01066561931606329,20040.0,20040.0,4928377080.0
transfer_fixed_five,0.015453420990080862,B2,B2-rank3-q1-r4-K2,277009,1.1279095157845584,0.0037168195009252836,0.00026014045149713727,0.007210399273691425,0.010667078323119571,6242.53125,6242.53125,1729237339.03125
transfer_fixed_five,0.015453420990080862,B3,B3-rank0-q8-r32-K4,319220,2.1650464347641196,4.417696927649928e-05,3.5948699160792685e-06,0.010883041805340209,0.010923623904700629,35178.1875,35178.1875,11229581013.75
transfer_fixed_five,0.015608508408660068,B0,B0-rank6-q1-r0-K0,633421,1.0,0.007054286627580134,0.0006265786540605722,0.0039825955123906475,0.010410303485910209,10471.0,10471.0,6632551291.0
transfer_fixed_five,0.015608508408660068,B1,B1-rank12-q1-r0-K0,239340,1.0,0.0037234676383787746,0.0002615994585534187,0.0073134145015920065,0.010775282681417362,20040.0,20040.0,4796373600.0
transfer_fixed_five,0.015608508408660068,B2,B2-rank3-q1-r4-K2,269596,1.1279095157845584,0.0037168195009252836,0.00026014045149713727,0.0073200626390454975,0.010776741688473644,6242.53125,6242.53125,1682961454.875
transfer_fixed_five,0.015608508408660068,B3,B3-rank0-q8-r32-K4,312893,2.1650464347641196,4.417696927649928e-05,3.5948699160792685e-06,0.010992705170694282,0.011033287270054702,35178.1875,35178.1875,11007008621.4375
transfer_fixed_five,0.015765152253315866,B0,B0-rank6-q1-r0-K0,602228,1.0,0.007054286627580134,0.0006265786540605722,0.004093359437177894,0.010521067410697455,10471.0,10471.0,6305929388.0
transfer_fixed_five,0.015765152253315866,B1,B1-rank12-q1-r0-K0,232960,1.0,0.0037234676383787746,0.0002615994585534187,0.007424178426379253,0.010886046606204609,20040.0,20040.0,4668518400.0
transfer_fixed_five,0.015765152253315866,B2,B2-rank3-q1-r4-K2,262414,1.1279095157845584,0.0037168195009252836,0.00026014045149713727,0.007430826563832744,0.01088750561326089,6242.53125,6242.53125,1638127595.4375
transfer_fixed_five,0.015765152253315866,B3,B3-rank0-q8-r32-K4,306693,2.1650464347641196,4.417696927649928e-05,3.5948699160792685e-06,0.011103469095481528,0.011144051194841948,35178.1875,35178.1875,10788903858.9375
transfer_fixed_five,0.015923368144026683,B0,B0-rank6-q1-r0-K0,573111,1.0,0.007054286627580134,0.0006265786540605722,0.004205234966390983,0.010632942939910545,10471.0,10471.0,6001045281.0
transfer_fixed_five,0.015923368144026683,B1,B1-rank12-q1-r0-K0,226777,1.0,0.0037234676383787746,0.0002615994585534187,0.007536053955592342,0.010997922135417698,20040.0,20040.0,4544611080.0
transfer_fixed_five,0.015923368144026683,B2,B2-rank3-q1-r4-K2,255455,1.1279095157845584,0.0037168195009252836,0.00026014045149713727,0.007542702093045833,0.01099938114247398,6242.53125,6242.53125,1594685820.46875
transfer_fixed_five,0.015923368144026683,B3,B3-rank0-q8-r32-K4,300616,2.1650464347641196,4.417696927649928e-05,3.5948699160792685e-06,0.011215344624694618,0.011255926724055038,35178.1875,35178.1875,10575126013.5
transfer_fixed_five,0.016083171857529898,B0,B0-rank6-q1-r0-K0,545891,1.0,0.007054286627580134,0.0006265786540605722,0.0043182332558678975,0.010745941229387459,10471.0,10471.0,5716024661.0
transfer_fixed_five,0.016083171857529898,B1,B1-rank12-q1-r0-K0,220785,1.0,0.0037234676383787746,0.0002615994585534187,0.0076490522450692565,0.011110920424894612,20040.0,20040.0,4424531400.0
transfer_fixed_five,0.016083171857529898,B2,B2-rank3-q1-r4-K2,248710,1.1279095157845584,0.0037168195009252836,0.00026014045149713727,0.0076557003825227475,0.011112379431950894,6242.53125,6242.53125,1552579947.1875
transfer_fixed_five,0.016083171857529898,B3,B3-rank0-q8-r32-K4,294660,2.1650464347641196,4.417696927649928e-05,3.5948699160792685e-06,0.011328342914171532,0.011368925013531952,35178.1875,35178.1875,10365604728.75
transfer_fixed_five,0.016244579328895038,B0,B0-rank6-q1-r0-K0,520411,1.0,0.007054286627580134,0.0006265786540605722,0.004432365573404363,0.010860073546923924,10471.0,10471.0,5449223581.0
transfer_fixed_five,0.016244579328895038,B1,B1-rank12-q1-r0-K0,214976,1.0,0.0037234676383787746,0.0002615994585534187,0.007763184562605722,0.011225052742431078,20040.0,20040.0,4308119040.0
transfer_fixed_five,0.016244579328895038,B2,B2-rank3-q1-r4-K2,242173,1.1279095157845584,0.0037168195009252836,0.00026014045149713727,0.007769832700059213,0.011226511749487359,6242.53125,6242.53125,1511772520.40625
transfer_fixed_five,0.016244579328895038,B3,B3-rank0-q8-r32-K4,288821,2.1650464347641196,4.417696927649928e-05,3.5948699160792685e-06,0.011442475231707997,0.011483057331068417,35178.1875,35178.1875,10160199291.9375
transfer_fixed_five,0.016407606653112798,B0,B0-rank6-q1-r0-K0,496528,1.0,0.007054286627580134,0.0006265786540605722,0.004547643299877438,0.010975351273396999,10471.0,10471.0,5199144688.0
transfer_fixed_five,0.016407606653112798,B1,B1-rank12-q1-r0-K0,209345,1.0,0.0037234676383787746,0.0002615994585534187,0.007878462289078797,0.011340330468904153,20040.0,20040.0,4195273800.0
transfer_fixed_five,0.016407606653112798,B2,B2-rank3-q1-r4-K2,235834,1.1279095157845584,0.0037168195009252836,0.00026014045149713727,0.007885110426532288,0.011341789475960434,6242.53125,6242.53125,1472201114.8125
transfer_fixed_five,0.016407606653112798,B3,B3-rank0-q8-r32-K4,283098,2.1650464347641196,4.417696927649928e-05,3.5948699160792685e-06,0.011557752958181072,0.011598335057541492,35178.1875,35178.1875,9958874524.875
transfer_fixed_five,0.016572270086699935,B0,B0-rank6-q1-r0-K0,474115,1.0,0.007054286627580134,0.0006265786540605722,0.004664077930380364,0.011091785903899925,10471.0,10471.0,4964458165.0
transfer_fixed_five,0.016572270086699935,B1,B1-rank12-q1-r0-K0,203884,1.0,0.0037234676383787746,0.0002615994585534187,0.007994896919581723,0.011456765099407079,20040.0,20040.0,4085835360.0
transfer_fixed_five,0.016572270086699935,B2,B2-rank3-q1-r4-K2,229687,1.1279095157845584,0.0037168195009252836,0.00026014045149713727,0.008001545057035214,0.01145822410646336,6242.53125,6242.53125,1433828275.21875
transfer_fixed_five,0.016572270086699935,B3,B3-rank0-q8-r32-K4,277489,2.1650464347641196,4.417696927649928e-05,3.5948699160792685e-06,0.011674187588683998,0.011714769688044418,35178.1875,35178.1875,9761560071.1875
transfer_fixed_five,0.016738586049320336,B0,B0-rank6-q1-r0-K0,453055,1.0,0.007054286627580134,0.0006265786540605722,0.0047816810753688165,0.011209389048888378,10471.0,10471.0,4743938905.0
transfer_fixed_five,0.016738586049320336,B1,B1-rank12-q1-r0-K0,198587,1.0,0.0037234676383787746,0.0002615994585534187,0.008112500064570176,0.011574368244395531,20040.0,20040.0,3979683480.0
transfer_fixed_five,0.016738586049320336,B2,B2-rank3-q1-r4-K2,223725,1.1279095157845584,0.0037168195009252836,0.00026014045149713727,0.008119148202023667,0.011575827251451813,6242.53125,6242.53125,1396610303.90625
transfer_fixed_five,0.016738586049320336,B3,B3-rank0-q8-r32-K4,271991,2.1650464347641196,4.417696927649928e-05,3.5948699160792685e-06,0.01179179073367245,0.01183237283303287,35178.1875,35178.1875,9568150396.3125
transfer_fixed_five,0.016906571125422338,B0,B0-rank6-q1-r0-K0,433243,1.0,0.007054286627580134,0.0006265786540605722,0.004900464461818681,0.011328172435338242,10471.0,10471.0,4536487453.0
transfer_fixed_five,0.016906571125422338,B1,B1-rank12-q1-r0-K0,193450,1.0,0.0037234676383787746,0.0002615994585534187,0.00823128345102004,0.011693151630845396,20040.0,20040.0,3876738000.0
transfer_fixed_five,0.016906571125422338,B2,B2-rank3-q1-r4-K2,217940,1.1279095157845584,0.0037168195009252836,0.00026014045149713727,0.00823793158847353,0.011694610637901677,6242.53125,6242.53125,1360497260.625
transfer_fixed_five,0.016906571125422338,B3,B3-rank0-q8-r32-K4,266603,2.1650464347641196,4.417696927649928e-05,3.5948699160792685e-06,0.011910574120122315,0.011951156219482735,35178.1875,35178.1875,9378610322.0625
transfer_fixed_five,0.01707624206589244,B0,B0-rank6-q1-r0-K0,414585,1.0,0.007054286627580134,0.0006265786540605722,0.005020439934395389,0.01144814790791495,10471.0,10471.0,4341119535.0
transfer_fixed_five,0.01707624206589244,B1,B1-rank12-q1-r0-K0,188465,1.0,0.0037234676383787746,0.0002615994585534187,0.008351258923596748,0.011813127103422104,20040.0,20040.0,3776838600.0
transfer_fixed_five,0.01707624206589244,B2,B2-rank3-q1-r4-K2,212328,1.1279095157845584,0.0037168195009252836,0.00026014045149713727,0.008357907061050239,0.011814586110478385,6242.53125,6242.53125,1325464175.25
transfer_fixed_five,0.01707624206589244,B3,B3-rank0-q8-r32-K4,261320,2.1650464347641196,4.417696927649928e-05,3.5948699160792685e-06,0.012030549592699023,0.012071131692059443,35178.1875,35178.1875,9192763957.5
transfer_fixed_five,0.017247615789725678,B0,B0-rank6-q1-r0-K0,396995,1.0,0.007054286627580134,0.0006265786540605722,0.005141619456635063,0.011569327430154625,10471.0,10471.0,4156934645.0
transfer_fixed_five,0.017247615789725678,B1,B1-rank12-q1-r0-K0,183627,1.0,0.0037234676383787746,0.0002615994585534187,0.008472438445836422,0.011934306625661778,20040.0,20040.0,3679885080.0
transfer_fixed_five,0.017247615789725678,B2,B2-rank3-q1-r4-K2,206882,1.1279095157845584,0.0037168195009252836,0.00026014045149713727,0.008479086583289913,0.01193576563271806,6242.53125,6242.53125,1291467350.0625
transfer_fixed_five,0.017247615789725678,B3,B3-rank0-q8-r32-K4,256142,2.1650464347641196,4.417696927649928e-05,3.5948699160792685e-06,0.012151729114938697,0.012192311214299117,35178.1875,35178.1875,9010611302.625
transfer_fixed_five,0.017420709385712704,B0,B0-rank6-q1-r0-K0,380394,1.0,0.007054286627580134,0.0006265786540605722,0.005264015112137454,0.011691723085657016,10471.0,10471.0,3983105574.0
transfer_fixed_five,0.017420709385712704,B1,B1-rank12-q1-r0-K0,178931,1.0,0.0037234676383787746,0.0002615994585534187,0.008594834101338813,0.012056702281164169,20040.0,20040.0,3585777240.0
transfer_fixed_five,0.017420709385712704,B2,B2-rank3-q1-r4-K2,201595,1.1279095157845584,0.0037168195009252836,0.00026014045149713727,0.008601482238792304,0.01205816128822045,6242.53125,6242.53125,1258463087.34375
transfer_fixed_five,0.017420709385712704,B3,B3-rank0-q8-r32-K4,251068,2.1650464347641196,4.417696927649928e-05,3.5948699160792685e-06,0.012274124770441089,0.012314706869801509,35178.1875,35178.1875,8832117179.25
transfer_fixed_five,0.017595540114143826,B0,B0-rank6-q1-r0-K0,364711,1.0,0.007054286627580134,0.0006265786540605722,0.005387639105770883,0.011815347079290444,10471.0,10471.0,3818888881.0
transfer_fixed_five,0.017595540114143826,B1,B1-rank12-q1-r0-K0,174373,1.0,0.0037234676383787746,0.0002615994585534187,0.008718458094972242,0.012180326274797598,20040.0,20040.0,3494434920.0
transfer_fixed_five,0.017595540114143826,B2,B2-rank3-q1-r4-K2,196462,1.1279095157845584,0.0037168195009252836,0.00026014045149713727,0.008725106232425733,0.01218178528185388,6242.53125,6242.53125,1226420174.4375
transfer_fixed_five,0.017595540114143826,B3,B3-rank0-q8-r32-K4,246094,2.1650464347641196,4.417696927649928e-05,3.5948699160792685e-06,0.012397748764074517,0.012438330863434937,35178.1875,35178.1875,8657140874.625
transfer_fixed_five,0.01777212540853016,B0,B0-rank6-q1-r0-K0,349881,1.0,0.007054286627580134,0.0006265786540605722,0.005512503764889284,0.011940211738408845,10471.0,10471.0,3663603951.0
transfer_fixed_five,0.01777212540853016,B1,B1-rank12-q1-r0-K0,169947,1.0,0.0037234676383787746,0.0002615994585534187,0.008843322754090643,0.012305190933915999,20040.0,20040.0,3405737880.0
transfer_fixed_five,0.01777212540853016,B2,B2-rank3-q1-r4-K2,191479,1.1279095157845584,0.0037168195009252836,0.00026014045149713727,0.008849970891544134,0.01230664994097228,6242.53125,6242.53125,1195313641.21875
transfer_fixed_five,0.01777212540853016,B3,B3-rank0-q8-r32-K4,241219,2.1650464347641196,4.417696927649928e-05,3.5948699160792685e-06,0.012522613423192918,0.012563195522553338,35178.1875,35178.1875,8485647210.5625
transfer_fixed_five,0.01795048287734202,B0,B0-rank6-q1-r0-K0,335846,1.0,0.007054286627580134,0.0006265786540605722,0.005638621540561417,0.012066329514080978,10471.0,10471.0,3516643466.0
transfer_fixed_five,0.01795048287734202,B1,B1-rank12-q1-r0-K0,165649,1.0,0.0037234676383787746,0.0002615994585534187,0.008969440529762776,0.012431308709588132,20040.0,20040.0,3319605960.0
transfer_fixed_five,0.01795048287734202,B2,B2-rank3-q1-r4-K2,186640,1.1279095157845584,0.0037168195009252836,0.00026014045149713727,0.008976088667216267,0.012432767716644413,6242.53125,6242.53125,1165106032.5
transfer_fixed_five,0.01795048287734202,B3,B3-rank0-q8-r32-K4,236440,2.1650464347641196,4.417696927649928e-05,3.5948699160792685e-06,0.012648731198865051,0.012689313298225471,35178.1875,35178.1875,8317530652.5
transfer_fixed_five,0.018130630305764762,B0,B0-rank6-q1-r0-K0,322550,1.0,0.007054286627580134,0.0006265786540605722,0.005766005008812457,0.012193712982332018,10471.0,10471.0,3377421050.0
transfer_fixed_five,0.018130630305764762,B1,B1-rank12-q1-r0-K0,161475,1.0,0.0037234676383787746,0.0002615994585534187,0.009096823998013816,0.012558692177839172,20040.0,20040.0,3235959000.0
transfer_fixed_five,0.018130630305764762,B2,B2-rank3-q1-r4-K2,181940,1.1279095157845584,0.0037168195009252836,0.00026014045149713727,0.009103472135467307,0.012560151184895453,6242.53125,6242.53125,1135766135.625
transfer_fixed_five,0.018130630305764762,B3,B3-rank0-q8-r32-K4,231757,2.1650464347641196,4.417696927649928e-05,3.5948699160792685e-06,0.012776114667116091,0.012816696766476511,35178.1875,35178.1875,8152791200.4375
transfer_fixed_five,0.018312585657472312,B0,B0-rank6-q1-r0-K0,309944,1.0,0.007054286627580134,0.0006265786540605722,0.005894666871878049,0.01232237484539761,10471.0,10471.0,3245423624.0
transfer_fixed_five,0.018312585657472312,B1,B1-rank12-q1-r0-K0,157420,1.0,0.0037234676383787746,0.0002615994585534187,0.009225485861079408,0.012687354040904764,20040.0,20040.0,3154696800.0
transfer_fixed_five,0.018312585657472312,B2,B2-rank3-q1-r4-K2,177374,1.1279095157845584,0.0037168195009252836,0.00026014045149713727,0.009232133998532899,0.012688813047961045,6242.53125,6242.53125,1107262737.9375
transfer_fixed_five,0.018312585657472312,B3,B3-rank0-q8-r32-K4,227165,2.1650464347641196,4.417696927649928e-05,3.5948699160792685e-06,0.012904776530181683,0.012945358629542103,35178.1875,35178.1875,7991252963.4375
transfer_fixed_five,0.01849636707641837,B0,B0-rank6-q1-r0-K0,297982,1.0,0.007054286627580134,0.0006265786540605722,0.006024619959470892,0.012452327932990453,10471.0,10471.0,3120169522.0
transfer_fixed_five,0.01849636707641837,B1,B1-rank12-q1-r0-K0,153481,1.0,0.0037234676383787746,0.0002615994585534187,0.00935543894867225,0.012817307128497607,20040.0,20040.0,3075759240.0
transfer_fixed_five,0.01849636707641837,B2,B2-rank3-q1-r4-K2,172939,1.1279095157845584,0.0037168195009252836,0.00026014045149713727,0.009362087086125742,0.012818766135553888,6242.53125,6242.53125,1079577111.84375
transfer_fixed_five,0.01849636707641837,B3,B3-rank0-q8-r32-K4,222665,2.1650464347641196,4.417696927649928e-05,3.5948699160792685e-06,0.013034729617774526,0.013075311717134946,35178.1875,35178.1875,7832951119.6875
transfer_fixed_five,0.018681992888645735,B0,B0-rank6-q1-r0-K0,286622,1.0,0.007054286627580134,0.0006265786540605722,0.0061558772300601226,0.012583585203579684,10471.0,10471.0,3001218962.0
transfer_fixed_five,0.018681992888645735,B1,B1-rank12-q1-r0-K0,149654,1.0,0.0037234676383787746,0.0002615994585534187,0.009486696219261482,0.012948564399086837,20040.0,20040.0,2999066160.0
transfer_fixed_five,0.018681992888645735,B2,B2-rank3-q1-r4-K2,168628,1.1279095157845584,0.0037168195009252836,0.00026014045149713727,0.009493344356714973,0.012950023406143119,6242.53125,6242.53125,1052665559.625
transfer_fixed_five,0.018681992888645735,B3,B3-rank0-q8-r32-K4,218254,2.1650464347641196,4.417696927649928e-05,3.5948699160792685e-06,0.013165986888363757,0.013206568987724177,35178.1875,35178.1875,7677780134.625
transfer_fixed_five,0.018869481604113645,B0,B0-rank6-q1-r0-K0,275825,1.0,0.007054286627580134,0.0006265786540605722,0.006288451772163436,0.012716159745682997,10471.0,10471.0,2888163575.0
transfer_fixed_five,0.018869481604113645,B1,B1-rank12-q1-r0-K0,145933,1.0,0.0037234676383787746,0.0002615994585534187,0.009619270761364795,0.013081138941190151,20040.0,20040.0,2924497320.0
transfer_fixed_five,0.018869481604113645,B2,B2-rank3-q1-r4-K2,164439,1.1279095157845584,0.0037168195009252836,0.00026014045149713727,0.009625918898818286,0.013082597948246432,6242.53125,6242.53125,1026515596.21875
transfer_fixed_five,0.018869481604113645,B3,B3-rank0-q8-r32-K4,213931,2.1650464347641196,4.417696927649928e-05,3.5948699160792685e-06,0.01329856143046707,0.01333914352982749,35178.1875,35178.1875,7525704830.0625
transfer_fixed_five,0.01905885191854358,B0,B0-rank6-q1-r0-K0,265556,1.0,0.007054286627580134,0.0006265786540605722,0.006422356805652271,0.012850064779171833,10471.0,10471.0,2780636876.0
transfer_fixed_five,0.01905885191854358,B1,B1-rank12-q1-r0-K0,142318,1.0,0.0037234676383787746,0.0002615994585534187,0.00975317579485363,0.013215043974678986,20040.0,20040.0,2852052720.0
transfer_fixed_five,0.01905885191854358,B2,B2-rank3-q1-r4-K2,160367,1.1279095157845584,0.0037168195009252836,0.00026014045149713727,0.009759823932307121,0.013216502981735267,6242.53125,6242.53125,1001096008.96875
transfer_fixed_five,0.01905885191854358,B3,B3-rank0-q8-r32-K4,209693,2.1650464347641196,4.417696927649928e-05,3.5948699160792685e-06,0.013432466463955905,0.013473048563316325,35178.1875,35178.1875,7376619671.4375
transfer_fixed_five,0.019250122715283504,B0,B0-rank6-q1-r0-K0,255781,1.0,0.007054286627580134,0.0006265786540605722,0.006557605683070027,0.012985313656589588,10471.0,10471.0,2678282851.0
transfer_fixed_five,0.019250122715283504,B1,B1-rank12-q1-r0-K0,138803,1.0,0.0037234676383787746,0.0002615994585534187,0.009888424672271386,0.013350292852096742,20040.0,20040.0,2781612120.0
transfer_fixed_five,0.019250122715283504,B2,B2-rank3-q1-r4-K2,156410,1.1279095157845584,0.0037168195009252836,0.00026014045149713727,0.009895072809724877,0.013351751859153023,6242.53125,6242.53125,976394312.8125
transfer_fixed_five,0.019250122715283504,B3,B3-rank0-q8-r32-K4,205540,2.1650464347641196,4.417696927649928e-05,3.5948699160792685e-06,0.013567715341373661,0.013608297440734081,35178.1875,35178.1875,7230524658.75
transfer_fixed_five,0.019443313067190854,B0,B0-rank6-q1-r0-K0,246472,1.0,0.007054286627580134,0.0006265786540605722,0.006694211890963529,0.01312191986448309,10471.0,10471.0,2580808312.0
transfer_fixed_five,0.019443313067190854,B1,B1-rank12-q1-r0-K0,135386,1.0,0.0037234676383787746,0.0002615994585534187,0.010025030880164888,0.013486899059990244,20040.0,20040.0,2713135440.0
transfer_fixed_five,0.019443313067190854,B2,B2-rank3-q1-r4-K2,152561,1.1279095157845584,0.0037168195009252836,0.00026014045149713727,0.010031679017618379,0.013488358067046525,6242.53125,6242.53125,952366810.03125
transfer_fixed_five,0.019443313067190854,B3,B3-rank0-q8-r32-K4,201468,2.1650464347641196,4.417696927649928e-05,3.5948699160792685e-06,0.013704321549267163,0.013744903648627583,35178.1875,35178.1875,7087279079.25
transfer_fixed_five,0.019638442238534434,B0,B0-rank6-q1-r0-K0,237599,1.0,0.007054286627580134,0.0006265786540605722,0.0068321890512278854,0.013259897024747447,10471.0,10471.0,2487899129.0
transfer_fixed_five,0.019638442238534434,B1,B1-rank12-q1-r0-K0,132063,1.0,0.0037234676383787746,0.0002615994585534187,0.010163008040429244,0.0136248762202546,20040.0,20040.0,2646542520.0
transfer_fixed_five,0.019638442238534434,B2,B2-rank3-q1-r4-K2,148818,1.1279095157845584,0.0037168195009252836,0.00026014045149713727,0.010169656177882735,0.013626335227310882,6242.53125,6242.53125,929001015.5625
transfer_fixed_five,0.019638442238534434,B3,B3-rank0-q8-r32-K4,197478,2.1650464347641196,4.417696927649928e-05,3.5948699160792685e-06,0.01384229870953152,0.01388288080889194,35178.1875,35178.1875,6946918111.125
transfer_fixed_five,0.01983552968691535,B0,B0-rank6-q1-r0-K0,229135,1.0,0.007054286627580134,0.0006265786540605722,0.006971550922464785,0.013399258895984346,10471.0,10471.0,2399272585.0
transfer_fixed_five,0.01983552968691535,B1,B1-rank12-q1-r0-K0,128832,1.0,0.0037234676383787746,0.0002615994585534187,0.010302369911666144,0.0137642380914915,20040.0,20040.0,2581793280.0
transfer_fixed_five,0.01983552968691535,B2,B2-rank3-q1-r4-K2,145180,1.1279095157845584,0.0037168195009252836,0.00026014045149713727,0.010309018049119635,0.013765697098547781,6242.53125,6242.53125,906290686.875
transfer_fixed_five,0.01983552968691535,B3,B3-rank0-q8-r32-K4,193567,2.1650464347641196,4.417696927649928e-05,3.5948699160792685e-06,0.01398166058076842,0.01402224268012884,35178.1875,35178.1875,6809336219.8125
transfer_fixed_five,0.020034595065207276,B0,B0-rank6-q1-r0-K0,221060,1.0,0.007054286627580134,0.0006265786540605722,0.007112311401354472,0.013540019374874033,10471.0,10471.0,2314719260.0
transfer_fixed_five,0.020034595065207276,B1,B1-rank12-q1-r0-K0,125689,1.0,0.0037234676383787746,0.0002615994585534187,0.01044313039055583,0.013904998570381187,20040.0,20040.0,2518807560.0
transfer_fixed_five,0.020034595065207276,B2,B2-rank3-q1-r4-K2,141640,1.1279095157845584,0.0037168195009252836,0.00026014045149713727,0.010449778528009322,0.013906457577437468,6242.53125,6242.53125,884192126.25
transfer_fixed_five,0.020034595065207276,B3,B3-rank0-q8-r32-K4,189732,2.1650464347641196,4.417696927649928e-05,3.5948699160792685e-06,0.014122421059658106,0.014163003159018526,35178.1875,35178.1875,6674427870.75
transfer_fixed_five,0.02023565822351617,B0,B0-rank6-q1-r0-K0,213346,1.0,0.007054286627580134,0.0006265786540605722,0.007254484524041475,0.013682192497561037,10471.0,10471.0,2233945966.0
transfer_fixed_five,0.02023565822351617,B1,B1-rank12-q1-r0-K0,122632,1.0,0.0037234676383787746,0.0002615994585534187,0.010585303513242834,0.01404717169306819,20040.0,20040.0,2457545280.0
transfer_fixed_five,0.02023565822351617,B2,B2-rank3-q1-r4-K2,138197,1.1279095157845584,0.0037168195009252836,0.00026014045149713727,0.010591951650696325,0.014048630700124472,6242.53125,6242.53125,862699091.15625
transfer_fixed_five,0.02023565822351617,B3,B3-rank0-q8-r32-K4,185974,2.1650464347641196,4.417696927649928e-05,3.5948699160792685e-06,0.01426459418234511,0.01430517628170553,35178.1875,35178.1875,6542228242.125
transfer_fixed_five,0.020438739211159653,B0,B0-rank6-q1-r0-K0,205977,1.0,0.007054286627580134,0.0006265786540605722,0.007398084467534243,0.013825792441053805,10471.0,10471.0,2156785167.0
transfer_fixed_five,0.020438739211159653,B1,B1-rank12-q1-r0-K0,119658,1.0,0.0037234676383787746,0.0002615994585534187,0.010728903456735602,0.014190771636560958,20040.0,20040.0,2397946320.0
transfer_fixed_five,0.020438739211159653,B2,B2-rank3-q1-r4-K2,134847,1.1279095157845584,0.0037168195009252836,0.00026014045149713727,0.010735551594189093,0.01419223064361724,6242.53125,6242.53125,841786611.46875
transfer_fixed_five,0.020438739211159653,B3,B3-rank0-q8-r32-K4,182291,2.1650464347641196,4.417696927649928e-05,3.5948699160792685e-06,0.014408194125837877,0.014448776225198297,35178.1875,35178.1875,6412666977.5625
transfer_fixed_five,0.020643858278666258,B0,B0-rank6-q1-r0-K0,198931,1.0,0.007054286627580134,0.0006265786540605722,0.007543125551118825,0.013970833524638387,10471.0,10471.0,2083006501.0
transfer_fixed_five,0.020643858278666258,B1,B1-rank12-q1-r0-K0,116765,1.0,0.0037234676383787746,0.0002615994585534187,0.010873944540320184,0.01433581272014554,20040.0,20040.0,2339970600.0
transfer_fixed_five,0.020643858278666258,B2,B2-rank3-q1-r4-K2,131588,1.1279095157845584,0.0037168195009252836,0.00026014045149713727,0.010880592677773675,0.014337271727201822,6242.53125,6242.53125,821442202.125
transfer_fixed_five,0.020643858278666258,B3,B3-rank0-q8-r32-K4,178681,2.1650464347641196,4.417696927649928e-05,3.5948699160792685e-06,0.01455323520942246,0.01459381730878288,35178.1875,35178.1875,6285673720.6875
transfer_fixed_five,0.020851035879794724,B0,B0-rank6-q1-r0-K0,192191,1.0,0.007054286627580134,0.0006265786540605722,0.0076896222377867245,0.014117330211306286,10471.0,10471.0,2012431961.0
transfer_fixed_five,0.020851035879794724,B1,B1-rank12-q1-r0-K0,113948,1.0,0.0037234676383787746,0.0002615994585534187,0.011020441226988083,0.01448230940681344,20040.0,20040.0,2283517920.0
transfer_fixed_five,0.020851035879794724,B2,B2-rank3-q1-r4-K2,128416,1.1279095157845584,0.0037168195009252836,0.00026014045149713727,0.011027089364441574,0.01448376841386972,6242.53125,6242.53125,801640893.0
transfer_fixed_five,0.020851035879794724,B3,B3-rank0-q8-r32-K4,175142,2.1650464347641196,4.417696927649928e-05,3.5948699160792685e-06,0.014699731896090359,0.014740313995450779,35178.1875,35178.1875,6161178115.125
transfer_fixed_five,0.02106029267357361,B0,B0-rank6-q1-r0-K0,185740,1.0,0.007054286627580134,0.0006265786540605722,0.007837589135677132,0.014265297109196693,10471.0,10471.0,1944883540.0
transfer_fixed_five,0.02106029267357361,B1,B1-rank12-q1-r0-K0,111208,1.0,0.0037234676383787746,0.0002615994585534187,0.01116840812487849,0.014630276304703847,20040.0,20040.0,2228608320.0
transfer_fixed_five,0.02106029267357361,B2,B2-rank3-q1-r4-K2,125329,1.1279095157845584,0.0037168195009252836,0.00026014045149713727,0.011175056262331982,0.014631735311760128,6242.53125,6242.53125,782370199.03125
transfer_fixed_five,0.02106029267357361,B3,B3-rank0-q8-r32-K4,171673,2.1650464347641196,4.417696927649928e-05,3.5948699160792685e-06,0.014847698793980766,0.014888280893341186,35178.1875,35178.1875,6039144982.6875
transfer_fixed_five,0.021271649526361323,B0,B0-rank6-q1-r0-K0,179563,1.0,0.007054286627580134,0.0006265786540605722,0.007987040999533568,0.01441474897305313,10471.0,10471.0,1880204173.0
transfer_fixed_five,0.021271649526361323,B1,B1-rank12-q1-r0-K0,108541,1.0,0.0037234676383787746,0.0002615994585534187,0.011317859988734927,0.014779728168560283,20040.0,20040.0,2175161640.0
transfer_fixed_five,0.021271649526361323,B2,B2-rank3-q1-r4-K2,122324,1.1279095157845584,0.0037168195009252836,0.00026014045149713727,0.011324508126188418,0.014781187175616564,6242.53125,6242.53125,763611392.625
transfer_fixed_five,0.021271649526361323,B3,B3-rank0-q8-r32-K4,168273,2.1650464347641196,4.417696927649928e-05,3.5948699160792685e-06,0.014997150657837202,0.015037732757197622,35178.1875,35178.1875,5919539145.1875
transfer_fixed_five,0.021485127513926824,B0,B0-rank6-q1-r0-K0,173643,1.0,0.007054286627580134,0.0006265786540605722,0.008137992732175192,0.014565700705694754,10471.0,10471.0,1818215853.0
transfer_fixed_five,0.021485127513926824,B1,B1-rank12-q1-r0-K0,105944,1.0,0.0037234676383787746,0.0002615994585534187,0.011468811721376551,0.014930679901201907,20040.0,20040.0,2123117760.0
transfer_fixed_five,0.021485127513926824,B2,B2-rank3-q1-r4-K2,119400,1.1279095157845584,0.0037168195009252836,0.00026014045149713727,0.011475459858830042,0.014932138908258188,6242.53125,6242.53125,745358231.25
transfer_fixed_five,0.021485127513926824,B3,B3-rank0-q8-r32-K4,164941,2.1650464347641196,4.417696927649928e-05,3.5948699160792685e-06,0.015148102390478826,0.015188684489839246,35178.1875,35178.1875,5802325424.4375
transfer_fixed_five,0.02170074792355125,B0,B0-rank6-q1-r0-K0,167970,1.0,0.007054286627580134,0.0006265786540605722,0.008290459385982843,0.014718167359502404,10471.0,10471.0,1758813870.0
transfer_fixed_five,0.02170074792355125,B1,B1-rank12-q1-r0-K0,103417,1.0,0.0037234676383787746,0.0002615994585534187,0.011621278375184202,0.015083146555009558,20040.0,20040.0,2072476680.0
transfer_fixed_five,0.02170074792355125,B2,B2-rank3-q1-r4-K2,116553,1.1279095157845584,0.0037168195009252836,0.00026014045149713727,0.011627926512637693,0.01508460556206584,6242.53125,6242.53125,727585744.78125
transfer_fixed_five,0.02170074792355125,B3,B3-rank0-q8-r32-K4,161674,2.1650464347641196,4.417696927649928e-05,3.5948699160792685e-06,0.015300569044286477,0.015341151143646897,35178.1875,35178.1875,5687398285.875
transfer_fixed_five,0.0219185322561506,B0,B0-rank6-q1-r0-K0,162527,1.0,0.007054286627580134,0.0006265786540605722,0.008444456164400033,0.014872164137919594,10471.0,10471.0,1701820217.0
transfer_fixed_five,0.0219185322561506,B1,B1-rank12-q1-r0-K0,100956,1.0,0.0037234676383787746,0.0002615994585534187,0.011775275153601392,0.015237143333426748,20040.0,20040.0,2023158240.0
transfer_fixed_five,0.0219185322561506,B2,B2-rank3-q1-r4-K2,113780,1.1279095157845584,0.0037168195009252836,0.00026014045149713727,0.011781923291054883,0.01523860234048303,6242.53125,6242.53125,710275205.625
transfer_fixed_five,0.0219185322561506,B3,B3-rank0-q8-r32-K4,158472,2.1650464347641196,4.417696927649928e-05,3.5948699160792685e-06,0.015454565822703667,0.015495147922064087,35178.1875,35178.1875,5574757729.5
transfer_fixed_five,0.022138502228419735,B0,B0-rank6-q1-r0-K0,157306,1.0,0.007054286627580134,0.0006265786540605722,0.008599998423448954,0.015027706396968515,10471.0,10471.0,1647151126.0
transfer_fixed_five,0.022138502228419735,B1,B1-rank12-q1-r0-K0,98560,1.0,0.0037234676383787746,0.0002615994585534187,0.011930817412650313,0.015392685592475669,20040.0,20040.0,1975142400.0
transfer_fixed_five,0.022138502228419735,B2,B2-rank3-q1-r4-K2,111081,1.1279095157845584,0.0037168195009252836,0.00026014045149713727,0.011937465550103804,0.01539414459953195,6242.53125,6242.53125,693426613.78125
transfer_fixed_five,0.022138502228419735,B3,B3-rank0-q8-r32-K4,155334,2.1650464347641196,4.417696927649928e-05,3.5948699160792685e-06,0.015610108081752588,0.01565069018111301,35178.1875,35178.1875,5464368577.125
transfer_fixed_five,0.022360679774997897,B0,B0-rank6-q1-r0-K0,152293,1.0,0.007054286627580134,0.0006265786540605722,0.008757101673261762,0.015184809646781323,10471.0,10471.0,1594660003.0
transfer_fixed_five,0.022360679774997897,B1,B1-rank12-q1-r0-K0,96226,1.0,0.0037234676383787746,0.0002615994585534187,0.012087920662463121,0.015549788842288477,20040.0,20040.0,1928369040.0
transfer_fixed_five,0.022360679774997897,B2,B2-rank3-q1-r4-K2,108452,1.1279095157845584,0.0037168195009252836,0.00026014045149713727,0.012094568799916612,0.015551247849344758,6242.53125,6242.53125,677014999.125
transfer_fixed_five,0.022360679774997897,B3,B3-rank0-q8-r32-K4,152258,2.1650464347641196,4.417696927649928e-05,3.5948699160792685e-06,0.015767211331565396,0.015807793430925816,35178.1875,35178.1875,5356160472.375
transfer_fixed_five,0.02258508705065592,B0,B0-rank6-q1-r0-K0,147479,1.0,0.007054286627580134,0.0006265786540605722,0.00891578157962715,0.01534348955314671,10471.0,10471.0,1544252609.0
transfer_fixed_five,0.02258508705065592,B1,B1-rank12-q1-r0-K0,93954,1.0,0.0037234676383787746,0.0002615994585534187,0.012246600568828508,0.015708468748653864,20040.0,20040.0,1882838160.0
transfer_fixed_five,0.02258508705065592,B2,B2-rank3-q1-r4-K2,105892,1.1279095157845584,0.0037168195009252836,0.00026014045149713727,0.012253248706282,0.015709927755710146,6242.53125,6242.53125,661034119.125
transfer_fixed_five,0.02258508705065592,B3,B3-rank0-q8-r32-K4,149243,2.1650464347641196,4.417696927649928e-05,3.5948699160792685e-06,0.015925891237930784,0.015966473337291204,35178.1875,35178.1875,5250098237.0625
transfer_fixed_five,0.022811746432505494,B0,B0-rank6-q1-r0-K0,142855,1.0,0.007054286627580134,0.0006265786540605722,0.009076053965552534,0.015503761939072096,10471.0,10471.0,1495834705.0
transfer_fixed_five,0.022811746432505494,B1,B1-rank12-q1-r0-K0,91740,1.0,0.0037234676383787746,0.0002615994585534187,0.012406872954753893,0.01586874113457925,20040.0,20040.0,1838469600.0
transfer_fixed_five,0.022811746432505494,B2,B2-rank3-q1-r4-K2,103397,1.1279095157845584,0.0037168195009252836,0.00026014045149713727,0.012413521092207384,0.01587020014163553,6242.53125,6242.53125,645459003.65625
transfer_fixed_five,0.022811746432505494,B3,B3-rank0-q8-r32-K4,146287,2.1650464347641196,4.417696927649928e-05,3.5948699160792685e-06,0.01608616362385617,0.01612674572321659,35178.1875,35178.1875,5146111514.8125
transfer_fixed_five,0.023040680522230447,B0,B0-rank6-q1-r0-K0,138409,1.0,0.007054286627580134,0.0006265786540605722,0.009237934812841818,0.01566564278636138,10471.0,10471.0,1449280639.0
transfer_fixed_five,0.023040680522230447,B1,B1-rank12-q1-r0-K0,89582,1.0,0.0037234676383787746,0.0002615994585534187,0.012568753802043177,0.016030621981868533,20040.0,20040.0,1795223280.0
transfer_fixed_five,0.023040680522230447,B2,B2-rank3-q1-r4-K2,100968,1.1279095157845584,0.0037168195009252836,0.00026014045149713727,0.012575401939496668,0.016032080988924814,6242.53125,6242.53125,630295895.25
transfer_fixed_five,0.023040680522230447,B3,B3-rank0-q8-r32-K4,143391,2.1650464347641196,4.417696927649928e-05,3.5948699160792685e-06,0.016248044471145452,0.016288626570505872,35178.1875,35178.1875,5044235483.8125
transfer_fixed_five,0.02327191214834057,B0,B0-rank6-q1-r0-K0,134134,1.0,0.007054286627580134,0.0006265786540605722,0.009401440263689078,0.01582914823720864,10471.0,10471.0,1404517114.0
transfer_fixed_five,0.02327191214834057,B1,B1-rank12-q1-r0-K0,87482,1.0,0.0037234676383787746,0.0002615994585534187,0.012732259252890437,0.016194127432715793,20040.0,20040.0,1753139280.0
transfer_fixed_five,0.02327191214834057,B2,B2-rank3-q1-r4-K2,98601,1.1279095157845584,0.0037168195009252836,0.00026014045149713727,0.012738907390343928,0.016195586439772074,6242.53125,6242.53125,615519823.78125
transfer_fixed_five,0.02327191214834057,B3,B3-rank0-q8-r32-K4,140551,2.1650464347641196,4.417696927649928e-05,3.5948699160792685e-06,0.016411549921992712,0.016452132021353132,35178.1875,35178.1875,4944329431.3125
transfer_fixed_five,0.02350546436844801,B0,B0-rank6-q1-r0-K0,130022,1.0,0.007054286627580134,0.0006265786540605722,0.00956658662228822,0.01599429459580778,10471.0,10471.0,1361460362.0
transfer_fixed_five,0.02350546436844801,B1,B1-rank12-q1-r0-K0,85435,1.0,0.0037234676383787746,0.0002615994585534187,0.012897405611489578,0.016359273791314934,20040.0,20040.0,1712117400.0
transfer_fixed_five,0.02350546436844801,B2,B2-rank3-q1-r4-K2,96295,1.1279095157845584,0.0037168195009252836,0.00026014045149713727,0.01290405374894307,0.016360732798371216,6242.53125,6242.53125,601124546.71875
transfer_fixed_five,0.02350546436844801,B3,B3-rank0-q8-r32-K4,137769,2.1650464347641196,4.417696927649928e-05,3.5948699160792685e-06,0.016576696280591854,0.016617278379952274,35178.1875,35178.1875,4846463713.6875
transfer_fixed_five,0.0237413604715664,B0,B0-rank6-q1-r0-K0,126064,1.0,0.007054286627580134,0.0006265786540605722,0.009733390356458718,0.01616109832997828,10471.0,10471.0,1320016144.0
transfer_fixed_five,0.0237413604715664,B1,B1-rank12-q1-r0-K0,83440,1.0,0.0037234676383787746,0.0002615994585534187,0.013064209345660077,0.016526077525485433,20040.0,20040.0,1672137600.0
transfer_fixed_five,0.0237413604715664,B2,B2-rank3-q1-r4-K2,94048,1.1279095157845584,0.0037168195009252836,0.00026014045149713727,0.013070857483113568,0.016527536532541715,6242.53125,6242.53125,587097579.0
transfer_fixed_five,0.0237413604715664,B3,B3-rank0-q8-r32-K4,135041,2.1650464347641196,4.417696927649928e-05,3.5948699160792685e-06,0.016743500014762353,0.016784082114122773,35178.1875,35178.1875,4750497618.1875
transfer_fixed_five,0.023979623980433264,B0,B0-rank6-q1-r0-K0,122254,1.0,0.007054286627580134,0.0006265786540605722,0.009901868099287777,0.01632957607280734,10471.0,10471.0,1280121634.0
transfer_fixed_five,0.023979623980433264,B1,B1-rank12-q1-r0-K0,81497,1.0,0.0037234676383787746,0.0002615994585534187,0.013232687088489136,0.016694555268314492,20040.0,20040.0,1633199880.0
transfer_fixed_five,0.023979623980433264,B2,B2-rank3-q1-r4-K2,91858,1.1279095157845584,0.0037168195009252836,0.00026014045149713727,0.013239335225942627,0.016696014275370773,6242.53125,6242.53125,573426435.5625
transfer_fixed_five,0.023979623980433264,B3,B3-rank0-q8-r32-K4,132366,2.1650464347641196,4.417696927649928e-05,3.5948699160792685e-06,0.01691197775759141,0.01695255985695183,35178.1875,35178.1875,4656395966.625
transfer_fixed_five,0.024220278653855575,B0,B0-rank6-q1-r0-K0,118585,1.0,0.007054286627580134,0.0006265786540605722,0.010072036650788926,0.016499744624308487,10471.0,10471.0,1241703535.0
transfer_fixed_five,0.024220278653855575,B1,B1-rank12-q1-r0-K0,79602,1.0,0.0037234676383787746,0.0002615994585534187,0.013402855639990285,0.01686472381981564,20040.0,20040.0,1595224080.0
transfer_fixed_five,0.024220278653855575,B2,B2-rank3-q1-r4-K2,89724,1.1279095157845584,0.0037168195009252836,0.00026014045149713727,0.013409503777443776,0.016866182826871922,6242.53125,6242.53125,560104873.875
transfer_fixed_five,0.024220278653855575,B3,B3-rank0-q8-r32-K4,129746,2.1650464347641196,4.417696927649928e-05,3.5948699160792685e-06,0.01708214630909256,0.01712272840845298,35178.1875,35178.1875,4564229115.375
transfer_fixed_five,0.02446334848907889,B0,B0-rank6-q1-r0-K0,115049,1.0,0.007054286627580134,0.0006265786540605722,0.01024391297957723,0.01667162095309679,10471.0,10471.0,1204678079.0
transfer_fixed_five,0.02446334848907889,B1,B1-rank12-q1-r0-K0,77757,1.0,0.0037234676383787746,0.0002615994585534187,0.013574731968778588,0.017036600148603944,20040.0,20040.0,1558250280.0
transfer_fixed_five,0.02446334848907889,B2,B2-rank3-q1-r4-K2,87643,1.1279095157845584,0.0037168195009252836,0.00026014045149713727,0.01358138010623208,0.017038059155660226,6242.53125,6242.53125,547114166.34375
transfer_fixed_five,0.02446334848907889,B3,B3-rank0-q8-r32-K4,127176,2.1650464347641196,4.417696927649928e-05,3.5948699160792685e-06,0.017254022637880864,0.017294604737241284,35178.1875,35178.1875,4473821173.5
transfer_fixed_five,0.024708857724180293,B0,B0-rank6-q1-r0-K0,111643,1.0,0.007054286627580134,0.0006265786540605722,0.010417514224561355,0.016845222198080916,10471.0,10471.0,1169013853.0
transfer_fixed_five,0.024708857724180293,B1,B1-rank12-q1-r0-K0,75957,1.0,0.0037234676383787746,0.0002615994585534187,0.013748333213762714,0.01721020139358807,20040.0,20040.0,1522178280.0
transfer_fixed_five,0.024708857724180293,B2,B2-rank3-q1-r4-K2,85616,1.1279095157845584,0.0037168195009252836,0.00026014045149713727,0.013754981351216205,0.01721166040064435,6242.53125,6242.53125,534460555.5
transfer_fixed_five,0.024708857724180293,B3,B3-rank0-q8-r32-K4,124658,2.1650464347641196,4.417696927649928e-05,3.5948699160792685e-06,0.01742762388286499,0.01746820598222541,35178.1875,35178.1875,4385242497.375
transfer_fixed_five,0.024956830840485323,B0,B0-rank6-q1-r0-K0,108358,1.0,0.007054286627580134,0.0006265786540605722,0.0105928576966526,0.017020565670172162,10471.0,10471.0,1134616618.0
transfer_fixed_five,0.024956830840485323,B1,B1-rank12-q1-r0-K0,74203,1.0,0.0037234676383787746,0.0002615994585534187,0.01392367668585396,0.017385544865679316,20040.0,20040.0,1487028120.0
transfer_fixed_five,0.024956830840485323,B2,B2-rank3-q1-r4-K2,83639,1.1279095157845584,0.0037168195009252836,0.00026014045149713727,0.01393032482330745,0.017387003872735597,6242.53125,6242.53125,522119071.21875
transfer_fixed_five,0.024956830840485323,B3,B3-rank0-q8-r32-K4,122190,2.1650464347641196,4.417696927649928e-05,3.5948699160792685e-06,0.017602967354956235,0.017643549454316655,35178.1875,35178.1875,4298422730.625
transfer_fixed_five,0.025207292565009178,B0,B0-rank6-q1-r0-K0,105191,1.0,0.007054286627580134,0.0006265786540605722,0.010769960880491095,0.017197668854010657,10471.0,10471.0,1101454961.0
transfer_fixed_five,0.025207292565009178,B1,B1-rank12-q1-r0-K0,72492,1.0,0.0037234676383787746,0.0002615994585534187,0.014100779869692454,0.01756264804951781,20040.0,20040.0,1452739680.0
transfer_fixed_five,0.025207292565009178,B2,B2-rank3-q1-r4-K2,81712,1.1279095157845584,0.0037168195009252836,0.00026014045149713727,0.014107428007145945,0.01756410705657409,6242.53125,6242.53125,510089713.5
transfer_fixed_five,0.025207292565009178,B3,B3-rank0-q8-r32-K4,119771,2.1650464347641196,4.417696927649928e-05,3.5948699160792685e-06,0.01778007053879473,0.01782065263815515,35178.1875,35178.1875,4213326695.0625
transfer_fixed_five,0.025460267872922375,B0,B0-rank6-q1-r0-K0,102135,1.0,0.007054286627580134,0.0006265786540605722,0.010948841436189273,0.017376549409708834,10471.0,10471.0,1069455585.0
transfer_fixed_five,0.025460267872922375,B1,B1-rank12-q1-r0-K0,70825,1.0,0.0037234676383787746,0.0002615994585534187,0.014279660425390632,0.017741528605215988,20040.0,20040.0,1419333000.0
transfer_fixed_five,0.025460267872922375,B2,B2-rank3-q1-r4-K2,79833,1.1279095157845584,0.0037168195009252836,0.00026014045149713727,0.014286308562844123,0.01774298761227227,6242.53125,6242.53125,498359997.28125
transfer_fixed_five,0.025460267872922375,B3,B3-rank0-q8-r32-K4,117399,2.1650464347641196,4.417696927649928e-05,3.5948699160792685e-06,0.017958951094492907,0.017999533193853327,35178.1875,35178.1875,4129884034.3125
transfer_fixed_five,0.025715781990041233,B0,B0-rank6-q1-r0-K0,99187,1.0,0.007054286627580134,0.0006265786540605722,0.011129517201092912,0.017557225174612473,10471.0,10471.0,1038587077.0
transfer_fixed_five,0.025715781990041233,B1,B1-rank12-q1-r0-K0,69198,1.0,0.0037234676383787746,0.0002615994585534187,0.01446033619029427,0.017922204370119627,20040.0,20040.0,1386727920.0
transfer_fixed_five,0.025715781990041233,B2,B2-rank3-q1-r4-K2,78001,1.1279095157845584,0.0037168195009252836,0.00026014045149713727,0.014466984327747762,0.017923663377175908,6242.53125,6242.53125,486923680.03125
transfer_fixed_five,0.025715781990041233,B3,B3-rank0-q8-r32-K4,115075,2.1650464347641196,4.417696927649928e-05,3.5948699160792685e-06,0.018139626859396546,0.018180208958756966,35178.1875,35178.1875,4048129926.5625
transfer_fixed_five,0.025973860395343277,B0,B0-rank6-q1-r0-K0,96340,1.0,0.007054286627580134,0.0006265786540605722,0.011312006191559795,0.017739714165079357,10471.0,10471.0,1008776140.0
transfer_fixed_five,0.025973860395343277,B1,B1-rank12-q1-r0-K0,67613,1.0,0.0037234676383787746,0.0002615994585534187,0.014642825180761154,0.01810469336058651,20040.0,20040.0,1354964520.0
transfer_fixed_five,0.025973860395343277,B2,B2-rank3-q1-r4-K2,76215,1.1279095157845584,0.0037168195009252836,0.00026014045149713727,0.014649473318214645,0.01810615236764279,6242.53125,6242.53125,475774519.21875
transfer_fixed_five,0.025973860395343277,B3,B3-rank0-q8-r32-K4,112796,2.1650464347641196,4.417696927649928e-05,3.5948699160792685e-06,0.01832211584986343,0.01836269794922385,35178.1875,35178.1875,3967958837.25
transfer_fixed_five,0.026234528823507883,B0,B0-rank6-q1-r0-K0,93592,1.0,0.007054286627580134,0.0006265786540605722,0.011496326604756229,0.01792403457827579,10471.0,10471.0,980001832.0
transfer_fixed_five,0.026234528823507883,B1,B1-rank12-q1-r0-K0,66067,1.0,0.0037234676383787746,0.0002615994585534187,0.014827145593957588,0.018289013773782944,20040.0,20040.0,1323982680.0
transfer_fixed_five,0.026234528823507883,B2,B2-rank3-q1-r4-K2,74473,1.1279095157845584,0.0037168195009252836,0.00026014045149713727,0.014833793731411079,0.018290472780839225,6242.53125,6242.53125,464900029.78125
transfer_fixed_five,0.026234528823507883,B3,B3-rank0-q8-r32-K4,110563,2.1650464347641196,4.417696927649928e-05,3.5948699160792685e-06,0.018506436263059863,0.018547018362420283,35178.1875,35178.1875,3889405944.5625
transfer_fixed_five,0.026497813267482524,B0,B0-rank6-q1-r0-K0,90937,1.0,0.007054286627580134,0.0006265786540605722,0.011682496820471625,0.018110204793991187,10471.0,10471.0,952201327.0
transfer_fixed_five,0.026497813267482524,B1,B1-rank12-q1-r0-K0,64560,1.0,0.0037234676383787746,0.0002615994585534187,0.015013315809672984,0.01847518398949834,20040.0,20040.0,1293782400.0
transfer_fixed_five,0.026497813267482524,B2,B2-rank3-q1-r4-K2,72773,1.1279095157845584,0.0037168195009252836,0.00026014045149713727,0.015019963947126475,0.01847664299655462,6242.53125,6242.53125,454287726.65625
transfer_fixed_five,0.026497813267482524,B3,B3-rank0-q8-r32-K4,108375,2.1650464347641196,4.417696927649928e-05,3.5948699160792685e-06,0.01869260647877526,0.01873318857813568,35178.1875,35178.1875,3812436070.3125
transfer_fixed_five,0.02676373998107465,B0,B0-rank6-q1-r0-K0,88372,1.0,0.007054286627580134,0.0006265786540605722,0.011870535402951271,0.018298243376470832,10471.0,10471.0,925343212.0
transfer_fixed_five,0.02676373998107465,B1,B1-rank12-q1-r0-K0,63089,1.0,0.0037234676383787746,0.0002615994585534187,0.01520135439215263,0.018663222571977986,20040.0,20040.0,1264303560.0
transfer_fixed_five,0.02676373998107465,B2,B2-rank3-q1-r4-K2,71117,1.1279095157845584,0.0037168195009252836,0.00026014045149713727,0.015208002529606121,0.018664681579034267,6242.53125,6242.53125,443950094.90625
transfer_fixed_five,0.02676373998107465,B3,B3-rank0-q8-r32-K4,106228,2.1650464347641196,4.417696927649928e-05,3.5948699160792685e-06,0.018880645061254905,0.018921227160615325,35178.1875,35178.1875,3736908501.75
transfer_fixed_five,0.027032335481569594,B0,B0-rank6-q1-r0-K0,85893,1.0,0.007054286627580134,0.0006265786540605722,0.01206046110274744,0.018488169076267002,10471.0,10471.0,899385603.0
transfer_fixed_five,0.027032335481569594,B1,B1-rank12-q1-r0-K0,61654,1.0,0.0037234676383787746,0.0002615994585534187,0.0153912800919488,0.018853148271774155,20040.0,20040.0,1235546160.0
transfer_fixed_five,0.027032335481569594,B2,B2-rank3-q1-r4-K2,69500,1.1279095157845584,0.0037168195009252836,0.00026014045149713727,0.01539792822940229,0.018854607278830437,6242.53125,6242.53125,433855921.875
transfer_fixed_five,0.027032335481569594,B3,B3-rank0-q8-r32-K4,104125,2.1650464347641196,4.417696927649928e-05,3.5948699160792685e-06,0.019070570761051075,0.019111152860411495,35178.1875,35178.1875,3662928773.4375
transfer_fixed_five,0.027303626552374862,B0,B0-rank6-q1-r0-K0,83498,1.0,0.007054286627580134,0.0006265786540605722,0.012252292858589205,0.018680000832108766,10471.0,10471.0,874307558.0
transfer_fixed_five,0.027303626552374862,B1,B1-rank12-q1-r0-K0,60254,1.0,0.0037234676383787746,0.0002615994585534187,0.015583111847790564,0.01904498002761592,20040.0,20040.0,1207490160.0
transfer_fixed_five,0.027303626552374862,B2,B2-rank3-q1-r4-K2,67923,1.1279095157845584,0.0037168195009252836,0.00026014045149713727,0.015589759985244055,0.0190464390346722,6242.53125,6242.53125,424011450.09375
transfer_fixed_five,0.027303626552374862,B3,B3-rank0-q8-r32-K4,102064,2.1650464347641196,4.417696927649928e-05,3.5948699160792685e-06,0.01926240251689284,0.01930298461625326,35178.1875,35178.1875,3590426529.0
transfer_fixed_five,0.027577640245690815,B0,B0-rank6-q1-r0-K0,81182,1.0,0.007054286627580134,0.0006265786540605722,0.012446049799270886,0.018873757772790448,10471.0,10471.0,850056722.0
transfer_fixed_five,0.027577640245690815,B1,B1-rank12-q1-r0-K0,58889,1.0,0.0037234676383787746,0.0002615994585534187,0.015776868788472245,0.0192387369682976,20040.0,20040.0,1180135560.0
transfer_fixed_five,0.027577640245690815,B2,B2-rank3-q1-r4-K2,66385,1.1279095157845584,0.0037168195009252836,0.00026014045149713727,0.015783516925925736,0.019240195975353883,6242.53125,6242.53125,414410437.03125
transfer_fixed_five,0.027577640245690815,B3,B3-rank0-q8-r32-K4,100043,2.1650464347641196,4.417696927649928e-05,3.5948699160792685e-06,0.01945615945757452,0.01949674155693494,35178.1875,35178.1875,3519331412.0625
transfer_fixed_five,0.02785440388520827,B0,B0-rank6-q1-r0-K0,78941,1.0,0.007054286627580134,0.0006265786540605722,0.012641751245559548,0.01906945921907911,10471.0,10471.0,826591211.0
transfer_fixed_five,0.02785440388520827,B1,B1-rank12-q1-r0-K0,57557,1.0,0.0037234676383787746,0.0002615994585534187,0.015972570234760907,0.019434438414586263,20040.0,20040.0,1153442280.0
transfer_fixed_five,0.02785440388520827,B2,B2-rank3-q1-r4-K2,64883,1.1279095157845584,0.0037168195009252836,0.00026014045149713727,0.015979218372214398,0.019435897421642544,6242.53125,6242.53125,405034155.09375
transfer_fixed_five,0.02785440388520827,B3,B3-rank0-q8-r32-K4,98063,2.1650464347641196,4.417696927649928e-05,3.5948699160792685e-06,0.019651860903863182,0.019692443003223602,35178.1875,35178.1875,3449678600.8125
transfer_fixed_five,0.028133945068833068,B0,B0-rank6-q1-r0-K0,76773,1.0,0.007054286627580134,0.0006265786540605722,0.012839416712121555,0.019267124685641117,10471.0,10471.0,803890083.0
transfer_fixed_five,0.028133945068833068,B1,B1-rank12-q1-r0-K0,56257,1.0,0.0037234676383787746,0.0002615994585534187,0.016170235701322914,0.01963210388114827,20040.0,20040.0,1127390280.0
transfer_fixed_five,0.028133945068833068,B2,B2-rank3-q1-r4-K2,63418,1.1279095157845584,0.0037168195009252836,0.00026014045149713727,0.016176883838776406,0.019633562888204552,6242.53125,6242.53125,395888846.8125
transfer_fixed_five,0.028133945068833068,B3,B3-rank0-q8-r32-K4,96122,2.1650464347641196,4.417696927649928e-05,3.5948699160792685e-06,0.01984952637042519,0.01989010846978561,35178.1875,35178.1875,3381397738.875
transfer_fixed_five,0.028416291671438082,B0,B0-rank6-q1-r0-K0,74676,1.0,0.007054286627580134,0.0006265786540605722,0.013039065909468545,0.019466773882988106,10471.0,10471.0,781932396.0
transfer_fixed_five,0.028416291671438082,B1,B1-rank12-q1-r0-K0,54989,1.0,0.0037234676383787746,0.0002615994585534187,0.016369884898669904,0.01983175307849526,20040.0,20040.0,1101979560.0
transfer_fixed_five,0.028416291671438082,B2,B2-rank3-q1-r4-K2,61990,1.1279095157845584,0.0037168195009252836,0.00026014045149713727,0.016376533036123395,0.01983321208555154,6242.53125,6242.53125,386974512.1875
transfer_fixed_five,0.028416291671438082,B3,B3-rank0-q8-r32-K4,94219,2.1650464347641196,4.417696927649928e-05,3.5948699160792685e-06,0.02004917556777218,0.0200897576671326,35178.1875,35178.1875,3314453648.0625
transfer_fixed_five,0.028701471847642816,B0,B0-rank6-q1-r0-K0,72646,1.0,0.007054286627580134,0.0006265786540605722,0.013240718745922888,0.01966842671944245,10471.0,10471.0,760676266.0
transfer_fixed_five,0.028701471847642816,B1,B1-rank12-q1-r0-K0,53752,1.0,0.0037234676383787746,0.0002615994585534187,0.016571537735124247,0.020033405914949603,20040.0,20040.0,1077190080.0
transfer_fixed_five,0.028701471847642816,B2,B2-rank3-q1-r4-K2,60595,1.1279095157845584,0.0037168195009252836,0.00026014045149713727,0.016578185872577738,0.020034864922005884,6242.53125,6242.53125,378266181.09375
transfer_fixed_five,0.028701471847642816,B3,B3-rank0-q8-r32-K4,92353,2.1650464347641196,4.417696927649928e-05,3.5948699160792685e-06,0.020250828404226522,0.020291410503586942,35178.1875,35178.1875,3248811150.1875
transfer_fixed_five,0.02898951403462081,B0,B0-rank6-q1-r0-K0,70681,1.0,0.007054286627580134,0.0006265786540605722,0.013444395329602832,0.019872103303122394,10471.0,10471.0,740100751.0
transfer_fixed_five,0.02898951403462081,B1,B1-rank12-q1-r0-K0,52544,1.0,0.0037234676383787746,0.0002615994585534187,0.01677521431880419,0.020237082498629547,20040.0,20040.0,1052981760.0
transfer_fixed_five,0.02898951403462081,B2,B2-rank3-q1-r4-K2,59234,1.1279095157845584,0.0037168195009252836,0.00026014045149713727,0.016781862456257682,0.02023854150568583,6242.53125,6242.53125,369770096.0625
transfer_fixed_five,0.02898951403462081,B3,B3-rank0-q8-r32-K4,90525,2.1650464347641196,4.417696927649928e-05,3.5948699160792685e-06,0.020454504987906467,0.020495087087266887,35178.1875,35178.1875,3184505423.4375
transfer_fixed_five,0.029280446954935396,B0,B0-rank6-q1-r0-K0,68778,1.0,0.007054286627580134,0.0006265786540605722,0.01365011597042768,0.02007782394394724,10471.0,10471.0,720174438.0
transfer_fixed_five,0.029280446954935396,B1,B1-rank12-q1-r0-K0,51366,1.0,0.0037234676383787746,0.0002615994585534187,0.01698093495962904,0.020442803139454395,20040.0,20040.0,1029374640.0
transfer_fixed_five,0.029280446954935396,B2,B2-rank3-q1-r4-K2,57906,1.1279095157845584,0.0037168195009252836,0.00026014045149713727,0.01698758309708253,0.020444262146510676,6242.53125,6242.53125,361480014.5625
transfer_fixed_five,0.029280446954935396,B3,B3-rank0-q8-r32-K4,88733,2.1650464347641196,4.417696927649928e-05,3.5948699160792685e-06,0.020660225628731314,0.020700807728091734,35178.1875,35178.1875,3121466111.4375
transfer_fixed_five,0.02957429961940374,B0,B0-rank6-q1-r0-K0,66935,1.0,0.007054286627580134,0.0006265786540605722,0.01385790118214298,0.02028560915566254,10471.0,10471.0,700876385.0
transfer_fixed_five,0.02957429961940374,B1,B1-rank12-q1-r0-K0,50216,1.0,0.0037234676383787746,0.0002615994585534187,0.01718872017134434,0.020650588351169695,20040.0,20040.0,1006328640.0
transfer_fixed_five,0.02957429961940374,B2,B2-rank3-q1-r4-K2,56609,1.1279095157845584,0.0037168195009252836,0.00026014045149713727,0.01719536830879783,0.020652047358225976,6242.53125,6242.53125,353383451.53125
transfer_fixed_five,0.02957429961940374,B3,B3-rank0-q8-r32-K4,86977,2.1650464347641196,4.417696927649928e-05,3.5948699160792685e-06,0.020868010840446614,0.020908592939807034,35178.1875,35178.1875,3059693214.1875
transfer_fixed_five,0.029871101329989713,B0,B0-rank6-q1-r0-K0,65149,1.0,0.007054286627580134,0.0006265786540605722,0.014067771684366091,0.020495479657885653,10471.0,10471.0,682175179.0
transfer_fixed_five,0.029871101329989713,B1,B1-rank12-q1-r0-K0,49092,1.0,0.0037234676383787746,0.0002615994585534187,0.01739859067356745,0.020860458853392806,20040.0,20040.0,983803680.0
transfer_fixed_five,0.029871101329989713,B2,B2-rank3-q1-r4-K2,55344,1.1279095157845584,0.0037168195009252836,0.00026014045149713727,0.01740523881102094,0.020861917860449088,6242.53125,6242.53125,345486649.5
transfer_fixed_five,0.029871101329989713,B3,B3-rank0-q8-r32-K4,85254,2.1650464347641196,4.417696927649928e-05,3.5948699160792685e-06,0.021077881342669726,0.021118463442030146,35178.1875,35178.1875,2999081197.125
transfer_fixed_five,0.030170881682725813,B0,B0-rank6-q1-r0-K0,63419,1.0,0.007054286627580134,0.0006265786540605722,0.014279748404652282,0.020707456378171844,10471.0,10471.0,664060349.0
transfer_fixed_five,0.030170881682725813,B1,B1-rank12-q1-r0-K0,47997,1.0,0.0037234676383787746,0.0002615994585534187,0.01761056739385364,0.021072435573678997,20040.0,20040.0,961859880.0
transfer_fixed_five,0.030170881682725813,B2,B2-rank3-q1-r4-K2,54109,1.1279095157845584,0.0037168195009252836,0.00026014045149713727,0.017617215531307132,0.02107389458073528,6242.53125,6242.53125,337777123.40625
transfer_fixed_five,0.030170881682725813,B3,B3-rank0-q8-r32-K4,83567,2.1650464347641196,4.417696927649928e-05,3.5948699160792685e-06,0.021289858062955917,0.021330440162316337,35178.1875,35178.1875,2939735594.8125
transfer_fixed_five,0.03047367057066435,B0,B0-rank6-q1-r0-K0,61743,1.0,0.007054286627580134,0.0006265786540605722,0.014493852480581555,0.020921560454101117,10471.0,10471.0,646510953.0
transfer_fixed_five,0.03047367057066435,B1,B1-rank12-q1-r0-K0,46927,1.0,0.0037234676383787746,0.0002615994585534187,0.017824671469782914,0.02128653964960827,20040.0,20040.0,940417080.0
transfer_fixed_five,0.03047367057066435,B2,B2-rank3-q1-r4-K2,52903,1.1279095157845584,0.0037168195009252836,0.00026014045149713727,0.017831319607236405,0.02128799865666455,6242.53125,6242.53125,330248630.71875
transfer_fixed_five,0.03047367057066435,B3,B3-rank0-q8-r32-K4,81913,2.1650464347641196,4.417696927649928e-05,3.5948699160792685e-06,0.02150396213888519,0.02154454423824561,35178.1875,35178.1875,2881550872.6875
transfer_fixed_five,0.03077949818685826,B0,B0-rank6-q1-r0-K0,60117,1.0,0.007054286627580134,0.0006265786540605722,0.014710105261866384,0.021137813235385945,10471.0,10471.0,629485107.0
transfer_fixed_five,0.03077949818685826,B1,B1-rank12-q1-r0-K0,45882,1.0,0.0037234676383787746,0.0002615994585534187,0.018040924251067743,0.0215027924308931,20040.0,20040.0,919475280.0
transfer_fixed_five,0.03077949818685826,B2,B2-rank3-q1-r4-K2,51726,1.1279095157845584,0.0037168195009252836,0.00026014045149713727,0.018047572388521234,0.02150425143794938,6242.53125,6242.53125,322901171.4375
transfer_fixed_five,0.03077949818685826,B3,B3-rank0-q8-r32-K4,80292,2.1650464347641196,4.417696927649928e-05,3.5948699160792685e-06,0.021720214920170018,0.021760797019530438,35178.1875,35178.1875,2824527030.75
transfer_fixed_five,0.031088395027371894,B0,B0-rank6-q1-r0-K0,58542,1.0,0.007054286627580134,0.0006265786540605722,0.014928528312480677,0.021356236286000238,10471.0,10471.0,612993282.0
transfer_fixed_five,0.031088395027371894,B1,B1-rank12-q1-r0-K0,44863,1.0,0.0037234676383787746,0.0002615994585534187,0.018259347301682036,0.02172121548150739,20040.0,20040.0,899054520.0
transfer_fixed_five,0.031088395027371894,B2,B2-rank3-q1-r4-K2,50577,1.1279095157845584,0.0037168195009252836,0.00026014045149713727,0.018265995439135527,0.021722674488563673,6242.53125,6242.53125,315728503.03125
transfer_fixed_five,0.031088395027371894,B3,B3-rank0-q8-r32-K4,78702,2.1650464347641196,4.417696927649928e-05,3.5948699160792685e-06,0.02193863797078431,0.02197922007014473,35178.1875,35178.1875,2768593712.625
transfer_fixed_five,0.03140039189432196,B0,B0-rank6-q1-r0-K0,57014,1.0,0.007054286627580134,0.0006265786540605722,0.015149143412810026,0.021576851386329587,10471.0,10471.0,596993594.0
transfer_fixed_five,0.03140039189432196,B1,B1-rank12-q1-r0-K0,43867,1.0,0.0037234676383787746,0.0002615994585534187,0.018479962402011385,0.02194183058183674,20040.0,20040.0,879094680.0
transfer_fixed_five,0.03140039189432196,B2,B2-rank3-q1-r4-K2,49455,1.1279095157845584,0.0037168195009252836,0.00026014045149713727,0.018486610539464876,0.021943289588893022,6242.53125,6242.53125,308724382.96875
transfer_fixed_five,0.03140039189432196,B3,B3-rank0-q8-r32-K4,77145,2.1650464347641196,4.417696927649928e-05,3.5948699160792685e-06,0.02215925307111366,0.02219983517047408,35178.1875,35178.1875,2713821274.6875
transfer_fixed_five,0.031715519898949,B0,B0-rank6-q1-r0-K0,55532,1.0,0.007054286627580134,0.0006265786540605722,0.015371972561823592,0.021799680535343154,10471.0,10471.0,581475572.0
transfer_fixed_five,0.031715519898949,B1,B1-rank12-q1-r0-K0,42895,1.0,0.0037234676383787746,0.0002615994585534187,0.01870279155102495,0.022164659730850307,20040.0,20040.0,859615800.0
transfer_fixed_five,0.031715519898949,B2,B2-rank3-q1-r4-K2,48359,1.1279095157845584,0.0037168195009252836,0.00026014045149713727,0.018709439688478442,0.02216611873790659,6242.53125,6242.53125,301882568.71875
transfer_fixed_five,0.031715519898949,B3,B3-rank0-q8-r32-K4,75617,2.1650464347641196,4.417696927649928e-05,3.5948699160792685e-06,0.022382082220127227,0.022422664319487647,35178.1875,35178.1875,2660069004.1875
transfer_fixed_five,0.03203381046471968,B0,B0-rank6-q1-r0-K0,54094,1.0,0.007054286627580134,0.0006265786540605722,0.015597037979267741,0.022024745952787302,10471.0,10471.0,566418274.0
transfer_fixed_five,0.03203381046471968,B1,B1-rank12-q1-r0-K0,41946,1.0,0.0037234676383787746,0.0002615994585534187,0.0189278569684691,0.022389725148294456,20040.0,20040.0,840597840.0
transfer_fixed_five,0.03203381046471968,B2,B2-rank3-q1-r4-K2,47290,1.1279095157845584,0.0037168195009252836,0.00026014045149713727,0.01893450510592259,0.022391184155350737,6242.53125,6242.53125,295209302.8125
transfer_fixed_five,0.03203381046471968,B3,B3-rank0-q8-r32-K4,74121,2.1650464347641196,4.417696927649928e-05,3.5948699160792685e-06,0.022607147637571375,0.022647729736931795,35178.1875,35178.1875,2607442435.6875
transfer_fixed_five,0.03235529533046026,B0,B0-rank6-q1-r0-K0,52699,1.0,0.007054286627580134,0.0006265786540605722,0.015824362107881754,0.022252070081401315,10471.0,10471.0,551811229.0
transfer_fixed_five,0.03235529533046026,B1,B1-rank12-q1-r0-K0,41019,1.0,0.0037234676383787746,0.0002615994585534187,0.019155181097083113,0.02261704927690847,20040.0,20040.0,822020760.0
transfer_fixed_five,0.03235529533046026,B2,B2-rank3-q1-r4-K2,46244,1.1279095157845584,0.0037168195009252836,0.00026014045149713727,0.019161829234536604,0.02261850828396475,6242.53125,6242.53125,288679615.125
transfer_fixed_five,0.03235529533046026,B3,B3-rank0-q8-r32-K4,72653,2.1650464347641196,4.417696927649928e-05,3.5948699160792685e-06,0.022834471766185388,0.022875053865545808,35178.1875,35178.1875,2555800856.4375
transfer_fixed_five,0.032680006553521476,B0,B0-rank6-q1-r0-K0,51345,1.0,0.007054286627580134,0.0006265786540605722,0.016053967615635715,0.022481675589155276,10471.0,10471.0,537633495.0
transfer_fixed_five,0.032680006553521476,B1,B1-rank12-q1-r0-K0,40114,1.0,0.0037234676383787746,0.0002615994585534187,0.019384786604837074,0.02284665478466243,20040.0,20040.0,803884560.0
transfer_fixed_five,0.032680006553521476,B2,B2-rank3-q1-r4-K2,45225,1.1279095157845584,0.0037168195009252836,0.00026014045149713727,0.019391434742290565,0.02284811379171871,6242.53125,6242.53125,282318475.78125
transfer_fixed_five,0.032680006553521476,B3,B3-rank0-q8-r32-K4,71215,2.1650464347641196,4.417696927649928e-05,3.5948699160792685e-06,0.02306407727393935,0.02310465937329977,35178.1875,35178.1875,2505214622.8125
transfer_fixed_five,0.03300797651297513,B0,B0-rank6-q1-r0-K0,50032,1.0,0.007054286627580134,0.0006265786540605722,0.01628587739799087,0.02271358537151043,10471.0,10471.0,523885072.0
transfer_fixed_five,0.03300797651297513,B1,B1-rank12-q1-r0-K0,39230,1.0,0.0037234676383787746,0.0002615994585534187,0.01961669638719223,0.023078564567017585,20040.0,20040.0,786169200.0
transfer_fixed_five,0.03300797651297513,B2,B2-rank3-q1-r4-K2,44228,1.1279095157845584,0.0037168195009252836,0.00026014045149713727,0.01962334452464572,0.023080023574073866,6242.53125,6242.53125,276094672.125
transfer_fixed_five,0.03300797651297513,B3,B3-rank0-q8-r32-K4,69806,2.1650464347641196,4.417696927649928e-05,3.5948699160792685e-06,0.023295987056294504,0.023336569155654924,35178.1875,35178.1875,2455648556.625
transfer_fixed_five,0.0333392379128429,B0,B0-rank6-q1-r0-K0,48756,1.0,0.007054286627580134,0.0006265786540605722,0.016520114580182717,0.022947822553702278,10471.0,10471.0,510524076.0
transfer_fixed_five,0.0333392379128429,B1,B1-rank12-q1-r0-K0,38367,1.0,0.0037234676383787746,0.0002615994585534187,0.019850933569384076,0.02331280174920943,20040.0,20040.0,768874680.0
transfer_fixed_five,0.0333392379128429,B2,B2-rank3-q1-r4-K2,43255,1.1279095157845584,0.0037168195009252836,0.00026014045149713727,0.019857581706837567,0.023314260756265713,6242.53125,6242.53125,270020689.21875
transfer_fixed_five,0.0333392379128429,B3,B3-rank0-q8-r32-K4,68424,2.1650464347641196,4.417696927649928e-05,3.5948699160792685e-06,0.02353022423848635,0.02357080633784677,35178.1875,35178.1875,2407032301.5
transfer_fixed_five,0.03367382378535745,B0,B0-rank6-q1-r0-K0,47518,1.0,0.007054286627580134,0.0006265786540605722,0.016756702519526975,0.023184410493046537,10471.0,10471.0,497560978.0
transfer_fixed_five,0.03367382378535745,B1,B1-rank12-q1-r0-K0,37524,1.0,0.0037234676383787746,0.0002615994585534187,0.020087521508728334,0.02354938968855369,20040.0,20040.0,751980960.0
transfer_fixed_five,0.03367382378535745,B2,B2-rank3-q1-r4-K2,42305,1.1279095157845584,0.0037168195009252836,0.00026014045149713727,0.020094169646181825,0.02355084869560997,6242.53125,6242.53125,264090284.53125
transfer_fixed_five,0.03367382378535745,B3,B3-rank0-q8-r32-K4,67070,2.1650464347641196,4.417696927649928e-05,3.5948699160792685e-06,0.02376681217783061,0.02380739427719103,35178.1875,35178.1875,2359401035.625
transfer_fixed_five,0.03401176749425622,B0,B0-rank6-q1-r0-K0,46315,1.0,0.007054286627580134,0.0006265786540605722,0.016995664807748626,0.023423372781268187,10471.0,10471.0,484964365.0
transfer_fixed_five,0.03401176749425622,B1,B1-rank12-q1-r0-K0,36700,1.0,0.0037234676383787746,0.0002615994585534187,0.020326483796949985,0.02378835197677534,20040.0,20040.0,735468000.0
transfer_fixed_five,0.03401176749425622,B2,B2-rank3-q1-r4-K2,41377,1.1279095157845584,0.0037168195009252836,0.00026014045149713727,0.020333131934403476,0.023789810983831622,6242.53125,6242.53125,258297215.53125
transfer_fixed_five,0.03401176749425622,B3,B3-rank0-q8-r32-K4,65743,2.1650464347641196,4.417696927649928e-05,3.5948699160792685e-06,0.02400577446605226,0.02404635656541268,35178.1875,35178.1875,2312719580.8125
transfer_fixed_five,0.03435310273810844,B0,B0-rank6-q1-r0-K0,45148,1.0,0.007054286627580134,0.0006265786540605722,0.017237025273334497,0.02366473324685406,10471.0,10471.0,472744708.0
transfer_fixed_five,0.03435310273810844,B1,B1-rank12-q1-r0-K0,35896,1.0,0.0037234676383787746,0.0002615994585534187,0.020567844262535856,0.024029712442361212,20040.0,20040.0,719355840.0
transfer_fixed_five,0.03435310273810844,B2,B2-rank3-q1-r4-K2,40470,1.1279095157845584,0.0037168195009252836,0.00026014045149713727,0.020574492399989347,0.024031171449417493,6242.53125,6242.53125,252635239.6875
transfer_fixed_five,0.03435310273810844,B3,B3-rank0-q8-r32-K4,64441,2.1650464347641196,4.417696927649928e-05,3.5948699160792685e-06,0.02424713493163813,0.02428771703099855,35178.1875,35178.1875,2266917580.6875
transfer_fixed_five,0.034697863553675365,B0,B0-rank6-q1-r0-K0,44014,1.0,0.007054286627580134,0.0006265786540605722,0.017480807983909274,0.023908515957428836,10471.0,10471.0,460870594.0
transfer_fixed_five,0.034697863553675365,B1,B1-rank12-q1-r0-K0,35110,1.0,0.0037234676383787746,0.0002615994585534187,0.020811626973110633,0.02427349515293599,20040.0,20040.0,703604400.0
transfer_fixed_five,0.034697863553675365,B2,B2-rank3-q1-r4-K2,39584,1.1279095157845584,0.0037168195009252836,0.00026014045149713727,0.020818275110564124,0.02427495415999227,6242.53125,6242.53125,247104357.0
transfer_fixed_five,0.034697863553675365,B3,B3-rank0-q8-r32-K4,63166,2.1650464347641196,4.417696927649928e-05,3.5948699160792685e-06,0.02449091764221291,0.02453149974157333,35178.1875,35178.1875,2222065391.625
transfer_fixed_five,0.03504608431930436,B0,B0-rank6-q1-r0-K0,42911,1.0,0.007054286627580134,0.0006265786540605722,0.017727037248635506,0.024154745222155067,10471.0,10471.0,449321081.0
transfer_fixed_five,0.03504608431930436,B1,B1-rank12-q1-r0-K0,34343,1.0,0.0037234676383787746,0.0002615994585534187,0.021057856237836865,0.02451972441766222,20040.0,20040.0,688233720.0
transfer_fixed_five,0.03504608431930436,B2,B2-rank3-q1-r4-K2,38719,1.1279095157845584,0.0037168195009252836,0.00026014045149713727,0.021064504375290356,0.024521183424718502,6242.53125,6242.53125,241704567.46875
transfer_fixed_five,0.03504608431930436,B3,B3-rank0-q8-r32-K4,61915,2.1650464347641196,4.417696927649928e-05,3.5948699160792685e-06,0.02473714690693914,0.02477772900629956,35178.1875,35178.1875,2178057479.0625
transfer_fixed_five,0.03539779975835689,B0,B0-rank6-q1-r0-K0,41840,1.0,0.007054286627580134,0.0006265786540605722,0.017975737620637557,0.02440344559415712,10471.0,10471.0,438106640.0
transfer_fixed_five,0.03539779975835689,B1,B1-rank12-q1-r0-K0,33592,1.0,0.0037234676383787746,0.0002615994585534187,0.021306556609838916,0.024768424789664272,20040.0,20040.0,673183680.0
transfer_fixed_five,0.03539779975835689,B2,B2-rank3-q1-r4-K2,37874,1.1279095157845584,0.0037168195009252836,0.00026014045149713727,0.021313204747292407,0.024769883796720554,6242.53125,6242.53125,236429628.5625
transfer_fixed_five,0.03539779975835689,B3,B3-rank0-q8-r32-K4,60690,2.1650464347641196,4.417696927649928e-05,3.5948699160792685e-06,0.02498584727894119,0.02502642937830161,35178.1875,35178.1875,2134964199.375
transfer_fixed_five,0.03575304494267115,B0,B0-rank6-q1-r0-K0,40800,1.0,0.007054286627580134,0.0006265786540605722,0.018226933899450033,0.024654641872969594,10471.0,10471.0,427216800.0
transfer_fixed_five,0.03575304494267115,B1,B1-rank12-q1-r0-K0,32860,1.0,0.0037234676383787746,0.0002615994585534187,0.02155775288865139,0.025019621068476747,20040.0,20040.0,658514400.0
transfer_fixed_five,0.03575304494267115,B2,B2-rank3-q1-r4-K2,37048,1.1279095157845584,0.0037168195009252836,0.00026014045149713727,0.021564401026104883,0.02502108007553303,6242.53125,6242.53125,231273297.75
transfer_fixed_five,0.03575304494267115,B3,B3-rank0-q8-r32-K4,59489,2.1650464347641196,4.417696927649928e-05,3.5948699160792685e-06,0.025237043557753667,0.025277625657114087,35178.1875,35178.1875,2092715196.1875
transfer_fixed_five,0.036111855296059196,B0,B0-rank6-q1-r0-K0,39787,1.0,0.007054286627580134,0.0006265786540605722,0.018480651133490664,0.024908359107010225,10471.0,10471.0,416609677.0
transfer_fixed_five,0.036111855296059196,B1,B1-rank12-q1-r0-K0,32143,1.0,0.0037234676383787746,0.0002615994585534187,0.021811470122692023,0.02527333830251738,20040.0,20040.0,644145720.0
transfer_fixed_five,0.036111855296059196,B2,B2-rank3-q1-r4-K2,36241,1.1279095157845584,0.0037168195009252836,0.00026014045149713727,0.021818118260145514,0.02527479730957366,6242.53125,6242.53125,226235575.03125
transfer_fixed_five,0.036111855296059196,B3,B3-rank0-q8-r32-K4,58311,2.1650464347641196,4.417696927649928e-05,3.5948699160792685e-06,0.025490760791794298,0.025531342891154718,35178.1875,35178.1875,2051275291.3125
transfer_fixed_five,0.036474266597839325,B0,B0-rank6-q1-r0-K0,38804,1.0,0.007054286627580134,0.0006265786540605722,0.018736914622558037,0.025164622596077598,10471.0,10471.0,406316684.0
transfer_fixed_five,0.036474266597839325,B1,B1-rank12-q1-r0-K0,31444,1.0,0.0037234676383787746,0.0002615994585534187,0.022067733611759396,0.02552960179158475,20040.0,20040.0,630137760.0
transfer_fixed_five,0.036474266597839325,B2,B2-rank3-q1-r4-K2,35452,1.1279095157845584,0.0037168195009252836,0.00026014045149713727,0.022074381749212887,0.025531060798641033,6242.53125,6242.53125,221310217.875
transfer_fixed_five,0.036474266597839325,B3,B3-rank0-q8-r32-K4,57158,2.1650464347641196,4.417696927649928e-05,3.5948699160792685e-06,0.02574702428086167,0.02578760638022209,35178.1875,35178.1875,2010714841.125
transfer_fixed_five,0.03684031498640387,B0,B0-rank6-q1-r0-K0,37849,1.0,0.007054286627580134,0.0006265786540605722,0.01899574992035443,0.025423457893873992,10471.0,10471.0,396316879.0
transfer_fixed_five,0.03684031498640387,B1,B1-rank12-q1-r0-K0,30761,1.0,0.0037234676383787746,0.0002615994585534187,0.02232656890955579,0.025788437089381146,20040.0,20040.0,616450440.0
transfer_fixed_five,0.03684031498640387,B2,B2-rank3-q1-r4-K2,34682,1.1279095157845584,0.0037168195009252836,0.00026014045149713727,0.02233321704700928,0.025789896096437427,6242.53125,6242.53125,216503468.8125
transfer_fixed_five,0.03684031498640387,B3,B3-rank0-q8-r32-K4,56026,2.1650464347641196,4.417696927649928e-05,3.5948699160792685e-06,0.026005859578658065,0.026046441678018485,35178.1875,35178.1875,1970893132.875
transfer_fixed_five,0.037210036962822775,B0,B0-rank6-q1-r0-K0,36919,1.0,0.007054286627580134,0.0006265786540605722,0.019257182837033933,0.025684890810553494,10471.0,10471.0,386578849.0
transfer_fixed_five,0.037210036962822775,B1,B1-rank12-q1-r0-K0,30093,1.0,0.0037234676383787746,0.0002615994585534187,0.022588001826235292,0.026049870006060648,20040.0,20040.0,603063720.0
transfer_fixed_five,0.037210036962822775,B2,B2-rank3-q1-r4-K2,33929,1.1279095157845584,0.0037168195009252836,0.00026014045149713727,0.022594649963688783,0.02605132901311693,6242.53125,6242.53125,211802842.78125
transfer_fixed_five,0.037210036962822775,B3,B3-rank0-q8-r32-K4,54917,2.1650464347641196,4.417696927649928e-05,3.5948699160792685e-06,0.026267292495337567,0.026307874594697987,35178.1875,35178.1875,1931880522.9375
transfer_fixed_five,0.03758346939448338,B0,B0-rank6-q1-r0-K0,36015,1.0,0.007054286627580134,0.0006265786540605722,0.01952123944177613,0.02594894741529569,10471.0,10471.0,377113065.0
transfer_fixed_five,0.03758346939448338,B1,B1-rank12-q1-r0-K0,29441,1.0,0.0037234676383787746,0.0002615994585534187,0.022852058430977488,0.026313926610802844,20040.0,20040.0,589997640.0
transfer_fixed_five,0.03758346939448338,B2,B2-rank3-q1-r4-K2,33194,1.1279095157845584,0.0037168195009252836,0.00026014045149713727,0.02285870656843098,0.026315385617859125,6242.53125,6242.53125,207214582.3125
transfer_fixed_five,0.03758346939448338,B3,B3-rank0-q8-r32-K4,53830,2.1650464347641196,4.417696927649928e-05,3.5948699160792685e-06,0.026531349100079763,0.026571931199440183,35178.1875,35178.1875,1893641833.125
transfer_fixed_five,0.03796064951876668,B0,B0-rank6-q1-r0-K0,35136,1.0,0.007054286627580134,0.0006265786540605722,0.01978794606538564,0.0262156540389052,10471.0,10471.0,367909056.0
transfer_fixed_five,0.03796064951876668,B1,B1-rank12-q1-r0-K0,28803,1.0,0.0037234676383787746,0.0002615994585534187,0.023118765054586998,0.026580633234412353,20040.0,20040.0,577212120.0
transfer_fixed_five,0.03796064951876668,B2,B2-rank3-q1-r4-K2,32475,1.1279095157845584,0.0037168195009252836,0.00026014045149713727,0.02312541319204049,0.026582092241468635,6242.53125,6242.53125,202726202.34375
transfer_fixed_five,0.03796064951876668,B3,B3-rank0-q8-r32-K4,52765,2.1650464347641196,4.417696927649928e-05,3.5948699160792685e-06,0.026798055723689273,0.026838637823049693,35178.1875,35178.1875,1856177063.4375
transfer_fixed_five,0.03834161494676055,B0,B0-rank6-q1-r0-K0,34281,1.0,0.007054286627580134,0.0006265786540605722,0.020057329302917735,0.026485037276437296,10471.0,10471.0,358956351.0
transfer_fixed_five,0.03834161494676055,B1,B1-rank12-q1-r0-K0,28179,1.0,0.0037234676383787746,0.0002615994585534187,0.023388148292119094,0.02685001647194445,20040.0,20040.0,564707160.0
transfer_fixed_five,0.03834161494676055,B2,B2-rank3-q1-r4-K2,31772,1.1279095157845584,0.0037168195009252836,0.00026014045149713727,0.023394796429572585,0.02685147547900073,6242.53125,6242.53125,198337702.875
transfer_fixed_five,0.03834161494676055,B3,B3-rank0-q8-r32-K4,51721,2.1650464347641196,4.417696927649928e-05,3.5948699160792685e-06,0.02706743896122137,0.02710802106058179,35178.1875,35178.1875,1819451035.6875
transfer_fixed_five,0.0387264036670101,B0,B0-rank6-q1-r0-K0,33448,1.0,0.007054286627580134,0.0006265786540605722,0.020329416016330287,0.02675712398984985,10471.0,10471.0,350234008.0
transfer_fixed_five,0.0387264036670101,B1,B1-rank12-q1-r0-K0,27571,1.0,0.0037234676383787746,0.0002615994585534187,0.023660235005531646,0.027122103185357002,20040.0,20040.0,552522840.0
transfer_fixed_five,0.0387264036670101,B2,B2-rank3-q1-r4-K2,31086,1.1279095157845584,0.0037168195009252836,0.00026014045149713727,0.023666883142985137,0.027123562192413284,6242.53125,6242.53125,194055326.4375
transfer_fixed_five,0.0387264036670101,B3,B3-rank0-q8-r32-K4,50697,2.1650464347641196,4.417696927649928e-05,3.5948699160792685e-06,0.02733952567463392,0.02738010777399434,35178.1875,35178.1875,1783428571.6875
transfer_fixed_five,0.039115054049305896,B0,B0-rank6-q1-r0-K0,32638,1.0,0.007054286627580134,0.0006265786540605722,0.020604233337162388,0.02703194131068195,10471.0,10471.0,341752498.0
transfer_fixed_five,0.039115054049305896,B1,B1-rank12-q1-r0-K0,26976,1.0,0.0037234676383787746,0.0002615994585534187,0.023935052326363747,0.027396920506189103,20040.0,20040.0,540599040.0
transfer_fixed_five,0.039115054049305896,B2,B2-rank3-q1-r4-K2,30415,1.1279095157845584,0.0037168195009252836,0.00026014045149713727,0.023941700463817238,0.027398379513245384,6242.53125,6242.53125,189866587.96875
transfer_fixed_five,0.039115054049305896,B3,B3-rank0-q8-r32-K4,49695,2.1650464347641196,4.417696927649928e-05,3.5948699160792685e-06,0.027614342995466022,0.027654925094826442,35178.1875,35178.1875,1748180027.8125
transfer_fixed_five,0.03950760484850994,B0,B0-rank6-q1-r0-K0,31851,1.0,0.007054286627580134,0.0006265786540605722,0.020881808669239766,0.027309516642759327,10471.0,10471.0,333511821.0
transfer_fixed_five,0.03950760484850994,B1,B1-rank12-q1-r0-K0,26394,1.0,0.0037234676383787746,0.0002615994585534187,0.024212627658441125,0.02767449583826648,20040.0,20040.0,528935760.0
transfer_fixed_five,0.03950760484850994,B2,B2-rank3-q1-r4-K2,29759,1.1279095157845584,0.0037168195009252836,0.00026014045149713727,0.024219275795894616,0.027675954845322762,6242.53125,6242.53125,185771487.46875
transfer_fixed_five,0.03950760484850994,B3,B3-rank0-q8-r32-K4,48711,2.1650464347641196,4.417696927649928e-05,3.5948699160792685e-06,0.0278919183275434,0.02793250042690382,35178.1875,35178.1875,1713564691.3125
transfer_fixed_five,0.039904095208420254,B0,B0-rank6-q1-r0-K0,31084,1.0,0.007054286627580134,0.0006265786540605722,0.021162169691407443,0.027589877664927005,10471.0,10471.0,325480564.0
transfer_fixed_five,0.039904095208420254,B1,B1-rank12-q1-r0-K0,25825,1.0,0.0037234676383787746,0.0002615994585534187,0.024492988680608802,0.027954856860434158,20040.0,20040.0,517533000.0
transfer_fixed_five,0.039904095208420254,B2,B2-rank3-q1-r4-K2,29117,1.1279095157845584,0.0037168195009252836,0.00026014045149713727,0.024499636818062293,0.02795631586749044,6242.53125,6242.53125,181763782.40625
transfer_fixed_five,0.039904095208420254,B3,B3-rank0-q8-r32-K4,47747,2.1650464347641196,4.417696927649928e-05,3.5948699160792685e-06,0.028172279349711078,0.028212861449071498,35178.1875,35178.1875,1679652918.5625
transfer_fixed_five,0.040304564665674086,B0,B0-rank6-q1-r0-K0,30338,1.0,0.007054286627580134,0.0006265786540605722,0.021445344360289727,0.027873052333809288,10471.0,10471.0,317669198.0
transfer_fixed_five,0.040304564665674086,B1,B1-rank12-q1-r0-K0,25268,1.0,0.0037234676383787746,0.0002615994585534187,0.024776163349491086,0.02823803152931644,20040.0,20040.0,506370720.0
transfer_fixed_five,0.040304564665674086,B2,B2-rank3-q1-r4-K2,28491,1.1279095157845584,0.0037168195009252836,0.00026014045149713727,0.024782811486944577,0.028239490536372723,6242.53125,6242.53125,177855957.84375
transfer_fixed_five,0.040304564665674086,B3,B3-rank0-q8-r32-K4,46802,2.1650464347641196,4.417696927649928e-05,3.5948699160792685e-06,0.02845545401859336,0.02849603611795378,35178.1875,35178.1875,1646409531.375
transfer_fixed_five,0.04070905315369044,B0,B0-rank6-q1-r0-K0,29611,1.0,0.007054286627580134,0.0006265786540605722,0.02173136091307798,0.02815906888659754,10471.0,10471.0,310056781.0
transfer_fixed_five,0.04070905315369044,B1,B1-rank12-q1-r0-K0,24725,1.0,0.0037234676383787746,0.0002615994585534187,0.02506217990227934,0.028524048082104694,20040.0,20040.0,495489000.0
transfer_fixed_five,0.04070905315369044,B2,B2-rank3-q1-r4-K2,27879,1.1279095157845584,0.0037168195009252836,0.00026014045149713727,0.02506882803973283,0.028525507089160976,6242.53125,6242.53125,174035528.71875
transfer_fixed_five,0.04070905315369044,B3,B3-rank0-q8-r32-K4,45875,2.1650464347641196,4.417696927649928e-05,3.5948699160792685e-06,0.028741470571381614,0.028782052670742034,35178.1875,35178.1875,1613799351.5625
transfer_fixed_five,0.04111760100665206,B0,B0-rank6-q1-r0-K0,28905,1.0,0.007054286627580134,0.0006265786540605722,0.022020247870346347,0.028447955843865908,10471.0,10471.0,302664255.0
transfer_fixed_five,0.04111760100665206,B1,B1-rank12-q1-r0-K0,24194,1.0,0.0037234676383787746,0.0002615994585534187,0.025351066859547706,0.02881293503937306,20040.0,20040.0,484847760.0
transfer_fixed_five,0.04111760100665206,B2,B2-rank3-q1-r4-K2,27280,1.1279095157845584,0.0037168195009252836,0.00026014045149713727,0.025357714997001197,0.028814394046429343,6242.53125,6242.53125,170296252.5
transfer_fixed_five,0.04111760100665206,B3,B3-rank0-q8-r32-K4,44967,2.1650464347641196,4.417696927649928e-05,3.5948699160792685e-06,0.02903035752864998,0.0290709396280104,35178.1875,35178.1875,1581857557.3125
transfer_fixed_five,0.04153024896352739,B0,B0-rank6-q1-r0-K0,28216,1.0,0.007054286627580134,0.0006265786540605722,0.02231203403889567,0.02873974201241523,10471.0,10471.0,295449736.0
transfer_fixed_five,0.04153024896352739,B1,B1-rank12-q1-r0-K0,23676,1.0,0.0037234676383787746,0.0002615994585534187,0.02564285302809703,0.029104721207922384,20040.0,20040.0,474467040.0
transfer_fixed_five,0.04153024896352739,B2,B2-rank3-q1-r4-K2,26695,1.1279095157845584,0.0037168195009252836,0.00026014045149713727,0.02564950116555052,0.029106180214978666,6242.53125,6242.53125,166644371.71875
transfer_fixed_five,0.04153024896352739,B3,B3-rank0-q8-r32-K4,44077,2.1650464347641196,4.417696927649928e-05,3.5948699160792685e-06,0.029322143697199304,0.029362725796559724,35178.1875,35178.1875,1550548970.4375
transfer_fixed_five,0.041947038172132994,B0,B0-rank6-q1-r0-K0,27546,1.0,0.007054286627580134,0.0006265786540605722,0.022606748514626067,0.029034456488145628,10471.0,10471.0,288434166.0
transfer_fixed_five,0.041947038172132994,B1,B1-rank12-q1-r0-K0,23168,1.0,0.0037234676383787746,0.0002615994585534187,0.025937567503827426,0.029399435683652782,20040.0,20040.0,464286720.0
transfer_fixed_five,0.041947038172132994,B2,B2-rank3-q1-r4-K2,26122,1.1279095157845584,0.0037168195009252836,0.00026014045149713727,0.025944215641280917,0.029400894690709063,6242.53125,6242.53125,163067401.3125
transfer_fixed_five,0.041947038172132994,B3,B3-rank0-q8-r32-K4,43205,2.1650464347641196,4.417696927649928e-05,3.5948699160792685e-06,0.0296168581729297,0.02965744027229012,35178.1875,35178.1875,1519873590.9375
transfer_fixed_five,0.042368010193236626,B0,B0-rank6-q1-r0-K0,26893,1.0,0.007054286627580134,0.0006265786540605722,0.02290442068543825,0.02933212865895781,10471.0,10471.0,281596603.0
transfer_fixed_five,0.042368010193236626,B1,B1-rank12-q1-r0-K0,22672,1.0,0.0037234676383787746,0.0002615994585534187,0.02623523967463961,0.029697107854464964,20040.0,20040.0,454346880.0
transfer_fixed_five,0.042368010193236626,B2,B2-rank3-q1-r4-K2,25563,1.1279095157845584,0.0037168195009252836,0.00026014045149713727,0.0262418878120931,0.029698566861521246,6242.53125,6242.53125,159577826.34375
transfer_fixed_five,0.042368010193236626,B3,B3-rank0-q8-r32-K4,42351,2.1650464347641196,4.417696927649928e-05,3.5948699160792685e-06,0.029914530343741884,0.029955112443102304,35178.1875,35178.1875,1489831418.8125
transfer_fixed_five,0.04279320700470147,B0,B0-rank6-q1-r0-K0,26257,1.0,0.007054286627580134,0.0006265786540605722,0.023205080234163938,0.0296327882076835,10471.0,10471.0,274937047.0
transfer_fixed_five,0.04279320700470147,B1,B1-rank12-q1-r0-K0,22187,1.0,0.0037234676383787746,0.0002615994585534187,0.026535899223365297,0.029997767403190653,20040.0,20040.0,444627480.0
transfer_fixed_five,0.04279320700470147,B2,B2-rank3-q1-r4-K2,25016,1.1279095157845584,0.0037168195009252836,0.00026014045149713727,0.026542547360818788,0.029999226410246934,6242.53125,6242.53125,156163161.75
transfer_fixed_five,0.04279320700470147,B3,B3-rank0-q8-r32-K4,41512,2.1650464347641196,4.417696927649928e-05,3.5948699160792685e-06,0.030215189892467572,0.030255771991827992,35178.1875,35178.1875,1460316919.5
transfer_fixed_five,0.04322267100567216,B0,B0-rank6-q1-r0-K0,25638,1.0,0.007054286627580134,0.0006265786540605722,0.02350875714152582,0.029936465115045382,10471.0,10471.0,268455498.0
transfer_fixed_five,0.04322267100567216,B1,B1-rank12-q1-r0-K0,21713,1.0,0.0037234676383787746,0.0002615994585534187,0.02683957613072718,0.030301444310552535,20040.0,20040.0,435128520.0
transfer_fixed_five,0.04322267100567216,B2,B2-rank3-q1-r4-K2,24481,1.1279095157845584,0.0037168195009252836,0.00026014045149713727,0.02684622426818067,0.030302903317608817,6242.53125,6242.53125,152823407.53125
transfer_fixed_five,0.04322267100567216,B3,B3-rank0-q8-r32-K4,40692,2.1650464347641196,4.417696927649928e-05,3.5948699160792685e-06,0.030518866799829455,0.030559448899189875,35178.1875,35178.1875,1431470805.75
transfer_fixed_five,0.04365644502080258,B0,B0-rank6-q1-r0-K0,25035,1.0,0.007054286627580134,0.0006265786540605722,0.023815481689127053,0.030243189662646615,10471.0,10471.0,262141485.0
transfer_fixed_five,0.04365644502080258,B1,B1-rank12-q1-r0-K0,21248,1.0,0.0037234676383787746,0.0002615994585534187,0.027146300678328412,0.03060816885815377,20040.0,20040.0,425809920.0
transfer_fixed_five,0.04365644502080258,B2,B2-rank3-q1-r4-K2,23959,1.1279095157845584,0.0037168195009252836,0.00026014045149713727,0.027152948815781904,0.03060962786521005,6242.53125,6242.53125,149564806.21875
transfer_fixed_five,0.04365644502080258,B3,B3-rank0-q8-r32-K4,39886,2.1650464347641196,4.417696927649928e-05,3.5948699160792685e-06,0.030825591347430688,0.030866173446791108,35178.1875,35178.1875,1403117186.625
transfer_fixed_five,0.04409457230452617,B0,B0-rank6-q1-r0-K0,24447,1.0,0.007054286627580134,0.0006265786540605722,0.024125284462470847,0.030552992435990408,10471.0,10471.0,255984537.0
transfer_fixed_five,0.04409457230452617,B1,B1-rank12-q1-r0-K0,20795,1.0,0.0037234676383787746,0.0002615994585534187,0.027456103451672206,0.03091797163149756,20040.0,20040.0,416731800.0
transfer_fixed_five,0.04409457230452617,B2,B2-rank3-q1-r4-K2,23447,1.1279095157845584,0.0037168195009252836,0.00026014045149713727,0.027462751589125697,0.030919430638553843,6242.53125,6242.53125,146368630.21875
transfer_fixed_five,0.04409457230452617,B3,B3-rank0-q8-r32-K4,39097,2.1650464347641196,4.417696927649928e-05,3.5948699160792685e-06,0.03113539412077448,0.0311759762201349,35178.1875,35178.1875,1375361596.6875
transfer_fixed_five,0.04453709654536917,B0,B0-rank6-q1-r0-K0,23875,1.0,0.007054286627580134,0.0006265786540605722,0.024438196354010365,0.030865904327529926,10471.0,10471.0,249995125.0
transfer_fixed_five,0.04453709654536917,B1,B1-rank12-q1-r0-K0,20352,1.0,0.0037234676383787746,0.0002615994585534187,0.027769015343211724,0.03123088352303708,20040.0,20040.0,407854080.0
transfer_fixed_five,0.04453709654536917,B2,B2-rank3-q1-r4-K2,22947,1.1279095157845584,0.0037168195009252836,0.00026014045149713727,0.027775663480665215,0.03123234253009336,6242.53125,6242.53125,143247364.59375
transfer_fixed_five,0.04453709654536917,B3,B3-rank0-q8-r32-K4,38323,2.1650464347641196,4.417696927649928e-05,3.5948699160792685e-06,0.031448306012314,0.03148888811167442,35178.1875,35178.1875,1348133679.5625
transfer_fixed_five,0.044984061870307096,B0,B0-rank6-q1-r0-K0,23317,1.0,0.007054286627580134,0.0006265786540605722,0.024754248566229223,0.031181956539748784,10471.0,10471.0,244152307.0
transfer_fixed_five,0.044984061870307096,B1,B1-rank12-q1-r0-K0,19919,1.0,0.0037234676383787746,0.0002615994585534187,0.028085067555430582,0.03154693573525594,20040.0,20040.0,399176760.0
transfer_fixed_five,0.044984061870307096,B2,B2-rank3-q1-r4-K2,22459,1.1279095157845584,0.0037168195009252836,0.00026014045149713727,0.028091715692884073,0.03154839474231222,6242.53125,6242.53125,140201009.34375
transfer_fixed_five,0.044984061870307096,B3,B3-rank0-q8-r32-K4,37564,2.1650464347641196,4.417696927649928e-05,3.5948699160792685e-06,0.03176435822453286,0.03180494032389328,35178.1875,35178.1875,1321433435.25
transfer_fixed_five,0.04543551284916487,B0,B0-rank6-q1-r0-K0,22773,1.0,0.007054286627580134,0.0006265786540605722,0.025073472614752852,0.031501180588272414,10471.0,10471.0,238456083.0
transfer_fixed_five,0.04543551284916487,B1,B1-rank12-q1-r0-K0,19494,1.0,0.0037234676383787746,0.0002615994585534187,0.02840429160395421,0.03186615978377957,20040.0,20040.0,390659760.0
transfer_fixed_five,0.04543551284916487,B2,B2-rank3-q1-r4-K2,21981,1.1279095157845584,0.0037168195009252836,0.00026014045149713727,0.028410939741407702,0.03186761879083585,6242.53125,6242.53125,137217079.40625
transfer_fixed_five,0.04543551284916487,B3,B3-rank0-q8-r32-K4,36821,2.1650464347641196,4.417696927649928e-05,3.5948699160792685e-06,0.032083582273056487,0.03212416437241691,35178.1875,35178.1875,1295296041.9375
transfer_fixed_five,0.045891494499061165,B0,B0-rank6-q1-r0-K0,22243,1.0,0.007054286627580134,0.0006265786540605722,0.02539590033149116,0.03182360830501072,10471.0,10471.0,232906453.0
transfer_fixed_five,0.045891494499061165,B1,B1-rank12-q1-r0-K0,19080,1.0,0.0037234676383787746,0.0002615994585534187,0.02872671932069252,0.032188587500517875,20040.0,20040.0,382363200.0
transfer_fixed_five,0.045891494499061165,B2,B2-rank3-q1-r4-K2,21514,1.1279095157845584,0.0037168195009252836,0.00026014045149713727,0.02873336745814601,0.032190046507574156,6242.53125,6242.53125,134301817.3125
transfer_fixed_five,0.045891494499061165,B3,B3-rank0-q8-r32-K4,36093,2.1650464347641196,4.417696927649928e-05,3.5948699160792685e-06,0.032406009989794794,0.032446592089155214,35178.1875,35178.1875,1269686321.4375
transfer_fixed_five,0.04635205228889744,B0,B0-rank6-q1-r0-K0,21727,1.0,0.007054286627580134,0.0006265786540605722,0.025721563867812672,0.03214927184133223,10471.0,10471.0,227503417.0
transfer_fixed_five,0.04635205228889744,B1,B1-rank12-q1-r0-K0,18675,1.0,0.0037234676383787746,0.0002615994585534187,0.02905238285701403,0.03251425103683939,20040.0,20040.0,374247000.0
transfer_fixed_five,0.04635205228889744,B2,B2-rank3-q1-r4-K2,21057,1.1279095157845584,0.0037168195009252836,0.00026014045149713727,0.029059030994467522,0.03251571004389567,6242.53125,6242.53125,131448980.53125
transfer_fixed_five,0.04635205228889744,B3,B3-rank0-q8-r32-K4,35378,2.1650464347641196,4.417696927649928e-05,3.5948699160792685e-06,0.032731673526116306,0.032772255625476726,35178.1875,35178.1875,1244533917.375
transfer_fixed_five,0.04681723214389186,B0,B0-rank6-q1-r0-K0,21224,1.0,0.007054286627580134,0.0006265786540605722,0.0260504956977506,0.03247820367127016,10471.0,10471.0,222236504.0
transfer_fixed_five,0.04681723214389186,B1,B1-rank12-q1-r0-K0,18278,1.0,0.0037234676383787746,0.0002615994585534187,0.02938131468695196,0.032843182866777315,20040.0,20040.0,366291120.0
transfer_fixed_five,0.04681723214389186,B2,B2-rank3-q1-r4-K2,20610,1.1279095157845584,0.0037168195009252836,0.00026014045149713727,0.02938796282440545,0.0328446418738336,6242.53125,6242.53125,128658569.0625
transfer_fixed_five,0.04681723214389186,B3,B3-rank0-q8-r32-K4,34679,2.1650464347641196,4.417696927649928e-05,3.5948699160792685e-06,0.033060605356054235,0.033101187455414655,35178.1875,35178.1875,1219944364.3125
transfer_fixed_five,0.047287080450158794,B0,B0-rank6-q1-r0-K0,20734,1.0,0.007054286627580134,0.0006265786540605722,0.02638272862124097,0.03281043659476053,10471.0,10471.0,217105714.0
transfer_fixed_five,0.047287080450158794,B1,B1-rank12-q1-r0-K0,17890,1.0,0.0037234676383787746,0.0002615994585534187,0.02971354761044233,0.033175415790267684,20040.0,20040.0,358515600.0
transfer_fixed_five,0.047287080450158794,B2,B2-rank3-q1-r4-K2,20173,1.1279095157845584,0.0037168195009252836,0.00026014045149713727,0.02972019574789582,0.033176874797323966,6242.53125,6242.53125,125930582.90625
transfer_fixed_five,0.047287080450158794,B3,B3-rank0-q8-r32-K4,33993,2.1650464347641196,4.417696927649928e-05,3.5948699160792685e-06,0.033392838279544604,0.033433420378905024,35178.1875,35178.1875,1195812127.6875
transfer_fixed_five,0.04776164405933436,B0,B0-rank6-q1-r0-K0,20255,1.0,0.007054286627580134,0.0006265786540605722,0.026718295767393374,0.033146003740912935,10471.0,10471.0,212090105.0
transfer_fixed_five,0.04776164405933436,B1,B1-rank12-q1-r0-K0,17512,1.0,0.0037234676383787746,0.0002615994585534187,0.030049114756594733,0.03351098293642009,20040.0,20040.0,350940480.0
transfer_fixed_five,0.04776164405933436,B2,B2-rank3-q1-r4-K2,19745,1.1279095157845584,0.0037168195009252836,0.00026014045149713727,0.030055762894048224,0.03351244194347637,6242.53125,6242.53125,123258779.53125
transfer_fixed_five,0.04776164405933436,B3,B3-rank0-q8-r32-K4,33320,2.1650464347641196,4.417696927649928e-05,3.5948699160792685e-06,0.03372840542569701,0.03376898752505743,35178.1875,35178.1875,1172137207.5
transfer_fixed_five,0.048240970293248225,B0,B0-rank6-q1-r0-K0,19789,1.0,0.007054286627580134,0.0006265786540605722,0.027057230597794475,0.03348493857131404,10471.0,10471.0,207210619.0
transfer_fixed_five,0.048240970293248225,B1,B1-rank12-q1-r0-K0,17140,1.0,0.0037234676383787746,0.0002615994585534187,0.030388049586995834,0.03384991776682119,20040.0,20040.0,343485600.0
transfer_fixed_five,0.048240970293248225,B2,B2-rank3-q1-r4-K2,19327,1.1279095157845584,0.0037168195009252836,0.00026014045149713727,0.030394697724449325,0.03385137677387747,6242.53125,6242.53125,120649401.46875
transfer_fixed_five,0.048240970293248225,B3,B3-rank0-q8-r32-K4,32661,2.1650464347641196,4.417696927649928e-05,3.5948699160792685e-06,0.03406734025609811,0.03410792235545853,35178.1875,35178.1875,1148954781.9375
transfer_fixed_five,0.048725106948642405,B0,B0-rank6-q1-r0-K0,19333,1.0,0.007054286627580134,0.0006265786540605722,0.027399566909844672,0.03382727488336423,10471.0,10471.0,202435843.0
transfer_fixed_five,0.048725106948642405,B1,B1-rank12-q1-r0-K0,16778,1.0,0.0037234676383787746,0.0002615994585534187,0.03073038589904603,0.03419225407887139,20040.0,20040.0,336231120.0
transfer_fixed_five,0.048725106948642405,B2,B2-rank3-q1-r4-K2,18918,1.1279095157845584,0.0037168195009252836,0.00026014045149713727,0.030737034036499522,0.03419371308592767,6242.53125,6242.53125,118096206.1875
transfer_fixed_five,0.048725106948642405,B3,B3-rank0-q8-r32-K4,32014,2.1650464347641196,4.417696927649928e-05,3.5948699160792685e-06,0.034409676568148306,0.034450258667508726,35178.1875,35178.1875,1126194494.625
transfer_fixed_five,0.04921410230193737,B0,B0-rank6-q1-r0-K0,18890,1.0,0.007054286627580134,0.0006265786540605722,0.027745338840128253,0.034173046813647814,10471.0,10471.0,197797190.0
transfer_fixed_five,0.04921410230193737,B1,B1-rank12-q1-r0-K0,16423,1.0,0.0037234676383787746,0.0002615994585534187,0.031076157829329612,0.03453802600915497,20040.0,20040.0,329116920.0
transfer_fixed_five,0.04921410230193737,B2,B2-rank3-q1-r4-K2,18519,1.1279095157845584,0.0037168195009252836,0.00026014045149713727,0.031082805966783103,0.03453948501621125,6242.53125,6242.53125,115605436.21875
transfer_fixed_five,0.04921410230193737,B3,B3-rank0-q8-r32-K4,31381,2.1650464347641196,4.417696927649928e-05,3.5948699160792685e-06,0.03475544849843189,0.03479603059779231,35178.1875,35178.1875,1103926701.9375
transfer_fixed_five,0.049708005114046064,B0,B0-rank6-q1-r0-K0,18458,1.0,0.007054286627580134,0.0006265786540605722,0.028094580867817416,0.03452228884133698,10471.0,10471.0,193273718.0
transfer_fixed_five,0.049708005114046064,B1,B1-rank12-q1-r0-K0,16076,1.0,0.0037234676383787746,0.0002615994585534187,0.031425399857018775,0.03488726803684413,20040.0,20040.0,322163040.0
transfer_fixed_five,0.049708005114046064,B2,B2-rank3-q1-r4-K2,18127,1.1279095157845584,0.0037168195009252836,0.00026014045149713727,0.031432047994472266,0.03488872704390041,6242.53125,6242.53125,113158363.96875
transfer_fixed_five,0.049708005114046064,B3,B3-rank0-q8-r32-K4,30760,2.1650464347641196,4.417696927649928e-05,3.5948699160792685e-06,0.03510469052612105,0.03514527262548147,35178.1875,35178.1875,1082081047.5
transfer_fixed_five,0.05,B0,B0-rank6-q1-r0-K0,18210,1.0,0.007054286627580134,0.0006265786540605722,0.028301052431747242,0.034728760405266804,10471.0,10471.0,190676910.0
transfer_fixed_five,0.05,B1,B1-rank12-q1-r0-K0,15877,1.0,0.0037234676383787746,0.0002615994585534187,0.0316318714209486,0.03509373960077396,20040.0,20040.0,318175080.0
transfer_fixed_five,0.05,B2,B2-rank3-q1-r4-K2,17902,1.1279095157845584,0.0037168195009252836,0.00026014045149713727,0.03163851955840209,0.03509519860783024,6242.53125,6242.53125,111753794.4375
transfer_fixed_five,0.05,B3,B3-rank0-q8-r32-K4,30401,2.1650464347641196,4.417696927649928e-05,3.5948699160792685e-06,0.03531116209005088,0.0353517441894113,35178.1875,35178.1875,1069452078.1875
transfer_fixed_five,0.05020686463523607,B0,B0-rank6-q1-r0-K0,18036,1.0,0.007054286627580134,0.0006265786540605722,0.028447327818110345,0.034875035791629906,10471.0,10471.0,188854956.0
transfer_fixed_five,0.05020686463523607,B1,B1-rank12-q1-r0-K0,15737,1.0,0.0037234676383787746,0.0002615994585534187,0.031778146807311704,0.03524001498713706,20040.0,20040.0,315369480.0
transfer_fixed_five,0.05020686463523607,B2,B2-rank3-q1-r4-K2,17745,1.1279095157845584,0.0037168195009252836,0.00026014045149713727,0.031784794944765195,0.03524147399419334,6242.53125,6242.53125,110773717.03125
transfer_fixed_five,0.05020686463523607,B3,B3-rank0-q8-r32-K4,30151,2.1650464347641196,4.417696927649928e-05,3.5948699160792685e-06,0.03545743747641398,0.0354980195757744,35178.1875,35178.1875,1060657531.3125
transfer_fixed_five,0.05071073061004074,B0,B0-rank6-q1-r0-K0,17625,1.0,0.007054286627580134,0.0006265786540605722,0.028803614865703903,0.035231322839223464,10471.0,10471.0,184551375.0
transfer_fixed_five,0.05071073061004074,B1,B1-rank12-q1-r0-K0,15405,1.0,0.0037234676383787746,0.0002615994585534187,0.03213443385490526,0.03559630203473062,20040.0,20040.0,308716200.0
transfer_fixed_five,0.05071073061004074,B2,B2-rank3-q1-r4-K2,17370,1.1279095157845584,0.0037168195009252836,0.00026014045149713727,0.03214108199235875,0.0355977610417869,6242.53125,6242.53125,108432767.8125
transfer_fixed_five,0.05071073061004074,B3,B3-rank0-q8-r32-K4,29555,2.1650464347641196,4.417696927649928e-05,3.5948699160792685e-06,0.03581372452400754,0.03585430662336796,35178.1875,35178.1875,1039691331.5625
transfer_fixed_five,0.051219653282219585,B0,B0-rank6-q1-r0-K0,17224,1.0,0.007054286627580134,0.0006265786540605722,0.02916347753830114,0.0355911855118207,10471.0,10471.0,180352504.0
transfer_fixed_five,0.051219653282219585,B1,B1-rank12-q1-r0-K0,15080,1.0,0.0037234676383787746,0.0002615994585534187,0.0324942965275025,0.035956164707327855,20040.0,20040.0,302203200.0
transfer_fixed_five,0.051219653282219585,B2,B2-rank3-q1-r4-K2,17005,1.1279095157845584,0.0037168195009252836,0.00026014045149713727,0.03250094466495599,0.035957623714384136,6242.53125,6242.53125,106154243.90625
transfer_fixed_five,0.051219653282219585,B3,B3-rank0-q8-r32-K4,28970,2.1650464347641196,4.417696927649928e-05,3.5948699160792685e-06,0.036173587196604774,0.036214169295965194,35178.1875,35178.1875,1019112091.875
transfer_fixed_five,0.051733683399768325,B0,B0-rank6-q1-r0-K0,16833,1.0,0.007054286627580134,0.0006265786540605722,0.029526951720153974,0.035954659693673535,10471.0,10471.0,176258343.0
transfer_fixed_five,0.051733683399768325,B1,B1-rank12-q1-r0-K0,14762,1.0,0.0037234676383787746,0.0002615994585534187,0.03285777070935533,0.03631963888918069,20040.0,20040.0,295830480.0
transfer_fixed_five,0.051733683399768325,B2,B2-rank3-q1-r4-K2,16647,1.1279095157845584,0.0037168195009252836,0.00026014045149713727,0.032864418846808824,0.03632109789623697,6242.53125,6242.53125,103919417.71875
transfer_fixed_five,0.051733683399768325,B3,B3-rank0-q8-r32-K4,28397,2.1650464347641196,4.417696927649928e-05,3.5948699160792685e-06,0.03653706137845761,0.03657764347781803,35178.1875,35178.1875,998954990.4375
transfer_fixed_five,0.05225287221997931,B0,B0-rank6-q1-r0-K0,16451,1.0,0.007054286627580134,0.0006265786540605722,0.029894073655641402,0.036321781629160964,10471.0,10471.0,172258421.0
transfer_fixed_five,0.05225287221997931,B1,B1-rank12-q1-r0-K0,14452,1.0,0.0037234676383787746,0.0002615994585534187,0.03322489264484276,0.03668676082466812,20040.0,20040.0,289618080.0
transfer_fixed_five,0.05225287221997931,B2,B2-rank3-q1-r4-K2,16296,1.1279095157845584,0.0037168195009252836,0.00026014045149713727,0.03323154078229625,0.0366882198317244,6242.53125,6242.53125,101728289.25
transfer_fixed_five,0.05225287221997931,B3,B3-rank0-q8-r32-K4,27835,2.1650464347641196,4.417696927649928e-05,3.5948699160792685e-06,0.03690418331394504,0.03694476541330546,35178.1875,35178.1875,979184849.0625
transfer_fixed_five,0.052777271514552804,B0,B0-rank6-q1-r0-K0,16079,1.0,0.007054286627580134,0.0006265786540605722,0.03026487995288376,0.03669258792640332,10471.0,10471.0,168363209.0
transfer_fixed_five,0.052777271514552804,B1,B1-rank12-q1-r0-K0,14147,1.0,0.0037234676383787746,0.0002615994585534187,0.03359569894208512,0.037057567121910474,20040.0,20040.0,283505880.0
transfer_fixed_five,0.052777271514552804,B2,B2-rank3-q1-r4-K2,15953,1.1279095157845584,0.0037168195009252836,0.00026014045149713727,0.03360234707953861,0.037059026128966756,6242.53125,6242.53125,99587101.03125
transfer_fixed_five,0.052777271514552804,B3,B3-rank0-q8-r32-K4,27284,2.1650464347641196,4.417696927649928e-05,3.5948699160792685e-06,0.037274989611187394,0.037315571710547814,35178.1875,35178.1875,959801667.75
transfer_fixed_five,0.05330693357475939,B0,B0-rank6-q1-r0-K0,15715,1.0,0.007054286627580134,0.0006265786540605722,0.030639407587393072,0.037067115560912633,10471.0,10471.0,164551765.0
transfer_fixed_five,0.05330693357475939,B1,B1-rank12-q1-r0-K0,13850,1.0,0.0037234676383787746,0.0002615994585534187,0.03397022657659443,0.03743209475641979,20040.0,20040.0,277554000.0
transfer_fixed_five,0.05330693357475939,B2,B2-rank3-q1-r4-K2,15618,1.1279095157845584,0.0037168195009252836,0.00026014045149713727,0.03397687471404792,0.03743355376347607,6242.53125,6242.53125,97495853.0625
transfer_fixed_five,0.05330693357475939,B3,B3-rank0-q8-r32-K4,26745,2.1650464347641196,4.417696927649928e-05,3.5948699160792685e-06,0.037649517245696706,0.037690099345057126,35178.1875,35178.1875,940840624.6875
transfer_fixed_five,0.05384191121665428,B0,B0-rank6-q1-r0-K0,15361,1.0,0.007054286627580134,0.0006265786540605722,0.03101769390576014,0.0374454018792797,10471.0,10471.0,160845031.0
transfer_fixed_five,0.05384191121665428,B1,B1-rank12-q1-r0-K0,13560,1.0,0.0037234676383787746,0.0002615994585534187,0.0343485128949615,0.037810381074786854,20040.0,20040.0,271742400.0
transfer_fixed_five,0.05384191121665428,B2,B2-rank3-q1-r4-K2,15290,1.1279095157845584,0.0037168195009252836,0.00026014045149713727,0.03435516103241499,0.037811840081843136,6242.53125,6242.53125,95448302.8125
transfer_fixed_five,0.05384191121665428,B3,B3-rank0-q8-r32-K4,26216,2.1650464347641196,4.417696927649928e-05,3.5948699160792685e-06,0.038027803564063774,0.038068385663424194,35178.1875,35178.1875,922231363.5
transfer_fixed_five,0.05438225778634401,B0,B0-rank6-q1-r0-K0,15014,1.0,0.007054286627580134,0.0006265786540605722,0.03139977662937864,0.0378274846028982,10471.0,10471.0,157211594.0
transfer_fixed_five,0.05438225778634401,B1,B1-rank12-q1-r0-K0,13275,1.0,0.0037234676383787746,0.0002615994585534187,0.034730595618579996,0.03819246379840535,20040.0,20040.0,266031000.0
transfer_fixed_five,0.05438225778634401,B2,B2-rank3-q1-r4-K2,14969,1.1279095157845584,0.0037168195009252836,0.00026014045149713727,0.03473724375603349,0.03819392280546163,6242.53125,6242.53125,93444450.28125
transfer_fixed_five,0.05438225778634401,B3,B3-rank0-q8-r32-K4,25697,2.1650464347641196,4.417696927649928e-05,3.5948699160792685e-06,0.03840988628768227,0.03845046838704269,35178.1875,35178.1875,903973884.1875
transfer_fixed_five,0.0549280271653059,B0,B0-rank6-q1-r0-K0,14677,1.0,0.007054286627580134,0.0006265786540605722,0.03178569385820656,0.03821340183172612,10471.0,10471.0,153682867.0
transfer_fixed_five,0.0549280271653059,B1,B1-rank12-q1-r0-K0,12996,1.0,0.0037234676383787746,0.0002615994585534187,0.03511651284740792,0.03857838102723327,20040.0,20040.0,260439840.0
transfer_fixed_five,0.0549280271653059,B2,B2-rank3-q1-r4-K2,14655,1.1279095157845584,0.0037168195009252836,0.00026014045149713727,0.03512316098486141,0.038579840034289554,6242.53125,6242.53125,91484295.46875
transfer_fixed_five,0.0549280271653059,B3,B3-rank0-q8-r32-K4,25188,2.1650464347641196,4.417696927649928e-05,3.5948699160792685e-06,0.03879580351651019,0.03883638561587061,35178.1875,35178.1875,886068186.75
transfer_fixed_five,0.055479273775760854,B0,B0-rank6-q1-r0-K0,14348,1.0,0.007054286627580134,0.0006265786540605722,0.03217548407456536,0.03860319204808492,10471.0,10471.0,150237908.0
transfer_fixed_five,0.055479273775760854,B1,B1-rank12-q1-r0-K0,12724,1.0,0.0037234676383787746,0.0002615994585534187,0.03550630306376672,0.03896817124359207,20040.0,20040.0,254988960.0
transfer_fixed_five,0.055479273775760854,B2,B2-rank3-q1-r4-K2,14349,1.1279095157845584,0.0037168195009252836,0.00026014045149713727,0.03551295120122021,0.038969630250648354,6242.53125,6242.53125,89574080.90625
transfer_fixed_five,0.055479273775760854,B3,B3-rank0-q8-r32-K4,24690,2.1650464347641196,4.417696927649928e-05,3.5948699160792685e-06,0.03918559373286899,0.03922617583222941,35178.1875,35178.1875,868549449.375
transfer_fixed_five,0.05603605258610028,B0,B0-rank6-q1-r0-K0,14026,1.0,0.007054286627580134,0.0006265786540605722,0.03256918614697735,0.03899689412049691,10471.0,10471.0,146866246.0
transfer_fixed_five,0.05603605258610028,B1,B1-rank12-q1-r0-K0,12458,1.0,0.0037234676383787746,0.0002615994585534187,0.035900005136178706,0.03936187331600406,20040.0,20040.0,249658320.0
transfer_fixed_five,0.05603605258610028,B2,B2-rank3-q1-r4-K2,14048,1.1279095157845584,0.0037168195009252836,0.00026014045149713727,0.0359066532736322,0.03936333232306034,6242.53125,6242.53125,87695079.0
transfer_fixed_five,0.05603605258610028,B3,B3-rank0-q8-r32-K4,24201,2.1650464347641196,4.417696927649928e-05,3.5948699160792685e-06,0.03957929580528098,0.0396198779046414,35178.1875,35178.1875,851347315.6875
transfer_fixed_five,0.05659841911636728,B0,B0-rank6-q1-r0-K0,13712,1.0,0.007054286627580134,0.0006265786540605722,0.032966839334041494,0.039394547307561055,10471.0,10471.0,143578352.0
transfer_fixed_five,0.05659841911636728,B1,B1-rank12-q1-r0-K0,12196,1.0,0.0037234676383787746,0.0002615994585534187,0.03629765832324285,0.03975952650306821,20040.0,20040.0,244407840.0
transfer_fixed_five,0.05659841911636728,B2,B2-rank3-q1-r4-K2,13754,1.1279095157845584,0.0037168195009252836,0.00026014045149713727,0.036304306460696344,0.03976098551012449,6242.53125,6242.53125,85859774.8125
transfer_fixed_five,0.05659841911636728,B3,B3-rank0-q8-r32-K4,23722,2.1650464347641196,4.417696927649928e-05,3.5948699160792685e-06,0.03997694899234513,0.04001753109170555,35178.1875,35178.1875,834496963.875
transfer_fixed_five,0.05716642944379286,B0,B0-rank6-q1-r0-K0,13406,1.0,0.007054286627580134,0.0006265786540605722,0.033368483288348114,0.039796191261867675,10471.0,10471.0,140374226.0
transfer_fixed_five,0.05716642944379286,B1,B1-rank12-q1-r0-K0,11942,1.0,0.0037234676383787746,0.0002615994585534187,0.03669930227754947,0.04016117045737483,20040.0,20040.0,239317680.0
transfer_fixed_five,0.05716642944379286,B2,B2-rank3-q1-r4-K2,13466,1.1279095157845584,0.0037168195009252836,0.00026014045149713727,0.036705950415002964,0.04016262946443111,6242.53125,6242.53125,84061925.8125
transfer_fixed_five,0.05716642944379286,B3,B3-rank0-q8-r32-K4,23253,2.1650464347641196,4.417696927649928e-05,3.5948699160792685e-06,0.04037859294665175,0.04041917504601217,35178.1875,35178.1875,817998393.9375
transfer_fixed_five,0.05774014020838788,B0,B0-rank6-q1-r0-K0,13107,1.0,0.007054286627580134,0.0006265786540605722,0.03377415806043296,0.040201866033952524,10471.0,10471.0,137243397.0
transfer_fixed_five,0.05774014020838788,B1,B1-rank12-q1-r0-K0,11692,1.0,0.0037234676383787746,0.0002615994585534187,0.03710497704963432,0.04056684522945968,20040.0,20040.0,234307680.0
transfer_fixed_five,0.05774014020838788,B2,B2-rank3-q1-r4-K2,13185,1.1279095157845584,0.0037168195009252836,0.00026014045149713727,0.03711162518708781,0.04056830423651596,6242.53125,6242.53125,82307774.53125
transfer_fixed_five,0.05774014020838788,B3,B3-rank0-q8-r32-K4,22793,2.1650464347641196,4.417696927649928e-05,3.5948699160792685e-06,0.0407842677187366,0.04082484981809702,35178.1875,35178.1875,801816427.6875
transfer_fixed_five,0.058319608618590896,B0,B0-rank6-q1-r0-K0,12815,1.0,0.007054286627580134,0.0006265786540605722,0.034183904102770904,0.040611612076290465,10471.0,10471.0,134185865.0
transfer_fixed_five,0.058319608618590896,B1,B1-rank12-q1-r0-K0,11448,1.0,0.0037234676383787746,0.0002615994585534187,0.03751472309197226,0.04097659127179762,20040.0,20040.0,229417920.0
transfer_fixed_five,0.058319608618590896,B2,B2-rank3-q1-r4-K2,12909,1.1279095157845584,0.0037168195009252836,0.00026014045149713727,0.037521371229425754,0.0409780502788539,6242.53125,6242.53125,80584835.90625
transfer_fixed_five,0.058319608618590896,B3,B3-rank0-q8-r32-K4,22342,2.1650464347641196,4.417696927649928e-05,3.5948699160792685e-06,0.04119401376107454,0.04123459586043496,35178.1875,35178.1875,785951065.125
transfer_fixed_five,0.058904892456972856,B0,B0-rank6-q1-r0-K0,12530,1.0,0.007054286627580134,0.0006265786540605722,0.03459776227380968,0.04102547024732924,10471.0,10471.0,131201630.0
transfer_fixed_five,0.058904892456972856,B1,B1-rank12-q1-r0-K0,11209,1.0,0.0037234676383787746,0.0002615994585534187,0.03792858126301104,0.041390449442836395,20040.0,20040.0,224628360.0
transfer_fixed_five,0.058904892456972856,B2,B2-rank3-q1-r4-K2,12640,1.1279095157845584,0.0037168195009252836,0.00026014045149713727,0.03793522940046453,0.04139190844989268,6242.53125,6242.53125,78905595.0
transfer_fixed_five,0.058904892456972856,B3,B3-rank0-q8-r32-K4,21900,2.1650464347641196,4.417696927649928e-05,3.5948699160792685e-06,0.041607871932113315,0.041648454031473735,35178.1875,35178.1875,770402306.25
transfer_fixed_five,0.0594960500859989,B0,B0-rank6-q1-r0-K0,12251,1.0,0.007054286627580134,0.0006265786540605722,0.03501577384204416,0.04144348181556372,10471.0,10471.0,128280221.0
transfer_fixed_five,0.0594960500859989,B1,B1-rank12-q1-r0-K0,10975,1.0,0.0037234676383787746,0.0002615994585534187,0.038346592831245516,0.04180846101107087,20040.0,20040.0,219939000.0
transfer_fixed_five,0.0594960500859989,B2,B2-rank3-q1-r4-K2,12376,1.1279095157845584,0.0037168195009252836,0.00026014045149713727,0.03835324096869901,0.04180992001812715,6242.53125,6242.53125,77257566.75
transfer_fixed_five,0.0594960500859989,B3,B3-rank0-q8-r32-K4,21467,2.1650464347641196,4.417696927649928e-05,3.5948699160792685e-06,0.04202588350034779,0.04206646559970821,35178.1875,35178.1875,755170151.0625
transfer_fixed_five,0.06009314045384813,B0,B0-rank6-q1-r0-K0,11980,1.0,0.007054286627580134,0.0006265786540605722,0.03543798049013152,0.04186568846365108,10471.0,10471.0,125442580.0
transfer_fixed_five,0.06009314045384813,B1,B1-rank12-q1-r0-K0,10746,1.0,0.0037234676383787746,0.0002615994585534187,0.03876879947933288,0.042230667659158234,20040.0,20040.0,215349840.0
transfer_fixed_five,0.06009314045384813,B2,B2-rank3-q1-r4-K2,12118,1.1279095157845584,0.0037168195009252836,0.00026014045149713727,0.03877544761678637,0.042232126666214516,6242.53125,6242.53125,75646993.6875
transfer_fixed_five,0.06009314045384813,B3,B3-rank0-q8-r32-K4,21042,2.1650464347641196,4.417696927649928e-05,3.5948699160792685e-06,0.042448090148435154,0.042488672247795574,35178.1875,35178.1875,740219421.375
transfer_fixed_five,0.06069622310029173,B0,B0-rank6-q1-r0-K0,11714,1.0,0.007054286627580134,0.0006265786540605722,0.03586442431904772,0.04229213229256728,10471.0,10471.0,122657294.0
transfer_fixed_five,0.06069622310029173,B1,B1-rank12-q1-r0-K0,10522,1.0,0.0037234676383787746,0.0002615994585534187,0.03919524330824908,0.04265711148807443,20040.0,20040.0,210860880.0
transfer_fixed_five,0.06069622310029173,B2,B2-rank3-q1-r4-K2,11866,1.1279095157845584,0.0037168195009252836,0.00026014045149713727,0.03920189144570257,0.042658570495130714,6242.53125,6242.53125,74073875.8125
transfer_fixed_five,0.06069622310029173,B3,B3-rank0-q8-r32-K4,20626,2.1650464347641196,4.417696927649928e-05,3.5948699160792685e-06,0.04287453397735135,0.04291511607671177,35178.1875,35178.1875,725585295.375
transfer_fixed_five,0.06130535816262994,B0,B0-rank6-q1-r0-K0,11455,1.0,0.007054286627580134,0.0006265786540605722,0.03629514785228556,0.04272285582580512,10471.0,10471.0,119945305.0
transfer_fixed_five,0.06130535816262994,B1,B1-rank12-q1-r0-K0,10303,1.0,0.0037234676383787746,0.0002615994585534187,0.03962596684148692,0.043087835021312276,20040.0,20040.0,206472120.0
transfer_fixed_five,0.06130535816262994,B2,B2-rank3-q1-r4-K2,11619,1.1279095157845584,0.0037168195009252836,0.00026014045149713727,0.03963261497894041,0.04308929402836856,6242.53125,6242.53125,72531970.59375
transfer_fixed_five,0.06130535816262994,B3,B3-rank0-q8-r32-K4,20217,2.1650464347641196,4.417696927649928e-05,3.5948699160792685e-06,0.043305257510589196,0.043345839609949616,35178.1875,35178.1875,711197416.6875
transfer_fixed_five,0.061920606381688906,B0,B0-rank6-q1-r0-K0,11203,1.0,0.007054286627580134,0.0006265786540605722,0.0367301940400951,0.04315790201361466,10471.0,10471.0,117306613.0
transfer_fixed_five,0.061920606381688906,B1,B1-rank12-q1-r0-K0,10088,1.0,0.0037234676383787746,0.0002615994585534187,0.04006101302929646,0.043522881209121816,20040.0,20040.0,202163520.0
transfer_fixed_five,0.061920606381688906,B2,B2-rank3-q1-r4-K2,11377,1.1279095157845584,0.0037168195009252836,0.00026014045149713727,0.04006766116674995,0.0435243402161781,6242.53125,6242.53125,71021278.03125
transfer_fixed_five,0.061920606381688906,B3,B3-rank0-q8-r32-K4,19818,2.1650464347641196,4.417696927649928e-05,3.5948699160792685e-06,0.043740303698398736,0.043780885797759156,35178.1875,35178.1875,697161319.875
transfer_fixed_five,0.06254202910787746,B0,B0-rank6-q1-r0-K0,10955,1.0,0.007054286627580134,0.0006265786540605722,0.037169606263766454,0.043597314237286015,10471.0,10471.0,114709805.0
transfer_fixed_five,0.06254202910787746,B1,B1-rank12-q1-r0-K0,9879,1.0,0.0037234676383787746,0.0002615994585534187,0.04050042525296781,0.04396229343279317,20040.0,20040.0,197975160.0
transfer_fixed_five,0.06254202910787746,B2,B2-rank3-q1-r4-K2,11140,1.1279095157845584,0.0037168195009252836,0.00026014045149713727,0.040507073390421304,0.04396375243984945,6242.53125,6242.53125,69541798.125
transfer_fixed_five,0.06254202910787746,B3,B3-rank0-q8-r32-K4,19426,2.1650464347641196,4.417696927649928e-05,3.5948699160792685e-06,0.04417971592207009,0.04422029802143051,35178.1875,35178.1875,683371470.375
transfer_fixed_five,0.06316968830730468,B0,B0-rank6-q1-r0-K0,10714,1.0,0.007054286627580134,0.0006265786540605722,0.03761342833995557,0.04404113631347513,10471.0,10471.0,112186294.0
transfer_fixed_five,0.06316968830730468,B1,B1-rank12-q1-r0-K0,9673,1.0,0.0037234676383787746,0.0002615994585534187,0.04094424732915693,0.04440611550898228,20040.0,20040.0,193846920.0
transfer_fixed_five,0.06316968830730468,B2,B2-rank3-q1-r4-K2,10908,1.1279095157845584,0.0037168195009252836,0.00026014045149713727,0.04095089546661042,0.044407574516038564,6242.53125,6242.53125,68093530.875
transfer_fixed_five,0.06316968830730468,B3,B3-rank0-q8-r32-K4,19041,2.1650464347641196,4.417696927649928e-05,3.5948699160792685e-06,0.0446235379982592,0.04466412009761962,35178.1875,35178.1875,669827868.1875
transfer_fixed_five,0.06380364656795913,B0,B0-rank6-q1-r0-K0,10478,1.0,0.007054286627580134,0.0006265786540605722,0.03806170452505355,0.04448941249857311,10471.0,10471.0,109715138.0
transfer_fixed_five,0.06380364656795913,B1,B1-rank12-q1-r0-K0,9473,1.0,0.0037234676383787746,0.0002615994585534187,0.04139252351425491,0.044854391694080266,20040.0,20040.0,189838920.0
transfer_fixed_five,0.06380364656795913,B2,B2-rank3-q1-r4-K2,10681,1.1279095157845584,0.0037168195009252836,0.00026014045149713727,0.0413991716517084,0.04485585070113655,6242.53125,6242.53125,66676476.28125
transfer_fixed_five,0.06380364656795913,B3,B3-rank0-q8-r32-K4,18665,2.1650464347641196,4.417696927649928e-05,3.5948699160792685e-06,0.045071814183357185,0.045112396282717605,35178.1875,35178.1875,656600869.6875
transfer_fixed_five,0.06444396710594981,B0,B0-rank6-q1-r0-K0,10249,1.0,0.007054286627580134,0.0006265786540605722,0.038514479519599784,0.044942187493119345,10471.0,10471.0,107317279.0
transfer_fixed_five,0.06444396710594981,B1,B1-rank12-q1-r0-K0,9276,1.0,0.0037234676383787746,0.0002615994585534187,0.04184529850880114,0.0453071666886265,20040.0,20040.0,185891040.0
transfer_fixed_five,0.06444396710594981,B2,B2-rank3-q1-r4-K2,10460,1.1279095157845584,0.0037168195009252836,0.00026014045149713727,0.041851946646254634,0.04530862569568278,6242.53125,6242.53125,65296876.875
transfer_fixed_five,0.06444396710594981,B3,B3-rank0-q8-r32-K4,18296,2.1650464347641196,4.417696927649928e-05,3.5948699160792685e-06,0.04552458917790342,0.04556517127726384,35178.1875,35178.1875,643620118.5
transfer_fixed_five,0.06509071377180974,B0,B0-rank6-q1-r0-K0,10024,1.0,0.007054286627580134,0.0006265786540605722,0.03897179847273913,0.04539950644625869,10471.0,10471.0,104961304.0
transfer_fixed_five,0.06509071377180974,B1,B1-rank12-q1-r0-K0,9083,1.0,0.0037234676383787746,0.0002615994585534187,0.04230261746194049,0.04576448564176584,20040.0,20040.0,182023320.0
transfer_fixed_five,0.06509071377180974,B2,B2-rank3-q1-r4-K2,10243,1.1279095157845584,0.0037168195009252836,0.00026014045149713727,0.04230926559939398,0.045765944648822124,6242.53125,6242.53125,63942247.59375
transfer_fixed_five,0.06509071377180974,B3,B3-rank0-q8-r32-K4,17934,2.1650464347641196,4.417696927649928e-05,3.5948699160792685e-06,0.04598190813104276,0.04602249023040318,35178.1875,35178.1875,630885614.625
transfer_fixed_five,0.06574395105686313,B0,B0-rank6-q1-r0-K0,9803,1.0,0.007054286627580134,0.0006265786540605722,0.03943370698672427,0.04586141496024383,10471.0,10471.0,102647213.0
transfer_fixed_five,0.06574395105686313,B1,B1-rank12-q1-r0-K0,8895,1.0,0.0037234676383787746,0.0002615994585534187,0.04276452597592563,0.046226394155750986,20040.0,20040.0,178255800.0
transfer_fixed_five,0.06574395105686313,B2,B2-rank3-q1-r4-K2,10030,1.1279095157845584,0.0037168195009252836,0.00026014045149713727,0.04277117411337912,0.04622785316280727,6242.53125,6242.53125,62612588.4375
transfer_fixed_five,0.06574395105686313,B3,B3-rank0-q8-r32-K4,17579,2.1650464347641196,4.417696927649928e-05,3.5948699160792685e-06,0.046443816645027905,0.046484398744388325,35178.1875,35178.1875,618397358.0625
transfer_fixed_five,0.06640374409965612,B0,B0-rank6-q1-r0-K0,9589,1.0,0.007054286627580134,0.0006265786540605722,0.0399002511214629,0.04632795909498246,10471.0,10471.0,100406419.0
transfer_fixed_five,0.06640374409965612,B1,B1-rank12-q1-r0-K0,8710,1.0,0.0037234676383787746,0.0002615994585534187,0.04323107011066426,0.046692938290489615,20040.0,20040.0,174548400.0
transfer_fixed_five,0.06640374409965612,B2,B2-rank3-q1-r4-K2,9822,1.1279095157845584,0.0037168195009252836,0.00026014045149713727,0.04323771824811775,0.046694397297545896,6242.53125,6242.53125,61314141.9375
transfer_fixed_five,0.06640374409965612,B3,B3-rank0-q8-r32-K4,17231,2.1650464347641196,4.417696927649928e-05,3.5948699160792685e-06,0.046910360779766534,0.046950942879126954,35178.1875,35178.1875,606155348.8125
transfer_fixed_five,0.06707015869245213,B0,B0-rank6-q1-r0-K0,9380,1.0,0.007054286627580134,0.0006265786540605722,0.04037147739911063,0.04679918537263019,10471.0,10471.0,98217980.0
transfer_fixed_five,0.06707015869245213,B1,B1-rank12-q1-r0-K0,8529,1.0,0.0037234676383787746,0.0002615994585534187,0.04370229638831199,0.047164164568137344,20040.0,20040.0,170921160.0
transfer_fixed_five,0.06707015869245213,B2,B2-rank3-q1-r4-K2,9619,1.1279095157845584,0.0037168195009252836,0.00026014045149713727,0.04370894452576548,0.047165623575193626,6242.53125,6242.53125,60046908.09375
transfer_fixed_five,0.06707015869245213,B3,B3-rank0-q8-r32-K4,16890,2.1650464347641196,4.417696927649928e-05,3.5948699160792685e-06,0.047381587057414264,0.047422169156774684,35178.1875,35178.1875,594159586.875
transfer_fixed_five,0.06774326128779243,B0,B0-rank6-q1-r0-K0,9175,1.0,0.007054286627580134,0.0006265786540605722,0.04084743280871002,0.04727514078222958,10471.0,10471.0,96071425.0
transfer_fixed_five,0.06774326128779243,B1,B1-rank12-q1-r0-K0,8353,1.0,0.0037234676383787746,0.0002615994585534187,0.04417825179791138,0.04764011997773673,20040.0,20040.0,167394120.0
transfer_fixed_five,0.06774326128779243,B2,B2-rank3-q1-r4-K2,9420,1.1279095157845584,0.0037168195009252836,0.00026014045149713727,0.04418489993536487,0.047641578984793015,6242.53125,6242.53125,58804644.375
transfer_fixed_five,0.06774326128779243,B3,B3-rank0-q8-r32-K4,16556,2.1650464347641196,4.417696927649928e-05,3.5948699160792685e-06,0.04785754246701365,0.04789812456637407,35178.1875,35178.1875,582410072.25
transfer_fixed_five,0.06842311900512271,B0,B0-rank6-q1-r0-K0,8975,1.0,0.007054286627580134,0.0006265786540605722,0.04132816481087627,0.04775587278439583,10471.0,10471.0,93977225.0
transfer_fixed_five,0.06842311900512271,B1,B1-rank12-q1-r0-K0,8180,1.0,0.0037234676383787746,0.0002615994585534187,0.04465898380007763,0.048120851979902984,20040.0,20040.0,163927200.0
transfer_fixed_five,0.06842311900512271,B2,B2-rank3-q1-r4-K2,9224,1.1279095157845584,0.0037168195009252836,0.00026014045149713727,0.04466563193753112,0.048122310986959266,6242.53125,6242.53125,57581108.25
transfer_fixed_five,0.06842311900512271,B3,B3-rank0-q8-r32-K4,16229,2.1650464347641196,4.417696927649928e-05,3.5948699160792685e-06,0.048338274469179904,0.048378856568540324,35178.1875,35178.1875,570906804.9375
transfer_fixed_five,0.06910979963748584,B0,B0-rank6-q1-r0-K0,8779,1.0,0.007054286627580134,0.0006265786540605722,0.041813721342529704,0.048241429316049265,10471.0,10471.0,91924909.0
transfer_fixed_five,0.06910979963748584,B1,B1-rank12-q1-r0-K0,8011,1.0,0.0037234676383787746,0.0002615994585534187,0.04514454033173106,0.04860640851155642,20040.0,20040.0,160540440.0
transfer_fixed_five,0.06910979963748584,B2,B2-rank3-q1-r4-K2,9033,1.1279095157845584,0.0037168195009252836,0.00026014045149713727,0.045151188469184554,0.0486078675186127,6242.53125,6242.53125,56388784.78125
transfer_fixed_five,0.06910979963748584,B3,B3-rank0-q8-r32-K4,15907,2.1650464347641196,4.417696927649928e-05,3.5948699160792685e-06,0.04882383100083334,0.04886441310019376,35178.1875,35178.1875,559579428.5625
transfer_fixed_five,0.06980337165828196,B0,B0-rank6-q1-r0-K0,8589,1.0,0.007054286627580134,0.0006265786540605722,0.0423041508216759,0.04873185879519546,10471.0,10471.0,89935419.0
transfer_fixed_five,0.06980337165828196,B1,B1-rank12-q1-r0-K0,7845,1.0,0.0037234676383787746,0.0002615994585534187,0.04563496981087726,0.049096837990702615,20040.0,20040.0,157213800.0
transfer_fixed_five,0.06980337165828196,B2,B2-rank3-q1-r4-K2,8847,1.1279095157845584,0.0037168195009252836,0.00026014045149713727,0.04564161794833075,0.049098296997758896,6242.53125,6242.53125,55227673.96875
transfer_fixed_five,0.06980337165828196,B3,B3-rank0-q8-r32-K4,15593,2.1650464347641196,4.417696927649928e-05,3.5948699160792685e-06,0.049314260479979534,0.049354842579339954,35178.1875,35178.1875,548533477.6875
transfer_fixed_five,0.07050390422809652,B0,B0-rank6-q1-r0-K0,8402,1.0,0.007054286627580134,0.0006265786540605722,0.04279950215223381,0.04922721012575337,10471.0,10471.0,87977342.0
transfer_fixed_five,0.07050390422809652,B1,B1-rank12-q1-r0-K0,7683,1.0,0.0037234676383787746,0.0002615994585534187,0.04613032114143517,0.04959218932126053,20040.0,20040.0,153967320.0
transfer_fixed_five,0.07050390422809652,B2,B2-rank3-q1-r4-K2,8664,1.1279095157845584,0.0037168195009252836,0.00026014045149713727,0.04613696927888866,0.04959364832831681,6242.53125,6242.53125,54085290.75
transfer_fixed_five,0.07050390422809652,B3,B3-rank0-q8-r32-K4,15284,2.1650464347641196,4.417696927649928e-05,3.5948699160792685e-06,0.049809611810537446,0.049850193909897866,35178.1875,35178.1875,537663417.75
transfer_fixed_five,0.07121146720159666,B0,B0-rank6-q1-r0-K0,8220,1.0,0.007054286627580134,0.0006265786540605722,0.04329982472891228,0.04972753270243184,10471.0,10471.0,86071620.0
transfer_fixed_five,0.07121146720159666,B1,B1-rank12-q1-r0-K0,7524,1.0,0.0037234676383787746,0.0002615994585534187,0.04663064371811364,0.05009251189793899,20040.0,20040.0,150780960.0
transfer_fixed_five,0.07121146720159666,B2,B2-rank3-q1-r4-K2,8485,1.1279095157845584,0.0037168195009252836,0.00026014045149713727,0.04663729185556713,0.050093970904995275,6242.53125,6242.53125,52967877.65625
transfer_fixed_five,0.07121146720159666,B3,B3-rank0-q8-r32-K4,14982,2.1650464347641196,4.417696927649928e-05,3.5948699160792685e-06,0.05030993438721591,0.05035051648657633,35178.1875,35178.1875,527039605.125
transfer_fixed_five,0.07192613113449682,B0,B0-rank6-q1-r0-K0,8042,1.0,0.007054286627580134,0.0006265786540605722,0.04380516844213543,0.05023287641565499,10471.0,10471.0,84207782.0
transfer_fixed_five,0.07192613113449682,B1,B1-rank12-q1-r0-K0,7369,1.0,0.0037234676383787746,0.0002615994585534187,0.04713598743133679,0.050597855611162146,20040.0,20040.0,147674760.0
transfer_fixed_five,0.07192613113449682,B2,B2-rank3-q1-r4-K2,8309,1.1279095157845584,0.0037168195009252836,0.00026014045149713727,0.04714263556879028,0.05059931461821843,6242.53125,6242.53125,51869192.15625
transfer_fixed_five,0.07192613113449682,B3,B3-rank0-q8-r32-K4,14686,2.1650464347641196,4.417696927649928e-05,3.5948699160792685e-06,0.050815278100439065,0.050855860199799485,35178.1875,35178.1875,516626861.625
transfer_fixed_five,0.07264796729059445,B0,B0-rank6-q1-r0-K0,7867,1.0,0.007054286627580134,0.0006265786540605722,0.04431558368301769,0.05074329165653725,10471.0,10471.0,82375357.0
transfer_fixed_five,0.07264796729059445,B1,B1-rank12-q1-r0-K0,7217,1.0,0.0037234676383787746,0.0002615994585534187,0.04764640267221905,0.051108270852044405,20040.0,20040.0,144628680.0
transfer_fixed_five,0.07264796729059445,B2,B2-rank3-q1-r4-K2,8139,1.1279095157845584,0.0037168195009252836,0.00026014045149713727,0.04765305080967254,0.051109729859100686,6242.53125,6242.53125,50807961.84375
transfer_fixed_five,0.07264796729059445,B3,B3-rank0-q8-r32-K4,14395,2.1650464347641196,4.417696927649928e-05,3.5948699160792685e-06,0.051325693341321324,0.051366275440681744,35178.1875,35178.1875,506390009.0625
transfer_fixed_five,0.07337704764887605,B0,B0-rank6-q1-r0-K0,7697,1.0,0.007054286627580134,0.0006265786540605722,0.044831121348388535,0.051258829321908096,10471.0,10471.0,80595287.0
transfer_fixed_five,0.07337704764887605,B1,B1-rank12-q1-r0-K0,7068,1.0,0.0037234676383787746,0.0002615994585534187,0.048161940337589894,0.05162380851741525,20040.0,20040.0,141642720.0
transfer_fixed_five,0.07337704764887605,B2,B2-rank3-q1-r4-K2,7970,1.1279095157845584,0.0037168195009252836,0.00026014045149713727,0.048168588475043385,0.05162526752447153,6242.53125,6242.53125,49752974.0625
transfer_fixed_five,0.07337704764887605,B3,B3-rank0-q8-r32-K4,14111,2.1650464347641196,4.417696927649928e-05,3.5948699160792685e-06,0.05184123100669217,0.05188181310605259,35178.1875,35178.1875,496399403.8125
transfer_fixed_five,0.07411344491069477,B0,B0-rank6-q1-r0-K0,7531,1.0,0.007054286627580134,0.0006265786540605722,0.04535183284586775,0.051779540819387314,10471.0,10471.0,78857101.0
transfer_fixed_five,0.07411344491069477,B1,B1-rank12-q1-r0-K0,6922,1.0,0.0037234676383787746,0.0002615994585534187,0.04868265183506911,0.05214452001489447,20040.0,20040.0,138716880.0
transfer_fixed_five,0.07411344491069477,B2,B2-rank3-q1-r4-K2,7806,1.1279095157845584,0.0037168195009252836,0.00026014045149713727,0.0486892999725226,0.05214597902195075,6242.53125,6242.53125,48729198.9375
transfer_fixed_five,0.07411344491069477,B3,B3-rank0-q8-r32-K4,13831,2.1650464347641196,4.417696927649928e-05,3.5948699160792685e-06,0.05236194250417139,0.05240252460353181,35178.1875,35178.1875,486549511.3125
transfer_fixed_five,0.07485723250701984,B0,B0-rank6-q1-r0-K0,7368,1.0,0.007054286627580134,0.0006265786540605722,0.04587777009899165,0.052305478072511215,10471.0,10471.0,77150328.0
transfer_fixed_five,0.07485723250701984,B1,B1-rank12-q1-r0-K0,6780,1.0,0.0037234676383787746,0.0002615994585534187,0.04920858908819301,0.05267045726801837,20040.0,20040.0,135871200.0
transfer_fixed_five,0.07485723250701984,B2,B2-rank3-q1-r4-K2,7646,1.1279095157845584,0.0037168195009252836,0.00026014045149713727,0.0492152372256465,0.05267191627507465,6242.53125,6242.53125,47730393.9375
transfer_fixed_five,0.07485723250701984,B3,B3-rank0-q8-r32-K4,13558,2.1650464347641196,4.417696927649928e-05,3.5948699160792685e-06,0.05288787975729529,0.05292846185665571,35178.1875,35178.1875,476945866.125
transfer_fixed_five,0.07560848460575892,B0,B0-rank6-q1-r0-K0,7210,1.0,0.007054286627580134,0.0006265786540605722,0.04640898555239068,0.05283669352591024,10471.0,10471.0,75495910.0
transfer_fixed_five,0.07560848460575892,B1,B1-rank12-q1-r0-K0,6640,1.0,0.0037234676383787746,0.0002615994585534187,0.04973980454159204,0.053201672721417397,20040.0,20040.0,133065600.0
transfer_fixed_five,0.07560848460575892,B2,B2-rank3-q1-r4-K2,7488,1.1279095157845584,0.0037168195009252836,0.00026014045149713727,0.04974645267904553,0.05320313172847368,6242.53125,6242.53125,46744074.0
transfer_fixed_five,0.07560848460575892,B3,B3-rank0-q8-r32-K4,13290,2.1650464347641196,4.417696927649928e-05,3.5948699160792685e-06,0.053419095210694316,0.053459677310054736,35178.1875,35178.1875,467518111.875
transfer_fixed_five,0.07636727611915388,B0,B0-rank6-q1-r0-K0,7054,1.0,0.007054286627580134,0.0006265786540605722,0.046945532177019064,0.053373240150538626,10471.0,10471.0,73862434.0
transfer_fixed_five,0.07636727611915388,B1,B1-rank12-q1-r0-K0,6503,1.0,0.0037234676383787746,0.0002615994585534187,0.05027635116622042,0.05373821934604578,20040.0,20040.0,130320120.0
transfer_fixed_five,0.07636727611915388,B2,B2-rank3-q1-r4-K2,7333,1.1279095157845584,0.0037168195009252836,0.00026014045149713727,0.050282999303673914,0.05373967835310206,6242.53125,6242.53125,45776481.65625
transfer_fixed_five,0.07636727611915388,B3,B3-rank0-q8-r32-K4,13026,2.1650464347641196,4.417696927649928e-05,3.5948699160792685e-06,0.0539556418353227,0.05399622393468312,35178.1875,35178.1875,458231070.375
transfer_fixed_five,0.07713368271125066,B0,B0-rank6-q1-r0-K0,6902,1.0,0.007054286627580134,0.0006265786540605722,0.04748746347543677,0.05391517144895633,10471.0,10471.0,72270842.0
transfer_fixed_five,0.07713368271125066,B1,B1-rank12-q1-r0-K0,6369,1.0,0.0037234676383787746,0.0002615994585534187,0.050818282464638126,0.05428015064446348,20040.0,20040.0,127634760.0
transfer_fixed_five,0.07713368271125066,B2,B2-rank3-q1-r4-K2,7182,1.1279095157845584,0.0037168195009252836,0.00026014045149713727,0.05082493060209162,0.05428160965151976,6242.53125,6242.53125,44833859.4375
transfer_fixed_five,0.07713368271125066,B3,B3-rank0-q8-r32-K4,12769,2.1650464347641196,4.417696927649928e-05,3.5948699160792685e-06,0.0544975731337404,0.05453815523310082,35178.1875,35178.1875,449190276.1875
transfer_fixed_five,0.0779077808054444,B0,B0-rank6-q1-r0-K0,6754,1.0,0.007054286627580134,0.0006265786540605722,0.04803483348714475,0.05446254146066431,10471.0,10471.0,70721134.0
transfer_fixed_five,0.0779077808054444,B1,B1-rank12-q1-r0-K0,6238,1.0,0.0037234676383787746,0.0002615994585534187,0.051365652476346106,0.05482752065617146,20040.0,20040.0,125009520.0
transfer_fixed_five,0.0779077808054444,B2,B2-rank3-q1-r4-K2,7035,1.1279095157845584,0.0037168195009252836,0.00026014045149713727,0.0513723006137996,0.05482897966322774,6242.53125,6242.53125,43916207.34375
transfer_fixed_five,0.0779077808054444,B3,B3-rank0-q8-r32-K4,12517,2.1650464347641196,4.417696927649928e-05,3.5948699160792685e-06,0.05504494314544838,0.0550855252448088,35178.1875,35178.1875,440325372.9375
transfer_fixed_five,0.07868964759210002,B0,B0-rank6-q1-r0-K0,6609,1.0,0.007054286627580134,0.0006265786540605722,0.04858769679397347,0.05501540476749303,10471.0,10471.0,69202839.0
transfer_fixed_five,0.07868964759210002,B1,B1-rank12-q1-r0-K0,6110,1.0,0.0037234676383787746,0.0002615994585534187,0.05191851578317483,0.055380383963000185,20040.0,20040.0,122444400.0
transfer_fixed_five,0.07868964759210002,B2,B2-rank3-q1-r4-K2,6890,1.1279095157845584,0.0037168195009252836,0.00026014045149713727,0.05192516392062832,0.055381842970056466,6242.53125,6242.53125,43011040.3125
transfer_fixed_five,0.07868964759210002,B3,B3-rank0-q8-r32-K4,12269,2.1650464347641196,4.417696927649928e-05,3.5948699160792685e-06,0.055597806452277104,0.055638388551637524,35178.1875,35178.1875,431601182.4375
transfer_fixed_five,0.07947936103624934,B0,B0-rank6-q1-r0-K0,6467,1.0,0.007054286627580134,0.0006265786540605722,0.04914610852552563,0.05557381649904519,10471.0,10471.0,67715957.0
transfer_fixed_five,0.07947936103624934,B1,B1-rank12-q1-r0-K0,5984,1.0,0.0037234676383787746,0.0002615994585534187,0.05247692751472699,0.055938795694552346,20040.0,20040.0,119919360.0
transfer_fixed_five,0.07947936103624934,B2,B2-rank3-q1-r4-K2,6748,1.1279095157845584,0.0037168195009252836,0.00026014045149713727,0.05248357565218048,0.05594025470160863,6242.53125,6242.53125,42124600.875
transfer_fixed_five,0.07947936103624934,B3,B3-rank0-q8-r32-K4,12026,2.1650464347641196,4.417696927649928e-05,3.5948699160792685e-06,0.056156218183829265,0.056196800283189685,35178.1875,35178.1875,423052882.875
transfer_fixed_five,0.08027699988536555,B0,B0-rank6-q1-r0-K0,6328,1.0,0.007054286627580134,0.0006265786540605722,0.049710124364673536,0.0561378323381931,10471.0,10471.0,66260488.0
transfer_fixed_five,0.08027699988536555,B1,B1-rank12-q1-r0-K0,5862,1.0,0.0037234676383787746,0.0002615994585534187,0.053040943353874895,0.05650281153370025,20040.0,20040.0,117474480.0
transfer_fixed_five,0.08027699988536555,B2,B2-rank3-q1-r4-K2,6610,1.1279095157845584,0.0037168195009252836,0.00026014045149713727,0.053047591491328386,0.05650427054075653,6242.53125,6242.53125,41263131.5625
transfer_fixed_five,0.08027699988536555,B3,B3-rank0-q8-r32-K4,11788,2.1650464347641196,4.417696927649928e-05,3.5948699160792685e-06,0.05672023402297717,0.05676081612233759,35178.1875,35178.1875,414680474.25
transfer_fixed_five,0.08108264367721564,B0,B0-rank6-q1-r0-K0,6193,1.0,0.007054286627580134,0.0006265786540605722,0.050279800553111584,0.056707508526631145,10471.0,10471.0,64846903.0
transfer_fixed_five,0.08108264367721564,B1,B1-rank12-q1-r0-K0,5741,1.0,0.0037234676383787746,0.0002615994585534187,0.05361061954231294,0.0570724877221383,20040.0,20040.0,115049640.0
transfer_fixed_five,0.08108264367721564,B2,B2-rank3-q1-r4-K2,6474,1.1279095157845584,0.0037168195009252836,0.00026014045149713727,0.053617267679766434,0.05707394672919458,6242.53125,6242.53125,40414147.3125
transfer_fixed_five,0.08108264367721564,B3,B3-rank0-q8-r32-K4,11555,2.1650464347641196,4.417696927649928e-05,3.5948699160792685e-06,0.05728991021141522,0.05733049231077564,35178.1875,35178.1875,406483956.5625
transfer_fixed_five,0.08189637274779153,B0,B0-rank6-q1-r0-K0,6060,1.0,0.007054286627580134,0.0006265786540605722,0.050855193896964426,0.05728290187048399,10471.0,10471.0,63454260.0
transfer_fixed_five,0.08189637274779153,B1,B1-rank12-q1-r0-K0,5623,1.0,0.0037234676383787746,0.0002615994585534187,0.054186012886165785,0.05764788106599114,20040.0,20040.0,112684920.0
transfer_fixed_five,0.08189637274779153,B2,B2-rank3-q1-r4-K2,6341,1.1279095157845584,0.0037168195009252836,0.00026014045149713727,0.054192661023619276,0.05764934007304742,6242.53125,6242.53125,39583890.65625
transfer_fixed_five,0.08189637274779153,B3,B3-rank0-q8-r32-K4,11326,2.1650464347641196,4.417696927649928e-05,3.5948699160792685e-06,0.05786530355526806,0.05790588565462848,35178.1875,35178.1875,398428151.625
transfer_fixed_five,0.08271826823932106,B0,B0-rank6-q1-r0-K0,5931,1.0,0.007054286627580134,0.0006265786540605722,0.0514363617724516,0.057864069745971164,10471.0,10471.0,62103501.0
transfer_fixed_five,0.08271826823932106,B1,B1-rank12-q1-r0-K0,5507,1.0,0.0037234676383787746,0.0002615994585534187,0.05476718076165296,0.05822904894147832,20040.0,20040.0,110360280.0
transfer_fixed_five,0.08271826823932106,B2,B2-rank3-q1-r4-K2,6211,1.1279095157845584,0.0037168195009252836,0.00026014045149713727,0.05477382889910645,0.0582305079485346,6242.53125,6242.53125,38772361.59375
transfer_fixed_five,0.08271826823932106,B3,B3-rank0-q8-r32-K4,11102,2.1650464347641196,4.417696927649928e-05,3.5948699160792685e-06,0.05844647143075524,0.05848705353011566,35178.1875,35178.1875,390548237.625
transfer_fixed_five,0.08354841210835902,B0,B0-rank6-q1-r0-K0,5805,1.0,0.007054286627580134,0.0006265786540605722,0.05202336213160878,0.058451070105128344,10471.0,10471.0,60784155.0
transfer_fixed_five,0.08354841210835902,B1,B1-rank12-q1-r0-K0,5395,1.0,0.0037234676383787746,0.0002615994585534187,0.05535418112081014,0.0588160493006355,20040.0,20040.0,108115800.0
transfer_fixed_five,0.08354841210835902,B2,B2-rank3-q1-r4-K2,6084,1.1279095157845584,0.0037168195009252836,0.00026014045149713727,0.05536082925826363,0.05881750830769178,6242.53125,6242.53125,37979560.125
transfer_fixed_five,0.08354841210835902,B3,B3-rank0-q8-r32-K4,10883,2.1650464347641196,4.417696927649928e-05,3.5948699160792685e-06,0.05903347178991242,0.05907405388927284,35178.1875,35178.1875,382844214.5625
transfer_fixed_five,0.08438688713395978,B0,B0-rank6-q1-r0-K0,5680,1.0,0.007054286627580134,0.0006265786540605722,0.052616253508066646,0.05904396148158621,10471.0,10471.0,59475280.0
transfer_fixed_five,0.08438688713395978,B1,B1-rank12-q1-r0-K0,5284,1.0,0.0037234676383787746,0.0002615994585534187,0.055947072497268005,0.05940894067709336,20040.0,20040.0,105891360.0
transfer_fixed_five,0.08438688713395978,B2,B2-rank3-q1-r4-K2,5959,1.1279095157845584,0.0037168195009252836,0.00026014045149713727,0.055953720634721496,0.05941039968414964,6242.53125,6242.53125,37199243.71875
transfer_fixed_five,0.08438688713395978,B3,B3-rank0-q8-r32-K4,10667,2.1650464347641196,4.417696927649928e-05,3.5948699160792685e-06,0.05962636316637028,0.0596669452657307,35178.1875,35178.1875,375245726.0625
transfer_fixed_five,0.08523377692593145,B0,B0-rank6-q1-r0-K0,5559,1.0,0.007054286627580134,0.0006265786540605722,0.05321509502288748,0.05964280299640704,10471.0,10471.0,58208289.0
transfer_fixed_five,0.08523377692593145,B1,B1-rank12-q1-r0-K0,5175,1.0,0.0037234676383787746,0.0002615994585534187,0.05654591401208884,0.060007782191914195,20040.0,20040.0,103707000.0
transfer_fixed_five,0.08523377692593145,B2,B2-rank3-q1-r4-K2,5837,1.1279095157845584,0.0037168195009252836,0.00026014045149713727,0.05655256214954233,0.06000924119897048,6242.53125,6242.53125,36437654.90625
transfer_fixed_five,0.08523377692593145,B3,B3-rank0-q8-r32-K4,10457,2.1650464347641196,4.417696927649928e-05,3.5948699160792685e-06,0.060225204681191115,0.060265786780551535,35178.1875,35178.1875,367858306.6875
transfer_fixed_five,0.08608916593317346,B0,B0-rank6-q1-r0-K0,5441,1.0,0.007054286627580134,0.0006265786540605722,0.053819946390460734,0.060247654363980295,10471.0,10471.0,56972711.0
transfer_fixed_five,0.08608916593317346,B1,B1-rank12-q1-r0-K0,5070,1.0,0.0037234676383787746,0.0002615994585534187,0.05715076537966209,0.06061263355948745,20040.0,20040.0,101602800.0
transfer_fixed_five,0.08608916593317346,B2,B2-rank3-q1-r4-K2,5717,1.1279095157845584,0.0037168195009252836,0.00026014045149713727,0.057157413517115584,0.06061409256654373,6242.53125,6242.53125,35688551.15625
transfer_fixed_five,0.08608916593317346,B3,B3-rank0-q8-r32-K4,10250,2.1650464347641196,4.417696927649928e-05,3.5948699160792685e-06,0.06083005604876437,0.06087063814812479,35178.1875,35178.1875,360576421.875
transfer_fixed_five,0.08695313945209739,B0,B0-rank6-q1-r0-K0,5326,1.0,0.007054286627580134,0.0006265786540605722,0.05443086792445744,0.060858575897977,10471.0,10471.0,55768546.0
transfer_fixed_five,0.08695313945209739,B1,B1-rank12-q1-r0-K0,4966,1.0,0.0037234676383787746,0.0002615994585534187,0.0577616869136588,0.06122355509348416,20040.0,20040.0,99518640.0
transfer_fixed_five,0.08695313945209739,B2,B2-rank3-q1-r4-K2,5601,1.1279095157845584,0.0037168195009252836,0.00026014045149713727,0.05776833505111229,0.06122501410054044,6242.53125,6242.53125,34964417.53125
transfer_fixed_five,0.08695313945209739,B3,B3-rank0-q8-r32-K4,10047,2.1650464347641196,4.417696927649928e-05,3.5948699160792685e-06,0.061440977582761076,0.061481559682121496,35178.1875,35178.1875,353435249.8125
transfer_fixed_five,0.08782578363513226,B0,B0-rank6-q1-r0-K0,5212,1.0,0.007054286627580134,0.0006265786540605722,0.05504792054384439,0.061475628517363955,10471.0,10471.0,54574852.0
transfer_fixed_five,0.08782578363513226,B1,B1-rank12-q1-r0-K0,4864,1.0,0.0037234676383787746,0.0002615994585534187,0.05837873953304575,0.06184060771287111,20040.0,20040.0,97474560.0
transfer_fixed_five,0.08782578363513226,B2,B2-rank3-q1-r4-K2,5485,1.1279095157845584,0.0037168195009252836,0.00026014045149713727,0.05838538767049924,0.06184206671992739,6242.53125,6242.53125,34240283.90625
transfer_fixed_five,0.08782578363513226,B3,B3-rank0-q8-r32-K4,9848,2.1650464347641196,4.417696927649928e-05,3.5948699160792685e-06,0.06205803020214803,0.06209861230150845,35178.1875,35178.1875,346434790.5
transfer_fixed_five,0.08870718549931567,B0,B0-rank6-q1-r0-K0,5101,1.0,0.007054286627580134,0.0006265786540605722,0.05567116577895895,0.06209887375247851,10471.0,10471.0,53412571.0
transfer_fixed_five,0.08870718549931567,B1,B1-rank12-q1-r0-K0,4765,1.0,0.0037234676383787746,0.0002615994585534187,0.05900198476816031,0.06246385294798566,20040.0,20040.0,95490600.0
transfer_fixed_five,0.08870718549931567,B2,B2-rank3-q1-r4-K2,5373,1.1279095157845584,0.0037168195009252836,0.00026014045149713727,0.0590086329056138,0.062465311955041944,6242.53125,6242.53125,33541120.40625
transfer_fixed_five,0.08870718549931567,B3,B3-rank0-q8-r32-K4,9654,2.1650464347641196,4.417696927649928e-05,3.5948699160792685e-06,0.06268127543726258,0.062721857536623,35178.1875,35178.1875,339610222.125
transfer_fixed_five,0.0895974329349706,B0,B0-rank6-q1-r0-K0,4993,1.0,0.007054286627580134,0.0006265786540605722,0.05630066577764449,0.06272837375116405,10471.0,10471.0,52281703.0
transfer_fixed_five,0.0895974329349706,B1,B1-rank12-q1-r0-K0,4667,1.0,0.0037234676383787746,0.0002615994585534187,0.05963148476684585,0.0630933529466712,20040.0,20040.0,93526680.0
transfer_fixed_five,0.0895974329349706,B2,B2-rank3-q1-r4-K2,5264,1.1279095157845584,0.0037168195009252836,0.00026014045149713727,0.05963813290429934,0.06309481195372749,6242.53125,6242.53125,32860684.5
transfer_fixed_five,0.0895974329349706,B3,B3-rank0-q8-r32-K4,9462,2.1650464347641196,4.417696927649928e-05,3.5948699160792685e-06,0.06331077543594812,0.06335135753530854,35178.1875,35178.1875,332856010.125
transfer_fixed_five,0.09049661471446958,B0,B0-rank6-q1-r0-K0,4887,1.0,0.007054286627580134,0.0006265786540605722,0.0569364833114476,0.06336419128496716,10471.0,10471.0,51171777.0
transfer_fixed_five,0.09049661471446958,B1,B1-rank12-q1-r0-K0,4571,1.0,0.0037234676383787746,0.0002615994585534187,0.06026730230064896,0.06372917048047431,20040.0,20040.0,91602840.0
transfer_fixed_five,0.09049661471446958,B2,B2-rank3-q1-r4-K2,5155,1.1279095157845584,0.0037168195009252836,0.00026014045149713727,0.06027395043810245,0.0637306294875306,6242.53125,6242.53125,32180248.59375
transfer_fixed_five,0.09049661471446958,B3,B3-rank0-q8-r32-K4,9276,2.1650464347641196,4.417696927649928e-05,3.5948699160792685e-06,0.06394659296975123,0.06398717506911165,35178.1875,35178.1875,326312867.25
transfer_fixed_five,0.09140482050108682,B0,B0-rank6-q1-r0-K0,4784,1.0,0.007054286627580134,0.0006265786540605722,0.057578681781877514,0.06400638975539708,10471.0,10471.0,50093264.0
transfer_fixed_five,0.09140482050108682,B1,B1-rank12-q1-r0-K0,4479,1.0,0.0037234676383787746,0.0002615994585534187,0.06090950077107887,0.06437136895090423,20040.0,20040.0,89759160.0
transfer_fixed_five,0.09140482050108682,B2,B2-rank3-q1-r4-K2,5050,1.1279095157845584,0.0037168195009252836,0.00026014045149713727,0.060916148908532364,0.06437282795796051,6242.53125,6242.53125,31524782.8125
transfer_fixed_five,0.09140482050108682,B3,B3-rank0-q8-r32-K4,9092,2.1650464347641196,4.417696927649928e-05,3.5948699160792685e-06,0.06458879144018115,0.06462937353954157,35178.1875,35178.1875,319840080.75
transfer_fixed_five,0.09232214085793909,B0,B0-rank6-q1-r0-K0,4682,1.0,0.007054286627580134,0.0006265786540605722,0.058227325226728216,0.06465503320024778,10471.0,10471.0,49025222.0
transfer_fixed_five,0.09232214085793909,B1,B1-rank12-q1-r0-K0,4387,1.0,0.0037234676383787746,0.0002615994585534187,0.061558144215929575,0.06502001239575493,20040.0,20040.0,87915480.0
transfer_fixed_five,0.09232214085793909,B2,B2-rank3-q1-r4-K2,4948,1.1279095157845584,0.0037168195009252836,0.00026014045149713727,0.061564792353383066,0.06502147140281121,6242.53125,6242.53125,30888044.625
transfer_fixed_five,0.09232214085793909,B3,B3-rank0-q8-r32-K4,8912,2.1650464347641196,4.417696927649928e-05,3.5948699160792685e-06,0.06523743488503185,0.06527801698439227,35178.1875,35178.1875,313508007.0
transfer_fixed_five,0.09324866725701628,B0,B0-rank6-q1-r0-K0,4583,1.0,0.007054286627580134,0.0006265786540605722,0.05888247832646405,0.06531018629998361,10471.0,10471.0,47988593.0
transfer_fixed_five,0.09324866725701628,B1,B1-rank12-q1-r0-K0,4297,1.0,0.0037234676383787746,0.0002615994585534187,0.06221329731566541,0.06567516549549077,20040.0,20040.0,86111880.0
transfer_fixed_five,0.09324866725701628,B2,B2-rank3-q1-r4-K2,4846,1.1279095157845584,0.0037168195009252836,0.00026014045149713727,0.0622199454531189,0.06567662450254705,6242.53125,6242.53125,30251306.4375
transfer_fixed_five,0.09324866725701628,B3,B3-rank0-q8-r32-K4,8736,2.1650464347641196,4.417696927649928e-05,3.5948699160792685e-06,0.06589258798476769,0.0659331700841281,35178.1875,35178.1875,307316646.0
transfer_fixed_five,0.09418449208830276,B0,B0-rank6-q1-r0-K0,4486,1.0,0.007054286627580134,0.0006265786540605722,0.05954420641066947,0.06597191438418903,10471.0,10471.0,46972906.0
transfer_fixed_five,0.09418449208830276,B1,B1-rank12-q1-r0-K0,4209,1.0,0.0037234676383787746,0.0002615994585534187,0.06287502539987083,0.06633689357969619,20040.0,20040.0,84348360.0
transfer_fixed_five,0.09418449208830276,B2,B2-rank3-q1-r4-K2,4747,1.1279095157845584,0.0037168195009252836,0.00026014045149713727,0.06288167353732432,0.06633835258675247,6242.53125,6242.53125,29633295.84375
transfer_fixed_five,0.09418449208830276,B3,B3-rank0-q8-r32-K4,8563,2.1650464347641196,4.417696927649928e-05,3.5948699160792685e-06,0.06655431606897311,0.06659489816833353,35178.1875,35178.1875,301230819.5625
transfer_fixed_five,0.09512970866899023,B0,B0-rank6-q1-r0-K0,4392,1.0,0.007054286627580134,0.0006265786540605722,0.060212575464563545,0.0666402834380831,10471.0,10471.0,45988632.0
transfer_fixed_five,0.09512970866899023,B1,B1-rank12-q1-r0-K0,4124,1.0,0.0037234676383787746,0.0002615994585534187,0.0635433944537649,0.06700526263359026,20040.0,20040.0,82644960.0
transfer_fixed_five,0.09512970866899023,B2,B2-rank3-q1-r4-K2,4650,1.1279095157845584,0.0037168195009252836,0.00026014045149713727,0.0635500425912184,0.06700672164064654,6242.53125,6242.53125,29027770.3125
transfer_fixed_five,0.09512970866899023,B3,B3-rank0-q8-r32-K4,8393,2.1650464347641196,4.417696927649928e-05,3.5948699160792685e-06,0.06722268512286718,0.0672632672222276,35178.1875,35178.1875,295250527.6875
transfer_fixed_five,0.09608441125278289,B0,B0-rank6-q1-r0-K0,4299,1.0,0.007054286627580134,0.0006265786540605722,0.06088765213557966,0.06731536010909922,10471.0,10471.0,45014829.0
transfer_fixed_five,0.09608441125278289,B1,B1-rank12-q1-r0-K0,4040,1.0,0.0037234676383787746,0.0002615994585534187,0.06421847112478102,0.06768033930460637,20040.0,20040.0,80961600.0
transfer_fixed_five,0.09608441125278289,B2,B2-rank3-q1-r4-K2,4555,1.1279095157845584,0.0037168195009252836,0.00026014045149713727,0.06422511926223451,0.06768179831166266,6242.53125,6242.53125,28434729.84375
transfer_fixed_five,0.09608441125278289,B3,B3-rank0-q8-r32-K4,8227,2.1650464347641196,4.417696927649928e-05,3.5948699160792685e-06,0.0678977617938833,0.06793834389324371,35178.1875,35178.1875,289410948.5625
transfer_fixed_five,0.09704869503929602,B0,B0-rank6-q1-r0-K0,4208,1.0,0.007054286627580134,0.0006265786540605722,0.06156950374001133,0.06799721171353089,10471.0,10471.0,44061968.0
transfer_fixed_five,0.09704869503929602,B1,B1-rank12-q1-r0-K0,3957,1.0,0.0037234676383787746,0.0002615994585534187,0.06490032272921269,0.06836219090903804,20040.0,20040.0,79298280.0
transfer_fixed_five,0.09704869503929602,B2,B2-rank3-q1-r4-K2,4463,1.1279095157845584,0.0037168195009252836,0.00026014045149713727,0.06490697086666618,0.06836364991609432,6242.53125,6242.53125,27860416.96875
transfer_fixed_five,0.09704869503929602,B3,B3-rank0-q8-r32-K4,8065,2.1650464347641196,4.417696927649928e-05,3.5948699160792685e-06,0.06857961339831496,0.06862019549767538,35178.1875,35178.1875,283712082.1875
transfer_fixed_five,0.09802265618354915,B0,B0-rank6-q1-r0-K0,4120,1.0,0.007054286627580134,0.0006265786540605722,0.062258198269724924,0.06868590624324449,10471.0,10471.0,43140520.0
transfer_fixed_five,0.09802265618354915,B1,B1-rank12-q1-r0-K0,3877,1.0,0.0037234676383787746,0.0002615994585534187,0.06558901725892628,0.06905088543875164,20040.0,20040.0,77695080.0
transfer_fixed_five,0.09802265618354915,B2,B2-rank3-q1-r4-K2,4372,1.1279095157845584,0.0037168195009252836,0.00026014045149713727,0.06559566539637977,0.06905234444580792,6242.53125,6242.53125,27292346.625
transfer_fixed_five,0.09802265618354915,B3,B3-rank0-q8-r32-K4,7905,2.1650464347641196,4.417696927649928e-05,3.5948699160792685e-06,0.06926830792802856,0.06930889002738898,35178.1875,35178.1875,278083572.1875
transfer_fixed_five,0.09900639180555423,B0,B0-rank6-q1-r0-K0,4033,1.0,0.007054286627580134,0.0006265786540605722,0.0629538043989395,0.06938151237245906,10471.0,10471.0,42229543.0
transfer_fixed_five,0.09900639180555423,B1,B1-rank12-q1-r0-K0,3797,1.0,0.0037234676383787746,0.0002615994585534187,0.06628462338814085,0.06974649156796621,20040.0,20040.0,76091880.0
transfer_fixed_five,0.09900639180555423,B2,B2-rank3-q1-r4-K2,4282,1.1279095157845584,0.0037168195009252836,0.00026014045149713727,0.06629127152559434,0.06974795057502249,6242.53125,6242.53125,26730518.8125
transfer_fixed_five,0.09900639180555423,B3,B3-rank0-q8-r32-K4,7749,2.1650464347641196,4.417696927649928e-05,3.5948699160792685e-06,0.06996391405724313,0.07000449615660355,35178.1875,35178.1875,272595774.9375
transfer_fixed_five,0.1,B0,B0-rank6-q1-r0-K0,3948,1.0,0.007054286627580134,0.0006265786540605722,0.06365639149107462,0.07008409946459418,10471.0,10471.0,41339508.0
transfer_fixed_five,0.1,B1,B1-rank12-q1-r0-K0,3720,1.0,0.0037234676383787746,0.0002615994585534187,0.06698721048027598,0.07044907866010133,20040.0,20040.0,74548800.0
transfer_fixed_five,0.1,B2,B2-rank3-q1-r4-K2,4195,1.1279095157845584,0.0037168195009252836,0.00026014045149713727,0.06699385861772947,0.07045053766715761,6242.53125,6242.53125,26187418.59375
transfer_fixed_five,0.1,B3,B3-rank0-q8-r32-K4,7596,2.1650464347641196,4.417696927649928e-05,3.5948699160792685e-06,0.07066650114937825,0.07070708324873867,35178.1875,35178.1875,267213512.25
